timestamp,open,high,low,close,volume
2018-01-02T00:00:00,146.97710399599595,147.7506624551734,145.64485276949117,145.9027099609375,2924607.0
2018-01-03T00:00:00,146.4614065024685,146.59034167064075,144.65643218452453,146.54736328125,2537287.0
2018-01-04T00:00:00,147.621775804564,148.00855512687053,146.89118243952356,147.83665466308594,2397358.0
2018-01-05T00:00:00,148.1804412990146,148.86805620299893,147.53580478562242,148.61019897460938,1322186.0
2018-01-08T00:00:00,150.02840722146308,150.0713856120691,147.3639043858524,148.09449768066406,2924276.0
2018-01-09T00:00:00,149.6416165206655,152.60694163397633,149.51268135868355,151.91932678222656,4462815.0
2018-01-10T00:00:00,152.13423319992086,152.13423319992086,149.77056573495034,150.6300811767578,3156013.0
2018-01-11T00:00:00,150.93090968685883,151.40363266535635,149.72758025615946,149.9424591064453,2761952.0
2018-01-12T00:00:00,150.58709113764343,152.39207867193622,150.07138978153392,151.79042053222656,2920431.0
2018-01-15T00:00:00,152.56398413017072,152.7788629810583,151.3176894180557,152.47802734375,2423111.0
2018-01-16T00:00:00,152.13419430864946,152.30609473003372,150.41516386448393,151.31765747070312,2237110.0
2018-01-17T00:00:00,151.7474589580658,152.09125990024106,150.1573500913834,150.80198669433594,2214542.0
2018-01-18T00:00:00,151.05984385445518,153.33755460391856,149.77057064943847,152.43507385253906,3604828.0
2018-01-19T00:00:00,152.60697164811845,153.68136596679688,152.3491143886026,153.68136596679688,2308936.0
2018-01-22T00:00:00,153.89624472082568,154.6268249879072,153.46648699366065,154.1970672607422,2562676.0
2018-01-23T00:00:00,154.71277566567522,155.52931269198893,154.3259963495439,155.400390625,2044417.0
2018-01-24T00:00:00,155.0995639404744,155.1855207335416,152.1772165885027,152.43507385253906,2828816.0
2018-01-25T00:00:00,152.47803923897953,152.90779697428124,150.5871078266851,150.80198669433594,2665104.0
2018-01-26T00:00:00,151.10280560891675,151.91934259246298,150.2432902335704,151.79042053222656,2738563.0
2018-01-29T00:00:00,151.7044678172846,151.79042460319008,149.08294322913721,149.55567932128906,2644499.0
2018-01-30T00:00:00,148.69615118953348,149.0829304626586,147.75067908619377,148.8250732421875,2617113.0
2018-01-31T00:00:00,148.7821418910146,150.80199549571986,148.43832781360774,149.98545837402344,2354686.0
2018-02-01T00:00:00,150.54412073842457,151.96232905213878,150.24329821018057,151.61851501464844,2869882.0
2018-02-02T00:00:00,151.74745075613632,152.13423007396943,150.15734197539905,151.48959350585938,3788339.0
2018-02-05T00:00:00,150.41518959423647,150.54411165353747,146.24653480798784,147.2349853515625,3511994.0
2018-02-06T00:00:00,141.82001866200423,152.64991624225848,141.00348178364936,150.75897216796875,5952544.0
2018-02-07T00:00:00,152.86481264806935,152.86481264806935,148.13747814871022,151.2747039794922,4884653.0
2018-02-08T00:00:00,151.05982818603516,151.31768542332574,145.94571429295465,146.11761474609375,3466006.0
2018-02-09T00:00:00,145.64489204560624,146.37548543253,143.06634566610833,143.453125,2932135.0
2018-02-12T00:00:00,144.74240956441346,146.6763195010143,143.8399287527993,146.0746612548828,4072115.0
2018-02-13T00:00:00,146.11761321345318,146.71927135071113,144.95726221539852,145.4729766845703,2520024.0
2018-02-14T00:00:00,145.81677863671575,148.91103924368912,143.79692536744366,147.87962341308594,3746177.0
2018-02-15T00:00:00,148.39531818026694,149.9854268050679,147.5787812304353,149.72756958007812,3159973.0
2018-02-16T00:00:00,150.41519165039062,152.64993688669054,149.55567626953123,152.56398010253906,2870844.0
2018-02-19T00:00:00,152.99374596887742,152.99374596887742,151.66149443431777,151.87637329101562,1111312.0
2018-02-20T00:00:00,151.7904284825005,155.61526948009123,151.7044716943982,155.400390625,3729596.0
2018-02-21T00:00:00,155.35742076266328,156.90455122731623,154.0681475613134,156.73265075683594,2316501.0
2018-02-22T00:00:00,156.08799331667862,157.33428795522298,154.36896261105514,157.20535278320312,2609373.0
2018-02-23T00:00:00,157.67808587278125,158.27974398535542,155.95905519961894,157.54916381835938,2082782.0
2018-02-26T00:00:00,157.8070382824607,159.09631142818287,157.8070382824607,158.58059692382812,1879780.0
2018-02-27T00:00:00,158.83845566105168,159.65499270461027,158.23679747712242,159.22523498535156,1899192.0
2018-02-28T00:00:00,159.9558151211495,161.50293229035734,159.2682002041884,159.74093627929688,3195743.0
2018-03-01T00:00:00,159.09630482975135,159.612006197553,157.5061961032437,157.76405334472656,2667032.0
2018-03-02T00:00:00,155.9590342903443,156.173913095681,153.2945449732661,153.59536743164062,2838494.0
2018-03-05T00:00:00,153.16564766358056,157.11942390469932,153.12266926886227,156.81858825683594,2172068.0
2018-03-06T00:00:00,157.7640640078619,159.48309491371674,157.2913278857188,157.97894287109375,3729770.0
2018-03-07T00:00:00,157.5491805677035,158.53761806378915,156.7756088134427,158.19381713867188,3013318.0
2018-03-08T00:00:00,158.58059383916728,159.7409448938123,157.89297888512445,159.4401092529297,2783248.0
2018-03-09T00:00:00,159.82689969604888,160.8583156413562,159.0533410158597,160.04177856445312,2490045.0
2018-03-12T00:00:00,160.81534066906812,161.20211998585538,159.4401107480862,160.08474731445312,2470129.0
2018-03-13T00:00:00,160.3855830621532,160.98724123478618,157.20536550721596,157.9359588623047,2768664.0
2018-03-14T00:00:00,158.2368000214697,158.79547981942332,157.20537098653224,158.49464416503906,2720363.0
2018-03-15T00:00:00,158.62356060336668,159.9987772954636,157.59214480550312,158.45166015625,2355876.0
2018-03-16T00:00:00,159.01032209725216,159.01032209725216,155.35738226528827,155.78713989257812,3882733.0
2018-03-19T00:00:00,155.70120139611723,156.17393746465476,153.98217068519054,154.92764282226562,1616085.0
2018-03-20T00:00:00,155.3144353515375,155.7012146714407,151.53257271111687,154.4119415283203,2631647.0
2018-03-21T00:00:00,154.2400232423293,154.54085885369338,152.60694936248657,152.9937286376953,1874857.0
2018-03-22T00:00:00,152.69288612686017,152.9077649495071,149.59863894984153,150.54409790039062,2357878.0
2018-03-23T00:00:00,149.34079030017506,149.9424484150424,147.53580284040981,149.72756958007812,2723617.0
2018-03-26T00:00:00,149.9424488661602,150.6730421533021,147.19200239337505,147.44985961914062,1960399.0
2018-03-27T00:00:00,149.8135441300737,151.74745387414046,149.64164366474515,150.6300811767578,2786550.0
2018-03-28T00:00:00,149.8565188937729,151.91935065805694,148.91104668463007,151.61851501464844,3020650.0
2018-03-29T00:00:00,152.99375942199524,155.2285049742255,151.79044296474245,155.0136260986328,1544634.0
2018-04-03T00:00:00,153.5094532560991,153.5094532560991,151.18875122070312,151.18875122070312,2255928.0
2018-04-04T00:00:00,151.74743642877624,151.91933687434255,148.39531872199828,149.59864807128906,2185102.0
2018-04-05T00:00:00,151.74742658191062,154.068115234375,151.27469055090654,154.068115234375,2011716.0
2018-04-06T00:00:00,153.7243382773898,154.7987325535383,152.26315156969628,153.25160217285156,1150649.0
2018-04-09T00:00:00,154.49788873233462,156.04501903112927,152.99373682534386,153.939208984375,2075448.0
2018-04-10T00:00:00,154.66979522002464,154.88467407226562,153.38052210657875,154.88467407226562,1927890.0
2018-04-11T00:00:00,151.74743036167217,152.95074654768916,150.45815739872705,151.8333740234375,3359656.0
2018-04-12T00:00:00,152.34908442517485,153.2515780983988,150.544097078727,151.91932678222656,2671213.0
2018-04-13T00:00:00,153.8532583587747,153.8532583587747,151.7904266212591,152.22018432617188,2350069.0
2018-04-16T00:00:00,152.13422241210938,153.0367161850445,152.00530035104603,152.56398010253906,4109772.0
2018-04-17T00:00:00,152.52100520958558,154.75575049715482,151.48958935192448,154.2400360107422,3455576.0
2018-04-18T00:00:00,153.85324199659945,155.1425149742246,152.13421135976594,154.62680053710938,1047214.0
2018-04-19T00:00:00,154.9706283820732,155.09955044529127,153.38051965484155,153.4664764404297,2351424.0
2018-04-20T00:00:00,153.38052013370356,154.7557500164225,152.69290519234409,153.85325622558594,2328213.0
2018-04-23T00:00:00,154.11109362176853,154.41191610319845,153.3375219941721,154.068115234375,1880237.0
2018-04-24T00:00:00,153.85330030523585,155.22853058196435,152.39212633319178,152.82188415527344,2446576.0
2018-04-25T00:00:00,152.04827962610528,154.75576119417178,151.74745708420798,154.45492553710938,3687719.0
2018-04-26T00:00:00,154.7127982474662,163.30795370565878,149.8995059448118,159.0103759765625,6065762.0
2018-04-27T00:00:00,163.47348132406955,164.12982559061157,160.41054141354016,160.71682739257812,3184479.0
2018-04-30T00:00:00,161.4169626179016,162.02954805079136,160.585595719454,161.19818115234375,1478396.0
2018-05-02T00:00:00,164.65487359966826,165.4424946387719,163.1234038247718,165.04869079589844,7316282.0
2018-05-03T00:00:00,165.83631873488505,165.92383664548163,163.03591918945312,163.03591918945312,1961817.0
2018-05-04T00:00:00,166.23014142936717,166.23014142936717,163.4297415671614,164.2611083984375,2101373.0
2018-05-07T00:00:00,165.1362368782809,166.97400641174363,164.43613356299224,166.40516662597656,1954525.0
2018-05-08T00:00:00,166.6239309733591,167.586574602235,165.31124239945126,166.84271240234375,2587729.0
2018-05-09T00:00:00,166.8427059972746,168.68047527153735,166.8427059972746,167.19276428222656,1389480.0
2018-05-11T00:00:00,168.4179539549831,168.4179539549831,166.8427248778358,167.4990692138672,2206284.0
2018-05-14T00:00:00,168.19912296859178,168.28664086229583,166.09882705325236,166.2738494873047,1556486.0
2018-05-15T00:00:00,165.70507666404797,166.88648848982254,165.57379978116631,166.40516662597656,1826988.0
2018-05-16T00:00:00,166.44892567016018,166.49268463114262,164.8736965483131,165.2237548828125,2150155.0
2018-05-17T00:00:00,165.13621358737817,167.19276428222656,165.13621358737817,167.19276428222656,1363031.0
2018-05-18T00:00:00,167.2365384761542,168.54922711928458,167.14902055860176,168.3741912841797,3872219.0
2018-05-21T00:00:00,168.68048513743534,170.080691652423,168.3741857893571,169.68687438964844,1393936.0
2018-05-22T00:00:00,170.34322380260465,170.4745006785894,168.24292732044225,169.29307556152344,1732458.0
2018-05-23T00:00:00,168.98677369019634,168.98677369019634,166.66768263248255,167.4115447998047,1879410.0
2018-05-24T00:00:00,167.84911407198493,169.03052577004155,166.66768902056967,167.06149291992188,1322587.0
2018-05-25T00:00:00,167.98037667329373,168.68047990908747,167.10525096689122,167.2802734375,1288276.0
2018-05-28T00:00:00,168.28668396763706,169.46809571511662,167.49906278262483,167.84912109375,808834.0
2018-05-29T00:00:00,166.97401563398392,167.8053825247119,165.9238672797296,167.45533752441406,1629324.0
2018-05-30T00:00:00,167.4553311060278,167.7178581695084,165.5300436181015,165.7488250732422,1631606.0
2018-05-31T00:00:00,167.3677801021856,167.76158397293096,164.47986279445675,165.923828125,3513028.0
2018-06-01T00:00:00,166.36141775911278,167.9803924560547,165.44253301038373,167.9803924560547,1449563.0
2018-06-04T00:00:00,168.6804980810039,169.1618199420497,167.63034979086032,168.24293518066406,2111254.0
2018-06-05T00:00:00,168.0679038895167,168.4617078085271,166.31765237981773,166.71145629882812,1899610.0
2018-06-06T00:00:00,166.71145629882812,166.71145629882812,166.71145629882812,166.71145629882812,0.0
2018-06-07T00:00:00,168.85551927057625,168.85551927057625,163.73604138802727,164.96121215820312,2950066.0
2018-06-08T00:00:00,164.21733289369425,165.9238386979282,163.21094367617653,165.3987579345703,2235802.0
2018-06-11T00:00:00,165.39874739510105,165.923828125,164.30484033560964,165.923828125,2358843.0
2018-06-12T00:00:00,166.3176084341567,166.8864346831657,165.836286725496,166.2738494873047,1781026.0
2018-06-13T00:00:00,165.96762829504925,166.27392771376154,165.00499777819735,165.83636474609375,1640443.0
2018-06-14T00:00:00,165.31123605317504,167.5865681686091,164.34860581461308,167.19276428222656,2791226.0
2018-06-15T00:00:00,166.93023910571236,168.28668670751847,165.57379150390625,165.57379150390625,3474934.0
2018-06-18T00:00:00,164.65491966521896,165.31126403808594,162.9484269664369,165.31126403808594,2309115.0
2018-06-19T00:00:00,163.1672038968788,166.011362767056,162.24831912968799,165.2237548828125,2758080.0
2018-06-20T00:00:00,163.47349049020002,167.23653383337702,163.47349049020002,166.66769409179688,2717983.0
2018-06-21T00:00:00,166.88648393875093,167.06150642446013,163.25471728518605,163.5172576904297,2020438.0
2018-06-22T00:00:00,163.5172576904297,163.5172576904297,163.5172576904297,163.5172576904297,0.0
2018-06-25T00:00:00,164.7424097940513,167.49905035364432,163.21093984908666,163.47348022460938,2501397.0
2018-06-26T00:00:00,164.39237457863663,164.39237457863663,161.54821594131323,161.98577880859375,2809091.0
2018-06-27T00:00:00,161.89825132483128,164.9611912147605,160.32302242505318,163.47348022460938,2774327.0
2018-06-28T00:00:00,162.5983600188519,164.2610935309075,161.59195743767413,163.3422088623047,1941620.0
2018-06-29T00:00:00,164.65489721422003,167.32403330394288,164.65489721422003,167.06149291992188,2471356.0
2018-07-02T00:00:00,166.01136414770414,166.6239495464726,164.39238940477034,165.705078125,1436032.0
2018-07-03T00:00:00,166.27386859872678,166.31762755060845,164.30483594426818,164.4798583984375,1432318.0
2018-07-04T00:00:00,164.43613002323502,164.43613002323502,160.67309982211395,161.6794891357422,1778712.0
2018-07-05T00:00:00,161.46070583822274,163.34222091721588,161.2419243939975,162.11705017089844,1556081.0
2018-07-06T00:00:00,145.92720476786297,152.31562479868688,143.60812709490426,152.27186584472656,8508242.0
2018-07-09T00:00:00,153.14699182698942,157.34759770205844,153.1032328729387,155.072265625,3767983.0
2018-07-10T00:00:00,155.4660903275992,157.4788823033011,155.33482680122376,156.55999755859375,2161287.0
2018-07-11T00:00:00,155.59735053795848,155.64110949318223,154.32842095661908,154.89724731445312,1697471.0
2018-07-12T00:00:00,155.55360599422465,157.26009857918558,155.11604310816494,156.7350311279297,1578799.0
2018-07-13T00:00:00,157.21632944242253,158.35399554320222,156.7787665846887,157.5226287841797,1662250.0
2018-07-16T00:00:00,157.52261620685147,158.2664783469491,156.64749056125785,156.86627197265625,1139168.0
2018-07-17T00:00:00,152.27188251994332,156.559993410483,151.44051571708675,155.55360412597656,2714322.0
2018-07-18T00:00:00,152.44690315117717,154.72223544508577,151.3967549206652,153.19076538085938,3483280.0
2018-07-19T00:00:00,151.4842607811346,152.1843506435193,150.3028357699836,151.6155242919922,3217578.0
2018-07-20T00:00:00,150.95918057016584,152.534409472874,150.30283630681728,152.3156280517578,3145646.0
2018-07-23T00:00:00,152.22813278179683,152.35940966600538,151.3967659285836,151.74681091308594,1473629.0
2018-07-24T00:00:00,151.79053710897264,152.4468813282562,151.3092153441599,151.92181396484375,1986200.0
2018-07-25T00:00:00,151.65927406566178,152.53439969402294,151.13419334730213,152.18434143066406,1597078.0
2018-07-26T00:00:00,153.54078437011657,153.71580682003884,152.4468773664062,153.2782440185547,1696739.0
2018-07-27T00:00:00,153.7158448740228,153.7158448740228,151.9655932347929,153.1470184326172,1649544.0
2018-07-30T00:00:00,152.97198161380487,153.23452200577495,151.79055652661899,152.92822265625,1265085.0
2018-07-31T00:00:00,152.5344423296245,152.9720052661103,151.5717985280113,152.5782012939453,1544598.0
2018-08-01T00:00:00,152.1406222176339,153.23452944280137,152.09686325795528,152.79696655273438,1323995.0
2018-08-02T00:00:00,152.79694658553433,152.79694658553433,151.35298122499196,152.27186584472656,1428210.0
2018-08-03T00:00:00,152.7969614635873,154.10965009006705,152.66568458892377,153.19076538085938,1168788.0
2018-08-06T00:00:00,153.58458322781888,153.7158467610284,152.35941240666193,152.70945739746094,1061107.0
2018-08-07T00:00:00,153.54082144237657,154.63472871020963,153.05949957385798,153.3657989501953,925861.0
2018-08-08T00:00:00,153.36577079048,154.45967785745918,153.27825288377858,153.62831115722656,1099747.0
2018-08-09T00:00:00,154.240899461039,155.85988729317893,153.4970372996,155.77236938476562,1149717.0
2018-08-10T00:00:00,155.2910508370715,156.1661765260416,154.63470657034392,155.81613159179688,1466213.0
2018-08-13T00:00:00,155.68488711706686,155.90366858482744,153.89088976411918,155.37860107421875,1362005.0
2018-08-14T00:00:00,156.20992985679663,156.42871127116192,154.8972413706051,155.50982666015625,2531933.0
2018-08-15T00:00:00,155.3348175960018,156.60374723808607,154.41593290574804,154.7659912109375,1732282.0
2018-08-16T00:00:00,155.90364177239817,158.52901893401045,155.90364177239817,157.30384826660156,1821504.0
2018-08-17T00:00:00,157.0413035125049,160.10424344920656,156.77876313297307,160.01673889160156,1556585.0
2018-08-20T00:00:00,160.27928717222005,160.84812696219856,159.75421969688622,160.58558654785156,1068313.0
2018-08-21T00:00:00,160.97938496341425,161.19816640896207,158.96659299370236,159.09786987304688,1221470.0
2018-08-22T00:00:00,159.14161669913835,159.18536230222477,157.5226287841797,157.5226287841797,2573561.0
2018-08-23T00:00:00,157.3913689306677,158.222735709036,156.25370280341474,156.6475067138672,1720353.0
2018-08-24T00:00:00,156.6475090431514,157.61015270822395,156.51624552216842,156.91004943847656,1880593.0
2018-08-27T00:00:00,157.52263710332102,158.52902638791514,157.30385566289974,158.35400390625,1501340.0
2018-08-28T00:00:00,159.44792635358925,160.54183366028698,159.01036343091016,159.97300720214844,2498389.0
2018-08-29T00:00:00,160.14799024129226,162.51082677090213,160.10423128913408,162.16078186035156,1858244.0
2018-08-30T00:00:00,162.33583617146542,164.17360569588263,162.11705472109958,163.82354736328125,1920615.0
2018-08-31T00:00:00,163.9985540619265,164.12983093152172,162.4670840568266,163.12342834472656,2145414.0
2018-09-03T00:00:00,162.86089491729518,163.99854762229663,162.7296180528547,163.47348022460938,1100209.0
2018-09-04T00:00:00,163.56099580502288,163.56099580502288,161.5044583237587,162.02952575683594,1507248.0
2018-09-05T00:00:00,161.8982335007159,162.86087698719797,160.97934896422967,161.59193420410156,1976162.0
2018-09-06T00:00:00,161.02313232421875,162.07328051653104,161.02313232421875,161.02313232421875,1518866.0
2018-09-07T00:00:00,161.63571990722645,161.63571990722645,158.791561280382,159.66668701171875,1669201.0
2018-09-10T00:00:00,159.31662270049566,160.32301182789374,159.18534584473244,159.84169006347656,1039284.0
2018-09-11T00:00:00,159.88548322737964,160.97939049269198,159.1853799069077,160.58558654785156,1282108.0
2018-09-12T00:00:00,160.3667866104269,161.50445270589296,159.88546479849606,160.54180908203125,1158104.0
2018-09-13T00:00:00,160.54178710312294,160.80432745126578,158.74777696972998,159.27285766601562,1499510.0
2018-09-14T00:00:00,159.7104333931075,163.07967253479842,159.7104333931075,162.7296142578125,1775572.0
2018-09-17T00:00:00,161.94203500883006,163.3859872646649,161.37319521610706,163.16720581054688,1969727.0
2018-09-18T00:00:00,163.07965663772603,163.12340223389677,159.92919921875,159.92919921875,2468869.0
2018-09-19T00:00:00,160.14798475742705,161.1106282585139,159.62290405622386,159.75418090820312,2885929.0
2018-09-20T00:00:00,159.75419835292334,160.06048433427333,157.5226251591635,158.3977508544922,2868730.0
2018-09-21T00:00:00,158.87906477786427,159.79794938305827,158.2664794921875,158.2664794921875,2734852.0
2018-09-24T00:00:00,158.39775684802677,158.61653828013732,156.73502330533026,157.78517150878906,1320387.0
2018-09-25T00:00:00,158.35402160543265,158.35402160543265,156.82255135131172,156.99757385253906,1500037.0
2018-09-26T00:00:00,156.91003092560746,157.26007584250186,154.4596764472738,156.86627197265625,2240875.0
2018-09-27T00:00:00,156.12242229808794,157.96019164191353,155.81613630968948,157.5226287841797,1751821.0
2018-09-28T00:00:00,157.52262682475563,157.74140825090115,155.2910536073999,156.34120178222656,2067800.0
2018-10-01T00:00:00,156.2974613482766,158.57278024341704,155.77238056682015,157.56639099121094,1587815.0
2018-10-02T00:00:00,157.17258059507213,157.91642942585034,155.90363765114984,157.47886657714844,1198617.0
2018-10-03T00:00:00,158.26648845460426,161.6357143933,157.91643016199583,160.9793701171875,1844572.0
2018-10-04T00:00:00,160.5855997060512,162.02955207323524,158.74783000839767,159.1416473388672,1656838.0
2018-10-05T00:00:00,159.71045891804417,161.06690658226668,159.27289601689884,159.40415954589844,1504175.0
2018-10-08T00:00:00,159.57918939378226,159.71045291785038,158.48528218201616,158.8353271484375,1394313.0
2018-10-09T00:00:00,158.92283670658466,159.57918099911734,157.17258525983092,158.0039520263672,1963655.0
2018-10-10T00:00:00,158.31025253262524,158.39777045433075,152.27188982902516,153.80335998535156,2329448.0
2018-10-11T00:00:00,151.52804222805395,152.53444501168386,149.38398647224614,149.60276794433594,2535541.0
2018-10-12T00:00:00,153.23448877155084,153.23448877155084,147.54617271046374,148.02748107910156,2628603.0
2018-10-15T00:00:00,148.0275194872127,148.68386381840642,146.49604938109402,148.5963592529297,2333553.0
2018-10-16T00:00:00,148.202560783687,150.08407592773438,147.1086535247385,150.08407592773438,3298440.0
2018-10-17T00:00:00,150.56535625655314,152.2718484390784,149.9965166268071,151.09042358398438,2508863.0
2018-10-18T00:00:00,151.39675906201762,152.70944772440507,147.54621099369166,148.5963592529297,4006540.0
2018-10-19T00:00:00,151.3967549206652,153.84710969409926,148.5088372717379,153.19076538085938,5629668.0
2018-10-22T00:00:00,154.72220927546655,154.89723172538882,152.5343952680458,153.2782440185547,2813132.0
2018-10-23T00:00:00,152.5344040902474,154.45967785745918,150.8716573364244,153.62831115722656,3336198.0
2018-10-24T00:00:00,154.54718566495015,157.47884840086402,154.19712741437746,154.41590881347656,3182426.0
2018-10-25T00:00:00,153.93460038320507,154.37216321926118,151.7030406020052,153.6720733642578,2171365.0
2018-10-26T00:00:00,153.4970727778766,153.4970727778766,151.0029720519242,152.5782012939453,2840785.0
2018-10-29T00:00:00,152.9719807877485,156.2537022862556,152.62192248255903,154.7659912109375,1891499.0
2018-10-30T00:00:00,155.15980577385517,155.64112763069042,151.65930260175853,154.2409210205078,1696043.0
2018-10-31T00:00:00,154.37219155639767,159.71046447753906,154.37219155639767,159.71046447753906,4341138.0
2018-11-01T00:00:00,159.40415729012682,160.67310036817912,157.34761969586242,157.960205078125,2364943.0
2018-11-02T00:00:00,159.97297992933505,159.97297992933505,154.503444328314,154.678466796875,1385352.0
2018-11-05T00:00:00,154.19714075551033,155.46607030940154,152.49064836556303,153.6720733642578,2326912.0
2018-11-06T00:00:00,154.19711695607842,155.1160014406434,153.8908310301274,154.94097900390625,1016241.0
2018-11-07T00:00:00,155.11604216669647,156.91005265932452,154.2846753589009,155.33482360839844,1233129.0
2018-11-08T00:00:00,156.1224119497074,156.82251514634783,154.9847592776943,155.50982666015625,1692591.0
2018-11-09T00:00:00,155.42234245237168,155.81614637910948,154.1971583595258,155.1160430908203,1722413.0
2018-11-12T00:00:00,155.29106557455273,157.1725939964148,154.85350268854194,155.1160430908203,1742004.0
2018-11-13T00:00:00,155.1160321705219,157.7414093017578,153.7158256925193,157.7414093017578,2219944.0
2018-11-14T00:00:00,156.47249586441504,156.95381772555996,154.1096588727654,154.7222442626953,2775916.0
2018-11-15T00:00:00,154.6784783274007,155.81614448789222,152.75320432299318,153.9346160888672,1843240.0
2018-11-16T00:00:00,155.29105772121804,157.87267594745285,154.19715056151185,154.98477172851562,1905711.0
2018-11-19T00:00:00,155.02853139683756,155.46609430041698,149.55899510209505,150.08407592773438,2579883.0
2018-11-20T00:00:00,149.69026276155097,149.90904419985978,147.7212298167718,149.4714813232422,2499620.0
2018-11-21T00:00:00,149.8652884606779,151.0467135942665,148.77138124563646,150.6966552734375,1377364.0
2018-11-22T00:00:00,150.5216615564345,150.5216615564345,147.45872076894892,147.6337432861328,1397107.0
2018-11-23T00:00:00,147.19614337432313,147.23990233097732,143.56437697912244,146.36477661132812,2776043.0
2018-11-26T00:00:00,147.0648822174794,147.8524900364579,146.80234182670026,147.80873107910156,1906680.0
2018-11-27T00:00:00,147.89624386742,148.37756567493835,146.14599246070497,147.0211181640625,1521244.0
2018-11-28T00:00:00,147.02110941286617,147.54619014496947,145.66466198273068,147.10862731933594,1569076.0
2018-11-29T00:00:00,147.89626520201588,148.64012749851813,146.88987583932268,147.5899658203125,1568454.0
2018-11-30T00:00:00,147.89622084337998,149.12139129600624,146.97733632723208,148.0712432861328,2438149.0
2018-12-03T00:00:00,151.04672110210456,151.39676608697314,147.50245887852938,148.9464111328125,2054571.0
2018-12-04T00:00:00,149.16517216773883,149.51523045804876,147.89624257959153,148.15878295898438,2045246.0
2018-12-05T00:00:00,145.3146017933284,146.01470491144397,142.16414443848655,142.47044372558594,2237011.0
2018-12-06T00:00:00,141.9016325718946,141.9016325718946,138.79494689570424,140.10763549804688,2810434.0
2018-12-07T00:00:00,140.02012765358268,143.34560835602727,140.02012765358268,141.682861328125,2038012.0
2018-12-10T00:00:00,141.37652190059114,143.08301389100552,140.4576374893357,140.63265991210938,1898840.0
2018-12-11T00:00:00,143.739402068597,145.09584962941386,142.51423138013217,144.08944702148438,2632817.0
2018-12-12T00:00:00,144.26450484847362,147.0211459945266,143.78318294984314,146.05850219726562,2078093.0
2018-12-13T00:00:00,146.75857811272704,147.5461992595368,144.483259290891,144.9208221435547,1601331.0
2018-12-14T00:00:00,144.22072944733654,144.57077441370308,142.51423686792046,142.77676391601562,1452472.0
2018-12-17T00:00:00,140.89526652843458,142.64551828655178,139.36379624008202,140.23892211914062,2052746.0
2018-12-18T00:00:00,139.80134769361848,140.6327145397473,139.18876229927932,139.36378479003906,2081418.0
2018-12-19T00:00:00,139.1449987108462,140.8514913073828,138.1386094074261,140.4576873779297,2245625.0
2018-12-20T00:00:00,139.14499828766233,139.53880221591774,138.18235459338496,138.576171875,1877521.0
2018-12-21T00:00:00,138.13857141054353,138.48861628413735,136.43206593004476,137.78851318359375,3085623.0
2018-12-27T00:00:00,138.18233305893287,139.10121765056883,135.77573755164497,136.38833618164062,1852903.0
2018-12-28T00:00:00,137.00094505409973,139.18875952844382,137.00094505409973,138.40113830566406,1562176.0
2019-01-02T00:00:00,136.91338082788758,137.35094357476694,134.68180814813167,136.5195770263672,1865388.0
2019-01-03T00:00:00,135.90705510627444,136.95720351688172,135.0319292052081,135.16319274902344,1361773.0
2019-01-04T00:00:00,135.51322530549,138.66366993713575,135.38194843332207,138.4886474609375,1604819.0
2019-01-07T00:00:00,140.0201305247104,140.0201305247104,137.17597162342722,139.84510803222656,2285425.0
2019-01-08T00:00:00,140.0201520106589,141.90166746195723,139.27628961175736,141.1140594482422,1711103.0
2019-01-09T00:00:00,141.7703681482539,142.77675739561707,140.76397890089072,141.50782775878906,1737924.0
2019-01-10T00:00:00,140.1076122282291,140.50141607285505,138.57614244651734,139.5387725830078,1798896.0
2019-01-11T00:00:00,140.32642851925777,140.50145101001752,138.44490002185032,139.36378479003906,1876997.0
2019-01-14T00:00:00,139.14498160795716,140.41391115949648,138.18233802907463,139.2762451171875,1192078.0
2019-01-15T00:00:00,140.37018565965494,141.20156592744956,139.2325326995677,140.23892211914062,1839698.0
2019-01-16T00:00:00,140.72021490664946,142.55797086040275,140.41391557101136,141.90162658691406,1810945.0
2019-01-17T00:00:00,141.81413954377192,144.17697654947983,141.02651830629588,143.78317260742188,1812182.0
2019-01-18T00:00:00,144.92082271396825,146.80233764648438,144.52700546233402,146.80233764648438,2842941.0
2019-01-21T00:00:00,147.1086328216461,147.1961373780311,145.44588601003227,146.97735595703125,1181393.0
2019-01-22T00:00:00,146.53984589909462,148.02755742709985,145.70847887050607,146.1460418701172,1580356.0
2019-01-23T00:00:00,145.27085876464844,146.58354724746152,144.26446960250152,145.27085876464844,1654520.0
2019-01-24T00:00:00,145.53341157310675,145.79595196278473,143.6956421987198,144.3082275390625,1966610.0
2019-01-25T00:00:00,145.27087087218163,147.1086402426311,144.8333080081088,146.84609985351562,1510086.0
2019-01-28T00:00:00,147.02110169561468,147.1086195974906,145.48963188628534,145.6208953857422,1639435.0
2019-01-29T00:00:00,145.79596173050047,147.76499475496385,145.75220277039597,147.2399139404297,1647363.0
2019-01-30T00:00:00,147.0648738667745,147.45867775390258,145.6209084761605,146.97735595703125,1379782.0
2019-01-31T00:00:00,147.10865041347606,149.12142904468413,146.01474317766306,147.2399139404297,1927278.0
2019-02-01T00:00:00,147.37115325069118,149.42770385742188,146.7148090170568,149.42770385742188,1780376.0
2019-02-04T00:00:00,149.6465097866733,150.52163557489948,148.6838660782806,150.04031372070312,1704306.0
2019-02-05T00:00:00,155.50985416613028,160.76060903962951,155.50985416613028,160.58558654785156,5032504.0
2019-02-06T00:00:00,160.8043547187632,164.69866159094036,160.49805536843147,164.56739807128906,3294748.0
2019-02-07T00:00:00,165.2675161528131,166.36142342585697,164.34863137278418,165.48629760742188,2627687.0
2019-02-08T00:00:00,165.22375256705791,166.36141876985545,164.3048678127461,164.96121215820312,2423497.0
2019-02-11T00:00:00,165.66128679145206,166.3613899761047,161.98576176372273,162.42332458496094,3230464.0
2019-02-12T00:00:00,162.9046641084772,163.56100846564811,160.23554107200357,161.5044708251953,2303577.0
2019-02-13T00:00:00,161.8544701779584,163.5609623548396,161.4169073965347,162.6858367919922,1417825.0
2019-02-14T00:00:00,163.64849470381063,163.64849470381063,162.02950692823205,162.90463256835938,1693878.0
2019-02-15T00:00:00,162.55459620252788,165.5737771490768,162.11703335945242,165.35499572753906,2536481.0
2019-02-18T00:00:00,164.9174256182533,166.0550916307959,164.12981787676256,165.923828125,3243779.0
2019-02-19T00:00:00,165.923828125,166.36139094879655,165.00494352435567,165.923828125,1357248.0
2019-02-20T00:00:00,166.2738551672949,168.72420938779996,166.2738551672949,168.68045043945312,2486599.0
2019-02-21T00:00:00,169.2055367667822,169.64309955815907,168.46167468009884,168.98675537109375,2100267.0
2019-02-22T00:00:00,168.50543362990786,169.24928236323456,168.02411188872196,168.98675537109375,1840516.0
2019-02-25T00:00:00,169.77439598844919,169.77439598844919,167.84912200358193,168.81175231933594,1494754.0
2019-02-26T00:00:00,168.59297045834438,169.86191347899984,167.19277726984342,168.54922485351562,1565108.0
2019-02-27T00:00:00,167.36779969141648,167.54282217074874,166.492673941396,166.93023681640625,1100151.0
2019-02-28T00:00:00,166.93022390685215,167.45530465760098,165.661294338127,167.19276428222656,1747054.0
2019-03-01T00:00:00,168.02414632068866,168.94303104155182,167.0615026410493,168.3741912841797,1005691.0
2019-03-04T00:00:00,168.9867859677655,172.26850749727913,168.9867859677655,171.7871856689453,1851349.0
2019-03-05T00:00:00,171.78719169289405,171.78719169289405,169.51185934463336,171.1746063232422,1261069.0
2019-03-06T00:00:00,167.1490078963742,172.00595817869444,167.01774438334868,170.25570678710938,1514480.0
2019-03-07T00:00:00,170.649494472088,170.649494472088,167.14899202137852,167.9365997314453,3606061.0
2019-03-08T00:00:00,166.97398490353459,169.68686653995707,166.01134129984243,169.55560302734375,1903973.0
2019-03-11T00:00:00,169.77439925486178,169.90566277892123,166.97399946359783,168.8555145263672,2146769.0
2019-03-12T00:00:00,169.42433807140688,170.29946375699603,168.81173940880785,169.07427978515625,1524736.0
2019-03-13T00:00:00,168.76797567590927,171.17457105273093,168.1991360293737,170.6494903564453,1573411.0
2019-03-14T00:00:00,171.21834683924865,172.74981689453125,170.6932794037387,172.74981689453125,1775914.0
2019-03-15T00:00:00,172.96858594803285,174.76259626931525,172.13721921964094,173.7124481201172,3062773.0
2019-03-18T00:00:00,173.79999153430256,173.84373714219674,171.6996815743353,172.92486572265625,1212161.0
2019-03-19T00:00:00,172.39976501464844,173.75621253695826,171.83093864401462,172.39976501464844,2492578.0
2019-03-20T00:00:00,172.31226746825504,173.01237079026114,171.61217749960912,172.0059814453125,1516981.0
2019-03-21T00:00:00,172.00598094975558,173.01237029180479,170.9120736851977,172.92486572265625,1341260.0
2019-03-22T00:00:00,173.2748896165613,174.15001532169546,169.42434185531448,169.81814575195312,1530342.0
2019-03-25T00:00:00,169.59937399594853,170.21195935379933,168.1554084881295,169.51185607910156,1251205.0
2019-03-26T00:00:00,170.21195425365383,170.5619992038345,168.24292136383008,169.90565490722656,1710658.0
2019-03-27T00:00:00,170.38697551915948,173.4061565914508,169.99317161466215,172.6623077392578,1546231.0
2019-03-28T00:00:00,172.70606452883047,175.28768270742697,172.53102870382028,175.20016479492188,2209768.0
2019-03-29T00:00:00,176.3378290627857,176.95041438389538,174.19377376222252,175.63772583007812,2081395.0
2019-04-01T00:00:00,176.51282999750336,177.91303629208892,175.156382653378,177.16917419433594,1852295.0
2019-04-02T00:00:00,173.66870812776062,174.58759286614912,172.13723801489965,172.83734130859375,2429791.0
2019-04-03T00:00:00,173.71243858732018,177.73802185058594,173.62492068245712,177.73802185058594,2052882.0
2019-04-04T00:00:00,178.52568666613777,178.96324962365284,176.95045734841128,177.91310119628906,1451976.0
2019-04-05T00:00:00,178.35064843769564,178.35064843769564,176.33785633981964,177.21298217773438,1554800.0
2019-04-08T00:00:00,177.21294860969877,178.78817749023438,176.0752825652365,178.78817749023438,1351134.0
2019-04-09T00:00:00,178.7881704021276,180.10085885830568,177.5629864976802,178.00054931640625,1386535.0
2019-04-10T00:00:00,178.26310923525008,180.9760043503215,178.26310923525008,180.62594604492188,1869015.0
2019-04-11T00:00:00,180.45091663433345,181.23853777619578,179.4882863765352,180.27589416503906,1682804.0
2019-04-12T00:00:00,180.5384526076254,181.67611880189423,179.83834930704765,181.23855590820312,2041768.0
2019-04-15T00:00:00,181.41356024549015,181.5010648034581,179.57579093450315,180.27589416503906,1701980.0
2019-04-16T00:00:00,181.0635433419942,181.76364673256342,178.4381656423808,179.7508544921875,1746678.0
2019-04-17T00:00:00,179.92585571341073,180.71346353031063,178.61316711633827,180.36341857910156,1486936.0
2019-04-18T00:00:00,180.36340465443655,184.4764926037142,177.7380276629796,184.12643432617188,1024315.0
2019-04-23T00:00:00,184.126429723078,184.126429723078,180.80096296638763,184.03892517089844,2425608.0
2019-04-24T00:00:00,184.3014661083303,185.17659175299784,182.0261340908516,184.73902893066406,2169176.0
2019-04-25T00:00:00,179.2257616312444,183.33885010859345,177.03794719080773,180.97601318359375,3802282.0
2019-04-26T00:00:00,180.79796321350813,182.22226196876954,179.19561522849605,180.7089385986328,2375573.0
2019-04-29T00:00:00,181.51009946658496,182.5783404748213,180.44187204159732,182.04421997070312,1533726.0
2019-04-30T00:00:00,180.26381963479227,182.22223866232324,179.9967594075727,180.35284423828125,1132534.0
2019-05-02T00:00:00,180.3528948677382,182.1332787713358,178.83955768307925,180.2638702392578,2713241.0
2019-05-03T00:00:00,180.7089240196321,183.02342798717288,180.5308883874939,182.66734313964844,2153423.0
2019-05-06T00:00:00,180.44187443490154,180.7979593034528,177.4152277600843,180.53089904785156,1640883.0
2019-05-07T00:00:00,180.61994187051468,181.8662187549422,177.23722331496438,177.5487823486328,2001737.0
2019-05-08T00:00:00,177.01466164391536,179.2846400825054,176.74760136194882,179.01759338378906,2138392.0
2019-05-09T00:00:00,177.6377828237366,178.3944377311211,175.94641019268715,176.21347045898438,1231737.0
2019-05-10T00:00:00,177.10365782816424,177.99384963788938,172.69721108667468,174.07701110839844,3368076.0
2019-05-13T00:00:00,174.0770387505595,174.3440990525341,171.58449857088218,172.3856658935547,1517461.0
2019-05-14T00:00:00,174.07703558285357,174.65565490722656,172.20762708630068,174.65565490722656,1119678.0
2019-05-15T00:00:00,175.90191702868097,175.90191702868097,171.67350569225354,173.6764373779297,1617896.0
2019-05-16T00:00:00,174.43310979815988,176.34703063964844,173.409394489475,176.34703063964844,1594144.0
2019-05-17T00:00:00,176.3914907612925,176.56953997883184,173.54287986288944,174.74464416503906,1581320.0
2019-05-20T00:00:00,174.61112891978732,174.87818919598828,172.6527095330634,173.4093780517578,1344296.0
2019-05-21T00:00:00,174.344073243375,174.96720480023575,173.27583219361458,173.5428924560547,1190706.0
2019-05-22T00:00:00,173.58741119617724,175.50131824529674,172.51918369008146,174.92269897460938,1780626.0
2019-05-23T00:00:00,173.05324896799624,173.85442959202416,171.40640258789062,171.40640258789062,1664624.0
2019-05-24T00:00:00,172.6972070082333,173.8989713562808,172.16308650171246,172.65269470214844,1447636.0
2019-05-27T00:00:00,173.54290130319686,174.52211778764752,171.76251757383193,172.16310119628906,683958.0
2019-05-28T00:00:00,171.89602100659826,172.87522371698464,170.9613170141748,171.7179718017578,1868026.0
2019-05-29T00:00:00,170.20472379283316,170.20472379283316,167.62317218179606,168.55787658691406,777907.0
2019-05-31T00:00:00,167.84565794117424,168.1127181840363,162.90509098959427,164.86351013183594,3694703.0
2019-06-03T00:00:00,164.1068559377106,166.82192993164062,163.9288067196019,166.82192993164062,2177217.0
2019-06-04T00:00:00,166.0207491077694,167.04446411132812,164.55193826209873,167.04446411132812,2508085.0
2019-06-05T00:00:00,166.7774309460597,170.1601487527917,166.10978712895496,169.0474090576172,1967276.0
2019-06-07T00:00:00,172.6972068666014,176.43600965943477,170.38270278457426,176.12445068359375,3900129.0
2019-06-11T00:00:00,176.88109776772305,178.30540999908467,176.6585498305258,177.2371826171875,1795655.0
2019-06-12T00:00:00,176.56954716881165,179.99677741403116,174.6556266683136,179.5516815185547,1593091.0
2019-06-13T00:00:00,179.1066086354691,182.578365216201,178.21641673014045,181.154052734375,1728463.0
2019-06-14T00:00:00,181.15403058875526,181.15403058875526,179.10658674014414,180.53089904785156,1127356.0
2019-06-18T00:00:00,180.26385731940724,182.93443298339844,179.28464080931036,182.93443298339844,2125338.0
2019-06-19T00:00:00,182.93444631802134,183.02347094661042,181.33209808617673,182.2222900390625,1589503.0
2019-06-20T00:00:00,183.4685402796619,186.31715139856934,183.20148001592855,183.64657592773438,3154871.0
2019-06-24T00:00:00,182.93440845110803,185.69400836712484,181.9551920723283,183.82460021972656,1510123.0
2019-06-25T00:00:00,183.37951212878332,185.24892035562877,183.02344083950274,184.18067932128906,1142336.0
2019-06-26T00:00:00,183.11245187019838,184.2697039352337,181.5991285158825,184.18067932128906,1818626.0
2019-06-27T00:00:00,184.80382052925452,185.6940123168073,183.2014725950098,184.0026397705078,1821573.0
2019-06-28T00:00:00,184.00267627316697,187.74147980594694,183.20150893873247,186.85128784179688,3322151.0
2019-07-01T00:00:00,187.2073453063574,188.63164409004318,187.2073453063574,188.54263305664062,1416300.0
2019-07-02T00:00:00,188.36458904428298,189.87791237743792,187.8304685345818,189.16575622558594,1447005.0
2019-07-03T00:00:00,187.74143860225269,190.32300288166167,187.74143860225269,190.23397827148438,2388793.0
2019-07-04T00:00:00,190.32301237123676,191.30221521576834,189.16576029747299,190.59007263183594,848125.0
2019-07-05T00:00:00,189.9669234068889,190.1449726322885,186.0500849465763,189.16575622558594,2121729.0
2019-07-08T00:00:00,189.34380754872714,191.1241912841797,189.2547965119045,191.1241912841797,1429090.0
2019-07-09T00:00:00,190.41201090620163,191.569262904017,188.54261637119052,189.78887939453125,1639971.0
2019-07-10T00:00:00,189.61085455804562,189.61085455804562,187.29635043061026,187.65243530273438,2116875.0
2019-07-11T00:00:00,187.65241702636055,188.6316197670224,185.6939979617892,187.2073211669922,1154798.0
2019-07-12T00:00:00,187.38536463400814,188.0084961465452,185.9610523911392,187.5634002685547,1068029.0
2019-07-15T00:00:00,187.91951312038228,189.52184765329295,187.1183322706767,189.07675170898438,1146346.0
2019-07-16T00:00:00,187.91950879891849,192.54850379662764,187.91950879891849,192.37046813964844,1781189.0
2019-07-17T00:00:00,192.2814477706665,206.16844665407027,192.2814477706665,194.50692749023438,4967748.0
2019-07-18T00:00:00,195.397120955793,195.66418124094758,190.41204091040888,192.01438903808594,2591394.0
2019-07-19T00:00:00,192.63753820690636,197.0884980876875,190.85715425459392,196.64340209960938,2076497.0
2019-07-22T00:00:00,195.75317103811798,197.3555189919144,194.77396820981102,196.55435180664062,1836410.0
2019-07-23T00:00:00,197.44454268794635,200.47118935519873,196.9994467908064,199.759033203125,1597407.0
2019-07-24T00:00:00,199.84806229764183,199.84806229764183,197.08846224018765,198.95787048339844,1761629.0
2019-07-25T00:00:00,198.95792008307393,200.6492795184881,196.19831933765872,197.1775360107422,1569519.0
2019-07-26T00:00:00,197.71162349049115,199.67004292479032,197.53357424653194,198.69082641601562,1334083.0
2019-07-29T00:00:00,198.42375385217144,199.93709083265745,198.06768255279204,199.1359100341797,1023976.0
2019-07-30T00:00:00,199.93709727699635,199.93709727699635,196.6433765269518,197.80062866210938,1322954.0
2019-07-31T00:00:00,197.71162444357492,198.77985199622847,196.10927632296946,198.42376708984375,1491181.0
2019-08-01T00:00:00,197.88963470963475,200.026089540767,196.28728679466127,199.58099365234375,1421264.0
2019-08-02T00:00:00,197.0884649721415,197.2665142040575,192.904566103852,193.97279357910156,1671434.0
2019-08-06T00:00:00,189.87794008392748,191.2132279697733,188.36461652995234,188.72068786621094,1555036.0
2019-08-07T00:00:00,188.98774073109624,190.85713554784573,188.36460912551306,190.32302856445312,1574063.0
2019-08-08T00:00:00,193.17162636847672,193.97279357910156,191.39124271531102,193.97279357910156,1369237.0
2019-08-09T00:00:00,193.3496748890563,193.70575979334473,190.85713489203803,191.30223083496094,1244712.0
2019-08-12T00:00:00,191.83633031868897,193.9727851766417,190.41201802455467,191.65829467773438,998558.0
2019-08-13T00:00:00,191.12421135681345,192.72655960365577,188.45363547316003,192.28146362304688,1628299.0
2019-08-14T00:00:00,191.83634012402268,192.1924114241318,188.00851252322758,188.54263305664062,1440978.0
2019-08-15T00:00:00,189.0767592024695,190.32303604587608,186.1391367202093,188.72068786621094,1357795.0
2019-08-16T00:00:00,189.6108707386977,192.10341072327427,189.6108707386977,191.5692901611328,1503705.0
2019-08-19T00:00:00,192.6374812488784,193.34963733588717,190.67906219703997,191.9253387451172,1138294.0
2019-08-20T00:00:00,191.7473219223732,193.08260971732912,190.94615467869957,191.39125061035156,1095609.0
2019-08-21T00:00:00,191.6583030710434,192.81555516280108,190.3230153305344,191.03517150878906,1652414.0
2019-08-22T00:00:00,190.41203163955592,191.12418783754424,183.29049682617188,183.29049682617188,3108764.0
2019-08-23T00:00:00,184.80383841133926,185.51598104369123,182.4893341064453,182.4893341064453,2983196.0
2019-08-26T00:00:00,181.33208006643432,184.1806913159398,176.6585727782105,183.02345275878906,1548095.0
2019-08-27T00:00:00,183.02345569638643,183.82462295392676,181.06502269662104,183.4685516357422,1830906.0
2019-08-28T00:00:00,183.55754457784283,184.44773636879574,178.03835819058446,179.5516815185547,3323426.0
2019-08-29T00:00:00,179.64071607809834,182.04423133011002,179.28463119205063,181.86619567871094,2032970.0
2019-08-30T00:00:00,182.75639923993973,183.2905062283917,181.6881716797854,182.4003143310547,2471258.0
2019-09-02T00:00:00,182.40030497449885,183.82461737047555,182.2222693208142,183.29049682617188,1607579.0
2019-09-03T00:00:00,183.29048751483867,185.7830272895496,183.02344083950274,184.18067932128906,1810833.0
2019-09-04T00:00:00,187.38538933041315,189.43283335566147,185.69403020443627,187.9195098876953,2290764.0
2019-09-05T00:00:00,190.67907141448833,190.85710704903488,186.8512441471202,187.5634002685547,2139581.0
2019-09-06T00:00:00,188.0085071315016,191.0351674286277,187.20733993760737,189.61085510253906,1946741.0
2019-09-09T00:00:00,189.87788701227936,190.41199386738217,187.29632300458468,188.09750366210938,1254830.0
2019-09-10T00:00:00,187.83049980300916,188.8987274169922,185.5159953200034,188.8987274169922,2256905.0
2019-09-11T00:00:00,188.89870189434893,190.8571211859187,187.3853785137382,190.0559539794922,2136112.0
2019-09-12T00:00:00,191.0352003106425,194.2398832210758,188.72069577817564,192.28146362304688,2055937.0
2019-09-13T00:00:00,192.6374941813688,193.70573517522084,192.10338726769126,193.4386749267578,1294910.0
2019-09-16T00:00:00,193.08259338861996,193.08259338861996,191.12417417162183,191.65829467773438,1266804.0
2019-09-17T00:00:00,191.2132240424233,195.13006299382238,190.41204317742088,194.68496704101562,2035939.0
2019-09-18T00:00:00,194.59591975509653,195.84218275752704,193.70572801528957,195.041015625,1597814.0
2019-09-19T00:00:00,195.13005710523356,196.28730926425789,193.17163768863475,193.79476928710938,1814842.0
2019-09-20T00:00:00,193.7947468139774,195.57513036501672,193.52768656467182,195.3970947265625,2957425.0
2019-09-23T00:00:00,195.2190778025201,195.39711345804147,192.54850221995008,193.61672973632812,1411536.0
2019-09-24T00:00:00,193.52769811038056,193.61672272654306,190.8571226244972,191.747314453125,2106816.0
2019-09-25T00:00:00,191.21320119734304,191.65829709697223,188.54262579956801,190.1449737548828,2130965.0
2019-09-26T00:00:00,189.69989826099714,193.08261659545389,189.69989826099714,192.01438903808594,1276294.0
2019-09-27T00:00:00,192.8155679729241,193.70575985907195,190.59008825755447,192.5485076904297,1819504.0
2019-09-30T00:00:00,192.1923911910194,195.39708688762357,191.9253445356757,195.041015625,1804030.0
2019-10-01T00:00:00,195.30807994816487,198.60180055000316,194.41788812783003,196.46533203125,2950978.0
2019-10-02T00:00:00,196.020258925518,196.9104508494152,188.72068786621094,188.72068786621094,3261647.0
2019-10-03T00:00:00,187.91948576866872,190.94613231613803,187.56340091509992,189.52182006835938,3115072.0
2019-10-04T00:00:00,190.50103996120444,195.8421906143223,189.96691946259324,195.3970947265625,2575003.0
2019-10-07T00:00:00,195.48614890493016,196.4653518561583,193.88380074998798,195.6641845703125,2132073.0
2019-10-08T00:00:00,195.6641768760163,195.6641768760163,188.0975459371873,189.8779296875,2213407.0
2019-10-09T00:00:00,189.87791976295625,192.63750628175276,189.61085949771805,191.747314453125,1971870.0
2019-10-10T00:00:00,192.10339488156967,192.10339488156967,187.56341122750504,189.61085510253906,3077888.0
2019-10-11T00:00:00,189.61084880695475,191.3022077526845,187.65242961104437,190.94613647460938,2670702.0
2019-10-14T00:00:00,190.94616600390322,192.37047850296688,189.52185350483956,189.96694946289062,1612659.0
2019-10-15T00:00:00,190.50105239832925,192.72653198242188,190.23399213158825,192.72653198242188,2685937.0
2019-10-16T00:00:00,193.4386769874776,195.3970961916554,193.34965237595873,194.1508331298828,2119819.0
2019-10-17T00:00:00,194.41788812783003,196.46533203125,192.81555371782667,196.46533203125,2543812.0
2019-10-18T00:00:00,200.91632271903026,202.7857312689233,197.8896754873715,201.62847900390625,3139856.0
2019-10-21T00:00:00,199.84808220470165,201.18337005907605,196.64338592090292,198.15672302246094,1924199.0
2019-10-22T00:00:00,197.44453106700885,199.67001042172436,195.75315860747628,199.22491455078125,1603535.0
2019-10-23T00:00:00,198.95787545936727,201.71747558583948,197.44455205395485,200.11512756347656,1821831.0
2019-10-24T00:00:00,200.11512553900266,200.29316118785312,196.46533361294652,199.40296936035156,1591940.0
2019-10-25T00:00:00,199.2249396062984,200.2931671142578,197.4445558986161,200.2931671142578,1412703.0
2019-10-28T00:00:00,200.82728468665235,204.03196716308594,199.67003257714182,204.03196716308594,1930224.0
2019-10-29T00:00:00,204.92215602773393,205.4562765576741,202.7857010744719,203.5868682861328,2046837.0
2019-10-30T00:00:00,202.60763926689052,205.90134588760606,201.62842294950997,205.0111541748047,1738467.0
2019-10-31T00:00:00,205.5452712585206,206.34645198977157,203.4088164750145,203.85391235351562,2501469.0
2019-11-01T00:00:00,204.4770722919949,207.68176849600073,204.1210009729943,207.32568359375,220345.0
2019-11-04T00:00:00,206.61351681441766,206.96958809181385,204.92214428866447,205.99037170410156,2134254.0
2019-11-05T00:00:00,207.14762708250228,207.14762708250228,202.87470376836248,204.20999145507812,2120809.0
2019-11-06T00:00:00,202.96375552704632,204.29904339235583,202.51865957194315,203.0527801513672,1357778.0
2019-11-07T00:00:00,204.03195974632504,204.65509129548713,200.73825277225492,201.45040893554688,1716857.0
2019-11-08T00:00:00,200.29319106348302,202.42964633485963,199.67005940793578,201.62847900390625,1477836.0
2019-11-11T00:00:00,201.62845489501953,201.89551516782183,199.93709580602126,200.2931671142578,1487061.0
2019-11-12T00:00:00,200.29316275354478,202.78570260668323,199.7590422195689,202.34060668945312,1324386.0
2019-11-13T00:00:00,201.45040836962198,203.23079198122582,200.4711919499403,202.4296112060547,1873031.0
2019-11-14T00:00:00,201.18336875616518,203.31982387602784,200.38220148202927,201.3614044189453,1855204.0
2019-11-15T00:00:00,203.3198239257087,204.2100158230774,200.560237193816,202.60768127441406,2148789.0
2019-11-18T00:00:00,202.16256267383588,203.05275447146045,200.38217907858677,202.96372985839844,1268278.0
2019-11-19T00:00:00,202.96372059651335,206.25742738077204,202.87469598751383,203.85391235351562,1496492.0
2019-11-20T00:00:00,202.87468291855464,205.27821137422671,202.0735158221622,204.56605529785156,1652388.0
2019-11-21T00:00:00,203.4088164750145,203.85391235351562,200.64921659500823,203.85391235351562,1796840.0
2019-11-22T00:00:00,203.8539513270843,204.92217892306513,201.53944688308343,201.9845428466797,1379646.0
2019-11-25T00:00:00,203.14175623126417,204.65507950151834,202.60764932701176,203.85391235351562,1345380.0
2019-11-26T00:00:00,203.94297042013042,205.63432960260926,202.96375389348447,204.29904174804688,3068111.0
2019-11-27T00:00:00,204.3880361433937,204.5660717810211,201.98450749405427,202.0735321044922,1977701.0
2019-11-28T00:00:00,201.18337554550678,202.42963881027595,201.18337554550678,201.9845428466797,809915.0
2019-11-29T00:00:00,201.18334811123162,203.4088276257364,199.5810001441384,202.4296112060547,1503558.0
2019-12-02T00:00:00,202.60766288463566,205.45627398100987,200.29315872825396,200.91629028320312,1854913.0
2019-12-03T00:00:00,201.4504266983805,203.14178584999112,198.0676948119091,198.69082641601562,1552118.0
2019-12-04T00:00:00,198.33473944844974,201.53942183815232,198.33473944844974,200.91629028320312,1133848.0
2019-12-05T00:00:00,201.18334033310677,202.42960337974696,200.64921983697613,202.0735321044922,1109164.0
2019-12-06T00:00:00,202.16258852170856,204.21001905142398,201.89552823162595,203.76492309570312,795857.0
2019-12-09T00:00:00,203.31978841350897,203.9429334994277,199.22491455078125,199.22491455078125,2731008.0
2019-12-10T00:00:00,198.69080157933547,198.86883721778972,193.43867553706897,195.3970947265625,2058571.0
2019-12-11T00:00:00,195.39710608337228,196.55435817545896,193.52769781282842,195.2190704345703,2219873.0
2019-12-12T00:00:00,195.8421906143223,196.10925086362792,194.1508316741344,195.3970947265625,1714856.0
2019-12-13T00:00:00,196.8214100048327,198.42374435862612,194.59593053206547,195.84219360351562,2223752.0
2019-12-16T00:00:00,196.19825261503738,198.33472092522206,195.57512111828478,196.2872772216797,1768453.0
2019-12-17T00:00:00,196.02027043295033,196.64340209960938,194.684982468716,196.64340209960938,2419501.0
2019-12-18T00:00:00,195.66415078881724,199.04688218005396,195.66415078881724,197.4445343017578,2468213.0
2019-12-19T00:00:00,200.2931327968344,200.64920404406317,196.4653057645121,197.88961791992188,1898761.0
2019-12-20T00:00:00,198.6017908477617,199.58099365234375,197.6225744599311,199.58099365234375,2040685.0
2019-12-23T00:00:00,199.8480568879173,200.29315278299063,198.51276920269737,200.02609252929688,742945.0
2019-12-27T00:00:00,200.02610186587762,201.0053183140451,198.24571820248173,199.1359100341797,798942.0
2019-12-30T00:00:00,199.40298587328766,199.5810215368816,194.59595503999967,194.9520263671875,961022.0
2020-01-02T00:00:00,195.3971114866149,199.3139502015661,195.0410401791647,198.33474731445312,954083.0
2020-01-03T00:00:00,196.732398208837,197.35552978515625,194.77397886186955,197.35552978515625,1722235.0
2020-01-07T00:00:00,197.0884607816353,199.04689362507668,196.19826897397976,197.26651000976562,1415228.0
2020-01-08T00:00:00,197.08846951437667,197.88965032671538,194.9520145146394,197.35552978515625,1023145.0
2020-01-09T00:00:00,198.95785757110764,199.31392884039644,196.73237817993194,197.4445343017578,1592513.0
2020-01-10T00:00:00,198.06766581463737,198.33472605822809,196.64335357098562,197.4445343017578,797774.0
2020-01-13T00:00:00,197.53355426720725,199.13590221802068,196.99944733910203,198.7798309326172,2007986.0
2020-01-14T00:00:00,198.7798181877459,200.56020166711085,196.46531423127226,200.20411682128906,1555360.0
2020-01-15T00:00:00,200.64924569156145,204.29903785783372,200.20414974851607,204.12100219726562,2275516.0
2020-01-16T00:00:00,204.12099130970063,206.5245065572951,204.12099130970063,206.2574462890625,2434006.0
2020-01-17T00:00:00,207.23665358396298,209.90722898173763,206.88056871431036,208.39390563964844,1715407.0
2020-01-20T00:00:00,207.50372989107782,207.9488258251357,206.6135380229621,206.88058471679688,1039466.0
2020-01-21T00:00:00,205.54527898941302,207.68174743652344,203.6758843793463,207.68174743652344,1262367.0
2020-01-22T00:00:00,208.482920001406,209.64017207558558,206.2574404676949,209.5511474609375,1710128.0
2020-01-23T00:00:00,209.37311427399567,209.72919915352117,207.94881550564153,208.03782653808594,1667111.0
2020-01-24T00:00:00,209.90722770254237,215.07034282342528,209.37310719294285,213.82406616210938,1746698.0
2020-01-27T00:00:00,210.4413377949609,211.5985898610047,206.96959518007856,207.8597869873047,2177558.0
2020-01-28T00:00:00,207.50371569771386,209.81820624655242,205.36724721042168,207.8597869873047,1827975.0
2020-01-29T00:00:00,208.30489659685472,210.08528032845177,207.41470473105622,209.10606384277344,1352267.0
2020-01-30T00:00:00,206.34646512986833,207.8597884964906,205.45627331617888,206.613525390625,1766846.0
2020-01-31T00:00:00,208.12686568467413,208.57196162771953,203.85394191478835,204.12100219726562,2154228.0
2020-02-03T00:00:00,204.74412788937,205.367259474992,202.7857085131651,203.23080444335938,1512157.0
2020-02-04T00:00:00,203.49784888876212,204.5660763214849,203.05275299319027,204.20999145507812,2477567.0
2020-02-05T00:00:00,204.21001588866145,209.37313161170812,202.60768133948352,208.75,2373441.0
2020-02-06T00:00:00,207.4146942278044,208.9280176063789,198.1567047256141,200.64923095703125,5970397.0
2020-02-07T00:00:00,202.07356870800146,206.2574680747328,201.0053411054904,204.92218017578125,3102191.0
2020-02-10T00:00:00,204.92214653860248,208.4829136846538,204.56607525729683,207.9488067626953,2019781.0
2020-02-11T00:00:00,209.19507869477442,214.09113372805638,209.01704304657767,212.2217254638672,1974692.0
2020-02-12T00:00:00,212.75585899152165,213.20095493083446,210.6194039161202,210.7974395751953,1534601.0
2020-02-13T00:00:00,209.4621553637596,215.1593780517578,209.4621553637596,215.1593780517578,2035588.0
2020-02-14T00:00:00,215.15938165356567,215.60447760799312,213.64605812516257,214.62527465820312,1304012.0
2020-02-17T00:00:00,215.87152394738217,216.76171579871158,215.24839236810152,216.31661987304688,944741.0
2020-02-18T00:00:00,215.3374117997355,217.91897641920113,214.89231585671558,215.69349670410156,1170764.0
2020-02-19T00:00:00,215.42642554162933,218.00797644746476,213.20094593892654,217.82994079589844,1246745.0
2020-02-20T00:00:00,218.45309544976567,219.43231201171875,217.38486784424927,219.43231201171875,1659045.0
2020-02-21T00:00:00,218.45307343707054,221.21267359122675,217.7409308273202,218.8091583251953,1847810.0
2020-02-24T00:00:00,214.62527097229378,215.24840258114057,207.1476509163811,209.01705932617188,2570828.0
2020-02-25T00:00:00,209.55117623366797,211.33156010509506,203.67591760790918,203.94297790527344,2438878.0
2020-02-26T00:00:00,201.45042300703028,205.634322081652,196.10927178413021,204.6551055908203,2781764.0
2020-02-27T00:00:00,202.25157982890116,202.25157982890116,192.7265300224991,196.19827270507812,4472994.0
2020-02-28T00:00:00,189.96694300619222,192.4594830032105,186.05010414177084,191.30223083496094,4401779.0
2020-03-02T00:00:00,194.86301873519002,196.19830670345286,188.63167488329677,193.70578002929688,2868767.0
2020-03-03T00:00:00,195.57514158360053,198.51277732797377,193.34966201714343,193.97279357910156,2235928.0
2020-03-04T00:00:00,194.9520115665145,195.39710748333303,191.30221961530282,192.72653198242188,2708064.0
2020-03-05T00:00:00,194.8629992943703,195.6641801453479,183.73560066898938,186.13912963867188,4260222.0
2020-03-06T00:00:00,182.7564202003517,185.6940565151327,180.88701156824055,184.53680419921875,3712818.0
2020-03-09T00:00:00,178.30542355861792,178.30542355861792,171.67349724245364,173.05328369140625,4775762.0
2020-03-10T00:00:00,174.74466436408622,181.06501840311645,171.5844805529462,173.18682861328125,4601564.0
2020-03-11T00:00:00,175.0116980729595,177.01462944854057,171.49542990256347,172.60816955566406,3124148.0
2020-03-12T00:00:00,165.57567952172846,167.0890029082342,156.31768997101756,158.4986572265625,5545751.0
2020-03-13T00:00:00,160.90216033372528,167.53408621727618,152.4453386287715,158.18707275390625,5681271.0
2020-03-16T00:00:00,153.3800349281394,162.5935110114405,143.3208658505506,160.0564727783203,5251620.0
2020-03-17T00:00:00,165.13058914082163,168.1127372890636,154.0031909507393,165.79823303222656,3847851.0
2020-03-18T00:00:00,161.391798665836,165.7092213507093,152.6234027741822,158.45416259765625,5220333.0
2020-03-19T00:00:00,159.21082709083242,168.0682337982385,153.11300712941318,159.74493408203125,5589869.0
2020-03-20T00:00:00,166.68843938573937,170.91685106575144,152.89046442991048,154.00320434570312,5580197.0
2020-03-23T00:00:00,141.62950285946158,153.9586495765928,141.362442636666,141.85205078125,4743275.0
2020-03-24T00:00:00,145.99146291467207,150.7094824206376,143.40991199155394,149.0626220703125,7066000.0
2020-03-25T00:00:00,154.49281432665384,157.5639738114125,144.789714004136,156.18417358398438,4225156.0
2020-03-26T00:00:00,152.08929493161745,162.14845275878906,149.99733848678045,162.14845275878906,3465701.0
2020-03-27T00:00:00,160.41255679395348,161.52529652418798,152.26730740193653,153.91415405273438,3644209.0
2020-03-30T00:00:00,158.45415030230555,161.6143341064453,153.15751147795146,161.6143341064453,3390321.0
2020-03-31T00:00:00,163.12766846918737,168.60234331466202,161.83689290872798,167.08901977539062,4650096.0
2020-04-01T00:00:00,162.90508588016309,166.7329130191334,158.23157931802726,158.54315185546875,3460777.0
2020-04-02T00:00:00,158.8992558119194,160.05650801067313,153.55810435605656,156.54025268554688,2680594.0
2020-04-03T00:00:00,156.0951524156562,157.6084759029982,153.1130041686071,153.1575164794922,1995794.0
2020-04-06T00:00:00,158.4986654960763,162.05943298339844,156.09515015878387,162.05943298339844,2965968.0
2020-04-07T00:00:00,166.37683928681454,170.07114334681444,164.06234879432236,169.2254638671875,3290603.0
2020-04-08T00:00:00,158.45415030230555,163.03863292550494,155.69455011654978,161.6143341064453,5866619.0
2020-04-09T00:00:00,164.64097783533694,166.64390947222242,159.92295837402344,159.92295837402344,1784414.0
2020-04-14T00:00:00,164.1959046556291,164.99708557128906,161.7033644456615,164.99708557128906,8060701.0
2020-04-15T00:00:00,164.15137370867205,166.51039028989214,160.50159522910954,161.34727478027344,3385401.0
2020-04-16T00:00:00,161.34728013550006,163.35021188890627,160.1010169222363,161.74786376953125,3119572.0
2020-04-17T00:00:00,167.3560958243969,171.22843645363454,166.46590382533097,170.78334045410156,3328251.0
2020-04-20T00:00:00,173.0087979383856,173.09780897675816,168.64684956062527,171.62899780273438,1689178.0
2020-04-21T00:00:00,171.80705152330898,172.2966598272019,168.69137960449248,168.86941528320312,2347279.0
2020-04-22T00:00:00,170.1156827066652,172.16311327244938,169.7595977858652,171.00587463378906,2894336.0
2020-04-23T00:00:00,171.58448191754542,173.76544926936748,169.31448994595513,172.16310119628906,1549469.0
2020-04-24T00:00:00,170.24918980623417,171.36192960888928,167.89018685790512,170.02664184570312,1624539.0
2020-04-27T00:00:00,172.47469790513324,173.5429255755082,169.5370616241632,170.07118225097656,1348414.0
2020-04-28T00:00:00,170.2491874256353,175.63485071182816,169.13644763853966,174.2550506591797,2555746.0
2020-04-29T00:00:00,171.80699505522517,171.89601965694644,164.01781781826548,167.04446411132812,4865152.0
2020-04-30T00:00:00,167.71931891261787,167.89928625293933,158.40658569335938,158.40658569335938,3828036.0
2020-05-04T00:00:00,153.4127915164567,160.56605382951915,151.1633370953943,159.981201171875,5085927.0
2020-05-05T00:00:00,161.69079291199435,162.81552020510725,158.81149378754156,162.00572204589844,3157538.0
2020-05-06T00:00:00,162.36565317959256,164.43515444935886,159.75629096744152,163.4453887939453,2971157.0
2020-05-07T00:00:00,162.72554754183975,165.64983845509673,162.72554754183975,163.58033752441406,2508013.0
2020-05-08T00:00:00,164.9299891770303,169.47388953056824,164.66005191977058,168.66407775878906,1478187.0
2020-05-11T00:00:00,169.60887654622397,169.96878378976805,164.97500557008271,166.68458557128906,1958079.0
2020-05-12T00:00:00,166.09972541775966,167.31442260742188,164.97499817015722,167.31442260742188,2261950.0
2020-05-13T00:00:00,165.9197670830593,167.08948622999165,164.88502345091612,165.78480529785156,2319918.0
2020-05-14T00:00:00,163.98521800429145,165.60482784160774,157.64175415039062,157.64175415039062,2714939.0
2020-05-15T00:00:00,158.36161969866072,159.57633079613692,156.6070476808705,157.4618377685547,2437171.0
2020-05-18T00:00:00,159.7112707091441,165.51486061716585,159.26137980573804,164.9300079345703,2197112.0
2020-05-19T00:00:00,166.0997225502864,166.1447006557495,160.9259773006325,163.76028442382812,3282400.0
2020-05-20T00:00:00,163.26538402182842,167.08945618365212,161.2408752302747,165.3348846435547,1794300.0
2020-05-22T00:00:00,164.6150713703347,168.57411937912138,163.98522687994915,165.55984497070312,3017789.0
2020-05-25T00:00:00,166.95454336660825,172.71314234781428,166.50465239215205,172.0832977294922,1739026.0
2020-05-26T00:00:00,174.9625665777185,174.9625665777185,170.01376672541718,171.8583221435547,2035303.0
2020-05-27T00:00:00,172.0832649974888,172.3532022767343,169.1589742197537,171.94830322265625,2086143.0
2020-05-28T00:00:00,173.79284002344264,178.29174878645776,172.08326018532887,177.84185791015625,2452710.0
2020-05-29T00:00:00,177.07706888160587,177.07706888160587,170.73360416284098,171.58839416503906,3519134.0
2020-06-01T00:00:00,173.2979926844765,174.55768180359763,170.19373426667502,172.53317260742188,1454613.0
2020-06-02T00:00:00,173.11802133972958,175.32249784177995,171.0935121901921,171.1385040283203,2921910.0
2020-06-03T00:00:00,172.17325989417876,175.68240356445312,171.09351070678858,175.68240356445312,2773397.0
2020-06-04T00:00:00,174.55768603993482,177.7069226437481,174.55768603993482,177.34701538085938,2518283.0
2020-06-05T00:00:00,178.06681570534514,184.09536484980364,177.43697118073064,183.28555297851562,3275535.0
2020-06-08T00:00:00,182.20582739591006,183.37554656461498,180.13632636352168,181.30604553222656,2303077.0
2020-06-09T00:00:00,181.21607366560062,181.4860109882164,177.84189145685994,179.6864471435547,2725258.0
2020-06-10T00:00:00,179.86635943838195,183.1055791060455,178.60667052850138,179.37149047851562,2409768.0
2020-06-11T00:00:00,175.09754650452857,175.09754650452857,167.8992919921875,167.8992919921875,2977886.0
2020-06-12T00:00:00,165.7397934454903,172.21821921519935,165.7397934454903,168.70907592773438,2794271.0
2020-06-15T00:00:00,165.73982641199882,171.27349344085133,165.2449436115934,170.5536651611328,2499353.0
2020-06-16T00:00:00,174.60266351698183,178.60668983796205,173.20799896124782,178.38174438476562,3620655.0
2020-06-17T00:00:00,178.2467911311782,180.85615302124413,177.0770719726867,178.56170654296875,2505202.0
2020-06-18T00:00:00,175.95233800891899,175.95233800891899,172.44318066595068,173.61289978027344,4371891.0
2020-06-22T00:00:00,172.8481080916743,174.73764183965986,171.2734897702286,172.5781707763672,2593573.0
2020-06-23T00:00:00,173.47792757218093,179.0565717864456,173.20799029593357,178.42672729492188,2427226.0
2020-06-24T00:00:00,178.42674637821202,179.59646554733553,173.52293796529824,174.01780700683594,2236423.0
2020-06-25T00:00:00,173.25300224822277,173.65790134482026,169.02403019455025,170.3737030029297,3881762.0
2020-06-26T00:00:00,171.90334024612466,174.4227323927247,170.50867551054404,170.68862915039062,5415574.0
2020-06-29T00:00:00,170.68861116064704,174.82761308880106,170.68861116064704,172.2632293701172,3423583.0
2020-06-30T00:00:00,172.6681316109466,173.47794351410715,169.6538706496631,170.4636688232422,2924220.0
2020-07-01T00:00:00,170.32869917566393,173.47793550690596,169.74383276211336,171.31845092773438,4422274.0
2020-07-02T00:00:00,176.53718797068973,177.7968907395455,173.3879516429215,175.18751525878906,3109683.0
2020-07-03T00:00:00,173.88284262329415,175.72739816288578,173.11802255847425,174.1077880859375,1835962.0
2020-07-06T00:00:00,177.9768494619136,178.65168583722703,175.50244941909764,177.39198303222656,1307347.0
2020-07-07T00:00:00,177.25704822367808,178.15683019435664,175.86238342320962,176.6721954345703,1895367.0
2020-07-08T00:00:00,175.54743880133103,176.8071278591311,175.097547890748,175.99732971191406,1492044.0
2020-07-09T00:00:00,177.12205698837164,178.2917623722227,175.41246329040752,175.99732971191406,1376779.0
2020-07-10T00:00:00,175.81735710741106,177.5719425898909,175.05255082003475,176.7621307373047,2993741.0
2020-07-13T00:00:00,178.60671527947977,180.13634183318595,177.30203421101226,179.82142639160156,2479194.0
2020-07-14T00:00:00,178.7866415381338,179.9563606281328,177.57194434164236,179.5064697265625,2435252.0
2020-07-15T00:00:00,181.84592969807818,184.72522906725317,179.37152944292146,184.45529174804688,2475010.0
2020-07-16T00:00:00,182.65571153265785,187.87444889379287,181.39602246219613,186.61474609375,2824526.0
2020-07-17T00:00:00,194.6228162279507,195.61256802177945,177.34700751360316,181.84591674804688,3951772.0
2020-07-20T00:00:00,185.17510911054762,192.6433012773893,183.73545264600648,192.01344299316406,3338322.0
2020-07-21T00:00:00,193.2731403770889,193.72303129336257,189.8539666674927,190.03392028808594,2914779.0
2020-07-22T00:00:00,189.4940633595663,189.76398693126828,186.70473412893992,187.7844696044922,1859753.0
2020-07-23T00:00:00,188.68424470504786,190.66376196100157,187.15461835861004,187.96441650390625,1210356.0
2020-07-24T00:00:00,186.25482170590254,186.25482170590254,180.85613122167348,182.38575744628906,2379502.0
2020-07-27T00:00:00,182.2058512804409,183.19561695206926,180.58624096758695,181.48602294921875,1343429.0
2020-07-28T00:00:00,181.84593839624497,182.56575297578254,178.24681058022495,179.7314453125,1654107.0
2020-07-29T00:00:00,179.19156338260186,180.40627446308906,178.56171878625318,178.87664794921875,1158397.0
2020-07-30T00:00:00,178.29175781058868,180.04634330063587,175.9973252089836,176.31224060058594,1707258.0
2020-07-31T00:00:00,176.31225635191296,176.85213097086336,171.81334695926614,172.4431915283203,2142111.0
2020-08-03T00:00:00,172.5331485724002,179.9113560913796,172.21821947170082,179.41647338867188,1435328.0
2020-08-04T00:00:00,180.67617866860377,180.67617866860377,176.40221534373939,177.84185791015625,1707422.0
2020-08-05T00:00:00,179.0565807443549,179.10157258091036,177.34700079189443,178.38174438476562,862840.0
2020-08-06T00:00:00,178.3817399474639,178.3817399474639,174.55766733824967,177.21202087402344,1325096.0
2020-08-07T00:00:00,176.6721633829881,178.20178970972265,176.08729697040258,177.5719451904297,1147503.0
2020-08-10T00:00:00,178.69667741547352,178.69667741547352,175.5024491643764,176.13229370117188,900170.0
2020-08-11T00:00:00,177.21200903800982,179.7314006287848,177.16701720557856,179.0565643310547,2070179.0
2020-08-12T00:00:00,178.6966989654084,180.31629547546032,176.9421131968807,179.82142639160156,1648627.0
2020-08-13T00:00:00,178.83165610742617,179.55148438735998,178.2917814650802,178.87664794921875,938289.0
2020-08-14T00:00:00,178.38173095354034,178.56168455663172,174.46767487079842,175.77236938476562,1472775.0
2020-08-17T00:00:00,175.77237712292575,177.93184791425008,175.5024398416151,177.88685607910156,791566.0
2020-08-18T00:00:00,178.06683598569978,179.10159342859916,176.13231035486126,178.87664794921875,1790986.0
2020-08-19T00:00:00,179.05656618465522,181.0360832659063,177.7518854081202,179.41647338867188,1427674.0
2020-08-20T00:00:00,178.20179811252976,181.4859963727201,176.67217171366826,179.23654174804688,1405678.0
2020-08-21T00:00:00,180.4062432929182,182.6556976980668,178.87661704333317,180.58619689941406,2085535.0
2020-08-24T00:00:00,182.02587083997358,185.98490548464054,182.02587083997358,184.36529541015625,1634299.0
2020-08-25T00:00:00,184.45530364953146,186.6147748833512,182.74572340022274,182.835693359375,1709339.0
2020-08-26T00:00:00,182.2058097952105,183.645466129869,181.21604434893524,182.65570068359375,1366037.0
2020-08-27T00:00:00,184.45527941218543,184.45527941218543,181.0361056332628,181.39602661132812,1188613.0
2020-08-28T00:00:00,181.39601470358593,181.9358755408726,178.83163110533755,180.85614013671875,2398548.0
2020-08-31T00:00:00,181.21604889049195,183.10559616088867,179.95635986328125,179.95635986328125,1862462.0
2020-09-01T00:00:00,180.49626171016735,183.19560751602478,179.95638705716274,181.75595092773438,2472047.0
2020-09-02T00:00:00,182.2058128243062,185.62498637877718,180.31626556985154,180.85614013671875,1959964.0
2020-09-03T00:00:00,182.38577677761143,183.55549591909053,178.6516876220703,178.6516876220703,1814549.0
2020-09-04T00:00:00,177.8418788711951,183.1955919138536,177.3470098326005,180.49624633789062,2071441.0
2020-09-07T00:00:00,181.6659665319733,183.91542136139142,181.0361219256528,183.4655303955078,1346005.0
2020-09-08T00:00:00,184.2753318884119,184.45528551861125,179.6864388056283,180.76617431640625,1713987.0
2020-09-09T00:00:00,179.28151316377333,183.10558559010227,179.23652133048878,182.38575744628906,2036255.0
2020-09-10T00:00:00,181.39603923266708,181.84593018936556,177.12207514403136,179.3265380859375,2727949.0
2020-09-11T00:00:00,179.95635986328125,180.85614166259765,178.96659439220093,179.95635986328125,1314754.0
2020-09-14T00:00:00,181.12608774294208,183.19558872777122,181.03610406680897,182.29580688476562,1561061.0
2020-09-15T00:00:00,182.29581846711457,190.2138882049813,182.11585110341397,189.22413635253906,3267689.0
2020-09-16T00:00:00,189.40407420459965,191.47357514847587,188.7742296728759,190.93370056152344,1857720.0
2020-09-17T00:00:00,188.95418252596738,192.28337251979443,188.50429161519128,191.3835906982422,1917809.0
2020-09-18T00:00:00,192.10343526910853,194.9827345974832,191.65354432000055,194.35289001464844,3250421.0
2020-09-21T00:00:00,192.73328361701164,193.54309557897508,185.8049656113196,187.42457580566406,2392882.0
2020-09-22T00:00:00,188.4143003614526,190.12389399137493,185.71495500538836,186.88467407226562,1566425.0
2020-09-23T00:00:00,188.0543785103224,189.2240974862068,185.9848778190776,186.4347686767578,1485646.0
2020-09-24T00:00:00,184.9051725588848,185.17510986328125,183.37554614008042,185.17510986328125,1613553.0
2020-09-25T00:00:00,185.35503079618124,186.88465694518533,183.73542098505604,186.52474975585938,1388508.0
2020-09-28T00:00:00,189.13415870301202,191.2936435700548,188.32436045886013,190.75376892089844,2010621.0
2020-09-29T00:00:00,191.02370707632483,191.92348900911054,190.3038787841797,190.3038787841797,1358291.0
2020-09-30T00:00:00,190.75376963252683,191.29364428369726,188.6842684424838,189.044189453125,2669562.0
2020-10-01T00:00:00,189.13414158866374,189.58403251239014,187.15462427018386,188.23435974121094,1433756.0
2020-10-02T00:00:00,188.77423554118286,191.20364379882812,186.07488998167,191.20364379882812,2232424.0
2020-10-05T00:00:00,193.36312074861607,194.5328399399144,190.93371241566223,191.4735870361328,1404577.0
2020-10-06T00:00:00,192.10342622114868,192.19340989856497,189.4940643310547,189.4940643310547,1443715.0
2020-10-07T00:00:00,190.12392431660447,192.1034418142067,190.03394063188418,190.75376892089844,1150575.0
2020-10-08T00:00:00,192.28337691043868,194.17292427067713,189.67401506018686,192.55331420898438,1460139.0
2020-10-09T00:00:00,193.27316286564778,193.27316286564778,190.84375438100903,191.11367797851562,890634.0
2020-10-12T00:00:00,191.65350057912428,194.53279925035963,190.66373522514695,193.45306396484375,1323150.0
2020-10-13T00:00:00,193.2731507982589,194.5328399399144,191.20364972589752,191.4735870361328,1625237.0
2020-10-14T00:00:00,192.10342250726163,193.63304888669592,191.92346888548957,193.00320434570312,1337128.0
2020-10-15T00:00:00,191.9234503505431,191.9234503505431,188.41429328176818,189.6739959716797,1623684.0
2020-10-16T00:00:00,190.93369873871785,192.103417846227,188.23435328888797,190.57379150390625,2032859.0
2020-10-19T00:00:00,191.38360335619373,192.10343160696056,190.57380515506978,191.4735870361328,1003364.0
2020-10-20T00:00:00,191.92346759139585,196.33239307819838,191.29362305464994,195.1626739501953,2599946.0
2020-10-21T00:00:00,200.65136087857758,201.46115908535788,184.27533327476254,187.15463256835938,5628308.0
2020-10-22T00:00:00,186.25484749930246,189.67402135873257,185.89494024234423,188.95419311523438,2062964.0
2020-10-23T00:00:00,189.67402101635554,189.8539746445098,185.35506529274417,185.53501892089844,1643525.0
2020-10-26T00:00:00,183.195574913111,183.195574913111,178.60668236799535,179.01158142089844,2356393.0
2020-10-27T00:00:00,179.0115912426405,179.0565830797828,175.81736301967288,177.03207397460938,2292281.0
2020-10-28T00:00:00,174.24275244341877,174.64766526581823,169.65387317551435,171.2734832763672,2731229.0
2020-10-29T00:00:00,170.95856427797995,172.578174474951,169.56389956032206,170.5536651611328,1892983.0
2020-10-30T00:00:00,170.05875856089966,171.8583221435547,169.92379678403276,171.8583221435547,1317967.0
2020-11-02T00:00:00,171.8583295143301,173.25299409661918,170.68861038952053,172.71311950683594,2259170.0
2020-11-03T00:00:00,174.24275003541206,174.24275003541206,171.90332545947214,172.62315368652344,1998517.0
2020-11-04T00:00:00,170.05876899011355,175.81736731593563,169.33894076699045,174.55767822265625,2318893.0
2020-11-05T00:00:00,175.99732071188197,179.50646414314897,175.5024379896314,179.01158142089844,2905397.0
2020-11-06T00:00:00,179.1915444696256,179.1915444696256,175.99732998322676,177.25701904296875,1829455.0
2020-11-09T00:00:00,179.05658973062015,194.8027722446194,178.60669880164875,192.01344299316406,4925335.0
2020-11-10T00:00:00,192.103427983323,199.39166657428876,191.65353705127774,197.1422119140625,4314000.0
2020-11-11T00:00:00,196.6923135002738,200.2914408197329,196.6923135002738,197.7720489501953,2777958.0
2020-11-12T00:00:00,196.87227024747736,199.48163210370024,195.2526601820784,195.9724884033203,2396097.0
2020-11-13T00:00:00,195.61257059263912,195.8825078961697,194.08294417874126,194.1729278564453,2668752.0
2020-11-16T00:00:00,194.62280924624397,198.76179735570534,193.9029810486391,197.41212463378906,2202224.0
2020-11-17T00:00:00,196.78228570323492,202.36093036648526,196.42237845899217,201.55113220214844,2771203.0
2020-11-18T00:00:00,200.74134201822446,201.3711865854792,196.33240258827757,197.05223083496094,2690782.0
2020-11-19T00:00:00,190.75376162628103,197.41214215347875,190.75376162628103,194.8027801513672,2691212.0
2020-11-20T00:00:00,194.44288127104656,195.8825241265257,193.18317832672173,193.72305297851562,2349495.0
2020-11-23T00:00:00,194.71279793605646,196.06247078791336,192.643310546875,192.643310546875,1393819.0
2020-11-24T00:00:00,193.45310442855512,193.81301168914757,190.39385152477354,191.4735870361328,2440374.0
2020-11-25T00:00:00,191.9727894629699,193.51583039078355,190.42974853515625,190.42974853515625,2150861.0
2020-11-26T00:00:00,191.42819762860114,192.9712525463663,190.33899298369928,190.61129760742188,1233771.0
2020-11-27T00:00:00,189.7944070106832,190.33900243518232,186.79908370097579,187.70675659179688,1662120.0
2020-11-30T00:00:00,187.16213182462923,188.70517284129926,183.98527696972528,185.2560272216797,3329255.0
2020-12-01T00:00:00,183.3499181976043,185.8914049822223,183.07761356889725,184.8022003173828,2497535.0
2020-12-02T00:00:00,183.80375087275647,186.3452376054392,182.98685085331738,185.70986938476562,1780350.0
2020-12-03T00:00:00,185.70987519864266,186.6175480708746,182.44224731861226,184.98373413085938,2169849.0
2020-12-04T00:00:00,184.43909627954827,185.4375418242403,182.35144622700193,182.80528259277344,3036699.0
2020-12-07T00:00:00,182.9868568448854,183.62222508636296,180.8084336384053,181.4438018798828,2200518.0
2020-12-08T00:00:00,181.17150516568523,188.06981046869436,181.08073234130825,185.70986938476562,3533115.0
2020-12-09T00:00:00,186.16370806227627,187.61597631998495,184.9837305810208,187.16213989257812,2133151.0
2020-12-10T00:00:00,187.7975081858405,189.06825849301188,184.16681676533136,185.98216247558594,2223636.0
2020-12-11T00:00:00,184.52988110628678,188.4328768760189,183.89451292283914,187.34365844726562,2771447.0
2020-12-14T00:00:00,189.24979203387005,190.79283313177436,185.70987340632553,186.07293701171875,2698790.0
2020-12-15T00:00:00,186.16368155258382,190.70204518038952,186.16368155258382,188.61439514160156,2828285.0
2020-12-16T00:00:00,189.88516806622818,190.33900451660156,187.16214936398785,190.33900451660156,3329588.0
2020-12-17T00:00:00,191.7912631371169,191.88202210604868,188.43287658691406,188.43287658691406,1680696.0
2020-12-18T00:00:00,188.52364511261553,189.70362256844564,186.4359948215297,186.799072265625,3039799.0
2020-12-21T00:00:00,185.1652523803711,185.1652523803711,181.30764295578004,181.53456115722656,3158369.0
2020-12-22T00:00:00,182.1699124185879,183.89449889927397,181.62531709572906,182.62374877929688,1976731.0
2020-12-23T00:00:00,182.98684894043683,183.62221715446847,181.62533968894545,183.1683807373047,1663247.0
2020-12-28T00:00:00,184.98372869333076,185.43756511610636,183.80375122411652,184.6206512451172,1142191.0
2020-12-29T00:00:00,184.8021968942182,186.25446513710705,183.712978399566,184.6206512451172,1008764.0
2020-12-30T00:00:00,184.71141425238713,185.16525065104165,183.80374145507812,183.80374145507812,1770108.0
2021-01-04T00:00:00,185.43756278526996,186.88983100990467,184.2575853308873,184.34835815429688,1681250.0
2021-01-05T00:00:00,182.4422513131743,185.70987926474922,181.7161102294922,181.7161102294922,992990.0
2021-01-07T00:00:00,188.795968851581,193.69739711830883,185.70988643919526,191.9728240966797,3994007.0
2021-01-08T00:00:00,193.60662861673802,195.87581082309924,192.9712603689547,194.8773651123047,2303706.0
2021-01-11T00:00:00,194.4235230152064,194.69582764204617,192.880481929766,193.24354553222656,1601411.0
2021-01-12T00:00:00,194.24199091055175,194.60505451244518,190.7020723171306,193.1527862548828,2045618.0
2021-01-13T00:00:00,193.15277335795614,196.01193711942753,192.9712415691304,195.78501892089844,2031732.0
2021-01-14T00:00:00,196.05732872927024,196.14810155108458,192.06357386922477,192.5174102783203,2157350.0
2021-01-15T00:00:00,192.06354658506982,192.06354658506982,186.79904221742873,188.0697784423828,2247001.0
2021-01-18T00:00:00,188.06981092142806,190.5205248356333,187.70674732302302,189.4313201904297,1279823.0
2021-01-19T00:00:00,190.70206092516977,191.06512450537488,189.06824711427114,189.88514709472656,1973748.0
2021-01-20T00:00:00,190.79283313068908,191.70050599415572,189.97593309356463,190.88360595703125,1566962.0
2021-01-21T00:00:00,192.15434046374156,192.15434046374156,189.3405629257206,189.5220947265625,1823270.0
2021-01-22T00:00:00,189.4313369952186,191.15592386560493,187.97906862277665,190.70208740234375,1079255.0
2021-01-25T00:00:00,191.42819762860114,192.9712525463663,189.24978833879743,190.61129760742188,1667592.0
2021-01-26T00:00:00,190.1574591334078,193.1527822620701,189.7036227154283,191.6097412109375,1645789.0
2021-01-27T00:00:00,191.60971894028205,193.5158233642578,189.88513244241437,193.5158233642578,2304677.0
2021-01-28T00:00:00,192.5173979103339,198.0541934356036,190.42974779261473,197.60035705566406,3665124.0
2021-01-29T00:00:00,195.6035118348815,195.9665754583843,187.97906494140625,187.97906494140625,2971128.0
2021-02-01T00:00:00,188.16057060294992,190.06667513641713,187.88826599817247,189.6128387451172,2149215.0
2021-02-02T00:00:00,190.52052307128906,191.5189687326394,189.5220912599271,190.52052307128906,1840344.0
2021-02-03T00:00:00,192.15433690697984,192.78970512316016,190.24823225843883,191.70050048828125,1609337.0
2021-02-04T00:00:00,192.42664368828036,195.51272583007812,191.7912754649677,195.51272583007812,2391991.0
2021-02-05T00:00:00,191.5189928384809,204.77102347535762,190.61131988663976,197.23733520507812,4398065.0
2021-02-08T00:00:00,205.86020858054465,206.94941324869794,202.04798531701374,204.2263946533203,2264747.0
2021-02-09T00:00:00,204.22640635290205,205.6786885602963,201.77569224666513,202.7741241455078,1568432.0
2021-02-10T00:00:00,203.13717651308482,204.58944469097835,201.0495262917508,201.9571990966797,1666401.0
2021-02-11T00:00:00,202.50181034575328,203.40948315976385,199.14340985392377,202.13873291015625,1451492.0
2021-02-12T00:00:00,201.68491182478385,206.40480804620307,200.77723894181904,204.58946228027344,2307635.0
2021-02-15T00:00:00,206.2232648530023,207.40324230570198,203.59101917773924,207.31246948242188,1381828.0
2021-02-16T00:00:00,206.8586109817284,207.13091557250908,199.96030649854322,200.77720642089844,2548238.0
2021-02-17T00:00:00,200.2326256813431,200.50491644198024,196.23885704214854,197.05577087402344,2265753.0
2021-02-18T00:00:00,197.05576133785846,197.96343409602457,195.05887018990327,196.32962036132812,1872626.0
2021-02-19T00:00:00,196.783447265625,196.8742062270794,193.87889734933998,196.783447265625,2316274.0
2021-02-22T00:00:00,195.966527563771,195.966527563771,192.3358368161329,195.14962768554688,1936975.0
2021-02-23T00:00:00,195.5126971553846,196.783447265625,192.4266154662042,196.783447265625,2400717.0
2021-02-24T00:00:00,196.783447265625,198.59879269455146,195.9665335126162,196.783447265625,2181522.0
2021-02-25T00:00:00,197.50962640040493,197.87269001640266,195.60350779144392,196.1481170654297,1838079.0
2021-02-26T00:00:00,193.33430479276626,195.14965037767485,192.15432739257812,192.15432739257812,2274847.0
2021-03-01T00:00:00,193.60660444080338,197.78189086914062,193.60660444080338,197.78189086914062,1902073.0
2021-03-02T00:00:00,197.6911302962306,201.2310485273666,197.14652109913865,200.0510711669922,1611965.0
2021-03-03T00:00:00,201.0495282922472,204.86175134088364,200.86799649945272,203.31871032714844,2082835.0
2021-03-04T00:00:00,201.95721249050564,204.86176288891068,201.3218442549153,204.2263946533203,2110359.0
2021-03-05T00:00:00,202.86485723420319,208.0385890782325,201.95718449490028,206.76785278320312,1823216.0
2021-03-08T00:00:00,207.31248443465523,213.48466291318033,206.58635719599638,213.30313110351562,2245939.0
2021-03-09T00:00:00,212.75849745746496,216.026125057148,211.12469750761116,215.02767944335938,3074014.0
2021-03-10T00:00:00,214.21080393771248,218.93070023752864,213.7569674886919,216.93382263183594,2795033.0
2021-03-11T00:00:00,217.11531228424704,217.65992145732088,215.6630442393611,216.02610778808594,2577798.0
2021-03-12T00:00:00,214.9369164560082,215.84458923339844,214.2107754640985,215.84458923339844,2171073.0
2021-03-15T00:00:00,215.75382217061548,217.2061041931726,214.4830857883689,215.1184539794922,2336313.0
2021-03-16T00:00:00,215.66310119628906,216.38922848550996,214.120046081719,215.66310119628906,1953308.0
2021-03-17T00:00:00,215.5722903802928,215.75382217061548,214.39231296821364,215.1184539794922,3011910.0
2021-03-18T00:00:00,213.48460953501873,214.48305501351442,212.57693686365386,212.7584686279297,3057456.0
2021-03-19T00:00:00,211.48778530688998,214.39233581149318,209.6724395102643,213.30313110351562,3175657.0
2021-03-22T00:00:00,212.0323984102549,214.8461761357826,210.94317983264207,212.3954620361328,2069454.0
2021-03-23T00:00:00,211.8508246631072,216.47996145432688,211.57853390479005,215.02767944335938,1629785.0
2021-03-24T00:00:00,214.75539441442652,218.20454004501443,213.84772159585327,216.6614990234375,2213854.0
2021-03-25T00:00:00,217.38764770760022,224.37672588686567,216.75227948221038,219.65682983398438,2807999.0
2021-03-26T00:00:00,223.2875138559649,225.82900052351008,222.3798410354122,225.1028594970703,2273189.0
2021-03-29T00:00:00,225.46591934129955,226.55513778786616,223.55981475978373,224.83055114746094,1864541.0
2021-03-30T00:00:00,225.9197388575993,228.27969351544758,225.647448116298,227.09971618652344,1989388.0
2021-03-31T00:00:00,227.19049852623039,230.00427582088963,226.2828257505363,227.82586669921875,2828971.0
2021-04-01T00:00:00,228.37049321928237,228.37049321928237,226.64590650471598,228.00741577148438,718557.0
2021-04-06T00:00:00,230.91195073481248,231.91039633731648,229.36890977184152,231.54733276367188,1840145.0
2021-04-07T00:00:00,232.1827374173792,232.45504206538425,230.00431408332864,230.82122802734375,1480753.0
2021-04-08T00:00:00,231.3658155007418,233.09038846203055,230.91197905303537,232.54580688476562,1275366.0
2021-04-09T00:00:00,232.99962116005057,234.90571189904972,231.9104027092146,234.5426483154297,1720870.0
2021-04-12T00:00:00,234.1795687207249,234.27034153541763,231.2750187003877,232.00115966796875,1238769.0
2021-04-13T00:00:00,232.00115084820547,232.72727793819504,230.18580542325859,232.63650512695312,1519502.0
2021-04-14T00:00:00,232.36423645626243,232.36423645626243,228.2797088623047,228.2797088623047,1917170.0
2021-04-15T00:00:00,228.27969766880346,229.64120680002893,227.5535566954858,228.64276123046875,1883064.0
2021-04-16T00:00:00,228.2797261891726,232.09194946289062,228.18895336242193,232.09194946289062,2074217.0
2021-04-19T00:00:00,232.9996188162749,234.45187313614662,228.642772756733,229.55044555664062,1134059.0
2021-04-20T00:00:00,228.91509422687645,230.00429889699072,225.1936437831537,226.0105438232422,2199994.0
2021-04-21T00:00:00,226.91820538233196,230.27659205199285,226.91820538233196,228.73355102539062,1500853.0
2021-04-22T00:00:00,229.45971863730827,230.82122802734375,228.27974106261294,230.82122802734375,1745769.0
2021-04-23T00:00:00,229.91353045997468,230.27659405174407,228.91508480762656,230.09506225585938,1283977.0
2021-04-26T00:00:00,230.09505104993573,230.91195101662686,229.36891005177273,230.45811462402344,1326047.0
2021-04-27T00:00:00,230.45811465011562,231.63809204101562,229.00584650361276,231.63809204101562,1816891.0
2021-04-28T00:00:00,232.45500258826428,232.7272933400373,219.47527917090153,222.9244384765625,3548804.0
2021-04-29T00:00:00,222.32972841304007,223.70213414398478,219.5849169511507,222.14674377441406,2559815.0
2021-04-30T00:00:00,224.9830713943904,226.53847593786045,220.7743682861328,220.7743682861328,1903731.0
2021-05-03T00:00:00,222.05526529853438,226.72145080566406,220.77435874719865,226.72145080566406,2190387.0
2021-05-04T00:00:00,227.81935712733815,227.81935712733815,225.07454559568347,225.34902954101562,2569791.0
2021-05-05T00:00:00,227.27037547716526,232.30252964720648,226.44693765185517,232.21104431152344,2021148.0
2021-05-06T00:00:00,232.30254266927528,234.68138490370464,231.2046208537053,233.94943237304688,2179362.0
2021-05-07T00:00:00,236.05379066337542,237.88366500960313,233.67494842894607,233.94943237304688,1787036.0
2021-05-10T00:00:00,234.86441279680008,235.04738350124103,231.84510299598796,232.76004028320312,1615586.0
2021-05-11T00:00:00,229.74072725135971,231.4791022770119,226.26396323922214,227.2703857421875,3025900.0
2021-05-12T00:00:00,227.36188509874327,227.9108529811017,226.26396329485965,227.45338439941406,914399.0
2021-05-14T00:00:00,229.19175529565334,233.12598781944192,228.64278742318686,232.3025360107422,1874858.0
2021-05-17T00:00:00,232.39403473165635,233.1259872395132,229.55772399902344,229.55772399902344,1398103.0
2021-05-18T00:00:00,230.5641558631748,231.93656155283654,229.8322033698553,231.84506225585938,1237211.0
2021-05-19T00:00:00,229.83221259117482,230.38118047339825,226.17246393857383,227.2703857421875,1515065.0
2021-05-20T00:00:00,228.73428313255576,233.30896879520688,227.91084529761164,233.03448486328125,1347473.0
2021-05-21T00:00:00,233.49197530846672,235.68783300879755,231.84508552342712,234.681396484375,1181773.0
2021-05-24T00:00:00,235.23033901796666,236.41974610470214,233.76643404237026,235.1388397216797,542575.0
2021-05-25T00:00:00,235.32185115112375,236.41975900146343,234.86438256639892,235.6878204345703,1478650.0
2021-05-26T00:00:00,235.68781741414327,235.68781741414327,231.93656948313992,233.30897521972656,1168777.0
2021-05-27T00:00:00,233.85794559032414,235.59632062418873,232.57702517936258,232.94300842285156,2210313.0
2021-05-28T00:00:00,233.491970227532,235.230359280903,232.30254907750628,234.40692138671875,1183344.0
2021-05-31T00:00:00,234.1324207080513,235.0473578955948,233.2174835205078,233.2174835205078,1607625.0
2021-06-01T00:00:00,234.5898897482993,238.98160500986683,234.40691906344261,235.96229553222656,1448934.0
2021-06-02T00:00:00,236.60274961528557,236.96871888637543,233.94942353696933,234.22390747070312,992854.0
2021-06-03T00:00:00,234.77287045819685,235.50480898516253,232.85149692283065,235.1388397216797,869622.0
2021-06-04T00:00:00,235.59633622243393,237.06024137164488,233.58347711289454,234.3154296875,1067775.0
2021-06-07T00:00:00,234.49839397174335,235.68782908870227,233.58347072953222,234.0409393310547,1029551.0
2021-06-08T00:00:00,234.5898996442137,235.50483687209413,233.9494463768642,234.13243103027344,269695.0
2021-06-09T00:00:00,238.34112277059162,240.26249633119437,236.69424710245525,237.51768493652344,1228614.0
2021-06-10T00:00:00,238.61560005299555,238.61560005299555,234.68138143541532,235.87078857421875,957469.0
2021-06-11T00:00:00,236.05381274131275,236.96875,234.4984082328767,236.96875,887793.0
2021-06-14T00:00:00,238.34113581640997,239.71354158886533,237.1517286489488,239.25607299804688,1024155.0
2021-06-15T00:00:00,240.81146843643523,245.75212344954107,240.26250056349772,245.3861541748047,2571375.0
2021-06-16T00:00:00,243.55628693981686,245.02016408119815,240.35400683012855,242.5498504638672,1632385.0
2021-06-17T00:00:00,241.26894400432522,242.91581974921252,241.0859454008192,242.5498504638672,1243833.0
2021-06-18T00:00:00,238.61560332125222,242.18388062986884,237.88366475221974,239.62203979492188,2865065.0
2021-06-21T00:00:00,238.5241222184235,242.27534213388745,237.79215575756152,241.451904296875,1312939.0
2021-06-22T00:00:00,241.8179195247822,244.56273145092808,241.0859808464783,244.3797607421875,1239463.0
2021-06-23T00:00:00,245.02017429423987,245.38617151650755,242.09239196777344,242.09239196777344,987684.0
2021-06-24T00:00:00,241.72640558410913,245.6606241504405,241.72640558410913,245.3861541748047,1247581.0
2021-06-28T00:00:00,246.758584942998,246.758584942998,240.6284942626953,240.6284942626953,1645537.0
2021-06-29T00:00:00,240.44550328681612,243.37331371826002,240.26253258589438,240.72000122070312,2376853.0
2021-06-30T00:00:00,240.81147157334996,241.4519108320648,235.4133199944226,235.87078857421875,2210752.0
2021-07-01T00:00:00,236.78573633744352,238.3411407470703,234.68139194481202,238.3411407470703,1129259.0
2021-07-02T00:00:00,238.7071304157147,241.0859729245413,237.2432251855391,238.61563110351562,1208720.0
2021-07-05T00:00:00,238.7986299664122,242.00091044488897,237.33472473477454,241.7264404296875,1093442.0
2021-07-06T00:00:00,241.54340849897739,242.36684635270888,239.8050334918407,240.53697204589844,1290540.0
2021-07-07T00:00:00,241.26891914701716,244.1967010498047,241.085920562365,244.1967010498047,1324055.0
2021-07-08T00:00:00,243.64774759069783,244.1052161576512,238.24962408498118,240.2624969482422,1476666.0
2021-07-09T00:00:00,241.36042836864846,245.47764587402344,241.36042836864846,245.47764587402344,1168685.0
2021-07-12T00:00:00,245.660675027936,248.2224884033203,244.19676970414284,248.2224884033203,1425746.0
2021-07-13T00:00:00,248.8629228722885,251.05876660741626,246.9415491334262,250.3268280029297,1152887.0
2021-07-14T00:00:00,250.14380618010352,250.14380618010352,246.9415262196956,248.86289978027344,1104324.0
2021-07-15T00:00:00,249.0458983752486,251.97368044319376,247.58199338044335,248.86289978027344,960994.0
2021-07-16T00:00:00,249.13738462435143,250.78428831245057,245.29466519545423,246.3011016845703,1881513.0
2021-07-19T00:00:00,247.03300382430567,248.22241082220197,241.81785146379403,244.10519409179688,1953580.0
2021-07-20T00:00:00,249.411883865494,255.17597700046363,248.22244876412424,254.53553771972656,2254012.0
2021-07-21T00:00:00,254.35254913682465,255.084487749846,252.24820468313695,253.7120819091797,1719407.0
2021-07-22T00:00:00,254.16956074855605,255.5419666444374,252.98015347412667,253.62062072753906,842300.0
2021-07-23T00:00:00,254.99303424839988,255.17600495365372,251.51625578853375,253.34613037109375,1533159.0
2021-07-26T00:00:00,253.07159709409444,254.718472638074,252.4311299816228,254.07803344726562,871591.0
2021-07-27T00:00:00,254.07810974132556,255.26751711116773,251.69926707996962,252.70570373535156,792905.0
2021-07-28T00:00:00,252.52266473074218,255.90794350630668,251.69922684312755,254.53553771972656,1112663.0
2021-07-29T00:00:00,255.45047235790304,256.27391023728853,253.71206937494074,254.718505859375,780271.0
2021-07-30T00:00:00,253.4375888461073,254.44402528867408,250.32680814135466,252.61415100097656,2093011.0
2021-08-02T00:00:00,253.98659254635544,255.7249677805656,252.2482173121453,253.0716552734375,993521.0
2021-08-03T00:00:00,253.07158891795157,253.4375581468275,251.24171485190948,252.43112182617188,1577408.0
2021-08-04T00:00:00,252.52267468260288,254.62701913629058,251.60773745549199,253.7120819091797,1470670.0
2021-08-05T00:00:00,254.53555799145997,255.99943527639786,253.5291214168131,253.62062072753906,870123.0
2021-08-06T00:00:00,253.98659764365783,255.17600495365372,252.9801610389158,253.34613037109375,643393.0
2021-08-09T00:00:00,252.8886643147076,254.71853891600313,251.7907563069326,254.35256958007812,520236.0
2021-08-10T00:00:00,254.5355327973434,256.5483778257348,254.5355327973434,255.45046997070312,537580.0
2021-08-11T00:00:00,256.73139469681337,259.65917710689104,256.6398953886334,259.01873779296875,739019.0
2021-08-12T00:00:00,258.83570929338595,261.7635192871094,258.561239322203,261.7635192871094,914101.0
2021-08-13T00:00:00,261.9464953635689,265.88074186888633,261.9464953635689,263.410400390625,1326294.0
2021-08-16T00:00:00,262.952913831397,263.31888308271584,261.67200749094894,262.5869445800781,907900.0
2021-08-17T00:00:00,261.6720027599241,264.23381539450264,261.30603351522194,263.68487548828125,1154617.0
2021-08-18T00:00:00,264.0508539687475,265.14876174125567,259.9336369980966,260.1166076660156,894225.0
2021-08-19T00:00:00,257.73781761371447,258.01228760207107,252.06519586656236,252.98013305664062,1831816.0
2021-08-20T00:00:00,252.6141457449016,254.26102140089696,250.60127290164934,251.9736785888672,1890310.0
2021-08-23T00:00:00,253.8035713316581,255.5419464111328,251.1502590607054,255.5419464111328,1350842.0
2021-08-24T00:00:00,256.1824085407242,256.27390784239356,254.4440334956741,255.45046997070312,924657.0
2021-08-25T00:00:00,255.9079690653544,256.3654377065712,252.98015859289876,255.08450317382812,1030821.0
2021-08-26T00:00:00,253.98654211702214,255.4504470473647,253.25457569101877,255.35894775390625,813891.0
2021-08-27T00:00:00,255.17600509103994,256.36544032334643,254.35256711277864,256.0909423828125,757143.0
2021-08-30T00:00:00,256.18244169632385,256.5484110286988,254.90153507217627,256.0909423828125,644239.0
2021-08-31T00:00:00,256.18239244102347,258.9272037886059,251.79070545355762,252.3396453857422,2822710.0
2021-09-01T00:00:00,254.26108550152233,255.54199221484964,252.6142094303404,254.16958618164062,1209700.0
2021-09-02T00:00:00,254.16956589139448,256.82290634778803,254.0780945004871,255.08450317382812,906392.0
2021-09-03T00:00:00,251.60772193566092,252.06519052099847,248.95440972503636,251.333251953125,1437826.0
2021-09-06T00:00:00,251.60771478671305,254.44402551955096,251.60771478671305,253.80355834960938,643159.0
2021-09-07T00:00:00,253.16311085853175,253.43758082433257,249.68633306895353,251.15023803710938,964558.0
2021-09-08T00:00:00,250.41832908776618,250.41832908776618,244.01376852717544,244.28823852539062,1956423.0
2021-09-09T00:00:00,251.60775024222508,262.2210282004129,249.7778756950089,255.81646728515625,3811151.0
2021-09-10T00:00:00,256.5483822885359,257.8292887691883,249.9608512787521,251.60772705078125,1837531.0
2021-09-13T00:00:00,252.98013278367634,254.901506465101,250.60129050770618,251.4247283935547,1372427.0
2021-09-14T00:00:00,252.33970646308782,252.9801737678777,250.23536175592966,252.70570373535156,1871662.0
2021-09-15T00:00:00,253.07163417617883,253.2546048625073,246.9415437899943,248.31394958496094,1502594.0
2021-09-16T00:00:00,248.77141612952408,251.4247283935547,248.03947754691808,251.4247283935547,1166653.0
2021-09-17T00:00:00,252.61416281139978,254.3525378816532,247.033040388656,247.30751037597656,2122563.0
2021-09-20T00:00:00,244.92867933411594,246.4840556923655,239.2560579950136,240.44546508789062,1665697.0
2021-09-21T00:00:00,240.62848395427676,242.5498576614391,239.43907676119258,239.7135467529297,1985294.0
2021-09-22T00:00:00,241.81786567810062,242.73280278308272,238.06664588500573,240.35398864746094,1200947.0
2021-09-23T00:00:00,241.451904296875,242.00087216210514,239.53053072940233,241.451904296875,1857256.0
2021-09-24T00:00:00,242.45833239792864,242.45833239792864,238.0666454703301,238.798583984375,1451918.0
2021-09-27T00:00:00,241.26894848257072,241.54341847125755,238.89010620117188,238.89010620117188,1308768.0
2021-09-28T00:00:00,238.1581478428842,238.52414506921076,232.48555381650894,233.12600708007812,1967913.0
2021-09-29T00:00:00,233.6749444984831,235.87078809268846,232.76000734075868,233.30897521972656,1324946.0
2021-09-30T00:00:00,234.68138490370464,235.41332347352906,232.21105732846388,233.94943237304688,1565774.0
2021-10-01T00:00:00,230.47268162565678,232.0280860783931,228.00235390783166,230.0152130126953,2262976.0
2021-10-04T00:00:00,230.01520911450012,233.30898865633486,229.00878655954176,229.374755859375,1144231.0
2021-10-05T00:00:00,229.19177496990034,229.28327427677687,224.5255895358801,228.8258056640625,1295076.0
2021-10-06T00:00:00,227.45336754964512,227.45336754964512,222.60419815081679,226.26394653320312,1810160.0
2021-10-07T00:00:00,229.1002731550626,229.92372502543463,226.99592872828006,229.1917724609375,998769.0
2021-10-08T00:00:00,229.28326017836244,229.28326017836244,226.35545006835147,228.45980834960938,1157425.0
2021-10-11T00:00:00,228.36831907266154,228.36831907266154,224.9830404364197,227.81935119628906,1047851.0
2021-10-12T00:00:00,224.34260120208148,229.374755859375,223.33617864712315,229.374755859375,1312676.0
2021-10-13T00:00:00,227.63638055398775,229.37475566799606,222.8787098559557,228.00234985351562,1721017.0
2021-10-14T00:00:00,228.73430159992566,231.57061252409827,228.2768329967258,231.11314392089844,2475616.0
2021-10-15T00:00:00,232.76003019456485,234.68140399877163,230.93015569944774,233.40049743652344,1674684.0
2021-10-18T00:00:00,232.21107077516479,232.39405542821703,229.0087904838311,230.19821166992188,2039048.0
2021-10-19T00:00:00,231.57061498888237,231.6621003339958,229.7407405566062,230.56417846679688,1494080.0
2021-10-20T00:00:00,230.56417330975086,230.83865726061967,228.4598149675348,230.10670471191406,1946867.0
2021-10-21T00:00:00,229.37474156490035,230.10669407978594,227.17889798107655,227.81935119628906,1953562.0
2021-10-22T00:00:00,228.7343292236328,230.1067351989746,227.6364072355265,228.7343292236328,1665142.0
2021-10-25T00:00:00,229.37475923808157,229.6492431974166,225.3490410372812,225.8979949951172,1460133.0
2021-10-26T00:00:00,226.4469315207266,228.8257735573984,224.98302658110822,227.6363525390625,2411306.0
2021-10-27T00:00:00,215.5592152478414,225.62352469732605,210.43556121649738,223.336181640625,3514338.0
2021-10-28T00:00:00,224.61708884275663,228.8258056640625,223.70215161732787,228.8258056640625,2112829.0
2021-10-29T00:00:00,228.00234636969802,231.20462655455566,227.0874091740244,230.10670471191406,2245231.0
2021-11-01T00:00:00,230.9301428155322,233.21748580681455,230.9301428155322,231.47911071777344,1101386.0
2021-11-02T00:00:00,231.93656462430954,234.40690606708085,230.65565821466225,234.22390747070312,1195987.0
2021-11-03T00:00:00,234.40691664138345,236.7857309716107,233.4004801592359,236.51126098632812,1059688.0
2021-11-04T00:00:00,237.60919427237158,237.60919427237158,231.75358800652347,236.87722778320312,1463759.0
2021-11-05T00:00:00,237.51771505053696,237.51771505053696,233.40049743652344,233.40049743652344,599254.0
2021-11-08T00:00:00,234.86440547368701,237.88368725868727,233.8579689047972,236.96875,1649979.0
2021-11-09T00:00:00,237.24318704405712,239.25605990214862,236.23677853667675,237.51768493652344,1456048.0
2021-11-10T00:00:00,238.70707107404277,244.19669338124956,237.79213402284165,244.10519409179688,2222022.0
2021-11-11T00:00:00,244.1052048783457,247.21601332722065,243.1902677867152,246.39254760742188,1680500.0
2021-11-12T00:00:00,246.75857027765332,247.85647814805236,245.20316589250422,246.3011016845703,1292207.0
2021-11-15T00:00:00,245.93511688668184,247.2160513493049,242.64136518756104,243.92227172851562,910170.0
2021-11-16T00:00:00,243.92226676575842,245.56914258181206,242.54986094515775,244.8372039794922,1000043.0
2021-11-17T00:00:00,244.28820034213078,244.65416958977124,241.45188981000547,244.1967010498047,1737094.0
2021-11-18T00:00:00,248.31396462637497,248.95443187148877,244.654215618111,245.7521514892578,1494553.0
2021-11-19T00:00:00,246.1180780840096,248.49692011079011,244.6541731504782,247.9479522705078,1519524.0
2021-11-22T00:00:00,248.08621226740206,249.83718651604914,247.44110316967377,248.454833984375,1536287.0
2021-11-23T00:00:00,247.44112898603774,248.2705349667701,243.75485518363865,246.33523559570312,1180218.0
2021-11-24T00:00:00,246.79600309490885,247.25678728898004,243.84700112727447,245.4136505126953,1205667.0
2021-11-25T00:00:00,246.88818229087045,247.07250723060525,245.78231702457302,246.33523559570312,1028790.0
2021-11-26T00:00:00,239.23917547987935,241.0823123816904,235.82936096191406,235.82936096191406,2088793.0
2021-11-29T00:00:00,237.76466505131665,239.8842612808412,236.93525905385218,238.6862335205078,1421244.0
2021-11-30T00:00:00,236.19794971205593,237.9489520233277,231.68227055843036,233.89404296875,1274680.0
2021-12-01T00:00:00,235.82934000652259,242.37248105134688,235.09209656092324,242.1881561279297,1506735.0
2021-12-02T00:00:00,241.4509158860594,243.01759338378906,238.13326408877217,243.01759338378906,2020411.0
2021-12-03T00:00:00,239.69996514050595,241.26661466814662,234.72348695556383,239.1470184326172,2031671.0
2021-12-06T00:00:00,243.29407278168514,247.0725090822688,241.45093586667238,246.61172485351562,1677799.0
2021-12-07T00:00:00,251.03526168762994,251.58820842986614,248.54704353362644,249.37644958496094,2047093.0
2021-12-08T00:00:00,249.376445085689,254.1685844758501,246.3352521202792,246.88819885253906,2021357.0
2021-12-09T00:00:00,249.37641703165505,254.1685558827162,246.33522440836953,248.36268615722656,3467013.0
2021-12-10T00:00:00,246.98031899244904,250.6665924102468,246.51953481522432,248.454833984375,885710.0
2021-12-13T00:00:00,248.63914050145223,249.6528713557855,245.5058135986328,245.5058135986328,1496270.0
2021-12-14T00:00:00,246.7960146216552,248.08623292454308,241.08230722273183,241.63525390625,1262937.0
2021-12-15T00:00:00,242.92546219080862,244.49211176616615,240.6215409411311,244.2156524658203,1609510.0
2021-12-16T00:00:00,247.80973645647103,248.4548455843184,245.13719372859794,245.7823028564453,1329662.0
2021-12-17T00:00:00,245.04502930864166,246.33521943000545,243.2018925283976,245.13719177246094,2383523.0
2021-12-20T00:00:00,239.05486123283646,242.4646759033203,236.84310247654028,242.4646759033203,987859.0
2021-12-21T00:00:00,244.67641023869268,246.2430877685547,243.38622010329578,246.2430877685547,1278794.0
2021-12-22T00:00:00,246.42738966224456,250.20582580566406,245.69014617652007,250.20582580566406,1228245.0
2021-12-23T00:00:00,251.03520663834738,254.1685333251953,249.8371790629163,254.1685333251953,1077145.0
2021-12-27T00:00:00,253.7077801650096,254.44505179109063,252.1411306921565,253.89210510253906,794013.0
2021-12-28T00:00:00,253.89212365459196,257.3019383797864,253.89212365459196,256.196044921875,862717.0
2021-12-29T00:00:00,256.1960144962884,258.31561056085206,256.1960144962884,256.56463623046875,1370577.0
2021-12-30T00:00:00,256.6568431356777,257.30195237522196,253.7078125035331,254.53724670410156,1027912.0
2022-01-03T00:00:00,253.43134138987236,258.22350891304194,253.43134138987236,257.947021484375,902688.0
2022-01-04T00:00:00,258.49990946523627,260.25088361933865,257.4861787052719,259.69793701171875,1505912.0
2022-01-05T00:00:00,260.5273986576069,261.2646421300527,257.39404358962287,257.4862060546875,655256.0
2022-01-07T00:00:00,253.70780610987433,255.09015891059803,249.56074770770323,250.2980194091797,1830735.0
2022-01-10T00:00:00,251.58819988842046,252.14114661188404,243.847030132046,244.4921112060547,1299708.0
2022-01-11T00:00:00,246.98031616210938,247.9940469651935,244.76855776158385,246.98031616210938,1958620.0
2022-01-12T00:00:00,248.9156080352811,252.7861780920867,246.1509030844058,251.3116912841797,1632566.0
2022-01-13T00:00:00,251.31169949364983,251.77248366718123,247.16464193186704,247.80972290039062,1309531.0
2022-01-14T00:00:00,246.24312457651084,246.70390884546086,240.1607666015625,240.1607666015625,1249311.0
2022-01-17T00:00:00,240.34503698369357,243.93917638518488,240.25290263927525,242.55682373046875,792537.0
2022-01-18T00:00:00,241.54308452197284,241.54308452197284,236.47445829559203,237.7646484375,1744092.0
2022-01-19T00:00:00,234.99997458838504,239.69997970496064,233.7097842742763,237.94900512695312,1828099.0
2022-01-20T00:00:00,238.68622176277935,241.1744677566391,235.73720561904054,240.99014282226562,1383289.0
2022-01-21T00:00:00,237.76464719523557,239.14699979520785,234.81563112769823,237.580322265625,1172742.0
2022-01-24T00:00:00,236.38229476974846,236.38229476974846,225.5999472944091,227.35092163085938,953949.0
2022-01-25T00:00:00,230.48426045231275,230.94504464828935,223.75680837865053,225.96856689453125,1504473.0
2022-01-26T00:00:00,226.79800694429096,231.12937595716784,225.69211352651905,229.19407653808594,1203151.0
2022-01-27T00:00:00,225.32348766149948,228.0881930315792,223.20387739870125,226.0607452392578,1456244.0
2022-01-28T00:00:00,226.060731404394,227.2587731371791,224.4019054714622,226.9822998046875,1679556.0
2022-01-31T00:00:00,231.0372043575626,233.89407213724385,230.39210926402697,233.1568145751953,2199072.0
2022-02-01T00:00:00,235.4607356293505,237.02741322170453,232.60386785013614,232.97250366210938,1469526.0
2022-02-02T00:00:00,235.9215087890625,236.10583371741814,233.98620953747013,235.9215087890625,1269818.0
2022-02-03T00:00:00,237.11952386922604,237.11952386922604,226.70581282252058,228.27247619628906,1743946.0
2022-02-04T00:00:00,239.60780996646523,245.59800521562684,236.01369844177597,244.2156524658203,3681182.0
2022-02-07T00:00:00,248.82349040956623,251.95681762695312,246.243109906786,251.95681762695312,2571078.0
2022-02-08T00:00:00,250.5744560932695,250.66661856313692,245.41366714510337,246.33523559570312,2076101.0
2022-02-09T00:00:00,250.02150427268933,253.7077779995202,249.19209830895971,252.14112854003906,1467590.0
2022-02-10T00:00:00,251.95680174952628,252.69407336388764,249.46858387665222,251.86463928222656,1286494.0
2022-02-11T00:00:00,248.82348421492253,250.29799937581845,247.072509765625,247.072509765625,1263573.0
2022-02-14T00:00:00,241.81954877887344,242.83327966985468,236.93524738237704,240.99014282226562,2256440.0
2022-02-15T00:00:00,240.71368830283012,244.8607462918786,239.6077949228024,243.84701538085938,1112772.0
2022-02-16T00:00:00,244.76858678527316,247.6254546148903,243.75485586198488,246.7960205078125,1531250.0
2022-02-17T00:00:00,247.6254565334728,250.29799944354878,246.70388807316817,247.44113159179688,1373793.0
2022-02-18T00:00:00,248.36268598174487,249.1920919242237,245.5979807574583,247.6254425048828,1703969.0
2022-02-21T00:00:00,248.82345278943438,249.56069621475245,237.21168603445398,238.0410919189453,1730804.0
2022-02-22T00:00:00,233.1568065007167,240.25289446991806,232.60385983282484,238.13327026367188,1627156.0
2022-02-23T00:00:00,239.6999477123798,242.18816553090892,237.48818916567535,237.7646484375,1509022.0
2022-02-24T00:00:00,227.8117197851622,230.66858762701037,222.28230904250285,226.61367797851562,2654631.0
2022-02-25T00:00:00,228.36461443681185,233.52538818320502,226.15284220663008,231.95872497558594,2017972.0
2022-02-28T00:00:00,228.73328182137755,233.3411239775778,225.04700809641733,231.8666229248047,2600982.0
2022-03-01T00:00:00,229.5626875579173,235.09209780118772,229.10190337097808,232.69601440429688,1632040.0
2022-03-02T00:00:00,230.20779835139294,234.90778894239986,225.3234828233902,232.97250366210938,2231034.0
2022-03-03T00:00:00,233.52543694336674,234.999952071367,231.22151584462785,233.2489776611328,1331512.0
2022-03-04T00:00:00,232.23524533360168,234.2626930756977,222.19015502929688,222.19015502929688,1683134.0
2022-03-07T00:00:00,215.37053417486348,222.8352439057762,212.9744647508552,218.78033447265625,3117340.0
2022-03-08T00:00:00,215.8313446044922,221.9137024622271,212.97449062926856,215.8313446044922,2297154.0
2022-03-09T00:00:00,220.89996068076636,223.48035522358683,213.89604870684678,219.05682373046875,3836620.0
2022-03-10T00:00:00,221.8215172854659,225.50779098879565,218.1352435821361,221.5450439453125,2246478.0
2022-03-11T00:00:00,221.54505143107838,227.81171975088654,220.34702368663073,226.4293670654297,2743091.0
2022-03-14T00:00:00,227.25877539289448,232.78818584953893,224.49407016457224,228.91758728027344,1410042.0
2022-03-15T00:00:00,227.16662870886898,229.74702324697188,222.8352596959921,229.19407653808594,1303974.0
2022-03-16T00:00:00,233.24894463662125,242.0960060279763,229.7469822499592,240.71365356445312,2101276.0
2022-03-17T00:00:00,241.26662146389546,247.34897917391774,241.26662146389546,244.4921112060547,1937662.0
2022-03-18T00:00:00,244.95283663077663,245.87440490722656,240.52932015342975,245.87440490722656,2129805.0
2022-03-21T00:00:00,245.87444907886092,245.96661154786938,242.18817531081783,243.84701538085938,1183586.0
2022-03-22T00:00:00,244.6764366131912,245.13722086293356,240.4372158907538,243.47840881347656,1403768.0
2022-03-23T00:00:00,245.22937073310587,247.0725076373396,242.00388115069683,245.321533203125,1341931.0
2022-03-24T00:00:00,244.676440226787,245.32154943556932,236.2901611328125,236.2901611328125,1508764.0
2022-03-25T00:00:00,235.55287913643636,236.75090675836057,230.023468960107,231.22149658203125,1403187.0
2022-03-28T00:00:00,232.23523600755945,237.7646463886918,231.77445180913173,236.75091552734375,1621146.0
2022-03-29T00:00:00,238.5018927101859,240.43719199154478,235.09210647544492,238.59405517578125,1370398.0
2022-03-30T00:00:00,238.59406762951568,238.59406762951568,231.59015580124657,236.38230895996094,1529731.0
2022-03-31T00:00:00,238.59406491976674,241.08231097227977,234.17054763089584,234.9077911376953,2165599.0
2022-04-01T00:00:00,234.44700950945617,237.2117148766055,232.7881975387815,236.01368713378906,1081930.0
2022-04-04T00:00:00,236.10585372528573,239.9764244324314,233.4332967198486,239.1470184326172,1297426.0
2022-04-05T00:00:00,238.22542153429052,241.45091080071222,237.7646373533731,239.79209899902344,1288402.0
2022-04-06T00:00:00,238.59407902120282,240.5293784959782,230.7607467713338,233.61761474609375,1980466.0
2022-04-07T00:00:00,234.5391561054079,237.67248301796187,232.69601931872492,235.55288696289062,1372172.0
2022-04-08T00:00:00,236.84307736990752,238.22542996156068,234.8156297145531,236.65875244140625,1124097.0
2022-04-11T00:00:00,236.29015229723058,236.29015229723058,229.00976694082092,229.7470245361328,1535414.0
2022-04-12T00:00:00,227.44308679256977,230.392102897251,223.75681314621374,228.64112854003906,1260641.0
2022-04-13T00:00:00,228.64111412619522,229.65483087782627,225.87640906571895,229.47052001953125,1043529.0
2022-04-14T00:00:00,230.85289344482308,232.97250366210938,229.00975657101213,232.97250366210938,506787.0
2022-04-19T00:00:00,233.7097847546002,233.7097847546002,225.87645225222153,228.4568328857422,1850366.0
2022-04-20T00:00:00,230.76071880175814,236.6587508619751,230.11562374236215,235.1842498779297,1428582.0
2022-04-21T00:00:00,236.8431129293977,241.35879311530593,235.36859765211105,238.87057495117188,1136542.0
2022-04-22T00:00:00,236.3822931726898,237.94897069284423,234.44699391956829,236.65875244140625,1532501.0
2022-04-25T00:00:00,233.06466530249037,233.98623379172443,229.37839134555406,231.40585327148438,1280071.0
2022-04-26T00:00:00,232.7882194553744,237.94900891807302,230.3921356201172,230.3921356201172,1908870.0
2022-04-27T00:00:00,236.01368090529664,237.30387108444359,224.2176021710255,232.05093383789062,2316649.0
2022-04-28T00:00:00,235.7681933225798,237.7197686120871,224.61636693746496,226.84674072265625,2204620.0
2022-04-29T00:00:00,230.5640292713192,235.58234575735145,229.63471035314427,233.25904846191406,1981159.0
2022-05-02T00:00:00,230.09936861454034,232.32972833443844,204.4501609343058,225.45277404785156,2092727.0
2022-05-03T00:00:00,227.77607519120664,227.77607519120664,224.8022432739047,226.01036071777344,1340304.0
2022-05-04T00:00:00,226.10328465826072,226.3820831562431,221.45669029282288,223.03652954101562,1181978.0
2022-05-05T00:00:00,227.68313357741363,227.77607114078222,217.92528499552446,219.41220092773438,1616629.0
2022-05-06T00:00:00,218.20408299959055,218.57580489164081,211.88471157276754,215.9737091064453,1775348.0
2022-05-09T00:00:00,214.6726560030702,216.53129371738248,210.3048602104924,212.1634979248047,1386477.0
2022-05-10T00:00:00,214.85851664325,220.8990892064658,213.5574759171311,214.30093383789062,1889063.0
2022-05-11T00:00:00,215.2302654757854,216.8101047885471,212.2564336161383,214.67266845703125,1740015.0
2022-05-12T00:00:00,211.42004514995375,212.25642646964346,206.86638831114396,211.88470458984375,2276164.0
2022-05-13T00:00:00,212.9998725156012,216.99594631157046,211.4200333442496,216.71714782714844,861448.0
2022-05-16T00:00:00,216.62425465096024,218.76167690884256,214.85854012365846,217.55357360839844,1675464.0
2022-05-17T00:00:00,218.4828904692766,223.59414468613923,217.73943247440386,221.82843017578125,1479410.0
2022-05-18T00:00:00,222.85067833915352,223.03653928583546,218.01822282401668,218.5758056640625,1452226.0
2022-05-19T00:00:00,215.3231987464512,216.53131622237493,212.72110283991137,216.2525177001953,1029108.0
2022-05-20T00:00:00,217.46062878024193,220.99204353666113,215.7878518766453,216.066650390625,1595314.0
2022-05-23T00:00:00,218.48288363078228,220.2485839055922,216.06664876814423,217.7394256591797,1111539.0
2022-05-24T00:00:00,215.601985766198,219.5051223276333,215.13732631411568,216.34544372558594,925959.0
2022-05-25T00:00:00,217.08890614182687,218.76166885944028,213.18575531997843,213.4645538330078,788885.0
2022-05-27T00:00:00,218.11111417043256,225.17394254918807,218.11111417043256,224.52342224121094,1447853.0
2022-05-30T00:00:00,225.3598174575816,228.24071151781118,225.3598174575816,226.66085815429688,676905.0
2022-05-31T00:00:00,225.91741472461428,227.21845542302262,223.12945821635634,223.22238159179688,4337422.0
2022-06-01T00:00:00,223.77998635579533,225.91742258925757,219.59805144782678,221.2708282470703,1306160.0
2022-06-02T00:00:00,221.5496206436304,228.42658902904944,221.27083631715593,227.1255340576172,1184577.0
2022-06-03T00:00:00,228.79831869712578,229.72763763105422,225.63863999388172,226.4750213623047,767337.0
2022-06-07T00:00:00,228.33363200457617,230.74986661680063,225.26687705222355,228.7053680419922,1132894.0
2022-06-08T00:00:00,231.6791883707987,231.6791883707987,225.63861594410062,226.66085815429688,986271.0
2022-06-09T00:00:00,225.2669098161567,226.1033053867823,221.82843250655878,222.75775146484375,1341039.0
2022-06-10T00:00:00,218.94755586276975,221.64257521422607,216.25252233103123,218.1111602783203,1714246.0
2022-06-13T00:00:00,214.2079938374697,216.25249246103377,211.42003730162412,213.37161254882812,2027313.0
2022-06-14T00:00:00,214.57974059622805,215.97371902586215,205.0077667236328,205.0077667236328,1795891.0
2022-06-15T00:00:00,206.68050604663787,211.04831597484647,204.45014648437498,209.09674072265625,1569401.0
2022-06-16T00:00:00,207.33105860137226,208.4462384794133,199.15304919526898,200.54702758789062,1860242.0
2022-06-17T00:00:00,200.5470134555987,203.7996294758415,199.43183365614297,202.31271362304688,3343953.0
2022-06-20T00:00:00,203.98548046821122,203.98548046821122,192.64779372926867,197.2943878173828,1591502.0
2022-06-21T00:00:00,199.52477391612214,201.84807127001338,198.31665645604238,199.3389129638672,1550702.0
2022-06-22T00:00:00,198.13077521370735,200.7328708196477,194.5993607613797,199.61769104003906,1841176.0
2022-06-23T00:00:00,198.22372835736832,199.24597066060804,195.80749349465373,197.4802703857422,1444823.0
2022-06-27T00:00:00,203.24202439179257,207.05223725016052,202.12684463674924,205.9370574951172,1939591.0
2022-06-28T00:00:00,206.30880432840524,208.260379771192,202.68446614069455,202.7773895263672,1586485.0
2022-06-29T00:00:00,201.1975624240884,204.6360398696445,198.8742649365123,203.9855194091797,1509401.0
2022-06-30T00:00:00,201.0116905767746,202.6844675133085,198.3166571289473,201.94100952148438,2451412.0
2022-07-01T00:00:00,199.98941526383263,203.33496882237418,197.10853531424226,201.84805297851562,1610013.0
2022-07-04T00:00:00,201.56928092630264,205.75121633290877,201.38341996650993,202.59153747558594,936467.0
2022-07-05T00:00:00,204.45016645157276,205.9370824251514,201.38341111874283,202.7773895263672,2438137.0
2022-07-06T00:00:00,205.84414110859288,209.74727774276724,205.75120354433196,208.2603759765625,1250013.0
2022-07-07T00:00:00,209.74727175514505,215.23026174354442,209.74727175514505,214.57972717285156,2134685.0
2022-07-08T00:00:00,213.37162514137825,216.25250522360474,209.93313386668177,215.0443878173828,964416.0
2022-07-11T00:00:00,211.88470184972056,214.02213808162912,210.30486261058138,213.0928192138672,1012411.0
2022-07-12T00:00:00,211.04834090633096,217.55357360839844,210.58368142761185,217.55357360839844,1342154.0
2022-07-13T00:00:00,216.34544210684726,216.5313030502333,209.56141132114854,211.14125061035156,1178751.0
2022-07-14T00:00:00,210.02607235644857,211.97764772744839,206.68051862910065,209.46847534179688,1630253.0
2022-07-15T00:00:00,209.37553402466452,211.04831074505026,207.51689637540923,210.67657470703125,1721981.0
2022-07-18T00:00:00,212.25642779197668,213.83628124166964,210.11900569939135,211.04832458496094,2005969.0
2022-07-19T00:00:00,214.20801464576562,214.20801464576562,201.47634806469833,212.25643920898438,2970419.0
2022-07-20T00:00:00,213.37161771025188,214.67265845300636,210.76952204446235,213.0928192138672,1381780.0
2022-07-21T00:00:00,213.0928338247315,217.92528943237826,212.8140353092308,216.53131103515625,2043499.0
2022-07-22T00:00:00,216.90302162042056,216.995959180833,214.02214159128462,215.787841796875,1134236.0
2022-07-25T00:00:00,214.39385504158406,215.4161114447989,210.95537814574902,211.2341766357422,1376890.0
2022-07-26T00:00:00,209.74725566595473,214.11505130114134,209.74725566595473,212.8140106201172,959269.0
2022-07-27T00:00:00,214.85852580977712,215.32318525754062,212.34936762791054,213.2786865234375,678226.0
2022-07-28T00:00:00,214.30095010255613,217.18183026626227,213.65041550984307,216.066650390625,942370.0
2022-07-29T00:00:00,218.38994414478285,222.57187924542762,217.46062523352848,222.0142822265625,1495773.0
2022-08-01T00:00:00,222.10722368780517,223.96586154293325,218.94754500620004,220.80618286132812,903098.0
2022-08-02T00:00:00,219.7839280108719,220.34152504368868,218.11115109270324,219.13340759277344,688680.0
2022-08-03T00:00:00,218.85460771921973,220.71324557670778,217.18183081142416,219.96978759765625,703565.0
2022-08-04T00:00:00,219.9697669271203,224.33756264571966,219.59804506266596,222.38600158691406,719961.0
2022-08-05T00:00:00,219.04046343815784,221.36376070453687,212.8140296003183,212.90696716308594,1560265.0
2022-08-08T00:00:00,214.67264924185343,218.2040636238793,214.57971168695278,216.71714782714844,711985.0
2022-08-09T00:00:00,216.6242588913103,217.18184176851855,210.02608849222915,210.76954650878906,948932.0
2022-08-10T00:00:00,209.65434417621887,217.4606170654297,208.72502529987088,217.4606170654297,1339960.0
2022-08-11T00:00:00,218.9475212590717,220.52736042852433,215.97368966918444,220.15562438964844,1397685.0
2022-08-12T00:00:00,222.10721647043795,222.10721647043795,217.46062198360872,218.01821899414062,916900.0
2022-08-15T00:00:00,218.668763076798,221.7355186064136,217.64650650683197,220.43446350097656,665450.0
2022-08-16T00:00:00,220.99206350484818,221.4567230100391,218.6687659788937,219.22634887695312,907890.0
2022-08-17T00:00:00,219.41219492289667,220.34151381002408,216.1595788179507,217.08889770507812,1034352.0
2022-08-18T00:00:00,216.7171584664791,222.47893264618506,215.69491621378648,221.73548889160156,1165196.0
2022-08-19T00:00:00,220.06272102109702,224.05879517554717,219.8768600749024,222.0142822265625,1572573.0
2022-08-22T00:00:00,222.0142505037899,223.96582561068348,216.53127538294294,216.81007385253906,1457545.0
2022-08-23T00:00:00,213.74335517798738,217.18183240348998,211.97765487254273,212.25643920898438,899390.0
2022-08-24T00:00:00,211.51297015736407,213.37160780661938,209.56139495353406,210.67657470703125,1400027.0
2022-08-25T00:00:00,211.8847037209967,211.9776412807059,207.79570633884413,209.28260803222656,981678.0
2022-08-26T00:00:00,210.30487550149257,211.6988538885812,204.7289619531381,205.2865447998047,1057440.0
2022-08-29T00:00:00,202.8703119215458,203.61376985273887,199.15303644586115,201.47633361816406,1236617.0
2022-08-30T00:00:00,202.21981555600053,206.86641045222956,201.84807945613284,202.59153747558594,1073135.0
2022-08-31T00:00:00,204.17136435920855,204.45016287190836,200.17529015792863,201.38340759277344,2392081.0
2022-09-01T00:00:00,199.61765518908405,200.73283476840854,195.62158203125,195.62158203125,1617588.0
2022-09-02T00:00:00,198.03785536175317,202.31271362304688,196.55093950895855,202.31271362304688,1578933.0
2022-09-05T00:00:00,197.29441044700386,200.73288763054487,197.29441044700386,199.2459716796875,1098065.0
2022-09-06T00:00:00,199.06008892665264,201.6621844654891,198.59542951544182,199.896484375,1011336.0
2022-09-07T00:00:00,197.94494339900734,200.17530328631986,195.71458351169485,199.15306091308594,1230373.0
2022-09-08T00:00:00,200.3611526053602,201.7551309003503,196.5509395936083,201.0116729736328,1305449.0
2022-09-09T00:00:00,201.1045846235204,205.10065833883334,200.73286277198045,204.54307556152344,1151224.0
2022-09-12T00:00:00,205.56531373417084,211.60588587570103,205.0077309677357,211.32708740234375,1128153.0
2022-09-13T00:00:00,212.3493779436119,212.99989836602614,206.68052673339844,206.68052673339844,1768317.0
2022-09-14T00:00:00,205.65825942713343,207.14516104343778,202.1268450454557,202.96322631835938,1505014.0
2022-09-15T00:00:00,202.96323098935866,208.539144084454,200.54701048965217,205.65826416015625,2835537.0
2022-09-16T00:00:00,203.61376778292134,204.17135059043764,197.10853576660156,197.10853576660156,3295587.0
2022-09-19T00:00:00,197.01562441591344,199.89651893561754,195.90044447225716,199.15306091308594,971220.0
2022-09-20T00:00:00,200.54701995580066,200.63994333693688,193.01953125,193.01953125,1502943.0
2022-09-21T00:00:00,191.43969641241682,196.64388800642027,190.88209939153026,195.71456909179688,1788417.0
2022-09-22T00:00:00,194.41352694193677,194.8781864299339,189.4881335331109,190.0457305908203,1713085.0
2022-09-23T00:00:00,190.23158635860517,191.25384287641467,185.86379012668445,190.32452392578125,1713114.0
2022-09-26T00:00:00,190.32452226176457,194.04179803179795,189.39520331925624,191.99729919433594,1680091.0
2022-09-27T00:00:00,193.94884893636782,194.69230688223684,190.97503133317264,192.55487060546875,2045995.0
2022-09-28T00:00:00,190.32450289930304,196.36507541107602,189.85984347532053,196.17921447753906,2034827.0
2022-09-29T00:00:00,195.80749334776502,195.80749334776502,190.13865645146632,191.439697265625,2005867.0
2022-09-30T00:00:00,193.48418030463355,196.17921345789293,191.3467441293672,194.87815856933594,2433777.0
2022-10-03T00:00:00,194.59937884670413,197.10855130936685,189.85986079782452,196.27215576171875,1637441.0
2022-10-04T00:00:00,200.1752922197873,203.1491241455078,197.85199489049413,203.1491241455078,1664500.0
2022-10-05T00:00:00,202.68446231688725,204.914822054896,200.6399493467176,202.2198028564453,1414418.0
2022-10-06T00:00:00,203.70669323146262,204.26429022492755,200.73287568697103,201.47633361816406,3142553.0
2022-10-07T00:00:00,201.94098878328154,203.98548741562814,193.57711913981615,194.04177856445312,1942316.0
2022-10-10T00:00:00,191.9043511686579,196.36508468563204,190.9750322768,193.85592651367188,2274782.0
2022-10-11T00:00:00,193.57711694684954,193.94883881023588,189.8598415918655,190.9750213623047,3267665.0
2022-10-12T00:00:00,190.97503824622652,191.90435716713273,188.00122053538294,189.30226135253906,6240242.0
2022-10-13T00:00:00,188.55880136229197,193.94885388193396,185.2132617909937,193.1124725341797,1930858.0
2022-10-14T00:00:00,195.15694942200582,197.75904491702184,193.20537425567392,194.22763061523438,1398696.0
2022-10-17T00:00:00,193.94885214007354,196.82974641029813,189.30225762698944,196.08628845214844,2062115.0
2022-10-18T00:00:00,199.15304036646071,201.19753908227992,197.01560408980757,200.73287963867188,2476062.0
2022-10-19T00:00:00,201.29047822513365,202.2197971196536,198.781305865705,199.0601043701172,1701467.0
2022-10-20T00:00:00,198.22372954383715,199.896506444938,195.7145712823266,197.94493103027344,1847994.0
2022-10-21T00:00:00,195.9004223480392,197.3873240448953,194.1347079714041,196.36508178710938,1994329.0
2022-10-24T00:00:00,198.13078744995312,202.5915210241559,197.85198894276274,202.12686157226562,1158831.0
2022-10-25T00:00:00,202.49858685686843,204.82188415527344,199.4318457671989,204.82188415527344,1812329.0
2022-10-26T00:00:00,208.91087925541913,213.6503968581885,206.49464458557418,213.37161254882812,2231312.0
2022-10-27T00:00:00,211.14124784775126,213.74334356195294,208.4462287532129,212.349365234375,1606116.0
2022-10-28T00:00:00,211.79178130682936,211.79178130682936,207.51692267983765,210.1190185546875,1188460.0
2022-10-31T00:00:00,210.6765904757497,210.6765904757497,206.77345395622768,207.2381134033203,2017593.0
2022-11-01T00:00:00,209.00381885057755,211.141255196648,205.8441402035387,206.95932006835938,1190800.0
2022-11-02T00:00:00,207.51694359426892,209.18972069528203,206.2158884355773,207.7028045654297,1093062.0
2022-11-03T00:00:00,205.8441370419139,206.21585893105097,200.73288307473322,203.4279022216797,1608052.0
2022-11-04T00:00:00,203.98547094808123,208.63206481933594,203.52081156095576,208.63206481933594,752601.0
2022-11-07T00:00:00,206.40174780825342,208.26038573834023,203.7067143014583,205.10069274902344,1526924.0
2022-11-08T00:00:00,201.3833996668689,211.8847059098612,201.10460116514187,211.04832458496094,2399332.0
2022-11-09T00:00:00,211.04832327015404,212.6281625297239,209.74726833029356,211.88470458984375,1389377.0
2022-11-10T00:00:00,210.11899198431473,225.35981504073052,208.26035433449428,224.4304962158203,2022742.0
2022-11-11T00:00:00,227.03261858228257,227.49727804963055,221.73550349057183,225.17398071289062,2102386.0
2022-11-14T00:00:00,224.98809540201836,229.44881446136122,224.05877656794192,227.49725341796875,1492616.0
2022-11-15T00:00:00,228.61245774639642,229.35591572959547,226.19622284606982,226.4750213623047,1536883.0
2022-11-16T00:00:00,226.4750302193203,229.44884808813546,220.52739448168998,221.5496368408203,892559.0
2022-11-17T00:00:00,221.6425579503681,224.24465370995063,220.43444054267465,221.0849609375,1604198.0
2022-11-18T00:00:00,221.36374640490192,224.24464050122464,221.36374640490192,222.8506622314453,1401629.0
2022-11-21T00:00:00,222.66316589325737,224.25696253538152,220.319343094381,222.94442749023438,1096972.0
2022-11-22T00:00:00,221.35064343121215,226.4132952423577,220.50685859231464,225.66326904296875,1107090.0
2022-11-23T00:00:00,226.88202426389861,230.35087879855743,225.00696621213086,230.1633758544922,1322812.0
2022-11-24T00:00:00,230.16339921940636,230.5384051456054,226.4132827351798,227.53831481933594,840329.0
2022-11-25T00:00:00,226.9757865168202,228.85084459855995,226.6007663171375,228.382080078125,800537.0
2022-11-28T00:00:00,227.4445766502975,228.19458852300764,223.8819630326865,225.1007537841797,1141434.0
2022-11-29T00:00:00,225.28825671027596,227.069556365969,223.03817817588745,223.50694274902344,877532.0
2022-11-30T00:00:00,228.75712150984018,228.75712150984018,223.4132080078125,223.4132080078125,4472980.0
2022-12-01T00:00:00,225.94452903326896,228.56961355949772,225.19450283926648,226.78829956054688,1148066.0
2022-12-02T00:00:00,226.60077567157717,227.8195663361332,223.506926847876,226.6945343017578,955278.0
2022-12-05T00:00:00,226.69454817993662,226.97580978213884,224.25696670159647,225.75701904296875,1151304.0
2022-12-06T00:00:00,225.75701054762916,226.60078101692503,219.94433297827413,220.1318359375,1693376.0
2022-12-07T00:00:00,218.72555473866723,219.8505868636379,215.35044405819565,218.2567901611328,1636846.0
2022-12-08T00:00:00,218.53803862142271,220.41309681875603,217.22548929995412,219.66307067871094,922493.0
2022-12-09T00:00:00,220.600596716171,223.1319223863328,219.8505705865338,221.9131317138672,1290645.0
2022-12-12T00:00:00,222.19439923022864,222.19439923022864,219.56931485922385,221.5381317138672,1188106.0
2022-12-13T00:00:00,222.19440766646642,226.78829476097548,219.4755788645014,223.50694274902344,1930735.0
2022-12-14T00:00:00,223.60067897430844,224.06944350046004,217.78800171114034,222.47564697265625,1737704.0
2022-12-15T00:00:00,217.22549013889363,219.66307152706457,214.41290283203125,214.41290283203125,2087520.0
2022-12-16T00:00:00,213.66286515297296,216.0066877821436,212.81909472869472,214.69415283203125,2862849.0
2022-12-19T00:00:00,216.19421243335233,217.1317415170953,214.3191542658664,215.25668334960938,1417767.0
2022-12-20T00:00:00,212.6316012497836,214.41290080506667,210.75654306293467,210.9440460205078,1532485.0
2022-12-21T00:00:00,211.97534229756062,214.7879296913068,211.69408069707416,214.5066680908203,1266088.0
2022-12-22T00:00:00,214.22541102222732,215.2566988106413,210.28779144879502,211.60032653808594,864864.0
2022-12-23T00:00:00,211.3190585717093,212.44410496359544,210.00652352192094,211.03781127929688,944509.0
2022-12-27T00:00:00,213.56913023365368,214.03789478012544,212.16283659423834,213.00660705566406,551683.0
2022-12-28T00:00:00,213.00660562473138,213.8503903860474,211.31905040765787,212.06907653808594,687527.0
2022-12-29T00:00:00,211.41282333535577,213.6628875732422,210.19403257918418,213.6628875732422,520418.0
2022-12-30T00:00:00,212.53782199268008,214.13161843572146,209.72523498535156,209.72523498535156,1093453.0
2023-01-02T00:00:00,211.69409543559567,212.16286003385625,210.19404299893768,211.97535705566406,430890.0
2023-01-03T00:00:00,211.881593809023,214.8816843115786,211.31907058111136,213.2878875732422,840469.0
2023-01-04T00:00:00,215.63168624351763,217.78800596706446,214.9754187551925,217.50674438476562,1227472.0
2023-01-05T00:00:00,215.25669584961315,216.00670771571407,212.3503497990144,213.3816375732422,944956.0
2023-01-09T00:00:00,215.63170542615526,220.97561874299586,215.25669948676838,220.31935119628906,2019423.0
2023-01-10T00:00:00,218.9130680171513,222.56942617187318,217.69427719705723,221.63189697265625,1544719.0
2023-01-11T00:00:00,220.0380904465125,228.47585286563742,220.0380904465125,225.3820037841797,1802587.0
2023-01-12T00:00:00,225.85077305379502,231.10094216807258,224.7257409023241,230.25717163085938,1500209.0
2023-01-13T00:00:00,230.35087879855743,232.03843390625994,227.72579466497103,230.1633758544922,1416234.0
2023-01-16T00:00:00,231.10092163085938,231.85094776704082,227.8195698024293,231.10092163085938,596040.0
2023-01-17T00:00:00,229.9758997490345,232.13221962132542,229.7883967830873,229.88214111328125,1243964.0
2023-01-18T00:00:00,229.8821272931378,233.444740654193,229.41336275367155,230.8196563720703,1067726.0
2023-01-19T00:00:00,228.66332637641665,230.06961993175884,226.2257594638249,226.3195037841797,1554445.0
2023-01-20T00:00:00,228.00707440484976,229.6946296470418,225.75701028563287,227.913330078125,1105208.0
2023-01-23T00:00:00,230.25715398288125,233.35098858591041,230.069636717375,232.97598266601562,1181821.0
2023-01-24T00:00:00,233.6322599729963,233.6322599729963,228.19458807320933,229.2258758544922,1387335.0
2023-01-25T00:00:00,229.69461501311966,230.1633795335546,226.7882692641999,228.382080078125,685251.0
2023-01-26T00:00:00,229.22587426745235,232.2259646482867,228.38210376537873,230.3509063720703,1281215.0
2023-01-27T00:00:00,230.3509179644854,232.41347931101,230.16341498853956,231.66346740722656,948403.0
2023-01-30T00:00:00,231.19469255861412,232.69473060519826,229.7883988430643,231.28843688964844,759871.0
2023-01-31T00:00:00,230.7259229439749,231.5696934326394,229.03836766108677,230.06964111328125,1405267.0
2023-02-01T00:00:00,230.06965832049562,233.4447691387009,230.06965832049562,233.06976318359375,1071153.0
2023-02-02T00:00:00,234.47604534486217,241.6012725830078,234.47604534486217,241.6012725830078,2440146.0
2023-02-03T00:00:00,238.13239126666326,252.6640923085266,237.47612375814248,252.19532775878906,2887050.0
2023-02-06T00:00:00,251.72654925281657,251.72654925281657,246.5701394915857,247.41390991210938,2185288.0
2023-02-07T00:00:00,247.03893909272693,249.8515266345796,245.6326453218006,246.10140991210938,1343463.0
2023-02-08T00:00:00,247.69519459639034,249.19521823680452,242.35126739128467,243.19503784179688,1926048.0
2023-02-09T00:00:00,245.25760105986404,246.663894611112,241.50748492320287,242.5387725830078,1405387.0
2023-02-10T00:00:00,240.8512212677808,242.5387908228594,236.63234029676087,238.69491577148438,1399561.0
2023-02-13T00:00:00,240.0074529143333,241.4137465837532,239.2574267628642,240.10121154785156,1681726.0
2023-02-14T00:00:00,240.10121513254126,241.3199915531209,237.19486911679166,238.78866577148438,1742305.0
2023-02-15T00:00:00,238.31990171395222,241.3199920654297,238.31990171395222,241.3199920654297,1459447.0
2023-02-16T00:00:00,242.16376510923902,243.28881152025417,238.3199042234685,240.19497680664062,1707309.0
2023-02-17T00:00:00,239.81995492452447,243.94509169034248,236.8198645620127,239.7261962890625,1410932.0
2023-02-20T00:00:00,240.28869449163952,240.94497629954824,235.69480766963036,236.35108947753906,700308.0
2023-02-21T00:00:00,236.069836693634,237.85113631009895,233.81975820879708,234.1947784423828,1059803.0
2023-02-22T00:00:00,233.538518385375,240.2887111391157,232.97599516978346,239.3511962890625,1548327.0
2023-02-23T00:00:00,237.47610403705553,240.5699526695078,237.47610403705553,239.0699005126953,951463.0
2023-02-24T00:00:00,240.38245802838568,242.35127488117195,236.1635770343227,238.03863525390625,1273674.0
2023-02-27T00:00:00,238.60117641748428,241.97628718922869,238.60117641748428,239.91371154785156,810981.0
2023-02-28T00:00:00,239.25741009291212,241.41372976356234,237.10109042226193,239.16366577148438,1906784.0
2023-03-01T00:00:00,240.19497236312145,241.038742850214,237.1011090956245,237.85113525390625,1607332.0
2023-03-02T00:00:00,237.85113664454053,239.91369786270513,236.8198631882378,238.78866577148438,1090696.0
2023-03-03T00:00:00,240.00745844429346,244.13258091408105,240.00745844429346,243.85133361816406,1250070.0
2023-03-06T00:00:00,243.8513409016154,245.8201578651954,242.53880579626858,242.82005310058594,903293.0
2023-03-07T00:00:00,242.8200551203145,245.5388839921018,241.60127864330906,242.63253784179688,1302391.0
2023-03-08T00:00:00,241.3199896350712,244.8826174558125,241.3199896350712,244.038818359375,1727199.0
2023-03-09T00:00:00,243.6638296637604,246.85142317321143,241.60128262170159,245.44512939453125,1442946.0
2023-03-10T00:00:00,241.22624029472848,243.1012986059541,237.94490255564327,239.3511962890625,1091209.0
2023-03-13T00:00:00,239.35118774400198,240.28870256058502,233.63225437671124,235.78857421875,1933399.0
2023-03-14T00:00:00,235.7885646932046,241.13249191797453,235.22604152042084,239.53868103027344,1942765.0
2023-03-15T00:00:00,239.06994365270896,239.06994365270896,231.00718688964844,231.00718688964844,2379164.0
2023-03-16T00:00:00,232.7884879733302,239.1636889768629,231.56969723204966,238.60116577148438,2538128.0
2023-03-17T00:00:00,240.38244492881122,241.60124987179282,231.1946715979842,233.25723266601562,4460957.0
2023-03-20T00:00:00,233.25725500070823,237.66363913741023,230.06964731257096,235.88233947753906,1615202.0
2023-03-21T00:00:00,239.069934242232,239.069934242232,235.8823408412261,236.8198699951172,1643544.0
2023-03-22T00:00:00,236.63233901420327,237.19486219618057,229.60087076728092,232.0384521484375,2604630.0
2023-03-23T00:00:00,230.8196497590021,230.8196497590021,224.81946954796481,228.663330078125,2097773.0
2023-03-24T00:00:00,228.3821007767519,228.3821007767519,219.66307704533173,220.2255859375,2190962.0
2023-03-27T00:00:00,222.2881577171647,226.97580326745867,221.163111340647,223.60069274902344,1622440.0
2023-03-28T00:00:00,225.38200743000291,227.44458305471247,224.9132428435798,225.66326904296875,1713112.0
2023-03-29T00:00:00,227.53832280412715,228.85087220300198,226.69455228779015,228.56961059570312,1477637.0
2023-03-30T00:00:00,229.69465039589485,231.66346740722656,228.94462418655135,231.66346740722656,1772940.0
2023-03-31T00:00:00,232.6009797036841,233.06974426229243,230.0696396427518,232.78848266601562,1776486.0
2023-04-03T00:00:00,231.10091358236153,231.4759194846127,226.8820328070243,228.00706481933594,2034558.0
2023-04-04T00:00:00,229.13212110472955,233.16349935600473,225.00699852073987,225.85076904296875,2450547.0
2023-04-05T00:00:00,215.63168334960938,222.85065423541946,213.28786070450494,215.63168334960938,4597216.0
2023-04-06T00:00:00,216.56923504068678,216.56923504068678,211.50658332040106,214.6004180908203,2160001.0
2023-04-11T00:00:00,216.75672905553614,220.41310119628906,216.0067029005951,220.41310119628906,2397524.0
2023-04-12T00:00:00,220.4131061762231,222.94443198897682,219.00681246852,220.0380859375,1836894.0
2023-04-13T00:00:00,220.88187602943654,221.25688197157126,216.66299480540235,219.19432067871094,1635210.0
2023-04-14T00:00:00,220.3193300341333,221.44436204979166,219.0067950667915,220.6943359375,1868902.0
2023-04-17T00:00:00,222.19437947850318,223.50691439454977,220.41308004878888,220.7880859375,1998257.0
2023-04-18T00:00:00,220.78812342445642,226.03829259116858,220.78812342445642,223.4132080078125,1876080.0
2023-04-19T00:00:00,222.2881649851764,224.16322326660156,221.9131447455557,224.16322326660156,1841744.0
2023-04-20T00:00:00,224.16322463773255,225.8507656568898,222.66317228119337,225.1007537841797,1492261.0
2023-04-21T00:00:00,225.10073772759614,226.78827862638,223.60068547805665,226.6945343017578,1862407.0
2023-04-24T00:00:00,226.69455724114312,230.0696536857977,226.13203401425406,228.19459533691406,1227172.0
2023-04-25T00:00:00,227.06955778576958,228.569610151408,225.00699651218645,226.0382843017578,2008291.0
2023-04-26T00:00:00,231.94469377180602,232.0384524040918,220.97560615563344,224.2569580078125,3360572.0
2023-04-27T00:00:00,227.28744528618387,231.07556937428694,225.10927104541528,229.37091064453125,2604165.0
2023-04-28T00:00:00,230.1285433205103,232.4014120422225,227.19274130863067,230.98086547851562,2531181.0
2023-05-02T00:00:00,231.6438336699889,231.6438336699889,226.43516215161716,227.0033721923828,1865999.0
2023-05-03T00:00:00,227.19273575306414,231.26497202622102,226.52981692965406,230.69676208496094,1977816.0
2023-05-04T00:00:00,231.075589592483,231.075589592483,227.57157739450983,228.8974151611328,1742176.0
2023-05-05T00:00:00,228.70799590027545,230.31794577633778,226.4351271870753,230.22325134277344,1688761.0
2023-05-08T00:00:00,230.60207808437917,231.07559364512738,226.1510347034556,229.08682250976562,1744876.0
2023-05-09T00:00:00,229.74975344704023,230.3179634436533,226.90866011233098,229.65504455566406,1947058.0
2023-05-10T00:00:00,229.6550493792069,231.83322387167604,227.28747155055527,229.18153381347656,1672423.0
2023-05-11T00:00:00,229.18153298886742,233.0643663941047,229.18153298886742,232.59085083007812,1950770.0
2023-05-12T00:00:00,234.01138700004307,235.52662806646774,230.69677820089544,232.11732482910156,1385437.0
2023-05-15T00:00:00,233.2537617014109,234.76900278381504,231.35969951049492,233.632568359375,1181117.0
2023-05-16T00:00:00,233.06435831578673,233.7272771923367,230.60207168797533,231.54910278320312,1169672.0
2023-05-17T00:00:00,230.69675893855984,231.92788768643902,230.31793786567317,231.2649688720703,550578.0
2023-05-19T00:00:00,234.67430847735324,239.50415839659257,234.2954873686271,238.46243286132812,1477057.0
2023-05-22T00:00:00,237.23128149179465,238.273021442237,236.00013821869388,237.42068481445312,941687.0
2023-05-23T00:00:00,236.56838436576697,236.85249660112368,232.874954207227,233.5378875732422,914752.0
2023-05-24T00:00:00,231.83323598037077,231.83323598037077,228.70803019321087,230.41268920898438,1113775.0
2023-05-25T00:00:00,230.69676348657055,231.07557011637874,228.04507372627327,228.70799255371094,1288988.0
2023-05-26T00:00:00,229.560332533186,233.91668136720736,229.18152587394405,232.9696502685547,1226793.0
2023-05-29T00:00:00,233.4431625685416,234.39019365401236,231.54910039760009,232.11732482910156,550859.0
2023-05-30T00:00:00,232.1173159630942,234.48489358633853,230.79146382374915,231.73849487304688,952651.0
2023-05-31T00:00:00,230.12855523285526,231.2649896525376,227.76097750412217,228.0450897216797,3500765.0
2023-06-01T00:00:00,229.65505415617926,232.02263203407801,229.5603452608439,230.79148864746094,1118881.0
2023-06-02T00:00:00,231.83320719405813,235.62133144739062,231.1702883398344,235.33721923828125,1105705.0
2023-06-05T00:00:00,236.28425434064084,238.2730253878552,235.1478199353244,235.52662658691406,906510.0
2023-06-07T00:00:00,247.08039002704353,247.08039002704353,239.22004403592754,241.87171936035156,2431781.0
2023-06-08T00:00:00,238.8412483234279,245.09164511705353,238.8412483234279,243.00819396972656,1522852.0
2023-06-09T00:00:00,243.86051620979543,244.14461398863037,241.8717450546613,242.3452606201172,1250919.0
2023-06-12T00:00:00,242.4399480174081,245.28104115823712,242.25054469812892,244.80752563476562,1200025.0
2023-06-13T00:00:00,246.32280288229725,249.63741183984158,245.28106285827832,247.8380584716797,2130375.0
2023-06-14T00:00:00,247.36453969310415,248.31157081152938,245.28105967213023,246.3227996826172,1452332.0
2023-06-15T00:00:00,244.99697007756413,246.60690569198556,233.82198516635282,239.7882843017578,2942659.0
2023-06-16T00:00:00,239.88297059112455,240.6405983298752,236.75776520037022,238.08360290527344,4391924.0
2023-06-19T00:00:00,236.75778360877104,237.42070251276593,234.29549687902048,235.43194580078125,1219480.0
2023-06-20T00:00:00,234.39019131447742,235.2425135026747,232.11732251225297,234.1060791015625,2067317.0
2023-06-21T00:00:00,232.02261362443218,234.7689979646657,231.26498587350824,234.1060791015625,2532807.0
2023-06-22T00:00:00,232.78024693893371,233.25376248826004,230.79147585154402,232.9696502685547,1368213.0
2023-06-26T00:00:00,233.1590487968874,233.82196766218365,230.31795555943413,233.4431610107422,1538682.0
2023-06-27T00:00:00,233.7272710681506,238.17831420898438,232.78023999773714,238.17831420898438,1475875.0
2023-06-28T00:00:00,239.78825877925223,243.95520406626758,239.5988554595122,242.06114196777344,1355017.0
2023-06-29T00:00:00,241.7770345073528,242.72405112463645,238.36771688294243,240.92469787597656,952973.0
2023-06-30T00:00:00,241.4929423092875,249.54270705293044,241.4929423092875,245.28106689453125,2102248.0
2023-07-03T00:00:00,245.75457442081805,246.98570331027196,244.61812552201746,244.90225219726562,1039727.0
2023-07-04T00:00:00,243.8605082157338,247.08040817506222,241.96644601599994,246.1333770751953,1474512.0
2023-07-05T00:00:00,245.09164268503847,246.89102493677484,241.49293598375823,242.91348266601562,1579407.0
2023-07-06T00:00:00,241.96644336958806,241.96644336958806,236.56836904949543,237.70480346679688,1345448.0
2023-07-07T00:00:00,237.7047849023285,238.3677037231022,235.62131955823415,236.8524627685547,1347498.0
2023-07-10T00:00:00,236.8524772568396,238.17831497948856,235.52662508364324,237.51539611816406,1170290.0
2023-07-11T00:00:00,239.598860925669,240.26177978515625,237.98891099532932,240.26177978515625,1021133.0
2023-07-12T00:00:00,240.83000757144674,244.5234374696841,239.5988642720343,243.86050415039062,1136268.0
2023-07-13T00:00:00,244.90224325513736,245.09163213062493,242.43995666503906,242.43995666503906,972341.0
2023-07-14T00:00:00,241.49293677559297,243.8605145871184,241.01942121328787,243.6710968017578,730212.0
2023-07-17T00:00:00,242.43993736857712,243.19755061241685,240.26176316617205,242.2505340576172,1336884.0
2023-07-18T00:00:00,242.81876586910315,247.7433391010564,242.81876586910315,246.70159912109375,1774687.0
2023-07-19T00:00:00,241.68234334446484,247.93274018020242,238.74655548921714,241.01942443847656,2834589.0
2023-07-20T00:00:00,237.32601370085126,239.40947935593465,235.52664583240076,236.3789825439453,1653873.0
2023-07-21T00:00:00,235.62132757472455,237.89419630914833,234.86369984640095,237.2312774658203,1238091.0
2023-07-24T00:00:00,234.86371340442906,239.3147566957744,234.86371340442906,239.22006225585938,1241336.0
2023-07-25T00:00:00,239.59888336749242,240.2618022890714,237.23130546860415,239.88299560546875,1052246.0
2023-07-26T00:00:00,235.6213443097004,238.27303432189544,232.59084763171236,235.24252319335938,1506930.0
2023-07-27T00:00:00,236.75778037724552,241.9664515455449,236.00015258992872,240.83001708984375,1248462.0
2023-07-28T00:00:00,240.5458927682266,240.64060165583462,237.6100906589466,239.59886169433594,1178821.0
2023-07-31T00:00:00,239.12534615739062,240.5458927682266,237.9889117588313,239.59886169433594,888194.0
2023-08-01T00:00:00,239.59888336749242,241.1141390030004,238.36773996996078,239.88299560546875,753197.0
2023-08-02T00:00:00,239.8829569287847,240.2617635513118,236.56834840476034,238.84121704101562,1147108.0
2023-08-03T00:00:00,237.89421728328108,237.89421728328108,233.25377052030925,234.0113983154297,2033184.0
2023-08-04T00:00:00,234.01137827375015,234.86370043867169,231.45438287789153,234.48489379882812,1022128.0
2023-08-07T00:00:00,233.63258201799536,234.67432206412042,231.54911637629385,233.5378875732422,777612.0
2023-08-08T00:00:00,232.78024609710886,234.01138941101456,230.6967805777172,231.54910278320312,914928.0
2023-08-09T00:00:00,233.25376248826004,235.7160346744283,232.8749413784703,232.9696502685547,631955.0
2023-08-10T00:00:00,233.63255718335958,235.62132816890585,232.40141392804745,234.48489379882812,772291.0
2023-08-11T00:00:00,233.91669266185724,234.39020823404724,232.11733926775463,232.78025817871094,1054376.0
2023-08-14T00:00:00,232.87493256665394,234.10607583842642,231.64380374542873,233.25375366210938,827262.0
2023-08-15T00:00:00,233.0643364545527,234.48488296414837,230.41264674653144,231.2649688720703,1167925.0
2023-08-16T00:00:00,230.7914726098562,232.11732479967574,230.41266595593495,231.4543914794922,869151.0
2023-08-17T00:00:00,229.84444215513602,229.84444215513602,226.24572113081993,226.62454223632812,1035613.0
2023-08-18T00:00:00,225.77221679158154,227.0033601571247,224.54108787658672,226.43515014648438,1554903.0
2023-08-21T00:00:00,225.58277893066406,227.85566197701968,224.91986012776513,225.58277893066406,1089512.0
2023-08-22T00:00:00,227.76097119207233,230.98087103369562,227.76097119207233,229.8444366455078,1802867.0
2023-08-23T00:00:00,230.60205150897042,231.075567015149,229.4656171842511,229.9391326904297,913226.0
2023-08-24T00:00:00,231.35966933273608,235.3371965247351,228.61327084381006,228.8026885986328,1406066.0
2023-08-25T00:00:00,228.32920030053356,230.22326246992645,227.28746032714844,227.28746032714844,1374671.0
2023-08-28T00:00:00,229.08680339357315,231.54908988421712,228.61328787233754,230.98086547851562,834216.0
2023-08-29T00:00:00,231.17029934216657,232.87494377685934,230.41267156533203,232.40142822265625,1392744.0
2023-08-30T00:00:00,232.40143304402892,233.91668862913326,231.26499858047475,232.59085083007812,783554.0
2023-08-31T00:00:00,232.6855260794038,234.86370038436823,232.30671943964782,233.82196044921875,2443918.0
2023-09-01T00:00:00,233.8219725261106,237.32599915229778,232.87494142725953,235.05311584472656,1150137.0
2023-09-04T00:00:00,235.05313025394778,238.17833596184718,234.9584358085864,236.3789825439453,703562.0
2023-09-05T00:00:00,235.33722088672965,237.61008967443084,234.8637053517463,236.0948486328125,1058434.0
2023-09-06T00:00:00,234.57960832658682,235.6213483512081,232.4014338345458,233.3484649658203,1326062.0
2023-09-07T00:00:00,233.06436799915903,233.5378835664466,230.03385680807997,232.685546875,1056807.0
2023-09-08T00:00:00,233.25374865077472,233.9166674903952,228.9921089596542,230.98086547851562,708923.0
2023-09-11T00:00:00,230.9808566800419,232.11730544815555,229.5603101704462,231.2649688720703,870428.0
2023-09-12T00:00:00,232.30670307484243,232.30670307484243,225.10926182212518,225.4880828857422,1822089.0
2023-09-13T00:00:00,223.78344717610705,224.16225382802685,221.41586947523953,221.69998168945312,1891630.0
2023-09-14T00:00:00,221.69997774527224,223.40462209913218,220.37412558604566,222.9311065673828,2577258.0
2023-09-15T00:00:00,224.63576389134616,227.28745374177632,224.5410694559487,224.9198760986328,4356421.0
2023-09-18T00:00:00,224.91990647514393,227.0033721923828,224.1622786369073,227.0033721923828,1497434.0
2023-09-19T00:00:00,226.9086361028944,230.31793907347483,226.9086361028944,227.8556671142578,1723419.0
2023-09-20T00:00:00,228.7080103246177,234.95842135594438,228.139785885207,232.9696502685547,2365820.0
2023-09-21T00:00:00,231.07558466593423,231.3596968814527,226.62454145797042,227.28746032714844,1666856.0
2023-09-22T00:00:00,227.28746513733037,227.5715773588616,225.58280625869082,226.81394958496094,1153165.0
2023-09-25T00:00:00,226.43514371666734,227.09806260219773,223.02582594744268,226.15103149414062,1199085.0
2023-09-26T00:00:00,224.91987038868425,226.81393245511526,223.12051720579348,223.97283935546875,1405768.0
2023-09-27T00:00:00,224.8251970065008,225.10930925143796,223.02584353948043,223.49935913085938,1347329.0
2023-09-28T00:00:00,223.78346570121744,225.01460909769384,222.17351562146308,224.6357879638672,1188262.0
2023-09-29T00:00:00,225.58277893066406,227.85566197701968,225.01456900698474,225.58277893066406,2193987.0
2023-10-02T00:00:00,225.67748780988367,227.09803429490114,223.8781202585339,225.58277893066406,1446286.0
2023-10-03T00:00:00,224.9198760986328,226.15101936317686,223.68873283408877,224.9198760986328,1796009.0
2023-10-04T00:00:00,223.78346570121744,225.4881246770656,222.74172564638002,224.6357879638672,1352399.0
2023-10-05T00:00:00,225.01457785944925,228.13976868900122,223.68872575094395,225.96160888671875,1243168.0
2023-10-06T00:00:00,226.52982633096147,229.9391439221998,226.52982633096147,229.74974060058594,1664115.0
2023-10-09T00:00:00,229.65504130387717,230.31796018247985,227.2874635584764,228.13978576660156,1281770.0
2023-10-10T00:00:00,230.03385363332927,234.57960590666258,229.8444502991379,233.91668701171875,1631632.0
2023-10-11T00:00:00,233.44314028100445,235.337202271114,232.21199709732397,234.57957458496094,1295246.0
2023-10-12T00:00:00,237.13655946197025,239.2200392473787,234.48488419062573,234.76898193359375,2440255.0
2023-10-13T00:00:00,234.67429767140345,235.2425076325069,230.7914645764013,231.07557678222656,911460.0
2023-10-16T00:00:00,232.11731428991862,232.49612092668838,228.61328787233754,230.98086547851562,1415396.0
2023-10-17T00:00:00,230.79145482133256,230.79145482133256,227.47684627808246,229.9391326904297,1995862.0
2023-10-18T00:00:00,228.80271076727703,229.18151741253342,222.83641217593222,223.5940399169922,1806511.0
2023-10-19T00:00:00,221.60526801548463,224.5410700813787,221.51055912927623,222.17349243164062,1330703.0
2023-10-20T00:00:00,220.18471607901907,221.1317471159181,215.35485201061542,215.73367309570312,1832621.0
2023-10-23T00:00:00,216.6806986162624,217.248908553608,214.31312108428958,216.87010192871094,1885374.0
2023-10-24T00:00:00,216.39658642231637,217.3436174351055,214.02900889034353,216.87010192871094,1677184.0
2023-10-25T00:00:00,220.6582376687292,223.3099275351152,217.05951673938728,220.84764099121094,2645538.0
2023-10-26T00:00:00,216.01778169727186,220.2794212923036,214.78663847970893,219.71119689941406,2020430.0
2023-10-27T00:00:00,220.6582351537455,220.7529440391805,217.6277386769365,219.3323974609375,1483096.0
2023-10-30T00:00:00,220.09001325073677,221.60526873168513,219.42709439677705,220.84764099121094,1919500.0
2023-10-31T00:00:00,220.84763966231657,225.29868274131692,220.27942969829041,224.9198760986328,2235217.0
2023-11-01T00:00:00,225.0146153738794,227.47688778496206,223.02584410482692,227.0033721923828,1726325.0
2023-11-02T00:00:00,228.99211935693856,235.8107402822185,228.51860381420317,232.11732482910156,1751272.0
2023-11-03T00:00:00,233.25373669403896,233.82194662006674,232.02259351182616,232.49610900878906,673903.0
2023-11-06T00:00:00,234.10608227044162,235.5266289036974,230.88618234861426,232.87493896484375,1722592.0
2023-11-07T00:00:00,231.64381408691406,232.59084519201093,229.37093076435283,231.64381408691406,1151634.0
2023-11-08T00:00:00,231.4543859724274,233.44315698456347,228.70800167047494,233.25375366210938,1562199.0
2023-11-09T00:00:00,234.39018981676293,237.61008967443084,234.29548092954732,236.0948486328125,1911843.0
2023-11-10T00:00:00,234.0867772183221,234.5648956298828,232.1743035720793,234.5648956298828,1407108.0
2023-11-13T00:00:00,235.3298721792639,236.09484991349896,233.4173986616462,234.08676147460938,1033902.0
2023-11-14T00:00:00,234.85174480353177,242.7884979248047,234.27799693381868,242.7884979248047,2309327.0
2023-11-15T00:00:00,242.78850682040186,248.4302978515625,242.40601795392197,248.4302978515625,3672404.0
2023-11-16T00:00:00,248.43032029999875,249.38655714362005,247.3784831176414,248.7172088623047,2498382.0
2023-11-17T00:00:00,249.57777679848715,253.49835307502224,249.57777679848715,251.96836853027344,2280938.0
2023-11-20T00:00:00,252.15963181329698,253.88084621652985,250.72527674992673,250.8208770751953,1714985.0
2023-11-21T00:00:00,250.82090151782788,254.26335984179156,250.82090151782788,253.020263671875,2359877.0
2023-11-22T00:00:00,253.88084466116769,255.31519971575057,251.58588241024077,254.3589630126953,2099475.0
2023-11-23T00:00:00,255.1239455378749,257.99265570141336,254.45459734226657,256.1758117675781,1235816.0
2023-11-24T00:00:00,256.27141800227525,257.80140245361946,255.602040685429,256.4626770019531,744727.0
2023-11-27T00:00:00,256.36705341018404,257.22766056451496,255.79330557995445,256.7495422363281,1177072.0
2023-11-28T00:00:00,255.88896562309748,256.5583138532316,253.30711466992634,254.2633514404297,1145981.0
2023-11-29T00:00:00,254.2633346293926,257.89705162627433,254.2633346293926,257.8014221191406,1693048.0
2023-11-30T00:00:00,258.1839225182918,258.8532999161511,256.7495673931902,256.9408264160156,3295377.0
2023-12-01T00:00:00,256.9408511696834,259.0445547132853,256.080214666085,258.08831787109375,1465269.0
2023-12-04T00:00:00,257.5145139541027,257.99263227127113,255.69767018526792,256.4626770019531,1527266.0
2023-12-05T00:00:00,255.98459653202445,258.6620478312175,255.88896701804674,258.1839294433594,1593922.0
2023-12-06T00:00:00,258.37513169002,262.2956782632407,258.37513169002,261.53070068359375,1446802.0
2023-12-07T00:00:00,260.1920534406984,261.6264087196636,259.2358165880549,260.95703125,1157460.0
2023-12-08T00:00:00,261.0526198364711,263.92132994456415,260.8613608231202,262.7738342285156,1504626.0
2023-12-11T00:00:00,262.77385752887545,267.26818210288116,262.29573913513144,266.5032043457031,1625312.0
2023-12-12T00:00:00,265.73817765374827,267.4594212525023,265.6425481457016,266.12066650390625,1438916.0
2023-12-13T00:00:00,266.8856985507816,267.0769284028773,260.0007818706473,260.86138916015625,2868016.0
2023-12-14T00:00:00,266.2163245741654,269.6587829589844,263.6345026720751,269.6587829589844,2620974.0
2023-12-15T00:00:00,269.6587691101529,274.43995295962367,269.6587691101529,273.579345703125,3156946.0
2023-12-18T00:00:00,270.61500664521907,272.33622116308317,268.79816261368904,269.08502197265625,1678429.0
2023-12-19T00:00:00,270.51941634905245,272.8143790995847,270.0412978934401,270.8063049316406,2400254.0
2023-12-20T00:00:00,268.98940039348383,278.2649090340997,268.98940039348383,276.73492431640625,2461112.0
2023-12-21T00:00:00,275.10932572696703,276.63928118734475,273.86620043787286,275.68304443359375,1360853.0
2023-12-22T00:00:00,274.63122704191693,277.2130489529505,274.248708967365,276.0655822753906,969348.0
2023-12-27T00:00:00,276.16118988565296,279.2211594704712,275.87433050421555,277.78680419921875,1044197.0
2023-12-28T00:00:00,277.88239622374897,278.9342624504716,275.8742932785565,276.5436706542969,874715.0
2023-12-29T00:00:00,276.54368292815366,279.0298751608971,276.54368292815366,277.59552001953125,994959.0
2024-01-02T00:00:00,277.5954998833938,280.17735062338295,274.34430096853833,275.7786560058594,1238642.0
2024-01-03T00:00:00,274.43998251448875,274.5356120381827,264.8776137857609,266.6944580078125,1922660.0
2024-01-04T00:00:00,267.1725425875854,269.0850160909783,266.4075648590401,268.79815673828125,1110682.0
2024-01-05T00:00:00,268.2244364810259,268.7025549061258,265.35572593042673,265.9294738769531,986457.0
2024-01-08T00:00:00,267.2681746647075,271.1887512207031,266.21630839133843,271.1887512207031,955132.0
2024-01-09T00:00:00,270.8062551408325,271.37997383645484,268.32003379236147,270.90185546875,1463301.0
2024-01-10T00:00:00,270.519366610992,271.5712328563485,268.98938199793065,270.90185546875,1203993.0
2024-01-11T00:00:00,272.52749341599485,273.48373023499835,268.7025461399809,269.6587829589844,1072863.0
2024-01-12T00:00:00,271.0931107370477,273.5793320511125,271.0931107370477,272.5274658203125,1245722.0
2024-01-15T00:00:00,270.519342232116,270.80623073610246,268.5112394323176,270.23248291015625,723998.0
2024-01-16T00:00:00,268.7981756582876,270.32816040509954,267.45944994808906,269.6587829589844,1227975.0
2024-01-17T00:00:00,266.7900281743424,268.7025014945886,266.2162803418632,268.1287536621094,1399301.0
2024-01-18T00:00:00,269.0850125546489,272.24061130299407,268.03314630520055,271.85809326171875,1627506.0
2024-01-19T00:00:00,274.4399327754265,276.63926551161694,270.8062449898872,271.7624816894531,1230259.0
2024-01-22T00:00:00,273.77057858738306,277.4042958625419,273.101230350244,276.44805908203125,1572734.0
2024-01-23T00:00:00,278.16928180810197,278.16928180810197,271.95374255169327,272.2406311035156,1690642.0
2024-01-24T00:00:00,275.4917989813547,275.7786583184132,270.5193564708005,271.7624816894531,1559245.0
2024-01-25T00:00:00,270.9974584804787,274.6311752289471,270.1368513391663,274.2486572265625,1013845.0
2024-01-26T00:00:00,274.24864477404674,274.9180220657996,272.7186895620832,273.1968078613281,1380230.0
2024-01-29T00:00:00,272.52749194355164,275.0137134959342,271.7625141652947,273.67498779296875,1337202.0
2024-01-30T00:00:00,274.6312140261719,276.63928791223987,273.7705775812507,275.4918212890625,1123510.0
2024-01-31T00:00:00,273.67495781732487,276.2567794226786,272.52746209359304,274.153076171875,1831344.0
2024-02-01T00:00:00,271.8580905634144,275.1093187898086,271.37997219859517,274.43994140625,1044404.0
2024-02-02T00:00:00,276.54366794462584,277.21301613177894,273.00558044814323,274.153076171875,1243936.0
2024-02-05T00:00:00,273.6749741894985,274.43995192973097,271.9537305009302,272.62310791015625,1268596.0
2024-02-06T00:00:00,274.8224559275202,275.2049448186906,272.2406340255959,275.1093444824219,1858942.0
2024-02-07T00:00:00,265.54697962582844,273.4837336498468,264.8776021713551,273.005615234375,2606753.0
2024-02-08T00:00:00,273.48371618972953,274.63121198641466,272.3362203930444,273.579345703125,1277443.0
2024-02-09T00:00:00,273.674955088585,274.53556228178877,270.90184531422125,271.7624816894531,1672585.0
2024-02-12T00:00:00,272.81430890805814,274.43992291170485,272.1449607516361,274.05743408203125,1202695.0
2024-02-13T00:00:00,273.19685863634015,273.3880884823641,267.36380846504596,270.041259765625,1501895.0
2024-02-14T00:00:00,269.1806718125743,272.5275007693914,269.1806718125743,271.3800048828125,1127627.0
2024-02-15T00:00:00,272.52747275002935,275.01369412731276,272.52747275002935,273.77056884765625,1463740.0
2024-02-16T00:00:00,274.91805977106924,275.77866699133807,271.66686072670416,274.43994140625,1864161.0
2024-02-19T00:00:00,273.3880950226599,278.6473974176402,272.14499885665884,276.2568054199219,1045461.0
2024-02-20T00:00:00,275.58743211709714,281.13359337480915,274.344306882073,281.0379638671875,1424726.0
2024-02-21T00:00:00,280.8467143971696,281.1335737179487,277.7867454594017,279.69921875,804967.0
2024-02-22T00:00:00,281.03795741568325,283.1416898069517,278.4561358613388,280.2729797363281,1622080.0
2024-02-23T00:00:00,279.41240446117536,282.472344710077,278.64739751242655,281.7073669433594,854430.0
2024-02-26T00:00:00,282.18546524844567,282.37669508549186,278.9342661983692,279.8905029296875,798784.0
2024-02-27T00:00:00,280.4641963934287,281.6116920405983,279.12547092641523,279.69921875,987559.0
2024-02-28T00:00:00,278.9342672527901,280.84674072265625,278.64737872309263,280.84674072265625,1156929.0
2024-02-29T00:00:00,281.8030332540317,284.7673443736285,281.70740372519805,282.4723815917969,3379105.0
2024-03-01T00:00:00,283.14170950067074,284.00231674531113,280.4642290726418,281.6117248535156,971418.0
2024-03-04T00:00:00,282.2811027745069,282.9504509962211,280.36862925755776,282.08984375,994274.0
2024-03-05T00:00:00,282.089869833571,284.0979730484538,280.65551456323084,283.23736572265625,1407553.0
2024-03-06T00:00:00,282.9504704550694,284.2891961725936,279.5080120514129,283.4285888671875,1494857.0
2024-03-07T00:00:00,282.1854887855161,286.39292491785284,280.177385645846,285.05419921875,1380477.0
2024-03-08T00:00:00,285.0542035715503,290.026617555866,285.0542035715503,289.3572692871094,1869536.0
2024-03-11T00:00:00,286.8710462583028,288.01854211614875,285.81917991894926,287.92291259765625,1535939.0
2024-03-12T00:00:00,288.40099966704037,294.23404947681104,287.82725180046754,293.3734130859375,2832892.0
2024-03-13T00:00:00,293.7559626503568,296.5290435907567,291.8434890111801,294.3296813964844,1513986.0
2024-03-14T00:00:00,295.28589272571736,295.28589272571736,292.41718251459173,292.7040710449219,1344146.0
2024-03-15T00:00:00,292.13031224196516,295.28588168338786,292.13031224196516,294.04278564453125,2116760.0
2024-03-18T00:00:00,294.3296316825679,294.5208906869936,286.4885085955719,287.5403747558594,1886108.0
2024-03-19T00:00:00,287.25350945199176,292.2259521484375,286.5841612464894,292.2259521484375,1608579.0
2024-03-20T00:00:00,292.2259616190581,296.33776804135533,291.9390730799487,295.8596496582031,1254213.0
2024-03-21T00:00:00,298.34587034800046,301.21458063980816,297.4852630968642,300.3539733886719,1365117.0
2024-03-22T00:00:00,299.3020820299683,301.78830324425854,297.77209749947986,300.1626892089844,1296570.0
2024-03-25T00:00:00,300.16271177150173,300.4496003074236,297.580890040384,297.96337890625,1173172.0
2024-03-26T00:00:00,294.0427802690583,301.5014147299014,293.0865435852565,300.1626892089844,1585855.0
2024-03-27T00:00:00,300.2583391794143,300.2583391794143,295.09466657133345,296.0509033203125,1501676.0
2024-03-28T00:00:00,295.7640121577295,297.86774465959786,293.6603088378906,293.6603088378906,812268.0
2024-04-02T00:00:00,295.19027375061376,297.4852359381367,291.8434453823847,292.3215637207031,1703647.0
2024-04-03T00:00:00,292.4171883891395,294.4252914136753,291.65221065694965,292.9909362792969,1249619.0
2024-04-04T00:00:00,292.99095132125956,296.6246686907889,292.41720340164636,295.4771728515625,1511407.0
2024-04-05T00:00:00,292.9909614185115,293.75596839837044,291.07848774191285,293.1822204589844,1795727.0
2024-04-08T00:00:00,293.56465972752005,294.52089640415693,290.3134608633602,292.3215637207031,985603.0
2024-04-09T00:00:00,291.65224589101194,291.65224589101194,288.7835352756905,290.88726806640625,1121953.0
2024-04-10T00:00:00,291.74782764044403,294.8077676198303,290.79159092525543,292.8952941894531,1716719.0
2024-04-11T00:00:00,292.70406009914063,294.04278564453125,288.78348378747455,294.04278564453125,3203082.0
2024-04-12T00:00:00,295.85963329770937,297.67647721681374,290.12221301715124,292.41717529296875,1759599.0
2024-04-15T00:00:00,293.2778461678434,300.6408522178408,293.2778461678434,296.2421569824219,1628630.0
2024-04-16T00:00:00,291.93905747426453,294.4252787701606,289.73972470214227,292.8952941894531,1850855.0
2024-04-17T00:00:00,292.32157657813156,296.2421237791615,292.0346880533055,293.8515319824219,1359898.0
2024-04-18T00:00:00,294.9034209374155,294.99905045306093,290.02660745980796,291.6522216796875,1550520.0
2024-04-19T00:00:00,288.4966400099726,292.0346984863281,286.87102585730264,292.0346984863281,1754133.0
2024-04-22T00:00:00,292.7040710449219,295.1902923976366,290.7915975708381,292.7040710449219,1735099.0
2024-04-23T00:00:00,294.71220188692763,296.72027587890625,292.7997282320664,296.72027587890625,1921526.0
2024-04-24T00:00:00,292.1303232459669,296.3377590536928,286.58416184242316,287.73162841796875,2573716.0
2024-04-25T00:00:00,285.5123776381772,287.3456719473115,280.2054560112734,284.2580261230469,2187426.0
2024-04-26T00:00:00,286.38079493711757,289.3719750205008,284.3545392013228,288.98602294921875,2114642.0
2024-04-29T00:00:00,290.33683804268986,291.3017328380768,288.31055308312676,288.8894958496094,1212686.0
2024-04-30T00:00:00,288.6000567242945,288.6000567242945,284.2580298812397,284.64398193359375,1673379.0
2024-05-02T00:00:00,281.7492912489288,284.2580237040946,280.0124923279505,284.0650329589844,2017274.0
2024-05-03T00:00:00,285.31939031736465,288.7929878720984,283.5825620937468,287.6351318359375,1596695.0
2024-05-06T00:00:00,288.503550008138,289.85439686140046,287.15270315487555,289.46844482421875,968014.0
2024-05-07T00:00:00,291.4947125731113,293.7139587402344,288.98598031054746,293.7139587402344,1850228.0
2024-05-08T00:00:00,293.7139822655115,297.2841049381411,293.1350394745103,295.9332580566406,1143251.0
2024-05-10T00:00:00,299.4068503612881,307.02954298340273,297.28409942862885,304.32781982421875,2441462.0
2024-05-13T00:00:00,304.32781847279944,307.029541619986,303.5559144000335,304.1348571777344,1354318.0
2024-05-14T00:00:00,304.13484351619917,304.90674755429166,299.1173789298431,302.8804626464844,1413579.0
2024-05-15T00:00:00,304.32780176402997,307.4154767780742,302.97695498772987,305.4856872558594,1404982.0
2024-05-16T00:00:00,305.5822026085794,305.6786685339987,300.9506897845775,301.5296325683594,1648171.0
2024-05-17T00:00:00,300.0822859582006,300.95068539808955,296.1262113473146,298.1524963378906,1402338.0
2024-05-20T00:00:00,298.92441533628295,301.5296432323118,297.0911209946813,299.599853515625,1241026.0
2024-05-21T00:00:00,299.5033200240847,299.5033200240847,296.6086358174481,298.8279113769531,1349419.0
2024-05-22T00:00:00,299.88928722691827,300.854182011363,298.24898376111344,300.3717346191406,1043189.0
2024-05-23T00:00:00,300.66124061511954,303.7488864618819,300.46824986696083,302.3015441894531,1408885.0
2024-05-24T00:00:00,301.1436880392625,302.8804869876754,298.92441222045267,302.3015441894531,934272.0
2024-05-27T00:00:00,302.3015186810195,302.7839660644531,300.4682245132219,302.7839660644531,659078.0
2024-05-28T00:00:00,302.9769368928479,303.5558796041861,296.5121306010294,297.95947265625,1224409.0
2024-05-29T00:00:00,296.99463454657973,298.1525201898969,294.38943601849877,294.4859313964844,1424235.0
2024-05-30T00:00:00,294.19642848118593,296.89815167939787,291.01228731307384,295.8367614746094,1411888.0
2024-05-31T00:00:00,296.3191845670802,297.0910885910619,293.6174615906421,296.4156799316406,3518117.0
2024-06-03T00:00:00,299.21390342142456,300.8542070236,295.06483783561856,296.8016662597656,1122626.0
2024-06-04T00:00:00,296.8016337474285,297.187585761765,292.8455593464145,293.7139587402344,1156061.0
2024-06-05T00:00:00,296.1262181458001,296.70516093443507,293.3280290213602,295.8367614746094,1070702.0
2024-06-07T00:00:00,298.1525317856106,299.0209313287446,294.8718949302953,298.6349792480469,1777443.0
2024-06-10T00:00:00,299.1173580789263,299.2138534385242,294.29288456152426,297.95947265625,1512993.0
2024-06-11T00:00:00,298.6349524948933,302.49453184862375,298.05600970258297,299.0209045410156,1488112.0
2024-06-12T00:00:00,300.66124480663973,306.74007065708395,298.441968956891,305.6786804199219,1428759.0
2024-06-13T00:00:00,305.67867688022966,306.4506104284334,299.11740367489483,299.4068603515625,1739405.0
2024-06-14T00:00:00,299.0209219137668,299.50336936101274,291.7842102050781,291.7842102050781,2077180.0
2024-06-17T00:00:00,293.03855433859184,294.4858964980918,287.92459437394103,291.2052307128906,1568193.0
2024-06-18T00:00:00,292.26662763346377,293.3280177976399,285.41586869696584,288.8894958496094,1198037.0
2024-06-19T00:00:00,288.5035160550135,289.37191539803626,286.1877746582031,286.1877746582031,1173067.0
2024-06-20T00:00:00,286.67022842019514,288.79297914547124,285.8018290577526,286.8631896972656,2563150.0
2024-06-24T00:00:00,282.7142141877981,287.3456980683448,282.7142141877981,286.76678466796875,1338446.0
2024-06-25T00:00:00,285.9948238423521,286.7667573798252,283.7755774954059,284.1615295410156,1040681.0
2024-06-26T00:00:00,285.70536216017695,286.28430494156726,281.45983084040336,283.6790771484375,2305288.0
2024-06-27T00:00:00,283.4860907113227,288.50355563123685,282.52119587643557,287.05621337890625,1512330.0
2024-06-28T00:00:00,288.021129246117,289.6614623637094,286.18783481520865,289.08251953125,4984826.0
2024-07-01T00:00:00,291.6876937019601,292.84557926999673,286.38077216658945,289.7579040527344,3117874.0
2024-07-02T00:00:00,288.2140670937152,288.4070283716063,285.70533491112883,286.9596862792969,2916354.0
2024-07-03T00:00:00,288.6965494582791,291.39824324629956,288.0211112881471,290.33685302734375,2172366.0
2024-07-04T00:00:00,290.6263203395898,291.10876773095947,287.7316359913718,288.5035400390625,1085532.0
2024-07-05T00:00:00,289.8544295597038,291.01231524812226,286.6702880859375,286.6702880859375,779507.0
2024-07-08T00:00:00,286.7667282759958,291.39821124577276,286.4772421864781,290.14385986328125,972468.0
2024-07-09T00:00:00,289.5649294751515,289.9508814980449,284.5474648387811,285.5123596191406,1252425.0
2024-07-10T00:00:00,285.70536649931506,287.5386607963498,283.10013866661853,287.05621337890625,1360227.0
2024-07-11T00:00:00,288.98597657053097,293.3280029296875,286.86319634977633,293.3280029296875,1534110.0
2024-07-12T00:00:00,293.6174509909359,302.68748489967,291.9771476376276,301.2401428222656,1641224.0
2024-07-15T00:00:00,299.59981538688936,303.16993768690804,298.15247328357106,298.8279113769531,1318710.0
2024-07-16T00:00:00,297.95951113589416,302.01208119237623,297.38059779604237,301.6261291503906,1717653.0
2024-07-17T00:00:00,292.26665869526244,305.9681780244417,287.6351749636766,300.75775146484375,2791815.0
2024-07-18T00:00:00,300.5647469229796,307.5120016480156,297.5735669873043,305.38922119140625,2075106.0
2024-07-19T00:00:00,304.9067576036888,306.74005183927056,302.97696799860216,303.8453674316406,1597789.0
2024-07-22T00:00:00,305.5822169016812,308.95934894440654,304.9067787146343,305.8716735839844,1160990.0
2024-07-23T00:00:00,306.83654542538795,307.3189928238556,303.84536566563844,306.6435546875,976540.0
2024-07-24T00:00:00,305.09972397500735,307.02951342596566,302.68748716130943,304.4242858886719,1153471.0
2024-07-25T00:00:00,301.2401684889134,301.4331297812583,294.7753615471845,300.85418701171875,2351392.0
2024-07-26T00:00:00,301.04721498368997,308.3804222635695,300.1788154451036,307.41552734375,1050454.0
2024-07-29T00:00:00,308.7663719285816,309.5382760799007,306.35413464788957,307.2225341796875,768782.0
2024-07-30T00:00:00,307.029526426135,312.1434569092072,306.54707904296777,311.56451416015625,1163136.0
2024-07-31T00:00:00,311.6610090690303,315.42409276296644,311.46801833754586,314.4591979980469,2849418.0
2024-08-01T00:00:00,314.07324787633524,314.7486859943549,302.7839672801599,302.8804626464844,1375160.0
2024-08-02T00:00:00,300.4682577729028,300.4682577729028,290.3368615993234,291.1087951660156,3194051.0
2024-08-05T00:00:00,281.363319650439,289.082477778318,280.10893878690786,288.0210876464844,2959486.0
2024-08-06T00:00:00,290.43336495945664,291.01230778882626,282.2317583077776,285.9948425292969,2089412.0
2024-08-07T00:00:00,287.056220157241,293.3280367321051,286.67026810342327,290.7228088378906,1419609.0
2024-08-08T00:00:00,288.88950755341045,293.52102042665615,286.9597178844548,292.94207763671875,1453346.0
2024-08-09T00:00:00,291.88064550221844,294.8718249486811,291.88064550221844,294.77532958984375,1045845.0
2024-08-12T00:00:00,295.25781128803237,296.7051535002286,294.0999257397743,295.16131591796875,790036.0
2024-08-13T00:00:00,296.4157105853864,298.2490049166209,294.2929301305334,296.5121765136719,920167.0
2024-08-14T00:00:00,297.9595242090265,301.43315163181074,296.99462933860053,299.9858093261719,1072519.0
2024-08-15T00:00:00,301.24013533011487,302.3014959368143,297.47702246545595,300.564697265625,845510.0
2024-08-16T00:00:00,301.6260860905051,302.88043740945153,299.5998013515348,300.46820068359375,1305869.0
2024-08-19T00:00:00,300.27528602720355,302.0120849609375,299.9857999074121,302.0120849609375,678330.0
2024-08-20T00:00:00,306.45059452226457,306.45059452226457,300.37173961147784,300.85418701171875,587462.0
2024-08-21T00:00:00,301.33663441195966,302.7839766126823,299.50334018029474,300.85418701171875,682725.0
2024-08-22T00:00:00,300.9506589876969,306.3540753396302,300.9506589876969,304.4242858886719,933397.0
2024-08-23T00:00:00,304.9067803346335,310.0207113908581,304.13487621355404,308.9593505859375,1324119.0
2024-08-26T00:00:00,308.5733485620644,311.27507169871404,307.89793986259156,309.9242248535156,413333.0
2024-08-27T00:00:00,309.92424546041417,311.08210164203336,308.47690314869914,308.9593505859375,809157.0
2024-08-28T00:00:00,309.24881020584746,313.49434180460185,309.05581945061795,312.239990234375,897615.0
2024-08-29T00:00:00,311.6610060863343,317.64336535008323,311.6610060863343,317.0644226074219,942726.0
2024-08-30T00:00:00,316.6784651981787,319.95910142235607,316.4854744718298,319.4766540527344,1926006.0
2024-09-02T00:00:00,319.09074497434693,320.9240393362968,316.09956499103157,320.7310485839844,867784.0
2024-09-03T00:00:00,320.73102306284704,326.7133825534508,318.8012334782977,321.2134704589844,1112497.0
2024-09-04T00:00:00,317.3539036078941,321.9854164583347,315.6171046928872,316.4855041503906,1560944.0
2024-09-05T00:00:00,315.038168763516,316.9679584649771,312.5294362623659,314.1697692871094,907513.0
2024-09-06T00:00:00,310.50312067180033,314.1697384119908,307.41547512065426,308.28387451171875,1296714.0
2024-09-09T00:00:00,310.40665189433645,313.494297417045,310.40665189433645,310.9855651855469,1410409.0
2024-09-10T00:00:00,310.40670161926624,314.65223329700103,308.0909302984513,309.8277587890625,1251527.0
2024-09-11T00:00:00,310.0207065469134,312.04699164090556,306.93306066458405,308.5733642578125,1030823.0
2024-09-12T00:00:00,312.23993804147943,315.6170695697019,311.37153868061506,313.10833740234375,998368.0
2024-09-13T00:00:00,313.2048676185702,316.4855041503906,313.2048676185702,316.4855041503906,1035732.0
2024-09-16T00:00:00,315.81004674458774,318.2222836718952,315.4240947254689,317.546875,698870.0
2024-09-17T00:00:00,318.4152986276302,323.62572489774067,318.4152986276302,322.85382080078125,1083849.0
2024-09-18T00:00:00,323.2397747716334,323.2397747716334,319.5731861198896,320.0556335449219,1972182.0
2024-09-19T00:00:00,323.1432805144278,327.67829810390964,321.30998618221844,326.13446044921875,1269498.0
2024-09-20T00:00:00,326.13446044921875,329.3186016869373,324.59062279452786,326.13446044921875,1883656.0
2024-09-23T00:00:00,326.03796196413305,329.4150939188145,323.33626817888944,328.8361511230469,874005.0
2024-09-24T00:00:00,331.34487723004236,332.2132766838534,325.8449943917373,328.1607360839844,934275.0
2024-09-25T00:00:00,327.58176878220297,332.9851852905411,327.38877805302087,331.7308044433594,1690412.0
2024-09-26T00:00:00,335.39745791095606,337.23075224852124,331.92383053931707,332.1168212890625,1656400.0
2024-09-27T00:00:00,331.2483968718735,333.0817206806561,327.7747988991907,329.60809326171875,1280196.0
2024-09-30T00:00:00,329.0291504508534,331.4413876242468,328.2572463338694,329.60809326171875,1230502.0
2024-10-01T00:00:00,330.6694492321274,333.95008555864115,327.1958221732446,329.3185729980469,1133102.0
2024-10-02T00:00:00,329.0291249733607,330.18701050543353,327.0993353840741,330.09051513671875,760797.0
2024-10-03T00:00:00,328.64320037947226,329.8975519387193,325.3625636930721,326.8099060058594,1269047.0
2024-10-04T00:00:00,326.13444046747117,327.19583063043234,323.4327468219812,324.20465087890625,1441769.0
2024-10-07T00:00:00,325.6520213034151,325.74851668045966,321.69594641462635,324.0116882324219,1292872.0
2024-10-08T00:00:00,323.62572610861565,324.0116781585394,321.9854225348761,322.9503173828125,1284514.0
2024-10-09T00:00:00,323.1432743868511,326.03795889216104,321.9854182524792,325.5555114746094,1060090.0
2024-10-10T00:00:00,322.2748718261719,323.8187094367455,318.41529252286443,322.2748718261719,1149574.0
2024-10-11T00:00:00,321.6959364127428,323.81871685670444,319.76614671687,322.9503173828125,803122.0
2024-10-14T00:00:00,322.950287786924,326.0379333496094,322.7572970565213,326.0379333496094,937599.0
2024-10-15T00:00:00,327.002859928028,329.99403986281897,324.3976614916003,326.13446044921875,1072227.0
2024-10-16T00:00:00,324.7836172821556,327.5818064999737,323.81872241764904,326.5204162597656,805617.0
2024-10-17T00:00:00,326.8098917639096,329.8975375622139,326.1344536022084,328.4501953125,1026367.0
2024-10-18T00:00:00,327.09934467988853,329.8010384031681,326.0379544863669,328.0642395019531,1263467.0
2024-10-21T00:00:00,328.1607455306097,329.8010491136373,325.07307022122785,326.13446044921875,1011557.0
2024-10-22T00:00:00,324.7836012044035,325.7484960211449,320.92402193743794,324.9765625,766075.0
2024-10-23T00:00:00,327.6782747223164,331.24836775739897,315.4240991800349,320.92401123046875,2831217.0
2024-10-24T00:00:00,320.92401123046875,325.07304702553154,319.66963034280303,320.92401123046875,1670864.0
2024-10-25T00:00:00,319.28369809827296,324.5906197420668,318.5117940013136,322.85382080078125,1606119.0
2024-10-28T00:00:00,324.1081807278801,330.5729881310761,323.8669570105408,329.60809326171875,1249338.0
2024-10-29T00:00:00,330.9588947875054,331.15188551340356,324.7835743600207,325.2660217285156,1166647.0
2024-10-30T00:00:00,324.78361048943356,325.1695625379133,321.02052648581235,322.85382080078125,1602711.0
2024-10-31T00:00:00,320.6345276943691,323.23975541201156,319.0907195837314,321.2134704589844,1370564.0
2024-11-01T00:00:00,321.50297029485955,324.78360683944925,321.50297029485955,322.5643310546875,595144.0
2024-11-04T00:00:00,324.30113456098957,327.58177085407766,324.20463919578816,326.0379333496094,1359194.0
2024-11-05T00:00:00,326.2309452292811,328.0642395019531,323.81870817411965,328.0642395019531,707808.0
2024-11-06T00:00:00,330.0905219391088,335.1079573069,321.888916015625,321.888916015625,1935391.0
2024-11-07T00:00:00,322.3713738864067,327.9677522138121,321.7924310896483,325.8450012207031,1573183.0
2024-11-08T00:00:00,326.81765008223687,326.9149231767156,320.88434752200385,323.4132995605469,1250432.0
2024-11-11T00:00:00,325.5531700516302,331.3891991794139,325.5531700516302,330.0274353027344,1032673.0
2024-11-12T00:00:00,327.88761714819515,327.9848902493174,315.53467539524326,316.9936828613281,1551558.0
2024-11-13T00:00:00,315.34015611158975,318.7445068359375,313.6866024577592,318.7445068359375,1206611.0
2024-11-14T00:00:00,318.06360268199904,321.9542889533385,317.3827207110824,321.2734069824219,955451.0
2024-11-15T00:00:00,318.84172750082985,321.07888991305504,316.31280517578125,316.31280517578125,1308391.0
2024-11-18T00:00:00,316.21553208245314,318.4526648110978,314.36746204354046,316.31280517578125,1162740.0
2024-11-19T00:00:00,316.70187808543847,318.2581585781681,312.51937240600364,316.02099609375,1729184.0
2024-11-20T00:00:00,319.03623957736045,322.2460435289457,317.28544281896444,318.0635681152344,1467026.0
2024-11-21T00:00:00,317.869055820187,318.93900047925007,314.95104112287714,318.2581481933594,1537452.0
2024-11-22T00:00:00,319.2308203201986,325.5531855088152,318.6472114429948,323.21875,1235775.0
2024-11-25T00:00:00,325.0668719560927,325.35866157285955,320.59257650297815,322.63519287109375,2427439.0
2024-11-26T00:00:00,321.3707024417133,321.3707024417133,316.31282774711764,318.7445068359375,1069971.0
2024-11-27T00:00:00,317.869055820187,319.03627357254317,316.1182588752333,318.2581481933594,805523.0
2024-11-28T00:00:00,322.63516489669973,325.4559064540069,321.5652202553543,322.8296813964844,738639.0
2024-11-29T00:00:00,321.3706890047741,327.8876005637635,320.1062278048896,325.7477111816406,2410772.0
2024-12-02T00:00:00,324.8723006814509,331.0973927218644,323.705082937307,328.8602600097656,1427739.0
2024-12-03T00:00:00,328.3739089694479,333.91811878751906,328.2766358813598,333.7236022949219,1015278.0
2024-12-04T00:00:00,334.69629148996023,337.41975999882703,333.72361992485344,336.8361511230469,1074486.0
2024-12-05T00:00:00,336.44711484920396,337.4197864906782,334.2099819472465,335.57171630859375,757653.0
2024-12-06T00:00:00,334.40446461896835,338.29515079107307,333.82088544001647,337.3224792480469,924801.0
2024-12-09T00:00:00,338.4897252913229,339.6569431140362,333.1400313571209,335.1826477050781,978060.0
2024-12-10T00:00:00,333.8209138336094,334.7935854593675,330.8056258570428,331.2919616699219,1473047.0
2024-12-11T00:00:00,330.61105330900557,335.7662303248091,330.61105330900557,334.5017395019531,1184856.0
2024-12-12T00:00:00,335.1826189090214,337.5170246703134,333.2372758273481,334.3072204589844,1188531.0
2024-12-13T00:00:00,333.7236423047372,335.7662586651577,331.38923632864913,332.3619079589844,1154819.0
2024-12-16T00:00:00,331.6810269129588,332.65369854613465,330.41656566326327,331.4864807128906,872389.0
2024-12-17T00:00:00,329.8329569956351,332.4591525970428,328.3739495447699,329.5411376953125,824482.0
2024-12-18T00:00:00,329.443853581056,334.8907903112011,329.443853581056,331.77825927734375,1411113.0
2024-12-19T00:00:00,324.87232911490315,325.7477276578375,316.5073470392998,316.9936828613281,1935358.0
2024-12-20T00:00:00,315.729204721933,317.38272861829955,312.0330348619265,316.8963928222656,2080249.0
2024-12-23T00:00:00,316.21553958890706,318.7444916575694,314.4647129181802,317.7718200683594,768669.0
2024-12-27T00:00:00,318.5499403303971,319.8144015025511,316.1182613965772,318.4526672363281,1035479.0
2024-12-30T00:00:00,317.7718056646174,318.9389937086152,314.85379102925293,317.8690490722656,795914.0
2025-01-02T00:00:00,318.1608530834896,319.0362514953893,316.99363541190434,318.8417053222656,859809.0
2025-01-03T00:00:00,318.6472211026366,319.42534650677646,317.18821370718825,317.9663391113281,595532.0
2025-01-07T00:00:00,323.2187599785956,323.2187599785956,312.13030970371653,316.02099609375,2155378.0
2025-01-08T00:00:00,315.24286063131467,315.8264695079159,310.57401930208556,314.3674621582031,1669775.0
2025-01-09T00:00:00,314.07566053700464,317.09094849932814,312.8111993029248,315.53466796875,883146.0
2025-01-10T00:00:00,315.5346624516504,316.89639676075313,309.50411631602907,311.2549133300781,1566350.0
2025-01-13T00:00:00,310.57402992611645,313.20025511886877,305.6134285142667,308.2396240234375,1568005.0
2025-01-14T00:00:00,309.69861447093604,311.0603486993291,305.22431942029044,306.1969909667969,1719819.0
2025-01-15T00:00:00,306.2942833806202,317.5772799685944,306.2942833806202,316.2155456542969,1785323.0
2025-01-16T00:00:00,317.577256882127,319.71714613730677,316.3127957572533,319.619873046875,1689344.0
2025-01-17T00:00:00,320.98161464383355,326.3313082212308,320.68982504940766,324.9695739746094,2276087.0
2025-01-20T00:00:00,325.4559265191246,327.8876055432012,324.5805280071734,327.01220703125,900670.0
2025-01-21T00:00:00,327.30398896545324,329.0547859482996,324.8723099983994,327.49853515625,1367316.0
2025-01-22T00:00:00,328.5684220983132,333.13999003943917,325.3586180093209,327.6930236816406,2377416.0
2025-01-23T00:00:00,327.595775195313,328.27665717251057,324.5805170540746,327.3039855957031,1243382.0
2025-01-24T00:00:00,329.152063191196,331.6810152855145,327.49853928291276,328.76300048828125,784693.0
2025-01-27T00:00:00,324.19141881620976,326.9149169921875,323.0242307552881,326.9149169921875,1725848.0
2025-01-28T00:00:00,327.3039796791614,330.8056032290869,326.234035027298,326.9149169921875,1494963.0
2025-01-29T00:00:00,328.5684578597935,330.0274652742395,325.06686381198875,327.01220703125,1325239.0
2025-01-30T00:00:00,327.79032111482996,332.3618893955018,327.79032111482996,331.1946716308594,1617339.0
2025-01-31T00:00:00,330.9028989563351,333.91815724931934,329.930227330577,331.2919616699219,1107333.0
2025-02-03T00:00:00,321.75973675513893,324.38596181266144,318.3553863313179,322.8296813964844,2157178.0
2025-02-04T00:00:00,322.82969228597335,325.2613712421551,319.4253417473189,324.4832458496094,1911913.0
2025-02-05T00:00:00,325.261354345198,326.7203616431133,312.6166244299322,320.4952697753906,1875373.0
2025-02-06T00:00:00,320.3980209108729,325.066862427362,312.8111942615029,323.9969177246094,1521436.0
2025-02-07T00:00:00,324.4832663939971,325.7477276578375,316.11828431839376,316.9936828613281,1703013.0
2025-02-10T00:00:00,317.5772662238882,318.54993778965814,315.7291961856414,318.2581481933594,1704449.0
2025-02-11T00:00:00,317.47997453203425,322.92694091796875,316.89636569004506,322.92694091796875,1304399.0
2025-02-12T00:00:00,323.12150083717177,324.5805081624144,316.70186266938805,318.9389953613281,2095950.0
2025-02-13T00:00:00,322.0515577601736,323.41329200030094,319.32805959633873,321.95428466796875,2441902.0
2025-02-14T00:00:00,321.6624798299745,322.8296678303741,319.2308010580018,320.9815979003906,1626490.0
2025-02-17T00:00:00,320.3980285147475,323.5105895996094,320.20351199918264,323.5105895996094,1036940.0
2025-02-18T00:00:00,323.12150059019933,325.55317946374515,321.1761574913627,324.7750244140625,1251668.0
2025-02-19T00:00:00,324.09416993996194,325.06684148277867,313.8811187403864,314.8537902832031,2418281.0
2025-02-20T00:00:00,316.8963808004198,320.0089416503906,316.70186429953424,320.0089416503906,1868812.0
2025-02-21T00:00:00,319.8144064979446,325.5531926182619,318.74449149721676,319.7171630859375,2428911.0
2025-02-24T00:00:00,319.71714275453576,320.1062054285666,315.14557470483027,319.4253234863281,1582738.0
2025-02-25T00:00:00,317.4799803968769,322.1488215354597,317.09091772288986,321.37066650390625,1298764.0
2025-02-26T00:00:00,322.4406294441336,328.957540917191,322.1488398429559,326.4285888671875,1481330.0
2025-02-27T00:00:00,324.09418330141483,325.5531906757905,320.1062238747385,322.53790283203125,1276297.0
2025-02-28T00:00:00,320.0089611215493,323.70510138265115,319.0362895071981,320.3007507324219,2884259.0
2025-03-03T00:00:00,320.30072359557016,324.483228993075,318.45265362159336,320.4952697753906,1560645.0
2025-03-04T00:00:00,317.18819618808266,317.4799857776235,309.6986134316838,310.9631042480469,2275874.0
2025-03-05T00:00:00,317.0909059933615,322.440599192636,315.53462567140235,320.592529296875,1956569.0
2025-03-06T00:00:00,321.37069990676116,325.4559326171875,315.82648943813393,325.4559326171875,2574185.0
2025-03-07T00:00:00,322.8296828582435,329.8329299209606,319.8143951039186,327.7903137207031,2278465.0
2025-03-10T00:00:00,330.31924598942567,330.31924598942567,321.56520252513127,323.6078186035156,1747253.0
2025-03-11T00:00:00,326.9149396734793,327.7903382008006,314.4647250414597,314.6592712402344,1950643.0
2025-03-12T00:00:00,317.188209723593,319.81440519226857,313.10297719421186,314.75653076171875,2258044.0
2025-03-13T00:00:00,313.297537135838,319.0362938010303,312.03304621001377,312.71392822265625,1858744.0
2025-03-14T00:00:00,311.8385182515752,312.13030785566747,307.16967680102925,308.04510498046875,1931428.0
2025-03-17T00:00:00,303.76529433290364,305.32157465300105,299.9718814601261,301.13909912109375,2652227.0
2025-03-18T00:00:00,301.1391355360107,303.47354145665327,297.4429656183768,301.5281982421875,2362790.0
2025-03-19T00:00:00,300.5555453927388,306.78063813082315,300.5555453927388,305.710693359375,2492821.0
2025-03-20T00:00:00,305.3215849793266,305.7106476516149,296.1784786044438,300.8472900390625,2239316.0
2025-03-21T00:00:00,298.3183772206266,299.8746279587821,295.4003625612149,297.54022216796875,3006095.0
2025-03-24T00:00:00,298.90199481225443,299.6801499648993,295.6921901478983,297.0539245605469,1190164.0
2025-03-25T00:00:00,296.6648528796682,296.95664250087077,291.41243191294154,294.52496337890625,2171535.0
2025-03-26T00:00:00,294.81678069072865,295.4976330301263,289.3698135576331,290.43975830078125,1846814.0
2025-03-27T00:00:00,288.5916679293661,290.6342544882564,286.54905168689515,290.1479187011719,1828128.0
2025-03-28T00:00:00,290.1479540577043,292.77417950141654,288.8834927306336,291.4124450683594,2481062.0
2025-03-31T00:00:00,289.46706041441007,292.6768646692589,288.6889053610424,291.7041931152344,2735162.0
2025-04-01T00:00:00,291.8987453448245,293.55226921076326,288.5916679293661,290.1479187011719,1910589.0
2025-04-02T00:00:00,287.7162693565111,289.27254997195644,285.1873467504442,289.0780334472656,1668177.0
2025-04-03T00:00:00,281.97748794896546,282.85288644307747,273.12617054498565,274.77972412109375,3537548.0
2025-04-04T00:00:00,272.05625782827565,274.39066372671,265.1502835459055,268.06829833984375,3561661.0
2025-04-07T00:00:00,247.0585946872664,269.43004223768816,245.59958723832585,252.9918975830078,4477076.0
2025-04-08T00:00:00,256.68802191862665,263.9830587087558,255.81262344052732,260.77325439453125,2812620.0
2025-04-09T00:00:00,252.01920895385626,256.2989579120665,249.1984673461891,254.83995056152344,2776390.0
2025-04-10T00:00:00,277.0168534087956,278.76768005850874,263.1076617234644,263.7885437011719,2547397.0
2025-04-11T00:00:00,266.51201210694376,267.38741058955696,258.9251856795215,265.73388671875,2751850.0
2025-04-14T00:00:00,271.7644442902114,271.7644442902114,267.5819682038168,270.4027099609375,1373912.0
2025-04-15T00:00:00,270.11091641319683,276.23873564743616,270.0136433160412,276.044189453125,1271227.0
2025-04-16T00:00:00,273.3207286942707,274.29340032663464,271.27811232958993,273.6125183105469,2131846.0
2025-04-17T00:00:00,271.47266608425923,273.4180094031238,267.97104217358645,268.16558837890625,911545.0
2025-04-22T00:00:00,268.45736104231923,269.23548644727015,264.3721284573731,268.06829833984375,2207835.0
2025-04-23T00:00:00,272.73708932833034,281.97746880414326,271.56990130995416,275.5578308105469,3714705.0
2025-04-24T00:00:00,274.6240960837307,278.7523157726829,270.2010164152514,277.7694091796875,2142117.0
2025-04-25T00:00:00,280.42323479833533,285.4360643469889,278.7523116127363,285.04290771484375,1887127.0
2025-04-28T00:00:00,285.33776682346274,287.9916265752579,284.55145356156027,284.748046875,1761948.0
2025-04-29T00:00:00,285.3377614129625,286.418964624523,282.0941817742085,283.273681640625,2067819.0
2025-04-30T00:00:00,284.94461685284926,286.6155700683594,281.99589705789896,286.6155700683594,1452653.0
2025-05-02T00:00:00,292.6113033598071,294.2822265625,288.18822371208637,294.2822265625,3526190.0
2025-05-05T00:00:00,293.98736967869326,295.75658955803186,293.2993230612122,295.1668395996094,1481662.0
2025-05-06T00:00:00,294.9702609797367,295.5600109075737,290.1540248949345,290.9403381347656,2304924.0
2025-05-07T00:00:00,290.35059444289914,293.29931414948766,289.56428118618004,292.7095642089844,2438874.0
2025-05-08T00:00:00,293.5942183198588,299.78651800486625,293.00446835082727,296.6412048339844,2796715.0
2025-05-09T00:00:00,296.8377910240042,298.1155575962659,293.5942112661532,294.6753845214844,1975300.0
2025-05-12T00:00:00,296.93606159128495,305.3890635457567,296.93606159128495,304.11126708984375,2098737.0
2025-05-13T00:00:00,304.11130602556176,307.5514792385114,302.73524273956787,306.37200927734375,2280501.0
2025-05-14T00:00:00,305.585623644235,306.3719668386857,302.63690415587774,303.2266540527344,1642182.0
2025-05-15T00:00:00,302.0471943586982,305.88055419921875,299.5899277921747,305.88055419921875,1264887.0
2025-05-16T00:00:00,306.56854655305904,309.91042281959216,305.68393665837783,307.6497497558594,2357635.0
2025-05-19T00:00:00,306.07708874683846,307.5514485481199,303.5215257587653,306.4702453613281,1240886.0
2025-05-20T00:00:00,306.8634342478544,308.43606071747774,304.99588782230416,307.05999755859375,1164876.0
2025-05-21T00:00:00,301.0642477629021,303.2266540527344,298.0172616216736,303.2266540527344,2284906.0
2025-05-22T00:00:00,301.4574430336883,302.1454596032165,296.54291041165834,297.3292236328125,1738096.0
2025-05-23T00:00:00,298.2138215638579,300.3762278293299,290.94031957370044,294.08563232421875,1308184.0
2025-05-26T00:00:00,299.78648994382746,300.17964655440454,297.23092698118654,297.3292236328125,504188.0
2025-05-27T00:00:00,299.8847988073725,303.03008181599796,299.3933455251565,300.6711120605469,2484975.0
2025-05-28T00:00:00,299.9830909935111,301.45745081819234,299.09845110196045,299.3933410644531,819685.0
2025-05-30T00:00:00,296.7394786664593,301.5557147171634,295.06855554466614,298.7052917480469,4048976.0
2025-06-02T00:00:00,296.4446000357215,297.5258031616977,292.5129741201176,293.59417724609375,1776478.0
2025-06-03T00:00:00,294.87197605252004,294.87197605252004,289.56428648276034,294.1839294433594,1963807.0
2025-06-04T00:00:00,295.4617170993242,300.2779532305135,294.1839205773824,299.98309326171875,1702345.0
2025-06-05T00:00:00,300.6711014880585,306.07708740234375,300.6711014880585,306.07708740234375,2101245.0
2025-06-09T00:00:00,303.8164007442487,307.9445899868399,302.04715107234495,302.342041015625,1721839.0
2025-06-10T00:00:00,302.6369114148426,305.88052092739133,301.45744158876477,305.1924743652344,1213334.0
2025-06-11T00:00:00,305.09417223453244,307.8463284378046,303.7181091308594,303.7181091308594,1658714.0
2025-06-12T00:00:00,301.7523125992184,302.93181246442674,299.0984529004633,299.8847961425781,1093905.0
2025-06-13T00:00:00,294.4788002480346,298.90187960090446,294.38050359656324,297.2309265136719,1113644.0
2025-06-16T00:00:00,297.2309654052334,300.96602867837635,296.54294874676293,299.4916687011719,871641.0
2025-06-17T00:00:00,296.54289853683446,297.624071673645,294.08563232421875,294.08563232421875,1412955.0
2025-06-18T00:00:00,294.08565740213476,295.2651272872134,291.0386410394743,292.7095642089844,1501583.0
2025-06-19T00:00:00,289.1711120605469,291.72664503240395,288.87622210507567,289.1711120605469,2634466.0
2025-06-23T00:00:00,288.67967946041455,289.85914937894324,283.96170979851337,286.51727294921875,1781378.0
2025-06-24T00:00:00,293.20100482197995,294.9702545670272,288.58136214553116,289.1711120605469,1846556.0
2025-06-25T00:00:00,290.94035756516604,291.6284041929149,286.41898114435935,287.8933410644531,1468750.0
2025-06-26T00:00:00,288.0899277105864,288.2864910311536,285.4360679175346,286.02581787109375,1935596.0
2025-06-27T00:00:00,288.9745352297318,293.8890681418021,288.4830819385248,293.790771484375,1210668.0
2025-06-30T00:00:00,295.56000817953856,295.8548681427718,289.17111567811656,290.1540222167969,2307795.0
2025-07-01T00:00:00,290.15405442214063,290.7437744140625,286.7138811549211,290.7437744140625,3296496.0
2025-07-02T00:00:00,292.21808234576713,294.18389529123726,291.03861257604007,293.10272216796875,1470879.0
2025-07-03T00:00:00,294.871971591207,295.6582848504123,292.21811184851487,292.9061584472656,876862.0
2025-07-04T00:00:00,291.23519856621454,291.4317918744502,288.48307222647935,291.03863525390625,1070892.0
2025-07-07T00:00:00,291.5300929968602,294.38051603440175,289.7608431834039,292.31640625,760878.0
2025-07-08T00:00:00,293.2009943179637,294.57708740234375,290.0557115437716,294.57708740234375,1201694.0
2025-07-09T00:00:00,294.87198139239297,298.31215450863755,293.9873714474016,295.6582946777344,1461525.0
2025-07-10T00:00:00,296.73949069921383,302.2437735500426,296.5429273806408,301.94891357421875,1179691.0
2025-07-11T00:00:00,300.67113331572705,301.85063327479827,297.52585008475376,298.1155700683594,914152.0
2025-07-14T00:00:00,295.2651416332591,297.32925152734555,294.6753916641016,296.5429382324219,725073.0
2025-07-15T00:00:00,296.9360670222354,300.27794320603044,296.9360670222354,297.3292236328125,870312.0
2025-07-16T00:00:00,296.0514853181335,299.4916584808797,295.56003200916973,296.739501953125,1243035.0
2025-07-17T00:00:00,317.97029272334333,319.44465265869115,311.77799299325443,314.136962890625,2401724.0
2025-07-18T00:00:00,316.8890907567955,318.95320067405703,312.6626042562508,314.5301208496094,2067470.0
2025-07-21T00:00:00,314.62838287836337,315.9061493552909,312.1711165797131,313.4488830566406,961601.0
2025-07-22T00:00:00,313.54719769962867,313.74379101317214,309.3207114217981,310.00872802734375,1019015.0
2025-07-23T00:00:00,314.2352362385132,317.8719724783309,313.54718965469306,316.1027526855469,1376691.0
2025-07-24T00:00:00,318.5600280761719,320.0343879438531,315.70960499784053,318.5600280761719,1458689.0
2025-07-25T00:00:00,316.9873741854347,319.3463439941406,316.20106091450896,319.3463439941406,1670587.0
2025-07-28T00:00:00,325.2437780352515,325.2437780352515,315.90616561963606,317.8719787597656,1135464.0
2025-07-29T00:00:00,318.1668523285797,321.6070251464844,318.1668523285797,321.6070251464844,826959.0
2025-07-30T00:00:00,319.34631666061387,323.1796460211492,317.87195690687514,320.2309265136719,1370543.0
2025-07-31T00:00:00,320.4275431803012,322.5899496418524,318.06857340147235,318.26513671875,971247.0
2025-08-01T00:00:00,315.90617971353214,316.987382988026,312.3677099042474,313.2523498535156,1292987.0
2025-08-04T00:00:00,316.20104799980066,316.9873612386108,314.72668818008617,315.7095947265625,913196.0
2025-08-05T00:00:00,317.77367629128435,318.16686290886105,314.9232532894182,316.2010498046875,898827.0
2025-08-06T00:00:00,318.265159367084,320.5258626461139,315.31643943472955,316.0044860839844,1117349.0
2025-08-07T00:00:00,316.5942263295792,322.8848226592183,316.4959296690054,321.8036193847656,887499.0
2025-08-08T00:00:00,322.00021623965495,323.67113950402876,321.41046626566964,322.7865295410156,575236.0
2025-08-11T00:00:00,322.9831148896646,323.9660214900616,320.3292550702209,320.5258483886719,599950.0
2025-08-12T00:00:00,322.0002197519412,324.1625963522344,320.72242312838017,323.7694396972656,699217.0
2025-08-13T00:00:00,325.34206658257665,325.7352232016179,322.2950502921344,323.96600341796875,737978.0
2025-08-14T00:00:00,324.555762779454,329.0771090237563,324.555762779454,326.5215759277344,1073699.0
2025-08-15T00:00:00,328.38909282491034,329.96174934466217,326.7181396484375,326.7181396484375,795001.0
2025-08-18T00:00:00,327.11129541196004,328.1924986411678,324.55576231955934,326.42327880859375,703114.0
2025-08-19T00:00:00,327.7010408688558,333.79507353483893,326.32497768503214,333.5984802246094,926646.0
2025-08-20T00:00:00,331.9275764142392,333.00874969572317,329.76516985941225,330.5514831542969,1049625.0
2025-08-21T00:00:00,331.3378220246493,332.2224319685751,327.8976489125487,329.2737121582031,996816.0
2025-08-22T00:00:00,327.9959396109247,336.1540522729794,327.9959396109247,336.0557556152344,1182845.0
2025-08-25T00:00:00,335.1711580424604,335.1711580424604,330.35492159470186,331.0429382324219,714692.0
2025-08-26T00:00:00,329.6668410033014,332.124107304751,328.7822311339648,329.96173095703125,3875736.0
2025-08-27T00:00:00,330.15829244196016,330.7480423502395,328.1924794116467,329.47027587890625,887322.0
2025-08-28T00:00:00,330.84634170998334,331.3377949715858,327.5044655302717,330.256591796875,715502.0
2025-08-29T00:00:00,329.3720057152928,331.5343822249735,327.8976458239942,328.38909912109375,1293041.0
2025-09-01T00:00:00,328.38910221427733,330.354915421192,327.99594557208025,329.2737121582031,487384.0
2025-09-02T00:00:00,329.3720123100049,330.0600289421625,321.01730609203423,321.8036193847656,1334498.0
2025-09-03T00:00:00,323.9660038268668,326.0301135743476,322.09848738711844,324.1625671386719,927032.0
2025-09-04T00:00:00,324.8506350346535,330.35491805711945,323.76943176303763,330.0600280761719,1138621.0
2025-09-05T00:00:00,331.2394901914222,336.2523193359375,330.55144364369283,336.2523193359375,2472377.0
2025-09-08T00:00:00,337.13693647687734,338.41470295494975,335.859169998805,338.2181396484375,843611.0
2025-09-09T00:00:00,338.61131243799014,339.7908123171323,331.43610649500476,334.2865295410156,1030898.0
2025-09-10T00:00:00,336.0557475571771,337.3335440853663,333.7950744628906,333.7950744628906,1034726.0
2025-09-11T00:00:00,334.67968703703093,335.9574535794766,329.6668575315638,334.5813903808594,1078486.0
2025-09-12T00:00:00,335.0728405294871,335.859183775571,332.4190108132643,333.69677734375,1516756.0
2025-09-15T00:00:00,335.7608897983238,336.64549971078696,333.20532672104173,334.48309326171875,758573.0
2025-09-16T00:00:00,334.3848353448938,334.58139866617637,327.79934916538855,328.38909912109375,1741291.0
2025-09-17T00:00:00,328.880551956831,331.14122512194604,328.0942086850176,328.2908020019531,1155044.0
2025-09-18T00:00:00,329.66685163256534,330.84635149366176,324.6540222167969,324.6540222167969,1401816.0
2025-09-19T00:00:00,325.8335184498367,327.7993315324903,322.9830954791744,323.6711120605469,2106451.0
2025-09-22T00:00:00,323.7694295013286,324.45747612280394,319.54294310063466,320.91900634765625,941826.0
2025-09-23T00:00:00,322.0002166958897,324.26088993745196,321.1156067316232,322.88482666015625,1129459.0
2025-09-24T00:00:00,317.577111165682,320.52583080511096,315.11984479949126,315.7095947265625,1309500.0
2025-09-25T00:00:00,315.21816261976267,315.4147259447005,311.1882395094209,313.154052734375,1213672.0
2025-09-26T00:00:00,314.9232550243076,316.98736479424633,313.54719184299097,316.790771484375,1134736.0
2025-09-29T00:00:00,318.0685752481991,321.0172949878377,316.7907786967987,318.6583251953125,1162279.0
2025-09-30T00:00:00,318.26514697288513,321.1156001265668,316.39763042097337,321.0173034667969,1427378.0
2025-10-01T00:00:00,320.2309471870608,320.2309471870608,315.31641435732735,317.47882080078125,1315968.0
2025-10-02T00:00:00,319.34632933299355,323.5728454589844,317.97026617408403,323.5728454589844,1060965.0
2025-10-03T00:00:00,324.0643081139588,326.42327788267556,321.80360500549557,326.2266845703125,931939.0
2025-10-06T00:00:00,325.63693422537074,328.683950587652,324.06430771212825,326.0301208496094,1399298.0
2025-10-07T00:00:00,326.03014779421954,327.602774437431,322.88483451593567,325.1455078125,1100737.0
2025-10-08T00:00:00,324.4574678407492,328.3890941581265,324.1625778693889,327.1112976074219,1105829.0
2025-10-09T00:00:00,327.6027513596697,329.47029785980357,326.61984477893753,327.2095947265625,619749.0
2025-10-10T00:00:00,328.09419743632884,331.0429171136928,324.35916451003885,325.2437744140625,1209209.0
2025-10-13T00:00:00,326.7181342527445,327.30788418740286,323.1796646407222,325.2437744140625,937210.0
2025-10-14T00:00:00,323.2779929171773,325.83355622005007,321.11561627315467,325.636962890625,1512069.0
2025-10-15T00:00:00,328.3890812578278,332.5172707313469,327.3078780638369,331.8292541503906,1981346.0
2025-10-16T00:00:00,331.82927410887555,337.9232770303943,328.48739766856806,337.43182373046875,1421193.0
2025-10-17T00:00:00,333.9916417660814,336.7437981701729,329.76515549727446,334.97454833984375,1916342.0
2025-10-20T00:00:00,337.530120451355,340.4788402514471,335.7609005696713,337.33355712890625,1862645.0
2025-10-21T00:00:00,345.58997373894886,356.30364990234375,343.9190204858626,356.30364990234375,2970347.0
2025-10-22T00:00:00,354.43609343022496,356.0087498450776,351.094217296117,353.748046875,1719175.0
2025-10-23T00:00:00,356.8933665531646,356.8933665531646,351.5856772976226,355.6155700683594,1698493.0
2025-10-24T00:00:00,357.87627313674125,358.17113309701176,353.84635036945923,355.5173034667969,1146765.0
2025-10-27T00:00:00,356.598479813854,358.2694329260087,355.7138699292715,356.40191650390625,1039134.0
2025-10-28T00:00:00,355.1241204719778,358.46602670065744,350.8976343534859,356.5002136230469,1051378.0
2025-10-29T00:00:00,356.59850588088455,356.59850588088455,353.94467603314445,355.2224426269531,818985.0
2025-10-30T00:00:00,353.74808094437253,356.10705079588007,353.64978428474114,354.7309875488281,705978.0
2025-10-31T00:00:00,353.453213441629,354.23952671009283,351.5856969320809,352.568603515625,785908.0
2025-11-03T00:00:00,351.19251207882445,354.3378251604509,349.91474551212355,353.06005859375,1570068.0
2025-11-04T00:00:00,348.6369691535747,350.701048934746,346.08140609602003,350.40618896484375,1317274.0
2025-11-05T00:00:00,348.04721921784244,353.2566119923007,346.86771934637784,350.40618896484375,1688891.0
2025-11-06T00:00:00,347.45746703582734,351.68395322205055,346.76942044926653,349.8164367675781,1058844.0
2025-11-07T00:00:00,350.9959344114106,351.4873876855806,346.47455828986097,349.12841796875,1213934.0
2025-11-10T00:00:00,352.4487291235444,353.83631647204686,349.77264404296875,349.77264404296875,1233869.0
2025-11-11T00:00:00,351.55671567433984,356.61149606708767,349.37619963450413,355.3230285644531,1200852.0
2025-11-12T00:00:00,356.8097438969481,360.1796076509919,355.3230366307108,358.5937805175781,1378327.0
2025-11-13T00:00:00,358.29645015079876,359.68403754593885,352.54786083644564,353.34075927734375,1479198.0
2025-11-14T00:00:00,350.6646648824159,352.5478515625,347.29480122653973,352.5478515625,1084726.0
2025-11-17T00:00:00,352.1513850307396,353.4398828195185,348.48419189453125,348.48419189453125,1242619.0
2025-11-18T00:00:00,345.21341081554203,346.6010284444316,338.77101274220416,340.15863037109375,1456911.0
2025-11-19T00:00:00,339.26657701039903,344.916076570319,337.68078016640516,342.339111328125,1471178.0
2025-11-20T00:00:00,346.2045618167175,347.0966103961166,343.8258361816406,343.8258361816406,1204611.0
2025-11-21T00:00:00,339.26658045702914,345.2134094238281,338.4736820269771,345.2134094238281,1205944.0
2025-11-24T00:00:00,348.1868098768522,350.46644570388105,344.5196169767127,349.1779479980469,3240011.0
2025-11-25T00:00:00,349.376216035537,353.6380982032148,347.5921793716573,351.5567321777344,1241722.0
2025-11-26T00:00:00,353.7372109528756,354.62922926686116,351.55672510170393,353.53900146484375,1125290.0
2025-11-27T00:00:00,355.12479006239596,356.01683860268133,353.83632255530677,355.4221496582031,1147349.0
2025-11-28T00:00:00,354.827460713725,356.4132878166214,354.33189163451584,355.4221496582031,1894654.0
2025-12-01T00:00:00,352.54786083644564,353.93544823158567,349.8717756659252,353.34075927734375,1248048.0
2025-12-02T00:00:00,353.5389943035238,354.2327728682873,349.871771007144,350.3673400878906,1101073.0
2025-12-03T00:00:00,349.97087803549385,352.9442924109065,349.0788597722971,351.8540344238281,1263974.0
2025-12-04T00:00:00,353.2416416042694,357.5035539301915,351.7549343329996,356.1159362792969,1368871.0
2025-12-05T00:00:00,357.5035422275854,359.5849081415217,355.81859527644707,357.7017517089844,1352978.0
2025-12-08T00:00:00,357.80086926946404,358.09819861321597,352.9442984229899,354.92657470703125,1108298.0
2025-12-09T00:00:00,355.12478645358743,355.12478645358743,349.97088623046875,349.97088623046875,1532677.0
2025-12-10T00:00:00,347.7903830661782,350.66467775324344,346.6010353924635,348.48419189453125,1194993.0
2025-12-11T00:00:00,348.2859358491959,355.32302268257354,347.1956778473257,354.82745361328125,1041127.0
2025-12-12T00:00:00,356.5123958689987,358.4946721201532,354.3318798938746,354.4309997558594,947520.0
2025-12-15T00:00:00,354.8274653442723,357.2061909060915,354.7283454777097,355.818603515625,1195873.0
2025-12-16T00:00:00,354.2327680930612,355.9177150437405,352.4487315252774,355.1247863769531,1909517.0
2025-12-17T00:00:00,354.6292220195027,355.22391096571874,346.7001167289861,347.7903747558594,1216740.0
2025-12-18T00:00:00,347.6912421993964,351.8540344238281,345.90720567300286,351.8540344238281,1478734.0
2025-12-19T00:00:00,352.6469421386719,354.7283383058585,351.65580398735784,352.6469421386719,1924559.0
2025-12-22T00:00:00,353.7372026191423,353.8363224843915,350.46645879587214,352.8451843261719,759402.0
2025-12-23T00:00:00,352.7460573503702,354.232764557731,351.95315893863204,352.25048828125,736941.0
2025-12-29T00:00:00,353.14250327127195,355.1247795293136,352.1513651422511,354.5301208496094,989259.0
2025-12-30T00:00:00,353.6380862197875,357.10706980755447,352.4487385665493,355.719482421875,1117775.0
2026-01-02T00:00:00,355.0256860358952,355.3230153724994,349.9708755836796,351.6557922363281,1305091.0
2026-01-05T00:00:00,351.8540497955055,352.9443078302146,346.89835895331527,350.5655822753906,896169.0
2026-01-07T00:00:00,354.33188927140594,357.8008728027344,346.70011340362896,357.8008728027344,3156148.0
2026-01-08T00:00:00,356.80973332763244,359.5849080435485,352.84518073510316,355.1247863769531,2073070.0
2026-01-09T00:00:00,355.6203696260786,363.0539060333724,355.12480053225903,361.4681091308594,1724486.0
2026-01-12T00:00:00,361.4680845043962,363.74769008180414,358.7919994812346,361.9636535644531,1508984.0
2026-01-13T00:00:00,361.9636651391829,361.9636651391829,356.61149492171023,357.8008728027344,1612409.0
2026-01-14T00:00:00,357.8999984901831,359.3867057420832,355.2239133379083,355.719482421875,2938754.0
2026-01-15T00:00:00,356.5124122155385,366.1264343261719,355.62036366390925,366.1264343261719,3430318.0
2026-01-16T00:00:00,372.6679545714731,372.6679545714731,366.12643655350394,371.47857666015625,1770875.0
2026-01-19T00:00:00,363.9459438823911,365.92822019929486,360.9725294070354,365.72998046875,2106981.0
2026-01-20T00:00:00,359.58489894076797,361.36896571052455,356.41327509531476,359.4858093261719,1961470.0
2026-01-21T00:00:00,358.2964395206506,361.7654230291493,356.21504336612423,360.1795959472656,1090873.0
2026-01-22T00:00:00,364.24326849765464,366.62199399759993,362.260992206511,362.7565612792969,1590178.0
2026-01-23T00:00:00,363.35125144751237,363.35125144751237,359.9813877905743,362.8556823730469,1260111.0
2026-01-26T00:00:00,361.96366389539605,361.96366389539605,355.62035554791225,357.7017517089844,1433063.0
2026-01-27T00:00:00,358.4946699741691,361.17072474892746,358.09819052860337,359.3866882324219,1244872.0
2026-01-28T00:00:00,358.69288754785555,360.0804748972573,353.5389873576294,354.92657470703125,1566967.0
2026-01-29T00:00:00,355.62034751376757,359.8822596038945,355.22389831279037,357.0079650878906,1325545.0
2026-01-30T00:00:00,356.1159433544684,360.37785576506457,355.22392502341165,356.71063232421875,1636207.0
2026-02-02T00:00:00,354.8274663573638,362.36012253057874,353.24163922924436,361.0716247558594,1816295.0
2026-02-03T00:00:00,363.05390696852794,366.72113037109375,358.0982160175672,366.72113037109375,2084457.0
2026-02-04T00:00:00,369.59542716266145,381.29087602132904,367.41494128019406,377.2272033691406,4402219.0
2026-02-05T00:00:00,377.0289587502766,390.9048933117799,376.23606030275977,384.5616149902344,2599317.0
2026-02-06T00:00:00,383.66958279320784,393.3827245359682,381.88551598014,391.1031188964844,2941780.0
2026-02-09T00:00:00,391.10312127001043,392.1933792878681,386.5438797162379,388.7243957519531,1767287.0
2026-02-10T00:00:00,389.71553257908744,389.8146221963533,384.7598418303561,386.0483093261719,1277651.0
2026-02-11T00:00:00,385.6518578200227,387.7332539715271,383.17401246040697,383.27313232421875,1942495.0
2026-02-12T00:00:00,384.66073263099526,385.45363107392166,378.7139035676368,379.20947265625,1906943.0
2026-02-13T00:00:00,377.5245339544107,378.9121213836006,375.04668845687956,377.3263244628906,2501569.0
2026-02-16T00:00:00,377.2271857398384,378.02008416056447,374.94754984776296,375.740478515625,1488394.0
2026-02-17T00:00:00,373.3617482577209,375.83959359989547,371.5776814630739,372.7670593261719,1701059.0
2026-02-18T00:00:00,373.06440163692446,375.04667797957245,370.98300542771676,373.8573303222656,2232201.0
2026-02-19T00:00:00,372.76707568286076,374.5511123086542,370.9830088099305,374.1546630859375,1348802.0
2026-02-20T00:00:00,376.63250856398014,381.3899597311967,373.4608542877445,379.30859375,1519446.0
2026-02-23T00:00:00,378.02008179640137,381.3899454341159,376.1369253736023,378.11920166015625,1017522.0
2026-02-24T00:00:00,377.7227721476086,384.7598593812321,377.1280831812069,382.381103515625,1881006.0
2026-02-25T00:00:00,381.4890592053661,384.66071331205427,374.9475415147813,375.0466613769531,1438234.0
2026-02-26T00:00:00,375.04668600367904,382.1828930887453,375.04668600367904,379.7050476074219,1867828.0
2026-02-27T00:00:00,377.6236501254695,383.0749101666508,377.6236501254695,382.1828918457031,2137830.0
2026-03-02T00:00:00,377.52452321253327,380.4979377249667,373.857330128814,379.01123046875,1948068.0
2026-03-03T00:00:00,380.1014946583332,380.6961836198727,370.1901127897978,374.3529052734375,2137403.0
2026-03-04T00:00:00,372.96527706864526,377.4253987833775,370.8839111328125,370.8839111328125,2158269.0
2026-03-05T00:00:00,369.6945222992903,370.58654056640313,360.3778299315235,362.260986328125,2255752.0
2026-03-06T00:00:00,363.05390479500255,364.9370915428031,353.24164282027164,356.2150573730469,2010206.0
2026-03-09T00:00:00,347.88948393579784,351.25934753133293,342.23998449097775,344.3213806152344,2560484.0
2026-03-10T00:00:00,352.6469541248561,354.7283503627877,350.3673483982063,351.0611572265625,2510344.0
2026-03-11T00:00:00,348.8806374343064,351.65581222413374,346.40279199798323,348.18682861328125,1255608.0
2026-03-12T00:00:00,348.88062688541197,350.16909437448675,343.03291788193025,347.2947998046875,2018586.0
2026-03-13T00:00:00,344.71783799691235,345.2134070741058,339.5639377423821,339.86126708984375,1813656.0
2026-03-16T00:00:00,339.96038241858565,344.6187437809016,336.9869679950995,342.0417785644531,1240594.0
2026-03-17T00:00:00,340.25773264760977,345.4116633968627,339.76216354661,341.2488708496094,1275542.0
2026-03-18T00:00:00,343.42935983758224,346.1054448702356,337.1852017575711,338.96923828125,1939770.0
2026-03-19T00:00:00,333.61710613239063,333.91443547746053,319.04736328125,319.04736328125,3136187.0
2026-03-20T00:00:00,323.011905179977,326.08443938163214,316.27217810620147,318.15533447265625,4663388.0
2026-03-23T00:00:00,313.00143050468745,332.52686508387734,311.4156335872432,325.5888977050781,2451259.0
2026-03-24T00:00:00,327.0755895824199,327.96760786821756,320.33586225957595,326.8773498535156,1795937.0
2026-03-25T00:00:00,328.26495616945454,333.6170959472656,327.86847672528455,333.6170959472656,2687056.0
2026-03-26T00:00:00,332.03128413964737,332.6259730860412,328.3640608428326,329.7516784667969,1705039.0
2026-03-27T00:00:00,328.06673730818164,330.54458275612865,326.28270068451457,327.6702880859375,1390065.0
2026-03-30T00:00:00,326.87735941088056,332.32861939664025,325.5888918767376,330.24725341796875,1812279.0
2026-03-31T00:00:00,330.7428292868561,335.896729776205,330.04902044831994,333.41888427734375,2234057.0
2026-04-01T00:00:00,339.36568641700984,344.2222571581364,339.16747694118664,341.44708251953125,2129024.0
2026-04-02T00:00:00,338.2754354797559,342.0417785644531,336.3922790609751,342.0417785644531,1281173.0
2026-04-07T00:00:00,346.9974632958152,348.58329034379756,341.54620361328125,341.54620361328125,1812640.0
2026-04-08T00:00:00,355.7194742934816,362.260992101792,355.12478535688325,360.1795959472656,2583446.0
2026-04-09T00:00:00,362.95480090234605,363.9459390476314,356.80973230272264,360.1795959472656,1377900.0
2026-04-10T00:00:00,361.1707329722305,367.01844196184777,359.78314562256236,362.6574401855469,2028302.0
2026-04-13T00:00:00,357.899986911855,360.9725211824772,357.1070582548782,359.88226318359375,1655621.0
2026-04-14T00:00:00,362.65743907588256,366.2255424263513,362.65743907588256,365.1352844238281,1367869.0
2026-04-15T00:00:00,364.0450429863772,367.0184575392106,360.97253881282563,361.3689880371094,1301633.0
2026-04-16T00:00:00,361.76541740808517,366.9193477823422,361.66629754566964,364.83795166015625,1296644.0
2026-04-17T00:00:00,362.9548125781413,377.22719627994746,362.9548125781413,376.63250732421875,2069152.0
2026-04-20T00:00:00,370.5865407340299,371.9741280665147,369.1989534015451,369.9918518066406,1461318.0
2026-04-21T00:00:00,371.6768188423594,375.1458024848881,369.099853515625,369.099853515625,1564601.0
2026-04-22T00:00:00,370.487419756408,373.0643849359144,366.5228672485935,367.3157958984375,1029025.0
2026-04-23T00:00:00,365.13530321735885,369.1989758465741,364.54061425381616,366.72113037109375,1082778.0
2026-04-24T00:00:00,365.5317453741312,369.198968705768,361.7654324231015,366.1264343261719,1143890.0
2026-04-27T00:00:00,365.0361752895549,367.71226044284526,363.45037841796875,363.45037841796875,1175189.0
2026-04-28T00:00:00,356.80973587632394,366.22554835083804,351.16023629276106,357.8999938964844,2151409.0
2026-04-29T00:00:00,360.29998779296875,360.29998779296875,350.3999938964844,353.6000061035156,2411171.0
2026-04-30T00:00:00,349.8999938964844,353.70001220703125,348.1000061035156,351.3999938964844,1745917.0
2026-05-04T00:00:00,352.5,358.3999938964844,350.20001220703125,350.20001220703125,2506065.0
2026-05-05T00:00:00,350.8999938964844,352.70001220703125,346.79998779296875,349.8999938964844,2320404.0
2026-05-06T00:00:00,354.5,363.70001220703125,354.20001220703125,362.5,1420134.0
2026-05-07T00:00:00,364.0,367.20001220703125,358.20001220703125,359.29998779296875,1729502.0
2026-05-08T00:00:00,358.0,359.70001220703125,354.3999938964844,355.1000061035156,1685642.0
2026-05-11T00:00:00,354.70001220703125,354.79998779296875,344.29998779296875,345.3999938964844,2000143.0
2026-05-12T00:00:00,343.29998779296875,346.79998779296875,342.0,343.79998779296875,2157379.0
2026-05-13T00:00:00,344.8999938964844,347.1000061035156,339.5,339.5,709660.0
2026-05-15T00:00:00,340.20001220703125,342.8999938964844,336.0,336.5,1727143.0
2026-05-18T00:00:00,333.29998779296875,337.29998779296875,330.70001220703125,335.6000061035156,1451078.0
2026-05-19T00:00:00,334.79998779296875,337.3999938964844,334.1000061035156,334.5,2120679.0
2026-05-20T00:00:00,332.6000061035156,339.70001220703125,331.6000061035156,337.20001220703125,2368349.0
2026-05-21T00:00:00,335.1000061035156,339.29998779296875,334.5,336.79998779296875,1467462.0
2026-05-22T00:00:00,339.79998779296875,341.79998779296875,336.70001220703125,336.70001220703125,1534053.0
2026-05-25T00:00:00,340.79998779296875,342.79998779296875,340.79998779296875,341.1000061035156,1064447.0
2026-05-26T00:00:00,338.79998779296875,340.8999938964844,334.8999938964844,335.5,2031349.0
2026-05-27T00:00:00,331.0,340.20001220703125,330.5,338.8999938964844,2090952.0
2026-05-28T00:00:00,336.70001220703125,336.70001220703125,329.70001220703125,329.8999938964844,2296353.0
2026-05-29T00:00:00,330.1000061035156,336.29998779296875,329.0,332.70001220703125,5290918.0
2026-06-01T00:00:00,330.1000061035156,334.79998779296875,325.29998779296875,327.29998779296875,1803787.0
2026-06-02T00:00:00,331.20001220703125,332.70001220703125,328.5,329.3999938964844,1523774.0
2026-06-03T00:00:00,327.20001220703125,330.3999938964844,326.6000061035156,327.6000061035156,2063586.0
2026-06-04T00:00:00,327.6000061035156,331.20001220703125,326.20001220703125,326.79998779296875,1785454.0
2026-06-05T00:00:00,327.29998779296875,332.0,325.79998779296875,326.79998779296875,2530986.0
2026-06-08T00:00:00,321.29998779296875,325.6000061035156,320.6000061035156,325.0,2325200.0
2026-06-09T00:00:00,325.29998779296875,331.8999938964844,323.70001220703125,329.79998779296875,2737593.0
2026-06-10T00:00:00,331.6000061035156,332.70001220703125,325.3999938964844,328.29998779296875,829130.0
2026-06-11T00:00:00,329.0,332.70001220703125,326.1000061035156,326.8999938964844,1219293.0
2026-06-12T00:00:00,333.29998779296875,337.29998779296875,330.1000061035156,332.3999938964844,2351561.0
2026-06-15T00:00:00,341.79998779296875,344.1000061035156,337.70001220703125,338.1000061035156,2382654.0
2026-06-16T00:00:00,341.1000061035156,345.70001220703125,340.20001220703125,343.0,2505910.0
2026-06-17T00:00:00,342.1000061035156,345.0,338.6000061035156,340.1000061035156,2161347.0
2026-06-18T00:00:00,339.20001220703125,343.5,337.6000061035156,343.5,3017388.0
2026-06-22T00:00:00,340.70001220703125,342.5,336.70001220703125,336.8999938964844,2614644.0
2026-06-23T00:00:00,334.79998779296875,334.79998779296875,329.6000061035156,329.6000061035156,2422149.0
2026-06-24T00:00:00,331.3999938964844,341.79998779296875,329.3999938964844,340.0,2351967.0
2026-06-25T00:00:00,341.79998779296875,342.6000061035156,337.5,341.1000061035156,2150557.0
2026-06-26T00:00:00,338.70001220703125,343.20001220703125,335.70001220703125,340.8999938964844,2210638.0
2026-06-29T00:00:00,340.0,341.0,337.20001220703125,340.1000061035156,1347570.0
2026-06-30T00:00:00,342.3999938964844,344.3999938964844,339.3999938964844,342.3999938964844,1621481.0
2026-07-01T00:00:00,343.20001220703125,343.79998779296875,338.70001220703125,343.79998779296875,1271738.0
2026-07-02T00:00:00,343.20001220703125,345.6000061035156,341.3999938964844,342.3999938964844,1575528.0
2026-07-03T00:00:00,344.1000061035156,345.3999938964844,342.0,342.8999938964844,1258564.0
2026-07-06T00:00:00,342.8999938964844,345.6000061035156,339.70001220703125,340.79998779296875,1089179.0
2026-07-07T00:00:00,341.5,344.3999938964844,339.6000061035156,340.0,1342268.0
2026-07-08T00:00:00,337.1000061035156,338.1000061035156,329.1000061035156,330.79998779296875,1692385.0
2026-07-09T00:00:00,334.29998779296875,336.0,332.0,333.1000061035156,1522608.0
2026-07-10T00:00:00,333.79998779296875,335.70001220703125,331.5,335.29998779296875,1400543.0
2026-07-13T00:00:00,333.6000061035156,334.3999938964844,329.79998779296875,331.1000061035156,1034192.0
2026-07-14T00:00:00,329.0,331.29998779296875,324.70001220703125,329.0,1829783.0
2026-07-15T00:00:00,329.1000061035156,332.20001220703125,325.79998779296875,330.0,1773401.0
2026-07-16T00:00:00,329.1000061035156,332.8999938964844,326.6000061035156,332.0,2033749.0
2026-07-17T00:00:00,346.6000061035156,352.6000061035156,342.20001220703125,348.3999938964844,4039666.0
2026-07-20T00:00:00,347.70001220703125,347.70001220703125,339.8999938964844,342.1000061035156,1872023.0
2026-07-21T00:00:00,342.3999938964844,342.3999938964844,334.3999938964844,340.0,2185744.0
2026-07-22T00:00:00,339.1000061035156,345.8999938964844,337.1000061035156,344.1000061035156,1879263.0
2026-07-23T00:00:00,343.5,344.3999938964844,337.5,343.6000061035156,1890330.0
2026-07-24T00:00:00,343.8999938964844,348.0,343.79998779296875,348.0,1143768.0
2026-07-27T00:00:00,350.29998779296875,353.0,349.29998779296875,349.29998779296875,1015451.0
2026-07-28T00:00:00,351.20001220703125,355.6000061035156,349.79998779296875,355.6000061035156,1564282.0
2026-07-29T00:00:00,354.1000061035156,356.20001220703125,351.5,351.79998779296875,1513899.0
2026-07-30T00:00:00,351.5,355.0,350.5,350.70001220703125,1331694.0
2026-08-03T00:00:00,354.5,362.3999938964844,354.5,360.3999938964844,1495456.0
2026-08-04T00:00:00,362.6000061035156,365.1000061035156,359.3999938964844,364.29998779296875,1232064.0
2026-08-05T00:00:00,366.5,367.79998779296875,363.79998779296875,366.0,1360720.0
2026-08-06T00:00:00,366.8999938964844,370.8999938964844,365.70001220703125,366.8999938964844,1391949.0
2026-08-07T00:00:00,365.0,368.29998779296875,365.0,366.5,1020347.0
2026-08-10T00:00:00,365.3999938964844,366.0,361.3999938964844,363.3999938964844,836056.0
2026-08-11T00:00:00,361.6000061035156,363.1000061035156,359.6000061035156,360.8999938964844,118680.0
