timestamp,open,high,low,close,volume
2018-01-02T00:00:00,55.72192377746765,55.92654713199199,55.312664441634595,55.59599685668945,8485440.0
2018-01-03T00:00:00,55.64321620343835,56.445989205324764,55.64321620343835,56.22562026977539,6354709.0
2018-01-04T00:00:00,56.50895818602506,57.45339758101881,56.50895818602506,57.37469482421875,16161301.0
2018-01-05T00:00:00,57.45340982806992,58.083038330078125,57.45340982806992,58.083038330078125,5631294.0
2018-01-08T00:00:00,58.94876294532597,59.13765335083008,58.36635875342956,59.13765335083008,12470912.0
2018-01-09T00:00:00,59.01173623539175,59.483952857655446,58.91729417361782,59.23210525512695,12327808.0
2018-01-10T00:00:00,59.15340262086917,59.32654745341881,58.83859153863562,59.121917724609375,8321065.0
2018-01-11T00:00:00,59.18487347383882,59.562654299251555,58.96450448237801,59.35802459716797,8841175.0
2018-01-12T00:00:00,59.49969687309012,59.625617514293744,59.07469813636892,59.45247268676758,7023044.0
2018-01-15T00:00:00,59.027464536462084,59.8459769840234,58.980246671063654,59.641353607177734,7958884.0
2018-01-16T00:00:00,59.8931994935827,60.03486571261553,59.3580195068991,59.48394012451172,7283284.0
2018-01-17T00:00:00,59.32654574893691,59.893210731391996,59.18487950332314,59.578399658203125,7722418.0
2018-01-18T00:00:00,59.73580517791505,59.87747142348878,59.2635822548713,59.45247268676758,8719414.0
2018-01-19T00:00:00,59.54690198765131,60.14505173713453,59.531162700047354,59.94042205810547,8462298.0
2018-01-22T00:00:00,60.034862269211374,60.08208644397793,59.609863636489436,59.767269134521484,7220850.0
2018-01-23T00:00:00,59.97189844992313,60.396897080112325,59.468197071186935,59.60986328125,8616748.0
2018-01-24T00:00:00,59.562657780121455,59.64136054500022,58.980253531982406,59.0746955871582,7763135.0
2018-01-25T00:00:00,58.55524598527458,59.62560595160597,58.13024733096976,58.334877014160156,13086450.0
2018-01-26T00:00:00,58.82283218492843,59.02746186590901,55.91081141472332,57.78395080566406,21671703.0
2018-01-29T00:00:00,57.78394902871819,58.31912898964682,57.51635589155767,57.736724853515625,10445493.0
2018-01-30T00:00:00,57.40616890727292,58.08301501368271,57.31172687957178,57.7996826171875,13075284.0
2018-01-31T00:00:00,57.76822170446325,58.523770783813795,57.6895189384223,58.16173553466797,11738061.0
2018-02-01T00:00:00,58.49228437663835,58.80709539868123,57.94135877467045,58.14598846435547,8314914.0
2018-02-02T00:00:00,58.24043948379579,58.24043948379579,56.209894189225096,56.272857666015625,10803168.0
2018-02-05T00:00:00,55.9265558215664,55.9265558215664,54.793232298649315,54.95063781738281,16003881.0
2018-02-06T00:00:00,52.73120338157139,54.4626734887461,52.10157501832926,53.50249481201172,20687960.0
2018-02-07T00:00:00,54.24228982875419,55.533024783055595,53.50248033236401,55.13951110839844,14849239.0
2018-02-08T00:00:00,54.87193730224964,55.15526977291536,53.801570892333984,53.801570892333984,12335667.0
2018-02-09T00:00:00,53.56546201511854,54.06916347815981,52.74694634850231,52.80990982055664,12012132.0
2018-02-12T00:00:00,53.65989445608234,54.195080715996255,53.34508346558632,53.549713134765625,10232473.0
2018-02-13T00:00:00,53.47101757019386,53.738604422704974,52.99879470762133,53.01453399658203,7210109.0
2018-02-14T00:00:00,53.32935604734916,53.927499587767144,52.24324715565428,53.722869873046875,10640732.0
2018-02-15T00:00:00,54.116382647479114,54.84045312341202,53.8173108830799,54.36823654174805,12092924.0
2018-02-16T00:00:00,54.80897362785501,54.90341567993164,54.5256411582317,54.90341567993164,7598123.0
2018-02-19T00:00:00,55.013594472248826,55.10803650911043,54.27378483781608,54.41545104980469,5147537.0
2018-02-20T00:00:00,54.36822705044085,55.65896224975586,54.36822705044085,55.65896224975586,5758806.0
2018-02-21T00:00:00,55.674705998647184,55.9265535557387,54.824708655851566,55.84785079956055,10100687.0
2018-02-22T00:00:00,55.54877293709324,55.973771561619195,55.02933227824782,55.863590240478516,6140091.0
2018-02-23T00:00:00,56.021005379696696,56.194150191321945,55.35989839886397,55.56452178955078,4975671.0
2018-02-26T00:00:00,55.78488736801062,56.241370930210614,55.70618461178157,55.973777770996094,5049991.0
2018-02-27T00:00:00,56.288594538442574,56.38304290626734,55.56452405655173,55.91082000732422,5369305.0
2018-02-28T00:00:00,55.92655532982163,56.32007543658845,55.75341052341583,55.895076751708984,6763010.0
2018-03-01T00:00:00,55.72192777745253,56.036738788604474,54.383968353271484,54.383968353271484,10437749.0
2018-03-02T00:00:00,53.83304918302766,54.069157441827016,52.57379250931243,52.731201171875,12406859.0
2018-03-05T00:00:00,52.495090817394704,54.05341924643079,52.46360908424589,54.006195068359375,11126130.0
2018-03-06T00:00:00,54.3997097199409,54.76174492195724,54.305267675664915,54.46267318725586,9322992.0
2018-03-07T00:00:00,54.16360425115643,54.16360425115643,53.1876862408317,53.99045944213867,11226525.0
2018-03-08T00:00:00,54.30526893974488,55.42285314876926,54.13212413564307,55.32841110229492,8868186.0
2018-03-09T00:00:00,55.47008594938372,56.288598543951295,55.171014161241615,56.052490234375,11137790.0
2018-03-12T00:00:00,56.63488527911073,56.823775683989794,56.162668737002555,56.39877700805664,9217860.0
2018-03-13T00:00:00,56.52470896824352,57.02841044596088,55.70619012108184,55.7691535949707,10018875.0
2018-03-14T00:00:00,55.80062608243199,57.012652166793245,55.73766262254182,56.28858184814453,9726016.0
2018-03-15T00:00:00,56.49322016124322,57.26451477121128,56.398778113648824,57.248775482177734,9824298.0
2018-03-16T00:00:00,57.29599294514699,57.37469570315272,56.6821101700237,56.839515686035156,10544669.0
2018-03-19T00:00:00,56.76081341052424,56.77655269958057,55.75341052341583,55.895076751708984,7584755.0
2018-03-20T00:00:00,56.22563051377929,56.6191442870308,55.78488624898768,56.6034049987793,8105885.0
2018-03-21T00:00:00,56.74507311469117,56.74507311469117,56.194147500349445,56.540443420410156,6325437.0
2018-03-22T00:00:00,56.288589331537494,56.33581351108147,54.95063614951919,55.281192779541016,8838373.0
2018-03-23T00:00:00,54.90341567993164,55.391377856882166,54.25804797838892,54.90341567993164,9081227.0
2018-03-26T00:00:00,54.99785740108895,55.28118983648275,54.242302135574576,54.383968353271484,9789033.0
2018-03-27T00:00:00,55.34414692333775,55.73766700021056,54.98211173557894,55.48581314086914,10314279.0
2018-03-28T00:00:00,54.824709295041224,55.108041745943076,54.10063887904605,55.04507827758789,11955365.0
2018-03-29T00:00:00,55.281197358323226,56.94970730856122,55.24971246488845,56.85525894165039,7512742.0
2018-04-03T00:00:00,56.44600127888426,56.44600127888426,55.0450783122338,55.17100524902344,12022420.0
2018-04-04T00:00:00,55.26544716078447,55.344149917738726,53.439531835338414,53.67564010620117,12843413.0
2018-04-05T00:00:00,54.63581717066921,55.15525781648876,54.179333670555735,54.99785232543945,8956869.0
2018-04-06T00:00:00,54.62007615012478,55.07655968850923,54.30526514163282,54.33675003051758,8198636.0
2018-04-09T00:00:00,54.714529325253196,55.580265988294066,54.179342987581,54.68304443359375,9482589.0
2018-04-10T00:00:00,55.29693277636046,55.863597684572554,54.93489756426862,55.72193145751953,9048727.0
2018-04-11T00:00:00,55.80063258215065,55.80063258215065,54.698787689208984,54.698787689208984,8417760.0
2018-04-12T00:00:00,54.80897192056647,55.24970990105307,54.667305690167694,55.1080436706543,6788991.0
2018-04-13T00:00:00,55.517297237903,56.35154892993552,55.23396480688261,56.14691925048828,9647789.0
2018-04-16T00:00:00,56.162667868079794,56.33581266816204,55.832111243003894,55.942298889160156,6576219.0
2018-04-17T00:00:00,56.068220377866524,56.745072926971766,56.052481089141516,56.39877700805664,11676137.0
2018-04-18T00:00:00,56.697851911487795,57.67377625440265,56.49322220646415,57.32748031616211,6493498.0
2018-04-19T00:00:00,57.76821830541612,57.87839964603295,57.17007479334187,57.32748031616211,10625455.0
2018-04-20T00:00:00,57.4376575714748,57.46914246183547,56.61914512299096,56.933956146240234,13018013.0
2018-04-23T00:00:00,57.028404160766975,57.028404160766975,56.47747856000299,56.77655029296875,8240441.0
2018-04-24T00:00:00,57.13857649190699,57.500611634791305,55.87932629146271,56.16265869140625,16130484.0
2018-04-25T00:00:00,54.20763335255561,54.72466307677608,53.157411561092,54.22378921508789,22790607.0
2018-04-26T00:00:00,54.4176782849951,55.41943253522018,54.143005927518935,55.12860107421875,13280223.0
2018-04-27T00:00:00,55.20938235289021,55.56484371841183,54.918550915689806,55.30632400512695,8567378.0
2018-04-30T00:00:00,55.41942907868258,56.01724782667912,55.33864328683091,55.5971565246582,5219460.0
2018-05-02T00:00:00,55.984931590526806,57.05131574535405,55.43558689051799,56.372711181640625,11742477.0
2018-05-03T00:00:00,56.48581131746296,56.48581131746296,55.177076198449925,55.41943359375,8287545.0
2018-05-04T00:00:00,56.22729518450129,56.22729518450129,55.48406069251238,55.87183380126953,7223105.0
2018-05-07T00:00:00,55.855688083887514,56.93822181248164,55.77490227490996,56.72817611694336,6148224.0
2018-05-08T00:00:00,56.56660406177306,57.30983868301521,56.40503244506679,57.245208740234375,8876414.0
2018-05-09T00:00:00,58.27996017628628,59.562121317128316,58.12176877528208,58.729549407958984,8582250.0
2018-05-11T00:00:00,59.77027715084738,59.77027715084738,58.44648742675781,58.44648742675781,11934000.0
2018-05-14T00:00:00,58.946034859791254,59.18747616995577,58.46313888208288,58.696258544921875,12725195.0
2018-05-15T00:00:00,58.62132879235005,59.75362713024924,58.4548157059186,59.49552917480469,10079522.0
2018-05-16T00:00:00,59.570462915040565,60.777689582280914,58.937710456462334,60.18656539916992,13447374.0
2018-05-17T00:00:00,60.30312303762937,60.45298615128152,59.73697052885921,60.41135787963867,8744402.0
2018-05-18T00:00:00,60.31144773529582,61.035785041469964,60.06167809280538,60.777687072753906,11848971.0
2018-05-21T00:00:00,60.8692680018696,61.48537042063367,60.8359680565048,61.11903762817383,5028121.0
2018-05-22T00:00:00,61.39378523927462,61.44374183575607,60.71108293326788,60.88591766357422,7618889.0
2018-05-23T00:00:00,60.61116607319497,60.669450991793425,59.69533749147737,60.12827682495117,7624919.0
2018-05-24T00:00:00,60.203208788295,60.927546045145654,59.67869123904396,60.05335235595703,5713311.0
2018-05-25T00:00:00,60.41135360946705,60.669451546884886,59.179148841509594,59.47054672241211,7121201.0
2018-05-28T00:00:00,59.861855476939475,60.25315985185756,59.49552271932501,59.720314025878906,4104714.0
2018-05-29T00:00:00,59.262408662841,60.436335255407,59.17082379514957,60.203208923339844,9245634.0
2018-05-30T00:00:00,60.1532582075265,60.24484307400323,58.513092329958646,58.95435333251953,8638475.0
2018-05-31T00:00:00,59.23742508829243,59.38728818630782,58.105126867585994,58.27996826171875,14749054.0
2018-06-01T00:00:00,58.529736087442465,59.154166756651854,58.213359929840884,59.05426025390625,9297711.0
2018-06-04T00:00:00,59.503849983905106,59.61208482429915,58.42983658433411,58.66295623779297,5769988.0
2018-06-05T00:00:00,58.56305040003561,59.22910274408045,58.30495244524244,58.712913513183594,8580289.0
2018-06-06T00:00:00,58.712913513183594,58.712913513183594,58.712913513183594,58.712913513183594,0.0
2018-06-07T00:00:00,59.195803547458056,59.52050807650263,58.44648797223578,58.837799072265625,9415697.0
2018-06-08T00:00:00,58.5796950351458,59.07923424766166,58.07182749761245,58.87942123413086,6442761.0
2018-06-11T00:00:00,59.520503853074125,60.42800412613905,58.954351379216945,60.278141021728516,14129257.0
2018-06-12T00:00:00,60.72771833559381,61.585261844847686,60.15324432864692,61.27721405029297,19889153.0
2018-06-13T00:00:00,62.18546069591173,62.18546069591173,59.32950602262948,60.609764099121094,14690344.0
2018-06-14T00:00:00,60.18300535827164,61.211590303143296,59.54834954659501,61.047454833984375,11057676.0
2018-06-15T00:00:00,60.9599060047975,61.18969965160903,60.620695398770884,60.80671691894531,9677160.0
2018-06-18T00:00:00,60.522216923306274,60.587875119196255,59.01217191948894,60.183006286621094,9573668.0
2018-06-19T00:00:00,59.46081164751315,59.8000222771521,58.74955795162753,59.02311706542969,10447336.0
2018-06-20T00:00:00,58.96840552482704,60.379966551586776,58.91369370180482,59.099708557128906,9547328.0
2018-06-21T00:00:00,59.22007096427473,59.60305367621095,57.74285193252076,57.885101318359375,6478348.0
2018-06-22T00:00:00,57.885101318359375,57.885101318359375,57.885101318359375,57.885101318359375,0.0
2018-06-25T00:00:00,57.89603985652844,57.89603985652844,56.36410903930664,56.36410903930664,8692756.0
2018-06-26T00:00:00,56.3641098421662,56.58295710488661,55.09479838986319,55.39024353027344,10205744.0
2018-06-27T00:00:00,55.34647398281904,56.58295973901426,54.84312792660502,55.7513427734375,7660620.0
2018-06-28T00:00:00,55.63098088890955,56.06867881170644,54.75559172200509,55.42307662963867,9169200.0
2018-06-29T00:00:00,56.18904193200852,57.34892990216725,56.18904193200852,57.07537078857422,10947028.0
2018-07-02T00:00:00,56.42977056336079,56.528247828796104,55.707573896069164,56.090553283691406,7140468.0
2018-07-03T00:00:00,56.243743715839784,56.67049852834961,55.43400955200195,55.43400955200195,5971712.0
2018-07-04T00:00:00,55.401181023955715,55.55437677325751,53.3221321105957,53.3221321105957,7790544.0
2018-07-05T00:00:00,53.497217977793845,53.716065262087824,52.1513085151237,52.643714904785156,10985356.0
2018-07-06T00:00:00,52.654661649190245,53.20177989849877,52.118483093392065,52.709373474121094,8898652.0
2018-07-09T00:00:00,52.93915443361038,53.44250383347389,52.75313625365379,53.39873504638672,7553128.0
2018-07-10T00:00:00,53.540981392508826,53.69417714761294,53.13611596081081,53.63946533203125,6605896.0
2018-07-11T00:00:00,53.1798849740121,53.1798849740121,52.29355288990972,52.56711196899414,8108072.0
2018-07-12T00:00:00,52.785957006071676,53.79265571038363,52.52334096909502,53.3221321105957,6872780.0
2018-07-13T00:00:00,53.56287715293893,54.84313520510052,53.56287715293893,54.536746978759766,7287056.0
2018-07-16T00:00:00,54.6133437213099,54.99632649167064,54.175649126611916,54.558631896972656,5077756.0
2018-07-17T00:00:00,54.49297521972656,55.871713814841584,54.219416107177736,54.711822509765625,7950608.0
2018-07-18T00:00:00,54.83218947784163,55.98113775663771,54.83218947784163,55.92642593383789,7649776.0
2018-07-19T00:00:00,55.94830314126273,56.834638590415494,55.54343769608211,56.61579132080078,9909700.0
2018-07-20T00:00:00,56.70332982728986,57.66625649372436,52.74219284625264,53.497215270996094,19445044.0
2018-07-23T00:00:00,53.15800274366419,54.40543490568152,52.99386728438238,53.88019943237305,9522740.0
2018-07-24T00:00:00,54.05528077557524,55.740404245244484,53.68324104944223,55.455902099609375,9701204.0
2018-07-25T00:00:00,55.29176049601701,55.29176049601701,54.18658447265625,54.18658447265625,7139068.0
2018-07-26T00:00:00,54.82124328613281,55.33553572655088,54.142815386774224,54.82124328613281,9039200.0
2018-07-27T00:00:00,54.97443845975412,55.237054539310144,54.68993631550816,55.215171813964844,6770264.0
2018-07-30T00:00:00,55.13858000131057,55.59816069567241,54.62429081788613,54.79936599731445,5512248.0
2018-07-31T00:00:00,54.87595690498071,55.62003634083584,54.142817161938055,55.10574722290039,7461420.0
2018-08-01T00:00:00,55.29176769738642,55.63098167220704,55.05103767670495,55.22611618041992,7604756.0
2018-08-02T00:00:00,54.15375401641778,54.843124891535716,53.23459618893804,53.737945556640625,8940380.0
2018-08-03T00:00:00,54.00056867760506,54.49297507892061,53.91303109755348,53.967742919921875,9570304.0
2018-08-06T00:00:00,53.98962115006654,54.21941145275029,52.99386539799983,53.223655700683594,8147600.0
2018-08-07T00:00:00,53.39873239732026,54.09904297400644,53.33307755027438,53.81454086303711,5403896.0
2018-08-08T00:00:00,53.869258120722755,53.91303024940456,53.46439264517267,53.79266357421875,4727272.0
2018-08-09T00:00:00,53.88020092295692,54.70087824206982,53.77077728040853,54.635223388671875,5478096.0
2018-08-10T00:00:00,54.372604465436304,54.55862598375933,54.13187446805024,54.306949615478516,4301232.0
2018-08-13T00:00:00,54.21941613766455,54.54768707290773,54.07716673479703,54.27412796020508,4366636.0
2018-08-14T00:00:00,55.029147737030556,55.346475624290335,54.19752740744515,54.25223922729492,5958980.0
2018-08-15T00:00:00,54.43825824048115,54.733703389785305,53.11423159329606,53.38779067993164,7126252.0
2018-08-16T00:00:00,53.66134570805607,54.21940687045428,53.65040267754942,54.02244567871094,5405456.0
2018-08-17T00:00:00,53.923965098350614,54.6571047764349,53.716060863165964,54.6242790222168,6147472.0
2018-08-20T00:00:00,54.71182370188433,55.390251651525574,54.47109034185815,55.22611618041992,4465424.0
2018-08-21T00:00:00,55.2589393672826,55.46684361980545,54.8212447980368,55.138572692871094,6945980.0
2018-08-22T00:00:00,54.93066957026636,55.44496203544694,54.9197265379412,55.280826568603516,3983184.0
2018-08-23T00:00:00,55.269877633231914,55.609091563014495,55.06197339863751,55.46683883666992,4301904.0
2018-08-24T00:00:00,55.477784537897016,55.718517877546766,55.13857059178852,55.48872756958008,4474168.0
2018-08-27T00:00:00,55.773234298903105,56.56108589427369,55.39025153380387,56.53919982910156,3584744.0
2018-08-28T00:00:00,57.00971413744469,57.896042914171325,56.94406262757186,57.666255950927734,8769632.0
2018-08-29T00:00:00,57.72097454614589,57.939821843003315,57.30516601785468,57.65532302856445,4703864.0
2018-08-30T00:00:00,57.55683984750143,57.80851290653396,57.37081830693319,57.567779541015625,6898252.0
2018-08-31T00:00:00,57.34893201034537,57.4802417254349,56.76898800394695,57.05349349975586,7495236.0
2018-09-03T00:00:00,56.92218801593128,57.885114867016995,56.92218801593128,57.327056884765625,4095676.0
2018-09-04T00:00:00,57.55683105882034,57.62248256725993,56.834637751230716,57.15196228027344,6266996.0
2018-09-05T00:00:00,57.064433897762406,57.392704850194406,56.75804901123047,56.75804901123047,8989384.0
2018-09-06T00:00:00,56.364116816196635,56.94406747711478,55.58721160888672,55.58721160888672,9160432.0
2018-09-07T00:00:00,55.60908826119648,55.751337639750666,53.20176848087359,54.02244567871094,11112088.0
2018-09-10T00:00:00,53.94585767743858,54.580513490847046,53.61758673822496,54.416378021240234,4544104.0
2018-09-11T00:00:00,54.56957236006914,54.56957236006914,53.705122904771095,54.47108840942383,4544192.0
2018-09-12T00:00:00,54.44920330719095,55.11668817140201,53.573814197234,53.97867965698242,7621860.0
2018-09-13T00:00:00,53.891145402046895,54.49297545222204,53.59570022349578,54.142818450927734,4401552.0
2018-09-14T00:00:00,54.37260795990798,55.018206790738766,54.263184316060574,54.941612243652344,3808392.0
2018-09-17T00:00:00,54.766534401598115,55.237054740039824,54.471089223933554,55.0838623046875,3830944.0
2018-09-18T00:00:00,54.93067119943113,55.455903373169875,54.471090542901194,55.09480667114258,6511436.0
2018-09-19T00:00:00,55.18234022857271,55.92642298299699,55.09480265244961,55.6638069152832,5427972.0
2018-09-20T00:00:00,55.718521941851584,56.62673686893922,55.66381011878981,56.16715621948242,5815820.0
2018-09-21T00:00:00,56.37505922566377,56.80180740356445,56.04678831403765,56.80180740356445,9415388.0
2018-09-24T00:00:00,56.56108093261719,56.80180759232528,56.38599910528816,56.56108093261719,5055308.0
2018-09-25T00:00:00,56.550134561646665,56.6486185069373,56.189037893395714,56.56108093261719,5189576.0
2018-09-26T00:00:00,56.72521897559484,56.72521897559484,55.784171642348525,56.4844856262207,5074776.0
2018-09-27T00:00:00,56.18903298045603,56.692378997802734,56.01395450777955,56.692378997802734,4213276.0
2018-09-28T00:00:00,56.517310248896926,56.81275541362218,56.06867599487305,56.06867599487305,6865900.0
2018-10-01T00:00:00,55.89358969544304,56.18903483655306,55.423069415217384,56.03583908081055,4115700.0
2018-10-02T00:00:00,55.81699515691601,56.375056346043706,55.35741456837691,56.03583908081055,5064336.0
2018-10-03T00:00:00,56.13432701112526,57.206677341486944,56.13432701112526,57.10820007324219,5493996.0
2018-10-04T00:00:00,56.83464525813257,56.87841070997679,55.79511726616321,55.97019577026367,5575572.0
2018-10-05T00:00:00,55.992074644066896,56.15621009445285,54.81029739768144,54.9306640625,5222896.0
2018-10-08T00:00:00,54.90878886627032,55.06198465508947,54.26318996819302,54.350730895996094,5184304.0
2018-10-09T00:00:00,52.961040590289066,54.25223817803356,52.75313634674979,54.20846939086914,8494944.0
2018-10-10T00:00:00,53.61757433312571,53.61757433312571,50.849158055336574,51.21025466918945,19754200.0
2018-10-11T00:00:00,50.2035589515479,51.18837159885733,49.831519285988705,50.531829833984375,13375292.0
2018-10-12T00:00:00,51.155552226925835,51.97622953537919,50.19262552074504,50.247337341308594,9196620.0
2018-10-15T00:00:00,49.91906461669293,50.137911891050464,48.868597031907846,49.52513885498047,11863592.0
2018-10-16T00:00:00,48.846711805801206,50.520895486932865,48.737288166747284,50.13791275024414,11745916.0
2018-10-17T00:00:00,51.647960131380756,52.402982609500235,50.76162794430805,51.00236129760742,9961732.0
2018-10-18T00:00:00,51.14460492908542,51.724552182293706,50.15979224108245,50.3458137512207,11343472.0
2018-10-19T00:00:00,50.356757202204825,50.44429477279735,44.49164981021029,46.61446762084961,31114632.0
2018-10-22T00:00:00,46.734831057279244,47.063101933346275,46.056403244336416,46.82236862182617,12328928.0
2018-10-23T00:00:00,46.17678041131308,46.5597631872363,45.73908581025798,46.2096061706543,16055516.0
2018-10-24T00:00:00,46.51599542056509,46.90992123806875,45.64060619915467,46.41751480102539,12204420.0
2018-10-25T00:00:00,45.52023407907197,47.008396245679755,45.52023407907197,46.94274139404297,13112512.0
2018-10-26T00:00:00,46.505043951518225,46.505043951518225,44.962170060787244,45.739078521728516,13970632.0
2018-10-29T00:00:00,45.859448134309446,47.840016683692475,45.83756207059913,46.43939208984375,8097508.0
2018-10-30T00:00:00,46.62540937589353,47.478912353515625,46.06734819544332,47.478912353515625,8781948.0
2018-10-31T00:00:00,48.08074911439368,49.66739197247927,47.91661364631586,49.590797424316406,17908500.0
2018-11-01T00:00:00,49.24063041683596,49.63455612803944,48.58408867794481,49.09838104248047,8694168.0
2018-11-02T00:00:00,49.820584992717045,50.82728387781092,49.67833558778505,50.608436584472656,5622896.0
2018-11-05T00:00:00,50.33487224371085,50.65220011824798,49.809640129948995,50.22544860839844,11495528.0
2018-11-06T00:00:00,50.42241106234109,50.73974228406495,49.754929541914976,49.86435317993164,6645040.0
2018-11-07T00:00:00,49.93001126546756,50.69597683243762,48.93425869988238,49.2844123840332,7069412.0
2018-11-08T00:00:00,49.72210711726603,50.25828234760824,48.40902328491211,48.40902328491211,8921020.0
2018-11-09T00:00:00,48.37618804976028,48.37618804976028,47.51174203064215,47.68681716918945,8621780.0
2018-11-12T00:00:00,47.80718844583675,48.266769077243055,46.87708749031718,47.05216598510742,6931888.0
2018-11-13T00:00:00,47.161581070263445,47.752467961047614,46.31901784533555,47.380428314208984,6948884.0
2018-11-14T00:00:00,46.83332399756031,47.05217130596013,45.957934763961056,46.55976486206055,8194156.0
2018-11-15T00:00:00,46.647292976756965,47.35854658461813,45.88132755290648,46.27525329589844,10024676.0
2018-11-16T00:00:00,46.37374587746896,46.88803841637376,45.61872328962508,46.11112976074219,9200320.0
2018-11-19T00:00:00,45.936038227161404,46.4284445588266,44.81991921232681,44.918399810791016,10580244.0
2018-11-20T00:00:00,44.601070949754394,45.55305449926965,44.16337644257201,45.31232452392578,12809396.0
2018-11-21T00:00:00,45.69531539910696,46.43939485880112,45.421756283139295,46.395626068115234,11196472.0
2018-11-22T00:00:00,46.12207194497162,46.47222898705343,45.50929879100097,45.56401062011719,8304348.0
2018-11-23T00:00:00,45.56400232010125,46.00169687329981,45.22478837350348,45.85944747924805,6219980.0
2018-11-26T00:00:00,46.067343906120016,47.28194675298625,46.067343906120016,47.27100372314453,6561060.0
2018-11-27T00:00:00,47.13970136205076,47.2710110618492,46.176774694676766,46.42844772338867,8113108.0
2018-11-28T00:00:00,46.70200907488275,47.511746697245435,46.17677692896411,47.4242057800293,9469192.0
2018-11-29T00:00:00,48.04792060978939,48.27771091983098,47.62116908505183,47.949440002441406,5730240.0
2018-11-30T00:00:00,47.98226658907009,48.83576965332031,47.67588172994041,48.83576965332031,12815724.0
2018-12-03T00:00:00,50.50995580430846,51.10084282651053,50.30205154418945,50.30205154418945,11214760.0
2018-12-04T00:00:00,50.116028958201376,50.116028958201376,48.835770987505114,48.84671401977539,10086600.0
2018-12-05T00:00:00,48.04792654027679,48.321485671866455,47.22724914550781,47.22724914550781,6530100.0
2018-12-06T00:00:00,46.833312587537364,46.866138340062015,45.345150585111284,45.55305480957031,11898432.0
2018-12-07T00:00:00,45.23573982755716,46.32997641428736,45.23573982755716,45.596839904785156,10614420.0
2018-12-10T00:00:00,45.093480394751,45.815677049509986,44.940287974491646,45.00593948364258,8823736.0
2018-12-11T00:00:00,46.80048913253906,47.08498790663691,45.92510006923673,46.61446762084961,10080252.0
2018-12-12T00:00:00,46.3956212504433,48.627862737076896,46.242428829277685,48.54032516479492,11455192.0
2018-12-13T00:00:00,48.5403273007036,48.5403273007036,46.57070178359128,46.8770866394043,9643048.0
2018-12-14T00:00:00,46.18772661574063,46.39563089764883,45.43270404494507,46.067359924316406,8615792.0
2018-12-17T00:00:00,45.97981902103454,46.28620390499874,45.67343079772555,45.903221130371094,9151016.0
2018-12-18T00:00:00,45.70625871574085,46.82237791222029,45.44363929130362,46.36280059814453,6766372.0
2018-12-19T00:00:00,44.92935635205516,46.045475702512114,44.863701486888246,45.91416931152344,8083928.0
2018-12-20T00:00:00,45.00593871639786,45.57494294119733,44.7870914513741,44.929344177246094,7919580.0
2018-12-21T00:00:00,44.86369463956342,45.57494833506869,44.819925849247404,45.24667739868164,12411768.0
2018-12-27T00:00:00,45.574942867743786,46.483157680390896,45.15913440060651,45.43269348144531,8588304.0
2018-12-28T00:00:00,45.739088950983984,46.41751696494233,45.72814591733723,46.067359924316406,6667712.0
2019-01-02T00:00:00,45.68437069260109,46.16583405119313,44.54636547974413,46.045467376708984,7409248.0
2019-01-03T00:00:00,45.36703880107138,45.618711820631226,44.644842157131286,44.86368942260742,7322352.0
2019-01-04T00:00:00,45.520232242277295,47.79624251865343,45.31232800327038,47.599281311035156,9248592.0
2019-01-07T00:00:00,48.12452572428093,48.69353010847762,47.566467713614976,48.5841064453125,10340028.0
2019-01-08T00:00:00,48.7482370516149,49.95189722572885,48.51844671414236,49.350067138671875,11522040.0
2019-01-09T00:00:00,49.339123319905134,50.21451252350281,49.21875663654149,49.547027587890625,7559584.0
2019-01-10T00:00:00,48.84671920117743,49.36101171833234,48.441853678988096,49.22970199584961,5310272.0
2019-01-11T00:00:00,48.89048518985319,49.5798561843088,48.46373362529196,48.90142822265625,5356468.0
2019-01-14T00:00:00,48.365256039190534,49.06556677098402,47.76342593010558,48.82483673095703,6378008.0
2019-01-15T00:00:00,48.83576966798765,49.40477393722169,48.12451600111734,48.398075103759766,7451380.0
2019-01-16T00:00:00,48.584091501198955,49.21874721660308,48.19016576710418,48.98896026611328,5729788.0
2019-01-17T00:00:00,48.67163361630898,49.196869090621206,48.25582512107155,49.06555938720703,3885104.0
2019-01-18T00:00:00,49.04368364214713,50.1050910949707,49.02179757534873,50.1050910949707,8866304.0
2019-01-21T00:00:00,50.11602763621825,50.43335552761798,49.21875244323811,50.247337341308594,4024420.0
2019-01-22T00:00:00,49.875299122700596,50.312993729619755,48.98897021516516,49.48137664794922,5692280.0
2019-01-23T00:00:00,49.10933556559393,49.131221632571375,48.485622728876514,48.82483673095703,6631024.0
2019-01-24T00:00:00,48.967081957524364,49.80964537387216,48.781060422171315,49.73304748535156,8958264.0
2019-01-25T00:00:00,51.396289580448155,51.407229273938206,49.89718424438551,50.18168640136719,10693272.0
2019-01-28T00:00:00,50.33487900183561,53.66135729408796,49.68928013468103,51.29780578613281,23459260.0
2019-01-29T00:00:00,51.42910957336426,52.12942018479225,51.035183810890885,51.64795684814453,11615640.0
2019-01-30T00:00:00,51.647957799802626,52.08565235742807,51.5166480967772,51.757381439208984,6469008.0
2019-01-31T00:00:00,51.866814680160225,52.315452352646666,51.3196963818463,51.538543701171875,10657916.0
2019-02-01T00:00:00,51.626081224964935,52.40298987541342,51.560429700730054,52.3482780456543,7222704.0
2019-02-04T00:00:00,52.523345566806114,52.74219284000114,52.10753708347332,52.621826171875,7401552.0
2019-02-05T00:00:00,52.84067230857385,53.26742381425671,52.49051868259953,53.08140563964844,8139132.0
2019-02-06T00:00:00,53.0814049043416,53.81454124001431,52.523343709558695,53.716060638427734,7311320.0
2019-02-07T00:00:00,53.63946828598866,54.04433373998286,52.15130615234375,52.15130615234375,10198120.0
2019-02-08T00:00:00,52.249782968651665,53.256481693523554,52.14035933939794,52.58899688720703,8904108.0
2019-02-11T00:00:00,52.8953869794402,53.223657899882745,52.720308487335274,52.97198486328125,6432924.0
2019-02-12T00:00:00,53.28931140899658,53.431560801866,52.70936746656662,53.39873504638672,7623864.0
2019-02-13T00:00:00,53.3768536133689,53.73795365168677,52.58900535942433,52.76408386230469,10929156.0
2019-02-14T00:00:00,53.11423178286763,53.74889086973395,52.982925424420486,53.42061996459961,9934072.0
2019-02-15T00:00:00,53.54098852003368,55.105748657581884,53.01575635626673,55.0510368347168,13483116.0
2019-02-18T00:00:00,54.89784280226365,55.14951584438712,54.317895493150466,54.635223388671875,4882260.0
2019-02-19T00:00:00,54.055282159144674,54.72276708039577,54.055282159144674,54.59145736694336,6265036.0
2019-02-20T00:00:00,54.700881272187345,55.99208232939024,54.700881272187345,55.806060791015625,7599552.0
2019-02-21T00:00:00,55.959252717563224,56.28752699972432,55.16046142578125,55.16046142578125,8496180.0
2019-02-22T00:00:00,55.32459769155196,55.88265897022151,55.32459769155196,55.77323532104492,5654000.0
2019-02-25T00:00:00,56.04678783639418,56.24374904595354,55.51060934716543,56.090553283691406,4911876.0
2019-02-26T00:00:00,56.00301762510174,56.243750968877535,55.41213063687737,55.59815216064453,6923976.0
2019-02-27T00:00:00,55.32459392474556,55.784171216389794,54.96349390344166,55.33553695678711,5282184.0
2019-02-28T00:00:00,54.97443332099383,55.33553331855593,54.033389396150014,54.76652908325195,7547176.0
2019-03-01T00:00:00,55.1495140999237,55.66380653937109,54.81030015088464,55.32459259033203,5940180.0
2019-03-04T00:00:00,55.66380300167418,56.04678571413885,55.543436338459294,55.5653190612793,5439020.0
2019-03-05T00:00:00,55.54344490653033,55.67475128173828,54.54768903264913,55.67475128173828,7053356.0
2019-03-06T00:00:00,55.30270712819904,55.41213076847618,54.15375890528904,54.21941375732422,6655324.0
2019-03-07T00:00:00,54.088099300584545,54.16469717778576,52.359207271859574,52.73124694824219,13529396.0
2019-03-08T00:00:00,51.647958812045886,52.67654037475586,51.647958812045886,52.67654037475586,9533420.0
2019-03-11T00:00:00,52.80784703377049,53.36590824135361,52.381095524210814,53.35496520996094,6349284.0
2019-03-12T00:00:00,53.55192957211739,53.81454564428928,53.168946826224555,53.48627471923828,3896872.0
2019-03-13T00:00:00,53.51909650638652,53.95679101334638,53.11422775171101,53.891136169433594,5943124.0
2019-03-14T00:00:00,53.847374512306715,54.51485939161856,53.73795087108656,54.49297332763672,6309956.0
2019-03-15T00:00:00,54.492971325120656,54.91972284232802,54.18658647670111,54.77747344970703,10340988.0
2019-03-18T00:00:00,54.90877971507523,55.13857002066174,54.37260456160297,54.8431282043457,5945184.0
2019-03-19T00:00:00,54.93066868331624,56.309403911063264,54.71182139772534,55.981136322021484,9434328.0
2019-03-20T00:00:00,55.75134131442978,56.00301433595053,54.919721031272076,54.9306640625,6158848.0
2019-03-21T00:00:00,54.930670709893256,55.390251362327454,54.60239976939589,55.258941650390625,5654160.0
2019-03-22T00:00:00,55.543433601075904,55.82793569846863,53.86925010834796,53.891136169433594,6266944.0
2019-03-25T00:00:00,53.83643351108343,53.9130313985647,53.09235405845671,53.77077865600586,4585036.0
2019-03-26T00:00:00,53.869261444743294,54.131880875660826,53.25649167752179,53.95680236816406,5843364.0
2019-03-27T00:00:00,53.98962460694769,54.591454641425784,53.37685154033745,53.75983428955078,8725540.0
2019-03-28T00:00:00,53.7051153461054,54.624276493798064,53.00480479399909,54.03338623046875,8598692.0
2019-03-29T00:00:00,54.274126704000025,54.9197255271666,54.07716548315075,54.635223388671875,8634080.0
2019-04-01T00:00:00,55.17140041848434,56.8784065246582,54.77747464808096,56.8784065246582,10022636.0
2019-04-02T00:00:00,56.87840481386284,57.79756603027225,56.68144360425761,57.40363693237305,9094368.0
2019-04-03T00:00:00,57.731912534839246,58.826148986816406,57.731912534839246,58.826148986816406,9280248.0
2019-04-04T00:00:00,57.994532224107566,58.454112871810054,57.206680639287484,57.71003341674805,11741836.0
2019-04-05T00:00:00,57.92888695362419,59.43893209142915,57.8632287519083,59.15442657470703,7949732.0
2019-04-08T00:00:00,59.154403826558266,59.30759955962638,58.49786213401627,58.91367721557617,6827584.0
2019-04-09T00:00:00,58.89181425281962,59.17631309302031,58.47600568687628,58.78239059448242,6149188.0
2019-04-10T00:00:00,58.629182442220845,59.19818668136542,58.5197588069503,59.11064910888672,5063868.0
2019-04-11T00:00:00,59.06687508861761,59.5702278019293,58.69483874784475,59.32949447631836,4304604.0
2019-04-12T00:00:00,59.30761690385889,60.576928542502614,59.1981932564348,60.31431579589844,9312396.0
2019-04-15T00:00:00,60.05168800398865,60.31430739269317,59.59210741309999,60.07357406616211,6468508.0
2019-04-16T00:00:00,60.358083336789534,60.83955007359601,60.073584515115485,60.40185546875,6283240.0
2019-04-17T00:00:00,59.85471656416479,61.25533748075147,59.832830505734755,61.05837631225586,6978904.0
2019-04-18T00:00:00,60.57693513532013,61.9119051149218,60.401859951863244,61.82436752319336,6389296.0
2019-04-23T00:00:00,61.14593792354464,62.21828842163086,60.99274881164089,62.21828842163086,8999424.0
2019-04-24T00:00:00,62.21828191277919,63.071791687241664,61.89001097758263,62.52467346191406,9483076.0
2019-04-25T00:00:00,62.26204967498779,68.25846366822952,61.34288844943512,65.65418243408203,21605780.0
2019-04-26T00:00:00,65.64311751458949,66.24027797916676,64.31610025958115,64.93537902832031,15216276.0
2019-04-29T00:00:00,65.0017356500108,65.70948097793863,64.69209960012725,65.68736267089844,7173812.0
2019-04-30T00:00:00,65.5767862732725,66.12971027220397,65.28926849365234,65.28926849365234,4786432.0
2019-05-02T00:00:00,65.28926149607948,65.28926149607948,63.58625306207138,63.80742263793945,13603596.0
2019-05-03T00:00:00,63.91800737487191,64.73633750475474,63.89588906739079,64.49304962158203,8923280.0
2019-05-06T00:00:00,62.96697478406666,63.3871955871582,62.2149929000975,63.3871955871582,7815236.0
2019-05-07T00:00:00,63.387196977445264,63.69683301022198,62.03806131724745,62.281349182128906,9214788.0
2019-05-08T00:00:00,62.01593768651111,62.98908231291984,61.86112305819535,62.61309814453125,11590188.0
2019-05-09T00:00:00,61.97171333000288,62.17076458382821,61.21973142734826,61.308204650878906,5516284.0
2019-05-10T00:00:00,61.639954479588994,62.52463265367964,61.08703062078234,61.706302642822266,5779636.0
2019-05-13T00:00:00,61.706305365580164,61.706305365580164,59.25132197424203,59.49460983276367,10577296.0
2019-05-14T00:00:00,59.804253618013746,60.644702079281245,59.73790544324316,60.26871109008789,6162288.0
2019-05-15T00:00:00,60.777381338122964,60.82161794190395,59.4946008231715,60.51198196411133,6137560.0
2019-05-16T00:00:00,60.82164021881882,62.45829391479492,60.60047061802312,62.45829391479492,10167244.0
2019-05-17T00:00:00,62.32557536154971,62.45827843905845,61.153379467600104,61.68418502807617,6974740.0
2019-05-20T00:00:00,61.28608228246535,61.440896914263,59.71577716271911,60.224464416503906,7900732.0
2019-05-21T00:00:00,61.197608135803726,61.97170144634197,60.88796541194201,61.50724411010742,8172176.0
2019-05-22T00:00:00,61.50725748076799,61.72842704614324,60.55622429991874,60.9764518737793,5482748.0
2019-05-23T00:00:00,60.33505159343781,60.44563637036828,58.278177442354824,58.52146530151367,9029436.0
2019-05-24T00:00:00,58.521472560973635,59.40615088615975,58.521472560973635,58.720523834228516,4844196.0
2019-05-27T00:00:00,58.87533845961834,59.16285618236315,58.23394134808742,58.41088104248047,2839772.0
2019-05-28T00:00:00,58.67628063212126,58.98592341082903,58.034890268265144,58.49934768676758,11844200.0
2019-05-29T00:00:00,57.437732185666825,58.034885893389344,57.260792504092265,57.548316955566406,3593232.0
2019-05-31T00:00:00,56.97328099742968,57.48196829445874,56.00013289162599,56.5972900390625,9420996.0
2019-06-03T00:00:00,56.11071510664782,57.150211334228516,55.88954555291662,57.150211334228516,6267988.0
2019-06-04T00:00:00,57.039623140725176,57.681013458214935,56.464584360336275,57.636783599853516,9373460.0
2019-06-05T00:00:00,57.703140937707474,58.69840402814169,57.34926826675223,57.990665435791016,7262452.0
2019-06-07T00:00:00,58.45511795778113,59.40615121231359,58.16760020034109,58.897457122802734,7327920.0
2019-06-11T00:00:00,59.84849635503336,61.86114110681764,59.82637804466109,61.46303176879883,8553800.0
2019-06-12T00:00:00,60.97644791576027,62.19288044636473,60.82162653022335,61.94959259033203,6515316.0
2019-06-13T00:00:00,61.92747056617553,63.21025118522285,61.684182724753825,63.011199951171875,8256900.0
2019-06-14T00:00:00,62.87849784341767,63.05543752605687,61.75053858330199,62.10440444946289,7925636.0
2019-06-18T00:00:00,61.772659373710546,63.409319622424434,60.99856586401713,63.23237991333008,13943576.0
2019-06-19T00:00:00,63.29872421978978,63.49777545327418,62.546742393979756,62.922733306884766,9183384.0
2019-06-20T00:00:00,63.63048720342251,65.22290403803127,63.63048720342251,65.13443756103516,14013120.0
2019-06-24T00:00:00,65.09018941482809,65.26712908702902,64.36033267197949,64.44879913330078,6109460.0
2019-06-25T00:00:00,64.29398611242607,65.04596117669685,64.18340134563452,64.80267333984375,4489140.0
2019-06-26T00:00:00,64.64786825753743,65.37773195201969,64.3603504912494,64.5815200805664,5825328.0
2019-06-27T00:00:00,64.86903279036653,65.31137193452058,64.13917590233625,64.71421813964844,5664120.0
2019-06-28T00:00:00,64.80267822091561,65.88640766718976,64.80267822091561,65.64311981201172,7321160.0
2019-07-01T00:00:00,66.35087046457167,67.47883661238131,66.2624039871975,66.68262481689453,5993756.0
2019-07-02T00:00:00,66.43934159386345,66.79321427769703,66.12970552659408,66.74897766113281,5182400.0
2019-07-03T00:00:00,66.63838229853116,66.85955184714834,66.17393164608228,66.4393310546875,5783492.0
2019-07-04T00:00:00,66.3508612846303,66.63837898370691,65.95275881674598,66.32874298095703,3037936.0
2019-07-05T00:00:00,64.60363180647585,65.2450222002272,63.03332653242288,64.36034393310547,11871200.0
2019-07-08T00:00:00,64.27188004589043,65.06809186829214,63.96224398983416,64.49304962158203,7872984.0
2019-07-09T00:00:00,63.85165717945718,63.91800535023913,63.12179355305779,63.56413269042969,5920308.0
2019-07-10T00:00:00,63.56412394917075,63.65259041456741,62.65732749234795,62.72368240356445,6523976.0
2019-07-11T00:00:00,63.21024700803939,63.27660191471048,61.529364031969514,61.86111831665039,6521060.0
2019-07-12T00:00:00,61.949606612340446,62.48041230501965,61.551497280660605,62.08230972290039,7461940.0
2019-07-15T00:00:00,62.36981290713941,64.07282113669696,59.95906616950575,63.121788024902344,13318368.0
2019-07-16T00:00:00,62.85638706624247,63.69682863310575,62.590980913780996,63.07755661010742,6284228.0
2019-07-17T00:00:00,62.966983051776374,64.60363661793197,62.856398260150186,63.36508560180664,8660060.0
2019-07-18T00:00:00,62.56886690908744,62.657333382800886,61.70630697865254,62.281349182128906,7321784.0
2019-07-19T00:00:00,62.56887198362038,63.98435592651367,62.56887198362038,63.98435592651367,6610148.0
2019-07-22T00:00:00,63.82953108782351,64.22763356308053,63.23237062537921,64.16128540039062,4585664.0
2019-07-23T00:00:00,64.4045811787378,66.06335294588015,64.4045811787378,65.70948028564453,6883736.0
2019-07-24T00:00:00,65.86429562810056,66.19604998502429,65.09020212861185,65.68736267089844,4543044.0
2019-07-25T00:00:00,65.70948342645684,66.39511047289285,64.64786539500626,65.42195892333984,5714660.0
2019-07-26T00:00:00,65.68736300138036,66.08546553186788,65.33349033563607,65.86429595947266,5175452.0
2019-07-29T00:00:00,65.6873540174241,66.0412266347698,65.28925154138444,65.90852355957031,3202652.0
2019-07-30T00:00:00,65.90853138412156,65.97487955481866,64.60363228045523,65.31137084960938,5044964.0
2019-07-31T00:00:00,65.2007869142531,65.84218407062005,65.02385395705097,65.68736267089844,5031724.0
2019-08-01T00:00:00,65.0680799906763,66.4172087564754,64.84691045535729,66.35086059570312,4529268.0
2019-08-02T00:00:00,64.5814986786561,64.73632003969524,63.033312066496535,63.2765998840332,7758964.0
2019-08-06T00:00:00,60.42353170099194,60.95433734084131,59.494616769085596,59.5167350769043,8628964.0
2019-08-07T00:00:00,59.715779037952174,59.95906689505564,58.80898252487145,59.31767654418945,8001968.0
2019-08-08T00:00:00,60.37928911352784,60.68892514368536,59.67154383068843,60.64469528198242,7905392.0
2019-08-09T00:00:00,60.64470285695614,60.93222061739567,59.40615183206257,59.56096649169922,4560696.0
2019-08-12T00:00:00,60.04752883911133,60.799503909284255,59.56095316158608,59.71577453613281,4835096.0
2019-08-13T00:00:00,59.361906770104966,61.1754998074254,58.45511025144475,60.55622100830078,7617412.0
2019-08-14T00:00:00,60.60046008602493,60.777393036087375,58.74263711213167,58.85322189331055,7442508.0
2019-08-15T00:00:00,59.00803583576578,59.60519634685672,57.72525508916365,58.565696716308594,7357268.0
2019-08-16T00:00:00,58.89744042576385,59.62730389087399,58.89744042576385,59.53883743286133,5916604.0
2019-08-19T00:00:00,60.06966095684562,61.33032354834489,59.98119447228498,60.82163619995117,5691224.0
2019-08-20T00:00:00,61.15338256370127,61.50725520512098,60.53411050338622,60.64469528198242,5326204.0
2019-08-21T00:00:00,60.733171159790714,62.104418576992806,60.57834974595744,61.55149459838867,3646372.0
2019-08-22T00:00:00,61.26397515716609,61.949602221833395,60.82163598635623,61.109153747558594,5502884.0
2019-08-23T00:00:00,61.63995686644559,62.14864413642185,60.37928771972656,60.37928771972656,5118072.0
2019-08-26T00:00:00,59.95907472419888,60.312947403505405,59.40615077201991,59.782135009765625,4382416.0
2019-08-27T00:00:00,59.95906247929981,60.82162231863418,59.4061386400395,60.77738571166992,5371104.0
2019-08-28T00:00:00,60.777399582890794,60.88798437598161,59.71578826904297,60.82163619995117,6160776.0
2019-08-29T00:00:00,60.82163823886498,63.2987403869629,60.82163823886498,63.29874038696289,7569032.0
2019-08-30T00:00:00,63.47567040537359,65.20079045524265,63.40932223020941,64.8248062133789,8526364.0
2019-09-02T00:00:00,64.75844833438815,65.2892607097262,64.60363368288098,64.89115142822266,5787920.0
2019-09-03T00:00:00,64.82480797872716,65.20079223082995,64.33823218240566,64.5815200805664,3938888.0
2019-09-04T00:00:00,65.42195494086776,65.59889464345186,64.7584462426863,65.33348846435547,4700392.0
2019-09-05T00:00:00,65.79794346407841,66.19604596840712,64.66997736906808,65.59889221191406,6792160.0
2019-09-06T00:00:00,65.73160151011892,66.10758574429113,65.33349221859788,66.01911926269531,6512896.0
2019-09-09T00:00:00,66.01910629272462,66.43932705991902,65.86428491817787,66.35086059570312,6510436.0
2019-09-10T00:00:00,66.35087848173596,67.67789605137068,66.12970888679685,67.25767517089844,9849816.0
2019-09-11T00:00:00,67.4567132765247,68.805848891967,67.39036511083043,68.56256103515625,8708116.0
2019-09-12T00:00:00,68.98278844834626,69.44724590142057,68.31927972954287,68.78373718261719,7820800.0
2019-09-13T00:00:00,68.78373777865335,70.17710340039058,68.49622003117099,70.13287353515625,6475336.0
2019-09-16T00:00:00,69.95591961455017,70.81848618089325,69.20394456272656,69.91168975830078,7044080.0
2019-09-17T00:00:00,69.6684096866725,69.7347578532171,68.56256191386818,68.93855285644531,8076796.0
2019-09-18T00:00:00,69.33664739874291,69.97803768346074,68.96065649930914,69.51358032226562,7076036.0
2019-09-19T00:00:00,69.38089215164395,69.82323126195202,69.0491378189129,69.712646484375,6587260.0
2019-09-20T00:00:00,69.75687668929126,70.06651271812034,69.15972293716932,69.88957977294922,9601328.0
2019-09-23T00:00:00,69.75687895745592,69.7789972637113,68.34139510138444,68.85008239746094,6236088.0
2019-09-24T00:00:00,69.04914690309482,69.20396156233473,68.0317654656266,68.29716491699219,5774168.0
2019-09-25T00:00:00,66.90379438510978,67.01437916921739,65.84218315750046,66.68262481689453,12101172.0
2019-09-26T00:00:00,66.39510825249722,67.74423724282717,66.37298994537252,67.23554992675781,6044084.0
2019-09-27T00:00:00,67.45671376676238,67.94328948392005,67.12495943676191,67.39036560058594,6053896.0
2019-09-30T00:00:00,67.19131298115795,67.9211766153152,66.88167693161834,67.0586166381836,8559068.0
2019-10-01T00:00:00,67.0143779639815,68.23081056728809,65.97487831224117,66.12969970703125,10255596.0
2019-10-02T00:00:00,65.95276838780806,66.19604951484307,64.53727774200644,64.73633575439453,8308256.0
2019-10-03T00:00:00,64.69209515318579,65.93064601714153,64.36034081906688,65.02384948730469,9409272.0
2019-10-04T00:00:00,64.95751329155534,65.04597978037901,63.89589517698996,64.91327667236328,10882296.0
2019-10-07T00:00:00,64.75844522198828,65.42195390971176,64.27187623406003,65.17867279052734,6957884.0
2019-10-08T00:00:00,65.11232644505749,65.57678393752877,63.96224861798034,64.55940246582031,7213444.0
2019-10-09T00:00:00,64.31609073847444,65.75369255191644,64.22762428448188,65.3777084350586,5628328.0
2019-10-10T00:00:00,65.39982673594618,65.46617488905116,64.4266754933546,65.3777084350586,4957700.0
2019-10-11T00:00:00,65.62102508897037,66.41723027442768,65.20079743607143,66.3951187133789,7661040.0
2019-10-14T00:00:00,66.32876339007272,66.6383994880965,65.73160950450419,66.59416961669922,4636516.0
2019-10-15T00:00:00,66.97013804960471,67.94328948392005,66.79320510676145,67.39036560058594,7046964.0
2019-10-16T00:00:00,67.45671342267114,68.00963730318485,67.05861092852491,67.58941650390625,5065404.0
2019-10-17T00:00:00,67.32402701991082,68.16447557623506,67.01439092002745,67.94330596923828,7250196.0
2019-10-18T00:00:00,67.65576913536972,69.15972623937127,67.21343000176213,68.62891387939453,10380676.0
2019-10-21T00:00:00,68.71739926244513,76.06022612960284,68.47411134600938,75.10919952392578,17597912.0
2019-10-22T00:00:00,74.73319561677648,76.52467046603785,73.38405990315697,73.6937026977539,13826220.0
2019-10-23T00:00:00,73.6494612198412,74.75530898590488,73.3177068900221,73.605224609375,8619056.0
2019-10-24T00:00:00,73.87064473802586,74.97649271314602,73.38406892914884,74.42356872558594,6931656.0
2019-10-25T00:00:00,73.67564194207212,74.74728491771177,73.67564194207212,74.61333465576172,4803196.0
2019-10-28T00:00:00,74.61334123240624,76.60034978210477,74.23379728785396,76.33243560791016,6737424.0
2019-10-29T00:00:00,76.28778126109015,76.53336128419443,75.59567538141648,75.88591003417969,8322760.0
2019-10-30T00:00:00,75.32776035990433,76.578015029171,74.9928710813511,76.37708282470703,5855392.0
2019-10-31T00:00:00,76.60034289381652,77.15849169541335,75.68497749652975,76.15382385253906,7496432.0
2019-11-01T00:00:00,76.28778297473205,77.2477962139041,76.28778297473205,76.80127716064453,1063008.0
2019-11-04T00:00:00,77.53801744248534,79.41340259200382,77.24778283347545,79.25711822509766,8565056.0
2019-11-05T00:00:00,79.36875576886861,79.36875576886861,78.36408797432597,79.1231689453125,5446984.0
2019-11-06T00:00:00,78.98922083080639,79.50272184978607,78.3864241737524,78.7213134765625,4199572.0
2019-11-07T00:00:00,78.81059863406085,79.68130926763342,77.89523337790966,77.93988800048828,7642644.0
2019-11-08T00:00:00,77.91756253727215,78.85525512695312,77.2701113745586,78.85525512695312,4844064.0
2019-11-11T00:00:00,78.81061233831025,79.41341578124806,78.43106842041016,78.43106842041016,4330340.0
2019-11-12T00:00:00,78.94457188886733,79.3687636370584,77.9622313105985,79.16783142089844,6502520.0
2019-11-13T00:00:00,78.78828142597983,80.03853607177734,78.00687312402384,80.03853607177734,8752980.0
2019-11-14T00:00:00,79.99388773451123,80.73064827944391,79.52504816713797,80.4404067993164,8564340.0
2019-11-15T00:00:00,80.50739058461073,81.7129907244343,80.23947641427644,81.22181701660156,5907056.0
2019-11-18T00:00:00,81.15482935149383,81.44506398009742,79.6366674562239,80.28411865234375,7796636.0
2019-11-19T00:00:00,80.41808319091797,81.40042373288229,80.1501690370459,80.41808319091797,8061388.0
2019-11-20T00:00:00,79.97155878900159,80.39575049311472,79.21247100830078,79.21247100830078,7807568.0
2019-11-21T00:00:00,78.63201102514786,79.03387546318386,78.20781245758283,78.7213134765625,7372860.0
2019-11-22T00:00:00,78.49805024512938,79.59202055346269,78.45339561485456,78.74363708496094,5759676.0
2019-11-25T00:00:00,79.43573799614794,79.83760923788634,79.1901579639824,79.346435546875,7238788.0
2019-11-26T00:00:00,79.45807255694693,79.7036594248457,78.67666413121314,79.43574523925781,7570200.0
2019-11-27T00:00:00,79.99389349403911,79.99389349403911,78.31944688046023,78.38642883300781,6155044.0
2019-11-28T00:00:00,78.0068694714413,78.65432067150644,77.93989434545983,78.34175872802734,3563404.0
2019-11-29T00:00:00,77.82826459326449,78.65432067150644,77.4710480235715,78.34175872802734,4546068.0
2019-12-02T00:00:00,78.54269739558707,79.30178522377788,76.95756023438138,77.20314025878906,6234644.0
2019-12-03T00:00:00,77.158494107621,78.25246443028362,75.95289402114912,76.53336334228516,8815184.0
2019-12-04T00:00:00,76.48869983955372,78.89989951804303,76.48869983955372,78.60966491699219,6715948.0
2019-12-05T00:00:00,78.81061144967734,79.70364953975867,78.34176508971666,78.9222412109375,5613352.0
2019-12-06T00:00:00,78.85527033096514,80.37343244061849,78.85527033096514,80.26180267333984,5481480.0
2019-12-09T00:00:00,80.59670119100993,81.42276428866418,80.37344163092403,80.99856567382812,5570852.0
2019-12-10T00:00:00,80.93156751056925,81.22180213078875,79.48038078279353,81.13249969482422,8775924.0
2019-12-11T00:00:00,81.17716102933701,81.60135274523527,80.15016589750878,81.445068359375,8043040.0
2019-12-12T00:00:00,81.6683310991601,83.32045702632543,81.02087984266177,83.23114776611328,10508152.0
2019-12-13T00:00:00,84.16883871800286,84.79396264627545,83.36510308640966,84.21349334716797,10360520.0
2019-12-16T00:00:00,84.57070557025884,86.17817687988281,84.54838506837129,86.17817687988281,9591692.0
2019-12-17T00:00:00,86.06653520526253,86.2451400756836,85.17349722647899,86.2451400756836,7381328.0
2019-12-18T00:00:00,86.2674904919415,86.84796669628149,86.11121289180363,86.2898178100586,8182092.0
2019-12-19T00:00:00,86.24513859511482,86.66933707842604,85.24047088623047,85.24047088623047,8878588.0
2019-12-20T00:00:00,85.2404738272173,85.93257963544018,85.08419626622452,85.88793182373047,10566060.0
2019-12-23T00:00:00,85.91025315957035,86.15583997305264,85.1065244075763,85.39675903320312,3972244.0
2019-12-27T00:00:00,85.3967772424221,85.79864170410897,84.90560351072418,85.7316665649414,3245396.0
2019-12-30T00:00:00,85.73164936642945,85.95490886998786,83.27579482728693,83.40975189208984,5099976.0
2020-01-02T00:00:00,83.588355198508,85.7093204424481,83.56602788590395,85.6200180053711,5086600.0
2020-01-03T00:00:00,85.195845525081,85.195845525081,83.633028677238,84.05722045898438,3865784.0
2020-01-07T00:00:00,84.0572154473344,85.48607511750282,83.92325836283791,84.66001892089844,5788684.0
2020-01-08T00:00:00,83.94557789825198,84.68233157468268,83.09719446397787,84.6153564453125,4093924.0
2020-01-09T00:00:00,85.62002279016605,85.9102574302206,84.52605254482403,85.15117645263672,4511128.0
2020-01-10T00:00:00,85.41909998192475,85.57537756938704,84.66001892089844,84.66001892089844,3743736.0
2020-01-13T00:00:00,84.63768937188829,86.04422168864689,84.54838692235984,85.55305480957031,4120288.0
2020-01-14T00:00:00,85.57537217713697,86.98191125571118,84.72698871768453,86.75865173339844,6314432.0
2020-01-15T00:00:00,86.78098589881796,87.33913474866026,86.40144195558901,86.93726348876953,4961448.0
2020-01-16T00:00:00,86.98190799666806,88.18750800931738,86.98190799666806,88.09820556640625,5126288.0
2020-01-17T00:00:00,88.43308823313689,89.12519403735597,87.45074780779647,87.65167999267578,6864652.0
2020-01-20T00:00:00,87.27214180069274,87.74098813814463,86.73632033503611,86.87027740478516,3306204.0
2020-01-21T00:00:00,86.02188542599535,88.18750537185517,85.44141615776356,87.67401123046875,4525404.0
2020-01-22T00:00:00,87.80795806072794,88.27680437038467,85.88793182373047,85.88793182373047,5995312.0
2020-01-23T00:00:00,85.7093295175431,85.79863196407564,84.3697723795351,84.90559387207031,5375260.0
2020-01-24T00:00:00,85.86562601919738,86.64703445990942,85.62003914659113,86.2898178100586,6831344.0
2020-01-27T00:00:00,84.83862851406629,85.10654269786804,83.70000345291987,84.32513427734375,7878124.0
2020-01-28T00:00:00,84.21349310284528,85.3521111965141,78.07385634414563,79.63667297363281,18372824.0
2020-01-29T00:00:00,79.45805968003101,79.74830113627169,78.29711429508725,78.58734893798828,9719712.0
2020-01-30T00:00:00,77.47104120727222,78.47570888863454,76.55567595714103,78.16314697265625,10030540.0
2020-01-31T00:00:00,78.07386032166096,78.78828672924806,75.99754260584497,76.3547592163086,8196236.0
2020-02-03T00:00:00,76.35474894850672,77.93989276010556,76.31009432320116,77.4710464477539,6616700.0
2020-02-04T00:00:00,78.07385798131064,80.44040347634453,77.58268430497911,80.37342834472656,10306704.0
2020-02-05T00:00:00,80.30644423426517,82.2264704682666,79.56968380214305,81.08785247802734,7609988.0
2020-02-06T00:00:00,81.93624051715017,82.31578441109404,80.21713955753081,80.75296783447266,6442908.0
2020-02-07T00:00:00,80.44039938841067,80.90924572592974,79.63667059648039,80.48505401611328,6046728.0
2020-02-10T00:00:00,80.23946521706128,81.53437444185522,79.6813164512034,81.24413299560547,4918920.0
2020-02-11T00:00:00,81.73532687116291,83.96792248734687,81.48973999071444,83.67768096923828,8152060.0
2020-02-12T00:00:00,84.12418685356818,84.77164493104175,83.36510582619299,84.50373077392578,6105672.0
2020-02-13T00:00:00,84.0125503540039,84.72698350680153,83.16416694672878,84.0125503540039,6086284.0
2020-02-14T00:00:00,84.01255427722815,84.39209818487701,83.69999231328546,84.03488159179688,3871916.0
2020-02-17T00:00:00,84.03487972984337,84.61535582906956,83.11951435952587,83.43208312988281,4263500.0
2020-02-18T00:00:00,82.62834661964727,82.62834661964727,81.86926564274825,82.02554321289062,6914452.0
2020-02-19T00:00:00,82.4943986824592,83.2311524270882,82.33811428167593,82.8962631225586,5488884.0
2020-02-20T00:00:00,82.98557096146158,83.34278076281468,81.77996403520405,82.20416259765625,7009924.0
2020-02-21T00:00:00,81.46739582576734,81.6683280270062,79.77062214566419,80.08319091796875,6928976.0
2020-02-24T00:00:00,78.16316374126862,78.16316374126862,75.50637666547523,76.04219818115234,9585140.0
2020-02-25T00:00:00,76.51103454047607,76.93522623426799,75.08216826804534,75.35008239746094,7580792.0
2020-02-26T00:00:00,74.36774314090927,78.16315475973275,72.7825992786151,78.0291976928711,11564364.0
2020-02-27T00:00:00,76.8012668059048,76.8235941182255,74.14448015987999,76.1984634399414,12866412.0
2020-02-28T00:00:00,73.67565030293939,76.19848045161287,73.36308830068594,75.70731353759766,17477848.0
2020-03-02T00:00:00,77.0691882600407,78.11850390556266,74.3900740467833,75.05985260009766,12308932.0
2020-03-03T00:00:00,75.79661073314365,78.02920604192549,75.64032633619286,76.08684539794922,8409484.0
2020-03-04T00:00:00,76.24314819113182,77.29247096477988,75.64034458697795,76.4664077758789,5645364.0
2020-03-05T00:00:00,77.24779691838891,77.51571107812399,74.47938012560022,74.85891723632812,7903584.0
2020-03-06T00:00:00,72.93888680413784,73.74261561328755,71.17513117219107,72.02352142333984,10445380.0
2020-03-09T00:00:00,66.97786579669294,69.65698042856066,65.7499382570869,68.83091735839844,17134988.0
2020-03-10T00:00:00,69.41138648852858,72.44771745806787,69.2104542742713,70.37140655517578,11490700.0
2020-03-11T00:00:00,70.70630063611642,71.35375195403329,68.4290505514813,68.45137786865234,11355720.0
2020-03-12T00:00:00,64.879218883441,65.86155942404693,62.66895096374267,63.27174758911133,22628532.0
2020-03-13T00:00:00,64.23176180931513,70.81791715508292,62.71359309923625,65.74992370605469,19999084.0
2020-03-16T00:00:00,62.177771361323366,67.62530185221489,60.81588703526566,66.01783752441406,18348340.0
2020-03-17T00:00:00,67.80392821437509,69.27743579705005,62.51267414201798,66.33041381835938,18822240.0
2020-03-18T00:00:00,64.34338940426531,67.22343553694166,62.37870175354644,64.92385864257812,16517344.0
2020-03-19T00:00:00,65.92852622054593,68.96485671854728,63.07080740674414,65.05781555175781,19306236.0
2020-03-20T00:00:00,66.35273367823935,68.16113038341699,61.6419563293457,61.6419563293457,14871244.0
2020-03-23T00:00:00,57.73491983542532,61.37404770214608,57.645617379883454,59.5433235168457,12632640.0
2020-03-24T00:00:00,61.307063956258084,66.12947082519531,61.307063956258084,66.12947082519531,14155832.0
2020-03-25T00:00:00,68.36206364523203,71.64397430419922,64.38804033980787,71.64397430419922,13178536.0
2020-03-26T00:00:00,69.05416415743437,72.51468658447266,67.87089147223455,72.51468658447266,12088568.0
2020-03-27T00:00:00,70.884896577486,71.6663048862142,69.07649312890425,70.3044204711914,8477480.0
2020-03-30T00:00:00,71.44304073829305,73.94354988946903,69.2104457152214,73.89889526367188,8368340.0
2020-03-31T00:00:00,75.17147159059617,75.26077402224414,70.95186185850717,74.54634094238281,13520708.0
2020-04-01T00:00:00,71.88956304752917,72.11282256009913,68.96486207019468,69.47836303710938,8525064.0
2020-04-02T00:00:00,69.92489544730218,70.43838969917054,67.93787995440245,70.10350036621094,9237548.0
2020-04-03T00:00:00,70.0365119811717,70.68396320646018,68.85323247379932,69.34440612792969,4319368.0
2020-04-06T00:00:00,71.48771026506695,72.76028560547121,70.88490675785285,72.49237823486328,6618580.0
2020-04-07T00:00:00,74.30077269443993,74.94823081553706,71.91189968811848,74.79194641113281,10771976.0
2020-04-08T00:00:00,74.07750369302175,74.74728223206658,72.93888562731725,74.01052856445312,6193428.0
2020-04-09T00:00:00,74.34541046744653,76.01985664914578,73.3630700701841,73.74260711669922,3888116.0
2020-04-14T00:00:00,74.81426927799892,76.68964795259971,73.22912526478225,76.57801818847656,8991612.0
2020-04-15T00:00:00,76.15383123028727,76.15383123028727,72.93889518429599,73.07284545898438,7967560.0
2020-04-16T00:00:00,74.01054057183993,75.43940032428422,73.83193565778717,75.3947525024414,9248884.0
2020-04-17T00:00:00,77.89524154006659,78.05152592212902,75.55101668916744,77.71663665771484,9836960.0
2020-04-20T00:00:00,78.52038804781496,78.52038804781496,76.95757116621886,77.44873809814453,5687232.0
2020-04-21T00:00:00,76.57800257677751,76.97986692035806,74.90355645629404,74.99285888671875,6493128.0
2020-04-22T00:00:00,75.01519759696272,78.36409034682714,74.50170343398608,78.27478790283203,7168600.0
2020-04-23T00:00:00,80.2394847287494,82.4944076538086,76.06453503292124,82.4944076538086,14053692.0
2020-04-24T00:00:00,80.71378586719663,81.43504426557489,77.71603436859162,77.76111602783203,9546684.0
2020-04-27T00:00:00,79.24870889461702,79.74457267577301,77.19761753478232,77.60332489013672,6090604.0
2020-04-28T00:00:00,77.71603557395983,78.12174987792969,76.65668535033448,78.12174987792969,8696084.0
2020-04-29T00:00:00,77.96395584964998,79.04585357224138,76.67921133209637,78.2118911743164,7104788.0
2020-04-30T00:00:00,78.12173280625103,78.6401373897936,76.47634887695312,76.47634887695312,5071456.0
2020-05-04T00:00:00,74.69573632622959,75.73255240750743,72.41925048828125,72.41925048828125,9701852.0
2020-05-05T00:00:00,73.63638777080492,76.7693700246431,72.87004094855425,76.58905029296875,8202560.0
2020-05-06T00:00:00,76.76937532252592,76.83699092751094,74.38019202129445,74.4027328491211,7382620.0
2020-05-07T00:00:00,74.83097892463856,76.43128135565357,74.65066606416984,76.20588684082031,5076948.0
2020-05-08T00:00:00,76.97222746567813,78.25697896247681,76.49889760483151,77.67095184326172,2959692.0
2020-05-11T00:00:00,78.12174125013739,78.39221054441768,77.13000674745341,77.94142150878906,4495856.0
2020-05-12T00:00:00,77.51316985923597,79.54172042950178,77.08492167010098,79.29378509521484,5763408.0
2020-05-13T00:00:00,78.30205816384108,78.88808531617455,77.69349706135627,77.9639663696289,6508020.0
2020-05-14T00:00:00,76.90461643703311,77.55825919875595,74.22241602550585,75.48462677001953,7079144.0
2020-05-15T00:00:00,76.85953168703915,77.7611097713446,74.80844016954529,75.64240264892578,6826844.0
2020-05-18T00:00:00,77.28778030022323,80.82647705078125,77.13000826175255,80.82647705078125,5155724.0
2020-05-19T00:00:00,81.81821409213491,81.81821409213491,79.04586413462592,80.53346252441406,6648756.0
2020-05-20T00:00:00,80.01504822846216,81.45757166589614,78.7979192930802,81.09693908691406,4030236.0
2020-05-22T00:00:00,80.10522144122163,80.44331326515349,79.24872490532591,80.17284393310547,4841404.0
2020-05-25T00:00:00,81.02932257567016,82.15629507324554,80.57853357664001,81.93090057373047,2891272.0
2020-05-26T00:00:00,82.92263977709545,82.92263977709545,80.87154833754649,82.17884063720703,4844700.0
2020-05-27T00:00:00,82.17884893397148,83.08042707503866,81.43504284049386,82.40424346923828,7287040.0
2020-05-28T00:00:00,83.21566127871331,86.34864379664833,82.99026675399143,86.14579010009766,7050060.0
2020-05-29T00:00:00,85.62738519884834,85.62738519884834,82.71979698041304,83.21566772460938,10650796.0
2020-06-01T00:00:00,84.54548645019531,84.92865300991959,82.83248670988377,84.54548645019531,4754872.0
2020-06-02T00:00:00,85.22166621760171,86.12324426406458,83.37342847095498,83.46358489990234,5787776.0
2020-06-03T00:00:00,84.20740433544465,85.31183624267578,83.44106424951869,85.31183624267578,7184420.0
2020-06-04T00:00:00,84.90611614123226,85.64991528573684,84.36516380505292,84.79341888427734,6492756.0
2020-06-05T00:00:00,85.40198243679116,87.27276108392944,84.99627505131268,87.06990051269531,7485904.0
2020-06-08T00:00:00,86.50640502877835,86.73179952533951,84.70324905628901,85.28927612304688,7356460.0
2020-06-09T00:00:00,84.90611349477159,85.58229701542496,83.50866480069018,85.22166442871094,6029576.0
2020-06-10T00:00:00,85.60482819078909,86.82196399134071,85.17658001727743,85.55975341796875,6644360.0
2020-06-11T00:00:00,84.02708225228513,84.50041216475391,83.12550408700956,83.2607421875,8540948.0
2020-06-12T00:00:00,82.44930717028885,85.08642562995269,82.20137871760636,83.75659942626953,6750516.0
2020-06-15T00:00:00,82.0210615681053,84.6130984569587,81.75059228071304,84.56802368164062,8487892.0
2020-06-16T00:00:00,86.39370625442164,87.67845761352385,85.96545809421892,87.13751220703125,8450896.0
2020-06-17T00:00:00,88.1067250288128,90.11273507547274,87.38546662202822,89.72956848144531,8911028.0
2020-06-18T00:00:00,88.85051683316877,89.00828885994639,87.70100347924301,88.80543518066406,10222992.0
2020-06-22T00:00:00,88.44480190007194,89.05336981162408,87.47560828529788,88.58003997802734,5015608.0
2020-06-23T00:00:00,89.70700375395036,91.55524125605737,89.36891203125958,90.69873809814453,6077100.0
2020-06-24T00:00:00,90.60858579375967,90.67620138996934,88.21940280260351,88.42225646972656,5213676.0
2020-06-25T00:00:00,87.65592100875777,88.48988342285156,86.93466272487403,88.48988342285156,4202416.0
2020-06-26T00:00:00,88.55750355912438,90.58605419392563,88.55750355912438,88.87305450439453,4006964.0
2020-06-29T00:00:00,88.8730632327756,89.79718221064337,88.28704293907471,89.14353942871094,4425424.0
2020-06-30T00:00:00,90.00003932434457,90.13527742743024,88.44481833509849,88.94068908691406,5924832.0
2020-07-01T00:00:00,88.48988537801738,90.04510611035718,88.12925278886021,89.07591247558594,4993996.0
2020-07-02T00:00:00,89.81971586167057,90.63113750613243,88.7152840937756,90.51844024658203,3997492.0
2020-07-03T00:00:00,90.721288626696,91.35239049183176,89.75209500270297,90.13526153564453,2616960.0
2020-07-06T00:00:00,91.96096317530558,92.59206507314995,90.4733579835355,91.62287139892578,3269260.0
2020-07-07T00:00:00,91.2847853361486,91.6228771336899,90.65368339880295,91.03684997558594,3513144.0
2020-07-08T00:00:00,89.77462995238642,91.37493233786907,89.59431709704803,90.31558227539062,3478496.0
2020-07-09T00:00:00,90.83399480722315,92.25397758258815,90.20289288005985,90.49590301513672,4565040.0
2020-07-10T00:00:00,90.04509914284367,91.9158706665039,89.81970465187285,91.9158706665039,4319084.0
2020-07-13T00:00:00,93.22317076104518,93.40348361774281,91.71302479184799,93.02031707763672,3930392.0
2020-07-14T00:00:00,92.32159172162332,92.95269359173086,91.5101701182747,92.83999633789062,7019624.0
2020-07-15T00:00:00,94.41775032159194,96.87454888263335,93.60632878330006,96.46884155273438,8673576.0
2020-07-16T00:00:00,97.2351792728859,97.28026092119978,92.54697674498217,94.64314270019531,11202420.0
2020-07-17T00:00:00,95.52220382451016,95.86029563636448,91.35240481164016,92.29906463623047,6542780.0
2020-07-20T00:00:00,92.18634924075077,92.79491713383554,91.51016574998731,92.54698181152344,4123684.0
2020-07-21T00:00:00,93.17809206850765,93.17809206850765,91.10446663661395,91.53271484375,5239952.0
2020-07-22T00:00:00,91.32986147452408,93.33587130967365,91.17208256047515,93.04285430908203,3177276.0
2020-07-23T00:00:00,93.06539432543202,93.56126501226827,92.45683325903639,92.72730255126953,2276016.0
2020-07-24T00:00:00,91.44255059849013,91.80317629252826,89.48161571431034,90.202880859375,3956960.0
2020-07-27T00:00:00,89.93241294611603,92.05112004583934,89.61686199568827,91.66795349121094,2274644.0
2020-07-28T00:00:00,91.42001367559999,91.7806462635273,89.72955486827934,90.36065673828125,2804912.0
2020-07-29T00:00:00,90.18034914722223,91.10446805819551,89.84225736602431,90.74383544921875,3263084.0
2020-07-30T00:00:00,90.58604247703686,90.60858330131805,87.94893111999032,88.71527099609375,3423352.0
2020-07-31T00:00:00,88.3997342534978,88.78290081368684,87.13752355497434,87.20513916015625,6276716.0
2020-08-03T00:00:00,87.20513619547815,90.45081582527146,87.00228250833382,89.93241119384766,3630584.0
2020-08-04T00:00:00,90.3381193364877,90.85653085081543,87.25021859181801,87.678466796875,3662728.0
2020-08-05T00:00:00,88.42226189783307,89.07591146762523,87.83624168539029,88.89559173583984,3046944.0
2020-08-06T00:00:00,88.89559620670894,89.72955867173492,88.30956908629837,88.96321868896484,3325188.0
2020-08-07T00:00:00,88.5575006694188,89.8422521142683,88.17433413355623,89.12098693847656,2654448.0
2020-08-10T00:00:00,89.571783742301,89.72956266275439,88.58004919822346,89.21115112304688,2227228.0
2020-08-11T00:00:00,89.90987731711498,91.69049274180006,89.90987731711498,91.03684997558594,4334316.0
2020-08-12T00:00:00,91.03683664019282,91.03683664019282,88.62511963143879,90.38319396972656,3115360.0
2020-08-13T00:00:00,89.81970980615898,91.69048143717308,89.81970980615898,91.05937957763672,3001252.0
2020-08-14T00:00:00,91.05937938627021,91.12699498590187,88.06163524203085,88.48988342285156,3486912.0
2020-08-17T00:00:00,88.26449328666861,90.22542143644982,88.2419524595113,90.02256774902344,2519084.0
2020-08-18T00:00:00,89.45907901278862,90.3381162198942,88.7828954875544,89.07591247558594,3169068.0
2020-08-19T00:00:00,89.34637994408185,90.20288318574751,88.80543451057923,89.81970977783203,2233444.0
2020-08-20T00:00:00,89.0308358457472,89.21114871125202,87.90386324010484,88.26449584960938,3530848.0
2020-08-21T00:00:00,88.24194708424706,89.25622233808897,87.36290990661625,88.30956268310547,3617492.0
2020-08-24T00:00:00,89.12098613187894,91.14953668212729,88.98574805283016,90.04510498046875,3255528.0
2020-08-25T00:00:00,90.11272461734768,91.39747610811989,90.0676498413086,90.0676498413086,3701348.0
2020-08-26T00:00:00,89.7295514295836,90.47335052490234,89.07590875816798,90.47335052490234,3077684.0
2020-08-27T00:00:00,91.64541648392964,91.96096744751128,90.2479676585743,90.49590301513672,3865968.0
2020-08-28T00:00:00,90.8339991335009,90.90161474374055,88.46735647617643,89.36893463134766,4971104.0
2020-08-31T00:00:00,89.68447252383486,91.73556390326775,89.54923444459307,90.13526153564453,5735568.0
2020-09-01T00:00:00,90.5409762148347,91.23969368375099,88.76035410670889,90.18034362792969,4049772.0
2020-09-02T00:00:00,90.78891170443967,93.24571752394033,90.15780978732639,91.28478240966797,5535540.0
2020-09-03T00:00:00,92.41174897568453,93.96696971689347,89.16606941174965,89.43653869628906,6702620.0
2020-09-04T00:00:00,88.85051947017185,92.43429083883748,88.58004330410498,89.61685943603516,4633560.0
2020-09-07T00:00:00,90.1127227724991,92.07365777016483,90.0225663437719,92.05111694335938,2805016.0
2020-09-08T00:00:00,92.07365315898761,92.36666325730026,89.23368108609598,90.42827606201172,4458396.0
2020-09-09T00:00:00,90.3155995838462,92.9076369274278,90.15782064631681,92.50192260742188,3629080.0
2020-09-10T00:00:00,92.41174605851927,93.06538874030748,91.4876272222352,92.16381072998047,4282328.0
2020-09-11T00:00:00,92.18635602900393,92.47936614517991,91.12699906406984,92.23143768310547,4466424.0
2020-09-14T00:00:00,93.02031498487176,93.69649850001696,91.69048190229067,92.34413146972656,3961144.0
2020-09-15T00:00:00,92.07365638747589,93.51617986093207,91.84826187979542,92.83999633789062,3681664.0
2020-09-16T00:00:00,92.95268565958092,93.89934526245321,92.56951915631845,93.80918884277344,3884664.0
2020-09-17T00:00:00,92.86253405920893,94.14728546142578,92.43428588463473,94.14728546142578,4028220.0
2020-09-18T00:00:00,94.03460472252108,96.67171671014607,93.78666935313014,95.92791748046875,9253444.0
2020-09-21T00:00:00,95.1390257901336,95.20664139297484,92.34413519061579,92.41175079345703,4727508.0
2020-09-22T00:00:00,92.70475249667136,94.32759560252097,92.65967772503303,93.33586120605469,3738384.0
2020-09-23T00:00:00,94.35014092347171,95.72504877609705,94.07966476677696,94.86854553222656,4240376.0
2020-09-24T00:00:00,93.58381126839285,93.98951866952511,92.23144409329177,93.20063781738281,5312928.0
2020-09-25T00:00:00,93.26823868267807,94.4853744506836,92.02856896811205,94.4853744506836,5360928.0
2020-09-28T00:00:00,95.65743004221326,98.85803488158086,95.52219195857195,98.4297866821289,5776196.0
2020-09-29T00:00:00,98.20439711037753,99.5342234296934,97.70852640490618,98.85803985595703,4474944.0
2020-09-30T00:00:00,98.33962110271622,98.61009726375174,96.4012338364415,96.64916229248047,7592248.0
2020-10-01T00:00:00,96.94219141123702,98.09170492174484,96.1307697050847,96.716796875,4610556.0
2020-10-02T00:00:00,95.56728138063204,95.56728138063204,92.9527034388591,94.71078491210938,5054236.0
2020-10-05T00:00:00,95.13902308998185,96.94217915184933,94.71077490098722,96.55900573730469,4962088.0
2020-10-06T00:00:00,96.71678156953159,96.87455359283278,95.1390200655539,95.47711181640625,4463020.0
2020-10-07T00:00:00,95.25172863536949,97.28027938155272,95.04887493645018,95.54473876953125,4886092.0
2020-10-08T00:00:00,96.15330199478427,96.42377128715039,94.50791789928769,95.29679870605469,3048532.0
2020-10-09T00:00:00,95.40948799375926,96.8745522267938,95.02632147529289,96.2659912109375,3091336.0
2020-10-12T00:00:00,96.46884875690695,97.77613414286913,96.04060057036723,97.66343688964844,3106776.0
2020-10-13T00:00:00,97.59581614978906,98.27199963350584,96.58154092421388,97.14502716064453,3661696.0
2020-10-14T00:00:00,97.12248812723925,97.23518537660446,95.79266196042862,96.40122985839844,4743324.0
2020-10-15T00:00:00,95.29679484417457,95.31933567058198,93.56126126671613,93.89935302734375,4957144.0
2020-10-16T00:00:00,94.32759511214736,95.34187032840701,93.47109879203683,94.44029235839844,8106296.0
2020-10-19T00:00:00,94.59807009678455,95.00377742692544,93.76410773333566,94.16981506347656,2606784.0
2020-10-20T00:00:00,93.89935397488269,95.04886734831524,93.8317314949781,94.30506134033203,3499164.0
2020-10-21T00:00:00,94.57554140625106,94.57554140625106,91.37493648985351,91.66795349121094,5893124.0
2020-10-22T00:00:00,89.52669970248019,91.39747133349428,89.16606712053324,91.05937957763672,5384612.0
2020-10-23T00:00:00,90.63114455901777,91.89335533990607,90.40575002237684,91.7130355834961,3926124.0
2020-10-26T00:00:00,90.38319940189847,91.03684211164968,89.36892409688963,89.61685943603516,4011052.0
2020-10-27T00:00:00,89.86479515304104,90.20288692279891,88.78289736271904,89.8873291015625,4101688.0
2020-10-28T00:00:00,87.994023810292,89.30131622140233,87.6559320127024,88.377197265625,5655964.0
2020-10-29T00:00:00,88.1067188394321,89.63940574335925,88.1067188394321,88.85052490234375,3912016.0
2020-10-30T00:00:00,87.81370360537738,89.21114545832168,87.4530710090227,88.55750274658203,2721128.0
2020-11-02T00:00:00,88.24195773456046,90.94669207125197,87.74608702143563,90.49590301513672,5732848.0
2020-11-03T00:00:00,91.98350668908382,91.98350668908382,90.7212959780382,91.19462585449219,3649816.0
2020-11-04T00:00:00,89.79717213743642,92.6146035353134,89.23368585786102,92.00604248046875,5071200.0
2020-11-05T00:00:00,92.70475757860835,94.50791362684576,92.50190389888053,93.8542709350586,4628304.0
2020-11-06T00:00:00,93.49363947838187,94.46283999310648,92.27651050682712,94.12474822998047,3326184.0
2020-11-09T00:00:00,95.7926735754934,98.56502349463318,94.86855464294844,97.75360870361328,6840060.0
2020-11-10T00:00:00,98.09169152718344,98.63263696458631,94.62061064031828,94.91362762451172,6082008.0
2020-11-11T00:00:00,94.66568883792426,97.48312005333868,94.5529915893077,97.4155044555664,5766364.0
2020-11-12T00:00:00,96.91963222491994,98.18184276447818,96.51392488793418,97.09994506835938,5118300.0
2020-11-13T00:00:00,96.51393264207951,98.63263967593781,96.49139181521508,98.20439147949219,6252876.0
2020-11-16T00:00:00,99.03834673066747,99.03834673066747,97.32534707183613,98.24946594238281,5516672.0
2020-11-17T00:00:00,98.38470194823135,99.26373914664038,97.93391293586832,98.81295013427734,4884652.0
2020-11-18T00:00:00,98.24946073374122,99.44405570548109,97.39296438897952,98.88056945800781,4916876.0
2020-11-19T00:00:00,98.49739345185318,99.91737600651203,98.15930171231594,99.3088150024414,5075908.0
2020-11-20T00:00:00,98.72279087023789,100.72880054190232,98.72279087023789,100.30055236816406,4190204.0
2020-11-23T00:00:00,100.706267126764,101.3824506756326,100.12024688720703,100.12024688720703,3245836.0
2020-11-24T00:00:00,100.63865263644816,100.7738907234167,99.24120386859786,99.3764419555664,4603372.0
2020-11-25T00:00:00,99.69198929943046,100.52595174015244,99.08342824783122,99.39897918701172,5312384.0
2020-11-26T00:00:00,99.46659663529432,100.00754897363976,98.49740297299908,98.65518188476562,3129348.0
2020-11-27T00:00:00,98.24618395769555,99.90483093261719,97.74632316024763,99.90483093261719,3925328.0
2020-11-30T00:00:00,99.24592667447348,99.51858310037967,98.10986978976595,98.20075988769531,7011176.0
2020-12-01T00:00:00,98.47339373524642,98.81421074651325,97.29189892321858,98.4279556274414,5020272.0
2020-12-02T00:00:00,98.10985823578254,99.92754903725282,97.79176373231326,98.90509796142578,5165788.0
2020-12-03T00:00:00,98.83693985104404,99.24591751823085,97.70088307114698,98.35979461669922,4183564.0
2020-12-04T00:00:00,98.01897223392596,99.54129100949262,98.01897223392596,99.38224029541016,3333032.0
2020-12-07T00:00:00,99.5640215379709,99.88211605777832,98.74605924850864,99.15503692626953,4328604.0
2020-12-08T00:00:00,99.06416728844803,101.10906982421875,98.35981058378316,101.10906982421875,4836976.0
2020-12-09T00:00:00,101.83613734314893,101.83613734314893,100.20021272909761,101.22266387939453,6659140.0
2020-12-10T00:00:00,101.33627756956618,101.33627756956618,97.49640655517578,97.49640655517578,6669620.0
2020-12-11T00:00:00,97.11013356784984,97.70088448875599,96.01952181690037,97.15557861328125,7050252.0
2020-12-14T00:00:00,97.90537112316102,98.45067698637037,96.72387624186415,97.17829895019531,4033744.0
2020-12-15T00:00:00,96.97380393778316,98.04170008423507,96.56482627068345,97.31462097167969,4107976.0
2020-12-16T00:00:00,99.33681638443025,100.54103390394063,97.47368032721025,98.72334289550781,5526960.0
2020-12-17T00:00:00,99.83667508887943,99.85939761278085,97.17830620699239,97.405517578125,5757444.0
2020-12-18T00:00:00,97.29190791331763,98.79149735430698,97.08741214050956,97.81449127197266,7077900.0
2020-12-21T00:00:00,96.29218255380253,97.15558998043447,95.33789889355616,96.2240219116211,4862276.0
2020-12-22T00:00:00,96.65569534638591,97.58726315678922,96.42848402355288,97.38277435302734,2216332.0
2020-12-23T00:00:00,97.31461428678216,97.31461428678216,95.79230246698168,96.042236328125,2942972.0
2020-12-28T00:00:00,96.26947121224197,97.36008313893818,95.61055261700726,96.92838287353516,1719956.0
2020-12-29T00:00:00,96.92836691170639,97.7008841437292,96.67843303059715,97.67816162109375,3079772.0
2020-12-30T00:00:00,97.29191307900214,97.67816825427336,95.6787109375,95.6787109375,5220012.0
2021-01-04T00:00:00,96.24675694506853,99.35954917551638,96.11042870904741,98.63247680664062,5354800.0
2021-01-05T00:00:00,97.61001032548089,100.54103574341599,97.26919325516423,98.9278335571289,4499320.0
2021-01-07T00:00:00,103.4493328439433,104.6535572519968,101.15450357946185,102.0406265258789,6881168.0
2021-01-08T00:00:00,103.04035510271592,106.15315360927389,102.81314373534498,104.72171783447266,5939496.0
2021-01-11T00:00:00,104.26729291336603,107.10743494594814,104.22185480120903,105.78961181640625,5768536.0
2021-01-12T00:00:00,105.97137778143929,106.81206259387149,105.15341549198048,106.31219482421875,5072072.0
2021-01-13T00:00:00,106.40308455598037,107.06200309321578,105.76689547706313,105.94866180419922,3542180.0
2021-01-14T00:00:00,105.83505650089978,108.87969449605163,104.76716719069749,105.42607879638672,6594032.0
2021-01-15T00:00:00,105.47152469809072,105.97138557054373,103.2675715525458,103.63111114501953,3942104.0
2021-01-18T00:00:00,103.5175054557428,104.38090592066953,103.38117724182253,103.63111114501953,2044676.0
2021-01-19T00:00:00,104.24457962432407,104.42635289087515,102.15423906354515,102.7904281616211,5273284.0
2021-01-20T00:00:00,103.38118044973028,105.17614900921208,103.15396906412649,104.26730346679688,4444776.0
2021-01-21T00:00:00,105.03981303131769,106.65301513671875,104.13096755604282,106.65301513671875,4010144.0
2021-01-22T00:00:00,106.15315932246058,106.9029541015625,105.49424077446922,106.9029541015625,3959668.0
2021-01-25T00:00:00,107.5845798373835,108.37981960386891,105.97137778143929,106.31219482421875,4107396.0
2021-01-26T00:00:00,106.31218657821114,108.5161393908136,105.7441582176373,107.81178283691406,4828188.0
2021-01-27T00:00:00,107.81179716429394,107.81179716429394,103.83559811187003,105.06253814697266,6488296.0
2021-01-28T00:00:00,104.19913373227665,105.58512445030655,102.01790323402605,105.17613983154297,5584916.0
2021-01-29T00:00:00,102.24511355199618,105.83505032091227,102.0179021885473,103.47205352783203,10226680.0
2021-02-01T00:00:00,105.58512048906589,107.67546081542969,104.65355253754034,107.67546081542969,6747556.0
2021-02-02T00:00:00,108.42524937524108,109.51586098491757,107.33463083162508,108.40252685546875,4842776.0
2021-02-03T00:00:00,109.87941633514507,109.87941633514507,107.90267470703887,108.17533111572266,3731740.0
2021-02-04T00:00:00,108.4252700805664,108.60703640557682,107.44825701529818,108.4252700805664,4113616.0
2021-02-05T00:00:00,108.76608204340519,109.01600899509718,106.72117978013287,106.83478546142578,3801880.0
2021-02-08T00:00:00,107.49368466146409,107.76633410484072,107.01653946813033,107.40280151367188,2953844.0
2021-02-09T00:00:00,107.63002669344888,108.53887215614571,106.72118123075205,107.26648712158203,4682928.0
2021-02-10T00:00:00,107.94813151108711,107.94813151108711,105.67601763770679,106.72119140625,3115372.0
2021-02-11T00:00:00,106.7211790558864,107.40281313901804,106.33491696853561,107.2892074584961,3063812.0
2021-02-12T00:00:00,107.47098146996511,112.24242039357878,107.06200376437461,111.83344268798828,6495496.0
2021-02-15T00:00:00,112.6286740961803,112.83316293370197,111.53805540616403,112.28785705566406,3196936.0
2021-02-16T00:00:00,112.62867734455514,114.1509893424025,112.0379264038341,113.96922302246094,3814644.0
2021-02-17T00:00:00,113.26487525947994,114.15099827291631,111.28813343924854,111.94705200195312,6660016.0
2021-02-18T00:00:00,111.42444006751928,112.92403630259116,111.42444006751928,112.90131378173828,4995120.0
2021-02-19T00:00:00,113.35575059229537,115.96868133544922,113.10581669964033,115.96868133544922,5810232.0
2021-02-22T00:00:00,114.83261429006141,115.33248203096841,113.6511194367341,113.8328857421875,4756756.0
2021-02-23T00:00:00,114.19644117308161,114.19644117308161,109.5613303998213,111.219970703125,6091700.0
2021-02-24T00:00:00,111.10635341909476,112.65138787097843,110.44744187149556,112.37873840332031,5357488.0
2021-02-25T00:00:00,113.31031556413016,113.92378211668822,111.08363992723179,111.46990203857422,3646008.0
2021-02-26T00:00:00,110.19751633380393,110.78826729269085,109.3568314768563,109.53860473632812,4712912.0
2021-03-01T00:00:00,110.74282708978383,112.76500701904297,110.24296620573232,112.76500701904297,3717888.0
2021-03-02T00:00:00,113.33302883842035,114.51453073866543,112.46962840404639,113.87834167480469,3239728.0
2021-03-03T00:00:00,114.37819265463646,114.83261535642995,112.19696229923962,113.15125274658203,3221904.0
2021-03-04T00:00:00,112.76499351357756,112.76499351357756,109.67492461078969,110.28839111328125,4894164.0
2021-03-05T00:00:00,109.47044534545022,109.83398495762339,107.92541066114096,107.97085571289062,4842300.0
2021-03-08T00:00:00,108.44798842985224,110.94731359900732,107.22104836996432,110.62921905517578,4667244.0
2021-03-09T00:00:00,110.49287605968229,112.62866828384983,109.22049805456982,112.49234008789062,3549820.0
2021-03-10T00:00:00,112.49234916120899,112.96949441858142,111.33356980300186,112.62867736816406,3394656.0
2021-03-11T00:00:00,113.10581208362859,116.37766121041882,112.83316261235635,116.2413330078125,5918720.0
2021-03-12T00:00:00,116.24133775178939,116.24133775178939,114.42364680003018,115.96868133544922,4488212.0
2021-03-15T00:00:00,116.46853481085506,116.92295752001623,113.74200548982832,114.10554504394531,3918596.0
2021-03-16T00:00:00,114.01466003652178,114.92350549535077,113.74201055923741,114.6508560180664,4754896.0
2021-03-17T00:00:00,114.51453915111018,114.69630548729735,113.31032157250239,114.0146713256836,6318440.0
2021-03-18T00:00:00,114.3327618831039,114.60541136131552,112.4696259125918,113.37847137451172,5124836.0
2021-03-19T00:00:00,112.4696371984678,113.58297161425023,111.67439733948873,112.44691467285156,7508676.0
2021-03-22T00:00:00,111.56077225431949,113.8783307855209,111.10634955674588,113.8328857421875,4697364.0
2021-03-23T00:00:00,113.49207594919095,115.83235021720967,113.15125890429849,115.10527801513672,4621616.0
2021-03-24T00:00:00,115.69603181445918,118.33167814647834,114.92350761306662,117.01385498046875,5696520.0
2021-03-25T00:00:00,116.55942936166467,117.92269754133326,115.5142557037973,116.74119567871094,4330344.0
2021-03-26T00:00:00,117.69548182366789,119.42228257354246,117.10473784815305,118.87698364257812,5793420.0
2021-03-29T00:00:00,119.42229024305828,120.64923718531577,119.19507887359441,119.46773529052734,4922768.0
2021-03-30T00:00:00,120.46746033796225,121.46718195552776,119.74038124562718,121.28541564941406,4451464.0
2021-03-31T00:00:00,121.46719472842405,121.46719472842405,120.37658290917815,120.78556060791016,4539964.0
2021-04-01T00:00:00,122.01250384159123,123.14856067438072,121.10365837535963,122.46692657470703,2644772.0
2021-04-06T00:00:00,124.37552317757931,124.37552317757931,122.19428546471929,124.330078125,5184480.0
2021-04-07T00:00:00,124.28461826613999,124.6481509077001,122.28516100179664,122.6032485961914,4244572.0
2021-04-08T00:00:00,123.37575406906613,124.96623340328982,123.37575406906613,124.8753433227539,3850528.0
2021-04-09T00:00:00,125.3752469904502,125.69334849568546,124.33008010390554,125.64790344238281,2998048.0
2021-04-12T00:00:00,125.46611312509643,125.5569893464554,123.87563363856864,124.23916625976562,3197732.0
2021-04-13T00:00:00,124.23916590373365,125.46611276554839,123.73929815010985,124.46637725830078,4197824.0
2021-04-14T00:00:00,124.51183660608454,124.51183660608454,122.87591189169824,123.05767822265625,3849944.0
2021-04-15T00:00:00,123.46667878521177,124.69361200935771,123.37578867917883,123.64844512939453,3951480.0
2021-04-16T00:00:00,123.64841419417247,126.78392791748047,123.42120285381856,126.78392791748047,5454112.0
2021-04-19T00:00:00,127.05661234344107,127.23837868226778,123.83020782470703,123.83020782470703,4652364.0
2021-04-20T00:00:00,123.83019330805598,124.8753600346963,120.33113275733645,120.6946792602539,7875724.0
2021-04-21T00:00:00,120.9673216956978,122.83044356987294,120.9673216956978,122.69412231445312,3964620.0
2021-04-22T00:00:00,122.92134745642142,123.64842659203191,122.28515841321763,123.01223754882812,3164416.0
2021-04-23T00:00:00,122.69412894572278,124.14828713223159,122.10338498313621,123.96650695800781,2808964.0
2021-04-26T00:00:00,123.73931274962072,124.19373551237054,122.3760444613713,122.8304672241211,2786340.0
2021-04-27T00:00:00,122.92134459507704,125.87509224708444,120.74012110690079,123.330322265625,5454768.0
2021-04-28T00:00:00,123.89075943547373,123.89075943547373,119.77326724499507,120.9170150756836,4949920.0
2021-04-29T00:00:00,122.28951986170506,122.28951986170506,119.13277845061562,119.45303344726562,4715284.0
2021-04-30T00:00:00,119.7275270445719,119.91052390290261,117.34852600097656,117.34852600097656,3013128.0
2021-05-03T00:00:00,117.25702476193888,119.4072763186672,117.25702476193888,118.35503387451172,3885468.0
2021-05-04T00:00:00,119.27003649864065,119.27003649864065,115.70153467651492,116.06753540039062,6123728.0
2021-05-05T00:00:00,117.57726692213166,120.00200653076172,116.61651603430613,120.00200653076172,5494572.0
2021-05-06T00:00:00,120.36803021278968,120.36803021278968,118.03478173497759,119.36152648925781,4738728.0
2021-05-07T00:00:00,120.2765265962043,120.50527617663138,118.30928578923799,119.54452514648438,4048888.0
2021-05-10T00:00:00,120.23076010191275,124.16525522647622,118.12627537270035,119.63601684570312,3848160.0
2021-05-11T00:00:00,118.72103622526458,118.9955385233411,115.79304428990429,116.43354034423828,4239256.0
2021-05-12T00:00:00,116.47928721080059,118.03478153951069,115.97603534986806,116.61653137207031,2060452.0
2021-05-14T00:00:00,118.03476996631512,119.72752225208835,117.07401904632937,119.63601684570312,4104832.0
2021-05-17T00:00:00,119.86477643355582,119.86477643355582,116.89103198005158,117.8060302734375,3067376.0
2021-05-18T00:00:00,118.7667700614364,119.04127231589045,117.85177185443268,118.12627410888672,3275500.0
2021-05-19T00:00:00,116.433524088433,116.70802634818504,114.3061560084433,115.01527404785156,5525052.0
2021-05-20T00:00:00,115.79301833540733,116.84526062011719,115.15251544375583,116.84526062011719,3460088.0
2021-05-21T00:00:00,117.48577856420687,118.17202730339444,116.25053921072903,117.394287109375,2822088.0
2021-05-24T00:00:00,117.5772824357884,118.08053429693295,116.98253214013114,117.30278015136719,1255588.0
2021-05-25T00:00:00,117.30279107126398,118.72104137132891,117.30279107126398,118.26354217529297,2343888.0
2021-05-26T00:00:00,118.7210266168281,118.76677932309909,115.97603178175693,116.25053405761719,2563132.0
2021-05-27T00:00:00,116.15903371381734,117.53153119124353,115.79303997121022,116.02178955078125,6850580.0
2021-05-28T00:00:00,116.15902787264652,116.66227971474954,115.0610327382726,116.20478057861328,3245144.0
2021-05-31T00:00:00,116.0217776796874,116.70802634818504,115.01527404785156,115.01527404785156,3298688.0
2021-06-01T00:00:00,115.93027692717038,118.49227485144664,115.83877849720682,117.48577117919922,3467292.0
2021-06-02T00:00:00,117.80603609563178,118.62952901567128,116.5707897346892,116.9367904663086,3175932.0
2021-06-03T00:00:00,117.66877176479777,117.66877176479777,115.38126932940374,117.25701141357422,3300168.0
2021-06-04T00:00:00,117.57728238625677,118.12628695486792,116.02178805754667,116.61653137207031,2361484.0
2021-06-07T00:00:00,116.75377814580024,117.53152528105534,115.79303414844375,116.20478057861328,2553768.0
2021-06-08T00:00:00,116.20479329427084,116.89104207356772,115.79304681904614,116.66229248046875,599836.0
2021-06-09T00:00:00,116.20478492649501,117.57728238625677,115.79303848091972,116.61653137207031,3385836.0
2021-06-10T00:00:00,117.0282863454123,117.0282863454123,116.20478646249359,116.70803833007812,3503984.0
2021-06-11T00:00:00,116.89103953540325,117.89754330789037,116.29628921008361,117.11978912353516,3196604.0
2021-06-14T00:00:00,117.66879195489899,118.90403133522439,117.02828892920621,117.62303924560547,2956732.0
2021-06-15T00:00:00,118.2177668173208,120.32226550829797,118.17201411412819,119.63601684570312,4061824.0
2021-06-16T00:00:00,119.63603642970925,121.78628817586784,119.63603642970925,120.7340316772461,4912024.0
2021-06-17T00:00:00,119.86477989883966,120.59678134706371,118.99553428734639,119.45303344726562,4026332.0
2021-06-18T00:00:00,119.54451235653569,121.78626917429082,119.04127450285014,119.0870132446289,5005736.0
2021-06-21T00:00:00,118.35504852252653,121.64903438262216,117.94328807346795,121.14578247070312,3209096.0
2021-06-22T00:00:00,121.46600921333057,122.01501370973496,119.63601284100167,120.00200653076172,4055548.0
2021-06-23T00:00:00,120.13928908792636,120.73403244527678,118.0347900390625,118.0347900390625,3998660.0
2021-06-24T00:00:00,118.5837752497907,120.00201132560166,118.26352028713121,119.68177032470703,3539056.0
2021-06-28T00:00:00,120.64252125092065,120.73401269613417,119.27002391683402,119.68177032470703,2906068.0
2021-06-29T00:00:00,119.49877733505564,122.24377209195494,119.36151922015148,122.10651397705078,3623608.0
2021-06-30T00:00:00,122.10652741317669,122.33527700142234,118.67528358949188,119.86478424072266,4213572.0
2021-07-01T00:00:00,120.87127080660176,121.46601406666669,118.67526669500423,119.68177032470703,2938148.0
2021-07-02T00:00:00,120.04778290231468,121.46603316285967,119.91053873203523,120.7340316772461,3792872.0
2021-07-05T00:00:00,120.73401384007504,120.87127195184313,119.17851963905836,120.50526428222656,1803624.0
2021-07-06T00:00:00,120.36801677493189,121.7862667863878,119.27002172023734,120.23075866699219,2742300.0
2021-07-07T00:00:00,120.87129132945047,123.5705337524414,120.6882804844201,123.5705337524414,3548152.0
2021-07-08T00:00:00,123.4332774309529,123.4332774309529,120.82554039218957,121.69478607177734,3141296.0
2021-07-09T00:00:00,122.7927787831674,124.80577241008481,122.51827647909522,124.21102905273438,4134768.0
2021-07-12T00:00:00,124.30253600230846,125.76652503907333,123.89077556025624,124.98878479003906,3055720.0
2021-07-13T00:00:00,125.12601470947267,125.85801612535472,124.43976599991431,125.12601470947266,3631244.0
2021-07-14T00:00:00,125.03449265375934,125.76649397220632,124.25675259684259,125.72074127197266,2397240.0
2021-07-15T00:00:00,125.81225146016197,126.49850010449013,124.71425642158981,125.40050506591797,2342496.0
2021-07-16T00:00:00,125.85802390920715,128.46576078974832,123.4790226508995,127.87101745605469,7898120.0
2021-07-19T00:00:00,128.1455212719418,129.42651337285753,126.36127728789245,127.27627563476562,3958724.0
2021-07-20T00:00:00,128.6487802366219,131.48526689100473,127.96253143869204,130.75326538085938,3899832.0
2021-07-21T00:00:00,131.89701495035135,132.12576455238926,129.42652204069546,130.1585235595703,3298636.0
2021-07-22T00:00:00,130.66175354280998,132.76625232063958,130.66175354280998,132.26300048828125,2404708.0
2021-07-23T00:00:00,132.35448212866353,134.09298706054688,131.8054915936722,134.09298706054688,2834696.0
2021-07-26T00:00:00,133.81848985029805,134.4589858127841,133.13224118439908,133.86424255371094,2209344.0
2021-07-27T00:00:00,133.40678230558586,134.6877746037214,131.94277914048618,133.22378540039062,2989304.0
2021-07-28T00:00:00,132.58323655408248,133.58974018124988,131.94274059214177,133.17799377441406,2534428.0
2021-07-29T00:00:00,133.90999539856023,134.4132332513391,132.76624762085393,133.2694854736328,2783852.0
2021-07-30T00:00:00,132.44598404402586,133.58973174734214,131.30223634070956,133.13223266601562,4082188.0
2021-08-02T00:00:00,133.9100173848371,134.32176386006176,133.08651047262055,133.81851196289062,2897996.0
2021-08-03T00:00:00,133.910027546948,134.50477094943207,132.67477406576631,134.04727172851562,2026772.0
2021-08-04T00:00:00,134.50473053286774,136.01447192353106,133.90998730909467,135.87722778320312,2585596.0
2021-08-05T00:00:00,135.83149194977588,136.88374834942508,135.32824010314067,136.65499877929688,3060148.0
2021-08-06T00:00:00,136.79224801354317,136.97524488408428,136.10599927768928,136.42625427246094,2281472.0
2021-08-09T00:00:00,136.19751989395803,137.5700175188413,135.8772648634448,137.11251831054688,1732568.0
2021-08-10T00:00:00,137.06676226101024,138.48501256455478,137.06676226101024,138.21051025390625,2055312.0
2021-08-11T00:00:00,138.62224179758837,139.948986533991,138.16474264974156,139.6744842529297,3602964.0
2021-08-12T00:00:00,139.6745043782399,140.1320035920065,138.94251680562772,139.35426330566406,2789380.0
2021-08-13T00:00:00,138.89674035697143,139.49148364853002,137.70723981208866,137.9359893798828,2294716.0
2021-08-16T00:00:00,137.75298206067657,137.75298206067657,135.73998880925458,136.33473205566406,2513900.0
2021-08-17T00:00:00,135.69423610681588,136.65498701097044,135.19098430351923,136.33473205566406,3422940.0
2021-08-18T00:00:00,136.65499882139304,136.83799568519882,134.18449229383475,134.687744140625,2475008.0
2021-08-19T00:00:00,133.086513775834,133.77276257216357,132.03427120616894,133.40676879882812,3861948.0
2021-08-20T00:00:00,133.91000074324936,137.15823339216863,133.4525016139069,137.06674194335938,3715584.0
2021-08-23T00:00:00,137.5700024545941,138.713750350087,135.46550353453387,137.20399475097656,2198204.0
2021-08-24T00:00:00,138.2104727163521,138.62221908961206,136.70071739871395,137.56997680664062,2077360.0
2021-08-25T00:00:00,137.4784869072082,137.79874187905259,136.746485515682,137.66148376464844,1399804.0
2021-08-26T00:00:00,136.97524004905907,137.52424460306963,136.19749988627083,136.74649047851562,1619828.0
2021-08-27T00:00:00,136.88375525433676,137.61574274625852,135.9230042189814,137.29550170898438,1918092.0
2021-08-30T00:00:00,137.15825905951348,137.61575827447086,136.74651255840547,137.3870086669922,1719756.0
2021-08-31T00:00:00,138.16475061205153,138.8052466635951,135.32825014722985,135.51126098632812,4899312.0
2021-09-01T00:00:00,136.65498832345992,137.2954842784597,133.58973873356607,135.05374145507812,2543648.0
2021-09-02T00:00:00,134.91649384707037,136.15174711209693,134.27599784222042,136.06024169921875,2479952.0
2021-09-03T00:00:00,136.06024827976245,136.4719947340968,134.87074766364486,135.23675537109375,2638916.0
2021-09-06T00:00:00,135.60276452101203,137.84450788194957,135.60276452101203,137.3870086669922,2037072.0
2021-09-07T00:00:00,136.9294839080131,137.11249472927005,134.96224323538988,135.78573608398438,3085900.0
2021-09-08T00:00:00,134.41325377629707,134.41325377629707,132.21726329247826,133.7270050048828,4542336.0
2021-09-09T00:00:00,132.49174367331435,136.19748921820798,131.85124771831457,135.05374145507812,3227636.0
2021-09-10T00:00:00,135.41975558465506,137.2039995719644,135.0995005779576,136.197509765625,3553152.0
2021-09-13T00:00:00,136.79224491740885,138.25624777213432,136.2432403564453,136.2432403564453,3365436.0
2021-09-14T00:00:00,135.28249997817673,137.98174208579476,135.28249997817673,137.9359893798828,3494472.0
2021-09-15T00:00:00,138.30198964771523,139.07974379972282,136.19750469384297,136.42625427246094,3912632.0
2021-09-16T00:00:00,136.65499551930424,138.16473706142824,135.87724141471585,137.06674194335938,3274680.0
2021-09-17T00:00:00,138.21049996590793,138.62224642034775,135.7857460243997,135.92300415039062,4748996.0
2021-09-20T00:00:00,133.58977288440266,134.00151939203516,129.19777755886315,129.2435302734375,5148400.0
2021-09-21T00:00:00,129.014743473328,130.7074956922582,128.5114916816111,128.69448852539062,3984184.0
2021-09-22T00:00:00,129.7467551854462,130.43300387581868,128.2369996895675,129.6094970703125,3789688.0
2021-09-23T00:00:00,130.9362438941547,132.2629884501506,130.2499952656985,131.8512420654297,3098396.0
2021-09-24T00:00:00,131.21073524406106,131.43948479222837,128.6944902142207,129.4722442626953,2792452.0
2021-09-27T00:00:00,130.2500220812867,130.66176855077708,126.91026969149371,127.45927429199219,2887156.0
2021-09-28T00:00:00,126.72726666168327,127.27627123553788,121.69477592782582,122.15227508544922,6835620.0
2021-09-29T00:00:00,122.15228682948089,123.52478443430651,120.91703340043077,121.10004425048828,4376968.0
2021-09-30T00:00:00,121.69477158550914,122.38102029745751,120.41377957457853,121.74052429199219,5337472.0
2021-10-01T00:00:00,119.77327483924209,122.60977522390465,119.17853151428045,121.603271484375,4694116.0
2021-10-04T00:00:00,121.1000376310428,123.29602809402178,120.36803615612752,121.2372817993164,5207636.0
2021-10-05T00:00:00,121.78629391926486,124.66853332519531,120.96278697345065,124.66853332519531,4895728.0
2021-10-06T00:00:00,123.75351268016156,124.21101180282389,120.64252423076377,122.655517578125,4379164.0
2021-10-07T00:00:00,123.79928762830897,125.08027981721857,122.38103730087981,124.66853332519531,4103456.0
2021-10-08T00:00:00,124.66849894826197,125.26324216587841,121.69475493665205,122.33525085449219,2443664.0
2021-10-11T00:00:00,122.15226917537463,122.70127372266681,120.68826635710583,121.64901733398438,2042648.0
2021-10-12T00:00:00,120.0020269595911,122.7927746948351,119.59028049807534,122.51827239990234,2352276.0
2021-10-13T00:00:00,122.33528786453724,125.03453045316961,121.2372925358118,124.25679016113281,4469848.0
2021-10-14T00:00:00,125.21752427326315,126.17826132908209,123.93651826256091,126.13252258300781,3040992.0
2021-10-15T00:00:00,127.00174894669887,127.96249981874955,125.90375393368271,127.18474578857422,4372764.0
2021-10-18T00:00:00,126.31552556672953,127.50502621932695,125.6750295112592,126.7272720336914,3350348.0
2021-10-19T00:00:00,127.50500591449259,128.09974916519656,126.68149914994325,127.64225006103516,2723344.0
2021-10-20T00:00:00,127.55076245374792,127.91677016520804,125.76651849090048,127.87101745605469,4368912.0
2021-10-21T00:00:00,124.76002239868487,126.910260002651,120.73402154651345,123.84502410888672,7216536.0
2021-10-22T00:00:00,124.04079148824277,128.83108973663744,122.70504119289728,128.41653442382812,4792080.0
2021-10-25T00:00:00,128.41649507687342,129.199528142775,126.29772618143167,127.26498413085938,2906752.0
2021-10-26T00:00:00,127.26499521043488,129.56801730296198,126.66621508899036,127.8177261352539,3396924.0
2021-10-27T00:00:00,127.90983643552707,128.55467972842743,124.96195728536047,125.42256164550781,3892248.0
2021-10-28T00:00:00,124.77773775453402,126.9886474609375,124.77773775453402,126.9886474609375,4088924.0
2021-10-29T00:00:00,126.5740894659155,127.40318585892952,124.77773503251561,127.08075714111328,4624788.0
2021-11-01T00:00:00,127.4952996235409,128.1401570658204,126.62015402455931,126.85045623779297,2642888.0
2021-11-02T00:00:00,126.71228461952005,127.12682580540518,125.79107573687217,126.52804565429688,3565732.0
2021-11-03T00:00:00,126.66619464048593,127.58740332878037,126.15952705061818,127.21892547607422,3028268.0
2021-11-04T00:00:00,127.35713195800781,127.86379967041307,125.69895310674173,127.35713195800781,2813648.0
2021-11-05T00:00:00,126.52806983476977,126.94261109987688,125.3765585113974,125.92927551269531,2376728.0
2021-11-08T00:00:00,125.92925600329552,130.48923732609495,125.6068413166217,129.8904571533203,3351976.0
2021-11-09T00:00:00,129.6140794999678,130.76559053684835,127.77166184095893,128.1862030029297,3008932.0
2021-11-10T00:00:00,128.6468209004301,129.19955187867387,126.75835384725139,128.14016723632812,3260800.0
2021-11-11T00:00:00,128.4165172651377,131.31833378439737,128.09410257846386,129.8904571533203,2354024.0
2021-11-12T00:00:00,129.5680244639516,130.58135986328125,128.96924430941357,130.58135986328125,2630632.0
2021-11-15T00:00:00,129.9825783984401,130.90378727707815,129.52197395912108,130.81166076660156,1938664.0
2021-11-16T00:00:00,130.99590233285102,132.19347671017294,129.79832795552906,131.8710479736328,2423872.0
2021-11-17T00:00:00,131.77892976154072,132.56194885581257,130.35105322235697,132.51589965820312,3778908.0
2021-11-18T00:00:00,132.42378904108415,132.42378904108415,130.71954682907253,131.27227783203125,2846444.0
2021-11-19T00:00:00,131.27225820360374,133.20680236816406,130.85771704163542,133.20680236816406,4186552.0
2021-11-22T00:00:00,133.2528767006879,135.4637867424611,133.2528767006879,134.12803649902344,3151084.0
2021-11-23T00:00:00,133.39106005825786,133.75953801919968,129.61409770420465,129.9825897216797,3455008.0
2021-11-24T00:00:00,130.3510623595864,132.6080214053893,129.52197995305718,130.90379333496094,3145856.0
2021-11-25T00:00:00,130.94983983785235,133.85165631398397,130.94983983785235,132.88438415527344,2191176.0
2021-11-26T00:00:00,128.55471734740593,130.0747065580749,126.57410958526923,127.5413818359375,5982884.0
2021-11-29T00:00:00,128.55472421360938,130.25895250196933,127.95592990429283,128.41653442382812,4212412.0
2021-11-30T00:00:00,126.02137171438903,130.62741589944324,125.1001628773782,127.8177261352539,3913008.0
2021-12-01T00:00:00,128.5086351908266,130.25892639160156,128.18620646916887,130.25892639160156,3478048.0
2021-12-02T00:00:00,128.46258447658263,129.66015891552823,127.4953122737215,129.19955444335938,3880100.0
2021-12-03T00:00:00,131.0419577590315,131.5946886867788,128.4625701904297,128.4625701904297,3463020.0
2021-12-06T00:00:00,130.3510347536097,132.3776911398864,129.8443671429081,131.96315002441406,4041552.0
2021-12-07T00:00:00,133.57529313624926,137.9049722403936,133.0225621627276,137.2140655517578,4827356.0
2021-12-08T00:00:00,136.75347393938495,139.2407354408223,136.43105922165327,138.1813507080078,5475452.0
2021-12-09T00:00:00,138.78011701333085,139.19467226908571,135.83225130532094,136.43104553222656,4252388.0
2021-12-10T00:00:00,136.01649475097656,136.89165449166455,135.50984107777774,136.01649475097656,2719028.0
2021-12-13T00:00:00,136.38499182508153,138.36558550256686,136.0164998004454,136.84559631347656,3449708.0
2021-12-14T00:00:00,137.49044618260572,138.7801331875006,132.97652760893953,133.1607666015625,4574684.0
2021-12-15T00:00:00,133.25284990715807,136.93768517932594,133.25284990715807,136.2007293701172,5086716.0
2021-12-16T00:00:00,138.64196037515657,139.6092326774529,137.12197108335832,138.78013610839844,6053576.0
2021-12-17T00:00:00,138.68800147764398,139.51708385768606,135.3716438444113,136.38497924804688,5330924.0
2021-12-20T00:00:00,133.34498283542428,135.46376603029867,133.02255411096428,135.04922485351562,2857156.0
2021-12-21T00:00:00,137.07588719572993,137.85890632717857,135.97043932651684,137.67466735839844,3960180.0
2021-12-22T00:00:00,138.0891985030428,140.02374267578125,137.30617942857728,140.02374267578125,3076656.0
2021-12-23T00:00:00,140.4843518734735,143.5704071929789,140.02374744110148,143.3861541748047,3265796.0
2021-12-27T00:00:00,142.8334129414959,143.66249515582174,142.00431667064072,143.47825622558594,1811748.0
2021-12-28T00:00:00,143.24797014822573,144.58372011322132,142.87949224634107,144.49160766601562,1500116.0
2021-12-29T00:00:00,144.90614622161382,145.32068736793414,143.98493742688842,144.95220947265625,1925964.0
2021-12-30T00:00:00,144.95220422933684,145.04431667155902,143.93886896918173,144.12310791015625,2744924.0
2022-01-03T00:00:00,144.7679548714495,147.25522983499377,144.30735047916804,146.19583129882812,2474968.0
2022-01-04T00:00:00,146.287927034537,148.86731390015643,146.10368812767726,148.4527587890625,2505356.0
2022-01-05T00:00:00,149.65038694491793,149.69645020244062,146.93282342947248,147.0709991455078,1623044.0
2022-01-07T00:00:00,145.59705845220222,146.01159961456509,140.66858558707918,141.2673797607422,5888800.0
2022-01-10T00:00:00,142.55707007675218,143.47827893023685,134.95709703550366,135.27952575683594,3801180.0
2022-01-11T00:00:00,135.97044100808617,138.31951248801573,135.8783144942906,137.95103454589844,3104844.0
2022-01-12T00:00:00,139.5631335241899,142.0503944786614,139.14859237453314,141.4516143798828,3761892.0
2022-01-13T00:00:00,141.45161832175978,142.5570661038273,138.319499873282,139.01040649414062,3020948.0
2022-01-14T00:00:00,137.44436807005334,137.81286007201945,133.48316690224652,133.9437713623047,3340184.0
2022-01-17T00:00:00,134.81891919474106,135.41769931740959,133.1146772201747,134.49649047851562,3657176.0
2022-01-18T00:00:00,133.66738692172086,134.08192802209388,130.90376084386196,131.64071655273438,3275764.0
2022-01-19T00:00:00,130.81166542900934,134.17407233326875,130.39712423015345,132.65408325195312,3623668.0
2022-01-20T00:00:00,132.93045501484573,135.18741414323884,130.94984732771997,134.7728729248047,3112684.0
2022-01-21T00:00:00,132.56196495038427,133.5753004383923,131.08803903463925,133.29893493652344,3867048.0
2022-01-24T00:00:00,132.4237742377087,133.71346102506325,124.31713342089392,125.23834228515625,6083672.0
2022-01-25T00:00:00,126.20560804263566,127.95589917389923,118.23715739102327,118.8359375,11415384.0
2022-01-26T00:00:00,122.19836609008551,125.46866079419344,120.07959667237074,124.50138854980469,6450708.0
2022-01-27T00:00:00,121.55350122081725,122.84320200520936,120.44805344600336,120.86259460449219,4871444.0
2022-01-28T00:00:00,120.81653780874795,122.19835111524463,117.77655275141478,121.46139526367188,5684148.0
2022-01-31T00:00:00,124.08683851717892,126.34379755631628,122.98139062622721,125.10017395019531,5703816.0
2022-02-01T00:00:00,126.20562744140625,128.09410861953685,125.74502296169308,126.20562744140625,4378344.0
2022-02-02T00:00:00,127.90986368138854,128.5086438545134,125.83714361921896,128.37046813964844,4443628.0
2022-02-03T00:00:00,127.95591725615812,128.2322827518681,124.0868424858172,124.40927124023438,4665400.0
2022-02-04T00:00:00,124.36319919419697,125.83713902948173,120.67836366251706,121.36927032470703,4845964.0
2022-02-07T00:00:00,122.0141174072224,122.84321386074683,120.17169958587806,122.0601806640625,3662592.0
2022-02-08T00:00:00,121.87592353854498,122.843195561972,120.07956924162644,120.63228607177734,3963496.0
2022-02-09T00:00:00,122.24440892293484,124.96197215997834,121.9219942663714,123.76441192626953,4079160.0
2022-02-10T00:00:00,124.54743166989027,125.46864050481035,120.77048388063666,121.13896179199219,8378548.0
2022-02-11T00:00:00,119.5729170524963,120.30988697777,117.26989482134857,117.73049926757812,4586888.0
2022-02-14T00:00:00,114.73657141265632,115.33535157559841,113.12445583616203,114.598388671875,5051736.0
2022-02-15T00:00:00,114.96687708509569,118.00686936037262,114.22990713100845,117.68444061279297,7082224.0
2022-02-16T00:00:00,118.14502598920205,118.42139143440102,115.8420040400948,116.99351501464844,3338868.0
2022-02-17T00:00:00,117.17776268630722,118.0989715345589,115.51959097641364,115.74989318847656,3755348.0
2022-02-18T00:00:00,115.70383970723262,116.25656365721416,113.14748353176837,113.76930236816406,4285628.0
2022-02-21T00:00:00,114.66747579349543,115.24323135284043,110.77536961797651,112.0650634765625,3244832.0
2022-02-22T00:00:00,109.78507885935487,113.49293924130131,109.57780122406444,112.04203796386719,8005692.0
2022-02-23T00:00:00,112.13414279568475,113.60807550974526,111.00566339093213,111.16687774658203,4052624.0
2022-02-24T00:00:00,104.92568671080907,109.48566758923526,104.21174846484432,108.14991760253906,7278172.0
2022-02-25T00:00:00,109.99235235531054,113.19355211841817,108.95599226470448,112.84809875488281,7059888.0
2022-02-28T00:00:00,110.79840286847238,113.97657079128957,110.31476678588727,113.86141967773438,6705716.0
2022-03-01T00:00:00,113.83837705730268,114.2298936168926,110.36081938633632,110.40687561035156,5314328.0
2022-03-02T00:00:00,107.7584179581257,114.09172963263718,107.7584179581257,113.10143280029297,7510180.0
2022-03-03T00:00:00,111.92688142364894,112.4105175021204,108.26507744939266,108.42628479003906,6674760.0
2022-03-04T00:00:00,106.81416764038119,108.74871192576715,104.46508919540202,104.99478149414062,6211132.0
2022-03-07T00:00:00,99.83601559173727,109.85416248502577,99.83601559173727,108.05780792236328,9516500.0
2022-03-08T00:00:00,105.13295572605094,109.39354648384271,103.61295977978024,104.8565902709961,7342840.0
2022-03-09T00:00:00,108.21901299599294,109.83112855422134,104.34993846755121,109.78507232666016,8972012.0
2022-03-10T00:00:00,110.68324583707779,112.57171978145345,108.77173323730342,111.48930358886719,9219980.0
2022-03-11T00:00:00,111.62748201097158,114.34504522928377,110.84444888829957,113.30868530273438,7816772.0
2022-03-14T00:00:00,115.84200762853473,116.486850982954,113.76928781013152,114.41413116455078,5503664.0
2022-03-15T00:00:00,113.93050449693617,114.80565007132913,110.9826320334111,113.81535339355469,3493388.0
2022-03-16T00:00:00,117.6383783400782,121.7377552948144,116.02626270174677,120.72443389892578,7214052.0
2022-03-17T00:00:00,121.23109700424907,122.52078384314291,118.88201149519814,120.77049255371094,6752420.0
2022-03-18T00:00:00,120.90866977344751,122.33654639922139,120.81654325957857,122.19835662841797,7328600.0
2022-03-21T00:00:00,122.24441988535244,123.11956554097756,120.86260651651304,122.19835662841797,3216064.0
2022-03-22T00:00:00,122.65895911815676,122.65895911815676,120.58623909812874,121.7838134765625,3142964.0
2022-03-23T00:00:00,121.73774719973706,122.38260465741544,118.32927717379263,120.21775817871094,3354508.0
2022-03-24T00:00:00,120.21774534669369,121.00077842941842,117.5462384888919,118.23715209960938,3909828.0
2022-03-25T00:00:00,118.23715415681978,118.51350554938462,111.30504955835202,111.85778045654297,5783616.0
2022-03-28T00:00:00,112.34140829667193,114.41412805881176,111.65050170929199,113.60807037353516,3992384.0
2022-03-29T00:00:00,114.34504631322075,115.79594741283753,112.525660275018,113.70020294189453,6479456.0
2022-03-30T00:00:00,109.46263456322708,112.73292866575645,109.07112503405402,112.15717315673828,9897884.0
2022-03-31T00:00:00,113.30868898796464,113.93050777542442,111.00566685406292,113.2396011352539,9098852.0
2022-04-01T00:00:00,113.9305001645998,114.32200968424988,112.52565535111353,113.99958801269531,4316968.0
2022-04-04T00:00:00,113.58504880843883,115.0359498693588,111.60444846609607,113.65413665771484,3825780.0
2022-04-05T00:00:00,113.65414588898801,114.62141802700921,110.49900265482621,111.28203582763672,3850464.0
2022-04-06T00:00:00,111.46628541200138,112.2493116311431,105.82388046862529,107.29781341552734,7536788.0
2022-04-07T00:00:00,108.12689838956697,109.41659229997335,106.74508499161723,108.3572006225586,5261460.0
2022-04-08T00:00:00,109.73899271111739,110.08444599352386,108.40324283045177,109.39353942871094,4556628.0
2022-04-11T00:00:00,108.65658754404387,109.69294756226998,106.07720682675195,106.53781127929688,3973772.0
2022-04-12T00:00:00,104.9947866647305,108.35720067364679,103.75115601164266,107.59720611572266,4416624.0
2022-04-13T00:00:00,107.09053342389768,107.43598675752315,105.13296453335332,107.1365966796875,4139192.0
2022-04-14T00:00:00,106.2614416645111,106.97537994384766,105.82386885726157,106.97537994384766,2611580.0
2022-04-19T00:00:00,106.56084303915982,108.44931707996625,104.7644814550567,108.3111343383789,5303220.0
2022-04-20T00:00:00,108.56446723260606,111.42021341098851,108.19598226772243,109.80809783935547,5337176.0
2022-04-21T00:00:00,110.24567684060528,115.15111137382375,109.60082639995223,113.19354248046875,5777144.0
2022-04-22T00:00:00,111.16687753316442,112.22626205706233,110.03839110231269,110.91354370117188,4940256.0
2022-04-25T00:00:00,108.4262853177714,109.85416193196718,106.0081119419105,106.53781127929688,5286352.0
2022-04-26T00:00:00,107.57416283844776,109.71597056305458,100.18146055077214,100.22752380371094,10582360.0
2022-04-27T00:00:00,99.62345507661638,104.71150582405377,99.34466234029355,104.33977508544922,9498700.0
2022-04-28T00:00:00,103.45691331271313,105.7337596468941,102.34172819119426,103.71247863769531,6096608.0
2022-04-29T00:00:00,105.22263387481873,106.59338438486475,104.57211037213824,104.99030303955078,5332916.0
2022-05-02T00:00:00,104.17713384630315,104.17713384630315,94.09397810449786,100.9012680053711,6330440.0
2022-05-03T00:00:00,101.59828237976288,101.71444780992047,99.22851185865304,100.85482788085938,5159172.0
2022-05-04T00:00:00,100.45985472381719,101.8306052744153,98.81030432657978,100.97098541259766,3625864.0
2022-05-05T00:00:00,103.573093230699,103.573093230699,99.20527595448716,99.43760681152344,5006220.0
2022-05-06T00:00:00,98.6476708117052,99.46082870826159,96.254659033449,97.41631317138672,5909656.0
2022-05-09T00:00:00,96.57993035428791,98.8800041886715,95.37180718361452,97.85774993896484,6526972.0
2022-05-10T00:00:00,99.46083589755422,103.01549498051412,99.13557413345572,99.76286315917969,7486952.0
2022-05-11T00:00:00,100.4133928674971,101.66797799774932,99.27496606820793,101.48210906982422,6153640.0
2022-05-12T00:00:00,98.88001128503325,100.94775443423578,98.74061135684742,100.71542358398438,6112560.0
2022-05-13T00:00:00,102.74598490307322,102.74598490307322,98.47109901113275,100.83158111572266,4231108.0
2022-05-16T00:00:00,99.71639573403186,100.57137149246576,96.18496425851893,96.50093078613281,5113103.0
2022-05-17T00:00:00,97.5789468371944,99.73497661703782,97.24438988082436,99.04727935791016,5010603.0
2022-05-18T00:00:00,99.38184339642325,100.12529783786788,96.44517814571925,96.74256134033203,4620796.0
2022-05-19T00:00:00,95.03260435846775,97.17004373294138,93.39699333569828,96.55669403076172,5063473.0
2022-05-20T00:00:00,96.98418505015611,98.95435309805622,95.53444289784109,96.31507110595703,5241210.0
2022-05-23T00:00:00,98.2108976509564,99.3818471256344,97.26299089823841,98.8056640625,4493288.0
2022-05-24T00:00:00,97.39308651486884,98.37816696261163,97.11428668353541,97.70905303955078,3499773.0
2022-05-25T00:00:00,98.84283385644379,98.84283385644379,94.23339080810547,94.23339080810547,2554793.0
2022-05-27T00:00:00,97.46741790063639,99.5862808227539,95.738876124014,99.5862808227539,5165503.0
2022-05-30T00:00:00,100.75724160936014,104.28867337534899,100.16247519890356,102.39285278320312,4109548.0
2022-05-31T00:00:00,102.20698661020796,104.34442609158441,101.55645600182632,101.61221313476562,13647927.0
2022-06-01T00:00:00,101.76089962726714,102.22556126940077,100.385498046875,100.385498046875,3991391.0
2022-06-02T00:00:00,101.29624307999651,105.60830276866498,100.47844110117123,105.03211975097656,3759672.0
2022-06-03T00:00:00,105.58971960819223,105.88710279103336,104.08421325683594,104.08421325683594,2980525.0
2022-06-07T00:00:00,105.66406717855885,106.61198101198482,102.83893029702905,104.21432495117188,5376337.0
2022-06-08T00:00:00,106.37034168391635,106.48186302988036,104.45593799766492,105.1808090209961,3926278.0
2022-06-09T00:00:00,104.920616661727,104.920616661727,101.37060144284592,101.53787994384766,3786882.0
2022-06-10T00:00:00,100.77582770727336,100.94310619614515,97.52319593823555,98.15513610839844,3344953.0
2022-06-13T00:00:00,96.07344156381527,97.44884318699444,94.62369946411428,95.60877990722656,4684569.0
2022-06-14T00:00:00,96.40800183340144,96.61245410374707,93.17396056301902,93.26689147949219,4888485.0
2022-06-15T00:00:00,94.34490223028246,94.41924979902436,91.78926304871835,93.3969955444336,5421898.0
2022-06-16T00:00:00,92.95091487811523,93.7315501498703,90.59972802479652,92.3282699584961,4896960.0
2022-06-17T00:00:00,92.93233663816882,93.6386243818678,89.90274047851562,89.90274047851562,10750146.0
2022-06-20T00:00:00,90.26517766764421,91.21309148910994,89.56818513016783,89.94921112060547,4657919.0
2022-06-21T00:00:00,90.49750180625348,93.43416688312043,90.23729241264233,91.81714630126953,4728481.0
2022-06-22T00:00:00,89.84698703911117,91.3246078491211,88.90836841522899,91.3246078491211,4284021.0
2022-06-23T00:00:00,90.4417375554231,90.66477314807591,87.6630630493164,87.6630630493164,4224172.0
2022-06-27T00:00:00,90.14435928180414,93.32264323731464,90.14435928180414,92.5420150756836,5415311.0
2022-06-28T00:00:00,93.2668854435718,93.86165177871807,91.21308183468014,91.3896484375,4319758.0
2022-06-29T00:00:00,90.27445864628116,91.82642674993635,89.55888287369493,91.1759033203125,3722065.0
2022-06-30T00:00:00,89.53100552646885,89.88415292688856,87.42144470312562,88.8154296875,6665715.0
2022-07-01T00:00:00,86.58504218119482,89.08492389670515,84.89367421464868,85.9531021118164,7006888.0
2022-07-04T00:00:00,86.65011527331804,89.40091179578486,86.51071533974478,88.67604064941406,3181203.0
2022-07-05T00:00:00,89.24291983320273,90.03284325972149,86.91031624815432,86.93820190429688,3455847.0
2022-07-06T00:00:00,88.74109648111076,92.21677137621599,87.9883467365859,91.99372863769531,5235417.0
2022-07-07T00:00:00,92.37474778976689,94.40067309440381,92.08665271316389,93.86166381835938,4176315.0
2022-07-08T00:00:00,95.18129544442073,95.34857393039337,93.24830118210896,95.16271209716797,3525599.0
2022-07-11T00:00:00,93.93600581846317,94.17762478427728,92.00301155090332,92.93233489990234,2488252.0
2022-07-12T00:00:00,92.09594695594944,95.06978607177734,91.77068518598345,95.06978607177734,3963645.0
2022-07-13T00:00:00,95.2928107596398,96.55669099796738,92.59777180761266,93.28546905517578,5196140.0
2022-07-14T00:00:00,92.56060103169627,94.27055962328069,91.42682544959095,93.17395782470703,4304235.0
2022-07-15T00:00:00,93.26689781888834,94.02894273004392,91.08298922754275,93.52710723876953,4565285.0
2022-07-18T00:00:00,94.43784302319592,95.75748050152292,93.58286013778195,94.64228820800781,3936020.0
2022-07-19T00:00:00,93.69437301663913,100.38549781161271,92.65352838823647,99.77214813232422,8714198.0
2022-07-20T00:00:00,99.90226613739111,102.20699130377253,99.73498764071685,101.31483459472656,5459034.0
2022-07-21T00:00:00,101.2962461291538,105.12506092062685,101.03603672306647,103.22924041748047,8108859.0
2022-07-22T00:00:00,102.56013553730696,103.95412069909692,102.07688337738834,102.4300308227539,2807089.0
2022-07-25T00:00:00,101.98393738207932,103.17347007661245,101.40776147138777,101.89100646972656,2686329.0
2022-07-26T00:00:00,101.94676271421892,104.00986156534358,101.46351772007463,101.81665802001953,3031901.0
2022-07-27T00:00:00,102.3184892414607,104.25148331886763,101.87241804831989,103.06195068359375,2902129.0
2022-07-28T00:00:00,104.06563614326103,106.3145970413429,103.74966250434284,105.62689971923828,3100228.0
2022-07-29T00:00:00,106.87219542007472,109.93896560298171,106.31460277504848,109.67874908447266,5149389.0
2022-08-01T00:00:00,109.58580642212048,110.60806067688189,106.74207927392479,107.54129791259766,3838345.0
2022-08-02T00:00:00,106.40753086330848,107.48554942643035,105.70124308368294,106.33318328857422,2634665.0
2022-08-03T00:00:00,106.12872212112383,107.02087876291954,105.62689375910351,106.5933837890625,3406930.0
2022-08-04T00:00:00,107.05805187690035,108.95387244659685,106.72349488870833,108.74942016601562,3101165.0
2022-08-05T00:00:00,108.84235540328567,110.25492380284766,106.03579486166865,106.35176849365234,2601863.0
2022-08-08T00:00:00,107.70858194306122,108.86094095738979,106.96512039758647,107.31826782226562,2546597.0
2022-08-09T00:00:00,107.31825188464252,107.31825188464252,102.26273114261916,103.526611328125,5111732.0
2022-08-10T00:00:00,103.39651600301288,106.51904296875,102.26274040245455,106.51904296875,3604884.0
2022-08-11T00:00:00,107.46694985098647,108.08030665513502,105.60830318169901,107.13239288330078,2569173.0
2022-08-12T00:00:00,107.67139195653654,108.89809835887733,107.22531367833365,107.24390411376953,2835546.0
2022-08-15T00:00:00,107.48555071515047,108.76801448890546,107.2996817760863,107.96879577636719,1500400.0
2022-08-16T00:00:00,108.50779806079447,109.3813572023998,107.59705804360108,108.99104309082031,2679431.0
2022-08-17T00:00:00,108.99104820492438,109.80885734204485,106.77926104535071,107.20674896240234,3514521.0
2022-08-18T00:00:00,107.42978168263689,110.0132995535711,107.18815561774977,109.9575424194336,2888407.0
2022-08-19T00:00:00,109.82745115050109,110.16200817660905,108.4520492553711,108.4520492553711,3288377.0
2022-08-22T00:00:00,108.21040941057596,108.30334032433579,104.6789779663086,104.6789779663086,3458154.0
2022-08-23T00:00:00,103.5266078176145,105.9428467643815,103.47084360326267,105.05069732666016,3420535.0
2022-08-24T00:00:00,104.43735532727315,107.11381110803198,102.96902982552294,105.7941665649414,3503796.0
2022-08-25T00:00:00,106.72349015848638,106.77925438083,104.64180783880346,105.99861907958984,2059206.0
2022-08-26T00:00:00,106.96511522480161,107.2439150634157,103.24782185754404,103.61955261230469,2882307.0
2022-08-29T00:00:00,102.67164694489848,103.63813699064839,101.5750451070395,103.15489196777344,2156836.0
2022-08-30T00:00:00,103.35933984636802,105.90568373479948,103.1177138001131,103.65672302246094,2976021.0
2022-08-31T00:00:00,104.43733948402185,104.53027747689067,100.98026310860786,101.05460357666016,5324307.0
2022-09-01T00:00:00,100.27400348703318,100.27400348703318,98.11797332763672,98.11797332763672,3711536.0
2022-09-02T00:00:00,99.47477801660132,103.0062026977539,99.15880437234523,103.0062026977539,2969824.0
2022-09-05T00:00:00,99.97661228270772,101.46352829290946,98.99152466518203,100.9616928100586,2949054.0
2022-09-06T00:00:00,101.05462419750651,102.91327099137732,100.16247458726951,101.37059783935547,4786208.0
2022-09-07T00:00:00,100.21823276898324,101.40777268523185,99.53053543331717,100.90593719482422,2968366.0
2022-09-08T00:00:00,101.55644951311736,102.15121586038391,99.40041973173251,101.89100646972656,3128306.0
2022-09-09T00:00:00,102.15121363630698,104.69756453841183,101.83524712315214,103.89834594726562,2360299.0
2022-09-12T00:00:00,104.45594209486805,106.14731024570803,104.23290648436559,105.75699615478516,2592822.0
2022-09-13T00:00:00,106.76066951063947,106.79784329741557,102.72740936279297,102.72740936279297,3048223.0
2022-09-14T00:00:00,101.94677929500526,102.4857885958818,100.79442020602885,101.55646514892578,3001792.0
2022-09-15T00:00:00,101.57504714036146,102.35567536759554,100.6085499850898,101.07321166992188,2183487.0
2022-09-16T00:00:00,99.45618007180138,100.21822492197326,98.24806399186637,98.26664733886719,5919342.0
2022-09-19T00:00:00,98.24806462717488,98.95435235073708,96.77973204851317,98.13654327392578,3107803.0
2022-09-20T00:00:00,98.54545326492685,98.9543578259575,94.90250727264862,95.27423095703125,4602255.0
2022-09-21T00:00:00,94.54935112140282,98.17371343108245,93.99175855610768,97.9692611694336,3007257.0
2022-09-22T00:00:00,95.60878535965107,97.17004889843254,94.43784302319592,94.64228820800781,3423623.0
2022-09-23T00:00:00,94.79099242637045,95.79466345958586,92.8208241489671,95.73889923095703,4472680.0
2022-09-26T00:00:00,95.18129651004399,98.22947598618363,94.77239905433532,95.85041046142578,5131870.0
2022-09-27T00:00:00,96.6868071710168,98.4896968318487,95.81324090811063,97.03994750976562,4430968.0
2022-09-28T00:00:00,95.3857426534597,98.2294696739187,93.11819153952952,97.89491271972656,6721267.0
2022-09-29T00:00:00,97.57894766304081,97.7090523593776,94.17762094121692,94.99542999267578,4147158.0
2022-09-30T00:00:00,96.11061101297683,97.85774330067346,93.75012905313324,97.39308166503906,6416205.0
2022-10-03T00:00:00,96.59385525778455,97.59751892089844,93.63860721099893,97.59751892089844,4599026.0
2022-10-04T00:00:00,99.08445908723695,103.5823807414312,98.35958091148353,103.22924041748047,4884412.0
2022-10-05T00:00:00,102.98761627597054,104.27007998277689,102.16981425730522,102.83892822265625,4201248.0
2022-10-06T00:00:00,102.95043954617587,105.44102640699913,102.91326576136663,103.69390106201172,4073355.0
2022-10-07T00:00:00,103.13631941479706,103.13631941479706,98.50828552246094,98.50828552246094,5122711.0
2022-10-10T00:00:00,98.50827427377818,99.77215458639155,97.69047228510017,98.34099578857422,4877608.0
2022-10-11T00:00:00,97.57894749507994,98.19230428261834,96.33365766366444,97.2258071899414,5552375.0
2022-10-12T00:00:00,97.31874010091252,98.47109904307433,96.29648585753473,96.70538330078125,4570043.0
2022-10-13T00:00:00,96.2407196605774,97.8763306705056,91.8729029421054,97.2258071899414,6698673.0
2022-10-14T00:00:00,100.14390411274886,101.2033323542333,97.37451691419301,98.0993881225586,6191906.0
2022-10-17T00:00:00,98.97293284580891,102.41142626823212,96.50092942966283,101.42634582519531,4817684.0
2022-10-18T00:00:00,103.7310710907633,105.36667502209846,102.63446929420887,104.06562805175781,5617821.0
2022-10-19T00:00:00,104.45594918047453,109.51146353911723,100.16247261855905,101.01744842529297,10515621.0
2022-10-20T00:00:00,103.1268627216175,103.1268627216175,100.55806832566763,102.37684631347656,6878310.0
2022-10-21T00:00:00,101.5143354338146,103.01436114148551,100.08931279969892,102.52685546875,4021176.0
2022-10-24T00:00:00,103.52061251404182,107.43943337146125,102.62059716459873,106.57691955566406,3759053.0
2022-10-25T00:00:00,106.8769247321649,110.88949584960938,105.71440579923383,110.88949584960938,7073237.0
2022-10-26T00:00:00,110.27073509780416,111.80826216831545,108.47069729954681,111.208251953125,5418376.0
2022-10-27T00:00:00,110.6269994291555,111.07701070960877,108.90197168490573,110.43949890136719,4430360.0
2022-10-28T00:00:00,108.82695828228775,111.73325910324516,108.20819372448673,111.208251953125,3536677.0
2022-10-31T00:00:00,112.16452300719656,112.20202454207507,109.67073173561026,110.66449737548828,4381071.0
2022-11-01T00:00:00,111.93953425066358,113.34580978860487,110.5332587127223,110.96451568603516,3318690.0
2022-11-02T00:00:00,111.20825906054642,112.070772905921,110.83325086391378,111.39575958251953,3450491.0
2022-11-03T00:00:00,108.20819935657066,109.80198238518182,107.34568552142748,109.67073059082031,5589947.0
2022-11-04T00:00:00,110.13948930292582,113.7020492553711,109.85823136995204,113.7020492553711,2699629.0
2022-11-07T00:00:00,113.1207907442805,115.74583372990047,111.69576107399331,114.37705993652344,4723933.0
2022-11-08T00:00:00,114.3020681993995,117.86463557557407,113.27080095451325,117.3583755493164,4554430.0
2022-11-09T00:00:00,116.6271091743178,117.88337844502071,116.23335377478584,117.22711944580078,3225944.0
2022-11-10T00:00:00,116.27085694662242,126.1335327882066,115.1645865838282,125.64603424072266,8869664.0
2022-11-11T00:00:00,125.23352392647043,127.78357133838597,122.79597397804771,125.83353424072266,5600147.0
2022-11-14T00:00:00,126.8835441680862,127.93357290943582,123.88349270431684,125.6085205078125,4570209.0
2022-11-15T00:00:00,125.57100982875075,125.68350727361488,120.71466508178476,122.5896987915039,4717219.0
2022-11-16T00:00:00,122.83347346796926,123.73348171924056,119.58965856163641,119.88966369628906,3853453.0
2022-11-17T00:00:00,120.24591064453125,122.43971102978323,119.25214503426302,120.24591064453125,3609428.0
2022-11-18T00:00:00,121.07094411603299,122.1209585723139,120.09593273596845,121.37095642089844,4526158.0
2022-11-21T00:00:00,121.53969355873502,121.9709576385067,119.81466585039428,120.92092895507812,2416494.0
2022-11-22T00:00:00,120.93969443103319,122.96473460828452,120.20843230681038,122.25221252441406,3452662.0
2022-11-23T00:00:00,122.68345205117701,124.23973341091485,122.43970282708864,123.5647201538086,3525693.0
2022-11-24T00:00:00,123.11471995802833,124.127225570175,122.47720105942543,122.87095642089844,2366906.0
2022-11-25T00:00:00,123.13348409035167,123.69600003417192,122.53347375945161,123.22724151611328,2865304.0
2022-11-28T00:00:00,122.06469172544394,123.3584695637574,121.50219019536517,121.57717895507812,3447373.0
2022-11-29T00:00:00,122.04595637223547,122.5334692184545,120.75219263799434,120.9021987915039,3103157.0
2022-11-30T00:00:00,121.55844963117418,122.68346709585506,120.86468194702393,121.08969116210938,11536481.0
2022-12-01T00:00:00,121.87721057199829,123.39598354140652,121.63346130078901,122.7209701538086,4703730.0
2022-12-02T00:00:00,120.93968430338901,125.45852278502497,120.93968430338901,124.03349304199219,5812538.0
2022-12-05T00:00:00,124.3522421994464,125.79601194450004,123.5459770857385,124.89600372314453,2875903.0
2022-12-06T00:00:00,124.82100656296677,126.26477637637008,123.50848855078195,124.72724914550781,3956545.0
2022-12-07T00:00:00,124.16474022503522,124.33348640004888,118.82088961632739,120.32091522216797,6344544.0
2022-12-08T00:00:00,120.26466439549108,121.6709397175201,120.17090698520688,120.80842590332031,3671903.0
2022-12-09T00:00:00,121.4084447322001,123.65847968462434,121.31468731527686,122.8147201538086,3186682.0
2022-12-12T00:00:00,121.87718650812647,123.11471557617188,121.48343116066786,123.11471557617188,3550007.0
2022-12-13T00:00:00,123.69597283430544,127.3147883701812,122.45844375217465,125.85226440429688,5554904.0
2022-12-14T00:00:00,125.49600042207271,127.74603503788671,124.1272195887822,126.33975982666016,5382609.0
2022-12-15T00:00:00,124.01474262402,124.2772462290244,120.86468505859375,120.86468505859375,6501867.0
2022-12-16T00:00:00,119.27089645754937,121.01467839497728,118.38962831745314,118.63338470458984,6220333.0
2022-12-19T00:00:00,119.21464903216516,120.20841462892065,117.88336963614886,118.61463165283203,3323637.0
2022-12-20T00:00:00,117.92088122836664,118.5396458507646,116.795863745608,117.3958740234375,3876764.0
2022-12-21T00:00:00,118.05212361926144,119.64590660425813,117.71461697080031,119.34590148925781,3952408.0
2022-12-22T00:00:00,119.21465785356628,119.75841224422906,116.08334754590466,116.308349609375,3672260.0
2022-12-23T00:00:00,116.10209779503549,117.13337218119624,115.4083372419984,116.2708511352539,2959553.0
2022-12-27T00:00:00,117.80838711424197,118.29589279655276,116.66461525446302,117.2646255493164,1359745.0
2022-12-28T00:00:00,117.43337530063725,117.4521224924776,115.3333321801834,115.933349609375,2307337.0
2022-12-29T00:00:00,115.93334890013233,117.84587717436227,115.42708889129969,117.13336944580078,2314231.0
2022-12-30T00:00:00,117.02085535514813,117.75211736886753,115.18332314940332,115.4083251953125,3607211.0
2023-01-02T00:00:00,117.0958743048665,117.0958743048665,115.78334907910042,116.9646224975586,1562738.0
2023-01-03T00:00:00,117.07711286353744,118.85839647963817,116.83336360913154,118.33338928222656,3089090.0
2023-01-04T00:00:00,118.23964154318877,121.14594268798828,118.23964154318877,121.14594268798828,5586868.0
2023-01-05T00:00:00,120.32092163953325,122.8147201538086,119.88966470189571,122.8147201538086,2272030.0
2023-01-09T00:00:00,125.62727485284744,126.45229436989918,124.16475065834574,125.6085205078125,6245834.0
2023-01-10T00:00:00,125.308519339226,125.308519339226,122.75847208328821,123.35848236083984,3406504.0
2023-01-11T00:00:00,123.28346170672346,126.09601216391107,122.47719667011482,125.4022445678711,5529495.0
2023-01-12T00:00:00,125.96477947599952,126.26477746478201,122.62722138306803,125.45852661132812,5832619.0
2023-01-13T00:00:00,125.36477640559482,125.57103129335006,123.60223983945902,125.2710189819336,4638027.0
2023-01-16T00:00:00,123.65847722995748,124.22099310958407,122.64597153522652,123.58348846435547,4317344.0
2023-01-17T00:00:00,123.58348944418466,125.02725923212599,123.20847408633595,123.84599304199219,3883192.0
2023-01-18T00:00:00,123.9772480081405,127.42730355624813,123.9772480081405,126.09603118896484,4673591.0
2023-01-19T00:00:00,124.9334983755902,125.68351476525864,121.12718200683594,121.12718200683594,4823456.0
2023-01-20T00:00:00,121.85843267345638,124.48348263947827,121.65217782792364,124.20222473144531,4251301.0
2023-01-23T00:00:00,124.87725703277992,126.50854170385037,124.6147534266822,126.26477813720703,3463460.0
2023-01-24T00:00:00,126.69604800309082,126.84605415779585,124.03350313126101,124.37100982666016,4169743.0
2023-01-25T00:00:00,124.57726019654808,124.9335069193391,123.60223453168882,124.14599609375,3017801.0
2023-01-26T00:00:00,123.17097852126614,127.93356622994331,116.70211029052734,116.70211029052734,12690356.0
2023-01-27T00:00:00,116.42085297258375,118.10838631228341,114.50831757181965,116.13959503173828,5592815.0
2023-01-30T00:00:00,115.31458498834306,116.64585734229539,114.09581009080621,115.933349609375,4188747.0
2023-01-31T00:00:00,115.35208051974399,116.21459435323344,114.60206413681367,115.63333129882812,4005211.0
2023-02-01T00:00:00,116.02710546838853,117.30212915561049,115.12709001023546,116.04585266113281,4670156.0
2023-02-02T00:00:00,116.98337253861916,122.30847664771136,116.73961611081792,121.87721252441406,7283782.0
2023-02-03T00:00:00,121.16470366363033,122.62722791207597,120.73343954416272,122.25221252441406,3068559.0
2023-02-06T00:00:00,121.37094239080017,122.04594138797152,119.49590146557517,119.60840606689453,3201436.0
2023-02-07T00:00:00,119.77716521245156,120.62093188162953,118.95214573472798,119.81466674804688,3537364.0
2023-02-08T00:00:00,120.4896647635154,121.44592161252119,119.4771448892405,119.62714385986328,3744955.0
2023-02-09T00:00:00,120.6021735032991,122.23345806003823,119.28964841211413,119.40215301513672,3097372.0
2023-02-10T00:00:00,118.53964921405162,119.27091131386126,115.82084854211075,117.2646255493164,4123254.0
2023-02-13T00:00:00,118.16464312188228,119.49591554054567,118.03339131455981,119.25215911865234,2810472.0
2023-02-14T00:00:00,119.06465291790462,120.84592940476328,117.77088209896075,118.22088623046875,4225948.0
2023-02-15T00:00:00,117.22712227529465,120.02092598087877,117.18962073833596,119.75841522216797,2768413.0
2023-02-16T00:00:00,120.32092400165686,120.67718502651121,116.758363821921,118.20214080810547,5132717.0
2023-02-17T00:00:00,117.48962708665982,118.2958922578261,115.68959621029707,117.4521255493164,3318452.0
2023-02-20T00:00:00,117.82713801392418,117.99589136170424,116.34585942259794,117.77088928222656,2544383.0
2023-02-21T00:00:00,117.4708803797817,118.03338913688377,115.46459461608258,116.34585571289062,3107351.0
2023-02-22T00:00:00,116.23335862561096,117.22712433809922,115.08958676264837,116.98336791992188,3698451.0
2023-02-23T00:00:00,116.98335956579565,117.75212315035965,116.34584777718015,116.62710571289062,2578015.0
2023-02-24T00:00:00,117.54586663788277,118.27713582994868,114.6208184803644,115.63333129882812,5711813.0
2023-02-27T00:00:00,116.13959046237237,117.50836427174873,115.44582996231834,116.10208892822266,2228876.0
2023-02-28T00:00:00,116.10209993350185,117.73338463655514,115.07083268103318,116.88961791992188,3954514.0
2023-03-01T00:00:00,117.30212296516152,118.53964504889944,115.83959166424457,116.120849609375,4093912.0
2023-03-02T00:00:00,115.38958323941078,115.61458529552651,113.13954122019427,114.24581146240234,4747237.0
2023-03-03T00:00:00,114.77082516356856,117.77088374383187,114.43331848388036,117.47087860107422,3113883.0
2023-03-06T00:00:00,117.71462921096759,119.17716055727102,117.52712867685307,118.37089538574219,3126046.0
2023-03-07T00:00:00,118.23964189260674,119.30841065770633,116.51460696210545,116.64585876464844,3522261.0
2023-03-08T00:00:00,116.30835331881566,117.35837490297685,115.87709636979059,116.81461334228516,4604946.0
2023-03-09T00:00:00,116.27086548195574,117.45213900924236,114.54583748259292,116.7396240234375,3911882.0
2023-03-10T00:00:00,115.1458216163041,117.30211327704916,114.4145596025847,115.4083251953125,3669533.0
2023-03-13T00:00:00,115.72709735808517,116.02710250313577,112.3520305354074,114.33956909179688,5746444.0
2023-03-14T00:00:00,114.50831088783613,118.03337635128739,113.73954733411026,117.60211944580078,8170427.0
2023-03-15T00:00:00,117.30210960927269,117.45210858429333,112.05200958251953,112.05200958251953,8474966.0
2023-03-16T00:00:00,113.51454829824564,115.68958722645364,111.97702114999619,114.9958267211914,5934495.0
2023-03-17T00:00:00,115.63332981521661,116.53335232425998,112.23952325008197,112.98953247070312,8976404.0
2023-03-20T00:00:00,113.15829293245893,117.13336994788284,112.0145282624381,115.83959197998047,4528484.0
2023-03-21T00:00:00,116.94585734638319,117.05836195054619,115.25833120005656,116.08334350585938,3949432.0
2023-03-22T00:00:00,115.85834516994824,117.13336878065235,115.65209029870395,116.58960723876953,3359858.0
2023-03-23T00:00:00,117.39586466541265,119.43965174656675,116.23334573887217,119.34590148925781,4135871.0
2023-03-24T00:00:00,118.65213511708018,118.98964176914761,112.33327329148186,112.4457778930664,5655387.0
2023-03-27T00:00:00,113.43954543566387,116.2520961489448,113.28953929766612,115.53958129882812,3163524.0
2023-03-28T00:00:00,116.49585573218249,117.1333675307317,115.7270921356396,116.42085266113281,3846292.0
2023-03-29T00:00:00,117.50836358466506,118.63338814451954,116.43959490204936,117.48961639404297,4373096.0
2023-03-30T00:00:00,117.8646283759246,119.87091401334536,117.54586890359485,119.55215454101562,4165164.0
2023-03-31T00:00:00,120.00217989340655,123.73349366896227,119.43967110569366,123.32098388671875,6449695.0
2023-04-03T00:00:00,121.97096537197467,123.09598289198975,121.31469203870647,122.3928451538086,3239758.0
2023-04-04T00:00:00,123.47098396353681,124.40850094777835,122.25220902294801,122.3928451538086,3731567.0
2023-04-05T00:00:00,123.84598347192969,124.1741057911472,119.25214225453591,120.18965911865234,3851218.0
2023-04-06T00:00:00,120.18967438378911,120.42405362958642,117.75213165803441,118.26776885986328,1829836.0
2023-04-11T00:00:00,119.11152770273941,120.75218231488356,119.06464899560356,120.4709243774414,4749560.0
2023-04-12T00:00:00,121.1740708826219,121.92408733523324,119.53341615113573,119.9084243774414,5387955.0
2023-04-13T00:00:00,120.0490386312663,120.09591733606203,116.8614798276822,119.53340148925781,6180840.0
2023-04-14T00:00:00,120.42404791093996,121.64282279228412,119.95528944160554,121.455322265625,4445618.0
2023-04-17T00:00:00,122.29907358822238,122.3459522930873,120.37716113173929,121.64281463623047,3790990.0
2023-04-18T00:00:00,121.78344241874096,123.75223367665511,121.73657801694968,122.58033752441406,2626916.0
2023-04-19T00:00:00,122.06469891757828,122.2053350374133,120.70530225807644,121.12718200683594,3701994.0
2023-04-20T00:00:00,120.28342913110203,122.39284229639868,120.28342913110203,121.97096252441406,3453121.0
2023-04-21T00:00:00,122.01782279066305,122.72096048858552,120.18966763713925,121.830322265625,4495931.0
2023-04-24T00:00:00,122.43971909686233,123.09597809920496,121.59594526067322,122.8147201538086,2357511.0
2023-04-25T00:00:00,122.53345148204258,122.76783069846017,120.28341672658254,122.299072265625,5034763.0
2023-04-26T00:00:00,122.0178325147526,122.0178325147526,119.62716844290655,120.61155700683594,5215207.0
2023-04-27T00:00:00,120.56467788978614,140.62753363254723,119.43965332911401,138.0493621826172,18203944.0
2023-04-28T00:00:00,139.9391632080078,141.5927319151073,135.97058677658916,139.9391632080078,9224176.0
2023-05-02T00:00:00,140.0336335492097,140.41160073287605,137.29343995300428,137.95486450195312,8225608.0
2023-05-03T00:00:00,138.99426370952537,141.63996204760346,138.04936732650472,138.33282470703125,5652873.0
2023-05-04T00:00:00,138.28560647069767,139.98640861083888,137.00999044761562,139.4194793701172,6334138.0
2023-05-05T00:00:00,139.8446729241414,140.22262573242188,137.15171230672283,140.22262573242188,3926200.0
2023-05-08T00:00:00,140.03365631872637,140.78957639099812,138.14386334703514,139.4194793701172,3458022.0
2023-05-09T00:00:00,139.41947430239497,139.5612030029297,137.29345728652035,139.5612030029297,4821549.0
2023-05-10T00:00:00,139.51394560723628,139.891912812371,136.91548054608035,139.0887451171875,3534210.0
2023-05-11T00:00:00,138.8997622680664,142.15965176423236,138.8997622680664,141.7344512939453,5312749.0
2023-05-12T00:00:00,142.34863187790972,142.6793513734485,141.26200682338114,141.92343139648438,2790923.0
2023-05-15T00:00:00,143.010088527084,143.05732181687222,141.025800144791,142.0179443359375,3635556.0
2023-05-16T00:00:00,141.68722955122507,142.2069255181092,140.4116279066659,141.12030029296875,3389661.0
2023-05-17T00:00:00,141.12028313908402,143.2935333251953,140.6005872353716,143.2935333251953,2599570.0
2023-05-19T00:00:00,147.26211816409275,149.24639206725982,146.2227262972131,148.5377197265625,5560844.0
2023-05-22T00:00:00,148.06525165442233,148.348723436303,146.08097801720507,146.83688354492188,3908527.0
2023-05-23T00:00:00,146.26997119280406,146.60067629465593,143.71875369891293,143.90773010253906,3394811.0
2023-05-24T00:00:00,143.3407638232358,143.48250691703896,141.3092425738154,142.443115234375,3224678.0
2023-05-25T00:00:00,144.23842908630994,147.3565900767935,143.5297567892898,146.22271728515625,6153068.0
2023-05-26T00:00:00,147.07312470891438,152.4590459362841,146.78966731208476,152.12832641601562,6978910.0
2023-05-29T00:00:00,152.3172846986583,153.12045234205695,148.72667578024618,149.7660675048828,2202456.0
2023-05-30T00:00:00,149.62434666536015,152.8842362737052,148.96290766884786,150.8999481201172,4262067.0
2023-05-31T00:00:00,151.08891562808464,151.9393309658966,148.77392253032588,149.3408660888672,12331972.0
2023-06-01T00:00:00,150.00231211426544,150.096807526882,146.41170270447054,148.5377197265625,5307910.0
2023-06-02T00:00:00,149.62436404106813,150.9944610595703,148.67946755686305,150.9944610595703,3993507.0
2023-06-05T00:00:00,150.80547589263026,152.4590446440057,150.19128456276277,150.94720458984375,3035338.0
2023-06-07T00:00:00,150.9944561043992,151.3251612122326,148.67946267766285,149.62435913085938,5342485.0
2023-06-08T00:00:00,149.01015812079606,151.04169401418991,148.3487335300532,150.66372680664062,4176363.0
2023-06-09T00:00:00,150.61648696399484,151.18343059591973,149.52986182377686,150.28578186035156,2364200.0
2023-06-12T00:00:00,150.99443607897956,152.22280418881962,149.90779665113214,150.52198791503906,2396766.0
2023-06-13T00:00:00,152.7425082867229,153.7346524617292,152.08108364271067,153.49842834472656,4720212.0
2023-06-14T00:00:00,153.78189314013218,155.90791009598652,152.78974901047175,153.8763885498047,3569730.0
2023-06-15T00:00:00,150.94717780605987,151.70309769901183,148.8684089139215,151.1361541748047,4560402.0
2023-06-16T00:00:00,151.93934134593385,152.03382233349632,147.35658811890357,147.9707794189453,10825736.0
2023-06-19T00:00:00,147.9707767084571,147.9707767084571,146.1754649619611,147.120361328125,4194014.0
2023-06-20T00:00:00,146.97862847107544,147.40382894019274,145.79750804687518,146.1754608154297,4434299.0
2023-06-21T00:00:00,146.55343679095557,147.45108548358613,145.5140449881361,146.22271728515625,4119803.0
2023-06-22T00:00:00,145.75026723955474,145.9392436327696,143.71874578103927,145.372314453125,4453989.0
2023-06-26T00:00:00,144.09668391224616,145.0888278981874,142.58484408433824,145.0415802001953,4075580.0
2023-06-27T00:00:00,144.85263326608023,146.2227302784707,144.38018502608517,146.12823486328125,2411529.0
2023-06-28T00:00:00,147.1203790508661,147.87629911845337,145.89201074328372,146.12823486328125,3264667.0
2023-06-29T00:00:00,145.8919848376851,146.64790477104597,144.38015938893682,145.23056030273438,3600794.0
2023-06-30T00:00:00,145.93923491727784,147.21485072675404,145.7975062353244,146.83688354492188,4213254.0
2023-07-03T00:00:00,146.60066968083356,146.93138918574056,143.86047590693892,143.95497131347656,2658809.0
2023-07-04T00:00:00,143.76597780208135,144.38016909709887,142.30139995405955,143.10455322265625,2986145.0
2023-07-05T00:00:00,142.67935921146122,145.08884796253457,142.3014064112037,143.05731201171875,4387837.0
2023-07-06T00:00:00,141.82895746673807,142.3486389599047,139.18324462472378,140.0336456298828,6029611.0
2023-07-07T00:00:00,140.03362309711974,141.7344392517351,139.0887268354415,141.16749572753906,3069831.0
2023-07-10T00:00:00,140.78957063509398,141.78171478826525,139.65569778203061,141.40374755859375,2016228.0
2023-07-11T00:00:00,143.43527657340397,143.43527657340397,138.99426637174136,140.695068359375,3612582.0
2023-07-12T00:00:00,141.02580745270865,142.82110509697617,139.89193449748828,142.39590454101562,2387850.0
2023-07-13T00:00:00,142.9155693993048,143.5769939443349,141.97067307269782,142.72659301757812,3109432.0
2023-07-14T00:00:00,142.67935551394822,143.19905141431585,141.26201092275008,142.8683319091797,2789480.0
2023-07-17T00:00:00,141.92343275297773,143.1518009250383,140.8840553904453,143.10455322265625,3266000.0
2023-07-18T00:00:00,143.10455448062268,145.65577183396,142.72660169419294,145.372314453125,4344081.0
2023-07-19T00:00:00,146.08097478190592,146.8368802928815,137.2461885471383,137.76588439941406,7132904.0
2023-07-20T00:00:00,133.08865056487906,138.19108485383117,133.08865056487906,137.76588439941406,4408589.0
2023-07-21T00:00:00,136.34856579111892,139.4194793701172,135.8761175481961,139.4194793701172,4095530.0
2023-07-24T00:00:00,138.47457873764964,140.45885264772065,137.90763509592892,139.9864044189453,2565529.0
2023-07-25T00:00:00,140.45884097761547,141.68720915396682,139.04149640905032,141.2620086669922,2106160.0
2023-07-26T00:00:00,142.6321132238177,142.6321132238177,138.61630339634831,139.04150390625,2207420.0
2023-07-27T00:00:00,139.04150190255325,142.58486346396361,138.8052777984592,140.78956604003906,2814589.0
2023-07-28T00:00:00,140.36436275873564,141.82895505873228,140.36436275873564,141.02578735351562,1856081.0
2023-07-31T00:00:00,140.83682706676845,141.82897128140925,140.12815468745023,141.4510040283203,2734328.0
2023-08-01T00:00:00,141.45097206730898,142.30138738112439,141.02577161938788,141.3564910888672,2698205.0
2023-08-02T00:00:00,140.836814718429,140.836814718429,137.52967723824167,139.70294189453125,3208921.0
2023-08-03T00:00:00,138.8525056255903,138.89975332324045,136.20679315488638,137.576904296875,4121611.0
2023-08-04T00:00:00,137.48243469254035,138.94702708660586,136.49029052765883,138.47457885742188,2735448.0
2023-08-07T00:00:00,138.2855844447993,138.75803261247134,136.91547322417125,138.71078491210938,1846700.0
2023-08-08T00:00:00,138.75803730532527,138.75803730532527,136.11232459328792,136.72650146484375,2521540.0
2023-08-09T00:00:00,137.8603787813749,140.08089108515924,137.62415468173717,138.4273223876953,2065874.0
2023-08-10T00:00:00,138.75803961377022,139.7501692815622,137.24619963374735,138.33282470703125,2889550.0
2023-08-11T00:00:00,137.90762566354712,137.90762566354712,136.25405697593152,136.9154815673828,2043314.0
2023-08-14T00:00:00,136.30131477255435,136.72651529726178,135.45091372313948,136.6320343017578,3298170.0
2023-08-15T00:00:00,136.30131032176917,136.67926312739505,134.26978876007334,134.93121337890625,3267230.0
2023-08-16T00:00:00,133.9863128336666,135.97058662925085,133.797336436655,135.49813842773438,2192189.0
2023-08-17T00:00:00,134.55324959655601,134.60049730296146,132.7107043905493,132.85244750976562,2733232.0
2023-08-18T00:00:00,132.85242624285246,133.18313129880016,131.29333868890453,132.56895446777344,2956560.0
2023-08-21T00:00:00,132.28549554737003,134.9784560453457,131.95477604131167,133.5611114501953,2715645.0
2023-08-22T00:00:00,134.5059995460208,136.11232043779665,133.46660780653255,135.78160095214844,2897728.0
2023-08-23T00:00:00,136.39580474528051,136.39580474528051,135.16743650892124,136.01783752441406,3755121.0
2023-08-24T00:00:00,137.57693254849409,139.23050138000013,136.77376477742934,137.48243713378906,5556405.0
2023-08-25T00:00:00,136.58478558378206,139.23049854389416,136.34856146980735,137.71865844726562,3180987.0
2023-08-28T00:00:00,138.8997949616485,140.31713980819595,137.76592196800604,139.2305145263672,2264926.0
2023-08-29T00:00:00,139.70293540876037,141.9234332487277,139.65568770621329,141.2620086669922,5524350.0
2023-08-30T00:00:00,141.54547300881097,142.25414525576633,139.84465673252336,140.88404846191406,3361010.0
2023-08-31T00:00:00,140.36435539878966,140.74230817085333,136.3957936202248,136.9627227783203,10288176.0
2023-09-01T00:00:00,136.96273381428537,138.6163025567572,136.01783739001576,137.10447692871094,3184344.0
2023-09-04T00:00:00,137.71863993158726,139.27771310701948,137.48241584937185,138.28558349609375,1640655.0
2023-09-05T00:00:00,138.09658684121118,139.98637941881503,137.4824100206792,139.51393127441406,2869746.0
2023-09-06T00:00:00,139.41946911988873,141.4509906479073,138.2383485994186,140.78956604003906,3895280.0
2023-09-07T00:00:00,140.2226383998273,141.214782633661,137.9548925093304,138.94703674316406,2969294.0
2023-09-08T00:00:00,139.18323959352756,139.79741647305502,137.6241519164605,138.66354370117188,2565254.0
2023-09-11T00:00:00,138.99426312447778,142.34863373570232,138.474567232409,141.2620086669922,4346640.0
2023-09-12T00:00:00,141.4037577131086,141.4982531318063,139.89193193978178,141.12030029296875,5333340.0
2023-09-13T00:00:00,140.22261789664245,140.64783280466585,137.95487233773258,139.0887451171875,4637373.0
2023-09-14T00:00:00,139.08876413478123,141.4037577131086,138.09661991036188,141.12030029296875,4556254.0
2023-09-15T00:00:00,142.20689804974725,144.002195314415,140.0808813014952,140.55332946777344,10114905.0
2023-09-18T00:00:00,140.55335122316077,140.60059893069652,138.80528697016967,140.506103515625,3580534.0
2023-09-19T00:00:00,140.0336415030624,140.2698655995311,138.04936774350992,139.0887451171875,3329759.0
2023-09-20T00:00:00,138.80527558653912,140.55333969616882,137.62415508489065,139.18324279785156,5037545.0
2023-09-21T00:00:00,137.86038397087466,138.14385578470564,135.92335781530957,137.19895935058594,4465876.0
2023-09-22T00:00:00,136.67926441887383,137.24620805064498,135.49814386766346,136.11233520507812,2412567.0
2023-09-25T00:00:00,136.01784471371707,137.52968484114157,135.35642006470985,137.48243713378906,3324803.0
2023-09-26T00:00:00,136.67927485262862,136.67927485262862,134.41152898838084,134.74224853515625,4222391.0
2023-09-27T00:00:00,135.78161440055212,136.06508621375917,134.6477415656992,134.93121337890625,3902889.0
2023-09-28T00:00:00,135.45089133080253,136.72649269404621,134.4114996262572,136.6792449951172,3322870.0
2023-09-29T00:00:00,137.10446496047268,140.08088266991192,137.10446496047268,139.135986328125,5202474.0
2023-10-02T00:00:00,138.8525145419941,141.54547488327646,138.61629045654738,139.135986328125,5091974.0
2023-10-03T00:00:00,137.90760803222656,139.5139288112349,137.48240759336744,137.90760803222656,3485047.0
2023-10-04T00:00:00,137.29343624524793,137.3879172251326,135.6398677085453,136.6792449951172,3666939.0
2023-10-05T00:00:00,136.5375332414339,139.89191842957626,136.01783732473996,138.61630249023438,4082222.0
2023-10-06T00:00:00,137.48242090491223,140.93128686489044,136.58477224307984,139.6556854248047,4515446.0
2023-10-09T00:00:00,139.4667274554195,139.4667274554195,136.7737666962815,136.82101440429688,3143802.0
2023-10-10T00:00:00,138.19108684114912,142.6320966628768,136.06507012051605,142.3013916015625,3812504.0
2023-10-11T00:00:00,142.11240871927117,142.49037591922198,140.50608776891005,142.3486328125,3864091.0
2023-10-12T00:00:00,144.56914222860357,147.781784066494,144.23842273736156,145.18331909179688,8413980.0
2023-10-13T00:00:00,144.09671212304735,144.99436088874327,142.53763870989002,143.43528747558594,3000924.0
2023-10-16T00:00:00,143.2935166026631,143.81321244572638,142.06516296011577,142.11239624023438,3767054.0
2023-10-17T00:00:00,142.01792491864506,142.44312539443663,139.1359881547648,141.07302856445312,4751289.0
2023-10-18T00:00:00,140.0336509683144,140.12814638047894,136.25406516934248,137.29345703125,6120420.0
2023-10-19T00:00:00,136.293408481415,140.38886597781962,135.53145783103744,136.00767517089844,5465679.0
2023-10-20T00:00:00,134.86473960487356,134.86473960487356,132.2931546646508,132.57888793945312,6546865.0
2023-10-23T00:00:00,133.19796755240372,133.67418479137123,130.24541485760662,132.15028381347656,5052580.0
2023-10-24T00:00:00,131.9121912673219,132.72176648541102,129.91207280674791,132.48365783691406,5064645.0
2023-10-25T00:00:00,132.38840006222776,138.960192525499,131.19785689620053,136.48387145996094,7933478.0
2023-10-26T00:00:00,134.67425330261906,137.0553399206498,133.10274194791853,136.1029052734375,4002636.0
2023-10-27T00:00:00,136.57910999127893,138.00776183023788,135.53144069584116,137.43630981445312,4096317.0
2023-10-30T00:00:00,137.43632249933435,137.86491518398,135.2457199041462,136.1029052734375,3178075.0
2023-10-31T00:00:00,136.72200297516932,138.8649810326704,135.67431900052432,137.34107971191406,4094408.0
2023-11-01T00:00:00,137.81728455166825,138.24587721767543,135.91241534008196,137.62680053710938,2389225.0
2023-11-02T00:00:00,138.48399511367617,142.48423235144375,138.48399511367617,140.86508178710938,3420612.0
2023-11-03T00:00:00,141.1031665678605,142.6270675940847,140.7698232098096,142.1032257080078,2212192.0
2023-11-06T00:00:00,144.00811886550053,144.57958547938335,140.76984680816375,141.9127655029297,3476251.0
2023-11-07T00:00:00,141.76988905281794,142.48421496769677,140.91268923516458,142.29371643066406,3243444.0
2023-11-08T00:00:00,141.86513036167034,142.72233021904214,141.05556967376202,142.15086364746094,3834324.0
2023-11-09T00:00:00,141.86512267531538,146.7225446715811,141.5317793041193,146.48443603515625,6065370.0
2023-11-10T00:00:00,145.48437595367432,145.62723532144446,143.29377360554645,144.77005004882812,2826506.0
2023-11-13T00:00:00,144.81768798828125,145.57963859672483,144.05573737983767,144.81768798828125,2545602.0
2023-11-14T00:00:00,145.19863716113622,148.19881456714882,144.6271851787985,148.00831604003906,5460381.0
2023-11-15T00:00:00,148.38930224342909,152.4847736169629,148.10356897867138,151.05612182617188,6938780.0
2023-11-16T00:00:00,150.86562620186703,150.86562620186703,149.24649038103217,150.29417419433594,6064697.0
2023-11-17T00:00:00,150.86563279539092,152.43715858402948,150.53228940967858,151.5323486328125,3598377.0
2023-11-20T00:00:00,152.29428743785306,153.48483069341165,151.24661809276077,153.19911193847656,3830073.0
2023-11-21T00:00:00,152.81813709464328,153.38960369937155,151.91332708132308,152.67527770996094,5751754.0
2023-11-22T00:00:00,153.2943430109638,154.58013550939899,152.53239243903914,153.96104431152344,5957958.0
2023-11-23T00:00:00,154.34202785609585,155.1039784329183,153.1991092573614,153.24671936035156,3629826.0
2023-11-24T00:00:00,150.91324132565495,152.53237704445684,150.00843147100068,152.2466583251953,3471637.0
2023-11-27T00:00:00,152.0085717400179,153.10386574396017,151.7704630841175,152.7705078125,2576328.0
2023-11-28T00:00:00,151.96093847842192,152.8657484128955,151.6275805658799,152.6276397705078,2953524.0
2023-11-29T00:00:00,152.43716893014908,155.19922360722293,152.43716893014908,154.05630493164062,4931374.0
2023-11-30T00:00:00,154.58014027906069,155.77068354286584,154.10392297353863,154.19915771484375,11933189.0
2023-12-01T00:00:00,154.5801466830849,156.67550000758956,154.2944133813344,155.10398864746094,3631343.0
2023-12-04T00:00:00,154.67536546038033,155.29445663909428,152.8657456244428,153.72293090820312,3588180.0
2023-12-05T00:00:00,153.7705572519035,154.4848831739777,153.00860669509143,154.3896484375,4277278.0
2023-12-06T00:00:00,154.77061731327572,157.91365429454495,154.19915075922742,157.4850616455078,4284947.0
2023-12-07T00:00:00,156.91359816722758,157.34219082466583,155.00872899372555,155.67543029785156,3619479.0
2023-12-08T00:00:00,155.43732632938898,157.81841286793048,155.19921767553484,157.29457092285156,3749787.0
2023-12-11T00:00:00,157.19934630481117,159.58043299669563,156.96123763562272,159.4851837158203,5126143.0
2023-12-12T00:00:00,158.24700252973065,159.58041968576273,158.1517677897989,159.4375457763672,5830614.0
2023-12-13T00:00:00,159.48516183506266,160.15186311072145,158.1993839176488,158.2469940185547,8134177.0
2023-12-14T00:00:00,160.24713052508594,161.29481445761766,158.53274524139746,159.9137725830078,6184617.0
2023-12-15T00:00:00,160.67571892283672,163.8663807415409,160.58048417978532,163.81875610351562,8416175.0
2023-12-18T00:00:00,162.77105905395118,162.77105905395118,160.86618995076626,161.3424072265625,5664032.0
2023-12-19T00:00:00,161.77102459624726,163.5806445451189,161.53291594334314,163.19967651367188,5356750.0
2023-12-20T00:00:00,162.9139500083974,164.39022662448448,162.15199938077185,163.7235107421875,7037257.0
2023-12-21T00:00:00,163.48540311968702,163.6759016775552,161.91389174827125,163.00918579101562,3692756.0
2023-12-22T00:00:00,161.86626986466229,164.05687252044672,161.43767716816092,163.294921875,3373181.0
2023-12-27T00:00:00,163.62827023917748,165.34265545776003,163.53302096420109,164.19972229003906,2647480.0
2023-12-28T00:00:00,164.62832557284477,165.43788625886395,163.91399962653446,164.2949676513672,2089348.0
2023-12-29T00:00:00,164.2473448073031,165.86648073000828,164.2473448073031,165.29502868652344,1870031.0
2024-01-02T00:00:00,165.4855129175019,166.3903228872856,162.53295982347214,162.86631774902344,2962308.0
2024-01-03T00:00:00,162.390093867173,162.390093867173,159.0565728786973,160.2471160888672,4541380.0
2024-01-04T00:00:00,159.86615781093963,160.34237512401006,156.58024672435448,158.2946319580078,5374659.0
2024-01-05T00:00:00,157.2945653473201,157.34218998300258,153.96104431152344,153.96104431152344,3806477.0
2024-01-08T00:00:00,154.34202852664637,156.15164843808805,153.72293732210161,156.0087890625,5630953.0
2024-01-09T00:00:00,156.67550208105013,156.67550208105013,154.103931397262,155.38970947265625,3512106.0
2024-01-10T00:00:00,155.34210490074776,156.9612409791191,155.00874694358302,155.961181640625,4804609.0
2024-01-11T00:00:00,158.1041402769249,159.53279214689712,155.67542919137247,156.05641174316406,3472422.0
2024-01-12T00:00:00,156.6754987562025,158.6279926807368,156.38976545673418,158.5803680419922,3438974.0
2024-01-15T00:00:00,158.818474830023,158.818474830023,156.9136055666944,157.24696350097656,1753745.0
2024-01-16T00:00:00,156.5326421165844,159.05658815129436,155.818316121893,158.86610412597656,3211378.0
2024-01-17T00:00:00,156.34214112684762,157.1040917492686,154.81825441500496,156.1516571044922,3968898.0
2024-01-18T00:00:00,155.29446601201624,157.72317717325453,155.29446601201624,156.62786865234375,5451869.0
2024-01-19T00:00:00,157.38981924667323,158.62798714583383,156.15165134751265,156.62786865234375,3967499.0
2024-01-22T00:00:00,158.29461666805324,161.24716953709722,157.67554003405903,160.72332763671875,4544533.0
2024-01-23T00:00:00,161.48528675764095,162.05673878871553,159.19943503434735,160.53285217285156,3714542.0
2024-01-24T00:00:00,162.67582239467208,164.67592620956285,161.19954595056367,162.77105712890625,4201037.0
2024-01-25T00:00:00,162.6758581761892,165.58078706974635,154.53253815861135,156.1040496826172,11881240.0
2024-01-26T00:00:00,152.1990487876394,157.1040810613447,152.1990487876394,156.05641174316406,4283958.0
2024-01-29T00:00:00,155.199206245471,159.00894442655897,154.43725570265386,157.9136505126953,3919443.0
2024-01-30T00:00:00,157.9136610203259,158.77084635490897,156.86597713761432,157.67555236816406,2842763.0
2024-01-31T00:00:00,157.96127238868158,159.48515891471226,157.43743049132829,159.00894165039062,5446803.0
2024-02-01T00:00:00,159.104194619087,162.2472315433532,158.10413543413895,161.00906372070312,3426584.0
2024-02-02T00:00:00,162.7234536280065,163.628263571416,160.7233351989974,161.24717712402344,3193816.0
2024-02-05T00:00:00,160.91382416947272,161.10430818453744,158.6756115597143,159.05657958984375,3106387.0
2024-02-06T00:00:00,160.43758479652004,161.86623651248726,159.0089330805528,161.29478454589844,2827914.0
2024-02-07T00:00:00,161.43767083037753,161.62815485101117,159.29469289900084,160.67572021484375,3754549.0
2024-02-08T00:00:00,160.7709776483759,162.91395568847656,160.15188638365794,162.91395568847656,2195437.0
2024-02-09T00:00:00,163.00918187569746,165.0569250595994,162.24724579452382,163.10443115234375,2474590.0
2024-02-12T00:00:00,163.7235058870312,164.3425971118053,162.62821188373712,163.1520538330078,2086803.0
2024-02-13T00:00:00,162.8663120159792,162.96156128649778,157.62792186341846,160.58047485351562,4098445.0
2024-02-14T00:00:00,160.7709608190489,161.86625477835733,160.05663488045687,160.53285217285156,3620270.0
2024-02-15T00:00:00,162.39009008201094,164.39020844167473,160.86618899531493,162.05673217773438,4577880.0
2024-02-16T00:00:00,163.1996613900576,168.3904266357422,163.15203675729035,168.3904266357422,6360631.0
2024-02-19T00:00:00,166.72366621987115,168.58091063381366,165.96171569458775,168.3904266357422,1993307.0
2024-02-20T00:00:00,168.0094623810768,168.4380695896043,164.91404984348384,166.24746704101562,2352031.0
2024-02-21T00:00:00,166.67604360478197,167.39036950594533,165.29501643579903,167.2951202392578,2066248.0
2024-02-22T00:00:00,169.53334988351156,172.4382781673286,169.43810061532167,171.0572509765625,4538892.0
2024-02-23T00:00:00,171.15248975010786,171.86681567939297,169.2952452405663,169.91432189941406,3564888.0
2024-02-26T00:00:00,169.58097826847205,172.15254870350148,168.19995104715977,172.0096893310547,3094092.0
2024-02-27T00:00:00,172.1525633659246,172.39067202894802,169.77147673569053,170.628662109375,3030031.0
2024-02-28T00:00:00,170.20006450333943,171.7239657158446,169.62861244839928,171.438232421875,3042552.0
2024-02-29T00:00:00,172.39067763115003,172.39067763115003,169.91434164203298,171.20013427734375,6016866.0
2024-03-01T00:00:00,172.2954138390696,172.4859123860349,170.29530989292206,171.53347778320312,3265844.0
2024-03-04T00:00:00,173.05736837703736,173.05736837703736,170.05720512285416,171.438232421875,5181027.0
2024-03-05T00:00:00,170.86675340439734,171.77157785831366,169.6762102102948,170.34292602539062,6536593.0
2024-03-06T00:00:00,170.10482687572167,171.10487158815607,168.00945911081453,170.81915283203125,10511723.0
2024-03-07T00:00:00,171.15250088744892,173.2002440711171,169.6762242975949,172.43829345703125,7994074.0
2024-03-08T00:00:00,172.53351102542393,175.58131317836694,172.20016765638175,173.86692810058594,5070666.0
2024-03-11T00:00:00,173.10500074206615,173.10500074206615,169.20001279383206,170.5810546875,5653429.0
2024-03-12T00:00:00,171.29535582691187,174.53362741180362,171.0096225616573,173.91455078125,7253761.0
2024-03-13T00:00:00,175.15270404235724,175.24795330844128,173.10497561852827,173.91455078125,6288227.0
2024-03-14T00:00:00,174.6764915633907,175.0574741051668,173.5335730040584,174.1526641845703,4554156.0
2024-03-15T00:00:00,173.8193252898031,176.81948865283823,173.390732599798,175.43846130371094,9369700.0
2024-03-18T00:00:00,175.53369631661374,175.81942959772783,172.81925194552758,173.3430938720703,4005596.0
2024-03-19T00:00:00,172.8668718298659,174.3907729319234,172.20017054758998,173.10498046875,5666453.0
2024-03-20T00:00:00,173.10499768598822,174.91461770829534,172.15256303572144,173.057373046875,6104550.0
2024-03-21T00:00:00,175.96229352503013,177.62905408616032,174.48601697857222,177.3909454345703,6828371.0
2024-03-22T00:00:00,176.8671024978512,178.81959633648714,175.7718085199084,178.1052703857422,6915285.0
2024-03-25T00:00:00,178.10526661206316,178.81959254767304,176.58136546956274,177.15283203125,3378145.0
2024-03-26T00:00:00,177.1528292235807,177.39093786501024,174.20027625665512,176.86709594726562,4894038.0
2024-03-27T00:00:00,176.15276628935982,176.20039092323594,172.67638601137077,173.48594665527344,5280686.0
2024-03-28T00:00:00,173.4383479508596,174.20028401095223,171.72396274965365,172.20018005371094,2773645.0
2024-04-02T00:00:00,173.34311511669267,174.62890777279128,170.58106030440695,171.48587036132812,5221871.0
2024-04-03T00:00:00,172.2478227195334,173.05738350136653,171.48587204669022,172.48593139648438,2606533.0
2024-04-04T00:00:00,172.39066207323833,173.6288299560547,171.58108685251264,173.6288299560547,3548476.0
2024-04-05T00:00:00,170.0096019274047,172.67642211914062,168.81905849654052,172.67642211914062,4078070.0
2024-04-08T00:00:00,173.0097331602737,175.05747619767766,172.96212305835581,174.43838500976562,3283845.0
2024-04-09T00:00:00,174.15268047521462,175.15272522505316,172.67640387035868,173.4383544921875,3035759.0
2024-04-10T00:00:00,173.6288165759441,175.24795235962372,171.81918226112774,174.62887573242188,2955617.0
2024-04-11T00:00:00,173.7240676630401,176.20040347096676,171.15249711357714,172.86688232421875,4821141.0
2024-04-12T00:00:00,174.34315014531396,176.77186119427205,173.91455749737972,174.10504150390625,3160774.0
2024-04-15T00:00:00,176.43850220354616,179.77202316285744,176.0575341928241,177.24807739257812,4012777.0
2024-04-16T00:00:00,175.2955865475848,175.81942847076985,173.29546812560488,175.1051025390625,4602283.0
2024-04-17T00:00:00,173.295475763603,176.96235485451777,171.72396445778176,174.58126831054688,4212177.0
2024-04-18T00:00:00,175.3908407426076,175.48609002393454,172.91451929110644,173.96218872070312,3669600.0
2024-04-19T00:00:00,172.15256616783307,172.3906748347319,170.200072192663,170.91439819335938,3845665.0
2024-04-22T00:00:00,171.48585540485917,173.34309999824055,167.67611694335938,167.67611694335938,6215589.0
2024-04-23T00:00:00,167.67611311750372,170.72390091056258,167.19989582068206,169.48573303222656,5135441.0
2024-04-24T00:00:00,169.4381182026795,184.5342131988567,168.19996478568024,183.7722625732422,9289559.0
2024-04-25T00:00:00,184.77962582076015,184.77962582076015,179.26310030259208,181.61361694335938,4194906.0
2024-04-26T00:00:00,184.5398035645872,186.218746356324,183.86821473651696,186.02685546875,5208294.0
2024-04-29T00:00:00,186.4105993558493,188.37736359443608,186.3626266399389,187.3699951171875,3640264.0
2024-04-30T00:00:00,190.10426641404553,190.344115357106,185.8349581554126,187.51390075683594,4427128.0
2024-05-02T00:00:00,185.40324189597126,187.17813001560455,184.4438460776221,185.25933837890625,4614479.0
2024-05-03T00:00:00,185.8349527197102,189.0969070334506,185.69104921377019,188.08953857421875,4580956.0
2024-05-06T00:00:00,188.95298858873457,189.4326864600638,187.0341971034177,189.00096130371094,2209431.0
2024-05-07T00:00:00,190.00833493887612,191.15960693359375,187.46592736802296,191.15960693359375,3721710.0
2024-05-08T00:00:00,190.39209526527128,193.3182554089829,190.10427359488324,191.63931274414062,2366194.0
2024-05-10T00:00:00,194.8532922597671,195.6207971861241,192.64667899844548,194.27764892578125,3614908.0
2024-05-13T00:00:00,193.89389967483157,194.08577590959965,191.01571223565577,191.68728637695312,2684235.0
2024-05-14T00:00:00,191.25554016003855,191.83116880105132,190.15222631280142,191.35147094726562,3248742.0
2024-05-15T00:00:00,192.35883854162364,193.3182342450731,190.0083219960157,193.12635803222656,2938816.0
2024-05-16T00:00:00,193.41420188093844,193.60607811581824,189.72052214282442,189.8644256591797,4106945.0
2024-05-17T00:00:00,189.48067106881123,190.344121435716,187.8976738497464,189.72052001953125,2704590.0
2024-05-20T00:00:00,190.5839620912487,192.0710284488317,190.10426421068757,191.97509765625,1812609.0
2024-05-21T00:00:00,191.83116972271614,191.97508786307336,190.6798977959425,191.39944458007812,3820175.0
2024-05-22T00:00:00,191.6872657720771,195.5248486118015,191.3994441312544,195.04515075683594,4164143.0
2024-05-23T00:00:00,195.9086205378127,198.01928838188113,195.1411009656374,197.1558380126953,3800837.0
2024-05-24T00:00:00,195.81268127192288,195.81268127192288,193.70199887992302,195.71673583984375,4009793.0
2024-05-27T00:00:00,195.6208069666835,195.6208069666835,193.51013903523733,194.85330200195312,1383310.0
2024-05-28T00:00:00,194.94920895118406,195.8126738896903,191.68726933251708,193.4141845703125,2787897.0
2024-05-29T00:00:00,193.03040848712578,193.51010632861426,189.67252359670633,191.0636444091797,3082071.0
2024-05-30T00:00:00,190.15224484847772,190.8238189813981,189.2408217652845,190.63194274902344,2081692.0
2024-05-31T00:00:00,190.63194567040327,193.12638064715475,189.33677010261255,192.6466827392578,11517020.0
2024-06-03T00:00:00,194.56547613396856,196.10050066961793,193.03043695910068,193.70201110839844,3550649.0
2024-06-04T00:00:00,193.2223004343349,193.41419129793337,191.35148162799,191.97509765625,2808654.0
2024-06-05T00:00:00,192.74259889064328,194.85328123637214,192.0710247984647,193.60606384277344,4642302.0
2024-06-07T00:00:00,195.23704402608683,197.25178104862803,193.98982656638125,196.10049438476562,3843990.0
2024-06-10T00:00:00,194.8532806413129,195.7167309515889,192.93448916139533,195.4289093017578,2315341.0
2024-06-11T00:00:00,195.71673955510258,196.580189903335,192.7426067748036,194.0857696533203,2459070.0
2024-06-12T00:00:00,194.94922953950763,197.73148622734644,194.0857791490306,197.44366455078125,3144693.0
2024-06-13T00:00:00,198.01928854358414,198.01928854358414,194.27765075509916,194.37359619140625,4226611.0
2024-06-14T00:00:00,194.2776582895507,194.46953453038796,190.44007491592993,192.071044921875,3244439.0
2024-06-17T00:00:00,192.55071531647607,193.7019872361324,190.9677182568507,192.2628936767578,4361386.0
2024-06-18T00:00:00,193.41418578729994,193.7979382251282,191.6392978241057,193.51011657714844,2691189.0
2024-06-19T00:00:00,193.2223094112398,193.79795275034394,190.63194366370755,190.67991638183594,2226020.0
2024-06-20T00:00:00,191.54336063310524,191.87915501005995,188.66517330795435,190.29615783691406,9281799.0
2024-06-24T00:00:00,189.33676345960623,194.2776458819033,188.3773676774734,194.0857696533203,3623452.0
2024-06-25T00:00:00,192.838530893186,192.838530893186,187.46590925142067,189.1448516845703,2984102.0
2024-06-26T00:00:00,190.67991390923288,193.893895672321,190.536010395932,191.4474334716797,2857068.0
2024-06-27T00:00:00,191.25557319768416,193.8939118492542,190.583984375,190.583984375,2274262.0
2024-06-28T00:00:00,192.35885072208467,192.83854860418464,190.29615568474188,191.11163330078125,2907384.0
2024-07-01T00:00:00,191.63931310658577,192.55073619852314,189.86442500185123,190.72789001464844,1896172.0
2024-07-02T00:00:00,190.20020048009584,190.29614590727317,188.08953283514623,189.57659912109375,2656330.0
2024-07-03T00:00:00,190.344121435716,193.22230884435618,189.04894588535885,189.72052001953125,3713419.0
2024-07-04T00:00:00,190.58396925101127,190.72788740411676,182.57302312821977,187.80172729492188,3517092.0
2024-07-05T00:00:00,188.04159267452192,188.23346892287654,185.11543230965106,186.02685546875,2189317.0
2024-07-08T00:00:00,186.2666790802977,188.37736144250428,185.54713226751383,188.1854705810547,2937446.0
2024-07-09T00:00:00,187.22607698186715,187.84969301030884,184.87556029427634,185.54713439941406,2750685.0
2024-07-10T00:00:00,185.54714053315976,185.88293491643796,184.10804684348412,184.9715118408203,2961076.0
2024-07-11T00:00:00,185.35524360757162,187.51388390107414,184.97149118885775,186.5065155029297,2875394.0
2024-07-12T00:00:00,186.21872189918776,193.510120853579,186.21872189918776,192.8385467529297,3099041.0
2024-07-15T00:00:00,192.07103025524532,194.08576722823753,191.63930508652348,193.03042602539062,2909461.0
2024-07-16T00:00:00,192.64666442508198,192.83854064215618,190.2002023995396,192.4547882080078,2185828.0
2024-07-17T00:00:00,191.97510021698008,192.07103101084138,186.41060180040338,186.60247802734375,3412785.0
2024-07-18T00:00:00,186.74637210691301,187.27404268376455,175.32956882951513,176.81663513183594,8598283.0
2024-07-19T00:00:00,176.24100068764298,179.1671607250523,175.37755034706475,175.52145385742188,3480621.0
2024-07-22T00:00:00,176.3849121127832,179.0232503896775,175.56941988060174,176.96054077148438,4668223.0
2024-07-23T00:00:00,177.0085165389975,179.6468548613945,174.8978488089234,178.97528076171875,2483693.0
2024-07-24T00:00:00,177.44023649770418,177.87196164632198,175.80926669224976,176.81663513183594,2476778.0
2024-07-25T00:00:00,173.98641730996806,176.09708493740135,171.82777696934423,175.71331787109375,3201987.0
2024-07-26T00:00:00,175.66536439834996,177.44023771915573,175.0417483889719,176.91256713867188,2593216.0
2024-07-29T00:00:00,177.8240097033473,179.55091035736734,177.2003936767578,177.2003936767578,2363847.0
2024-07-30T00:00:00,177.5841607567592,180.07858094536692,177.44024260945147,179.02325439453125,2281777.0
2024-07-31T00:00:00,182.6210061397284,184.01212719618647,181.85348653089048,182.86085510253906,6292304.0
2024-08-01T00:00:00,182.86084892677576,182.86084892677576,174.51409359148462,175.08973693847656,3984336.0
2024-08-02T00:00:00,172.30748884912123,172.4034196440946,167.4625372068186,168.2300567626953,4372837.0
2024-08-05T00:00:00,162.52163662605736,165.78359100839506,160.21909264729229,165.25592041015625,5218174.0
2024-08-06T00:00:00,166.93487534753544,168.0861474220885,163.33714096504545,165.06405639648438,3730040.0
2024-08-07T00:00:00,166.40719265672578,169.66914704410493,165.35186609783477,168.94960021972656,3298451.0
2024-08-08T00:00:00,167.41455991928186,170.19680176425913,166.31126065229165,169.81304931640625,2607122.0
2024-08-09T00:00:00,170.00493502895904,171.01230355981988,168.1820888410915,169.47726440429688,2048830.0
2024-08-12T00:00:00,169.86103941267348,171.30013319819872,169.4293142048597,169.95697021484375,1608644.0
2024-08-13T00:00:00,170.5805812850334,171.77982607100913,170.1008833706431,171.49200439453125,1792431.0
2024-08-14T00:00:00,173.9384765625,174.80192700174433,172.83516251322177,173.9384765625,2625217.0
2024-08-15T00:00:00,174.84988403320312,176.38492316435332,173.2668868235692,174.84988403320312,3179219.0
2024-08-16T00:00:00,175.66537475585938,176.0491272156286,174.75393704527602,175.66537475585938,3268051.0
2024-08-19T00:00:00,175.66538385377586,176.62477969210514,175.52146569449525,176.2410125732422,1870459.0
2024-08-20T00:00:00,176.67273167924333,177.58416940559582,175.52145964079907,175.8572540283203,1542324.0
2024-08-21T00:00:00,176.19301357767367,177.008505774326,174.80189274739897,175.5694122314453,1817186.0
2024-08-22T00:00:00,175.95318877604538,177.39228251621768,175.7613125385328,176.09710693359375,1363458.0
2024-08-23T00:00:00,175.71331916765678,178.7833971639044,175.04174509568392,177.63211059570312,2708563.0
2024-08-26T00:00:00,177.3922647050238,178.25572964596148,176.24099275632392,176.86460876464844,1374913.0
2024-08-27T00:00:00,176.9125726534108,177.39227053440075,174.84987762084097,175.37754821777344,1958154.0
2024-08-28T00:00:00,175.85724031982966,178.06385342771435,174.89784458937692,176.86460876464844,2265301.0
2024-08-29T00:00:00,176.52882556609293,179.79076540021396,176.0971003879325,179.40701293945312,1811134.0
2024-08-30T00:00:00,179.40701450203886,179.55091801627302,178.20776975269368,178.59152221679688,3173123.0
2024-09-02T00:00:00,178.35167758495115,178.68747197858488,176.57680409648017,177.91995239257812,2036910.0
2024-09-03T00:00:00,176.91256250477366,179.0712028453975,174.65799137698548,175.71331787109375,3379813.0
2024-09-04T00:00:00,172.35544402851568,174.51408450855718,171.63589720183518,172.6912384033203,2838013.0
2024-09-05T00:00:00,171.6358957211816,172.3074844649973,168.46990142247367,168.90162658691406,2225011.0
2024-09-06T00:00:00,167.51051217694538,168.9975639523862,165.11202268208203,165.5917205810547,2577407.0
2024-09-09T00:00:00,167.31860362638264,170.10085992996994,167.17470012758355,169.14146423339844,2408536.0
2024-09-10T00:00:00,169.4772613630285,171.3480948750058,168.46990748946297,169.28538513183594,2373954.0
2024-09-11T00:00:00,169.6691565649454,171.30012653054666,168.13411739778044,168.6138153076172,2274567.0
2024-09-12T00:00:00,171.92371337207007,173.60265591406142,170.48461976464893,171.4440155029297,2928994.0
2024-09-13T00:00:00,171.9716894537464,172.93108521081055,171.3480880673417,172.54733276367188,1320797.0
2024-09-16T00:00:00,171.82778136182836,172.8351351684974,170.77244020152537,171.34808349609375,2077852.0
2024-09-17T00:00:00,171.53998386910297,174.17832250214806,171.53998386910297,173.74659729003906,2355794.0
2024-09-18T00:00:00,173.6026728270907,173.6026728270907,171.4920049250872,172.45140075683594,2429231.0
2024-09-19T00:00:00,174.37018690039528,178.7354407245074,173.41079109901762,177.6800994873047,3861567.0
2024-09-20T00:00:00,176.28896727296984,176.5767889228916,174.46612122216072,175.1376953125,6867594.0
2024-09-23T00:00:00,175.42552030696666,177.8240097033473,174.32220640110106,177.2003936767578,2815315.0
2024-09-24T00:00:00,179.59888859496385,180.8461060472714,176.52882500105005,178.44761657714844,2486550.0
2024-09-25T00:00:00,177.919942550848,182.5730178892617,177.63212089211416,181.94940185546875,2893600.0
2024-09-26T00:00:00,187.3699948027813,189.43268983051016,186.21872281895085,188.2814178466797,4499111.0
2024-09-27T00:00:00,189.00097801093347,190.34412631369938,187.0342136367831,190.0083465576172,3171103.0
2024-09-30T00:00:00,189.0009677233692,191.25555365088331,188.08954466472952,188.47329711914062,4206846.0
2024-10-01T00:00:00,189.00095510459795,190.0562962425946,186.36261689882312,186.79434204101562,2879862.0
2024-10-02T00:00:00,187.70578207245705,189.67254638671875,187.51390584065012,189.67254638671875,2316717.0
2024-10-03T00:00:00,188.42531738151814,189.0969061105398,186.79434755221675,188.04156494140625,2180226.0
2024-10-04T00:00:00,188.04157319634368,189.5766123026132,185.49918023075372,187.60984802246094,2597202.0
2024-10-07T00:00:00,188.76111604328432,188.76111604328432,185.97887419109065,187.3699951171875,1624200.0
2024-10-08T00:00:00,185.3072930640204,186.6504559686364,183.91617208074015,185.9788818359375,2265937.0
2024-10-09T00:00:00,186.07480954543493,187.60984865689545,185.45120814096416,186.7463836669922,2506608.0
2024-10-10T00:00:00,186.26667753451758,186.79434812069022,182.52503999477932,184.39585876464844,3508201.0
2024-10-11T00:00:00,184.25197157488176,186.84233738094588,183.8682044604013,186.31466674804688,2240663.0
2024-10-14T00:00:00,186.36260636084765,188.04154876049495,186.02681202523183,187.9935760498047,1811185.0
2024-10-15T00:00:00,188.1854802115583,189.76849206422483,178.3996459847453,178.59152221679688,5357770.0
2024-10-16T00:00:00,176.43288813309377,178.7354469197412,174.2742475051723,177.10447692871094,4948008.0
2024-10-17T00:00:00,176.8166455149248,177.91994480831605,175.8092770161836,176.52882385253906,4897815.0
2024-10-18T00:00:00,177.1088814223394,179.13906558265256,176.577165118309,177.44725036621094,3706756.0
2024-10-21T00:00:00,177.15720883820697,177.4955777570346,174.74033013645789,175.41705322265625,4090772.0
2024-10-22T00:00:00,175.41706218226315,175.90043794730187,172.5651481188262,173.91859436035156,4507663.0
2024-10-23T00:00:00,171.59839658874873,177.44724629600887,168.456454115997,173.91859436035156,6698407.0
2024-10-24T00:00:00,173.43521050085133,176.52882705388197,172.32345219373263,173.48355102539062,3318189.0
2024-10-25T00:00:00,173.2418770242711,174.64366383939864,172.03343757132353,173.5802459716797,2369018.0
2024-10-28T00:00:00,174.59531875319288,176.9155163456682,173.72523359242223,175.7070770263672,3405391.0
2024-10-29T00:00:00,176.19045311385665,176.86717618375573,174.74032592773438,174.74032592773438,3531768.0
2024-10-30T00:00:00,174.06360394810883,174.45029863291427,170.82498064490085,171.84007263183594,4203250.0
2024-10-31T00:00:00,170.341626263905,170.92168311527453,168.50480415366562,169.56822204589844,4344094.0
2024-11-01T00:00:00,170.0999223777421,170.7766454730865,169.13317088397665,169.61654663085938,1495150.0
2024-11-04T00:00:00,170.14826047218605,172.46845812349673,169.76156578078658,170.7283172607422,2316121.0
2024-11-05T00:00:00,170.34161480000617,172.17845153808594,169.71323221286107,172.17845153808594,2205190.0
2024-11-06T00:00:00,173.48354716944402,178.89736126546003,171.7917321083711,171.84007263183594,3979835.0
2024-11-07T00:00:00,171.93676293930395,177.6405909804047,171.50171295614516,176.91552734375,6352307.0
2024-11-08T00:00:00,177.35056014282347,177.68892906920408,174.01527041025176,175.1753692626953,7234086.0
2024-11-11T00:00:00,176.43214274818104,178.89736193961133,176.335461700887,178.4139862060547,3286490.0
2024-11-12T00:00:00,176.52883451426368,177.25389815862437,170.38995642476021,171.16336059570312,4847541.0
2024-11-13T00:00:00,171.2600246101441,172.22677612304688,169.85823786672654,172.22677612304688,4003612.0
2024-11-14T00:00:00,172.71014727389095,173.8219203349563,171.5500484396351,172.5167999267578,4331302.0
2024-11-15T00:00:00,170.9216670480256,171.98508484029333,169.4715398073774,169.61654663085938,4337402.0
2024-11-18T00:00:00,169.47155416024674,170.293284148667,167.77973890287413,168.74649047851562,2506809.0
2024-11-19T00:00:00,169.0365126063358,169.18151943669844,165.07282539323575,167.24801635742188,3125901.0
2024-11-20T00:00:00,168.4081229795894,169.1331866675768,165.7012155941446,165.8462371826172,2833290.0
2024-11-21T00:00:00,165.65287165053812,167.15132464022426,164.8794675178717,166.95797729492188,2519870.0
2024-11-22T00:00:00,167.19967285190552,169.18151642315397,166.13625502812022,168.35977172851562,5151579.0
2024-11-25T00:00:00,169.47154129499614,169.71322917055903,167.05466253936714,167.63470458984375,7406669.0
2024-11-26T00:00:00,166.42627300926324,167.73139349903195,165.6528835723937,167.15133666992188,1753978.0
2024-11-27T00:00:00,166.95798052775714,167.7313846753991,166.0395695561948,166.76463317871094,2662330.0
2024-11-28T00:00:00,167.63470687862164,168.9881678511275,166.5712890625,166.5712890625,2002379.0
2024-11-29T00:00:00,166.7162970906965,168.35977172851562,165.50785768767398,168.35977172851562,4898312.0
2024-12-02T00:00:00,167.5380423738997,172.80683523929582,167.15133291269944,171.16336059570312,4763690.0
2024-12-03T00:00:00,171.55005556030665,174.88534537902927,171.55005556030665,172.08177185058594,3624850.0
2024-12-04T00:00:00,173.72524979715604,175.12703658800967,172.66183194785162,174.69200134277344,2705680.0
2024-12-05T00:00:00,174.06361895038037,174.06361895038037,171.98509427390056,172.8068389892578,2706436.0
2024-12-06T00:00:00,172.32345433251007,174.9336804240014,172.22677328223153,174.3052978515625,2697008.0
2024-12-09T00:00:00,178.9940347464066,178.9940347464066,174.64365298615033,175.1753692626953,3676712.0
2024-12-10T00:00:00,174.0152666097232,174.74033022059706,172.75848673391715,173.53189086914062,4719802.0
2024-12-11T00:00:00,172.71014485556842,174.49864098228537,172.71014485556842,173.62857055664062,4042918.0
2024-12-12T00:00:00,173.6285804499798,174.64365775391872,172.61348839458321,173.00018310546875,3895148.0
2024-12-13T00:00:00,172.61348788442447,173.62857993682096,170.72832535937823,171.16336059570312,4203683.0
2024-12-16T00:00:00,170.92166948381137,172.51680357067363,170.67998160692576,171.35670471191406,4077108.0
2024-12-17T00:00:00,170.3416045993569,172.61347643490933,170.09991673393458,170.92166137695312,4544559.0
2024-12-18T00:00:00,171.3567072671639,172.08177090863285,169.51988527602555,171.21170043945312,4413086.0
2024-12-19T00:00:00,167.97307433452002,168.64979743910143,165.26616716473703,165.70120239257812,5088190.0
2024-12-20T00:00:00,164.34776169450237,164.8794779914526,162.07588967637759,164.44444274902344,7958378.0
2024-12-23T00:00:00,164.10608095563722,164.29942832164085,162.55927252469144,163.0426483154297,3181933.0
2024-12-27T00:00:00,163.57435887329527,165.072826722089,162.9943167957176,164.34776306152344,2821169.0
2024-12-30T00:00:00,163.81603446568587,163.96105603778983,161.83419099192002,163.23599243164062,3452894.0
2025-01-02T00:00:00,163.76771057199343,165.99124214027168,163.67104426556466,165.94290161132812,2313730.0
2025-01-03T00:00:00,165.50786635375286,166.66796529110636,165.314518989437,165.94290161132812,2206601.0
2025-01-07T00:00:00,170.82497712088502,171.5500407035301,168.02140383524,169.22984313964844,6196251.0
2025-01-08T00:00:00,168.7464980151139,172.71017080139558,168.55315064164196,170.14828491210938,4754760.0
2025-01-09T00:00:00,170.82499489699836,172.90351956774674,169.6648959943372,170.9700164794922,3682007.0
2025-01-10T00:00:00,171.5983868770761,172.80682622128086,169.37485553344797,169.8098907470703,2965023.0
2025-01-13T00:00:00,168.69813011117054,169.61654104973658,166.23291093289365,169.0364990234375,3263691.0
2025-01-14T00:00:00,170.29327392578125,171.74340120219082,169.1815155811169,170.29327392578125,3486753.0
2025-01-15T00:00:00,170.29329039050884,174.74035370204345,170.0032767083531,173.96694946289062,4601656.0
2025-01-16T00:00:00,176.23881855994026,178.02730015820302,175.22372643581346,176.04547119140625,4059729.0
2025-01-17T00:00:00,176.96387778561962,181.12091248566222,176.57716830686084,180.05747985839844,7025528.0
2025-01-20T00:00:00,180.25081911490258,181.41091799608458,178.75235129895782,179.6224365234375,2110576.0
2025-01-21T00:00:00,179.33240234087782,180.92753640720844,179.18739551719582,179.96078491210938,3195161.0
2025-01-22T00:00:00,180.4441652016794,183.0060655790527,180.4441652016794,182.52268981933594,4279031.0
2025-01-23T00:00:00,182.5226914387839,183.34442138671875,180.68585468468828,183.34442138671875,3340405.0
2025-01-24T00:00:00,183.8761251968935,186.29300385287647,183.8761251968935,186.0029754638672,3559937.0
2025-01-27T00:00:00,180.97588045524827,181.36258991169012,175.80376870665887,180.68585205078125,5722031.0
2025-01-28T00:00:00,181.70093895432018,189.09659667760874,174.30529598248864,174.40196228027344,12384270.0
2025-01-29T00:00:00,176.19046344139204,177.6405907125146,173.82192518218335,175.9971160888672,6496762.0
2025-01-30T00:00:00,176.43215117247206,179.67077464252233,175.99711594179033,177.8822784423828,4175889.0
2025-01-31T00:00:00,178.3656501707026,180.73418837443947,178.2206433475694,180.00912475585938,4150910.0
2025-02-03T00:00:00,174.0636133231996,177.20555574870338,173.96693227106266,176.91552734375,4139901.0
2025-02-04T00:00:00,176.67385050522495,179.04238891601562,174.2086310362557,179.04238891601562,3639168.0
2025-02-05T00:00:00,176.48049448558578,179.18740171579418,176.19046607673172,178.6556854248047,3250918.0
2025-02-06T00:00:00,179.719107670557,180.2991645025156,177.59225720580554,180.25082397460938,3183525.0
2025-02-07T00:00:00,180.54085047582663,180.6375315306137,177.54391479492188,177.54391479492188,2945642.0
2025-02-10T00:00:00,177.68892291428224,179.57408532813554,176.81883774149532,179.3323974609375,3232411.0
2025-02-11T00:00:00,179.3324117994906,179.62244021360883,177.10888029319455,178.46234130859375,3220762.0
2025-02-12T00:00:00,179.18739591409036,180.78252998395416,177.6889281430763,178.99403381347656,3022128.0
2025-02-13T00:00:00,180.68584601313142,183.82778832837792,180.29915132106848,182.9577178955078,4036727.0
2025-02-14T00:00:00,182.7160396590293,183.29609647916485,180.83087712077528,181.41091918945312,3167866.0
2025-02-17T00:00:00,181.16923130630627,181.41091918945312,180.2024797737188,181.41091918945312,2611221.0
2025-02-18T00:00:00,181.60428253465926,184.35951557043413,180.73419729852682,184.16616821289062,4086800.0
2025-02-19T00:00:00,183.97281812867942,184.3111723115013,178.41399686080905,178.7040252685547,5693369.0
2025-02-20T00:00:00,179.33241317838306,181.7976325901565,178.89737792958965,181.1692352294922,3742479.0
2025-02-21T00:00:00,181.5075990492904,182.3776695223125,179.6224365234375,179.6224365234375,6048904.0
2025-02-24T00:00:00,179.7191008382319,180.1541508213907,175.22371219155568,176.91552734375,3420280.0
2025-02-25T00:00:00,174.5953247870887,177.06052928249335,174.45030321288684,176.28713989257812,3383974.0
2025-02-26T00:00:00,177.68893347098168,180.15415281315438,177.06053612805897,179.6224365234375,3767174.0
2025-02-27T00:00:00,177.39889888964063,178.26896933238572,174.98202015817412,176.23880004882812,3922012.0
2025-02-28T00:00:00,173.6285819428732,177.06053809799948,173.38689405862726,176.67384338378906,8232733.0
2025-03-03T00:00:00,176.52884421187562,178.07563788727697,175.07871684349152,175.27206420898438,5851286.0
2025-03-04T00:00:00,172.42015102176376,173.33856207688345,168.60147046125485,169.56822204589844,5849265.0
2025-03-05T00:00:00,173.91858369604935,179.23571678544053,171.98508075445255,178.3656463623047,6462212.0
2025-03-06T00:00:00,179.71909824559222,180.15414822247496,172.8551714351549,177.06053161621094,5369088.0
2025-03-07T00:00:00,175.1753652699264,177.9789534135082,173.19352178513475,177.30221557617188,6084395.0
2025-03-10T00:00:00,178.22064687791544,178.46233475556303,172.6134851661999,173.1935272216797,3915631.0
2025-03-11T00:00:00,175.75541204082037,175.75541204082037,169.03649258638563,169.42318725585938,4600879.0
2025-03-12T00:00:00,171.59838769211947,173.24186225775262,169.80989155361883,170.7283172607422,6365358.0
2025-03-13T00:00:00,169.5682135144767,171.69507869485116,168.02141990774533,170.0999298095703,3017065.0
2025-03-14T00:00:00,169.42318728036966,171.55003746569506,169.08481838093914,171.308349609375,3440299.0
2025-03-17T00:00:00,171.45338467823495,172.71014982892115,170.29327107535966,172.37179565429688,3153023.0
2025-03-18T00:00:00,172.61348657832005,172.95184075892027,167.0063248207333,168.40811157226562,4943707.0
2025-03-19T00:00:00,167.7797215727697,168.45644465552778,166.37793488317286,167.9247283935547,6316304.0
2025-03-20T00:00:00,168.0697703611631,168.74649352604197,165.8462387467395,166.66796875,5782469.0
2025-03-21T00:00:00,165.70119174098537,165.94287960218952,160.77076822329445,161.64083862304688,8516889.0
2025-03-24T00:00:00,162.80094745724767,162.80094745724767,160.43240922151367,161.97921752929688,5352079.0
2025-03-25T00:00:00,161.83418945108167,164.25106811523438,160.38406225259007,164.25106811523438,3957632.0
2025-03-26T00:00:00,164.58943936366873,165.07281510335648,160.62575239764666,161.302490234375,3870897.0
2025-03-27T00:00:00,159.36900760186975,160.96414184570312,158.40225599919287,160.96414184570312,4898564.0
2025-03-28T00:00:00,159.22397961412278,160.67410695988247,157.96719963083942,158.54725646972656,3982997.0
2025-03-31T00:00:00,156.51706805323732,156.80709646483925,153.32679977998967,154.10018920898438,6859128.0
2025-04-01T00:00:00,155.5019949703276,155.84034916685343,153.76183920483209,155.74368286132812,4794223.0
2025-04-02T00:00:00,154.0518616402835,155.1636199951172,152.07001806077085,155.1636199951172,7319601.0
2025-04-03T00:00:00,150.37819950097156,152.31170251030207,146.6078597819027,146.89788818359375,8879032.0
2025-04-04T00:00:00,145.3027523966146,145.7861281432757,136.16695373501148,138.53549194335938,9938091.0
2025-04-07T00:00:00,126.20939943402993,141.48407465121556,125.67768320862535,132.63829040527344,14861937.0
2025-04-08T00:00:00,135.63524881183022,138.5838440634597,134.66849723762112,136.89202880859375,8717790.0
2025-04-09T00:00:00,131.4781976744186,135.8285792151163,131.09150299360587,135.103515625,10989064.0
2025-04-10T00:00:00,150.71655381214495,151.53829849243164,143.17590387014673,145.01272583007812,11421674.0
2025-04-11T00:00:00,145.10941451800343,145.39942818376053,138.5838415122234,143.61094665527344,8776716.0
2025-04-14T00:00:00,147.57461711373617,147.71963869603667,144.62603670924457,146.55953979492188,5237508.0
2025-04-15T00:00:00,145.78611726368044,149.0247256737475,145.78611726368044,148.63803100585938,4581619.0
2025-04-16T00:00:00,145.9794736989233,147.0912320020078,144.86771539583876,146.17282104492188,10883060.0
2025-04-17T00:00:00,145.97948783598196,146.46286362351833,143.1759141688544,144.3843536376953,3946519.0
2025-04-22T00:00:00,145.10940756371468,145.30275491543935,141.77410305276993,144.96438598632812,4945757.0
2025-04-23T00:00:00,147.38126744035247,151.054926195724,146.9462322032003,147.62295532226562,8198034.0
2025-04-24T00:00:00,146.9945656203275,148.0579833984375,145.78612626920915,148.0579833984375,5846428.0
2025-04-25T00:00:00,150.0881627386248,151.19992100647647,148.6863760852381,150.23316955566406,3744255.0
2025-04-28T00:00:00,149.79813863009358,150.71654958429633,148.68638033049922,149.0247344970703,6284282.0
2025-04-29T00:00:00,150.5232133632639,150.5232133632639,140.37232208971005,141.77410888671875,10345218.0
2025-04-30T00:00:00,142.1159582895901,146.3647918701172,140.60200523768393,146.3647918701172,7170296.0
2025-05-02T00:00:00,149.19735122680365,149.4415367443598,146.7554960512422,148.41595458984375,5776520.0
2025-05-05T00:00:00,148.26944835647686,148.4159537045762,146.80433525987908,148.17176818847656,3213916.0
2025-05-06T00:00:00,147.87875085787962,148.17177647436566,145.09504476101733,146.21829223632812,4820921.0
2025-05-07T00:00:00,145.63224399744692,146.9508368079465,145.14387297787655,146.26712036132812,4489235.0
2025-05-08T00:00:00,147.29271698453604,149.39270661387752,146.85318600442994,148.56248474121094,5742762.0
2025-05-09T00:00:00,148.95316725123442,150.02758950116453,147.4392140459334,147.97642517089844,4320357.0
2025-05-12T00:00:00,150.41827289128707,158.7205801612607,150.22292746571486,158.4763946533203,9839395.0
2025-05-13T00:00:00,158.67174363508678,159.74616585566503,156.9624450411947,159.45314025878906,7112283.0
2025-05-14T00:00:00,159.40430863380183,159.6484941601722,157.74385003526362,158.4275665283203,5806063.0
2025-05-15T00:00:00,157.49966050353817,160.91825778578553,156.52291842289608,160.674072265625,7067505.0
2025-05-16T00:00:00,161.45546317160353,162.77405599125706,160.13685544804918,160.82057189941406,7104621.0
2025-05-19T00:00:00,159.84382542461736,161.2601132750824,159.55081474208018,161.21127319335938,4165261.0
2025-05-20T00:00:00,161.50430208686313,162.13917845056108,159.8438286976826,161.26011657714844,4217629.0
2025-05-21T00:00:00,159.5996440836521,160.283375437811,156.81593819962262,159.89266967773438,5126437.0
2025-05-22T00:00:00,157.98802799578075,158.8670898870562,154.0322196772391,154.61827087402344,7750226.0
2025-05-23T00:00:00,154.37408849681438,155.7903615299427,150.1740945782363,152.12757873535156,4187912.0
2025-05-26T00:00:00,154.71594062359185,154.86246087898687,153.15316222668878,154.22756958007812,2045606.0
2025-05-27T00:00:00,154.56943615226487,155.692683597182,153.83687958282286,154.4717559814453,3631898.0
2025-05-28T00:00:00,154.1787354723492,154.27640073305653,153.15315335956825,153.3973388671875,2551287.0
2025-05-30T00:00:00,151.88339573011672,152.46944694851382,149.97875162617854,150.3206024169922,12169226.0
2025-06-02T00:00:00,148.9531690195987,149.63688550317065,147.43921579632413,148.4647979736328,5486815.0
2025-06-03T00:00:00,148.95316413593306,150.4671173095703,148.12292742345105,150.4671173095703,4984701.0
2025-06-04T00:00:00,151.44386184143534,154.27640789984193,151.29734158771694,153.73919677734375,5379848.0
2025-06-05T00:00:00,153.7391923099612,155.44849089303085,152.4205994882194,154.12989807128906,5175075.0
2025-06-09T00:00:00,154.08106246545202,155.39967022941104,153.29966582399118,153.73919677734375,2743805.0
2025-06-10T00:00:00,153.4950109630514,154.4229278564453,152.90897466100932,154.4229278564453,5374688.0
2025-06-11T00:00:00,154.32524531438756,155.20430720588377,152.95781239341542,153.0066375732422,5713471.0
2025-06-12T00:00:00,151.49269969895963,151.83455047814115,149.3926953244113,151.39501953125,4958318.0
2025-06-13T00:00:00,148.5624783583159,149.78340597498877,147.92758705530505,149.3927001953125,7427837.0
2025-06-16T00:00:00,149.39270937507828,150.9555027820095,148.7089928485093,150.2229461669922,3100107.0
2025-06-17T00:00:00,149.19734252714244,149.88105895565204,148.0252550919973,148.5136260986328,3883886.0
2025-06-18T00:00:00,148.02527357677752,148.75783017820936,145.43689797604364,146.02294921875,4149282.0
2025-06-19T00:00:00,144.65550309332238,148.17176551947844,144.65550309332238,147.439208984375,6740032.0
2025-06-23T00:00:00,146.4624612869378,147.04851245397063,143.92294100556296,145.0461883544922,3914538.0
2025-06-24T00:00:00,148.953163679256,151.29733865428716,145.92525734126482,146.9996795654297,7087553.0
2025-06-25T00:00:00,147.68340296837644,149.00201076876888,145.92526420248709,146.41363525390625,3014434.0
2025-06-26T00:00:00,145.58340606539664,146.02293700872298,142.45783447475267,145.1438751220703,6838498.0
2025-06-27T00:00:00,146.9508393093062,151.1508331298828,146.56014844855994,151.1508331298828,6041884.0
2025-06-30T00:00:00,153.10433237784133,153.10433237784133,147.78109062841938,149.2950439453125,8156634.0
2025-07-01T00:00:00,149.09967874655374,151.05316298773442,148.02527135624558,149.68572998046875,3611951.0
2025-07-02T00:00:00,150.71130239729032,153.88571408299129,150.36943671573135,153.69036865234375,5574634.0
2025-07-03T00:00:00,155.00896623048038,155.83920296601434,153.8857187919594,154.22756958007812,3338727.0
2025-07-04T00:00:00,152.9089821940867,153.69037887253967,152.32293095927142,153.15316772460938,2896281.0
2025-07-07T00:00:00,153.20199673810353,154.3252441357591,152.078734436547,153.44618225097656,2438234.0
2025-07-08T00:00:00,153.9833754160341,154.3252410888672,152.42059710684168,154.3252410888672,4604198.0
2025-07-09T00:00:00,154.37408823068108,157.25547437667848,153.98338245759078,156.2787322998047,4371283.0
2025-07-10T00:00:00,157.20664320453625,160.13686960128027,156.86479240059074,159.64849853515625,5103401.0
2025-07-11T00:00:00,158.7205834945962,159.11127435394562,156.76709939004732,156.91360473632812,3741453.0
2025-07-14T00:00:00,155.39967081747267,155.8392017724885,154.17874321803905,154.6671142578125,2420732.0
2025-07-15T00:00:00,155.64384844497437,157.45081225816784,155.2531426906267,155.93685913085938,2759048.0
2025-07-16T00:00:00,154.7159325659889,155.59500934087222,152.713623314984,153.6415252685547,3927051.0
2025-07-17T00:00:00,155.6438528350388,159.9903520104367,155.35082723698818,158.76942443847656,4421076.0
2025-07-18T00:00:00,159.99035942570018,161.79732337361008,142.65318710031968,146.41363525390625,13287357.0
2025-07-21T00:00:00,148.2694551547907,150.36944472797387,148.09852230490327,149.19735717773438,3186095.0
2025-07-22T00:00:00,148.6601477252159,148.85549316849068,146.75550357145823,147.1461944580078,3413866.0
2025-07-23T00:00:00,149.83222850166845,150.80897057769994,147.39037331158977,148.66014099121094,4112220.0
2025-07-24T00:00:00,150.61362179961458,150.85780731320148,148.1229265802481,148.61129760742188,3463726.0
2025-07-25T00:00:00,148.31828908808836,148.4647944368274,145.7299136637898,147.48805236816406,4957842.0
2025-07-28T00:00:00,151.19967273698168,151.29733799990998,146.75549341646817,147.6833953857422,3686014.0
2025-07-29T00:00:00,147.92757253744753,150.71129319182336,147.5368817000159,148.70896911621094,2253966.0
2025-07-30T00:00:00,149.0020183188328,151.19968816157692,148.51364724266742,149.2950439453125,3036439.0
2025-07-31T00:00:00,149.58804529285692,150.66246755464516,145.68107692839286,145.92526245117188,3615712.0
2025-08-01T00:00:00,144.1182958599212,144.36248137818473,140.7973638691963,141.72528076171875,5375603.0
2025-08-04T00:00:00,142.50666426688738,143.09271547955876,141.4810970005646,142.21365356445312,3101817.0
2025-08-05T00:00:00,142.50666514726,143.53224732382006,142.16481435767437,142.4578399658203,6190953.0
2025-08-06T00:00:00,143.09271891911825,143.77643541440193,139.96714715217726,140.65086364746094,3577164.0
2025-08-07T00:00:00,140.2601607823493,144.46013956765083,140.2601607823493,143.2392120361328,5447017.0
2025-08-08T00:00:00,143.53224030147038,144.06945140613783,142.75084368594506,143.97177124023438,1855733.0
2025-08-11T00:00:00,144.26479448773418,144.65550024109282,141.62759399414062,141.62759399414062,2768291.0
2025-08-12T00:00:00,141.82295246146558,142.89737475213428,141.52992684547394,142.7508544921875,3212884.0
2025-08-13T00:00:00,143.48341612827738,143.5322562166446,142.06714298904245,143.28807067871094,4417803.0
2025-08-14T00:00:00,143.43457590235974,147.09735858726268,143.2880556526231,145.8275909423828,4050316.0
2025-08-15T00:00:00,146.60900116109264,147.1461974149178,145.0950478634616,145.3392333984375,3120868.0
2025-08-18T00:00:00,145.33922415443126,145.6322497585455,143.53224534897788,144.5089874267578,1796774.0
2025-08-19T00:00:00,144.75316104564007,149.14850003429657,144.75316104564007,148.70896911621094,3646295.0
2025-08-20T00:00:00,147.53690250915628,147.63456778033918,145.68108350985423,146.02294921875,2912485.0
2025-08-21T00:00:00,145.82759960588797,145.9741049604275,144.75317732625882,145.72991943359375,4023768.0
2025-08-22T00:00:00,145.09503601946403,149.19734969141,145.09503601946403,148.85548400878906,3853736.0
2025-08-25T00:00:00,148.4159628873582,148.61130833154408,146.4624786376953,146.4624786376953,2688591.0
2025-08-26T00:00:00,145.8764253570859,148.80665139114402,145.63223985424773,147.58572387695312,5743237.0
2025-08-27T00:00:00,147.87875593674002,148.22062165169865,146.02295180842802,146.75550842285156,2541328.0
2025-08-28T00:00:00,147.48805588170103,149.44154006556462,147.19503027334116,148.4647979736328,2713799.0
2025-08-29T00:00:00,148.12292875123475,148.6601398697798,146.65781564823973,147.48805236816406,4349481.0
2025-09-01T00:00:00,148.22061026590248,150.76014562905343,148.12293009658845,149.58804321289062,3122879.0
2025-09-02T00:00:00,149.5880361401651,149.92990181269892,144.9973515735857,145.09503173828125,4443329.0
2025-09-03T00:00:00,146.3648090944431,149.34386056508419,146.07178348476813,147.7810821533203,5043279.0
2025-09-04T00:00:00,149.24619969142367,151.0531636804613,148.70898854185492,149.00201416015625,4602519.0
2025-09-05T00:00:00,149.78339193673526,153.153148862146,149.63687169412597,152.17640686035156,4009696.0
2025-09-08T00:00:00,152.76245636606316,156.13222848758778,152.27408532281626,155.83920288085938,4841628.0
2025-09-09T00:00:00,155.64385366355398,156.8159411580947,153.4950092023447,153.93455505371094,3944237.0
2025-09-10T00:00:00,154.8136115528872,155.05779706006842,152.4694366455078,152.4694366455078,4629348.0
2025-09-11T00:00:00,153.2020053877525,154.17874749439062,150.02759354117856,153.3485107421875,7558503.0
2025-09-12T00:00:00,153.59268518596662,155.0089581576167,153.1531542504753,153.6415252685547,4075300.0
2025-09-15T00:00:00,154.0322342075436,154.3740999219005,152.02990981753,152.76246643066406,3022786.0
2025-09-16T00:00:00,153.15317207280447,157.20664603300307,151.83456420898438,151.83456420898438,4470924.0
2025-09-17T00:00:00,152.37175404153191,152.8112849666409,151.0531463623047,151.0531463623047,3002693.0
2025-09-18T00:00:00,152.17640720638417,158.2322046504998,152.17640720638417,157.25546264648438,8424436.0
2025-09-19T00:00:00,157.8415138104537,157.98801914949595,155.88802980242286,157.25546264648438,6937592.0
2025-09-22T00:00:00,157.45081226707302,159.0624455590347,156.71825574451788,157.54849243164062,3508092.0
2025-09-23T00:00:00,157.54849926406456,159.55082349333045,155.59501511920053,158.57408142089844,3413521.0
2025-09-24T00:00:00,157.89034111502397,158.72057779118418,155.4973261537216,156.13221740722656,3761017.0
2025-09-25T00:00:00,155.74152337259306,156.57176011120208,154.47175567397403,155.15548706054688,2614657.0
2025-09-26T00:00:00,155.35083996332872,155.88805111977973,151.78572221881006,152.95782470703125,6158980.0
2025-09-29T00:00:00,153.49499720072623,153.7391826973255,151.83453880463136,152.3717498779297,3038870.0
2025-09-30T00:00:00,151.8833979759297,155.20431518554688,151.63921244863724,155.20431518554688,4178266.0
2025-10-01T00:00:00,155.88803636238944,156.57175281319186,153.83687210608136,155.74151611328125,4068119.0
2025-10-02T00:00:00,159.2089679162036,166.19266821599766,157.69501462701754,164.04383850097656,7914433.0
2025-10-03T00:00:00,165.06941573199106,166.63220906142857,164.43453932535178,166.04615783691406,4703406.0
2025-10-06T00:00:00,165.75312144005414,168.39032197097848,165.21591033651936,167.26707458496094,5545127.0
2025-10-07T00:00:00,167.0717400278636,168.14614740093788,165.65546695650556,166.04615783691406,4685978.0
2025-10-08T00:00:00,165.80196063839205,167.75544471071478,163.94615673124574,167.02288818359375,4870105.0
2025-10-09T00:00:00,167.6089562340795,168.29267274741773,163.40896207514155,164.04383850097656,3447424.0
2025-10-10T00:00:00,164.14150379788765,164.72754008310005,160.77174672023867,160.82057189941406,3082894.0
2025-10-13T00:00:00,161.8949982634656,163.6042968876651,161.0159363611521,162.72523498535156,3069760.0
2025-10-14T00:00:00,161.01593971622148,161.16244506835938,158.7205898400509,161.16244506835938,5055743.0
2025-10-15T00:00:00,164.53218824531092,165.46009017200956,162.33451872759824,163.26242065429688,5547526.0
2025-10-16T00:00:00,162.13918074422807,163.8484793364112,160.38104206863096,163.6042938232422,4545566.0
2025-10-17T00:00:00,161.11359364425627,162.67638684194898,160.47871729113763,160.52755737304688,4179467.0
2025-10-20T00:00:00,162.15402886462618,163.38620233624187,160.08397141583976,162.99191284179688,2935879.0
2025-10-21T00:00:00,162.99190998251072,164.12550354003906,161.75973653251043,164.12550354003906,2831541.0
2025-10-22T00:00:00,162.49904393093124,164.61837629186948,161.8583046990991,163.5340576171875,4195984.0
2025-10-23T00:00:00,162.64689972766215,167.0827242656893,158.55608978128697,162.05545043945312,10096535.0
2025-10-24T00:00:00,162.69619005613734,164.66766763320973,161.26687182099587,164.61837768554688,4913615.0
2025-10-27T00:00:00,165.30838067924984,169.0541908312689,165.25909073491158,167.87130737304688,5434241.0
2025-10-28T00:00:00,165.25909590171446,166.58984923455708,162.99190880306367,164.32264709472656,5784793.0
2025-10-29T00:00:00,163.13975976347118,164.27335328614137,161.21757224881418,162.35116577148438,3626680.0
2025-10-30T00:00:00,161.31614703783427,163.13976981660682,161.26687213125686,162.5976104736328,3629129.0
2025-10-31T00:00:00,161.51330383965296,162.30188282446025,157.86605834960938,157.86605834960938,5112684.0
2025-11-03T00:00:00,157.81677624746337,158.75322503010472,156.48602294921875,156.48602294921875,5355435.0
2025-11-04T00:00:00,154.07096295289674,156.23958510063184,153.43022376847065,155.05670166015625,3903075.0
2025-11-05T00:00:00,153.62739462538403,157.12675525565226,153.13452523619918,156.387451171875,3526856.0
2025-11-06T00:00:00,155.40170452108072,156.97889250304615,154.16953111053877,154.4652557373047,3096200.0
2025-11-07T00:00:00,154.3666906192532,155.00741477514296,151.90234380247827,153.1837921142578,3619306.0
2025-11-10T00:00:00,155.6974370499869,156.53532102815245,154.85956811300144,155.1060028076172,3430124.0
2025-11-11T00:00:00,155.1552720337521,157.8167786711151,154.85956244398247,157.37318420410156,3745577.0
2025-11-12T00:00:00,157.91534376920163,158.90108251313072,156.8803150798402,158.65464782714844,2936581.0
2025-11-13T00:00:00,158.60536636579783,159.73897500666274,154.8102810233728,155.2538604736328,5265287.0
2025-11-14T00:00:00,153.77524374684978,153.77524374684978,150.62088278079133,152.7895050048828,3764754.0
2025-11-17T00:00:00,152.39522365785683,153.13452775378852,150.86732551802862,151.40948486328125,3991810.0
2025-11-18T00:00:00,148.99440476594526,149.83228871271848,147.76223133903147,148.20582580566406,4344635.0
2025-11-19T00:00:00,147.8608136137655,151.01517462928987,147.76223372155107,149.09298706054688,4472451.0
2025-11-20T00:00:00,152.78951246151033,153.18380196106793,150.76874493362203,150.86732482910156,3293991.0
2025-11-21T00:00:00,147.56509503634294,150.8673260257566,147.3186603368697,150.67018127441406,3519479.0
2025-11-24T00:00:00,151.409480587771,152.34592940793823,150.47301672642382,151.45875549316406,5698146.0
2025-11-25T00:00:00,151.60662926025643,155.3524396791406,151.1630498119684,154.71170043945312,4267439.0
2025-11-26T00:00:00,156.04245022503287,156.0917401717454,153.52881335449217,154.0216827392578,2934614.0
2025-11-27T00:00:00,154.02168412025986,156.4367411190295,154.02168412025986,156.387451171875,3625970.0
2025-11-28T00:00:00,156.23959137686,158.11248897941675,155.94386674456692,157.91534423828125,7989314.0
2025-12-01T00:00:00,157.6689138124126,160.6261301328999,156.43674034554286,159.14752197265625,5779425.0
2025-12-02T00:00:00,158.9010772705078,159.64038130406277,157.76748376886187,158.9010772705078,4536610.0
2025-12-03T00:00:00,158.75323150867672,161.16828848073305,158.75323150867672,160.62612915039062,3815780.0
2025-12-04T00:00:00,166.5898430179014,168.01916114798482,163.7312067577345,166.0476837158203,6800693.0
2025-12-05T00:00:00,166.14627123409986,166.8855753051138,164.71695303837558,165.40696716308594,3650244.0
2025-12-08T00:00:00,166.58984375,168.41346639923796,165.9983945012798,166.58984375,5586087.0
2025-12-09T00:00:00,166.54056241469993,166.88557700115138,164.1255054330798,164.47052001953125,6381177.0
2025-12-10T00:00:00,164.81551766380326,164.86480761003924,162.94262003627475,164.12550354003906,3437732.0
2025-12-11T00:00:00,164.71695090464416,165.25909518342095,162.49903872033306,163.78048706054688,5054914.0
2025-12-12T00:00:00,165.0126676905004,166.63914572128087,163.8790740966797,163.8790740966797,5496106.0
2025-12-15T00:00:00,163.6326265191396,164.5197853452416,162.64688780516886,163.48477172851562,3331978.0
2025-12-16T00:00:00,162.05545283392323,162.7947569345181,160.92185922948326,161.66116333007812,4186089.0
2025-12-17T00:00:00,162.0061776150347,162.3018872217592,157.5210630718217,157.81678771972656,2941768.0
2025-12-18T00:00:00,157.32390817135504,161.0204284287536,157.27461822635382,160.87255859375,3489440.0
2025-12-19T00:00:00,161.41472457769987,162.35117340670854,160.47827574869123,161.71044921875,5327339.0
2025-12-22T00:00:00,161.5132980542965,162.89332626945705,161.11899353483676,162.15402221679688,2786588.0
2025-12-23T00:00:00,161.7597415264732,163.18905976436452,161.66116163095782,162.5976104736328,2673352.0
2025-12-29T00:00:00,162.9426217039621,163.68192578152892,162.44975231891755,163.18905639648438,2833182.0
2025-12-30T00:00:00,162.74548169140823,164.56908944440218,162.44975704354476,163.6819305419922,4039026.0
2026-01-02T00:00:00,163.8297831485903,166.04769541605637,163.43549365084618,165.35768127441406,3294371.0
2026-01-05T00:00:00,166.34341198465097,170.48351167469974,165.80125267068735,170.03993225097656,4214426.0
2026-01-07T00:00:00,185.31889077897452,185.31889077897452,175.16577832912446,177.28512573242188,10576895.0
2026-01-08T00:00:00,176.64438902738684,176.8415337781191,173.24359319341923,173.58860778808594,5310963.0
2026-01-09T00:00:00,173.93359876707387,176.05294609621302,173.29287459848507,175.7079315185547,4074640.0
2026-01-12T00:00:00,177.5808248991716,180.78447574832975,177.33439021846712,179.05943298339844,5619890.0
2026-01-13T00:00:00,179.79874229172876,180.4887714508553,177.03868581994135,178.81300354003906,5902613.0
2026-01-14T00:00:00,179.15801253444945,179.35515727040558,175.017912914654,176.49652099609375,5564951.0
2026-01-15T00:00:00,180.88305396222052,185.36816811774847,180.68590922771824,185.31887817382812,10254514.0
2026-01-16T00:00:00,187.2903609330298,188.6703891550119,185.02315881876248,188.3746795654297,9752324.0
2026-01-19T00:00:00,184.08671164115705,184.82601570397296,182.60810351552527,184.13600158691406,4407783.0
2026-01-20T00:00:00,180.63663183035337,185.7131805419922,180.48877702950182,185.7131805419922,7049859.0
2026-01-21T00:00:00,185.02315551373172,186.94534301757812,183.15025795432842,186.94534301757812,7427989.0
2026-01-22T00:00:00,189.21255183529618,190.54330517679423,187.78323364257812,187.78323364257812,5664231.0
2026-01-23T00:00:00,188.1775207254404,188.1775207254404,184.53029037094674,186.8960723876953,4479590.0
2026-01-26T00:00:00,186.55106137585202,188.57182885341692,186.05819199308888,187.58609008789062,4548184.0
2026-01-27T00:00:00,189.0646965592635,189.36042119453444,178.3201350856182,183.93885803222656,8882670.0
2026-01-28T00:00:00,184.72743678403378,188.91682649535795,179.35516357421875,179.35516357421875,8386119.0
2026-01-29T00:00:00,180.19304253906012,184.62886681635067,179.74946311956694,180.883056640625,5154888.0
2026-01-30T00:00:00,180.29161736090623,182.70668941175398,179.70018311592364,181.12950134277344,4211012.0
2026-02-02T00:00:00,178.41870760949496,184.87529920801913,177.63011362839947,184.57957458496094,7928823.0
2026-02-03T00:00:00,185.6146126031945,186.64964131549158,181.72094748662917,184.2838592529297,3906530.0
2026-02-04T00:00:00,185.46673846019772,188.12824509897186,183.79098560550332,186.35391235351562,6254595.0
2026-02-05T00:00:00,185.6639003753218,186.30462454909812,182.9531188011947,184.67816162109375,5381255.0
2026-02-06T00:00:00,183.34740475962192,185.8610415427881,182.46024591435358,185.26959228515625,3249900.0
2026-02-09T00:00:00,185.66389895434074,187.19178197875672,183.8402762565041,186.8960723876953,3196715.0
2026-02-10T00:00:00,187.78322886416788,188.3746781211567,186.4524755565327,187.2903594970703,3136940.0
2026-02-11T00:00:00,186.74820024277392,193.45122664560927,185.9596062469381,190.59259033203125,4676976.0
2026-02-12T00:00:00,192.4162081859164,192.711932830209,187.53680419921875,187.53680419921875,4007337.0
2026-02-13T00:00:00,186.64963679976321,190.29686713664577,185.6638980578393,189.6561279296875,5109437.0
2026-02-16T00:00:00,189.6561234241855,191.23331139026763,189.36041384157687,190.44471740722656,4020113.0
2026-02-17T00:00:00,189.55755930233866,191.2333121219758,187.93108138587206,190.98687744140625,3575992.0
2026-02-18T00:00:00,190.7404551143407,193.30338197472642,190.69116516679864,192.1204833984375,3847393.0
2026-02-19T00:00:00,191.62760304843118,192.41619704047324,190.0504301055264,192.07119750976562,3225223.0
2026-02-20T00:00:00,192.0712051379716,193.54981329133187,191.4797558601555,192.71192932128906,4369392.0
2026-02-23T00:00:00,192.36690709574947,192.85977646062832,190.3461547326896,192.07119750976562,2732413.0
2026-02-24T00:00:00,191.43046543075684,193.84552240025275,191.28261063226563,193.45123291015625,4345153.0
2026-02-25T00:00:00,193.59909009605454,195.91558224218255,191.7754823803951,193.05694580078125,4699012.0
2026-02-26T00:00:00,192.9090786360047,195.42271556449018,191.43047044762267,191.92333984375,3925052.0
2026-02-27T00:00:00,191.92332649468906,193.84551399765354,190.24757367264772,192.26834106445312,4945596.0
2026-03-02T00:00:00,188.17751834137414,189.65612644266682,185.8610413407233,187.2903594970703,5045733.0
2026-03-03T00:00:00,183.2488269572635,183.54455158944845,178.02442363377472,180.29161071777344,6145914.0
2026-03-04T00:00:00,179.9466185004189,182.6574001635441,179.50303905468903,181.67166137695312,5261485.0
2026-03-05T00:00:00,181.03091522877355,182.657393189254,178.12298892759767,178.27085876464844,4855276.0
2026-03-06T00:00:00,179.010159332593,180.14375285529272,171.76497365272098,172.25784301757812,5729229.0
2026-03-09T00:00:00,167.18129920684845,168.65990734237656,164.86480711138253,168.1670379638672,6110920.0
2026-03-10T00:00:00,174.42647569982466,177.63012676397386,173.4900268585402,176.34866333007812,6279898.0
2026-03-11T00:00:00,174.91933845868664,176.0529470477053,172.70142626764365,174.2293243408203,4022051.0
2026-03-12T00:00:00,174.27861524466158,174.8207745692439,170.48351501376524,172.75071716308594,4632077.0
2026-03-13T00:00:00,171.12425472439347,171.56783415808474,167.427734375,167.427734375,6571878.0
2026-03-16T00:00:00,167.92060065697717,168.7584695626741,165.702688488259,167.2798614501953,4940610.0
2026-03-17T00:00:00,166.98413776087685,167.67416691686742,165.45625473564527,165.80125427246094,4858787.0
2026-03-18T00:00:00,167.1813037378173,170.72995433455284,166.58985445110463,167.37844848632812,5395434.0
2026-03-19T00:00:00,163.7312185548316,163.9283633040168,156.58461234831077,157.47177124023438,10244147.0
2026-03-20T00:00:00,158.50680221058906,160.08397526749627,155.2538611590211,155.7960205078125,9043328.0
2026-03-23T00:00:00,151.85305220011904,162.74546801958698,151.26160295407823,159.4432373046875,7542542.0
2026-03-24T00:00:00,159.68967962227157,159.8868243666557,156.0424492070359,158.80252075195312,5598114.0
2026-03-25T00:00:00,162.05545094255228,162.8933349299196,159.83753866665324,161.31614685058594,5875733.0
2026-03-26T00:00:00,160.97113724923963,161.61186140580313,158.65464522256363,159.7882537841797,4521215.0
2026-03-27T00:00:00,159.73896693643886,159.8375317864168,157.1267502325596,157.91534423828125,5334912.0
2026-03-30T00:00:00,158.75323486328125,160.92185718929605,157.52106137791145,158.75323486328125,4355913.0
2026-03-31T00:00:00,159.048954969718,161.31614208516257,158.35892580465597,160.82327270507812,7090096.0
2026-04-01T00:00:00,166.14626551345958,167.87130828642987,165.25909163408159,166.3927001953125,6593611.0
2026-04-02T00:00:00,161.36542918101085,164.02692077821763,161.36542918101085,163.97764587402344,3200286.0
2026-04-07T00:00:00,164.9140915622801,166.6884242740263,162.74546937733666,163.82977294921875,5464637.0
2026-04-08T00:00:00,173.58859450251137,176.29937598085667,171.9128266465909,175.21505737304688,9189188.0
2026-04-09T00:00:00,174.91934274032246,176.39795090387747,173.93360396461912,175.4615020751953,4621590.0
2026-04-10T00:00:00,176.44723986782404,179.55231097751766,175.95437048271836,176.9401092529297,4238950.0
2026-04-13T00:00:00,174.4757635032409,177.33439993964683,173.98289411481366,176.7429656982422,4173274.0
2026-04-14T00:00:00,178.41872204670662,181.62237313318064,178.41872204670662,180.73521423339844,5170037.0
2026-04-15T00:00:00,180.73521354309509,183.24883542993751,179.60160490750272,180.19305419921875,6846990.0
2026-04-16T00:00:00,182.01665832892843,182.21381811637596,179.35516665136652,180.78448486328125,3878672.0
2026-04-17T00:00:00,180.29161695226423,188.22681714419804,180.29161695226423,187.73394775390625,7117497.0
2026-04-20T00:00:00,185.3188877004795,186.94535064520858,184.28385898966107,186.30462646484375,4190741.0
2026-04-21T00:00:00,188.07895781607021,188.67039204547504,184.5795822210009,185.22030639648438,2732473.0
2026-04-22T00:00:00,187.29036862982278,187.53680332538832,184.13600753481967,184.43173217773438,3611897.0
2026-04-23T00:00:00,183.0023958491895,185.22030807217757,182.26309177486013,184.2838592529297,3098189.0
2026-04-24T00:00:00,183.15026002080444,187.1425049068708,181.4745071790868,185.26959228515625,4375808.0
2026-04-27T00:00:00,187.24106823604004,187.43821297325746,182.80524396334067,182.90382385253906,3707334.0
2026-04-28T00:00:00,182.85453512876964,183.00238992237504,170.58209090060024,172.8000030517578,10290425.0
2026-04-29T00:00:00,174.85000610351562,175.64999389648438,171.5500030517578,172.35000610351562,5564835.0
2026-04-30T00:00:00,168.5,174.1999969482422,168.5,174.1999969482422,4031456.0
2026-05-04T00:00:00,175.75,176.6999969482422,169.75,170.5500030517578,5125967.0
2026-05-05T00:00:00,171.0,175.25,170.6999969482422,175.14999389648438,3572949.0
2026-05-06T00:00:00,177.0,186.0500030517578,177.0,185.4499969482422,7037940.0
2026-05-07T00:00:00,186.25,189.14999389648438,182.75,182.75,5872453.0
2026-05-08T00:00:00,181.35000610351562,182.25,178.89999389648438,180.39999389648438,4381739.0
2026-05-11T00:00:00,180.39999389648438,180.60000610351562,177.85000610351562,180.0500030517578,3162050.0
2026-05-12T00:00:00,178.1999969482422,178.89999389648438,175.60000610351562,176.1999969482422,3234251.0
2026-05-13T00:00:00,178.0,178.9499969482422,174.4499969482422,174.4499969482422,2069922.0
2026-05-15T00:00:00,175.89999389648438,176.39999389648438,171.75,172.85000610351562,4997260.0
2026-05-18T00:00:00,171.0,175.0,169.89999389648438,173.10000610351562,2598508.0
2026-05-19T00:00:00,172.3000030517578,174.39999389648438,170.8000030517578,171.5,3328884.0
2026-05-20T00:00:00,171.0,176.5,170.1999969482422,175.0,5094007.0
2026-05-21T00:00:00,174.85000610351562,177.60000610351562,174.10000610351562,176.6999969482422,3095772.0
2026-05-22T00:00:00,179.0,179.8000030517578,177.0,177.1999969482422,4651627.0
2026-05-25T00:00:00,179.75,182.64999389648438,179.60000610351562,182.5,1955758.0
2026-05-26T00:00:00,181.5500030517578,181.5500030517578,177.85000610351562,179.6999969482422,4130928.0
2026-05-27T00:00:00,179.25,181.9499969482422,178.0500030517578,179.85000610351562,3378603.0
2026-05-28T00:00:00,177.64999389648438,178.0,174.1999969482422,177.10000610351562,3210922.0
2026-05-29T00:00:00,177.3000030517578,178.0,174.3000030517578,177.4499969482422,18693632.0
2026-06-01T00:00:00,177.35000610351562,177.64999389648438,171.5500030517578,172.8000030517578,4067643.0
2026-06-02T00:00:00,175.0,182.9499969482422,174.64999389648438,182.0,4288629.0
2026-06-03T00:00:00,180.39999389648438,182.39999389648438,180.25,182.39999389648438,3241711.0
2026-06-04T00:00:00,182.5,183.60000610351562,180.1999969482422,181.14999389648438,2289608.0
2026-06-05T00:00:00,180.0,181.0500030517578,178.14999389648438,179.25,3213576.0
2026-06-08T00:00:00,175.75,181.1999969482422,175.6999969482422,180.89999389648438,3357106.0
2026-06-09T00:00:00,181.60000610351562,184.1999969482422,179.25,179.25,3227353.0
2026-06-10T00:00:00,179.35000610351562,183.60000610351562,176.85000610351562,179.25,2166577.0
2026-06-11T00:00:00,179.6999969482422,182.39999389648438,179.3000030517578,181.60000610351562,2309066.0
2026-06-12T00:00:00,186.64999389648438,188.75,184.60000610351562,185.9499969482422,4084200.0
2026-06-15T00:00:00,190.3000030517578,193.39999389648438,188.1999969482422,188.1999969482422,3982991.0
2026-06-16T00:00:00,190.10000610351562,193.8000030517578,190.0,192.60000610351562,4005238.0
2026-06-17T00:00:00,193.0,195.89999389648438,192.0500030517578,193.4499969482422,4269442.0
2026-06-18T00:00:00,194.0500030517578,196.39999389648438,194.0,195.85000610351562,7027848.0
2026-06-22T00:00:00,196.1999969482422,196.25,192.5,195.8000030517578,5371738.0
2026-06-23T00:00:00,193.5500030517578,193.9499969482422,188.39999389648438,190.60000610351562,4322875.0
2026-06-24T00:00:00,191.1999969482422,192.1999969482422,187.5,190.14999389648438,5283532.0
2026-06-25T00:00:00,192.0,196.60000610351562,192.0,194.6999969482422,4872657.0
2026-06-26T00:00:00,192.85000610351562,193.8000030517578,189.25,189.4499969482422,4950153.0
2026-06-29T00:00:00,189.60000610351562,192.39999389648438,189.5500030517578,191.60000610351562,2219590.0
2026-06-30T00:00:00,194.25,197.0,193.85000610351562,196.14999389648438,4190142.0
2026-07-01T00:00:00,196.89999389648438,197.0500030517578,193.25,194.75,3158099.0
2026-07-02T00:00:00,193.0,195.0,191.89999389648438,192.8000030517578,3993960.0
2026-07-03T00:00:00,195.1999969482422,197.89999389648438,194.8000030517578,197.39999389648438,2638954.0
2026-07-06T00:00:00,197.39999389648438,197.39999389648438,194.1999969482422,194.75,2202423.0
2026-07-07T00:00:00,194.64999389648438,194.64999389648438,188.5500030517578,188.64999389648438,5357098.0
2026-07-08T00:00:00,190.60000610351562,190.60000610351562,184.85000610351562,185.3000030517578,3974053.0
2026-07-09T00:00:00,188.35000610351562,191.5,187.8000030517578,190.8000030517578,2911694.0
2026-07-10T00:00:00,191.1999969482422,192.0,190.0500030517578,191.10000610351562,2287128.0
2026-07-13T00:00:00,189.0,189.9499969482422,187.6999969482422,189.0,2761909.0
2026-07-14T00:00:00,187.5,190.39999389648438,186.39999389648438,189.4499969482422,3442012.0
2026-07-15T00:00:00,190.3000030517578,191.9499969482422,186.85000610351562,186.85000610351562,5266393.0
2026-07-16T00:00:00,186.10000610351562,200.0,180.85000610351562,195.14999389648438,10036162.0
2026-07-17T00:00:00,196.75,196.75,191.25,195.5,5007280.0
2026-07-20T00:00:00,195.5,196.89999389648438,193.1999969482422,193.85000610351562,2425488.0
2026-07-21T00:00:00,196.14999389648438,197.60000610351562,193.5500030517578,197.60000610351562,4272443.0
2026-07-22T00:00:00,198.0,201.39999389648438,196.8000030517578,200.89999389648438,5923839.0
2026-07-23T00:00:00,201.89999389648438,202.5,198.0,200.3000030517578,4599438.0
2026-07-24T00:00:00,200.60000610351562,204.8000030517578,200.5,203.89999389648438,5790706.0
2026-07-27T00:00:00,205.8000030517578,208.3000030517578,201.3000030517578,201.60000610351562,4883023.0
2026-07-28T00:00:00,201.3000030517578,201.5,194.0500030517578,196.60000610351562,6369336.0
2026-07-29T00:00:00,195.8000030517578,197.64999389648438,193.64999389648438,194.10000610351562,3596952.0
2026-07-30T00:00:00,194.10000610351562,200.39999389648438,194.0,200.1999969482422,4257420.0
2026-08-03T00:00:00,203.0,204.3000030517578,201.89999389648438,203.10000610351562,3273896.0
2026-08-04T00:00:00,204.89999389648438,209.39999389648438,204.8000030517578,208.60000610351562,3701270.0
2026-08-05T00:00:00,211.5,212.0,207.39999389648438,210.1999969482422,4176875.0
2026-08-06T00:00:00,210.0,212.1999969482422,208.5,210.39999389648438,3044957.0
2026-08-07T00:00:00,209.1999969482422,211.5,209.10000610351562,209.60000610351562,2311184.0
2026-08-10T00:00:00,209.0,211.1999969482422,208.89999389648438,210.6999969482422,3116882.0
2026-08-11T00:00:00,209.5,210.39999389648438,208.60000610351562,210.1999969482422,679582.0
