timestamp,open,high,low,close,volume
2018-01-02T00:00:00,42.634980995201026,43.15415222315591,42.556316869311146,42.71364212036133,8981663.0
2018-01-03T00:00:00,42.80803830404544,43.122688822561486,42.5091236122579,42.94963073730469,6994043.0
2018-01-04T00:00:00,43.26428174296305,43.31148022149081,42.713644829724835,43.106956481933594,9498331.0
2018-01-05T00:00:00,43.24855031217544,43.75198876312902,43.15415635280411,43.626129150390625,6175589.0
2018-01-08T00:00:00,43.62612330958589,43.89357532593888,43.32720864480802,43.657588958740234,9013865.0
2018-01-09T00:00:00,43.830652549607876,44.271159690340525,43.736255590253876,44.0666389465332,7413264.0
2018-01-10T00:00:00,43.97224665599069,44.05090779103985,43.09122633964432,43.50027084350586,9031509.0
2018-01-11T00:00:00,43.57892604959652,44.05089876464021,43.35866951527736,43.956504821777344,8253747.0
2018-01-12T00:00:00,44.08236889614397,44.60154013578893,43.31147844944263,44.42848205566406,11826047.0
2018-01-15T00:00:00,44.365556839776254,44.72740284999404,44.19249874761563,44.33409118652344,4496497.0
2018-01-16T00:00:00,43.97223457747584,44.55433401869751,43.70478259075181,44.05089569091797,8684995.0
2018-01-17T00:00:00,43.97224021251876,45.93879830787775,43.89357608826669,45.4825553894043,15557127.0
2018-01-18T00:00:00,45.79721011728064,46.58383342811965,45.46682676634877,46.01746368408203,14490414.0
2018-01-19T00:00:00,46.0174682644359,46.426512786874056,45.797214675711544,46.064666748046875,8993270.0
2018-01-22T00:00:00,46.001725875706576,46.001725875706576,44.916184984110465,45.057777404785156,9856070.0
2018-01-23T00:00:00,45.4196305461942,45.52975732779587,44.617274422158054,44.90045928955078,10077739.0
2018-01-24T00:00:00,44.88472499390976,45.01058459743794,44.20822849967215,44.42848205566406,7893628.0
2018-01-25T00:00:00,44.19249698464036,44.2711581139045,42.83950395604299,42.94963073730469,11287996.0
2018-01-26T00:00:00,42.91816924064266,42.98109754560095,42.27313836098859,42.509124755859375,7617631.0
2018-01-29T00:00:00,42.66644706665948,43.594659755484535,42.54058746472306,43.2485466003418,9940166.0
2018-01-30T00:00:00,44.050904908501714,44.58580899387761,43.64186043140663,43.814918518066406,11931016.0
2018-01-31T00:00:00,41.187589559708606,41.691027907149966,39.63007604703844,39.803131103515625,51462893.0
2018-02-01T00:00:00,40.16498995515975,41.45505178908194,40.070592991167885,41.01454162597656,17838118.0
2018-02-02T00:00:00,40.96734896714679,42.38327051654441,40.825756512134014,42.32033920288086,13828868.0
2018-02-05T00:00:00,41.37638699100179,41.37638699100179,40.1807221401847,40.58976364135742,16117458.0
2018-02-06T00:00:00,39.307567288340096,39.99192871960771,38.576007378777234,39.44129180908203,22854634.0
2018-02-07T00:00:00,40.1177834759709,41.407845052728554,39.81886581771042,41.23478698730469,13680953.0
2018-02-08T00:00:00,40.98307819105806,41.376389893470254,40.5268381766396,40.55830383300781,11378053.0
2018-02-09T00:00:00,40.11778854229348,41.785429108160955,40.11778854229348,40.731353759765625,13400013.0
2018-02-12T00:00:00,41.124659983660756,41.706762472659605,41.124659983660756,41.2977180480957,9414234.0
2018-02-13T00:00:00,41.59664458835466,42.0686174094108,41.03027480250327,41.54944610595703,10018271.0
2018-02-14T00:00:00,41.533704132947186,41.84835461151994,40.96733747253733,41.73822784423828,8445009.0
2018-02-15T00:00:00,41.91128715168947,42.2888659637814,41.73823207160337,42.273136138916016,7299098.0
2018-02-16T00:00:00,42.47765326716677,42.69790680535571,42.19446843193562,42.540584564208984,6134321.0
2018-02-19T00:00:00,42.587782371164074,42.74510762166566,41.832624769631934,42.06861114501953,4605181.0
2018-02-20T00:00:00,41.942746962108,43.122681710856114,41.942746962108,43.05975341796875,5673697.0
2018-02-21T00:00:00,42.94963780910019,43.24855555083522,42.477664954344014,43.12269592285156,5517974.0
2018-02-22T00:00:00,42.713644348782516,43.23281560382318,42.5091236122579,42.94963073730469,9655970.0
2018-02-23T00:00:00,43.0912212097456,44.1767621484269,42.886700482527466,44.00370407104492,8763981.0
2018-02-26T00:00:00,44.61727548293166,45.78147763154636,44.34982343522762,44.554344177246094,10469122.0
2018-02-27T00:00:00,44.947653789322295,45.46682503467339,44.34982141617514,44.58580780029297,7722594.0
2018-02-28T00:00:00,44.30262022854328,44.5700722477082,43.783449014956034,43.86211013793945,10319362.0
2018-03-01T00:00:00,43.35867298989724,43.46879976551734,42.6507138605982,42.666446685791016,9932811.0
2018-03-02T00:00:00,42.273137110779146,42.855236667529766,41.91128811523366,42.30459976196289,10456315.0
2018-03-05T00:00:00,42.16300806023563,43.79918597935267,42.05288127735849,43.70479202270508,9170641.0
2018-03-06T00:00:00,44.050901034120955,44.60153789719336,43.767716190213456,43.86211013793945,8525500.0
2018-03-07T00:00:00,43.65759938602063,43.877852981247976,43.12269522555692,43.67333221435547,11106213.0
2018-03-08T00:00:00,43.79918751144689,44.57007801928245,43.72052637827729,44.538612365722656,8329116.0
2018-03-09T00:00:00,44.38128828912969,44.82179844859327,44.09810640168521,44.79033279418945,5725129.0
2018-03-12T00:00:00,44.601537585597946,44.68019870803182,43.97223960393852,44.63300323486328,8933784.0
2018-03-13T00:00:00,44.60153812038046,44.86899014088371,44.01943560491003,44.12956237792969,7856161.0
2018-03-14T00:00:00,44.129564689600905,44.64873593298222,43.92504395766933,43.987972259521484,8060240.0
2018-03-15T00:00:00,44.00370908247481,44.33409244958212,43.76772267781527,44.255428314208984,11360845.0
2018-03-16T00:00:00,44.27114970786529,44.570067343625205,43.877838134765625,43.877838134765625,12242969.0
2018-03-19T00:00:00,43.72052469987549,43.73625452532165,42.98109687325598,43.106956481933594,13047506.0
2018-03-20T00:00:00,43.23282184419392,43.295753157272735,42.57205806051715,42.76084899902344,6303027.0
2018-03-21T00:00:00,42.80804535252729,43.16989440861927,42.17874721260898,43.12269592285156,5995545.0
2018-03-22T00:00:00,42.8552405793675,42.8552405793675,41.86409645945901,42.257408142089844,8385212.0
2018-03-23T00:00:00,41.86409135540685,42.68217727498349,41.73823175233893,42.430458068847656,7171399.0
2018-03-26T00:00:00,42.27313920589378,42.446194298535275,40.904413287119034,41.203330993652344,9503964.0
2018-03-27T00:00:00,42.0371449778161,42.72937427107256,41.927018204038156,42.241668701171875,7903730.0
2018-03-28T00:00:00,41.565172679941355,42.446189880371094,40.96734032983213,42.446189880371094,9079950.0
2018-03-29T00:00:00,42.606490684802665,42.70266700888487,41.88516061071061,42.41413497924805,5623962.0
2018-04-03T00:00:00,41.94928212514778,41.96531202279613,41.06765915622129,41.78898620605469,10457602.0
2018-04-04T00:00:00,41.70883661656913,41.83707273065414,40.73103433580209,41.29206848144531,9152270.0
2018-04-05T00:00:00,41.88515831584641,42.62251824645101,41.78898199703366,42.57442855834961,7804986.0
2018-04-06T00:00:00,42.189722176113776,42.70266664334832,42.1095757496297,42.333988189697266,7294517.0
2018-04-09T00:00:00,42.41413258311926,42.65457796582646,41.869131405849075,42.189720153808594,5236622.0
2018-04-10T00:00:00,42.31795580190827,42.590457916259766,42.17368979681689,42.590457916259766,4833141.0
2018-04-11T00:00:00,42.71869106569391,42.84692716606901,41.56456616231808,42.38207244873047,7167251.0
2018-04-12T00:00:00,42.52634003621883,43.05531435224719,41.91721624358624,42.92707824707031,5570206.0
2018-04-13T00:00:00,43.167522656172295,43.19958244836922,42.28589671509717,42.47825241088867,7113723.0
2018-04-16T00:00:00,42.478259691978565,43.26370639109432,42.46222979313246,42.78282165527344,8445092.0
2018-04-17T00:00:00,42.95914444072385,44.16135933802833,42.510319502460156,43.936946868896484,11046844.0
2018-04-18T00:00:00,43.76061462604783,43.9369404301779,43.23164027104779,43.42399597167969,4048304.0
2018-04-19T00:00:00,42.878990507267524,44.65826922256942,42.81487092307392,44.530033111572266,13664442.0
2018-04-20T00:00:00,50.89375407590593,53.698921623396814,49.8197755211424,52.32038116455078,60610027.0
2018-04-23T00:00:00,52.095970153808594,52.52876817809077,51.56699275253699,52.095970153808594,21421974.0
2018-04-24T00:00:00,52.24023557242254,53.04171202728341,51.903616928928194,52.70509338378906,16836772.0
2018-04-25T00:00:00,52.801270911936676,54.08363823516995,52.76921111737779,53.55466079711914,21706742.0
2018-04-26T00:00:00,52.89744602081725,53.29818424824768,52.528767585354856,52.70509338378906,15568138.0
2018-04-27T00:00:00,52.72112108034087,53.2500984842518,52.52876844018243,52.65700149536133,12119101.0
2018-04-30T00:00:00,52.49671098716877,54.13172378832905,52.36847181149481,53.85921859741211,7969338.0
2018-05-02T00:00:00,53.698914961068596,54.3400984811423,53.10582417960691,53.47450256347656,11217672.0
2018-05-03T00:00:00,53.45848227647961,53.79510706739215,52.81730471929234,52.961570739746094,8114890.0
2018-05-04T00:00:00,53.16994596005407,54.612606048583984,53.16994596005407,54.612606048583984,9799288.0
2018-05-07T00:00:00,54.58053950985209,56.07128604548118,54.56451267297389,55.750694274902344,9109713.0
2018-05-08T00:00:00,55.68658950971404,55.9590885826582,55.17363892780787,55.71864318847656,9473708.0
2018-05-09T00:00:00,55.63849672626946,57.04909706734944,55.622469886898486,56.423946380615234,7723072.0
2018-05-11T00:00:00,55.061430198645326,55.95908603259941,54.17980731812226,54.72481155395508,15114297.0
2018-05-14T00:00:00,54.25995180597788,54.564516762505214,53.298182536937574,54.09965896606445,12075856.0
2018-05-15T00:00:00,53.747006424718435,54.38819000252951,53.34626821728145,53.92333221435547,8530861.0
2018-05-16T00:00:00,53.89128077303376,54.4683448595088,53.394369232287495,53.53863525390625,7417753.0
2018-05-17T00:00:00,53.69893176027447,54.05158341811668,53.490546133842145,54.01952362060547,4790130.0
2018-05-18T00:00:00,54.115689126176534,54.580546951153806,54.06760249420656,54.227901458740234,7393451.0
2018-05-21T00:00:00,54.324074503463464,54.69275294823278,54.099662068802154,54.21186828613281,4075761.0
2018-05-22T00:00:00,54.42024630978215,54.4843658864153,52.9455266211166,53.250091552734375,7134888.0
2018-05-23T00:00:00,53.025684347093396,53.089797815231826,51.951702734939865,52.32038116455078,7693796.0
2018-05-24T00:00:00,52.72111521538698,53.282152349375174,52.38449660386176,52.51272964477539,6601036.0
2018-05-25T00:00:00,52.64097042857696,53.12185504774026,52.19214559932851,52.304351806640625,4108339.0
2018-05-28T00:00:00,52.49671150152364,52.73715690087794,51.727294784282606,51.9356803894043,2891051.0
2018-05-29T00:00:00,51.59905682035614,52.047887835383364,50.98993600256851,51.967735290527344,7167858.0
2018-05-30T00:00:00,52.03185225912691,52.17611827190668,51.438761368712434,51.45478820800781,5476874.0
2018-05-31T00:00:00,51.77537652810221,51.98376211354206,50.87772377610352,51.26243209838867,14473913.0
2018-06-01T00:00:00,51.35860861923071,51.56698807831596,50.973897260924815,51.43875503540039,6014380.0
2018-06-04T00:00:00,51.56699536376952,51.74332117312211,51.166260168914924,51.35861587524414,5569464.0
2018-06-05T00:00:00,51.3425845767237,51.839502226854314,51.02199579902269,51.42273712158203,6270530.0
2018-06-06T00:00:00,51.42273712158203,51.42273712158203,51.42273712158203,51.42273712158203,0.0
2018-06-07T00:00:00,52.14405822801939,52.160091182018085,50.68537432532441,50.89375686645508,8407654.0
2018-06-08T00:00:00,50.63728678213803,51.24640759213377,50.50905066122364,50.82963943481445,6306630.0
2018-06-11T00:00:00,50.81360858594939,50.89375500867632,50.17242497457371,50.65331268310547,5970521.0
2018-06-12T00:00:00,50.49302546975803,51.13420613408637,50.49302546975803,51.0059700012207,8249670.0
2018-06-13T00:00:00,51.51890775717748,53.44245255457819,51.40670153785064,53.41039276123047,11405788.0
2018-06-14T00:00:00,53.218037657622915,54.724811186681215,52.705093217314555,54.6446647644043,12465609.0
2018-06-15T00:00:00,54.564513939578625,55.25378412215034,54.35612836664822,54.54848098754883,12100120.0
2018-06-18T00:00:00,54.340107693409664,54.853052150516305,53.98745608610625,54.50040054321289,8786083.0
2018-06-19T00:00:00,54.452301991288365,56.087314383444244,54.227889604776976,56.07128143310547,14558442.0
2018-06-20T00:00:00,56.10334355780419,57.06511271574058,56.08731672157622,56.50408172607422,10571645.0
2018-06-21T00:00:00,56.680413495065196,56.88879907675024,54.788928651535905,54.98128128051758,8230577.0
2018-06-22T00:00:00,54.98128128051758,54.98128128051758,54.98128128051758,54.98128128051758,0.0
2018-06-25T00:00:00,55.34995781616842,55.34995781616842,54.147743225097656,54.147743225097656,8709109.0
2018-06-26T00:00:00,54.14774939863512,54.516427848157335,53.79510390309839,53.82716369628906,7005789.0
2018-06-27T00:00:00,53.85922753441078,54.50041128961293,53.15393029551358,54.340118408203125,6949017.0
2018-06-28T00:00:00,54.42025822389612,54.86908312902971,53.31421668655874,53.53863525390625,7389333.0
2018-06-29T00:00:00,54.53245927248795,55.718641013368284,54.468339687905186,55.51026153564453,11725862.0
2018-07-02T00:00:00,54.80496229576703,54.99732106341784,54.09966515872247,54.32407760620117,6471636.0
2018-07-03T00:00:00,54.50040224622101,54.676728055382476,53.66686594868162,53.85921859741211,6705217.0
2018-07-04T00:00:00,54.37215966252353,54.484371991595054,53.185977935791016,53.185977935791016,5342352.0
2018-07-05T00:00:00,53.314206837190476,53.7790646115034,53.13788716759071,53.378326416015625,4529971.0
2018-07-06T00:00:00,53.69891840116072,54.16377617725519,53.42641936227889,54.147743225097656,5551726.0
2018-07-09T00:00:00,54.30805076628723,54.77290250115856,54.019518729591596,54.32407760620117,4771455.0
2018-07-10T00:00:00,54.66069291826732,54.965257890940556,54.40422069194156,54.90113830566406,5493610.0
2018-07-11T00:00:00,54.59658171146818,54.59658171146818,54.019517649613796,54.08363723754883,4977264.0
2018-07-12T00:00:00,54.30804413487873,54.91716181372016,53.33024192044927,54.77289581298828,4561557.0
2018-07-13T00:00:00,54.90113154599641,55.83084707369428,54.8370119686146,55.28584289550781,6710208.0
2018-07-16T00:00:00,55.41407947777718,55.44613926851747,53.77906683870135,54.29201126098633,7694459.0
2018-07-17T00:00:00,54.11569127843666,54.42025626577351,53.602746801088855,54.16378402709961,8451697.0
2018-07-18T00:00:00,57.0010084492273,60.319120528469135,56.96894865682156,58.78028106689453,28072771.0
2018-07-19T00:00:00,59.29323845594024,59.35735193335175,57.7223390211313,58.8283805847168,12801933.0
2018-07-20T00:00:00,58.84439716655115,59.03675590959282,58.20321970075166,58.58792495727539,13227109.0
2018-07-23T00:00:00,58.812335765695316,58.812335765695316,57.78644695668229,58.04291915893555,5369085.0
2018-07-24T00:00:00,58.347486148589596,58.76425119881988,57.962774774332544,58.18718719482422,6467488.0
2018-07-25T00:00:00,58.25130521893525,58.780276465268905,58.02689280444342,58.34748458862305,6662195.0
2018-07-26T00:00:00,57.78645359724779,57.898659816454106,57.11321628200988,57.59410095214844,9135400.0
2018-07-27T00:00:00,56.90484220308058,57.49793321249497,56.60028327711785,56.616310119628906,7496787.0
2018-07-30T00:00:00,56.504079370568405,56.536139156467016,55.83084221103424,56.07128143310547,6080544.0
2018-07-31T00:00:00,56.023205515620404,56.087325099668526,55.0614300992388,55.20569610595703,7815661.0
2018-08-01T00:00:00,55.06143597505357,56.2957105831837,55.06143597505357,56.119384765625,4672552.0
2018-08-02T00:00:00,56.00716646840953,56.039226256945355,55.43010861910293,55.750694274902344,5208543.0
2018-08-03T00:00:00,55.81482488371392,56.71248079579951,55.81482488371392,56.64836120605469,4417924.0
2018-08-06T00:00:00,56.824678180240035,57.32158963650623,56.29570081930929,56.888797760009766,4452217.0
2018-08-07T00:00:00,56.936893822082695,57.22542586407752,56.77659484609629,57.01704025268555,4146891.0
2018-08-08T00:00:00,57.0490914849203,57.72232873866945,56.66438011507808,57.5460090637207,6879301.0
2018-08-09T00:00:00,57.61012994940302,57.69028249307878,57.22542464479383,57.52998352050781,3945105.0
2018-08-10T00:00:00,57.06511495794556,57.562032507445814,57.033061284230186,57.145267486572266,4226103.0
2018-08-13T00:00:00,57.081161281809116,57.8024914049773,56.84071586915944,57.065128326416016,6094249.0
2018-08-14T00:00:00,57.145267486572266,57.481886093598526,56.8246757164037,57.145267486572266,4205094.0
2018-08-15T00:00:00,57.06512175151754,57.449833144475384,56.63232984226266,56.760562896728516,6186467.0
2018-08-16T00:00:00,57.30556834683862,57.73836638001495,57.03306927860553,57.497920989990234,6250395.0
2018-08-17T00:00:00,57.44982877203526,57.97880001796524,57.36968235474644,57.642181396484375,7551066.0
2018-08-20T00:00:00,57.72232386499002,58.395567176674874,57.57805787782749,58.33144760131836,7337699.0
2018-08-21T00:00:00,58.267340480212304,59.549707802322864,58.25131364033718,59.27720260620117,8178901.0
2018-08-22T00:00:00,59.309251599640696,59.88631556654245,59.26116497399203,59.645870208740234,7137983.0
2018-08-23T00:00:00,60.046630113447826,61.00840577774121,59.91839702707771,60.65575408935547,10698412.0
2018-08-24T00:00:00,61.66561231904821,62.9800334700295,61.184721461309614,62.67546844482422,15683707.0
2018-08-27T00:00:00,62.915906438331255,63.34870449027943,62.7716404210152,62.963993072509766,6478230.0
2018-08-28T00:00:00,63.07619857788086,63.26855734196766,62.75561286729714,63.07619857788086,7492702.0
2018-08-29T00:00:00,63.17238855209459,63.573126872296854,62.89988942945216,63.12430191040039,5255714.0
2018-08-30T00:00:00,62.931934501033645,63.04414684093158,62.06634449509756,62.178550720214844,8978989.0
2018-08-31T00:00:00,61.97015940894685,62.40295742948858,61.68162739525237,61.82589340209961,8573341.0
2018-09-03T00:00:00,61.938096313758734,62.675453147308296,61.793830314605145,62.4029541015625,5787033.0
2018-09-04T00:00:00,62.48310721469158,62.515167008469575,61.71369050836099,62.22663497924805,6935379.0
2018-09-05T00:00:00,62.659439170255716,63.14032389454175,61.16869224462227,61.18471908569336,10736269.0
2018-09-06T00:00:00,61.82590662196862,63.31665363988773,61.77781998099749,63.22047424316406,10839973.0
2018-09-07T00:00:00,63.12430077897596,63.525039091995495,62.483117032232144,62.931941986083984,6675706.0
2018-09-10T00:00:00,62.595313435524346,63.012084639857854,62.17854834597127,62.22663497924805,5689967.0
2018-09-11T00:00:00,62.22663497924805,63.092231066912625,61.569424493750226,62.22663497924805,8316608.0
2018-09-12T00:00:00,62.51516873228783,62.883847198730216,61.13662813572377,61.31295394897461,6041195.0
2018-09-13T00:00:00,61.393095138080355,62.91590162325529,60.99235691118064,62.2426643371582,7665791.0
2018-09-14T00:00:00,62.5472203588935,62.8197194057641,62.0503027786956,62.69148635864258,4457936.0
2018-09-17T00:00:00,62.5952991790043,62.739565160757465,61.64955687968442,61.71367645263672,5623963.0
2018-09-18T00:00:00,61.58545546208262,62.306785583496094,61.32898320944459,62.306785583496094,7718878.0
2018-09-19T00:00:00,62.5953067288407,63.36472335273325,62.05030252256933,62.4029541015625,7122723.0
2018-09-20T00:00:00,62.51516582300438,63.076196916529476,61.55339648702413,61.761775970458984,8393732.0
2018-09-21T00:00:00,61.87397706363067,62.59530706325228,61.07250064511327,62.210601806640625,11421881.0
2018-09-24T00:00:00,62.194573735551856,63.444881204624,62.194573735551856,63.156349182128906,6110683.0
2018-09-25T00:00:00,63.28456484519642,64.45471945267546,62.8838267146305,64.18222045898438,8067969.0
2018-09-26T00:00:00,64.11813028203616,64.11813028203616,63.44489284916986,63.71739196777344,5900636.0
2018-09-27T00:00:00,63.38076173822242,64.07003200273084,62.91590391057156,63.92576599121094,5904590.0
2018-09-28T00:00:00,63.98989107260918,64.1021034261775,63.06018136340602,63.22047424316406,7374691.0
2018-10-01T00:00:00,63.653261518593034,63.9738533383063,63.34870265299463,63.813560485839844,6930265.0
2018-10-02T00:00:00,63.79752060620188,63.813553558576295,62.91589778378001,63.70134735107422,7335588.0
2018-10-03T00:00:00,63.749457538005856,64.95167258963205,63.749457538005856,64.35858154296875,9171823.0
2018-10-04T00:00:00,64.35856378176587,64.67914948190106,63.332668751080284,64.61503601074219,8340814.0
2018-10-05T00:00:00,64.43871032945137,64.93562183447492,62.80369757357263,63.156349182128906,7078798.0
2018-10-08T00:00:00,63.156353065164154,63.20443970027641,62.32281673946126,62.4510498046875,4632167.0
2018-10-09T00:00:00,62.996051039832004,64.26238536457019,62.61134574800038,63.813560485839844,9118906.0
2018-10-10T00:00:00,64.11810743731957,64.11810743731957,61.85794439474522,62.06632995605469,8956065.0
2018-10-11T00:00:00,61.58544500283119,61.633537745944906,59.325281749440215,59.774112701416016,14513704.0
2018-10-12T00:00:00,60.303091204713446,60.575596399175105,59.16499602231487,59.19705581665039,10769939.0
2018-10-15T00:00:00,59.56573789936627,59.79015035857275,58.36352305523366,59.181026458740234,10512012.0
2018-10-16T00:00:00,60.15882123845477,61.729714369090445,59.50161078467066,61.633541107177734,12390731.0
2018-10-17T00:00:00,62.515159606933594,62.77163181201188,61.120592373994164,62.515159606933594,10899324.0
2018-10-18T00:00:00,65.41650380794286,67.25989579816893,62.707509751989726,66.3782730102539,33242772.0
2018-10-19T00:00:00,66.92329485641936,68.65448721534501,66.66682259377643,68.07742309570312,20876676.0
2018-10-22T00:00:00,68.09342924706455,68.30181480801414,66.7950353723806,67.051513671875,11958858.0
2018-10-23T00:00:00,66.44240635684828,66.74696524058004,65.11195236599646,65.56078338623047,9944291.0
2018-10-24T00:00:00,66.1217964500006,66.29812221889858,65.19208098300362,65.32032012939453,8854790.0
2018-10-25T00:00:00,64.63107483510994,65.04784610622077,63.124300974803404,63.71739196777344,12781348.0
2018-10-26T00:00:00,63.71738222860924,64.05400089359043,62.54722726359334,63.07619857788086,12095605.0
2018-10-29T00:00:00,63.20443417405077,63.87767146588111,62.996048582149896,63.36472702026367,9160802.0
2018-10-30T00:00:00,63.476946701244536,64.13415729378293,62.73958966859782,63.50900650024414,7806039.0
2018-10-31T00:00:00,63.55707867119562,64.26237567641033,62.93192196535187,63.9417839050293,15468059.0
2018-11-01T00:00:00,63.50899587725482,64.32650532804851,63.18840405566475,64.16620635986328,11631431.0
2018-11-02T00:00:00,65.16004685463993,65.25622012849931,64.48680336371977,64.91960144042969,5410113.0
2018-11-05T00:00:00,64.99974167792317,65.36842012706451,64.43871058461686,64.96768188476562,8795844.0
2018-11-06T00:00:00,65.32033421312109,65.32033421312109,64.02194009247185,64.85547637939453,9021950.0
2018-11-07T00:00:00,64.91960434298674,65.6729943007341,64.77533831096665,65.5126953125,7947060.0
2018-11-08T00:00:00,66.52253538330285,66.52253538330285,64.43869814846846,65.4806137084961,11405962.0
2018-11-09T00:00:00,65.30430095957016,65.89739179430356,65.03179579888955,65.59282684326172,6096533.0
2018-11-12T00:00:00,65.721089488899,66.00962159047184,64.35858154296875,64.35858154296875,7751824.0
2018-11-13T00:00:00,64.5188631599332,64.93562828114595,64.03797844629361,64.91960144042969,7993512.0
2018-11-14T00:00:00,64.64709743385302,64.64709743385302,61.95413590430574,62.22663497924805,10560396.0
2018-11-15T00:00:00,61.4892655340592,62.018236736631046,60.67175624629474,61.280879974365234,9837434.0
2018-11-16T00:00:00,61.39310095571386,62.018251670552125,61.280894730731646,61.68163299560547,6632710.0
2018-11-19T00:00:00,61.82589725703085,62.35487468671325,60.75192167281091,60.84809494018555,7650718.0
2018-11-20T00:00:00,60.11073299062757,60.35117836850207,58.5077801108775,59.132930755615234,10498563.0
2018-11-21T00:00:00,59.30926477154721,59.67794325121827,58.94058629187616,59.501617431640625,8093544.0
2018-11-22T00:00:00,59.229124181725524,59.53368309981331,58.555880632819076,58.603973388671875,5259028.0
2018-11-23T00:00:00,59.18101408785351,60.99235245318604,59.036754206902586,60.89617919921875,9338632.0
2018-11-26T00:00:00,61.12060344894907,61.50530876888463,60.68780537793596,61.248836517333984,7762184.0
2018-11-27T00:00:00,61.24882704991203,62.03427663844069,60.23897115509216,60.41529083251953,5989991.0
2018-11-28T00:00:00,60.96030116197627,61.21677339960943,60.28706383123192,60.84809494018555,4956288.0
2018-11-29T00:00:00,61.505310379677894,61.84193518691355,60.719866763950286,60.8160400390625,6795355.0
2018-11-30T00:00:00,60.83206810054993,61.601484813449396,60.54353606886507,60.84809494018555,10748223.0
2018-12-03T00:00:00,62.99604308535467,63.55708022770611,62.531185311206805,63.02810287475586,8469705.0
2018-12-04T00:00:00,62.6754525808953,62.96398457659495,61.55339050292969,61.55339050292969,8495875.0
2018-12-05T00:00:00,61.00838850422499,61.537359772252465,60.30308532714844,60.30308532714844,5090745.0
2018-12-06T00:00:00,60.06264915150783,61.82589495524227,59.91838314103644,61.393096923828125,12370733.0
2018-12-07T00:00:00,62.787654741473915,64.66311259263183,62.19456395066778,63.476924896240234,12518354.0
2018-12-10T00:00:00,62.931916110861856,63.86163154989845,62.531177962610684,63.04412841796875,11242498.0
2018-12-11T00:00:00,63.73342457970627,64.87152614248004,63.54107188358503,64.35858154296875,11106339.0
2018-12-12T00:00:00,64.51885443804068,66.49048577777738,64.51885443804068,66.41033935546875,15552243.0
2018-12-13T00:00:00,67.13166601802854,67.13166601802854,65.99356486513256,66.28209686279297,8412840.0
2018-12-14T00:00:00,65.8813705444336,66.36226137049438,65.0959269427919,65.8813705444336,6731471.0
2018-12-17T00:00:00,65.72106630127695,65.88135913902669,64.8875300924628,65.12797546386719,8232676.0
2018-12-18T00:00:00,64.96769575581368,65.14402159843682,64.19827890009769,64.64710998535156,9362881.0
2018-12-19T00:00:00,64.51885330938504,65.43253596023617,64.4066470971598,64.4867935180664,10138385.0
2018-12-20T00:00:00,63.76547017314446,63.797529967818015,63.06017303466797,63.06017303466797,9109825.0
2018-12-21T00:00:00,63.07619688821423,63.188403106868876,61.938101747699754,62.467079162597656,18553570.0
2018-12-27T00:00:00,62.48310565205982,62.62737166306265,60.030589579791936,60.43132781982422,8698916.0
2018-12-28T00:00:00,60.912216333288626,62.675462254918926,60.912216333288626,62.4510498046875,9825138.0
2019-01-02T00:00:00,62.114425415794095,62.114425415794095,60.928237568963425,61.82589340209961,6423142.0
2019-01-03T00:00:00,61.31294489747085,61.58544393969869,59.870284924559655,60.078670501708984,6878200.0
2019-01-04T00:00:00,60.287068579509835,61.793842329932275,60.287068579509835,61.52134323120117,6646606.0
2019-01-07T00:00:00,62.13046018578391,62.7395840829842,62.0823735489563,62.611351013183594,5820809.0
2019-01-08T00:00:00,62.931924839910394,63.46090220406825,62.27471443021046,63.284576416015625,8110316.0
2019-01-09T00:00:00,63.797529853995776,65.32033646697964,63.73341026476306,65.28827667236328,9243872.0
2019-01-10T00:00:00,64.74326968448042,64.79135631700265,61.55339668837954,62.755611419677734,15762285.0
2019-01-11T00:00:00,62.91590356826782,63.07619641807105,60.91221237182617,60.91221237182617,14005248.0
2019-01-14T00:00:00,60.3030788953225,61.28088102122974,60.078666495562665,60.49543762207031,8532352.0
2019-01-15T00:00:00,60.67178145652885,60.97634650450603,60.06266359013793,60.52751541137695,8283639.0
2019-01-16T00:00:00,61.04044805828904,61.505299742089036,60.47941088645055,60.71985626220703,6224643.0
2019-01-17T00:00:00,60.83206558227538,61.15265739474036,60.33514796721566,60.83206558227539,7862914.0
2019-01-18T00:00:00,61.21677571282945,62.05031204532946,61.152662237083845,61.77781295776367,10469271.0
2019-01-21T00:00:00,61.729704859374074,61.74573781040967,60.8801418978631,61.07249450683594,4423351.0
2019-01-22T00:00:00,60.992364265783344,61.32898294942216,60.63971874163922,61.248836517333984,6935133.0
2019-01-23T00:00:00,60.735888590431735,61.79383733278709,60.735888590431735,61.3289794921875,9480743.0
2019-01-24T00:00:00,61.232803482608276,63.220461702361966,60.864125040473,62.98002243041992,14314077.0
2019-01-25T00:00:00,65.46459588386726,66.10577948197589,63.941789424444266,64.98371124267578,30910498.0
2019-01-28T00:00:00,64.9837100852972,64.99973692331348,63.33266448974609,63.332664489746094,11655676.0
2019-01-29T00:00:00,63.47693182716896,64.55091344026275,63.33266582286622,64.29444122314453,10538102.0
2019-01-30T00:00:00,64.51883902111288,64.80737096430263,63.68530297576233,64.18222045898438,5809954.0
2019-01-31T00:00:00,64.27841517817885,65.06386486708145,62.96399415983625,64.40665435791016,14523032.0
2019-02-01T00:00:00,64.64709643056935,64.64709643056935,63.765467402307905,64.27841186523438,7675177.0
2019-02-04T00:00:00,64.51884787055926,64.51884787055926,63.70134466257811,63.9417839050293,7843623.0
2019-02-05T00:00:00,64.37459062817403,64.43871021412046,63.36472855124865,63.63723373413086,7596046.0
2019-02-06T00:00:00,63.6372366439766,65.43254232910613,63.39679124307312,65.2081298828125,6676205.0
2019-02-07T00:00:00,65.04784203620933,65.75313922386032,64.19827270507812,64.19827270507812,7095580.0
2019-02-08T00:00:00,64.11811346466044,65.30430125425977,63.98987430263682,65.12797546386719,8492486.0
2019-02-11T00:00:00,65.32032947004643,66.52254412286936,64.93561809063992,66.36225128173828,11513308.0
2019-02-12T00:00:00,66.76299725098332,67.27594173989506,66.12181358245334,67.13167572021484,8685112.0
2019-02-13T00:00:00,67.42021114120448,69.29566337633462,66.98741306045575,69.07125091552734,12562829.0
2019-02-14T00:00:00,69.52006997271533,70.20934025263992,68.94300591372914,69.19947814941406,9869277.0
2019-02-15T00:00:00,69.19947966732454,70.19331495283659,69.00712701503663,69.47198486328125,9313721.0
2019-02-18T00:00:00,69.48800536065394,69.74447757855525,68.54226291062159,68.75064849853516,7754898.0
2019-02-19T00:00:00,68.52623554404462,69.32771198315626,67.88505194684333,67.90108489990234,9756045.0
2019-02-20T00:00:00,67.90108716752351,68.46211824772584,67.56446851940213,68.3338851928711,9115992.0
2019-02-21T00:00:00,68.52622602201325,69.92079312014764,68.52622602201325,69.00711059570312,9072485.0
2019-02-22T00:00:00,69.47198423833333,70.49787319434768,69.1674253653855,70.35360717773438,7497620.0
2019-02-25T00:00:00,70.61008708939936,70.75435312168894,69.08728032962728,69.31169891357422,7439528.0
2019-02-26T00:00:00,68.78271456823732,69.77654373896881,68.07741743332797,69.47198486328125,8258553.0
2019-02-27T00:00:00,69.2315315481717,69.32771092071194,67.85299723044083,68.20564270019531,6095637.0
2019-02-28T00:00:00,67.96519861764156,68.07740482025216,67.11562950744492,67.7568130493164,6726104.0
2019-03-01T00:00:00,67.88504881118526,68.65447153819862,67.56446314217266,68.5422592163086,5268057.0
2019-03-04T00:00:00,68.97506686202884,69.66433715349031,68.78271421074069,69.39183807373047,5813257.0
2019-03-05T00:00:00,69.52005977554947,69.56815251659773,68.65446992881486,69.18344116210938,5126410.0
2019-03-06T00:00:00,69.39182776557395,70.16124437121024,68.75064420348721,68.8788833618164,5140939.0
2019-03-07T00:00:00,68.91093835580348,69.42388272386461,68.57431364600528,68.70255279541016,6036736.0
2019-03-08T00:00:00,68.20563557769574,70.0971202366729,68.20563557769574,69.74446868896484,7167236.0
2019-03-11T00:00:00,69.82462862114505,70.2734534641756,69.03917903106169,70.16124725341797,4808918.0
2019-03-12T00:00:00,70.32154846033899,70.5299340685893,69.77654417976322,70.0490493774414,4567491.0
2019-03-13T00:00:00,69.93683912631323,70.19331135447628,69.60021435859029,70.03301239013672,6129245.0
2019-03-14T00:00:00,69.7925546570154,70.83447013314489,69.58416911587805,70.81844329833984,6368518.0
2019-03-15T00:00:00,70.77038789630303,71.71613055121661,70.33758978831398,71.4756851196289,11214000.0
2019-03-18T00:00:00,71.47568693112474,71.60392001371517,70.4658246535561,70.83450317382812,5507824.0
2019-03-19T00:00:00,71.04288021214317,72.13288879872864,70.91464714507586,71.86038970947266,7424530.0
2019-03-20T00:00:00,71.60391600905812,72.66187098386278,71.17112402908678,71.81230163574219,7671894.0
2019-03-21T00:00:00,71.55580956851028,72.48552509583533,71.23521779650926,72.13287353515625,5691004.0
2019-03-22T00:00:00,72.13288852543934,72.46950720434403,69.56816604600267,69.6002197265625,7989092.0
2019-03-25T00:00:00,68.92696794827006,69.85668347429436,68.68652259091084,69.48799896240234,4416370.0
2019-03-26T00:00:00,69.50403218481983,69.85668374637906,68.70255581020665,69.02314758300781,5160123.0
2019-03-27T00:00:00,69.03918228152261,70.24139698033916,67.96520675234098,68.3338851928711,10516074.0
2019-03-28T00:00:00,68.80424705167225,69.68011593436523,68.54473103317247,69.17730712890625,6333649.0
2019-03-29T00:00:00,69.22596273743339,69.64767393681382,68.51229525103967,69.27462005615234,7563355.0
2019-04-01T00:00:00,69.30706486837691,70.58842796889392,69.30706486837691,70.48300170898438,6736340.0
2019-04-02T00:00:00,70.63708824694021,72.11308688419506,70.37757220700585,71.72381591796875,7608102.0
2019-04-03T00:00:00,72.04821560551514,72.98896523851796,71.80492276713082,72.84298706054688,7772230.0
2019-04-04T00:00:00,72.71321301873856,72.71321301873856,71.3345292139467,71.91844177246094,7274912.0
2019-04-05T00:00:00,72.01577548555515,72.37260618947052,71.72381915403759,72.24285125732422,5394531.0
2019-04-08T00:00:00,72.34016504539738,73.18359375,71.90223674070339,73.18359375,10049574.0
2019-04-09T00:00:00,73.03762480097839,74.05947207800678,72.34017417239488,72.5834732055664,7398016.0
2019-04-10T00:00:00,72.6321210011594,73.54043026008,72.42126846660244,73.3133544921875,5673453.0
2019-04-11T00:00:00,73.28091525404166,74.33520269120825,72.92407836379745,74.09190368652344,6343816.0
2019-04-12T00:00:00,74.22164324511829,74.82177901574401,73.86481261613343,74.12432861328125,9490723.0
2019-04-15T00:00:00,74.43250872352215,74.44873195520945,72.7456514943429,73.24846649169922,9111334.0
2019-04-16T00:00:00,72.98895022079316,73.45932494051337,71.83734826894019,72.74565124511719,11408511.0
2019-04-17T00:00:00,75.50301179710709,76.97901030066497,73.21602496879542,76.23290252685547,24847930.0
2019-04-18T00:00:00,76.75194511821137,77.04390145027415,75.68144062976474,76.31401062011719,8383270.0
2019-04-23T00:00:00,76.23291519978346,76.6221923828125,75.74632336151035,76.6221923828125,8108607.0
2019-04-24T00:00:00,76.94657633384361,77.9197661157474,76.33022961138998,77.36829376220703,9094768.0
2019-04-25T00:00:00,76.80061268948407,77.15744962901785,75.63279339279896,76.49243927001953,8207541.0
2019-04-26T00:00:00,77.0438975376457,77.36829413316904,76.65462038554763,77.23853302001953,5755638.0
2019-04-29T00:00:00,77.36829394753235,77.36829394753235,76.23290895960015,77.30341339111328,5704736.0
2019-04-30T00:00:00,77.04389085160925,77.64402047946908,76.23290252685547,76.23290252685547,2959595.0
2019-05-02T00:00:00,76.1031446523307,76.39510095661126,73.65396253014391,74.9353256225586,10993591.0
2019-05-03T00:00:00,74.6271484417451,75.32459894761332,74.52983379548,74.61093139648438,6113331.0
2019-05-06T00:00:00,73.16738532691075,74.49740600585938,72.59968965001472,74.49740600585938,5420471.0
2019-05-07T00:00:00,73.91348847149,74.61093904889164,71.85357702048414,72.29151153564453,7306528.0
2019-05-08T00:00:00,72.16176189373407,72.87542957043166,72.0968813265748,72.5834732055664,6288247.0
2019-05-09T00:00:00,72.32391904154217,72.5672179466027,71.12365393051073,71.20475769042969,6480911.0
2019-05-10T00:00:00,71.7724839233752,72.59968949022696,71.22101148302359,71.74004364013672,4935356.0
2019-05-13T00:00:00,71.99955314093594,72.14553130849716,70.21538103727741,70.73441314697266,6361568.0
2019-05-14T00:00:00,70.78306800042685,71.38319769616413,70.58843251292974,71.09124755859375,5211724.0
2019-05-15T00:00:00,71.15610838807504,71.70758065382708,70.78305452997063,71.67514038085938,5071458.0
2019-05-16T00:00:00,71.69137494178955,73.60530803793361,71.49673946057077,73.19981384277344,9480146.0
2019-05-17T00:00:00,73.1998023672033,73.55663299560547,71.6913637026981,73.55663299560547,7599267.0
2019-05-20T00:00:00,73.78372842544704,75.32460145793333,73.57286970592818,74.82179260253906,10195824.0
2019-05-21T00:00:00,75.43813573635619,76.26534734175789,75.37326136890039,75.64899444580078,9869486.0
2019-05-22T00:00:00,77.44940825660761,78.45503234863281,76.18426807027421,78.45503234863281,12366444.0
2019-05-23T00:00:00,78.22794343572545,78.22794343572545,75.64899997356524,75.8760757446289,7902046.0
2019-05-24T00:00:00,77.04390431083294,77.72513165270553,76.73573092103597,76.96280670166016,8800816.0
2019-05-27T00:00:00,77.66025802502732,78.01708874629121,77.09256238065348,77.27098083496094,3883363.0
2019-05-28T00:00:00,77.15742977877075,77.33584820263603,75.82740940294768,77.04389190673828,14319587.0
2019-05-29T00:00:00,75.94094297773803,76.44375794496487,73.6052989300723,73.79993438720703,6496913.0
2019-05-31T00:00:00,73.9783655190641,74.69203310948232,73.68640918949512,74.18922424316406,10578176.0
2019-06-03T00:00:00,74.18921715985105,74.2378744810167,72.51857694741277,73.99457550048828,9044672.0
2019-06-04T00:00:00,73.15115169949368,74.61093330430063,72.46992440881743,74.44873809814453,7446243.0
2019-06-05T00:00:00,74.22165176178967,75.30837937834701,73.75128321678886,74.40007019042969,6176313.0
2019-06-07T00:00:00,74.35141962708568,76.58974942987189,74.35141962708568,75.90851593017578,7738090.0
2019-06-11T00:00:00,73.68640580356741,74.95154571533203,73.55664469089903,74.95154571533203,7168396.0
2019-06-12T00:00:00,74.23787292400223,74.7569049633836,73.26468320964966,74.62714385986328,6477363.0
2019-06-13T00:00:00,74.62714821960576,74.95154481000796,74.07567587212709,74.10811614990234,6170364.0
2019-06-14T00:00:00,73.7999533930126,73.89727424031796,72.0157811705396,72.4050521850586,8316496.0
2019-06-18T00:00:00,73.79995538307517,74.74070503700787,72.907869247783,74.49740600585938,9640328.0
2019-06-19T00:00:00,74.64338020986179,75.47058573445825,73.86483201396186,75.42192840576172,7995618.0
2019-06-20T00:00:00,76.13558913414609,76.68706149631717,75.82741576809626,76.29779052734375,12820399.0
2019-06-24T00:00:00,75.76253535512028,76.16802955786105,74.44873809814453,74.44873809814453,6539137.0
2019-06-25T00:00:00,73.88105213621506,74.36764400548695,73.45934083280642,73.68641662597656,6552469.0
2019-06-26T00:00:00,72.9889599877411,74.10812181344016,72.43748759811746,72.51858520507812,8411114.0
2019-06-27T00:00:00,72.34016572085687,73.02139922173743,71.93467150451272,72.30773162841797,7414618.0
2019-06-28T00:00:00,72.14552483577802,72.32394326760678,71.43185729581327,71.44807434082031,8737504.0
2019-07-01T00:00:00,72.1941878379816,72.32394895764784,70.24782054179391,71.64271545410156,9574988.0
2019-07-02T00:00:00,71.99953936395467,72.55101164840148,71.88600149839353,71.91844177246094,5743800.0
2019-07-03T00:00:00,71.9184407280441,73.45931969344642,71.82111990725518,72.98894500732422,5872412.0
2019-07-04T00:00:00,73.07005131694959,73.31335030427954,71.95088958740234,71.95088958740234,4201382.0
2019-07-05T00:00:00,71.98331979262082,72.16173820005093,71.22098884718282,71.70758056640625,6708038.0
2019-07-08T00:00:00,71.52916786939197,72.51857461696528,71.4967337812239,72.46991729736328,4696114.0
2019-07-09T00:00:00,72.1779705092595,72.56724767938421,71.56161756795818,72.30773162841797,4575176.0
2019-07-10T00:00:00,72.19419801474291,73.03762684941411,72.09688334862614,72.38883972167969,4140882.0
2019-07-11T00:00:00,72.90783851235699,72.98893609276809,72.21038818359375,72.21038818359375,4440741.0
2019-07-12T00:00:00,72.30773275249912,73.44311162603255,72.30773275249912,73.05384063720703,4950157.0
2019-07-15T00:00:00,73.26469373889036,73.99458458271361,72.6970042977783,73.42689514160156,5161165.0
2019-07-16T00:00:00,72.98894581905705,73.52420105832462,72.43747353648575,73.297119140625,7273289.0
2019-07-17T00:00:00,71.36698392934308,72.82676562101999,64.61956024169922,64.61956024169922,30056506.0
2019-07-18T00:00:00,66.09555900978957,66.66324845272472,65.21968999438889,66.37129211425781,13960488.0
2019-07-19T00:00:00,66.97141455770804,68.47985327400025,66.6470180038286,68.090576171875,9084868.0
2019-07-22T00:00:00,67.97704210835839,68.02569942858955,67.05251589986665,67.16605377197266,7044526.0
2019-07-23T00:00:00,67.40936417840405,68.20412941791407,67.2471627712125,68.05815124511719,7200870.0
2019-07-24T00:00:00,68.12303332978614,68.41498968190189,66.82545298002235,66.92276763916016,8658794.0
2019-07-25T00:00:00,67.31204013435656,68.35010434163317,67.27959985446033,68.1068115234375,6323818.0
2019-07-26T00:00:00,68.28522066388018,69.33950805664062,68.04192785679346,69.33950805664062,5550227.0
2019-07-29T00:00:00,69.93964617292723,70.21538547903063,68.77182694591329,69.64768981933594,5918938.0
2019-07-30T00:00:00,69.64768584306131,69.64768584306131,68.31766528034522,68.82048034667969,5037729.0
2019-07-31T00:00:00,68.49608173279836,69.14487494868375,68.22034863782501,69.0151138305664,5267262.0
2019-08-01T00:00:00,68.52851821787739,70.75062465011733,68.52851821787739,70.50733184814453,5991333.0
2019-08-02T00:00:00,68.95023103480327,69.35572523473998,67.4904556274414,67.4904556274414,7668547.0
2019-08-06T00:00:00,66.25775503696967,66.48483700427514,65.39810924504162,65.4629898071289,7023901.0
2019-08-07T00:00:00,65.72249155683488,66.89031667070418,65.54407314362156,66.30640411376953,5984525.0
2019-08-08T00:00:00,66.95520061324072,67.96083068847656,66.69568457161384,67.96083068847656,5531716.0
2019-08-09T00:00:00,67.57155100630918,67.79862676082503,66.85788346535216,67.1822738647461,5222521.0
2019-08-12T00:00:00,67.31204783531506,68.22035721427427,66.92277061937499,67.50668334960938,4314907.0
2019-08-13T00:00:00,66.50105504775834,68.33389073641095,66.41995743760933,67.99327087402344,6234547.0
2019-08-14T00:00:00,67.52289079436581,67.68508598712195,65.25212097167969,65.25212097167969,6457971.0
2019-08-15T00:00:00,65.33320995200651,65.77114433951395,63.71123348894896,64.3762435913086,7410483.0
2019-08-16T00:00:00,64.42492774281352,65.52787258620911,64.42492774281352,65.20347595214844,5509278.0
2019-08-19T00:00:00,65.81983030883141,66.27398189356339,65.31701520619865,65.85226440429688,4529814.0
2019-08-20T00:00:00,66.07933044433594,66.3875037757305,65.60895573798388,66.07933044433594,3777229.0
2019-08-21T00:00:00,66.0793431586055,66.14421753372112,65.23591440859248,65.3332290649414,4141123.0
2019-08-22T00:00:00,64.87908119851095,64.94396176467377,63.54906052892958,63.64638137817383,10806585.0
2019-08-23T00:00:00,63.87345151689678,64.66821672629153,63.711250115851364,63.77613067626953,5805030.0
2019-08-26T00:00:00,63.1435551911062,63.58148965483026,62.57586580517702,63.549049377441406,5100282.0
2019-08-27T00:00:00,63.54905193815767,63.54905193815767,62.57586832667874,62.835384368896484,7286988.0
2019-08-28T00:00:00,62.0406101150852,62.34878346729575,60.02935624120782,60.694366455078125,17081921.0
2019-08-29T00:00:00,61.22962524574497,62.494765191400234,60.74303343490453,62.283912658691406,9990341.0
2019-08-30T00:00:00,62.59208370784257,62.77050214225081,61.94329052587627,62.00817108154297,8448506.0
2019-09-02T00:00:00,62.12170311920413,62.7542730091003,61.71620896543994,61.87841033935547,4472087.0
2019-09-03T00:00:00,61.87842409351334,62.494770889342874,61.408049285629374,61.58646774291992,5968876.0
2019-09-04T00:00:00,61.92708740957885,62.13794616924783,60.67816427515755,61.359397888183594,7601434.0
2019-09-05T00:00:00,61.63511088105919,62.656957872860986,61.63511088105919,62.39744186401367,7708239.0
2019-09-06T00:00:00,62.59208053816979,63.1273296269391,61.79730923987594,62.948917388916016,9588085.0
2019-09-09T00:00:00,62.91648407378827,62.98136463334777,61.76488198468528,62.04061508178711,6920180.0
2019-09-10T00:00:00,61.781091178277165,63.06245422363281,61.68377035130777,63.06245422363281,7487684.0
2019-09-11T00:00:00,63.46795057413786,63.532824940335125,62.57586461858658,62.802940368652344,7738477.0
2019-09-12T00:00:00,62.997569272897216,63.43550368265153,62.72183004274843,63.01378631591797,7946376.0
2019-09-13T00:00:00,62.981344520578816,63.2246372602066,62.397432045714154,63.04621887207031,9355428.0
2019-09-16T00:00:00,62.559636016038915,62.85159229458885,62.1865821461917,62.51097869873047,5526371.0
2019-09-17T00:00:00,62.60828787901571,63.695015307244226,62.31633162590054,63.20842361450195,6519872.0
2019-09-18T00:00:00,63.11110833329741,64.79796545753202,62.83537528526751,64.39247131347656,8202074.0
2019-09-19T00:00:00,64.31137899166457,65.51163829149948,63.69502610973982,64.71687316894531,8714087.0
2019-09-20T00:00:00,64.73310229915433,66.27398169797051,64.57090707290052,65.91714477539062,12463646.0
2019-09-23T00:00:00,65.77114930245901,66.06310558282767,64.42491195395873,64.86284637451172,5518215.0
2019-09-24T00:00:00,65.08993595115314,66.07934286869978,64.79797960868524,65.43054962158203,6247143.0
2019-09-25T00:00:00,64.87907610866071,65.0899348384721,63.48417498234837,64.68444061279297,7346643.0
2019-09-26T00:00:00,62.77050808147118,64.86285979456876,62.6569701919869,63.240882873535156,9409464.0
2019-09-27T00:00:00,63.25710789645263,63.97077560424805,63.17601027764547,63.97077560424805,5061906.0
2019-09-30T00:00:00,63.71123935914352,64.14917378700115,62.94891455866521,63.79234313964844,7595856.0
2019-10-01T00:00:00,63.808580530431385,64.79798756953302,63.22466777375818,63.61394500732422,6774087.0
2019-10-02T00:00:00,63.6139400696894,63.74369501257218,62.105500961150675,62.332576751708984,6157300.0
2019-10-03T00:00:00,62.17037915708862,62.997584675078166,61.00255377889066,62.08927536010742,6631857.0
2019-10-04T00:00:00,62.12172052383567,62.57587831069071,61.48915045671245,61.97574234008789,5617697.0
2019-10-07T00:00:00,62.25146844428193,65.00883011453207,62.15414761332598,64.48979187011719,8827531.0
2019-10-08T00:00:00,65.13857826375744,66.33884363804198,64.96015985256045,65.36565399169922,9859878.0
2019-10-09T00:00:00,65.44676295197311,66.66324558072616,65.04126874238877,66.29019165039062,8138911.0
2019-10-10T00:00:00,66.82545743810067,67.60400569989767,65.96580537180999,66.40373992919922,8547956.0
2019-10-11T00:00:00,66.41995825571989,67.62021775035161,65.83604555569318,67.08496856689453,7540812.0
2019-10-14T00:00:00,67.4255869293134,68.1068205224448,66.41996286905913,66.50106048583984,7536971.0
2019-10-15T00:00:00,66.63080990352775,68.02570475393563,66.63080990352775,67.4904556274414,9855283.0
2019-10-16T00:00:00,67.71752721830705,69.12864521470956,67.26337572230396,67.9446029663086,10801650.0
2019-10-17T00:00:00,71.69137157399612,73.3782288315843,71.13989924699038,72.14552307128906,26600463.0
2019-10-18T00:00:00,70.55599158101366,72.56724555771127,70.00451921541516,71.96710968017578,13071652.0
2019-10-21T00:00:00,72.1130868573225,72.45370049948122,70.81550665813427,71.15612030029297,6522761.0
2019-10-22T00:00:00,71.51295851449655,71.57783907250854,70.6208724975586,70.6208724975586,6994443.0
2019-10-23T00:00:00,70.55597872052928,71.70758056640625,70.44244085895546,71.70758056640625,7225630.0
2019-10-24T00:00:00,70.84795916895337,71.13991553759793,68.77183049179331,70.57221984863281,15380497.0
2019-10-25T00:00:00,70.63707733154297,70.73439815173599,69.84231228902318,70.63707733154297,7120216.0
2019-10-28T00:00:00,70.94526318546446,71.07501810332005,69.92341613769531,69.92341613769531,7332962.0
2019-10-29T00:00:00,69.7612131027216,69.90719124894295,68.04192181094767,68.13923645019531,11050306.0
2019-10-30T00:00:00,67.89594588549987,68.64205368510204,67.78240801109737,68.44741821289062,8227757.0
2019-10-31T00:00:00,68.75559165100454,68.88535275755157,67.97704357377269,68.41497802734375,7111328.0
2019-11-01T00:00:00,68.41498575149072,68.57718096563646,67.92839392170268,68.3825454711914,1070256.0
2019-11-04T00:00:00,68.56095615155898,70.52354648218481,68.431195045063,70.26403045654297,8840004.0
2019-11-05T00:00:00,70.26401603798857,70.26401603798857,68.91777886477354,69.2259521484375,4876639.0
2019-11-06T00:00:00,69.14487733357457,69.71256677654158,68.93401860303645,69.25841522216797,4610269.0
2019-11-07T00:00:00,69.56658534482092,69.77744406547035,68.7393798828125,68.7393798828125,5832219.0
2019-11-08T00:00:00,69.19352657980028,71.0912425583085,69.01510815074778,70.66952514648438,6817544.0
2019-11-11T00:00:00,70.783071317447,71.4156413219689,70.19915864024188,71.01014709472656,7106324.0
2019-11-12T00:00:00,70.99392472576542,71.3345383661495,70.28025716676778,71.28588104248047,6602156.0
2019-11-13T00:00:00,70.96148145087025,71.57783433650157,70.44244939581762,70.66952514648438,5631955.0
2019-11-14T00:00:00,70.58842633349903,70.81550208025884,69.777437988014,69.92341613769531,4441090.0
2019-11-15T00:00:00,70.32891731077689,71.4318620654085,70.16671591312479,71.36698150634766,5857959.0
2019-11-18T00:00:00,71.36699331137252,71.62650940319253,70.58844503591247,70.94528198242188,4503502.0
2019-11-19T00:00:00,71.02636320110136,71.9995467738818,70.89660209147718,71.41563415527344,5451636.0
2019-11-20T00:00:00,71.15612258738582,71.22100314626823,70.45867204777655,70.86416625976562,5696935.0
2019-11-21T00:00:00,70.28025836518252,70.79929045100411,69.80988360385966,70.21537780761719,4439551.0
2019-11-22T00:00:00,69.95586395263672,70.42623254132025,69.69634790160934,69.95586395263672,3491252.0
2019-11-25T00:00:00,70.26403393397783,71.28588104248047,70.05317521916132,71.28588104248047,5502956.0
2019-11-26T00:00:00,71.36697091503217,71.4642917391804,70.5721996528627,70.71817779541016,5257568.0
2019-11-27T00:00:00,70.8479408804286,70.8479408804286,69.89097440520085,70.52354431152344,3693692.0
2019-11-28T00:00:00,70.08561717498549,70.71818714722602,69.87476464247236,70.6208724975586,2067842.0
2019-11-29T00:00:00,70.1991490231763,70.3775674486963,69.7936548514854,69.98829650878906,5158951.0
2019-12-02T00:00:00,70.10183159847327,71.15611269059923,68.96644672534933,69.27462005615234,7318213.0
2019-12-03T00:00:00,69.61524343663893,72.19418687580216,69.33951034204917,70.83172607421875,11651106.0
2019-12-04T00:00:00,71.02636301855027,72.27528585239703,70.6857493876876,71.48051452636719,6399247.0
2019-12-05T00:00:00,71.51297457814735,71.7076101085529,70.37758930730301,70.4262466430664,5575695.0
2019-12-06T00:00:00,70.63708993100532,71.77247495304336,70.6046496518213,71.05880737304688,5303982.0
2019-12-09T00:00:00,71.05880506633619,71.30209787129262,69.74500164511007,70.78306579589844,7131374.0
2019-12-10T00:00:00,70.55598307082055,70.57220011460981,69.03132727328781,69.874755859375,6804547.0
2019-12-11T00:00:00,69.79366929874249,70.02074509191797,68.69072442844616,69.14488220214844,7010859.0
2019-12-12T00:00:00,69.14486791487153,69.87475866165624,68.46363448875577,69.3881607055664,10585518.0
2019-12-13T00:00:00,70.15049586129574,70.29647401925257,68.41498119855923,68.9664535522461,8264923.0
2019-12-16T00:00:00,68.98266973144021,70.50733184814453,68.98266973144021,70.50733184814453,7159612.0
2019-12-17T00:00:00,70.55598917106903,71.07502124009807,69.90719599110757,70.50733184814453,6318785.0
2019-12-18T00:00:00,70.55599644350129,70.7506319426113,69.53414924530955,70.06940460205078,5987738.0
2019-12-19T00:00:00,70.06939629818164,70.19915121976085,66.01445445439046,67.3120346069336,22357077.0
2019-12-20T00:00:00,67.49046280998519,68.00949494615314,66.93899039188786,67.08496856689453,11370739.0
2019-12-23T00:00:00,67.31202993706162,67.57154594956594,66.79299791205298,67.36068725585938,4548116.0
2019-12-27T00:00:00,67.68508390823611,67.73374122709849,67.00385669476354,67.3282470703125,4896756.0
2019-12-30T00:00:00,67.29582678874098,67.37692439926585,66.12800139765969,66.14421844482422,8422899.0
2020-01-02T00:00:00,66.84166086019555,68.2690021428536,66.84166086019555,68.1230239868164,7981124.0
2020-01-03T00:00:00,67.831073793814,67.831073793814,66.80922660937236,66.9389877319336,7745242.0
2020-01-07T00:00:00,67.5877788410716,68.36633324848641,67.1822845897457,67.73375701904297,7563847.0
2020-01-08T00:00:00,67.13361461638875,68.26899954374655,66.61458256742806,67.9446029663086,6663995.0
2020-01-09T00:00:00,68.75560153745593,68.99890055354082,68.07437419217985,68.15547180175781,7736627.0
2020-01-10T00:00:00,67.71752739097377,68.04192396923887,66.0144530892696,66.63080596923828,10932051.0
2020-01-13T00:00:00,67.47423325254029,68.44742305717388,67.31203804544329,67.76618957519531,8274492.0
2020-01-14T00:00:00,68.12303313327878,68.20413074477675,66.82545278725799,66.9876480102539,7527986.0
2020-01-15T00:00:00,66.98765118659024,67.50668334960938,66.30642379288442,67.50668334960938,7798774.0
2020-01-16T00:00:00,68.05814481121641,69.38816528769806,68.05814481121641,69.3719482421875,9231921.0
2020-01-17T00:00:00,69.66390168316096,69.89097743503352,68.96645119535229,69.29084777832031,7862281.0
2020-01-20T00:00:00,69.1935239174058,69.25840446862847,68.20411716698469,68.67449188232422,5745100.0
2020-01-21T00:00:00,68.64205377645095,68.80424897228463,67.65264699475523,68.41497802734375,6205188.0
2020-01-22T00:00:00,69.01510404406828,69.3395006060108,68.47985497611043,69.27462005615234,7538095.0
2020-01-23T00:00:00,69.06376927442095,69.24218150996137,68.38253585859863,68.5771713256836,9627363.0
2020-01-24T00:00:00,62.44610651018079,65.1548047836812,62.44610651018079,64.63577270507812,38894434.0
2020-01-27T00:00:00,64.87907602339745,66.07934165226467,63.808571516505424,64.14918518066406,14255105.0
2020-01-28T00:00:00,64.44114161318473,64.74931499730592,63.20844188934911,64.11674499511719,13181339.0
2020-01-29T00:00:00,64.61954345091952,64.65198372312203,63.32196349956557,63.33818054199219,12056908.0
2020-01-30T00:00:00,62.52720140467601,62.640739280244425,61.71621304355868,61.78109359741211,12272274.0
2020-01-31T00:00:00,61.92707105228324,62.08926624773947,60.93766427288999,61.44047927856445,12416788.0
2020-02-03T00:00:00,61.683769812357326,62.49475813463329,60.90522176545439,61.7324333190918,8425859.0
2020-02-04T00:00:00,62.00816031843573,63.338180541992195,61.829741914996575,63.33818054199219,11549670.0
2020-02-05T00:00:00,63.43551779138766,63.75991441009747,62.462327935258216,63.19221878051758,12060055.0
2020-02-06T00:00:00,63.695036460958235,64.37626381956954,63.28954221777975,64.23028564453125,9954388.0
2020-02-07T00:00:00,65.34944289658984,68.07436425460915,65.00882927367495,67.87972259521484,27393154.0
2020-02-10T00:00:00,68.46363660560624,68.47985983789752,67.24715405246889,67.3120346069336,13460027.0
2020-02-11T00:00:00,68.52850815118563,71.74002092679477,68.25277511198432,71.67514038085938,20610556.0
2020-02-12T00:00:00,70.84793507590602,72.03197719615464,70.52353853357846,71.67514038085938,11913829.0
2020-02-13T00:00:00,71.43184761462577,71.70758065382708,70.53976176373702,71.67514038085938,8575006.0
2020-02-14T00:00:00,71.5291748046875,71.80491407965027,70.89660483912945,71.5291748046875,7502276.0
2020-02-17T00:00:00,71.5291687981221,72.35638036619595,71.3020930538979,71.46429443359375,5064922.0
2020-02-18T00:00:00,71.01013937374466,71.3831932797631,70.5235475914315,71.0425796508789,6123194.0
2020-02-19T00:00:00,71.22099545772497,71.77246777399088,70.7344036933374,71.46429443359375,6314992.0
2020-02-20T00:00:00,71.31833136925208,71.44808631310173,70.7992992191509,70.96149444580078,7083586.0
2020-02-21T00:00:00,70.76685602148605,71.17235025875986,70.02074192251543,70.34513854980469,8309462.0
2020-02-24T00:00:00,68.9502319115849,69.07999302714293,66.98764144389875,67.76618957519531,13550569.0
2020-02-25T00:00:00,67.79863109333316,68.35010346983371,66.51726789685381,66.69568634033203,10221985.0
2020-02-26T00:00:00,66.11178115020459,67.11741136567255,64.10053309397138,66.72813415527344,10247268.0
2020-02-27T00:00:00,66.04689164364827,66.09554896354676,63.35441063274993,64.87906646728516,12582491.0
2020-02-28T00:00:00,63.516616508061176,63.59771411731666,61.34316716831882,62.18659591674805,17232616.0
2020-03-02T00:00:00,62.47853882366338,63.808559128949774,61.26205638438804,62.02438735961914,11034750.0
2020-03-03T00:00:00,62.34878026172833,63.43550783575139,61.63511276245117,61.63511276245117,9932968.0
2020-03-04T00:00:00,61.71621322631836,62.559641866860034,61.164740891631496,61.71621322631836,10126398.0
2020-03-05T00:00:00,62.44610803108867,62.52720563521736,59.83472434163068,60.75925064086914,11203419.0
2020-03-06T00:00:00,59.413013732873985,59.52655161735711,57.35310239141489,57.85591125488281,13972000.0
2020-03-09T00:00:00,54.28756686477819,56.57455396379163,53.52523576932351,56.16905975341797,20800839.0
2020-03-10T00:00:00,56.55833913276575,58.55337020170386,55.58515535823305,56.47724151611328,17741249.0
2020-03-11T00:00:00,56.6880866108608,57.709933659062344,55.487821136601056,55.812217712402344,14368103.0
2020-03-12T00:00:00,52.357415914130755,53.281942315041896,49.259443165532815,49.454078674316406,26193689.0
2020-03-13T00:00:00,50.39481319558689,55.990633783957506,49.74602316494209,52.7304573059082,26247012.0
2020-03-16T00:00:00,49.87579002218532,52.50339088601781,48.286253391602656,51.18959045410156,21977431.0
2020-03-17T00:00:00,52.87644208807907,55.860879697412216,51.14093047175986,55.19586944580078,17600537.0
2020-03-18T00:00:00,53.687432238500826,58.79666188405562,52.43851548610818,56.85028839111328,22989358.0
2020-03-19T00:00:00,56.428574497438674,60.87278747558594,55.049890501596266,60.87278747558594,26611401.0
2020-03-20T00:00:00,62.900264239062885,63.3706390402601,58.94264270234224,60.20778274536133,20255316.0
2020-03-23T00:00:00,57.88834545713648,61.74865168635285,56.78540082021751,57.22333526611328,15935512.0
2020-03-24T00:00:00,59.93204147936662,62.365006577143205,58.68311865335928,61.65133285522461,18366283.0
2020-03-25T00:00:00,63.87345654127488,63.954554154501444,59.26704157420137,62.202816009521484,13845677.0
2020-03-26T00:00:00,60.46729742726595,61.310726165771484,59.25081474069369,61.310726165771484,15272927.0
2020-03-27T00:00:00,61.55402288815207,61.862196263173004,58.958856207596966,59.81850814819336,15945121.0
2020-03-30T00:00:00,60.272653553215704,63.808563232421875,59.15349186455597,63.808563232421875,15671084.0
2020-03-31T00:00:00,66.09556066357098,66.5010549007708,63.74369285034181,65.73872375488281,20440583.0
2020-04-01T00:00:00,63.864212363159815,65.46859957661091,63.520417779620246,64.56817626953125,13179638.0
2020-04-02T00:00:00,65.35399551999858,66.23804409296727,63.83147574895237,64.83011627197266,13662753.0
2020-04-03T00:00:00,64.9119638667222,65.22301515340654,63.88057408120602,64.15888214111328,8895663.0
2020-04-06T00:00:00,65.50134248194747,66.48362083882239,64.86286498480236,65.28852081298828,9349822.0
2020-04-07T00:00:00,66.10707652341016,66.27078644431374,63.9460730927905,65.1902847290039,14575996.0
2020-04-08T00:00:00,64.50268754884438,67.07297170734907,64.35534614029362,66.20529174804688,10552124.0
2020-04-09T00:00:00,66.81104298540012,66.82741148006461,64.99383406610431,65.48497009277344,5371801.0
2020-04-14T00:00:00,66.69644068546657,67.4986280224932,65.9924768006529,67.44951629638672,12757778.0
2020-04-15T00:00:00,67.53138041431386,68.56277051836994,66.17256418649491,66.51636505126953,12890103.0
2020-04-16T00:00:00,67.25305178459693,68.95565586834559,66.71279790816804,68.5300064086914,12221008.0
2020-04-17T00:00:00,69.57776850777938,71.10029429473667,69.57776850777938,70.88746643066406,19084008.0
2020-04-20T00:00:00,71.03482622896017,71.13305594053382,69.49593155177647,70.60917663574219,9210778.0
2020-04-21T00:00:00,69.90519899236148,69.937942223156,66.58183288574219,66.58183288574219,13250830.0
2020-04-22T00:00:00,68.7592266254227,71.329511502048,68.07163735683285,69.75787353515625,16518713.0
2020-04-23T00:00:00,69.74148275185998,69.90519890562953,68.0552469613961,68.79195404052734,10472628.0
2020-04-24T00:00:00,68.00614709195358,68.33357321143349,66.33627950322641,66.38539123535156,10686348.0
2020-04-27T00:00:00,67.17120141232837,68.15347964262683,66.71280865193553,68.02250671386719,8864170.0
2020-04-28T00:00:00,67.82605453276871,68.16984910796437,66.81103930094355,67.2694320678711,8265571.0
2020-04-29T00:00:00,67.1220833801873,68.51363626928458,66.77828884219373,68.36629486083984,8804469.0
2020-04-30T00:00:00,68.7592203386214,69.98706355895393,67.72783028490468,69.65963745117188,7222324.0
2020-05-04T00:00:00,67.76057204702806,67.94065671464968,66.0743360595409,66.6309585571289,10439529.0
2020-05-05T00:00:00,67.07298060689442,67.48226165771484,66.38538519404682,67.48226165771484,6896942.0
2020-05-06T00:00:00,67.41678551462866,67.95703333697325,66.89290618896484,66.89290618896484,6898796.0
2020-05-07T00:00:00,67.23668964867852,67.54774099498076,66.76192213711212,67.35128784179688,5930944.0
2020-05-08T00:00:00,67.84242543559583,69.03752536690392,67.61322904399336,68.44816589355469,7824989.0
2020-05-11T00:00:00,68.75920275197689,69.43042329094091,67.95700930534575,68.5300064086914,7661454.0
2020-05-12T00:00:00,68.2353343904032,69.80697205988129,67.94065154673443,69.74148559570312,7382251.0
2020-05-13T00:00:00,69.00478458114696,69.15212600265995,67.31854248046875,67.31854248046875,9768987.0
2020-05-14T00:00:00,66.51634894536215,66.87651197367288,64.45356923672024,65.1084213256836,9939274.0
2020-05-15T00:00:00,65.10843727389297,67.74420852215658,64.60092646837579,67.17121124267578,12181259.0
2020-05-18T00:00:00,68.56276191329505,69.18486460071924,67.4331422403446,68.8574447631836,12046779.0
2020-05-19T00:00:00,69.16849861278357,69.16849861278357,67.64597258157791,68.6609878540039,8821668.0
2020-05-20T00:00:00,68.66097816303768,69.0047789485937,67.7605612140144,67.79330444335938,4877110.0
2020-05-22T00:00:00,68.03888331928464,69.92157238336192,67.51500408013851,69.77423095703125,8552507.0
2020-05-25T00:00:00,70.21623753400682,72.00070269407598,70.00340969515503,71.24762725830078,8077077.0
2020-05-26T00:00:00,71.88611790651012,71.95160436836298,69.87245604302994,69.93794250488281,7667768.0
2020-05-27T00:00:00,69.77423030049633,70.13439961594524,68.25170432444988,68.8574447631836,10288610.0
2020-05-28T00:00:00,69.57777863002569,70.67464884841156,68.89018946240468,70.34722900390625,9649541.0
2020-05-29T00:00:00,69.98705586437994,71.01844580470275,69.28309199584105,70.10165405273438,20324316.0
2020-06-01T00:00:00,71.21489717392082,71.4113503140393,70.15076402844132,70.77287292480469,6654375.0
2020-06-02T00:00:00,71.62417733595233,71.96797188833305,70.62553066416125,71.57506561279297,9548698.0
2020-06-03T00:00:00,72.34452674907371,74.76747017064734,72.34452674907371,74.42367553710938,14830543.0
2020-06-04T00:00:00,74.423660029561,75.12762389162674,72.39362964440672,72.884765625,9905366.0
2020-06-05T00:00:00,73.13032969140005,73.44138726363586,71.88611813785509,72.36088562011719,10585033.0
2020-06-08T00:00:00,72.36087839860298,72.54096302873936,70.29809876539083,70.90383911132812,11710270.0
2020-06-09T00:00:00,70.90386055156678,71.29676691328034,69.8069839477539,69.8069839477539,10858839.0
2020-06-10T00:00:00,70.05253595642893,71.42772033674092,70.05253595642893,70.88746643066406,8300476.0
2020-06-11T00:00:00,70.18352499689432,70.44546466496358,67.90792295958002,67.94066619873047,9255979.0
2020-06-12T00:00:00,67.12209504637823,69.28309858240705,66.97475361232475,68.43179321289062,7729850.0
2020-06-15T00:00:00,67.02386613384441,68.75922012818477,66.69644627219799,68.5136489868164,8265714.0
2020-06-16T00:00:00,69.33220369213194,70.69101970367657,69.15212528560153,70.5436782836914,12481912.0
2020-06-17T00:00:00,70.46181702349567,71.24763577807232,70.10164775239008,70.93658447265625,9633298.0
2020-06-18T00:00:00,70.64192245712721,71.00208558913809,70.0034386762426,70.46183776855469,11768356.0
2020-06-22T00:00:00,70.33086481499862,71.18217027771061,69.98707017961516,70.46183776855469,5315664.0
2020-06-23T00:00:00,70.98571066738442,71.32950527165,70.19989175257724,70.36360168457031,5586784.0
2020-06-24T00:00:00,70.11803404477035,70.23263224171112,68.79196116499874,68.92292785644531,5394960.0
2020-06-25T00:00:00,68.7592237387153,69.64327239990234,68.34994264503247,69.64327239990234,5433273.0
2020-06-26T00:00:00,71.29675427377305,72.03346137779985,70.59279040160663,70.80561828613281,7522208.0
2020-06-29T00:00:00,70.8874775615362,71.10030545902741,69.67600913456566,70.42908477783203,5995906.0
2020-06-30T00:00:00,70.4290759138251,70.67464076913195,69.54502744640239,70.52730560302734,6737958.0
2020-07-01T00:00:00,70.54367319646909,71.05118388318196,70.00341928043933,70.39633178710938,5540347.0
2020-07-02T00:00:00,71.21490434828246,71.52595570523386,70.47819719220459,71.39498901367188,5830234.0
2020-07-03T00:00:00,70.88748713969343,71.72242410297888,70.82200066313494,71.34588623046875,3657341.0
2020-07-06T00:00:00,72.131691417671,75.29134148825273,72.11531667909617,75.20948028564453,10386984.0
2020-07-07T00:00:00,74.25994450861337,74.25994450861337,71.46046401006726,72.47547912597656,10770464.0
2020-07-08T00:00:00,70.93660284122686,72.13170289692965,70.80562989231667,71.70604705810547,6649837.0
2020-07-09T00:00:00,71.73878649632427,71.9843576399594,69.90520902461829,69.97069549560547,6537552.0
2020-07-10T00:00:00,70.34722341369253,71.6078096992905,70.31448018281732,70.77287292480469,6100835.0
2020-07-13T00:00:00,70.985694922174,71.95159829500841,70.57641393783963,71.86974334716797,4786090.0
2020-07-14T00:00:00,70.80561734475073,72.09894688294337,70.41270481278268,71.5586929321289,8087760.0
2020-07-15T00:00:00,72.04984872589355,72.99938396293048,71.88613876888319,72.32816314697266,7751183.0
2020-07-16T00:00:00,71.72239341228715,72.78652009790915,71.34585570090107,71.73876190185547,7132905.0
2020-07-17T00:00:00,75.56965561654731,81.25047879905074,75.30771598466684,79.94078063964844,24707710.0
2020-07-20T00:00:00,80.21908308492608,84.43467900627277,80.18633985261832,84.06632232666016,14879462.0
2020-07-21T00:00:00,85.45788301414397,85.94901901664102,84.51653536636367,85.25324249267578,9791852.0
2020-07-22T00:00:00,85.25323590247342,85.25323590247342,83.20683084598166,84.80302429199219,8098368.0
2020-07-23T00:00:00,85.53974070436118,86.03087672253659,84.8439641581849,85.4578857421875,5579281.0
2020-07-24T00:00:00,83.82076655801494,83.82076655801494,81.9380710891541,82.3882827758789,5987656.0
2020-07-27T00:00:00,82.34735047885893,83.49333873006297,81.93806940665273,83.41148376464844,4213165.0
2020-07-28T00:00:00,83.49333629041615,83.49333629041615,82.22456250559668,82.67477416992188,4761119.0
2020-07-29T00:00:00,82.63383675746887,83.00219342842163,81.62700892949026,82.75662231445312,4325547.0
2020-07-30T00:00:00,82.51104635905975,82.67475624962006,80.89029096393189,81.05400085449219,6921453.0
2020-07-31T00:00:00,82.67476490036601,83.90260794344076,82.10177397831754,82.51105499267578,6332785.0
2020-08-03T00:00:00,82.96126397230356,84.72117365967114,82.18363250922933,83.98446655273438,5817858.0
2020-08-04T00:00:00,84.5165303861234,84.59838534086066,83.2886873296664,83.77982330322266,4602726.0
2020-08-05T00:00:00,83.82076402867756,84.02540456280757,82.67477578852282,82.83848571777344,3994929.0
2020-08-06T00:00:00,82.83848000293085,83.00219616602052,82.06084852493728,82.96126556396484,4206720.0
2020-08-07T00:00:00,82.67477308280571,83.49333519253646,82.30642263148019,83.12498474121094,3254978.0
2020-08-10T00:00:00,83.53426276707916,83.8616826029924,82.71570068702991,82.96126556396484,3340009.0
2020-08-11T00:00:00,83.04312865931075,83.90262142562673,82.92034933138018,83.5751953125,5167398.0
2020-08-12T00:00:00,83.57518153593595,84.76210021972656,83.2886860761012,84.76210021972656,5634428.0
2020-08-13T00:00:00,84.72117722857992,85.00767271414269,83.90261512975306,84.27096557617188,4163205.0
2020-08-14T00:00:00,84.14816844629426,84.3528089276859,81.89712315098625,82.30640411376953,7338545.0
2020-08-17T00:00:00,82.30641317195202,83.7798210530477,82.30641317195202,83.00218963623047,4524251.0
2020-08-18T00:00:00,82.67478213269521,82.96127765343519,81.89715054138186,82.14271545410156,5190345.0
2020-08-19T00:00:00,82.4291924781939,84.10724710833537,82.06084206920312,83.00218963623047,5490182.0
2020-08-20T00:00:00,82.22457151919261,82.47014268031415,81.25048673571429,82.18364715576172,5372406.0
2020-08-21T00:00:00,82.1427131984177,82.1427131984177,81.02128701301135,81.75798797607422,6006212.0
2020-08-24T00:00:00,82.10178318362924,83.12498583424707,82.10178318362924,82.67477416992188,4508836.0
2020-08-25T00:00:00,83.0840508704092,84.10725346733543,82.92034095295422,83.49333190917969,5948530.0
2020-08-26T00:00:00,83.41148181163791,85.33510155694034,82.92034578551673,84.96675109863281,5337193.0
2020-08-27T00:00:00,85.3760307800138,85.82623619453574,84.68024798870424,85.4578857421875,6794458.0
2020-08-28T00:00:00,84.68024301608543,84.92581413331928,82.6338378562464,82.79755401611328,7606703.0
2020-08-31T00:00:00,82.7975592035057,83.57519071491114,82.06085205078125,82.06085205078125,5117658.0
2020-09-01T00:00:00,82.55198807088644,83.69797628122078,82.06085205078125,82.06085205078125,5351138.0
2020-09-02T00:00:00,82.30641827227046,84.18910727785803,81.938061595321,82.26548767089844,7235331.0
2020-09-03T00:00:00,83.08405047154923,83.94354314689433,79.1713247589084,79.48237609863281,10207134.0
2020-09-04T00:00:00,79.48237099598354,81.36506614247658,78.72929543543937,80.21907806396484,9567407.0
2020-09-07T00:00:00,80.67748311435251,80.95579749147242,79.5969813313972,80.54651641845703,4767977.0
2020-09-08T00:00:00,80.84119773525818,80.84119773525818,78.59833300179024,79.44963836669922,7565889.0
2020-09-09T00:00:00,78.99123503237354,80.33367624730275,78.71292694287649,80.21907806396484,6984857.0
2020-09-10T00:00:00,79.89166191628432,79.97351687951718,78.32002413973316,78.9257583618164,6528926.0
2020-09-11T00:00:00,79.31867055239942,79.38415702072854,78.35276700251174,78.663818359375,4892370.0
2020-09-14T00:00:00,78.79479939421967,79.30230396309602,78.40188678899649,78.4837417602539,4734837.0
2020-09-15T00:00:00,78.51648495318082,79.48238860179119,77.95986240575903,78.97488403320312,6344434.0
2020-09-16T00:00:00,79.08946261546596,79.5805985659875,78.6638068785835,78.86026000976562,5589424.0
2020-09-17T00:00:00,78.3036501549986,79.44963205017669,78.00896731191483,79.40052032470703,5186297.0
2020-09-18T00:00:00,79.64608884624342,81.31594990911147,79.51511592241617,80.4319076538086,17810392.0
2020-09-21T00:00:00,80.21908440333935,80.21908440333935,77.3704855970765,77.45234680175781,7662629.0
2020-09-22T00:00:00,77.76340922582604,79.13859397562496,77.76340922582604,78.97488403320312,6108843.0
2020-09-23T00:00:00,79.48238675469278,79.98989755662073,78.94213896114843,79.15496063232422,5272803.0
2020-09-24T00:00:00,77.76340461703131,78.76205144396614,77.48509648238186,78.59833526611328,6757974.0
2020-09-25T00:00:00,78.4182353440014,78.97485770586562,77.46870050811992,78.15629577636719,7119672.0
2020-09-28T00:00:00,78.6638140250215,79.7115724800227,78.6638140250215,79.48237609863281,5301345.0
2020-09-29T00:00:00,79.48237936008525,80.61199906490641,79.10584154018927,80.30094146728516,7118024.0
2020-09-30T00:00:00,80.38279386915012,81.36507211358887,79.82617140417476,80.44828033447266,7206728.0
2020-10-01T00:00:00,81.066935831643,81.24840535813,78.87281973096245,79.30174255371094,5806121.0
2020-10-02T00:00:00,78.77382480780521,78.77382480780521,77.35507009755517,78.34490203857422,6261786.0
2020-10-05T00:00:00,78.54287017348418,79.4337170808166,78.44388508606113,78.82331848144531,4723001.0
2020-10-06T00:00:00,79.33473050717113,80.07710291604087,78.82331700480349,79.16976165771484,7057107.0
2020-10-07T00:00:00,79.10376611218449,79.48319947413417,78.11393420464995,78.44387817382812,5234547.0
2020-10-08T00:00:00,78.64184803149477,79.36772607763866,78.60885929590482,78.93879699707031,5058570.0
2020-10-09T00:00:00,79.4172101610164,79.53268960733018,78.92229734922054,79.2357406616211,4455805.0
2020-10-12T00:00:00,79.56568556979923,79.71416004440027,78.97178767139505,79.1202621459961,5501532.0
2020-10-13T00:00:00,79.12026589607834,79.26874037771667,78.52636796952505,78.6583480834961,6418001.0
2020-10-14T00:00:00,78.65834699550017,79.1202648016932,78.31190864085539,79.02128601074219,6875653.0
2020-10-15T00:00:00,78.69132876364796,78.88929260535019,77.05810976342266,78.54285430908203,8511389.0
2020-10-16T00:00:00,79.10376917566235,79.63167702952879,78.22941667950516,78.36139678955078,8500187.0
2020-10-19T00:00:00,79.53267963529514,80.70397461142186,79.33471579402963,80.35753631591797,10055882.0
2020-10-20T00:00:00,80.357538314835,81.2978744506836,79.71415109484988,81.2978744506836,9976916.0
2020-10-21T00:00:00,87.02239916059706,89.37323996459762,85.70262943669837,89.08454132080078,25518332.0
2020-10-22T00:00:00,89.08452137238389,90.85796449166924,87.9709661138605,89.90937805175781,13887571.0
2020-10-23T00:00:00,89.90938509118482,90.11559927717377,88.01221206282341,89.4557113647461,10074754.0
2020-10-26T00:00:00,88.25967675433307,89.37323216503185,86.81617736816406,86.81617736816406,6957707.0
2020-10-27T00:00:00,87.43482270908817,87.88849647625705,85.33143530589875,85.3726806640625,9184951.0
2020-10-28T00:00:00,84.01166093588853,84.75403328902246,82.56816158546722,83.02183532714844,8662950.0
2020-10-29T00:00:00,83.02183314298595,84.25911826793907,82.81561895549376,83.06307220458984,7270632.0
2020-10-30T00:00:00,82.52693563664384,82.93936408801507,81.82580223478578,81.89179229736328,4097701.0
2020-11-02T00:00:00,82.3701948422518,83.64047498138575,81.42985865888055,82.85685729980469,6551618.0
2020-11-03T00:00:00,82.9805936314011,84.34160862331854,82.73314036488031,83.80545043945312,4891276.0
2020-11-04T00:00:00,83.3105364119414,85.37267840233598,83.18680663388614,85.00149536132812,6969584.0
2020-11-05T00:00:00,85.78510267415727,86.69244384765625,85.12521475170838,86.69244384765625,7125935.0
2020-11-06T00:00:00,86.44499750703942,86.85742591825019,85.78510953183896,86.48623657226562,6631397.0
2020-11-09T00:00:00,88.01221078333167,89.41447100356551,87.26984475908972,88.13594055175781,10624072.0
2020-11-10T00:00:00,87.84723941188389,87.92972382406172,82.22171691441724,82.33719635009766,14791945.0
2020-11-11T00:00:00,82.40318354734396,84.67153941615236,82.22171407093415,84.42407989501953,9212583.0
2020-11-12T00:00:00,84.42409036172415,86.0325648621884,83.88793219490273,85.24894714355469,9465304.0
2020-11-13T00:00:00,85.08399524555514,85.4139392826142,84.42410717143704,84.7540512084961,8408964.0
2020-11-16T00:00:00,85.49641253415226,87.06364178529225,85.29019832461168,85.99132537841797,8021115.0
2020-11-17T00:00:00,86.48623736585367,86.69245157335125,85.49641168712856,86.0325698852539,7896941.0
2020-11-18T00:00:00,85.62014108093696,86.321268124609,85.29019709180947,85.33143615722656,6634262.0
2020-11-19T00:00:00,85.6613707653471,86.40374308629521,85.33142681235266,86.07379913330078,6060220.0
2020-11-20T00:00:00,85.99131313987505,86.56871032714844,85.82634431298476,86.56871032714844,5364780.0
2020-11-23T00:00:00,86.56870886881883,86.93989816280501,85.49639892578125,85.49639892578125,4539485.0
2020-11-24T00:00:00,85.78510125103837,86.48622822378555,85.57888706533876,86.28001403808594,5218305.0
2020-11-25T00:00:00,86.19753958795854,86.69245243222426,85.743865809706,85.99132537841797,4814691.0
2020-11-26T00:00:00,86.07379913330078,86.52747285531281,85.70261611940546,86.07379913330078,4110502.0
2020-11-27T00:00:00,85.78510464776383,87.55854797363281,85.74385929172776,87.55854797363281,5492956.0
2020-11-30T00:00:00,87.434823176682,87.434823176682,86.19753794304971,86.48623657226562,9310857.0
2020-12-01T00:00:00,87.39357766476982,87.7647670101023,86.73369598388672,86.73369598388672,4674431.0
2020-12-02T00:00:00,86.65120334823975,86.65120334823975,85.70261683539003,86.28001403808594,4611609.0
2020-12-03T00:00:00,85.90884704089287,86.48624435125859,85.66138745464544,85.82636260986328,4783519.0
2020-12-04T00:00:00,85.82634504404093,86.36249688257993,85.66136992258805,86.11504364013672,3283790.0
2020-12-07T00:00:00,86.15628716122929,86.60996090226615,85.53764458335596,86.44499206542969,5269935.0
2020-12-08T00:00:00,86.44498133921518,87.55853658258413,85.57887932039657,87.43480682373047,6264889.0
2020-12-09T00:00:00,87.84723366832281,87.84723366832281,86.6511940370497,87.02237701416016,5327522.0
2020-12-10T00:00:00,86.9811363710095,87.18735054570905,85.16645415091628,86.19752502441406,5804647.0
2020-12-11T00:00:00,81.66082198888282,82.93935252718403,79.10376720543826,82.52692413330078,22325133.0
2020-12-14T00:00:00,82.60940162029456,82.8568548599618,81.57833072212104,81.97425842285156,7828820.0
2020-12-15T00:00:00,81.67731774979413,82.9805930070686,81.52884327373555,82.9393539428711,7960411.0
2020-12-16T00:00:00,82.98059800604307,83.31054200528975,81.85879218449936,82.45269012451172,6285646.0
2020-12-17T00:00:00,83.55800157801434,84.05291443030518,82.32071630070806,82.45269012451172,6347370.0
2020-12-18T00:00:00,82.8981004890758,83.02183025589993,81.47934592156157,81.57833099365234,8694162.0
2020-12-21T00:00:00,80.85245436145277,81.01742948427734,79.3182266247077,80.06059265136719,6220758.0
2020-12-22T00:00:00,80.12658438911424,80.88545109062756,79.69766164704599,80.73697662353516,3463167.0
2020-12-23T00:00:00,81.46284770831448,81.56182648257274,80.07708823028538,80.86894989013672,3078219.0
2020-12-28T00:00:00,80.8359627441061,81.47935001210294,80.35754431138518,81.1329116821289,2731173.0
2020-12-29T00:00:00,81.24838888806799,82.33719953311581,81.19889949747957,81.34737396240234,4296280.0
2020-12-30T00:00:00,81.24839406870049,81.99076644065015,80.53901672363281,80.53901672363281,5494404.0
2021-01-04T00:00:00,81.82579236270338,82.98059314585063,81.4793540157066,82.10624694824219,6765095.0
2021-01-05T00:00:00,82.02376639676297,82.60941399950731,81.6938224012731,82.56816864013672,3138185.0
2021-01-07T00:00:00,82.98059027106824,83.39301865839278,80.80296888944721,81.28138732910156,9749487.0
2021-01-08T00:00:00,81.74330374816442,82.37019664854489,80.9679426722504,82.04025268554688,6480023.0
2021-01-11T00:00:00,81.9742763150304,82.20524153288524,81.18241444757567,81.36388397216797,4508457.0
2021-01-12T00:00:00,81.36386210839538,81.39685713065121,80.32454093338634,81.00092315673828,7497360.0
2021-01-13T00:00:00,80.93494151189932,81.19889540365894,80.50601250456673,81.03392028808594,5069727.0
2021-01-14T00:00:00,81.51234567353531,81.69381516964877,80.25856615344964,81.41336059570312,8131581.0
2021-01-15T00:00:00,80.47301918644918,81.77629430788124,80.32454472586632,81.7103042602539,6783243.0
2021-01-18T00:00:00,82.0732285302939,83.22802898432626,81.99074413211078,82.23819732666016,5731920.0
2021-01-19T00:00:00,82.6094059238651,82.77437475890405,80.62149810791016,80.62149810791016,7252420.0
2021-01-20T00:00:00,81.28138416933518,81.94126578750729,81.18239909468848,81.611328125,5860566.0
2021-01-21T00:00:00,81.61132374374101,81.95776204666983,80.24205860384541,80.37403869628906,8391817.0
2021-01-22T00:00:00,80.42354429510279,80.83597272738535,79.92863143499538,80.25857543945312,7237942.0
2021-01-25T00:00:00,80.88544534471157,82.45267432087503,80.67098713549086,81.92476654052734,12148350.0
2021-01-26T00:00:00,83.26929067788642,84.01166304969912,82.33720476798473,82.46918487548828,11152763.0
2021-01-27T00:00:00,82.73314362633258,83.10432668732531,81.39687327907383,82.81562805175781,8819694.0
2021-01-28T00:00:00,84.63029379383816,86.5687057259797,80.95143376993305,81.00092315673828,22231871.0
2021-01-29T00:00:00,86.52748316779571,90.19809356278962,85.29019791647306,87.14612579345703,30881681.0
2021-02-01T00:00:00,88.83707286101465,88.96080263688616,86.73369184383034,88.42464447021484,14192621.0
2021-02-02T00:00:00,89.20825682057442,90.651756101512,88.09470149105405,88.13594055175781,10378572.0
2021-02-03T00:00:00,89.24949904982009,90.69299838200489,88.05345926327288,90.56927490234375,8808239.0
2021-02-04T00:00:00,91.02294582883934,92.34271543871662,90.89921605128505,92.2602310180664,9573125.0
2021-02-05T00:00:00,92.34270854242494,92.46643831073891,91.18791415324777,91.80655670166016,6902399.0
2021-02-08T00:00:00,91.6003440814928,92.26022570182866,90.56927314988283,91.97152709960938,5323944.0
2021-02-09T00:00:00,91.97152823027317,93.99242476380984,91.88904381336184,93.53875732421875,6876022.0
2021-02-10T00:00:00,93.62124406705769,93.99242709895913,92.67265751611673,93.25006103515625,7345127.0
2021-02-11T00:00:00,93.41503368877679,94.11616071831702,93.12633506404352,93.78621673583984,4404901.0
2021-02-12T00:00:00,93.78621214045613,93.82745749617908,92.59017234238331,93.70372772216797,4190852.0
2021-02-15T00:00:00,93.78620780452529,93.95118292663221,92.30146946450753,92.46643829345703,4650226.0
2021-02-16T00:00:00,92.46644685188454,92.59017663162746,91.4766212002573,91.76531982421875,4936430.0
2021-02-17T00:00:00,91.06420235762666,91.27041658112982,89.74443258583818,90.36307525634766,7054909.0
2021-02-18T00:00:00,90.03311674890072,90.61051396451157,89.41447417796438,90.56927490234375,5850539.0
2021-02-19T00:00:00,89.167012920387,89.82690083397948,88.17718734315582,88.54837036132812,8770220.0
2021-02-22T00:00:00,87.47605677771894,88.01220860570416,87.06362842194122,87.51729583740234,6200601.0
2021-02-23T00:00:00,87.14611540724333,87.47605936023776,85.04272821341658,86.07379913330078,5886405.0
2021-02-24T00:00:00,86.11504303810752,86.93989976013314,85.33142537628873,85.66136932373047,32333646.0
2021-02-25T00:00:00,86.6099614232231,88.0947061363129,86.36250187332222,87.55854797363281,8381992.0
2021-02-26T00:00:00,86.7336966817695,87.51730815073525,85.78511007138695,86.93991088867188,6391238.0
2021-03-01T00:00:00,88.83707716691801,89.29075093605033,87.5173075110214,89.0020523071289,6990010.0
2021-03-02T00:00:00,89.00205245966923,89.57944971850168,88.5896240481723,88.75459289550781,6320311.0
2021-03-03T00:00:00,88.75458410866575,88.96079829399869,86.65120319416428,87.1873550415039,6125628.0
2021-03-04T00:00:00,87.22860230665223,87.26984766188534,85.20770576338292,85.53764343261719,7318047.0
2021-03-05T00:00:00,85.33142637996309,85.702615685135,84.05290222167969,84.05290222167969,8122877.0
2021-03-08T00:00:00,84.918998444399,86.52747285531281,84.30035589246847,86.07379913330078,7835992.0
2021-03-09T00:00:00,85.90883385793668,87.3935722681078,85.41392105454631,87.10487365722656,6804340.0
2021-03-10T00:00:00,87.26984973545714,89.16701655126234,86.85742134595716,88.91956329345703,8745611.0
2021-03-11T00:00:00,89.95063625239783,93.45627764051632,89.20826387628232,93.37378692626953,13901802.0
2021-03-12T00:00:00,93.58000112557062,93.62124648269402,92.30147686579863,93.37378692626953,10507853.0
2021-03-15T00:00:00,96.05457008372565,96.9619175816361,94.94101468274937,95.4771728515625,9921693.0
2021-03-16T00:00:00,95.80713161316903,97.04441698150141,95.47718758964864,96.63198852539062,9493313.0
2021-03-17T00:00:00,96.1370625823545,96.59073004657813,93.90994544587846,94.73480224609375,11216576.0
2021-03-18T00:00:00,94.85852884884252,95.64214026554812,94.32237068802186,95.06474304199219,6576257.0
2021-03-19T00:00:00,94.03367614746094,94.52858897381597,93.62124774330542,94.03367614746094,9808507.0
2021-03-22T00:00:00,93.62124774330542,94.61107339601547,93.29130376134938,94.03367614746094,6019745.0
2021-03-23T00:00:00,94.03366654437484,97.37433879413531,94.03366654437484,96.5907211303711,10371260.0
2021-03-24T00:00:00,95.68337879736602,96.05456180129978,93.82745119138262,94.36360931396484,7950378.0
2021-03-25T00:00:00,94.36360701886086,94.81727442450614,93.66248008784024,94.65230560302734,4534750.0
2021-03-26T00:00:00,94.85852566680386,96.0545654296875,94.40485193983004,96.0545654296875,6372317.0
2021-03-29T00:00:00,96.05455383671429,96.63195726437121,95.31218789040177,96.42574310302734,6049530.0
2021-03-30T00:00:00,96.42574474970552,96.42574474970552,95.35342857514253,95.6833724975586,7407473.0
2021-03-31T00:00:00,96.43221551062808,96.59861886317724,95.76658940466946,96.14100646972656,8067314.0
2021-04-01T00:00:00,96.93143326208629,97.73018079159895,96.51541852705587,96.76502990722656,3108479.0
2021-04-06T00:00:00,97.09784083798718,97.7967489241194,96.28245547669451,97.46393585205078,7739673.0
2021-04-07T00:00:00,97.51383788461817,97.76344923031574,96.94805766919986,97.5970458984375,5474428.0
2021-04-08T00:00:00,98.02972604554618,100.3760492355664,97.69691293995056,99.42753601074219,7009855.0
2021-04-09T00:00:00,99.69376884137199,99.84353439688255,98.89502132794264,99.72705078125,4360549.0
2021-04-12T00:00:00,99.42752299871007,99.67713438221077,98.71197713708132,98.92830657958984,3874788.0
2021-04-13T00:00:00,98.92829933019914,99.59391905762294,98.79517157598596,99.49407958984375,5594740.0
2021-04-14T00:00:00,99.31102913538966,99.31102913538966,97.03127036956973,97.0645523071289,8234105.0
2021-04-15T00:00:00,97.01462594784681,97.91321921571907,96.51540958165573,97.58040618896484,5936479.0
2021-04-16T00:00:00,97.18103596993448,98.96157836914062,96.94806240688763,98.96157836914062,7405229.0
2021-04-19T00:00:00,98.67868501752613,98.82845056260221,96.96470649445135,97.0645523071289,6913899.0
2021-04-20T00:00:00,96.56534632053308,97.18105275022181,95.9829281820509,96.41558074951172,7936885.0
2021-04-21T00:00:00,95.68340144223394,101.34120511014488,94.45199487408324,100.34276580810547,15158159.0
2021-04-22T00:00:00,100.35939494317026,101.09157857684357,98.02970993475728,99.72705078125,9353012.0
2021-04-23T00:00:00,99.37760011840831,99.69376902601353,98.61212819555828,99.01150512695312,5679011.0
2021-04-26T00:00:00,99.14462884158002,99.36095192054023,98.34587501137976,98.6786880493164,3905252.0
2021-04-27T00:00:00,98.56219892193349,98.87836779894371,97.53048427516507,98.07962036132812,5630096.0
2021-04-28T00:00:00,100.67555437249652,100.67555437249652,97.46392047724595,98.1794662475586,5413878.0
2021-04-29T00:00:00,98.6454055682624,99.24446776367787,96.73174171944153,96.93142700195312,6648359.0
2021-04-30T00:00:00,97.09783771183183,97.76346383453861,96.46549987792969,96.46549987792969,3334660.0
2021-05-03T00:00:00,98.06298504238246,98.07962283722179,96.36564431414702,97.0645523071289,4245622.0
2021-05-04T00:00:00,97.24759691114767,97.4140066048802,94.38542000563639,94.63502502441406,7087047.0
2021-05-05T00:00:00,95.5003365151518,96.73174285888672,95.31728902574302,96.73174285888672,4723197.0
2021-05-06T00:00:00,96.38227051916923,96.86484903392736,95.5835231574384,96.01618194580078,5386109.0
2021-05-07T00:00:00,97.26423996670785,98.56220382390208,94.96783700192672,96.83158111572266,10384573.0
2021-05-10T00:00:00,96.13268812283451,96.715106227206,95.06769139033734,95.45042419433594,7337651.0
2021-05-11T00:00:00,95.01776120452867,95.01776120452867,91.32355474156108,91.93925476074219,8743246.0
2021-05-12T00:00:00,91.93925958398134,93.00425632639723,91.52324483473255,92.58824157714844,3509874.0
2021-05-14T00:00:00,91.68963690795819,92.10565160599408,90.79104998458986,91.73956298828125,7968708.0
2021-05-17T00:00:00,92.27206129393674,92.57159238435302,91.3568302278339,91.73956298828125,3685758.0
2021-05-18T00:00:00,91.78949488464923,93.20394250626137,91.78949488464923,93.00425720214844,7256883.0
2021-05-19T00:00:00,92.35526322434036,93.23721235534111,91.82276491718362,93.02088928222656,8032000.0
2021-05-20T00:00:00,93.10410203556934,94.76816103049326,92.65480534519413,94.58511352539062,6565691.0
2021-05-21T00:00:00,94.81808181229879,94.95120958034053,93.71980311747994,94.18573760986328,5031004.0
2021-05-24T00:00:00,93.35371004889868,94.00269840980613,92.60488855564196,93.12074279785156,6435898.0
2021-05-25T00:00:00,92.38855088520639,93.70315893963321,91.82277060531895,92.08901977539062,8593989.0
2021-05-26T00:00:00,92.35526858243075,93.05417027066632,91.50660133987603,91.52323913574219,7374801.0
2021-05-27T00:00:00,91.53988027681157,91.95589501535856,90.97409997847242,91.8061294555664,14310369.0
2021-05-28T00:00:00,91.82277535722292,93.3537065773918,91.57316397016523,92.6381607055664,7792519.0
2021-05-31T00:00:00,92.72137385697255,92.80457554129576,91.4899673461914,91.4899673461914,5705118.0
2021-06-01T00:00:00,92.07238815225385,92.25542931129648,90.29183916991781,90.64129638671875,9941525.0
2021-06-02T00:00:00,90.60801049056914,91.1737907836972,89.82590075798242,90.4083251953125,10147295.0
2021-06-03T00:00:00,90.89089118133371,91.83940420309831,89.55964539182906,90.57472229003906,10867298.0
2021-06-04T00:00:00,90.7744158285696,91.0240272140048,90.00895022346079,90.52481079101562,7809867.0
2021-06-07T00:00:00,90.55808549879531,91.29027550337499,90.10879516601562,90.10879516601562,5310450.0
2021-06-08T00:00:00,90.09215034887924,90.39168146708315,89.7094175529256,90.05886840820312,813902.0
2021-06-09T00:00:00,90.27519730380205,90.69121203792095,89.89246451015839,90.20863342285156,4456739.0
2021-06-10T00:00:00,90.20863355217477,90.50816466900028,89.69277934377169,90.4083251953125,5247192.0
2021-06-11T00:00:00,90.69121212356951,91.75620882825872,90.1919957117316,91.3901138305664,5748258.0
2021-06-14T00:00:00,91.39010787417988,91.82276672468683,90.67456841750577,91.04065704345703,4629760.0
2021-06-15T00:00:00,91.32355833737455,91.77285502242918,90.27519940558042,90.52481079101562,5549992.0
2021-06-16T00:00:00,90.25856139830927,91.58980730580149,89.99231221681082,91.2403564453125,5629093.0
2021-06-17T00:00:00,90.9408253226416,91.68964678143765,90.42496475629034,91.2403564453125,5778170.0
2021-06-18T00:00:00,90.90753554605007,91.98916997546223,89.84253891184952,89.95902252197266,8440003.0
2021-06-21T00:00:00,89.74269895196034,91.72292680112913,89.49308757233656,90.20863342285156,5716265.0
2021-06-22T00:00:00,90.27519407228792,91.34019073784845,89.8591793530608,91.10722351074219,5443135.0
2021-06-23T00:00:00,90.80769373223578,90.92417734749132,88.19512176513672,88.19512176513672,8744785.0
2021-06-24T00:00:00,87.5294965542033,89.0770718558897,87.27989152521322,88.61113739013672,7137858.0
2021-06-28T00:00:00,90.19198461705332,90.62463709465655,89.35995525037919,89.92573547363281,6326446.0
2021-06-29T00:00:00,89.92574286654387,91.32355257138738,89.8425411926124,90.54144287109375,5495858.0
2021-06-30T00:00:00,90.02558612156393,90.75777611786245,89.49308776855469,89.49308776855469,5977902.0
2021-07-01T00:00:00,91.07393492333824,91.07393492333824,89.6095614411469,90.70783996582031,5455638.0
2021-07-02T00:00:00,91.4400476051738,92.22215105527,90.94083115135287,91.4899673461914,5330737.0
2021-07-05T00:00:00,91.35682203322327,91.78947448730469,90.55806829850685,91.78947448730469,3324080.0
2021-07-06T00:00:00,91.65634943765093,93.33704580679475,91.50658391185557,92.73798370361328,5391101.0
2021-07-07T00:00:00,92.9044118967559,94.35214136956063,92.9044118967559,93.8362808227539,5714064.0
2021-07-08T00:00:00,93.83628271789512,93.83628271789512,92.10565989483106,92.77128601074219,4428561.0
2021-07-09T00:00:00,92.4551123780675,93.5866729086324,92.4551123780675,93.30377960205078,4428429.0
2021-07-12T00:00:00,93.30377403867708,93.81963453881356,93.00424295445336,93.52010345458984,3472271.0
2021-07-13T00:00:00,94.75151530848709,96.64854786334243,94.03596944475034,96.21588897705078,8445678.0
2021-07-14T00:00:00,96.21588494850022,96.23252909228903,95.23408994503058,95.88307189941406,5051063.0
2021-07-15T00:00:00,95.35057897959473,95.7832378723626,94.71823478517776,95.40050506591797,5038404.0
2021-07-16T00:00:00,92.35525963894389,93.1872890050605,85.51597723380449,86.3979263305664,30621580.0
2021-07-19T00:00:00,86.06513133398151,86.84723472763596,84.55083793620649,84.73387908935547,10850003.0
2021-07-20T00:00:00,84.73386967104739,86.2980889802531,84.0016860961914,84.0016860961914,8163345.0
2021-07-21T00:00:00,84.00169837094539,86.11505408313722,83.8519328055812,85.46607208251953,8533502.0
2021-07-22T00:00:00,85.46605604969652,85.54925771531717,83.70215153828991,84.43434143066406,8382151.0
2021-07-23T00:00:00,84.70058832490744,85.46605378494174,84.384413116895,84.83370971679688,5170280.0
2021-07-26T00:00:00,84.56747833675072,84.5841224816557,83.65224715129905,83.71881103515625,6148952.0
2021-07-27T00:00:00,83.71881155510307,84.06826242570162,81.763537128913,81.8301010131836,8792604.0
2021-07-28T00:00:00,82.26274812402283,83.20293905005146,82.02145883903204,82.7702865600586,8160772.0
2021-07-29T00:00:00,83.18630802264049,83.55239666768385,82.12962705592918,82.35427856445312,8543341.0
2021-07-30T00:00:00,81.97153335117851,82.46243399601777,81.53888085806031,82.26274871826172,7174732.0
2021-08-02T00:00:00,82.98662100848983,84.06826190358449,82.5539684591808,83.71881103515625,7493233.0
2021-08-03T00:00:00,83.6522512896263,83.70217103104808,82.67045617174745,83.13639068603516,6786306.0
2021-08-04T00:00:00,83.43591539614467,83.6023251011873,82.77029561961764,83.03654479980469,5920061.0
2021-08-05T00:00:00,83.06981828152632,83.36934939510864,82.69540756348894,82.72036743164062,4482352.0
2021-08-06T00:00:00,82.72036087730599,83.43590666440303,82.47907159115647,83.33606719970703,5334953.0
2021-08-09T00:00:00,83.20294234251772,83.98505203185921,82.62884000903252,83.86856842041016,4381888.0
2021-08-10T00:00:00,84.03497818909378,84.66732237663626,83.78536680383506,83.96841430664062,3968070.0
2021-08-11T00:00:00,83.95177009317652,84.45098647765548,83.63559484963129,83.86856842041016,4022927.0
2021-08-12T00:00:00,83.7520751953125,83.81863271715723,83.21957058539472,83.7520751953125,4445762.0
2021-08-13T00:00:00,83.83527477180459,84.0682419621624,83.25285044803026,83.5357437133789,4302212.0
2021-08-16T00:00:00,83.61896929309368,83.98506432430597,82.27107914462432,82.41252899169922,5139210.0
2021-08-17T00:00:00,82.27106061949948,83.20293578553435,81.82176400451196,83.11141204833984,5357549.0
2021-08-18T00:00:00,82.8701218247449,83.40262009984988,82.68707435245003,82.69539642333984,3452288.0
2021-08-19T00:00:00,82.37090613368596,82.52899374243592,81.35582930506456,82.28770446777344,5394556.0
2021-08-20T00:00:00,82.47907454579278,83.17798256310422,82.24610732264922,83.05317687988281,3985973.0
2021-08-23T00:00:00,83.38598891877324,83.45255279541016,82.52899963768493,83.45255279541016,4690575.0
2021-08-24T00:00:00,84.03496025737992,84.65066016898803,83.23621288202565,84.61737823486328,7609275.0
2021-08-25T00:00:00,84.83371780551701,87.16340269057291,84.60075058658755,85.49934387207031,8008450.0
2021-08-26T00:00:00,85.01675500330457,87.18002993600314,84.78378781256654,86.86386108398438,7730851.0
2021-08-27T00:00:00,86.49776777516468,86.8971446438159,85.48269098406111,85.69902038574219,5299184.0
2021-08-30T00:00:00,85.4327844933634,86.16496812681261,85.4327844933634,85.58255004882812,2504976.0
2021-08-31T00:00:00,85.86542132926273,86.1649523854713,84.90027064094161,85.1166000366211,6050632.0
2021-09-01T00:00:00,85.24972378896454,86.13167284122439,85.21644185425362,85.69902038574219,4975796.0
2021-09-02T00:00:00,85.8654413691644,86.93044445528628,85.54927244621211,86.48114776611328,4278215.0
2021-09-03T00:00:00,86.48114276815299,86.84723140834024,85.6324691772461,85.6324691772461,4458407.0
2021-09-06T00:00:00,86.1649629815748,86.46449407461809,85.4660613297275,85.54926300048828,3483308.0
2021-09-07T00:00:00,85.41614191347958,86.06512383485226,85.01676500531453,86.01519775390625,3502998.0
2021-09-08T00:00:00,85.4826915784729,85.53261765482645,84.65066224855389,84.83370971679688,5370716.0
2021-09-09T00:00:00,84.03497529028739,86.1816128162436,83.80200805761883,85.43278503417969,5257558.0
2021-09-10T00:00:00,85.14988005648938,85.84878800666316,85.08332253332817,85.09996032714844,4612487.0
2021-09-13T00:00:00,85.16651976336259,85.98190492357942,84.83370677336642,85.1166000366211,5264493.0
2021-09-14T00:00:00,84.98347787107193,85.09996147302266,83.7687157736713,84.08488464355469,5419398.0
2021-09-15T00:00:00,84.08489682426126,84.43435402861674,82.94502050463576,83.18630981445312,5258312.0
2021-09-16T00:00:00,83.1280580470571,83.76871787384817,83.05317210227975,83.48582458496094,4251983.0
2021-09-17T00:00:00,83.75208249219199,83.8852038953596,81.78849259939538,81.91329193115234,7610807.0
2021-09-20T00:00:00,81.039656574555,81.2143819690111,79.55864540907756,80.16602325439453,5704575.0
2021-09-21T00:00:00,79.70842277296416,80.58204987494027,79.52537528077463,79.88314819335938,5673996.0
2021-09-22T00:00:00,80.37402563298801,81.12285324016543,80.18266245708014,80.33242797851562,4151905.0
2021-09-23T00:00:00,81.12287957648746,82.41252789352271,80.70686480942855,82.15459442138672,5195271.0
2021-09-24T00:00:00,82.15459036769062,84.25130824502433,81.70529367969054,83.91849517822266,7727467.0
2021-09-27T00:00:00,84.36779043517636,86.14833301230034,84.2346626715613,84.73387908935547,8817732.0
2021-09-28T00:00:00,84.36778187147559,86.66418477769123,83.33606719970703,83.33606719970703,8684187.0
2021-09-29T00:00:00,83.70214866297708,84.10152553126917,82.03809001620664,82.37090301513672,7363865.0
2021-09-30T00:00:00,82.58945310349193,83.71574622684882,82.57263912133884,83.29548645019531,6884212.0
2021-10-01T00:00:00,82.52219916029414,83.28706851875158,82.20280408054825,82.43814849853516,5259425.0
2021-10-04T00:00:00,82.10195520552503,83.54764995096346,81.61445229598776,82.48018646240234,5382900.0
2021-10-05T00:00:00,82.6398835539473,83.88385533441998,82.05152242223039,83.83341979980469,6145820.0
2021-10-06T00:00:00,83.02651718524713,84.65712710660094,82.85000885551116,83.90906524658203,6995987.0
2021-10-07T00:00:00,84.43859683872476,86.50627425073387,84.42178926857346,86.35498046875,5989318.0
2021-10-08T00:00:00,86.48945954562478,86.9769624043179,85.51445382823854,86.11962890625,5458664.0
2021-10-11T00:00:00,86.30454262211825,88.17049694042642,85.8170397724845,88.0360107421875,6467305.0
2021-10-12T00:00:00,87.22911633030195,89.31360759900541,87.22911633030195,88.13687896728516,5324109.0
2021-10-13T00:00:00,88.13687862877848,89.34722880677417,87.6157542104403,88.87653350830078,5209389.0
2021-10-14T00:00:00,89.43127351006743,89.4648950586189,87.98557898562761,88.65799713134766,6934385.0
2021-10-15T00:00:00,88.84292077113392,89.26318057877911,88.37223183862113,88.91016387939453,5494004.0
2021-10-18T00:00:00,88.67481482912957,89.26317596435547,88.28817659560178,89.26317596435547,6597432.0
2021-10-19T00:00:00,89.53213784673954,89.96921159505061,85.22868194124688,85.9347152709961,21475286.0
2021-10-20T00:00:00,85.80023837326627,86.4894641571604,83.9510914904526,85.76661682128906,11027999.0
2021-10-21T00:00:00,86.13645645081486,86.87611143337635,86.05239935579033,86.28775024414062,6535525.0
2021-10-22T00:00:00,84.7243731036421,84.94290356926872,82.94246935121924,83.77458190917969,8851786.0
2021-10-25T00:00:00,82.83320432076707,83.1189778900486,80.21918800399774,80.81595611572266,13604885.0
2021-10-26T00:00:00,79.99223268858434,81.1773681640625,79.60559451994267,81.1773681640625,6128418.0
2021-10-27T00:00:00,80.77391372513256,80.92520747488929,79.8913721954301,80.14352416992188,8039801.0
2021-10-28T00:00:00,80.09311538815328,80.42091752705883,79.31143188476562,79.31143188476562,6684693.0
2021-10-29T00:00:00,79.08447851755339,79.33663693848413,78.10107221870257,79.00883483886719,6550451.0
2021-11-01T00:00:00,78.70625120382627,79.14332496677098,78.03383298975227,78.38685607910156,6648978.0
2021-11-02T00:00:00,77.89935637146218,77.91616394180458,77.17650900628247,77.26896667480469,7885206.0
2021-11-03T00:00:00,77.26895433190585,78.8239140527415,76.48727097640997,78.60537719726562,6927243.0
2021-11-04T00:00:00,78.67262269268191,79.42909151343606,78.26917693004954,78.65581512451172,7853274.0
2021-11-05T00:00:00,78.65582889306702,79.849365234375,78.5045351024325,79.849365234375,3767453.0
2021-11-08T00:00:00,79.86616703198659,80.67307146547712,79.83255189219197,80.15194702148438,5816476.0
2021-11-09T00:00:00,80.10152386109036,80.80755727712531,80.10152386109036,80.59742736816406,4429838.0
2021-11-10T00:00:00,80.6058291855549,81.10173266079396,80.03427561336508,80.90841674804688,4822233.0
2021-11-11T00:00:00,80.67306585951991,81.77414437195996,80.47133655883769,80.9588394165039,4045660.0
2021-11-12T00:00:00,81.15217232696668,81.64807582744729,80.72350552284126,81.068115234375,7119545.0
2021-11-15T00:00:00,80.8159594383956,80.92522467596818,79.61401617447505,80.20237731933594,8430945.0
2021-11-16T00:00:00,80.36207427785634,81.63966116575945,80.36207427785634,81.05130004882812,7964249.0
2021-11-17T00:00:00,81.11013841379875,82.5894546508789,81.09333084398602,82.5894546508789,6441720.0
2021-11-18T00:00:00,82.07673920255833,82.11876133444274,80.94203903919045,81.42113494873047,8382465.0
2021-11-19T00:00:00,81.9086276622404,82.86681943716154,81.79936242918984,82.54742431640625,6926006.0
2021-11-22T00:00:00,80.9000002880259,81.11013015890389,77.84050988105476,77.924560546875,19186251.0
2021-11-23T00:00:00,77.32779405069394,78.68103095959347,76.90753430041843,77.49589538574219,11907907.0
2021-11-24T00:00:00,78.1683204574711,80.79074383943899,78.1683204574711,80.65625762939453,11907889.0
2021-11-25T00:00:00,80.656254570898,80.656254570898,80.04267889563953,80.3200454711914,4633817.0
2021-11-26T00:00:00,78.64740962661915,78.70624573531354,77.8236976922428,77.96659088134766,9717248.0
2021-11-29T00:00:00,78.16831817063675,79.44590506540573,77.54633549901602,78.8575439453125,6526193.0
2021-11-30T00:00:00,78.66422148388811,78.74827856888139,76.5124934912896,76.62176513671875,5968808.0
2021-12-01T00:00:00,76.89073184945175,79.02564587980463,76.62176584788054,78.88275909423828,8543278.0
2021-12-02T00:00:00,77.88255554528024,78.64742510887686,77.40345317818378,78.47091674804688,6811036.0
2021-12-03T00:00:00,78.93319942258792,79.06767922521409,76.98318777693498,77.07564544677734,6853379.0
2021-12-06T00:00:00,77.77326671288448,79.50473479530112,77.6976230375112,79.1349105834961,8909327.0
2021-12-07T00:00:00,79.60560172141606,80.52177131843057,79.45430795368225,80.42931365966797,8416751.0
2021-12-08T00:00:00,80.42931175491405,80.72349229280323,78.17671927347655,78.65581512451172,9494561.0
2021-12-09T00:00:00,78.75667474216182,79.41228534010072,78.3112004322973,79.1937484741211,8014293.0
2021-12-10T00:00:00,78.84914365989944,80.32005299787951,78.52134152044776,79.79893493652344,5362489.0
2021-12-13T00:00:00,79.76530736441808,80.35366849016017,79.14332468682566,79.3702621459961,6086452.0
2021-12-14T00:00:00,79.48792753284866,80.48814777321724,79.48792753284866,79.88297271728516,6116982.0
2021-12-15T00:00:00,80.03427073079362,80.47133806514303,79.65603309442565,80.26961517333984,5989794.0
2021-12-16T00:00:00,81.53039123877477,81.88340788860653,81.02608082292157,81.16056060791016,10121807.0
2021-12-17T00:00:00,80.75712544926577,81.49678039550781,79.72328351019537,81.49678039550781,13725177.0
2021-12-20T00:00:00,80.68988095824497,81.15216929963049,79.87457592670448,80.71509552001953,5710823.0
2021-12-21T00:00:00,81.00926772840991,81.91703033447266,80.64784408410651,81.91703033447266,4917057.0
2021-12-22T00:00:00,81.90863735727534,82.18601038091381,81.06811770696915,81.6396713256836,4462309.0
2021-12-23T00:00:00,82.35410326757822,83.15259422592625,82.11875242141677,82.8752212524414,5284913.0
2021-12-27T00:00:00,82.57263862455237,83.67372359336564,82.57263862455237,83.51402282714844,3904428.0
2021-12-28T00:00:00,83.4131557932605,83.91746622529298,83.2870765820886,83.44677734375,3845731.0
2021-12-29T00:00:00,83.42156111456953,83.87544241811197,83.25345977814118,83.61488342285156,3693569.0
2021-12-30T00:00:00,83.6316910779511,84.04354384148506,83.37953266039278,83.87544250488281,6371276.0
2022-01-03T00:00:00,83.5392441025433,84.62351517645948,83.47200099424094,84.45541381835938,4623187.0
2022-01-04T00:00:00,84.77479602961674,85.6657446343945,84.47220850107811,84.5394515991211,5439433.0
2022-01-05T00:00:00,84.70755752058776,84.70755752058776,84.18643951416016,84.18643951416016,3615004.0
2022-01-07T00:00:00,81.61444767635642,85.29592743895147,81.5388039943249,84.27049255371094,9716669.0
2022-01-10T00:00:00,84.62350601816755,85.1446304321289,83.98470938373991,85.1446304321289,7679844.0
2022-01-11T00:00:00,85.73299476622059,87.43084144884604,85.54807943775879,85.98515319824219,7499270.0
2022-01-12T00:00:00,86.35497233657223,87.07781962546179,85.83385434643436,86.59031677246094,5722244.0
2022-01-13T00:00:00,86.2709186067042,86.79204299100253,86.10281727636523,86.23729705810547,7280544.0
2022-01-14T00:00:00,85.49764627199755,86.80885466611112,85.49764627199755,86.10282135009766,5739066.0
2022-01-17T00:00:00,86.48947540522175,86.67439075881713,85.6993848626438,85.90110778808594,3469611.0
2022-01-18T00:00:00,85.93472329976514,87.88472854229174,85.32954815335071,87.4140396118164,6509102.0
2022-01-19T00:00:00,86.89289690403612,87.66617965805183,86.57350182720977,87.06100463867188,6122955.0
2022-01-20T00:00:00,87.31317339624933,88.48990211415517,87.26274427249734,88.08645629882812,6284465.0
2022-01-21T00:00:00,87.44765437245357,87.66619125004974,85.95153060596375,86.47264862060547,6336859.0
2022-01-24T00:00:00,85.64894651646296,86.67438143047015,84.08557958406766,84.35454559326172,8593607.0
2022-01-25T00:00:00,88.77567363490722,91.98645793120032,88.42265056438478,90.79291534423828,21661808.0
2022-01-26T00:00:00,91.95283427497058,93.23042108912921,91.21317301334545,92.9278335571289,12685132.0
2022-01-27T00:00:00,92.2554353734598,96.02095968351199,91.88560468826232,95.80242919921875,8910326.0
2022-01-28T00:00:00,96.23949336417493,96.54208093055946,94.10457282919772,94.99552154541016,8563070.0
2022-01-31T00:00:00,96.13862273236573,96.97914227285288,95.80242004629501,96.49164581298828,7846958.0
2022-02-01T00:00:00,96.65974068425868,96.97913577970313,95.18042459650408,96.55887603759766,7258692.0
2022-02-02T00:00:00,96.97914620876139,97.46664910106654,95.3653501645672,95.886474609375,6964067.0
2022-02-03T00:00:00,96.32354565900991,97.41622371293784,95.92009983882363,96.50846099853516,6796529.0
2022-02-04T00:00:00,96.2899120589164,96.72698579086996,95.02913280641597,95.61750030517578,6373156.0
2022-02-07T00:00:00,96.0713949256106,97.09682347318683,95.06276753617412,97.04639434814453,5644101.0
2022-02-08T00:00:00,97.04639434814453,97.88691396634705,96.15544560489971,97.04639434814453,8621036.0
2022-02-09T00:00:00,97.29854412083068,97.78604058229105,96.87828434921144,97.51707458496094,4804445.0
2022-02-10T00:00:00,97.5170671702758,98.49207284437263,97.3321582714532,98.00457000732422,4980594.0
2022-02-11T00:00:00,97.6683656695831,98.60974984064151,97.5170718994604,98.15586853027344,4138021.0
2022-02-14T00:00:00,96.57569714838516,97.04638604224391,94.86103650448584,96.77742004394531,7318155.0
2022-02-15T00:00:00,96.28991969724522,97.68518525876804,95.95371700003261,97.33216857910156,6671339.0
2022-02-16T00:00:00,95.97051475682049,95.97051475682049,82.74073989940405,83.30388641357422,50463610.0
2022-02-17T00:00:00,83.30389319467432,84.28729953009518,80.55539067240954,82.54742431640625,31566847.0
2022-02-18T00:00:00,80.99246444764844,82.19440766208876,78.98362323376402,79.11810302734375,16109923.0
2022-02-21T00:00:00,79.31982756821098,80.51336371984574,78.52973718571661,78.96680450439453,8396124.0
2022-02-22T00:00:00,76.95796515908528,79.73168213870326,76.90753603996114,79.00883483886719,9402116.0
2022-02-23T00:00:00,79.40387674121897,80.34525445993158,78.1010689749445,78.1683120727539,7155570.0
2022-02-24T00:00:00,75.38620528810355,78.12629457833383,74.058182775569,77.78168487548828,10481541.0
2022-02-25T00:00:00,78.50452653159596,80.1771586251921,76.92434568800796,80.04267883300781,9926413.0
2022-02-28T00:00:00,75.95775235935336,76.14266126962664,73.01593399952388,73.88166809082031,22213380.0
2022-03-01T00:00:00,70.60365372669806,73.12521278836584,70.35149525546876,71.60387420654297,21960568.0
2022-03-02T00:00:00,64.711599479712,65.77065592659753,60.98809755221759,64.65276336669922,46644825.0
2022-03-03T00:00:00,65.56052416599496,67.79630922203799,64.88810596846113,66.04802703857422,19985767.0
2022-03-04T00:00:00,66.1909178028936,68.67044803171754,66.10686712630992,67.66182708740234,16260221.0
2022-03-07T00:00:00,65.77065675328866,67.01462854603747,63.87948770926438,65.42604064941406,16492259.0
2022-03-08T00:00:00,64.72001729807111,67.42649177474276,64.3333790032118,66.22454833984375,10033756.0
2022-03-09T00:00:00,68.35944783959081,70.74651997968431,67.82151590907243,68.48552703857422,14829612.0
2022-03-10T00:00:00,68.56958703458784,69.89760947437249,67.73746805561532,68.30062103271484,11853393.0
2022-03-11T00:00:00,68.5275668676996,71.31809188296039,68.37627307236261,69.09071350097656,14516486.0
2022-03-14T00:00:00,70.12454993997567,70.95666254197057,69.39329558509796,70.36830139160156,9221886.0
2022-03-15T00:00:00,70.0068699179684,70.72971720091316,68.7208761091135,69.88079071044922,7863158.0
2022-03-16T00:00:00,71.07432177331066,71.13315787758705,69.00664472104127,70.43553161621094,13781683.0
2022-03-17T00:00:00,70.93984926434055,71.2760583572119,69.99005809602987,70.91463470458984,9041406.0
2022-03-18T00:00:00,70.85580179393656,71.75515747070312,70.3346773558207,71.75515747070312,11914457.0
2022-03-21T00:00:00,72.02412487540302,73.10839590331969,71.70472333084518,72.55364990234375,6880681.0
2022-03-22T00:00:00,72.87304554746488,73.0411533122728,72.15019819042969,72.33511352539062,5034379.0
2022-03-23T00:00:00,72.66291310313945,73.46141052950408,71.41054075934666,71.76355743408203,7699685.0
2022-03-24T00:00:00,72.3855445039432,73.10839181546969,71.85601309395568,72.65451049804688,7266577.0
2022-03-25T00:00:00,72.41077483646814,73.20926600183199,72.04935110197937,72.69654846191406,6669726.0
2022-03-28T00:00:00,73.12518906233043,73.32691192626953,71.28444949250517,73.32691192626953,9835478.0
2022-03-29T00:00:00,74.74741067464981,75.0584052451503,71.87283508976896,72.17542266845703,10324762.0
2022-03-30T00:00:00,73.24159166474776,75.20333989075705,72.49953525535855,74.6659927368164,13186457.0
2022-03-31T00:00:00,74.81098084633044,74.86215490007157,73.36951759705448,73.60834503173828,11106790.0
2022-04-01T00:00:00,74.49538684399157,75.9709681895367,74.04333204955559,75.94538116455078,10378300.0
2022-04-04T00:00:00,76.68745661319052,77.59156642827,76.3121627998141,76.53392791748047,6840272.0
2022-04-05T00:00:00,76.53391352689047,77.5233154296875,76.5253823489042,77.5233154296875,8542533.0
2022-04-06T00:00:00,77.1906704178777,78.25683989878762,75.85156181015013,76.63626098632812,11825180.0
2022-04-07T00:00:00,76.63627301242191,77.67685563026382,76.59363013092306,77.14803314208984,7194509.0
2022-04-08T00:00:00,77.94124929026137,80.83270032401087,77.07125788052213,78.6065444946289,11394149.0
2022-04-11T00:00:00,78.3933122573416,78.47860451383909,76.46567602506482,76.60214233398438,7172930.0
2022-04-12T00:00:00,75.91126174420829,77.7280120702606,75.90273056688928,76.26949310302734,7820191.0
2022-04-13T00:00:00,76.5680285238976,76.5680285238976,75.1948081485049,75.55303955078125,8656947.0
2022-04-14T00:00:00,70.19659710146286,72.80657775501129,68.58454946163803,71.74893951416016,13578894.0
2022-04-19T00:00:00,70.79366713747791,70.80219831703168,68.46514968043026,69.92367553710938,18191992.0
2022-04-20T00:00:00,70.19660258275174,71.96217901696657,69.59954375747357,70.54630279541016,11156678.0
2022-04-21T00:00:00,71.11776263627269,71.22864842065711,69.96630096435547,69.96630096435547,9032984.0
2022-04-22T00:00:00,69.59953993023092,70.63159117006036,68.95130708688829,69.95777130126953,7128445.0
2022-04-25T00:00:00,68.72955357157635,70.44394947623013,68.37984684510381,69.47160339355469,9100983.0
2022-04-26T00:00:00,70.48659339912318,70.55482980496038,69.58248379761682,69.6421890258789,7799865.0
2022-04-27T00:00:00,69.64220774758228,69.77867408856066,68.67838615133077,68.80632781982422,6471844.0
2022-04-28T00:00:00,69.19013758179358,69.8213080979534,66.50338916489213,67.34779357910156,9587824.0
2022-04-29T00:00:00,67.8083691719381,68.2604239252367,67.34778324195995,67.68042755126953,8219298.0
2022-05-02T00:00:00,67.39896963906133,67.82543744785853,61.923124535877044,67.58661651611328,5691451.0
2022-05-03T00:00:00,68.66131188677986,69.27542652496072,67.74013992950856,69.1048355102539,5421392.0
2022-05-04T00:00:00,69.10482961201043,69.48012330495149,68.43101631042087,69.02806854248047,4967352.0
2022-05-05T00:00:00,69.72748412788687,69.94071802430243,67.56102695941897,67.85102844238281,6987518.0
2022-05-06T00:00:00,67.65486512067159,67.7231015441491,64.86576801170952,65.68458557128906,10466569.0
2022-05-09T00:00:00,65.48839736080166,65.79545471161777,64.43929016833208,64.98516845703125,6296311.0
2022-05-10T00:00:00,65.53957390227865,66.29869263702733,64.7548746459381,65.47134399414062,8341611.0
2022-05-11T00:00:00,66.52897419649709,66.80191331752077,64.74634198580095,65.43721771240234,9602951.0
2022-05-12T00:00:00,64.82310137986802,65.13015869646847,63.373113557218424,64.80604553222656,11904003.0
2022-05-13T00:00:00,65.44575144370754,66.30721171429309,64.98516543887473,66.13662719726562,5297200.0
2022-05-16T00:00:00,66.39250746714585,68.35426205312284,65.1301663569864,67.33074188232422,8478789.0
2022-05-17T00:00:00,68.3201584037416,68.63574700221669,67.33928090175294,68.1154556274414,5828436.0
2022-05-18T00:00:00,68.1580931179039,68.20073599735257,66.97250653929393,67.2795639038086,5959884.0
2022-05-19T00:00:00,65.43721100403255,66.44367512976268,65.04486146449453,66.21337890625,7496198.0
2022-05-20T00:00:00,66.38398019946781,67.21132878373732,65.96603706455124,66.20486450195312,5777520.0
2022-05-23T00:00:00,66.52897419649182,67.56955662895139,66.42661958583972,67.10897064208984,4945553.0
2022-05-24T00:00:00,66.5289840452924,66.9042778325258,66.01722393103597,66.31575012207031,5250386.0
2022-05-25T00:00:00,66.95544373652817,67.24543871324487,66.28162384033203,66.28162384033203,3253005.0
2022-05-27T00:00:00,67.65485500662524,69.45454973565259,67.36486001127385,69.42896270751953,7956656.0
2022-05-30T00:00:00,69.71894253517108,70.15394144094456,69.11335914070034,69.31806182861328,3601107.0
2022-05-31T00:00:00,69.31808485638426,69.57396818181684,67.41604179675636,67.54398345947266,13502629.0
2022-06-01T00:00:00,68.62720921798982,68.79780027131086,67.85956574650336,68.07279968261719,6596851.0
2022-06-02T00:00:00,68.43102661449849,69.05366596348935,67.97896527657656,68.6954345703125,4040867.0
2022-06-03T00:00:00,69.75307493303217,70.01748289654905,68.70396774996797,68.93425750732422,3608929.0
2022-06-07T00:00:00,69.59101953862584,69.83837166859904,68.33720954566101,69.4460220336914,5705062.0
2022-06-08T00:00:00,69.49719912079604,69.82984350129091,68.70396871175849,69.42896270751953,4850829.0
2022-06-09T00:00:00,69.23278375642847,69.85542963165516,69.15602267301581,69.36072540283203,4710629.0
2022-06-10T00:00:00,68.02161998981349,68.2177980580482,64.9936957446806,65.14722442626953,9517520.0
2022-06-13T00:00:00,64.0554766037967,65.12164634256624,63.970184326171875,64.6098861694336,6024651.0
2022-06-14T00:00:00,64.91692042502689,65.41162456917357,63.72280944195542,64.18339538574219,5798918.0
2022-06-15T00:00:00,64.6184009593868,65.63338986822939,64.22605137592251,65.3604507446289,5570115.0
2022-06-16T00:00:00,65.6419269764437,65.91486612470278,63.90193746602358,64.08958435058594,6233752.0
2022-06-17T00:00:00,64.39663852332632,65.59928085637829,63.62899517322742,64.6013412475586,11730755.0
2022-06-20T00:00:00,64.91692981800865,65.79545245540245,64.71222709361162,65.77839660644531,3440434.0
2022-06-21T00:00:00,65.93192691536188,67.16014979965449,65.75280470625724,66.4095687866211,5462074.0
2022-06-22T00:00:00,65.88927655614927,67.33073983436783,65.70162967882113,66.8786849975586,6453481.0
2022-06-23T00:00:00,66.71662706718301,67.11750786075773,65.91486548003357,66.6910400390625,4431706.0
2022-06-27T00:00:00,68.1666189151625,69.33514315538541,68.04720843892166,69.26690673828125,6620738.0
2022-06-28T00:00:00,69.27542872930205,70.03454087360225,67.95337597962937,68.31160736083984,4591013.0
2022-06-29T00:00:00,67.68897347104145,68.49073506163754,67.21985626220703,67.21985626220703,3832927.0
2022-06-30T00:00:00,66.5289718442619,66.5630900466063,64.60133570978437,65.05339050292969,6818319.0
2022-07-01T00:00:00,65.24957993926219,66.14516501196991,64.82311209652191,65.21546173095703,4005517.0
2022-07-04T00:00:00,66.13662083615014,67.39043708859298,65.76132712592738,66.73367309570312,2798337.0
2022-07-05T00:00:00,66.78486301941241,67.30515427887964,65.36898673761438,65.47986602783203,4990007.0
2022-07-06T00:00:00,66.30722073290517,67.29662928690658,66.18781025326818,66.66545867919922,5665595.0
2022-07-07T00:00:00,67.38191676790926,68.53337860107422,66.98956714736178,68.53337860107422,4317107.0
2022-07-08T00:00:00,68.5333679432649,68.59307316955498,67.20279061029665,68.55043029785156,5863151.0
2022-07-11T00:00:00,68.19219173120868,68.31160218256039,66.95543783904517,67.12602233886719,4065241.0
2022-07-12T00:00:00,66.63986016904964,67.04074096679688,65.86369210932462,67.04074096679688,6726527.0
2022-07-13T00:00:00,67.01515901342798,67.95338700049783,66.32428316513364,67.51839447021484,6425422.0
2022-07-14T00:00:00,63.475470161568026,63.96164322675383,59.74814549760446,61.81224822998047,23740599.0
2022-07-15T00:00:00,61.36019350155235,62.665184020996094,60.387847369128274,62.665184020996094,9567585.0
2022-07-18T00:00:00,63.03194498128607,64.20046264120727,62.477535514831544,63.97017288208008,6958946.0
2022-07-19T00:00:00,63.8507574369108,64.24310701912283,62.426356593522776,62.83576202392578,8266395.0
2022-07-20T00:00:00,62.94664670191248,63.96163558959961,62.69076343189079,63.96163558959961,6380273.0
2022-07-21T00:00:00,64.3966450831593,64.9681104380194,63.466948297555504,64.85723114013672,7335532.0
2022-07-22T00:00:00,64.99369084707975,65.14721951709951,64.03840712907426,64.6013412475586,4393571.0
2022-07-25T00:00:00,64.55016665212112,64.55016665212112,63.84222854033332,64.14075469970703,2929933.0
2022-07-26T00:00:00,64.14075888607252,64.61840727962802,63.680179357195925,64.3369369506836,4099312.0
2022-07-27T00:00:00,64.82310637348131,65.23251832961466,64.44781262264094,64.8145751953125,4024080.0
2022-07-28T00:00:00,65.30075328403062,65.42016375810164,63.88488344545309,64.65252685546875,4554797.0
2022-07-29T00:00:00,64.84016218455834,65.8295706153296,64.47339961210102,65.5651626586914,6124324.0
2022-08-01T00:00:00,65.56516185958435,66.52044556605733,64.98516539177625,65.92339324951172,3749335.0
2022-08-02T00:00:00,65.30928331109168,66.00015911423039,65.18134166044827,65.82957458496094,3396039.0
2022-08-03T00:00:00,65.82956824745612,65.99162808982823,65.07898728059433,65.71868896484375,4662806.0
2022-08-04T00:00:00,66.0172198345498,66.93839188748078,65.59928319303545,66.54603576660156,4603482.0
2022-08-05T00:00:00,66.54603273661687,66.8445654029168,66.25603775577743,66.56309509277344,2524949.0
2022-08-08T00:00:00,66.67396896012592,66.82749761614771,65.98309326171875,65.98309326171875,3282430.0
2022-08-09T00:00:00,66.00868981231453,66.2901601402042,65.54810377778126,65.58222198486328,3448829.0
2022-08-10T00:00:00,65.25810702468704,66.66545211892686,65.02781075991886,66.622802734375,3577819.0
2022-08-11T00:00:00,67.5866187779028,67.74867863303142,66.30721530869589,66.79338836669922,3066782.0
2022-08-12T00:00:00,66.7763256714404,66.86161792583394,65.98309534155494,66.43515014648438,3655494.0
2022-08-15T00:00:00,66.60573555487372,66.81896944742851,65.9148598253584,66.50338745117188,3466105.0
2022-08-16T00:00:00,66.75926757228207,67.97896575927734,66.74221172326874,67.97896575927734,4725411.0
2022-08-17T00:00:00,67.82543487351656,68.36278845693025,66.73367836561496,66.88720703125,4468269.0
2022-08-18T00:00:00,67.67191975364224,69.13044562281657,67.32221947754152,68.99397277832031,5534678.0
2022-08-19T00:00:00,68.59307782206312,69.36072114598981,68.4907297171276,68.95130920410156,5096735.0
2022-08-22T00:00:00,68.87455061946434,68.87455061946434,66.76779861815838,67.33926391601562,4389811.0
2022-08-23T00:00:00,67.12603539903033,67.8851476334812,66.58868826340034,66.78486633300781,3339886.0
2022-08-24T00:00:00,66.14516148202064,67.25397390954198,66.0854562475186,66.54603576660156,3765660.0
2022-08-25T00:00:00,66.8957382091692,67.18573318460089,66.22191831595885,66.88720703125,2528808.0
2022-08-26T00:00:00,67.38190285538676,67.74013419487173,66.13661783666662,66.21337890625,3053400.0
2022-08-29T00:00:00,65.59075312933571,65.8978104855314,64.95105138849183,65.36898803710938,3046996.0
2022-08-30T00:00:00,66.06839477499656,67.19426957452265,65.73575039154903,66.61427307128906,5535092.0
2022-08-31T00:00:00,67.08338284397047,68.93425144045962,67.04926464081255,68.21778869628906,10039175.0
2022-09-01T00:00:00,67.7657339920428,67.94485620293146,66.50339288903295,66.54603576660156,4617198.0
2022-09-02T00:00:00,66.71661990043698,67.91925564459065,66.43514960658206,67.64631652832031,3742370.0
2022-09-05T00:00:00,66.52898025258813,66.75074534216387,65.9404525756836,65.9404525756836,3322747.0
2022-09-06T00:00:00,65.94045166506649,67.0151523840649,65.84662822490253,66.8360366821289,4286309.0
2022-09-07T00:00:00,66.26458128179357,67.04928061928112,65.85516925371378,66.04281616210938,3606639.0
2022-09-08T00:00:00,66.52898302610812,67.00662492444589,65.77840197052267,66.78486633300781,4540802.0
2022-09-09T00:00:00,66.69103762506727,67.87661760587532,66.33279972219957,67.76573181152344,4286253.0
2022-09-12T00:00:00,67.95338897130485,68.11544884457102,67.10898440919058,67.54398345947266,4499961.0
2022-09-13T00:00:00,67.62072406278806,68.62718819319788,66.95543542711367,67.06631469726562,5833542.0
2022-09-14T00:00:00,66.546035574531,66.84456825356212,64.13223266601562,64.13223266601562,7601197.0
2022-09-15T00:00:00,62.264301638103476,63.228116567378066,61.28342435191713,62.24724578857422,13935085.0
2022-09-16T00:00:00,61.66725271118043,63.01488614967733,61.36872001512367,62.05107116699219,10695328.0
2022-09-19T00:00:00,62.13635523626819,62.13635523626819,60.93371946131177,61.590476989746094,4077371.0
2022-09-20T00:00:00,62.21313078866329,62.21313078866329,60.839903818701345,60.9337272644043,4945102.0
2022-09-21T00:00:00,60.746077743668124,61.078722124986676,60.54137501071422,60.9422492980957,3689865.0
2022-09-22T00:00:00,60.47312800107827,60.532833225535796,59.09137015414233,59.338722229003906,7835098.0
2022-09-23T00:00:00,58.4602042890949,58.4602042890949,55.73080658212316,57.521976470947266,10141287.0
2022-09-26T00:00:00,57.249043207632965,58.01668008722269,56.80551302521226,57.010215759277344,5238686.0
2022-09-27T00:00:00,57.14668613055049,58.39197134594228,57.06139387063807,57.70109558105469,4834794.0
2022-09-28T00:00:00,56.831107910029615,57.64992546686805,55.61140950083223,57.36846160888672,6512861.0
2022-09-29T00:00:00,57.00343233629697,57.00343233629697,55.725879585946494,56.455909729003906,6417565.0
2022-09-30T00:00:00,56.525428786779656,57.02950092294189,56.03004937865021,56.9165153503418,7888464.0
2022-10-03T00:00:00,56.490669232969466,58.33313652420258,55.94314667203849,58.185386657714844,8083186.0
2022-10-04T00:00:00,58.32444474041878,60.18429088869653,58.22884461433455,60.12345504760742,10693755.0
2022-10-05T00:00:00,59.81928254899612,59.82796864826174,59.02840989555706,59.628082275390625,5656455.0
2022-10-06T00:00:00,60.14083766417495,60.62753105416295,59.88011545619798,60.36680221557617,5699708.0
2022-10-07T00:00:00,60.21905996411905,60.8100395948297,59.70629500791234,59.80189514160156,4117237.0
2022-10-10T00:00:00,59.63677023895328,60.81003671522295,59.26306245148565,59.75844192504883,4252509.0
2022-10-11T00:00:00,59.52379785733212,60.28859906030757,59.106639592628305,59.984413146972656,5031377.0
2022-10-12T00:00:00,60.32334613204662,60.52323247622217,59.749745393575886,60.28858184814453,5012623.0
2022-10-13T00:00:00,60.10607900740314,61.67043212106276,59.39342107787292,61.270652770996094,6833627.0
2022-10-14T00:00:00,62.00068955454175,62.30487543735965,61.4097165106017,61.792110443115234,5389413.0
2022-10-17T00:00:00,61.93116278759546,63.22610100662428,61.835562654250054,62.26141357421875,6269801.0
2022-10-18T00:00:00,62.93929103411816,63.62587069162659,62.617733025962174,63.20001983642578,6507357.0
2022-10-19T00:00:00,63.87792422243378,63.93006734490157,62.62643623832129,62.73942184448242,7758097.0
2022-10-20T00:00:00,57.42059129178577,57.62917036413427,51.684617072633394,53.48362731933594,49742069.0
2022-10-21T00:00:00,53.01432416683442,53.38803196307092,51.510803567808324,53.16206741333008,18406322.0
2022-10-24T00:00:00,52.52763363492587,53.58792116985869,51.11102376565234,53.153377532958984,18430762.0
2022-10-25T00:00:00,53.440176990211974,53.6313739326973,52.53632544559205,52.657997131347656,11536754.0
2022-10-26T00:00:00,52.39727157957325,53.33588409423828,51.88450996475006,53.33588409423828,11702631.0
2022-10-27T00:00:00,53.2750482892824,53.62268451884538,52.484179016566166,52.657997131347656,9951590.0
2022-10-28T00:00:00,52.14523640599631,53.5270853033674,51.99749316085897,53.39672088623047,8480597.0
2022-10-31T00:00:00,53.787804593447554,53.95293327807227,53.031699681406586,53.36195373535156,6726795.0
2022-11-01T00:00:00,53.43148424055849,53.70090248413169,53.04039431127636,53.188140869140625,7290808.0
2022-11-02T00:00:00,52.99694109805412,53.492320574591915,52.79705142465333,52.857887268066406,8246188.0
2022-11-03T00:00:00,52.28429417871496,52.571094591915426,51.7193860822744,51.945350646972656,9515735.0
2022-11-04T00:00:00,52.23214483389215,52.44941665652116,52.00618359709214,52.24952697753906,3851797.0
2022-11-07T00:00:00,52.11046981027318,52.666685110174754,51.8497443028574,52.545013427734375,7052813.0
2022-11-08T00:00:00,52.4581088829268,52.91872408158546,52.23214433298887,52.77098083496094,8385879.0
2022-11-09T00:00:00,52.45811128290071,52.65800096911089,52.00618547765398,52.37120056152344,7440210.0
2022-11-10T00:00:00,51.94534718977685,53.73566818237305,51.76283965641693,53.73566818237305,13308746.0
2022-11-11T00:00:00,53.883410864134845,55.32609560304626,53.483631514687005,55.0827522277832,9244965.0
2022-11-14T00:00:00,55.16965816389966,56.777471563593096,54.787260967882524,55.8388557434082,8401872.0
2022-11-15T00:00:00,55.70848941990999,56.53412625644607,55.54336404178555,56.299468994140625,8373380.0
2022-11-16T00:00:00,56.24733363420728,56.6992561329644,55.10882802674448,55.33478927612305,4803798.0
2022-11-17T00:00:00,55.15227509711889,56.099583630493434,54.83071374868922,55.72587585449219,7077709.0
2022-11-18T00:00:00,55.28263666672674,56.47328850362339,55.24787238346599,56.421138763427734,5048618.0
2022-11-21T00:00:00,56.18649004987674,56.299469001358375,55.55205346236471,56.05612564086914,5135978.0
2022-11-22T00:00:00,56.056124701541584,56.62972543931952,55.53467370485838,55.943145751953125,6698035.0
2022-11-23T00:00:00,56.24732781267437,56.46459962491084,55.71718406036862,56.221256256103516,4621388.0
2022-11-24T00:00:00,56.16910267698139,56.82961079764972,56.09958074107608,56.56888198852539,3696011.0
2022-11-25T00:00:00,56.577574731699215,57.05557533834839,56.24732398658372,57.00342559814453,3410777.0
2022-11-28T00:00:00,57.03819181158906,57.0729560960317,56.27339744567871,56.49066925048828,4023772.0
2022-11-29T00:00:00,56.65580471323347,56.90784083259923,55.84755323754677,56.038753509521484,4536336.0
2022-11-30T00:00:00,56.39507389363564,56.59496688842774,55.73456569460373,56.594966888427734,17079452.0
2022-12-01T00:00:00,57.811684585540696,58.706850079006784,57.66394133510248,58.393978118896484,7185235.0
2022-12-02T00:00:00,58.34181700305819,59.57592577439151,58.22883806249335,59.367340087890625,6864166.0
2022-12-05T00:00:00,59.19353101821506,59.57593151638086,58.68945883983456,58.71553039550781,5379435.0
2022-12-06T00:00:00,58.51564020035032,59.19352712571495,57.79429626464844,57.79429626464844,7393941.0
2022-12-07T00:00:00,57.75084209625162,57.97680662602924,57.02950475566129,57.10771942138672,5655755.0
2022-12-08T00:00:00,57.21201509894941,58.211466759778034,57.1251077003142,58.063716888427734,5116763.0
2022-12-09T00:00:00,57.80299469639147,61.41839419861218,57.08165068951293,58.82851791381836,14303059.0
2022-12-12T00:00:00,58.272310094419765,59.19354057350001,58.19408878416389,59.1240119934082,7499932.0
2022-12-13T00:00:00,59.52377793700771,60.62752234715325,58.958869954938706,59.00232696533203,9229974.0
2022-12-14T00:00:00,58.94149299954323,58.94149299954323,57.333683023102076,58.1593132019043,11535093.0
2022-12-15T00:00:00,57.79430203633541,59.05447589465832,55.65634820028847,55.7953987121582,12746277.0
2022-12-16T00:00:00,55.02191960009489,55.20442714221007,51.81498525716085,51.9366569519043,19774287.0
2022-12-19T00:00:00,52.14523547972435,53.81388142372923,52.12785333672786,53.24028396606445,9769209.0
2022-12-20T00:00:00,52.44072626080451,53.24028496176738,52.3103618435452,52.718833923339844,8042458.0
2022-12-21T00:00:00,53.01432084588467,53.396718032246945,52.86657760864402,53.214210510253906,6303538.0
2022-12-22T00:00:00,53.188143749719124,53.509705124408626,52.918725491554696,52.93610763549805,4470676.0
2022-12-23T00:00:00,53.266357875956096,53.9355554503601,53.1968293052262,53.613990783691406,3338749.0
2022-12-27T00:00:00,54.0572271359879,54.578678155264015,53.72697305561717,53.80519104003906,2746857.0
2022-12-28T00:00:00,53.89209893743241,54.118063479102304,53.283740514409054,53.32719421386719,3815064.0
2022-12-29T00:00:00,53.214211896489395,54.3005709585163,52.718832429429504,54.2484245300293,4903786.0
2022-12-30T00:00:00,54.10068428087948,54.10068428087948,52.91003561133667,52.92741775512695,6550636.0
2023-01-02T00:00:00,53.48363577980409,54.31795883178711,53.30112823380251,54.31795883178711,4009238.0
2023-01-03T00:00:00,54.03115223929078,55.00453233726906,53.987698540255344,54.48307800292969,5018833.0
2023-01-04T00:00:00,54.665593061961836,55.79540258529048,54.630828773928805,55.40431594848633,8193120.0
2023-01-05T00:00:00,55.18704174805376,55.421695709228516,54.66559071120196,55.421695709228516,4859659.0
2023-01-09T00:00:00,55.621587711347644,56.10827448202675,55.247879903687625,55.8910026550293,11492055.0
2023-01-10T00:00:00,54.23104755815905,55.45646048944385,54.23104755815905,55.0914421081543,5959074.0
2023-01-11T00:00:00,55.1088252031444,55.70849424274726,54.91762493748627,55.056678771972656,9822660.0
2023-01-12T00:00:00,54.98715326920889,59.53247940080611,54.404863060600114,58.3331413269043,30174159.0
2023-01-13T00:00:00,57.73346621093268,57.99419503785227,55.55205535957461,55.743255615234375,18765670.0
2023-01-16T00:00:00,55.621583947659744,56.12565614353169,55.3087120075054,55.8823127746582,8581812.0
2023-01-17T00:00:00,55.40431408655076,55.708493308354974,54.67428063891578,54.752498626708984,16514890.0
2023-01-18T00:00:00,55.187039852136785,55.55205490233221,54.81333207295306,55.013221740722656,10955917.0
2023-01-19T00:00:00,54.509152899836074,54.9002395066408,53.77042675467273,53.80519104003906,12177305.0
2023-01-20T00:00:00,49.53796781119654,51.53686760367517,49.086042092977166,51.27614212036133,36882380.0
2023-01-23T00:00:00,51.615089409514574,53.275045865306666,51.39781760474962,52.72751998901367,17825484.0
2023-01-24T00:00:00,51.64116476372597,51.988801003042624,51.06756728956692,51.858436584472656,15672081.0
2023-01-25T00:00:00,51.86712743048759,51.88450957335274,50.937204336683294,51.39781951904297,12257870.0
2023-01-26T00:00:00,51.71068813525877,52.345121390174135,51.6585417100161,52.31904983520508,12057508.0
2023-01-27T00:00:00,52.66669132306851,52.84050945361861,52.180004535894355,52.52763748168945,6456175.0
2023-01-30T00:00:00,52.46679544397917,52.77097796538482,52.058326697972845,52.545013427734375,9175212.0
2023-01-31T00:00:00,52.43203686939814,52.53632641406763,52.14523647742597,52.47549057006836,8468650.0
2023-02-01T00:00:00,52.57977439903604,52.910028455778054,52.379884745438225,52.78835678100586,5610693.0
2023-02-02T00:00:00,53.18813753927716,54.40485763549805,53.040390990662615,54.40485763549805,10556027.0
2023-02-03T00:00:00,54.05723043806274,54.70904590962627,54.03115556479285,54.37879180908203,9931096.0
2023-02-06T00:00:00,54.317951206053586,54.378787046179994,53.38802814663032,53.544464111328125,6989545.0
2023-02-07T00:00:00,53.44886687434041,53.492320574591915,52.48417947835476,52.857887268066406,7177959.0
2023-02-08T00:00:00,53.02301360231601,53.67482906364674,53.01432418823242,53.01432418823242,7556039.0
2023-02-09T00:00:00,53.309808707684,53.422790971390846,52.153921146255556,52.31904983520508,9271430.0
2023-02-10T00:00:00,52.14523123180439,52.2060670696838,51.41519786194695,51.832359313964844,7738807.0
2023-02-13T00:00:00,51.988794800113816,52.17130231209237,51.66723347206047,51.971412658691406,7487907.0
2023-02-14T00:00:00,52.058326705807055,52.266905785649186,51.51080081943824,52.110469818115234,7316098.0
2023-02-15T00:00:00,52.319057413500815,52.77967263296422,51.89320316726302,52.75360107421875,9445989.0
2023-02-16T00:00:00,53.01432562559062,53.509705124408626,52.69276425090112,52.93610763549805,6297472.0
2023-02-17T00:00:00,52.57977916375842,52.588468577613355,52.171307091175485,52.41465377807617,5868031.0
2023-02-20T00:00:00,52.49287610673867,52.63192994705525,51.91927860101963,51.98880386352539,5244221.0
2023-02-21T00:00:00,51.988796234257315,52.10177849896741,51.19792701189577,51.40650939941406,6865663.0
2023-02-22T00:00:00,51.33698274892201,51.36305430509619,50.31145954554472,50.754695892333984,9795883.0
2023-02-23T00:00:00,50.937204836777575,51.328294766821095,50.66778659267986,50.824222564697266,7669691.0
2023-02-24T00:00:00,51.18055307207328,51.18055307207328,50.233247736086156,50.35491943359375,7603836.0
2023-02-27T00:00:00,50.40706439903025,50.99804403996741,50.28539270506759,50.81553649902344,6017254.0
2023-02-28T00:00:00,50.81553363992317,50.81553363992317,49.82477468448021,50.49396896362305,11723766.0
2023-03-01T00:00:00,50.70254512811188,50.7459988231205,49.885604389914754,50.024658203125,7048756.0
2023-03-02T00:00:00,50.042045095659226,50.537424559463304,49.79869841295733,50.23324203491211,6680912.0
2023-03-03T00:00:00,51.04149709227603,52.57978202199581,51.04149709227603,52.40596389770508,16845246.0
2023-03-06T00:00:00,52.40596251258291,52.45810894308335,51.77152919369943,51.997493743896484,8197536.0
2023-03-07T00:00:00,51.75414133450495,52.31035660386215,51.5890159624472,51.832359313964844,9682316.0
2023-03-08T00:00:00,51.71069666761912,52.09309390324798,51.53687853676779,51.945350646972656,6649710.0
2023-03-09T00:00:00,52.09308766773817,52.69275998162962,51.68461892173184,52.545013427734375,6910798.0
2023-03-10T00:00:00,51.71069243519578,51.96272853853628,50.998041140809065,51.21531295776367,8315510.0
2023-03-13T00:00:00,51.27614689938953,51.35436488320418,50.42444180635488,51.189239501953125,9126968.0
2023-03-14T00:00:00,51.102329753486615,51.1110224825771,50.2158603586283,50.33753204345703,12809752.0
2023-03-15T00:00:00,50.27669626841477,50.398371268711315,48.36470696373584,48.88615798950195,19362477.0
2023-03-16T00:00:00,49.285940216733486,49.49452262843853,48.286491806264415,48.92092514038086,11991789.0
2023-03-17T00:00:00,49.16426906047005,49.60750544693486,48.06922050417199,48.442928314208984,15010309.0
2023-03-20T00:00:00,48.608053197626404,48.95568944548915,47.80849115366407,48.634124755859375,9436984.0
2023-03-21T00:00:00,49.025208955592994,49.172955503961845,48.65150119333037,48.79924774169922,6803958.0
2023-03-22T00:00:00,49.19033863998963,49.19033863998963,48.67757701303105,48.999141693115234,5499879.0
2023-03-23T00:00:00,48.99914792282858,48.99914792282858,47.76504210642124,48.790565490722656,9142744.0
2023-03-24T00:00:00,48.78187273129177,49.20772366615998,48.103982359899746,48.93830871582031,8441634.0
2023-03-27T00:00:00,49.30331991764574,50.259317893908296,49.25986621765762,49.80739212036133,9277516.0
2023-03-28T00:00:00,49.937758031441994,50.13764772288899,49.20772452927224,49.48583221435547,7521954.0
2023-03-29T00:00:00,49.68571709926186,50.34622527391654,49.55535599934921,50.14633560180664,10905549.0
2023-03-30T00:00:00,51.1074402072627,53.39450454711914,51.0184507242433,53.39450454711914,13431283.0
2023-03-31T00:00:00,53.39450781780049,54.01744442128777,52.86946168846953,53.92845153808594,9797414.0
2023-04-03T00:00:00,53.97294146878942,54.10642568119467,53.43899443497583,53.643672943115234,6148517.0
2023-04-04T00:00:00,53.88394649025039,53.98183694568826,53.33220429882781,53.63477325439453,7753293.0
2023-04-05T00:00:00,53.66147982444341,54.37340591834476,53.59918650339776,54.19542694091797,7879443.0
2023-04-06T00:00:00,54.4445918337258,55.370097310517984,54.30220663689092,55.352298736572266,4089946.0
2023-04-11T00:00:00,55.352302021227345,55.72606191207409,54.80055977509265,54.889549255371094,6522330.0
2023-04-12T00:00:00,54.55138250055809,54.99633668636155,54.097530724720215,54.29330825805664,8323589.0
2023-04-13T00:00:00,54.09753138833944,54.72046793505211,53.78606141761757,54.53358459472656,8972859.0
2023-04-14T00:00:00,55.06752732877698,55.75275713677904,54.96073588706934,55.42348861694336,8815173.0
2023-04-17T00:00:00,55.17431547173501,55.761654823225534,54.89844267227324,55.556976318359375,11724670.0
2023-04-18T00:00:00,52.2465165110221,54.658167236957844,50.58238890765188,50.78706741333008,48040566.0
2023-04-19T00:00:00,49.906063438272994,50.90275987052038,49.56789730430777,50.10184097290039,18526288.0
2023-04-20T00:00:00,49.754775599374945,49.90606178379043,48.56229827730204,48.891563415527344,19112367.0
2023-04-21T00:00:00,48.91826960642161,49.84377183379179,48.91826960642161,49.27423095703125,13792005.0
2023-04-24T00:00:00,49.274225064618065,49.63018976739139,48.820373293576516,49.087345123291016,7337797.0
2023-04-25T00:00:00,49.12294262685544,49.220833090560774,48.45551135038928,48.77587890625,9468150.0
2023-04-26T00:00:00,48.784775693113815,48.96275804285422,48.313125351823075,48.758079528808594,8869468.0
2023-04-27T00:00:00,48.944960141402916,49.27422528637494,48.500005958299255,48.998355865478516,7868650.0
2023-04-28T00:00:00,49.64799365390506,50.35102214999825,49.30982748956267,50.16413879394531,13946478.0
2023-05-02T00:00:00,50.226424248472455,50.52009562289878,49.3276183409265,49.38991165161133,9017609.0
2023-05-03T00:00:00,49.51449918753796,49.647986795602925,49.06064743063266,49.363216400146484,7432882.0
2023-05-04T00:00:00,49.24752992824146,49.26532850322482,48.36651913758603,49.01615524291992,8147379.0
2023-05-05T00:00:00,48.944956110309796,49.30981837461561,48.37541534600129,49.265323638916016,7557304.0
2023-05-08T00:00:00,49.3543212133178,49.52340598935964,49.033953632113565,49.4166145324707,5135613.0
2023-05-09T00:00:00,49.6123932111653,49.621290801467666,48.46441056248538,48.63349533081055,7730962.0
2023-05-10T00:00:00,48.63349224412268,48.81147119672305,48.01945331556627,48.339820861816406,8060753.0
2023-05-11T00:00:00,48.6601898397047,48.74917931862306,47.48551106538109,47.601200103759766,10359555.0
2023-05-12T00:00:00,47.601199840622655,48.22413297906965,47.601199840622655,48.0461540222168,7129528.0
2023-05-15T00:00:00,48.16184112893255,48.92716288769066,48.08174923802226,48.81147384643555,6019940.0
2023-05-16T00:00:00,48.633490024115275,48.78477280586606,48.144037742613875,48.37541580200195,5832987.0
2023-05-17T00:00:00,48.33982459458669,48.562301697247605,48.14404365793109,48.206336975097656,2804356.0
2023-05-19T00:00:00,49.42551410836184,49.647991211772116,48.98055990154129,49.470008850097656,12083614.0
2023-05-22T00:00:00,49.470006507043514,49.772575489140124,49.15853993491364,49.72808074951172,6147241.0
2023-05-23T00:00:00,49.736981126663366,50.22643007946522,49.50560643079146,49.79927444458008,5645510.0
2023-05-24T00:00:00,49.496701234967226,49.77257404422431,48.944959011184,49.11404037475586,7629564.0
2023-05-25T00:00:00,49.06954340272808,50.30651540372749,49.06064581335814,49.6835823059082,9137577.0
2023-05-26T00:00:00,49.790375823080524,50.70698039178815,49.238633563786415,50.537899017333984,6264261.0
2023-05-29T00:00:00,51.00064831415082,51.285418712079505,50.733673095703125,50.733673095703125,3574977.0
2023-05-30T00:00:00,50.7336741188845,51.41000637365338,50.5734937372087,50.66248321533203,5494093.0
2023-05-31T00:00:00,50.44000794175753,51.2053297022108,49.94165802001953,49.94165802001953,23811832.0
2023-06-01T00:00:00,50.19083393431189,50.43110620928248,49.7814734999696,50.235328674316406,6281753.0
2023-06-02T00:00:00,50.23532936485524,50.680283560478884,49.80817374442428,50.29762268066406,5714986.0
2023-06-05T00:00:00,50.52899664964815,50.96505324883565,50.22642766514057,50.41331100463867,4811108.0
2023-06-07T00:00:00,50.35991378510081,50.64468418621679,49.79037298286883,50.33321762084961,7231929.0
2023-06-08T00:00:00,50.28872230215575,50.68028417165447,50.00395188510093,50.2264289855957,7696903.0
2023-06-09T00:00:00,50.26202321370111,50.65358166569978,50.15523516219801,50.37771224975586,6080241.0
2023-06-12T00:00:00,50.110738131817506,50.3243142250558,49.78146961308471,50.27981948852539,6598002.0
2023-06-13T00:00:00,50.85826530559243,51.28542092088256,50.71588010049573,50.876060485839844,8998459.0
2023-06-14T00:00:00,50.68918147936082,50.92945715392318,50.27092684117993,50.671382904052734,6324161.0
2023-06-15T00:00:00,50.76037655307395,51.00065223129287,50.520100874855025,50.867164611816406,8363114.0
2023-06-16T00:00:00,51.09853554929734,51.908355402329576,50.94725276009193,51.86385726928711,20473889.0
2023-06-19T00:00:00,51.872764012797155,52.032947804287325,51.187534103585044,51.27652359008789,5231444.0
2023-06-20T00:00:00,51.32991500631443,51.85496107992431,51.11633550402778,51.303218841552734,5504506.0
2023-06-21T00:00:00,51.16972802905794,51.249819913066574,49.91495744274332,50.012847900390625,7352608.0
2023-06-22T00:00:00,49.478904943483286,49.478904943483286,48.16184093851224,48.21523666381836,11239488.0
2023-06-26T00:00:00,48.56230247090762,48.77588198654642,48.03725636447393,48.40211868286133,5394738.0
2023-06-27T00:00:00,48.40211856957691,48.58899852361645,47.752485828345726,48.44661331176758,5786082.0
2023-06-28T00:00:00,48.99835527641223,49.70138029726856,48.953857142852016,49.5767936706543,6388415.0
2023-06-29T00:00:00,49.57679340837061,52.05074093201356,49.56789581854423,51.73037338256836,11958729.0
2023-06-30T00:00:00,51.614683312531334,52.07743605304587,51.55239000080158,51.97954559326172,8078719.0
2023-07-03T00:00:00,52.44230233846491,53.323309754337544,52.3177157054915,52.75376892089844,5647262.0
2023-07-04T00:00:00,52.62028492179602,52.949550081018806,52.59358536123714,52.66477966308594,2173079.0
2023-07-05T00:00:00,52.291015876829036,52.522393960933826,51.80156693777354,52.024044036865234,4663458.0
2023-07-06T00:00:00,51.863862147054974,52.38001066525889,51.38331417547181,51.614688873291016,4781973.0
2023-07-07T00:00:00,51.614689560368454,51.863862837449325,51.32991913092423,51.67698287963867,2918698.0
2023-07-10T00:00:00,51.65028209756985,51.90835633704722,51.34771311897972,51.6591796875,4679323.0
2023-07-11T00:00:00,51.730381812120264,51.76597557195683,51.258728000922076,51.7481803894043,3440700.0
2023-07-12T00:00:00,52.335505634213334,53.05632914724823,52.15752330448637,52.31770706176758,6023492.0
2023-07-13T00:00:00,52.23762374217802,52.798266984522776,52.01514664224944,52.113037109375,5033062.0
2023-07-14T00:00:00,50.67137945624086,50.67137945624086,46.2218377739135,46.568904876708984,38475234.0
2023-07-17T00:00:00,44.931473488834904,45.42981998559286,44.30408648094095,44.8157844543457,21537712.0
2023-07-18T00:00:00,45.21624467610399,45.29633656373066,44.38417914324527,45.011566162109375,10692241.0
2023-07-19T00:00:00,45.162850593265034,46.20404177550091,44.94037349674649,46.043861389160156,14802768.0
2023-07-20T00:00:00,46.27523602128009,47.245236296746164,45.86587897890423,46.90707015991211,11395585.0
2023-07-21T00:00:00,46.57780372114149,47.396517783274064,46.542206571988515,46.91596984863281,6957083.0
2023-07-24T00:00:00,46.58670682826352,47.601205330883126,46.462120186204466,47.54780960083008,4863774.0
2023-07-25T00:00:00,47.54780799811608,47.61899890772243,47.09395279479192,47.512210845947266,4235750.0
2023-07-26T00:00:00,47.34312624280104,47.618995666503906,47.14734531392981,47.618995666503906,3917018.0
2023-07-27T00:00:00,48.055049896240234,48.34872127507697,47.68129002651808,48.055049896240234,5726122.0
2023-07-28T00:00:00,47.66349159107874,48.295325693482475,47.54780255713425,47.65459060668945,4667505.0
2023-07-31T00:00:00,47.65459250078756,47.68129206028574,47.04055694802581,47.06725311279297,5725993.0
2023-08-01T00:00:00,47.06725882094186,47.69909302508531,46.960470754191334,47.47661590576172,4034078.0
2023-08-02T00:00:00,47.14734575482581,47.64569567173512,46.915971068776074,47.441017150878906,6138844.0
2023-08-03T00:00:00,47.12064966599969,47.165144406304705,46.65789689841916,46.90707015991211,5172846.0
2023-08-04T00:00:00,46.90706621622673,47.36981894490159,46.72018628581885,47.307525634765625,3654293.0
2023-08-07T00:00:00,47.16514333372133,47.6011999261487,47.1562457437551,47.334224700927734,3034350.0
2023-08-08T00:00:00,47.004966804063244,47.29863823919439,46.76469110115545,47.13845443725586,4219942.0
2023-08-09T00:00:00,47.182941307631964,47.69908638737664,47.13844656890533,47.405418395996094,3873281.0
2023-08-10T00:00:00,47.280838892342416,48.30423161614893,47.280838892342416,48.07285690307617,4389790.0
2023-08-11T00:00:00,48.135148357794336,48.2330388307798,47.352027968642005,47.48551559448242,4410899.0
2023-08-14T00:00:00,47.360926494918125,47.868174015201795,47.11174983260373,47.788082122802734,4777432.0
2023-08-15T00:00:00,47.96606006521266,48.12624383525713,47.36981972232915,47.68128967285156,5337488.0
2023-08-16T00:00:00,47.37872483587786,47.565604785640154,46.69349495868497,46.880374908447266,7327806.0
2023-08-17T00:00:00,47.02276407602343,47.74359116473518,46.622304582294674,47.47661590576172,5496530.0
2023-08-18T00:00:00,47.09395103580772,47.97496184805757,47.09395103580772,47.877071380615234,5822355.0
2023-08-21T00:00:00,47.87707002168082,48.43771324992662,47.538903887768804,47.574501037597656,4106738.0
2023-08-22T00:00:00,48.08175034076453,48.606796438833555,47.89487038926484,48.206336975097656,5606991.0
2023-08-23T00:00:00,48.29532996599274,48.47331232748412,47.93936524300997,48.161842346191406,5197031.0
2023-08-24T00:00:00,48.14404169617786,48.597896868162096,47.97496032714844,47.97496032714844,5399823.0
2023-08-25T00:00:00,47.64569048016091,48.41101214980766,47.618990923145546,48.17963409423828,4578531.0
2023-08-28T00:00:00,48.508901880947505,48.731378964852425,48.39321624152319,48.65128707885742,3747866.0
2023-08-29T00:00:00,48.67798704394004,49.69248201186341,48.6690860594602,49.51449966430664,6057658.0
2023-08-30T00:00:00,49.38101084257052,49.5589897787914,48.98055144661232,49.49669647216797,4672949.0
2023-08-31T00:00:00,49.38991446355999,50.28872042227827,49.372115888818016,50.1285400390625,10240601.0
2023-09-01T00:00:00,50.324314908127135,50.98284855980047,50.0128483534558,50.52009582519531,4635930.0
2023-09-04T00:00:00,50.52009792401184,51.32101340989616,50.52009792401184,50.528995513916016,4130782.0
2023-09-05T00:00:00,50.528998861021655,51.47230300570636,50.22642986327231,51.374412536621094,5004878.0
2023-09-06T00:00:00,51.23202346547752,52.12193181595617,51.22312587565435,51.908355712890625,6576592.0
2023-09-07T00:00:00,51.7926680165219,52.1664279039201,51.46340286885238,51.54349136352539,6866567.0
2023-09-08T00:00:00,51.543491318275336,51.561289893097396,50.24422590884453,50.54679489135742,4335732.0
2023-09-11T00:00:00,50.72477940191607,51.23202692435673,50.71588181149219,50.867164611816406,7952237.0
2023-09-12T00:00:00,50.92946145342591,51.196433316122786,50.32432342078956,50.493408203125,4640282.0
2023-09-13T00:00:00,50.413309657629284,50.56459244847537,49.75477598139152,49.93275833129883,4763569.0
2023-09-14T00:00:00,50.01285078034022,50.41331022344349,49.72808037518479,50.217529296875,5683519.0
2023-09-15T00:00:00,50.466702663736584,50.72477690482994,50.1196389438605,50.17303466796875,10064658.0
2023-09-18T00:00:00,50.30651806186745,50.45780424699648,49.94165577326691,50.33321762084961,3705471.0
2023-09-19T00:00:00,50.342118881001404,50.84046881665324,50.217532245771245,50.55569839477539,3874229.0
2023-09-20T00:00:00,50.760371714359124,51.365509647433804,50.760371714359124,51.1163330078125,6427133.0
2023-09-21T00:00:00,50.90276153785939,51.16083579051593,50.19973308189067,50.956153869628906,5390796.0
2023-09-22T00:00:00,50.635789949456125,51.00065226221769,50.35991711991205,50.68918228149414,3831485.0
2023-09-25T00:00:00,50.64468663417964,50.68918137499266,49.24753072531794,49.54119873046875,5315651.0
2023-09-26T00:00:00,49.16743505985365,49.24752694506165,48.46440666688685,48.500003814697266,5685101.0
2023-09-27T00:00:00,48.055051655015546,48.526702001611966,47.610097473024666,47.690189361572266,6637895.0
2023-09-28T00:00:00,47.94580112238941,48.03709028672611,47.25199093658027,47.91841506958008,5649316.0
2023-09-29T00:00:00,48.00970528674321,48.86783529068505,47.63541413282131,48.68525695800781,6470125.0
2023-10-02T00:00:00,48.64874095696972,48.9317394682519,47.699318283573604,47.93667221069336,6927180.0
2023-10-03T00:00:00,48.16489961911033,49.15083937339523,48.12838604049352,49.023033142089844,8875275.0
2023-10-04T00:00:00,48.548321471332585,48.904354108294285,48.01883453665003,48.17403030395508,8499130.0
2023-10-05T00:00:00,47.92754888534546,48.128389252204215,47.45283750706221,47.47109603881836,7436583.0
2023-10-06T00:00:00,47.47108946353816,47.80886354809422,46.804668817810416,47.62628173828125,6830311.0
2023-10-09T00:00:00,47.51673678643929,48.79480604639877,47.49847825615889,48.66699981689453,6963614.0
2023-10-10T00:00:00,48.995643605053964,49.60729218946225,48.72177261190547,49.023033142089844,5663758.0
2023-10-11T00:00:00,48.38399506979709,49.35167622487804,48.38399506979709,48.676124572753906,6297677.0
2023-10-12T00:00:00,47.83625684885706,50.675390459236205,47.516737785917066,49.40645217895508,25381976.0
2023-10-13T00:00:00,48.931739807128906,49.08693557330623,48.411383882664694,48.931739807128906,8178356.0
2023-10-16T00:00:00,48.840448218791735,49.561644458186336,48.840448218791735,49.23299789428711,8986386.0
2023-10-17T00:00:00,45.7822206302591,46.731639878042415,44.56348891715449,46.32083511352539,33109548.0
2023-10-18T00:00:00,45.900892075083135,46.6220883289257,45.439877258255095,45.56311798095703,11442030.0
2023-10-19T00:00:00,45.14318397632863,46.20215436492939,44.33069852504769,45.19795608520508,11131502.0
2023-10-20T00:00:00,44.75519736455181,45.24816373011487,44.549791519980324,45.06101989746094,8007828.0
2023-10-23T00:00:00,45.55398764742723,45.80046907762749,45.00167673348644,45.16143798828125,6633760.0
2023-10-24T00:00:00,44.88300531871058,45.19795538726254,44.60456882802622,44.78258514404297,5838465.0
2023-10-25T00:00:00,45.024501817350306,45.39879295662736,44.819099459895924,45.22990417480469,5600909.0
2023-10-26T00:00:00,44.83735936273217,45.61332771739988,44.750632217725645,45.29837417602539,6018277.0
2023-10-27T00:00:00,45.188826470314986,45.34401874822894,44.80996981664252,45.09297180175781,5121135.0
2023-10-30T00:00:00,44.76889246115393,45.061021981091436,44.30330864456327,44.609134674072266,7038941.0
2023-10-31T00:00:00,44.641088941013344,45.94654433604527,44.55436178742279,45.65441131591797,6279813.0
2023-11-01T00:00:00,45.91914956461265,45.983052676041375,45.56311694880737,45.672664642333984,3640893.0
2023-11-02T00:00:00,45.654409211513865,46.26605779700429,45.54486151055238,46.07434844970703,5375430.0
2023-11-03T00:00:00,46.375604805134614,46.95073632089279,46.22954004521524,46.42124938964844,3237465.0
2023-11-06T00:00:00,46.97812167260936,47.06941432273042,46.14737771002967,46.50341033935547,5175567.0
2023-11-07T00:00:00,46.50340860113891,46.82292764093174,46.220410102487946,46.57644271850586,3963859.0
2023-11-08T00:00:00,46.15651009536258,46.74989666781561,46.07434844902802,46.48515319824219,7677183.0
2023-11-09T00:00:00,46.375602372186975,46.841186164194895,46.22041009648993,46.43037796020508,5052753.0
2023-11-10T00:00:00,46.57644444712471,46.57644444712471,45.512908580090986,45.94654083251953,7015416.0
2023-11-13T00:00:00,46.23866685906122,46.29343896252811,45.68179392409282,45.891761779785156,6594413.0
2023-11-14T00:00:00,45.99218473925307,47.13331673022579,45.86437851345748,46.90509033203125,10170207.0
2023-11-15T00:00:00,47.12418849310328,47.927546437041165,46.96899620479208,47.45283508300781,9149010.0
2023-11-16T00:00:00,46.923347488859356,47.288507625811384,46.71337614410044,47.042022705078125,9014237.0
2023-11-17T00:00:00,47.19721574093896,47.99144256253673,47.13331263359535,47.66279602050781,6024141.0
2023-11-20T00:00:00,47.744965607497015,48.24706302701279,47.46196707997546,48.21967697143555,5811694.0
2023-11-21T00:00:00,48.383997493885914,49.223868986350624,47.525867471264334,47.79060745239258,8606073.0
2023-11-22T00:00:00,47.900158976651376,48.155771435762524,47.62628450479393,47.763221740722656,6520070.0
2023-11-23T00:00:00,47.471086353812844,47.863636000335255,47.124181286139006,47.71757125854492,6229716.0
2023-11-24T00:00:00,47.71757681373028,48.24706025843984,47.71757681373028,47.93667221069336,4064948.0
2023-11-27T00:00:00,47.808866678781456,47.9458039157229,47.4710925721068,47.70844650268555,3948583.0
2023-11-28T00:00:00,47.48021661459074,47.57150926001051,47.0055087882413,47.242862701416016,5000383.0
2023-11-29T00:00:00,47.34328290166063,48.17402682201261,47.26112126195732,48.00057601928711,7268157.0
2023-11-30T00:00:00,47.4071880735915,48.1466428630737,47.4071880735915,47.434574127197266,14081750.0
2023-12-01T00:00:00,47.48934762846651,47.71757401836737,46.93247467991507,47.3889274597168,6521648.0
2023-12-04T00:00:00,48.51180370682331,50.00896835461653,48.009706316276834,49.57077407836914,16607704.0
2023-12-05T00:00:00,53.86142793924088,54.5004625265371,50.61148289803558,52.58335876464844,40481811.0
2023-12-06T00:00:00,52.94852205827534,54.02575088909208,52.54684486875962,53.24978256225586,18443799.0
2023-12-07T00:00:00,53.0854627469307,53.496267486488826,51.96258577926563,52.8389778137207,11057970.0
2023-12-08T00:00:00,53.660588367637246,54.527849356880246,53.17674952922582,54.13529968261719,13748092.0
2023-12-11T00:00:00,54.50047026619327,54.72869668817694,53.8249185248397,54.36353302001953,8344256.0
2023-12-12T00:00:00,54.36352953879881,55.258176637790164,54.06227249195023,54.77433776855469,11943761.0
2023-12-13T00:00:00,54.59175526999174,55.06646660933445,54.07139934623231,54.098785400390625,10505250.0
2023-12-14T00:00:00,54.86562217380248,56.508854950122114,54.77433301176619,56.371917724609375,15352376.0
2023-12-15T00:00:00,56.47234137049897,57.04747287763363,56.07066067489955,56.25324249267578,19278144.0
2023-12-18T00:00:00,56.180210808969775,56.563629484947974,55.64159637191102,55.77853012084961,9331452.0
2023-12-19T00:00:00,55.869825189449706,56.58189046565948,55.869825189449706,56.2349853515625,8493296.0
2023-12-20T00:00:00,56.6001462260029,57.26656688463986,56.2532411288842,57.14788818359375,10764397.0
2023-12-21T00:00:00,56.82837260554786,56.910534247408435,56.088917828802686,56.563629150390625,5377151.0
2023-12-22T00:00:00,56.600146905389245,57.39437379816681,56.55450232211852,57.23918151855469,6779307.0
2023-12-27T00:00:00,57.357858847505355,58.115568662538465,57.29395225350652,57.69563293457031,7098786.0
2023-12-28T00:00:00,57.69563086664838,57.85995414256511,57.312208728689924,57.76866149902344,4655155.0
2023-12-29T00:00:00,57.7686680875938,58.07905614611897,57.54957268302231,57.61347579956055,5980913.0
2024-01-02T00:00:00,57.832569801488184,58.68157230914341,57.59521587188262,58.21599197387695,5634704.0
2024-01-03T00:00:00,58.26163411915768,58.32553723147048,57.239180839694406,57.44001770019531,7249289.0
2024-01-04T00:00:00,57.38524732295603,57.82344159878621,57.31221320242174,57.68650436401367,6115209.0
2024-01-05T00:00:00,57.695632213671935,57.98776171490909,57.19353485107422,57.19353485107422,3384803.0
2024-01-08T00:00:00,56.636661908660685,57.52217793582892,56.609272373725915,57.339599609375,8414566.0
2024-01-09T00:00:00,57.51304935965972,57.85082343636623,56.87401478139407,57.15701675415039,9840267.0
2024-01-10T00:00:00,57.2209216185139,57.69563293457031,56.78272736118299,57.69563293457031,5908953.0
2024-01-11T00:00:00,58.29815363791515,59.640126018018485,57.60434341430664,57.60434341430664,9994565.0
2024-01-12T00:00:00,57.513052185916116,58.58115005493164,57.20266414593188,58.58115005493164,9814572.0
2024-01-15T00:00:00,58.75460571907112,58.836763880953946,58.24337732289612,58.47160720825195,2985776.0
2024-01-16T00:00:00,58.471606522854934,58.80937713763668,58.033408769865126,58.380313873291016,4988913.0
2024-01-17T00:00:00,57.96950635677781,58.398573108765895,57.54043960478973,57.978633880615234,6509908.0
2024-01-18T00:00:00,58.2890191547031,58.73634093308344,58.03340670991433,58.62679672241211,6695520.0
2024-01-19T00:00:00,57.485668209727386,57.77779773056709,56.171081883490174,56.28976058959961,13178002.0
2024-01-22T00:00:00,56.68231345338864,56.89228134057075,55.541181360577994,55.93373107910156,14194605.0
2024-01-23T00:00:00,54.77433540322546,58.99196173664391,53.60581736234335,57.996891021728516,25098244.0
2024-01-24T00:00:00,55.59595246456594,56.67318135177456,54.7743360311158,55.13949966430664,23940304.0
2024-01-25T00:00:00,54.57349568760034,55.687241634680674,54.44568946071411,55.4316291809082,11144775.0
2024-01-26T00:00:00,55.376854989473316,55.43163058057559,54.536983487323305,55.385982513427734,6447557.0
2024-01-29T00:00:00,55.21253274072486,55.74201968399813,54.98430633051231,55.13037109375,5992526.0
2024-01-30T00:00:00,55.32207480050076,55.55030118743757,53.824910259388574,54.00749206542969,20572606.0
2024-01-31T00:00:00,52.683783095473224,53.30455920275228,52.16342716473323,52.70204162597656,14755519.0
2024-02-01T00:00:00,52.77507294481522,53.313687377449774,51.97171505763216,52.00823211669922,10632878.0
2024-02-02T00:00:00,52.30949019919144,52.492072015737875,51.798265291811596,51.87129592895508,8519813.0
2024-02-05T00:00:00,52.00823907323208,52.25472403121646,51.497010625287565,51.79827117919922,5677781.0
2024-02-06T00:00:00,51.73435625873869,51.76174579352837,50.967518933794445,51.56090545654297,6888035.0
2024-02-07T00:00:00,51.49700160580424,51.54264618651973,50.88535656280846,50.912742614746094,6495788.0
2024-02-08T00:00:00,50.91274881795008,51.780009887044514,50.67539139737668,51.66133117675781,6681288.0
2024-02-09T00:00:00,51.35093968200757,55.49553191613209,51.086196223856966,52.19081115722656,23235255.0
2024-02-12T00:00:00,52.190812881057774,52.72029981484762,51.579167784223216,52.026493072509766,6162061.0
2024-02-13T00:00:00,51.96258757983512,52.03562170292816,50.69364929199219,50.69364929199219,8853982.0
2024-02-14T00:00:00,50.666260456067945,50.721036045381176,50.1550320698532,50.43803405761719,7508582.0
2024-02-15T00:00:00,50.80319907140923,51.33268251935354,50.65713431172198,51.03142547607422,5514500.0
2024-02-16T00:00:00,50.94013491691918,51.17749233769617,50.556716212914544,50.784942626953125,7649180.0
2024-02-19T00:00:00,50.66625772078334,51.332678350386935,50.620613140049066,51.204872131347656,2957669.0
2024-02-20T00:00:00,51.204873860840415,51.44222777815046,50.4471605617175,51.15922927856445,6874413.0
2024-02-21T00:00:00,50.8944868545187,51.03142408657254,50.10025996299844,50.43803405761719,4601153.0
2024-02-22T00:00:00,50.766682009497444,51.35094104823061,50.739295955325126,51.177490234375,4763588.0
2024-02-23T00:00:00,51.268780090825544,51.542651083597306,51.07707074413117,51.53352355957031,3981507.0
2024-02-26T00:00:00,51.487877595586795,51.5609082332227,51.022293786131165,51.232261657714844,3334229.0
2024-02-27T00:00:00,50.8031983924476,51.67045593261719,50.49281034695307,51.67045593261719,7477046.0
2024-02-28T00:00:00,51.670452778632985,52.40078000518785,50.86709840135593,51.15009689331055,8776104.0
2024-02-29T00:00:00,51.22313586185391,51.73436078992604,50.95839239126877,51.33268356323242,9408381.0
2024-03-01T00:00:00,51.332682867404635,51.54265074322504,51.150101045942975,51.41484451293945,5332484.0
2024-03-04T00:00:00,51.48787689464878,51.75261687024067,51.378325715998535,51.633941650390625,3553453.0
2024-03-05T00:00:00,51.63394409072671,52.099524433389945,51.405717681439924,51.4787483215332,5617277.0
2024-03-06T00:00:00,51.15010238656777,52.190814268979736,51.0861992697501,52.154300689697266,5493173.0
2024-03-07T00:00:00,52.0356192171569,52.4920720173074,51.57003889328513,52.01736068725586,5007473.0
2024-03-08T00:00:00,52.14516829632452,52.373394702449396,51.61568484499326,52.026493072509766,7939908.0
2024-03-11T00:00:00,51.76174823662774,52.30949020385742,51.61568347986926,52.30949020385742,4308266.0
2024-03-12T00:00:00,52.309490549456044,53.304557799715695,52.26384596562842,53.15849304199219,6791802.0
2024-03-13T00:00:00,53.16762681438264,53.551045517433,52.985044987114456,53.41410827636719,6696572.0
2024-03-14T00:00:00,53.414106534009186,53.67885000078924,53.11284948893352,53.48714065551758,6356504.0
2024-03-15T00:00:00,53.596691092721635,54.63740300015953,53.596691092721635,54.18095016479492,12982932.0
2024-03-18T00:00:00,54.20833441578225,54.409171275682105,51.113585051049824,51.250518798828125,18505704.0
2024-03-19T00:00:00,50.912744026558045,51.73435694959506,50.77580679815602,51.652198791503906,10972213.0
2024-03-20T00:00:00,51.65220156572929,52.36426683376454,51.36919957031239,52.05387878417969,10374934.0
2024-03-21T00:00:00,52.592491491490726,52.80245935887411,51.935198353623825,52.56510543823242,9514997.0
2024-03-22T00:00:00,52.40078353881836,52.79333323070266,52.35513547223669,52.40078353881836,5730193.0
2024-03-25T00:00:00,52.27297453942486,52.638138182297965,51.615684857695285,51.8530387878418,8515324.0
2024-03-26T00:00:00,51.807390424910395,52.54684518069544,51.004032558651645,52.437294006347656,8276222.0
2024-03-27T00:00:00,52.43729575024917,53.103716411965436,52.12690771085791,52.97591018676758,6289020.0
2024-03-28T00:00:00,53.03981643602756,54.18094848914742,52.61988067626953,52.61988067626953,5383509.0
2024-04-02T00:00:00,53.13111117784151,53.66059466041969,52.34601173724671,52.69291687011719,8788331.0
2024-04-03T00:00:00,52.40078217093462,53.29542922973633,52.32774805227728,53.29542922973633,7108958.0
2024-04-04T00:00:00,53.19263166677459,53.64120233763793,52.63192367553711,52.63192367553711,9098043.0
2024-04-05T00:00:00,51.84692613481685,52.10858936747409,51.02455139160156,51.02455139160156,11350743.0
2024-04-08T00:00:00,50.931104651243324,51.75347944928705,50.800273026192045,51.47312545776367,10644349.0
2024-04-09T00:00:00,51.36097782863656,52.18335257575354,51.09931459473786,51.884307861328125,8876693.0
2024-04-10T00:00:00,51.90300179384028,52.63192288447211,51.2301493625528,51.36098098754883,9704039.0
2024-04-11T00:00:00,51.360981435255034,51.58526676927073,50.744201222829936,51.08062744140625,8865389.0
2024-04-12T00:00:00,50.93110340435247,51.136697990053655,50.33301395310647,50.48253631591797,10661790.0
2024-04-15T00:00:00,50.48253673324437,51.19276707124671,49.940515935512984,50.09003829956055,10323689.0
2024-04-16T00:00:00,53.2673945366318,54.183219488597075,50.725510709205246,50.96848678588867,34680460.0
2024-04-17T00:00:00,50.46384702411236,51.30491256713867,49.54802207998062,51.30491256713867,18721337.0
2024-04-18T00:00:00,51.28622426763234,52.93097038410519,50.66944402834319,52.202049255371094,12812532.0
2024-04-19T00:00:00,52.127279301890546,52.61322784423828,51.734784458971674,52.61322784423828,8594866.0
2024-04-22T00:00:00,52.519784206237205,53.84679481822708,52.42633049524841,53.45429992675781,11544181.0
2024-04-23T00:00:00,53.790726283251765,54.37012503316905,53.622513167970205,54.14583969116211,8986798.0
2024-04-24T00:00:00,54.44488278679852,54.72524034703207,53.26739458041656,53.60382080078125,9312694.0
2024-04-25T00:00:00,53.64119974347548,54.10845756854097,53.32346427983518,53.62250900268555,6097918.0
2024-04-26T00:00:00,53.82809747385444,53.92155117338087,53.21131731655653,53.641197204589844,4314931.0
2024-04-29T00:00:00,53.41691548957852,53.43560623074309,52.388949679787636,52.78144454956055,9263516.0
2024-04-30T00:00:00,52.80013446434378,52.893584603809664,52.239426497759794,52.53847122192383,4659435.0
2024-05-02T00:00:00,52.31418354305079,52.519778118500454,51.77216634172097,52.27680206298828,9209308.0
2024-05-03T00:00:00,52.538471607027276,53.30477416392634,52.44501790198206,53.061798095703125,6132503.0
2024-05-06T00:00:00,53.043106720267275,53.566436767578125,52.96834732201961,53.566436767578125,5244659.0
2024-05-07T00:00:00,53.56643801410693,54.70654827429295,53.37953416679694,54.55702590942383,6608599.0
2024-05-08T00:00:00,54.50095284902633,54.66916595253337,54.10845798410614,54.25798034667969,2839662.0
2024-05-10T00:00:00,54.42619450138779,55.04297470452811,54.25798139463185,54.38881301879883,5220623.0
2024-05-13T00:00:00,54.53833703433122,54.98690414428711,54.05238844065538,54.98690414428711,5181758.0
2024-05-14T00:00:00,54.9308327057523,58.03342460107182,54.72524167213589,57.865211486816406,17531940.0
2024-05-15T00:00:00,57.528779888588886,57.75306162950059,56.014862095411864,56.12700653076172,7648237.0
2024-05-16T00:00:00,56.631647328724966,57.0989051567339,56.183080241623706,57.005455017089844,11508605.0
2024-05-17T00:00:00,57.00545689162374,57.58485561923702,55.97749106215879,57.435333251953125,13192513.0
2024-05-20T00:00:00,57.47271408573274,57.939971923828125,57.117597130609816,57.939971923828125,7128793.0
2024-05-21T00:00:00,57.9399702380261,59.06138972980546,57.49140315429321,58.313777923583984,14259113.0
2024-05-22T00:00:00,58.3511562052308,59.939833531448095,58.3511562052308,59.7529296875,13227550.0
2024-05-23T00:00:00,59.97721416745194,60.164114443870155,59.08008000702517,59.45388412475586,9426878.0
2024-05-24T00:00:00,59.154839614216826,59.75292905662055,58.76234475447473,59.28567123413086,8712717.0
2024-05-27T00:00:00,59.08008171314665,59.323054218443474,58.35115706746744,59.192222595214844,4096906.0
2024-05-28T00:00:00,59.2482945923597,59.323053991821446,58.66889231328294,59.30436325073242,6861137.0
2024-05-29T00:00:00,59.21090993110388,59.28566932655175,58.70627064347769,58.85579299926758,5165537.0
2024-05-30T00:00:00,58.74365527925535,60.61268660947719,58.65020157380765,60.388404846191406,6770565.0
2024-05-31T00:00:00,60.4631619467821,60.780900987062985,59.97721692785639,60.35102462768555,20825179.0
2024-06-03T00:00:00,60.61268930660894,62.10791301136285,60.61268930660894,61.11732864379883,9865457.0
2024-06-04T00:00:00,61.11732714030206,61.547203499231955,60.87435106619773,61.210777282714844,9862699.0
2024-06-05T00:00:00,61.435055043236325,62.126601737518875,61.322917731570904,61.49113082885742,4934256.0
2024-06-07T00:00:00,61.30422883148472,62.08922573129592,61.21077868692813,61.86493682861328,7298826.0
2024-06-10T00:00:00,61.58458052462769,61.7154121404937,60.57530194812851,60.85565948486328,6182832.0
2024-06-11T00:00:00,60.706134814453364,60.706134814453364,59.19222048341431,59.84638214111328,6321586.0
2024-06-12T00:00:00,59.65948336555721,59.8837687056257,58.98663091024628,59.80900573730469,6756210.0
2024-06-13T00:00:00,58.42592028577114,59.30436373475889,58.07080333196998,58.108184814453125,10940557.0
2024-06-14T00:00:00,58.05211045965405,58.29508652198057,57.22973926458001,57.734375,5891246.0
2024-06-17T00:00:00,57.734374791128815,58.276395570593024,57.6222339130961,57.902587890625,5510118.0
2024-06-18T00:00:00,58.08948856703615,58.57543709857196,57.95865695564075,58.369842529296875,5179462.0
2024-06-19T00:00:00,58.164257026773164,58.55675189808614,57.95866243805053,58.0521125793457,5668211.0
2024-06-20T00:00:00,58.22032713058122,58.93056105567181,58.014736101650335,58.874488830566406,15845863.0
2024-06-24T00:00:00,58.81841548810018,60.70613758538788,58.81841548810018,60.68745040893555,8667584.0
2024-06-25T00:00:00,60.35102228727997,60.87434876887295,59.80900150003663,60.14542770385742,6517973.0
2024-06-26T00:00:00,60.18281254139538,60.6874518752672,59.99590512341194,60.369712829589844,5663044.0
2024-06-27T00:00:00,60.164118630288264,61.39767907793386,60.14543145326154,61.11732864379883,7181374.0
2024-06-28T00:00:00,61.62196244565933,62.14528891286698,60.874347095544074,61.49113082885742,6234908.0
2024-07-01T00:00:00,61.80886331609881,62.705997467041016,61.80886331609881,62.705997467041016,6283312.0
2024-07-02T00:00:00,62.55648358386789,62.64993372842448,61.64065505571966,61.86493682861328,7067405.0
2024-07-03T00:00:00,61.808864568101065,62.12660359683523,61.640651465780294,61.696720123291016,3662236.0
2024-07-04T00:00:00,60.612681939874555,61.360297266282466,60.351018714568234,60.9491081237793,6518879.0
2024-07-05T00:00:00,60.94910897772803,61.659342834787715,60.687445748755586,61.24815368652344,3977854.0
2024-07-08T00:00:00,61.22946149851532,63.84610813827783,60.7995851603722,63.45361328125,8562868.0
2024-07-09T00:00:00,63.73396691327004,63.97694298789462,62.78076405095647,62.986358642578125,5963045.0
2024-07-10T00:00:00,62.986357993794904,63.84611070463981,62.81814488690883,63.490997314453125,5260306.0
2024-07-11T00:00:00,63.80872385392634,63.82741815855696,62.724689468360495,63.47229766845703,7463502.0
2024-07-12T00:00:00,66.7057221638928,69.3784373984614,64.35074594654247,66.23846435546875,30662402.0
2024-07-15T00:00:00,65.60299626411567,65.97680395284281,64.2012227787304,64.38813018798828,12163729.0
2024-07-16T00:00:00,64.96752280541476,66.59358511866658,64.5002649951262,66.29454040527344,8859422.0
2024-07-17T00:00:00,66.76180567208596,67.07953759627075,66.31323498700189,66.46276092529297,9725340.0
2024-07-18T00:00:00,66.76180241255109,67.39727335968402,65.26657162179913,66.70572662353516,8600441.0
2024-07-19T00:00:00,66.5562119825475,66.59359346763176,65.73383357027193,65.78990936279297,5523318.0
2024-07-22T00:00:00,66.31323634667405,67.22906491301195,65.86467278218188,67.00477600097656,6312416.0
2024-07-23T00:00:00,67.2851312762194,67.6776261641813,66.98608653351666,67.02346801757812,4830725.0
2024-07-24T00:00:00,66.85524811458029,67.00476690585246,66.29454017018007,66.3506088256836,4254128.0
2024-07-25T00:00:00,66.14502644185346,67.04216074422325,65.88336316155265,66.53752136230469,8331744.0
2024-07-26T00:00:00,66.5375105794627,67.24774446074515,66.08894706586531,67.11691284179688,3954801.0
2024-07-29T00:00:00,67.64024143211165,68.61213858167343,67.37857818603516,67.37857818603516,7839228.0
2024-07-30T00:00:00,68.18226327218756,68.64952111297539,67.99536298778794,68.59345245361328,8630714.0
2024-07-31T00:00:00,68.83642363883948,68.98594242978352,67.6589319673312,68.46261596679688,7870786.0
2024-08-01T00:00:00,68.74297379211592,69.15416298871646,67.88322104448666,68.51869201660156,7571817.0
2024-08-02T00:00:00,67.88321344888585,67.88321344888585,66.2010824962728,66.6870346069336,8004172.0
2024-08-05T00:00:00,64.59372964414555,64.91146156916045,63.11719308371481,64.51896667480469,8648012.0
2024-08-06T00:00:00,64.91145622196336,65.13573798172116,64.05170353473464,64.61241149902344,6964056.0
2024-08-07T00:00:00,64.4815810913042,65.58430986472385,64.21991784503322,65.43478393554688,7360180.0
2024-08-08T00:00:00,64.48158837914919,65.6030044555664,63.360172302731975,65.6030044555664,5757976.0
2024-08-09T00:00:00,65.88335949560019,66.46276181959058,65.47217028955608,65.67776489257812,4029332.0
2024-08-12T00:00:00,65.97679864634345,66.5001322203853,65.82727986075156,66.42536926269531,3572650.0
2024-08-13T00:00:00,66.31323430093934,66.8739423041516,65.92073941166967,66.85525512695312,3839167.0
2024-08-14T00:00:00,67.19167095630357,67.41595269692097,66.61226873577162,67.09822082519531,4663700.0
2024-08-15T00:00:00,67.19167643164128,68.76166300347467,67.09822629291793,68.55606842041016,7075953.0
2024-08-16T00:00:00,68.76166448576384,69.43451690673828,68.61213855675231,69.43451690673828,6068936.0
2024-08-19T00:00:00,69.9017749568038,69.9017749568038,69.09809091034846,69.26630401611328,5727811.0
2024-08-20T00:00:00,69.26631209496882,69.39714373362445,68.50000944150472,68.70559692382812,6063625.0
2024-08-21T00:00:00,68.98594201805855,69.06070497797853,68.25702098330943,68.79904174804688,3870350.0
2024-08-22T00:00:00,68.7803514499131,69.67748563184982,68.76166427373865,69.60272979736328,3946957.0
2024-08-23T00:00:00,69.62141106418574,70.6493767814577,69.3971293201854,70.20081329345703,4448017.0
2024-08-26T00:00:00,70.08867765727796,71.023193359375,70.01391468996084,71.023193359375,3205563.0
2024-08-27T00:00:00,71.02319172087415,71.17271765205884,70.4811709150129,70.53724670410156,5079711.0
2024-08-28T00:00:00,70.53725336798108,71.21009873251154,70.18213281276249,70.87367248535156,3910753.0
2024-08-29T00:00:00,70.68676184836161,71.88294071679685,70.64938036749946,71.11663818359375,6728514.0
2024-08-30T00:00:00,70.83629468284978,71.65866595268535,70.70546305196207,71.50914001464844,8058027.0
2024-09-02T00:00:00,71.47176101175387,71.62127981027766,71.1540219789842,71.21009063720703,1756531.0
2024-09-03T00:00:00,71.34092689925149,71.95771069897002,71.13533942913446,71.50914001464844,6268159.0
2024-09-04T00:00:00,70.55593550832648,71.21009364787882,70.40640957369224,71.023193359375,4226957.0
2024-09-05T00:00:00,71.11663886662453,71.52782803026902,70.31295484484039,70.83628845214844,6168594.0
2024-09-06T00:00:00,70.49986631913725,70.61200363948316,69.34106172377737,69.69618225097656,5976442.0
2024-09-09T00:00:00,70.08867855550268,70.68676804212652,69.58403921432837,70.46248626708984,4161660.0
2024-09-10T00:00:00,70.46248071673499,70.78021261219331,70.27557331076963,70.61199951171875,3245106.0
2024-09-11T00:00:00,70.61199801939702,70.64937949980006,69.67748239868594,69.84569549560547,3950578.0
2024-09-12T00:00:00,70.57462611387076,71.02319680977666,70.20082551870341,70.27558135986328,5893167.0
2024-09-13T00:00:00,70.33165144627559,71.02319104697104,69.6587990219065,70.92974090576172,4482171.0
2024-09-16T00:00:00,70.63068940630409,71.1727101550715,70.36902618408203,70.36902618408203,5337036.0
2024-09-17T00:00:00,70.31295566123148,70.68676334799501,69.93914797446796,70.0512924194336,6165614.0
2024-09-18T00:00:00,70.38771841210507,70.38771841210507,69.80831614288086,70.2195053100586,5002376.0
2024-09-19T00:00:00,70.76152233198353,71.65865645189189,70.5559277593359,71.30354309082031,5360657.0
2024-09-20T00:00:00,71.02318909486236,72.21936798095703,71.02318909486236,72.21936798095703,11636631.0
2024-09-23T00:00:00,72.23805888915426,73.35947475967994,72.23805888915426,72.74269104003906,5442990.0
2024-09-24T00:00:00,72.74270121775058,72.83615849486054,71.02319569172347,72.78008270263672,4414250.0
2024-09-25T00:00:00,72.87353676849756,73.37816896775024,72.51841624262259,73.2473373413086,4541746.0
2024-09-26T00:00:00,73.82673663736216,73.8641181190823,73.20995288366288,73.54637908935547,4834210.0
2024-09-27T00:00:00,73.54638556309082,73.77067447315409,72.49973250195254,72.72401428222656,7432449.0
2024-09-30T00:00:00,72.70531584205312,73.06042919995988,71.69603729248047,71.69603729248047,8027714.0
2024-10-01T00:00:00,72.35240595793566,72.35240595793566,71.72458183983962,71.952880859375,4589596.0
2024-10-02T00:00:00,71.91482978821287,72.92316436767578,71.0777285452107,72.92316436767578,3765883.0
2024-10-03T00:00:00,72.78997881088823,73.20853304235398,71.66749840081664,71.99092864990234,3184557.0
2024-10-04T00:00:00,71.99093288949764,72.84706329632539,71.83872870273045,72.73291015625,4182519.0
2024-10-07T00:00:00,72.78998111514528,73.34171039090768,72.31435393069388,73.28463745117188,2863773.0
2024-10-08T00:00:00,73.13243554488476,73.72221588466027,72.71388854463625,73.60806274414062,3384421.0
2024-10-09T00:00:00,73.70319408376584,73.96954415448882,72.98023870787841,73.87442016601562,4154555.0
2024-10-10T00:00:00,74.14077126609371,74.73054435731282,73.51293986996279,73.68416595458984,4394790.0
2024-10-11T00:00:00,73.47489104285482,74.40712358899401,73.30366495305356,73.83637237548828,3861369.0
2024-10-14T00:00:00,73.81734628377761,75.3583811558981,73.66514934069545,74.50225067138672,6875462.0
2024-10-15T00:00:00,80.85662815065362,84.09089472817887,79.29657143517007,82.53083801269531,33638381.0
2024-10-16T00:00:00,84.09089223424765,84.43334440627022,82.18838339300899,84.05284118652344,14202273.0
2024-10-17T00:00:00,84.16698893548521,84.18601082938058,82.66400530543311,83.23475646972656,10073210.0
2024-10-18T00:00:00,82.87328649637733,84.6806640625,82.43571034034272,84.6806640625,6719306.0
2024-10-21T00:00:00,85.40361513753255,85.49873912187536,83.97673359990617,84.90896606445312,8456506.0
2024-10-22T00:00:00,84.66164753797598,84.81385173624889,83.59623992255247,84.35724639892578,5483483.0
2024-10-23T00:00:00,84.35724044648221,85.21337085761773,84.16699246956104,85.04214477539062,6519909.0
2024-10-24T00:00:00,85.04214519378596,85.78412246792213,84.7377440747174,85.21337127685547,6419810.0
2024-10-25T00:00:00,85.21337211029673,85.7841233069457,85.15629191038518,85.55582427978516,5133473.0
2024-10-28T00:00:00,85.8031473111689,86.65927775593572,85.5748482783962,86.58317565917969,5412592.0
2024-10-29T00:00:00,87.03977299035333,87.36319598562712,86.43097078719524,86.67829895019531,5619205.0
2024-10-30T00:00:00,86.5641489188394,86.83049898508277,86.10754362135431,86.20267486572266,6103325.0
2024-10-31T00:00:00,85.5938706333873,85.66996546660441,84.43333915126226,84.64261627197266,7364263.0
2024-11-01T00:00:00,84.60456792939475,85.19434100751603,84.47139289514188,85.13726806640625,3235259.0
2024-11-04T00:00:00,85.6128941377547,85.80314211061838,84.68066165273468,85.06116485595703,6269132.0
2024-11-05T00:00:00,84.66163891323701,84.96604002127694,83.78648663480907,84.71871185302734,5096430.0
2024-11-06T00:00:00,85.23239364281908,85.42264887922315,83.82454118090487,84.41431427001953,7231369.0
2024-11-07T00:00:00,84.01478673560023,85.21336928912811,83.501108498374,83.65331268310547,6290291.0
2024-11-08T00:00:00,83.65331283141451,84.22406401017943,83.08255439515459,84.09088897705078,5863974.0
2024-11-11T00:00:00,84.7567575856212,84.87091071554092,83.76745223213372,84.16698455810547,5230263.0
2024-11-12T00:00:00,83.710392029535,84.26212135516496,82.96841471592705,83.13964080810547,5506916.0
2024-11-13T00:00:00,83.42500459759209,84.07185785368894,82.9684065682854,83.67233276367188,5927896.0
2024-11-14T00:00:00,83.71038818359375,83.99576740994499,82.644980630377,83.71038818359375,4996826.0
2024-11-15T00:00:00,83.21573345518436,83.40598142155523,82.68302608585549,83.15865325927734,6186804.0
2024-11-18T00:00:00,83.02548172569364,83.91966317175931,82.5688836841884,83.82453918457031,4819392.0
2024-11-19T00:00:00,83.82453752660784,85.11824404777616,82.45472891419551,84.28113555908203,11190558.0
2024-11-20T00:00:00,85.13726605780867,85.13726605780867,83.19670627341287,83.57720947265625,4951434.0
2024-11-21T00:00:00,83.57720877902422,83.78648589974595,82.60692526613154,83.67233276367188,5062132.0
2024-11-22T00:00:00,83.80551574886576,85.04214943915653,83.76746469989577,84.81385040283203,6260542.0
2024-11-25T00:00:00,85.25142293230833,85.32751776949715,84.03381118984966,84.85189056396484,12739618.0
2024-11-26T00:00:00,85.194346903014,85.95535337211685,84.73774882754874,85.42265319824219,6484739.0
2024-11-27T00:00:00,85.42265013886366,85.84119715013414,84.92799377441406,84.92799377441406,5195067.0
2024-11-28T00:00:00,85.04213602147973,85.25141312904792,84.66163284930981,84.96603393554688,1880962.0
2024-11-29T00:00:00,84.79482258271698,84.88994657788973,84.35724639892578,84.35724639892578,9298026.0
2024-12-02T00:00:00,83.9386881511619,86.77342952154636,83.71038912201871,85.63191986083984,5590441.0
2024-12-03T00:00:00,85.70801603002221,86.4690224178727,85.70801603002221,86.31681823730469,5445406.0
2024-12-04T00:00:00,86.5641416956648,87.32514804214092,85.06115815299637,86.37389373779297,6401482.0
2024-12-05T00:00:00,86.27877335073516,87.47735595703125,86.18364935983762,87.47735595703125,4981580.0
2024-12-06T00:00:00,87.32516286891983,87.45833791354055,86.6212293387868,86.90660858154297,4381361.0
2024-12-09T00:00:00,86.84952746853665,87.8388256333996,86.75439622490046,87.43930053710938,4840717.0
2024-12-10T00:00:00,86.86854734544869,87.26807243246088,86.37389827450428,86.84952545166016,4834591.0
2024-12-11T00:00:00,86.84953511481956,87.26808214218917,85.46069721640242,86.29780578613281,5862031.0
2024-12-12T00:00:00,86.08852076268458,86.65927193502661,85.72704671361679,86.56414794921875,5517615.0
2024-12-13T00:00:00,86.35487802815277,86.86855630335108,86.22170298541567,86.39292907714844,4898688.0
2024-12-16T00:00:00,86.71635385366953,86.86855078248395,85.9363182850761,86.27877044677734,4583951.0
2024-12-17T00:00:00,85.6128961048995,85.78412218740911,84.6806635984594,85.47972106933594,7816993.0
2024-12-18T00:00:00,85.70801926310695,86.83049973590659,85.51777128771516,86.27877044677734,6356336.0
2024-12-19T00:00:00,85.30849442467907,86.03144979689955,84.4523640177726,84.87091827392578,7562151.0
2024-12-20T00:00:00,84.41431510154374,84.75676727294922,83.21573975911986,84.75676727294922,12401614.0
2024-12-23T00:00:00,84.4523640177726,85.23239233128848,83.71038675095201,84.87091827392578,3226503.0
2024-12-27T00:00:00,85.08020101289546,85.59387929091555,84.62359567993464,85.42265319824219,4016524.0
2024-12-30T00:00:00,84.96604860081077,85.9934051657445,84.90897565525744,85.49874877929688,4456547.0
2025-01-02T00:00:00,85.6128942640635,86.507075704331,85.42264629091912,86.46902465820312,4202398.0
2025-01-03T00:00:00,86.14559370267031,86.62122088920448,85.89827279106888,86.56414794921875,4285916.0
2025-01-07T00:00:00,86.83050335389733,87.38223266601562,85.68900093899323,87.38223266601562,5629605.0
2025-01-08T00:00:00,87.32515396327406,88.27640833212239,86.90659971858244,87.534423828125,5830709.0
2025-01-09T00:00:00,88.16225533696068,89.30375767841669,87.89590527445395,88.9422836303711,5241067.0
2025-01-10T00:00:00,88.94228331835967,89.2466844255131,87.9910289513184,88.06713104248047,4254183.0
2025-01-13T00:00:00,87.05880102552054,87.05880102552054,84.68066498370403,85.28947448730469,4963064.0
2025-01-14T00:00:00,85.66996666702383,87.0397752890532,85.23239052554109,87.00172424316406,5624810.0
2025-01-15T00:00:00,87.72468321849581,90.46429331806183,87.53442798120255,90.38819122314453,8200438.0
2025-01-16T00:00:00,90.08379136887578,90.19794451285841,88.42861069735187,89.76036834716797,5880307.0
2025-01-17T00:00:00,89.89354977543321,90.95895742250723,89.64622157464007,90.65455627441406,7284476.0
2025-01-20T00:00:00,90.65454384503396,91.45359402766213,90.29306254170658,90.44526672363281,3598313.0
2025-01-21T00:00:00,89.1325369126062,90.92089988027766,88.75204094777811,90.90187072753906,7018729.0
2025-01-22T00:00:00,91.2633469482462,92.49997327973634,91.05406982480304,91.9292221069336,6254512.0
2025-01-23T00:00:00,91.03504384755755,92.91853076672898,91.03504384755755,92.86145782470703,7696763.0
2025-01-24T00:00:00,85.13727197556732,86.03145346731816,81.02785310458835,81.046875,43880869.0
2025-01-27T00:00:00,79.3916868516689,83.42500324688513,79.18240973433548,82.01715087890625,12627495.0
2025-01-28T00:00:00,81.73177860586021,81.84593174977034,80.76150228385774,80.97077941894531,9601043.0
2025-01-29T00:00:00,80.85662572881351,81.332252938983,80.36197662353516,80.36197662353516,8757805.0
2025-01-30T00:00:00,80.15269685701946,81.57957844065798,80.15269685701946,81.18004608154297,9460960.0
2025-01-31T00:00:00,81.21809739150495,81.33225053126459,79.60096782779947,79.7721939086914,8939129.0
2025-02-03T00:00:00,78.5355652129552,79.60097281159831,78.40239017031176,79.44876861572266,7474027.0
2025-02-04T00:00:00,79.44876307440099,79.7531641874257,78.1360346352622,79.16339111328125,7116985.0
2025-02-05T00:00:00,78.85899027435356,79.22046432935963,78.26920994066415,78.89704132080078,6163919.0
2025-02-06T00:00:00,79.23949208594064,79.71511927191268,78.74483574833256,79.08728790283203,4666494.0
2025-02-07T00:00:00,78.87801768786073,79.63902415506213,78.7067915956152,79.18241882324219,5843351.0
2025-02-10T00:00:00,79.33461919370048,80.43807053468252,79.10632016754819,79.75316619873047,6809380.0
2025-02-11T00:00:00,80.00049603809082,80.62832744491247,79.54389797630719,80.43807220458984,5092232.0
2025-02-12T00:00:00,80.89468057891641,81.99813198447895,80.78052743041177,80.93273162841797,5388906.0
2025-02-13T00:00:00,80.93272261223682,81.12297058105469,80.32392040302587,81.12297058105469,5795748.0
2025-02-14T00:00:00,80.97077574110625,81.23712580730313,80.51417044370089,80.83760070800781,4366659.0
2025-02-17T00:00:00,80.45710115759272,81.02785236215271,80.19075107929773,80.97077941894531,2446073.0
2025-02-18T00:00:00,81.04687327487335,81.37030354995017,80.72345025729176,81.3322525024414,3999414.0
2025-02-19T00:00:00,81.08491755350414,81.37029675724906,80.19074341292632,80.70441436767578,4908399.0
2025-02-20T00:00:00,80.89467999000195,81.4654312133789,80.78052684232833,81.4654312133789,5987707.0
2025-02-21T00:00:00,81.2751809602377,81.52250188706293,80.6283276564345,81.14200592041016,8380678.0
2025-02-24T00:00:00,80.45709824494206,81.92203088002734,80.41904719834952,80.9136962890625,5823764.0
2025-02-25T00:00:00,80.91369776047554,83.29183378454309,80.83760292340173,83.27281188964844,6920105.0
2025-02-26T00:00:00,83.71038660898606,84.62358995563922,83.65331366778744,84.43334197998047,9116356.0
2025-02-27T00:00:00,83.88161062029126,84.9279889755851,83.74843558911721,84.71871185302734,8848348.0
2025-02-28T00:00:00,84.09088598698688,84.6806590391586,83.36793064892714,83.86258697509766,10844986.0
2025-03-03T00:00:00,83.99576597241919,85.15629023789789,83.8816128323333,84.87091827392578,6706707.0
2025-03-04T00:00:00,84.03381228117891,84.03381228117891,81.23712921142578,81.23712921142578,6964868.0
2025-03-05T00:00:00,81.80787408854826,83.23475561334851,81.80787408854826,82.89230346679688,4728303.0
2025-03-06T00:00:00,83.59623992436232,83.86259727134569,82.13130717468414,82.94938659667969,6419941.0
2025-03-07T00:00:00,81.9791036545359,82.94937993944092,81.37030142528275,82.58790588378906,5380538.0
2025-03-10T00:00:00,82.60692678160727,82.96840809039273,81.78885469263349,81.80787658691406,4702426.0
2025-03-11T00:00:00,81.48445485332266,81.48445485332266,78.78288860113875,79.06826782226562,6714744.0
2025-03-12T00:00:00,79.25851740376562,79.71512271532025,76.46182710704463,77.20381164550781,10098934.0
2025-03-13T00:00:00,77.165761754338,78.0409140856445,76.78525853192356,77.45113372802734,6286078.0
2025-03-14T00:00:00,77.39405351885914,79.4297372215422,77.12770346542317,79.29656219482422,5786750.0
2025-03-17T00:00:00,79.1063181725563,79.84829543196061,78.59263993354678,79.16339111328125,4368388.0
2025-03-18T00:00:00,79.4487660581027,79.56291920133462,78.57361373247714,79.39169311523438,7319930.0
2025-03-19T00:00:00,78.6116628434364,79.10631919442575,78.30726172647952,78.97313690185547,6670268.0
2025-03-20T00:00:00,79.60096039965926,80.51416366003365,79.27753016260273,80.20976257324219,7198131.0
2025-03-21T00:00:00,79.69609680527284,80.26684802481556,78.78289340250541,79.44876861572266,12514954.0
2025-03-24T00:00:00,79.37266625741411,80.03854140756229,78.72581300120096,79.71511840820312,3484573.0
2025-03-25T00:00:00,79.41072124277021,80.24782250984596,78.7448388020892,79.58194732666016,5572635.0
2025-03-26T00:00:00,79.901313607355,80.40457215483228,79.16579324366472,79.43677520751953,6896972.0
2025-03-27T00:00:00,79.20449812905171,79.20449812905171,76.6882275585004,76.84307861328125,7913536.0
2025-03-28T00:00:00,76.35918028348735,77.15277348144122,75.75914352066187,76.2430419921875,5601675.0
2025-03-31T00:00:00,75.50751421318232,75.93334723071385,74.84941199686298,75.178466796875,7536362.0
2025-04-01T00:00:00,75.97206285896479,76.88179438209977,75.70108088621096,76.63016510009766,5789577.0
2025-04-02T00:00:00,75.97205473658089,76.08819301978943,73.8235444913002,75.10103607177734,7253197.0
2025-04-03T00:00:00,73.20416218263703,74.05582085766737,71.05565172894387,71.67504119873047,10616677.0
2025-04-04T00:00:00,71.5201975955695,72.1008743011194,68.32646463948761,69.77816009521484,8248275.0
2025-04-07T00:00:00,64.84239708854174,70.41690971165077,63.816534661568305,66.81670379638672,16253098.0
2025-04-08T00:00:00,67.35866694456398,69.10070442618311,65.86825874000202,68.38453674316406,11529602.0
2025-04-09T00:00:00,65.53921054227946,66.1585999987031,64.1262278833315,65.55856323242188,8241550.0
2025-04-10T00:00:00,69.91364883433127,70.45562014131067,68.19097146360403,68.4232406616211,9096268.0
2025-04-11T00:00:00,69.29426086471642,69.52653006769737,66.95219399342113,68.38453674316406,6065788.0
2025-04-14T00:00:00,69.21683884726713,71.42342223049535,68.96521694114973,71.2298583984375,9172387.0
2025-04-15T00:00:00,77.73345002715708,78.85609802320418,74.98491025813918,76.84307861328125,18867593.0
2025-04-16T00:00:00,76.92050616568987,76.97857162090898,75.29460696621078,76.30110931396484,10428193.0
2025-04-17T00:00:00,75.50751601466342,76.06884002685547,74.86877385683152,76.06884002685547,6301829.0
2025-04-22T00:00:00,76.37853693564394,77.73345420294281,75.3526744855786,77.42375946044922,8598137.0
2025-04-23T00:00:00,78.39155776070223,79.20450370441249,76.84308402241705,77.61731719970703,9032283.0
2025-04-24T00:00:00,77.50118574362054,77.59796396714366,75.81721364275661,76.688232421875,6669360.0
2025-04-25T00:00:00,76.63016228054194,78.1205704595544,76.55273675297396,77.3076171875,6804083.0
2025-04-28T00:00:00,77.03663635253906,77.77216410779366,76.49467241903821,77.03663635253906,5338111.0
2025-04-29T00:00:00,77.42375403821082,78.19799453207474,77.05599386466295,77.71409606933594,7217406.0
2025-04-30T00:00:00,78.35283494162341,78.75930786132812,77.81087104868381,78.75930786132812,5788390.0
2025-05-02T00:00:00,79.35935088125443,79.97874034621661,78.12057195133006,78.33348846435547,6898131.0
2025-05-05T00:00:00,78.33348960128541,78.37220236637053,77.19148887424176,78.06250762939453,3739548.0
2025-05-06T00:00:00,78.1592848701532,78.33348861899928,76.95921131867809,77.73345184326172,6518502.0
2025-05-07T00:00:00,78.19799715060394,78.41090627902663,77.67538590730136,78.10121154785156,7796894.0
2025-05-08T00:00:00,78.64317741578971,78.91415936382772,77.86893694964884,78.39154815673828,5668327.0
2025-05-09T00:00:00,78.62382270567919,78.83673921757523,77.53989483959727,77.86894226074219,4388823.0
2025-05-12T00:00:00,78.73995864470093,80.21100672628005,78.31412563363914,80.07551574707031,7818821.0
2025-05-13T00:00:00,79.9593846184529,80.69490496534033,79.03030045630202,80.44328308105469,7537050.0
2025-05-14T00:00:00,80.09488045660437,80.40457519611037,78.85610149858039,79.22386169433594,7104328.0
2025-05-15T00:00:00,78.93351604978622,80.5787752777208,78.77867237893977,80.40457153320312,6236110.0
2025-05-16T00:00:00,80.3077921942987,81.25622904721106,80.3077921942987,80.67555236816406,5810574.0
2025-05-19T00:00:00,80.36585764709203,80.81104334715154,79.43677348387591,80.67555236816406,4511358.0
2025-05-20T00:00:00,80.71426407827445,82.16595944880564,80.3077911466148,82.0111083984375,5319473.0
2025-05-21T00:00:00,82.06918274380332,83.17247065500514,82.0111099069948,83.03697967529297,5775030.0
2025-05-22T00:00:00,82.66921648448091,82.70792924983085,81.91433601941942,82.18531799316406,4610189.0
2025-05-23T00:00:00,82.24338968520064,82.68857540495425,79.66904620314578,80.3271484375,4875032.0
2025-05-26T00:00:00,81.19816490721485,81.54657239701694,80.71426643623467,80.86911010742188,1665470.0
2025-05-27T00:00:00,80.92718336538873,81.83690747463956,80.73361954576801,81.33365631103516,4282187.0
2025-05-28T00:00:00,81.48849955958013,81.66270330448118,80.84975741741273,80.86911010742188,2745406.0
2025-05-30T00:00:00,79.90131712727346,79.97874265855847,78.48833440799483,78.8561019897461,12843371.0
2025-06-02T00:00:00,78.31412511938831,79.6109768337859,78.02379047314732,79.37870025634766,6218483.0
2025-06-03T00:00:00,79.37870180668766,79.80453482327013,79.0690070810926,79.572265625,5495130.0
2025-06-04T00:00:00,79.86259747307346,80.443281523919,79.70775380756457,80.24971771240234,5568778.0
2025-06-05T00:00:00,80.114224867824,80.84975256702496,79.72710463752328,80.191650390625,4322051.0
2025-06-09T00:00:00,79.9787410143224,80.65619593987617,79.41741699960362,79.49484252929688,3776802.0
2025-06-10T00:00:00,79.47548398254658,80.11422609618778,79.10771643545512,79.32063293457031,4378650.0
2025-06-11T00:00:00,79.55290814450792,79.82389749897867,78.87545321759339,78.89480590820312,5409973.0
2025-06-12T00:00:00,78.31413139751584,78.70125167390889,77.86894566396062,78.12057495117188,4691040.0
2025-06-13T00:00:00,76.92050609200022,77.71409930862234,76.86243325313187,77.13341522216797,6858153.0
2025-06-16T00:00:00,77.38504667443527,78.52704742152642,77.34633390867056,78.48833465576172,4695725.0
2025-06-17T00:00:00,77.71409263585048,78.0625001043258,77.11405591043092,77.46246337890625,4913292.0
2025-06-18T00:00:00,77.46246939517385,78.39155358869904,77.3656911761263,78.10121154785156,7045693.0
2025-06-19T00:00:00,77.96571869920656,78.31412618640638,77.53989306884374,78.04314422607422,7010001.0
2025-06-23T00:00:00,76.45596037282232,77.23020089969995,75.72043261065907,76.30110931396484,10492049.0
2025-06-24T00:00:00,77.81087737246105,78.19799763475288,77.4624698747689,77.73345184326172,5009512.0
2025-06-25T00:00:00,77.9076498307324,77.9076498307324,76.78500189147793,76.9592056274414,4658069.0
2025-06-26T00:00:00,76.93986145778925,77.40440726636464,76.41725019203135,77.05599975585938,4982692.0
2025-06-27T00:00:00,77.65602220993438,78.21734619140625,77.46246578087037,78.21734619140625,4345578.0
2025-06-30T00:00:00,78.39155391928792,78.54640497738089,77.48182241225383,78.33348846435547,4269830.0
2025-07-01T00:00:00,78.15928182261432,78.77867126464844,77.26890303894879,78.77867126464844,5908798.0
2025-07-02T00:00:00,79.30128014631,79.30128014631,78.41090138896803,79.08836364746094,3500216.0
2025-07-03T00:00:00,79.20449409270753,79.68839253868069,78.68189026871633,79.45612335205078,2803348.0
2025-07-04T00:00:00,79.3593469118926,79.49483788909458,78.95287398028661,79.28192138671875,1676262.0
2025-07-07T00:00:00,79.28192844433046,79.70776148698945,78.79802994447438,79.41741943359375,2354576.0
2025-07-08T00:00:00,79.24321567829736,79.68840141212034,78.72060441240818,79.41741943359375,3776395.0
2025-07-09T00:00:00,79.16579584864759,79.3593522909973,75.56558990478516,75.56558990478516,8828352.0
2025-07-10T00:00:00,75.60429967327691,76.78500573873859,75.15911396655437,75.77850341796875,6893328.0
2025-07-11T00:00:00,75.46880996916343,75.77850470011052,74.6171439212803,74.90748596191406,7365945.0
2025-07-14T00:00:00,74.57842905177576,75.52687329186286,74.40422530905383,74.84941101074219,6169923.0
2025-07-15T00:00:00,72.5267023024448,73.70741570596701,68.73293282956091,69.10070037841797,30895278.0
2025-07-16T00:00:00,68.11354812458816,71.44277206584154,67.99741721370113,69.77816009521484,21977511.0
2025-07-17T00:00:00,70.1652807686494,70.53304096144095,69.42975299936133,70.24270629882812,9617517.0
2025-07-18T00:00:00,70.39754940684448,70.82338243568289,69.64266895296177,70.3781967163086,8080202.0
2025-07-21T00:00:00,70.64917515492255,70.86209165869998,69.19747977502688,69.89429473876953,6851658.0
2025-07-22T00:00:00,69.85558659807886,70.53304153337368,69.60395731481006,70.10721588134766,4768309.0
2025-07-23T00:00:00,70.10721466446789,70.33948386915095,69.56524334193423,70.14592742919922,7701279.0
2025-07-24T00:00:00,70.90080432611103,70.9201570156536,69.66202545166016,69.66202545166016,7005808.0
2025-07-25T00:00:00,69.44911340013677,69.77816082938531,68.69423293660891,69.04263305664062,5939086.0
2025-07-28T00:00:00,69.87494183744474,70.04914559626063,69.10070865225597,69.1974868774414,4982552.0
2025-07-29T00:00:00,69.21682810925802,71.8105239868164,68.8297152726078,71.8105239868164,3679749.0
2025-07-30T00:00:00,69.5458854184696,69.81686736749405,68.01676455331234,68.17161560058594,4947785.0
2025-07-31T00:00:00,68.52002918474057,69.29426233905157,68.24903982784149,69.04263305664062,7096549.0
2025-08-01T00:00:00,68.32646104372387,68.63615576263275,67.64900615351834,67.9974136352539,4596356.0
2025-08-04T00:00:00,69.15876812593086,69.81687033742995,68.46195315096658,69.6233139038086,5145429.0
2025-08-05T00:00:00,69.72009764816895,69.87494133060142,69.39104282447896,69.56524658203125,2588269.0
2025-08-06T00:00:00,69.79751878036585,69.91364968894162,69.13941655818574,69.35233306884766,3662408.0
2025-08-07T00:00:00,69.00392967370937,70.22334858840216,69.00392967370937,69.93301391601562,3227413.0
2025-08-08T00:00:00,70.01042970829192,70.32013182900685,69.89429879672878,70.24270629882812,2781050.0
2025-08-11T00:00:00,70.93952073001289,71.44277190469974,70.16528020188939,70.3781967163086,2737105.0
2025-08-12T00:00:00,70.35883954174591,71.01694180266159,70.24270862633475,70.99758911132812,3510635.0
2025-08-13T00:00:00,71.13308196788088,71.24922027004402,70.552405224476,71.05565643310547,3608054.0
2025-08-14T00:00:00,71.03629854669548,71.38470604400199,70.86209479804221,70.97822570800781,2755453.0
2025-08-15T00:00:00,71.32663636850631,72.15894238412687,71.30728367722207,71.59762573242188,5190677.0
2025-08-18T00:00:00,71.96537782117838,72.00409058308654,70.74595166403692,71.13307189941406,2991767.0
2025-08-19T00:00:00,71.61697219443413,72.3718526118476,71.32663016448839,72.02344512939453,4011836.0
2025-08-20T00:00:00,71.71375550475581,72.0621630119615,71.5201990601771,71.86860656738281,2788276.0
2025-08-21T00:00:00,71.71375396355525,71.7911794932048,71.34599377327723,71.67504119873047,2960062.0
2025-08-22T00:00:00,71.82988756237778,73.62999039867684,71.79117480008374,73.1267318725586,5250831.0
2025-08-25T00:00:00,73.18480747581616,73.80419692853842,72.8363999856968,73.28158569335938,3281089.0
2025-08-26T00:00:00,73.59128205526527,74.34616250606597,73.14609633770857,73.7074203491211,7157146.0
2025-08-27T00:00:00,72.83639877781486,73.84290846772325,72.68154772534992,73.32029724121094,5020668.0
2025-08-28T00:00:00,73.55256788784243,73.90097537906017,72.7976874514389,72.913818359375,3743880.0
2025-08-29T00:00:00,72.75897614694766,73.049318190021,72.21701220916265,72.87511444091797,4131501.0
2025-09-01T00:00:00,72.66219995853085,72.97189470073806,72.1202286218894,72.33314514160156,1996637.0
2025-09-02T00:00:00,72.10087069067804,72.29442712160072,71.1911392211914,71.1911392211914,4623616.0
2025-09-03T00:00:00,71.50084134231844,72.42992559758991,71.42342319215814,71.55891418457031,4035457.0
2025-09-04T00:00:00,72.58476917393111,73.55256609625019,71.96537973434326,73.08802032470703,5281796.0
2025-09-05T00:00:00,73.08802088669668,73.57191935157702,72.46863144234622,72.95252990722656,6118174.0
2025-09-08T00:00:00,73.1654473666983,73.33965111167373,72.13958497056787,72.21701049804688,4742714.0
2025-09-09T00:00:00,72.08152130642712,73.14609649272799,72.08152130642712,73.10738372802734,6093762.0
2025-09-10T00:00:00,73.32030195788167,73.41708018004569,72.50734864755286,72.70091247558594,3968183.0
2025-09-11T00:00:00,72.58477206954397,72.93317956617418,72.27507733739544,72.64283752441406,3141128.0
2025-09-12T00:00:00,72.85575164101083,72.95252985717957,71.7911764957453,71.88795471191406,3694483.0
2025-09-15T00:00:00,71.81053031232787,72.02344682146291,71.22985362249892,71.61697387695312,4006537.0
2025-09-16T00:00:00,71.42342165692158,71.57826533761916,70.18463529281517,71.36534881591797,5014606.0
2025-09-17T00:00:00,71.36534117197309,72.54605456860962,71.26856295893987,72.19764709472656,7338820.0
2025-09-18T00:00:00,72.64284188261821,73.61063890160841,72.33314713188958,73.22352600097656,4168234.0
2025-09-19T00:00:00,73.35901591934659,74.24938739169792,73.1073866306542,73.72677612304688,10843252.0
2025-09-22T00:00:00,73.93968565100795,74.23002029476798,73.49449995694565,73.82354736328125,4427276.0
2025-09-23T00:00:00,74.34616125063101,76.04948594656253,74.34616125063101,75.64301300048828,7069600.0
2025-09-24T00:00:00,75.48816200293214,75.79785673118572,74.63650334616098,74.81070709228516,4386486.0
2025-09-25T00:00:00,75.1978249367181,75.39138876949004,74.40423168161634,74.88813018798828,6258793.0
2025-09-26T00:00:00,74.92756641271815,75.36135999364215,74.47405836072322,74.94728088378906,4791634.0
2025-09-29T00:00:00,74.9275653215719,75.7162795441777,74.86841438748417,75.26276397705078,3389600.0
2025-09-30T00:00:00,75.71628204381531,76.89934589504446,75.32192491949341,76.7416000366211,8510811.0
2025-10-01T00:00:00,76.48527175620512,77.49087524414062,76.40639882961591,77.49087524414062,6201421.0
2025-10-02T00:00:00,77.45143901917967,78.14156584635454,77.13595483358829,77.43172454833984,4434968.0
2025-10-03T00:00:00,77.80635967593916,77.84579613935905,77.09651837785376,77.41200256347656,3164922.0
2025-10-06T00:00:00,77.51059470884324,79.48237267885135,77.51059470884324,78.24015045166016,6919974.0
2025-10-07T00:00:00,78.24015129916297,78.79224672979005,77.98381805419922,77.98381805419922,3210843.0
2025-10-08T00:00:00,78.18100396431659,79.83729785415761,78.08240904282198,79.1668930053711,6287707.0
2025-10-09T00:00:00,80.09362015429059,80.36966787046946,77.70777058247486,77.90494537353516,4989639.0
2025-10-10T00:00:00,78.16127776392749,80.23164313434758,77.94438098309315,78.18099975585938,7056060.0
2025-10-13T00:00:00,77.98382221100323,78.22043347649328,76.58386156772697,76.8007583618164,7389601.0
2025-10-14T00:00:00,84.68786856003504,90.76094102897706,83.54423368319185,90.64263916015625,37318918.0
2025-10-15T00:00:00,92.00315909094445,92.51581804974478,89.16380154321406,89.6173095703125,17202036.0
2025-10-16T00:00:00,90.2088431517197,90.48489086717615,89.04549383534174,89.1243667602539,8611593.0
2025-10-17T00:00:00,88.25678253173828,88.90747290105533,87.76383801743253,88.25678253173828,7173768.0
2025-10-20T00:00:00,88.53283936366665,88.84832355760332,87.68497418213624,87.822998046875,6407289.0
2025-10-21T00:00:00,88.19762822839668,89.4792869253351,87.9412949846618,89.24266815185547,4491180.0
2025-10-22T00:00:00,88.73001305616387,89.10464818124257,87.80327495728828,88.13848114013672,7637183.0
2025-10-23T00:00:00,89.32154374040067,89.55815499920126,87.7441228121696,88.49340057373047,7752452.0
2025-10-24T00:00:00,88.29622008677715,88.47368041498997,86.73852111883842,87.96102142333984,7349347.0
2025-10-27T00:00:00,88.2370686630135,88.69057671666197,87.4877908900682,88.09904479980469,4399013.0
2025-10-28T00:00:00,87.74412421614552,91.09614844335678,87.38920356139748,90.26799774169922,12745784.0
2025-10-29T00:00:00,91.096144112421,95.39462070735472,90.70178701236784,93.77776336669922,21503508.0
2025-10-30T00:00:00,93.65945699686117,95.33546532389995,92.9890521616984,95.0988540649414,6476987.0
2025-10-31T00:00:00,94.80309418090037,95.31575317475398,94.44817352294922,94.44817352294922,4100509.0
2025-11-03T00:00:00,95.13828715402697,97.16921605833875,94.90167590346056,96.10446166992188,8675566.0
2025-11-04T00:00:00,95.39462083135456,95.57208115052235,93.62001763967663,93.73832702636719,4878361.0
2025-11-05T00:00:00,93.14679914174302,93.22566454785856,91.74683099844843,92.55525970458984,5073962.0
2025-11-06T00:00:00,92.29893335672746,93.36368778868909,92.0228781110849,92.75244140625,4702011.0
2025-11-07T00:00:00,92.75243897712569,93.06792315643281,90.89896284217726,91.21444702148438,4984236.0
2025-11-10T00:00:00,91.62852671883559,91.76655057807865,90.82009803395356,91.05670928955078,4208193.0
2025-11-11T00:00:00,92.10175165204578,92.67356909636776,91.82570392630038,92.55525970458984,4791752.0
2025-11-12T00:00:00,92.55525739741189,93.63974132400155,92.23977321560477,93.2453842163086,4990717.0
2025-11-13T00:00:00,93.52143438329307,93.81720410223923,92.33837055098127,92.5355453491211,6146550.0
2025-11-14T00:00:00,91.70739006788197,91.8651359159028,90.50461182453539,91.64823913574219,4005510.0
2025-11-17T00:00:00,91.3919081877315,91.58909050270728,90.56376503004194,90.97783660888672,4181738.0
2025-11-18T00:00:00,90.54404192411653,90.66235131164694,88.76944624157686,89.08493041992188,5307069.0
2025-11-19T00:00:00,89.04549590210881,89.95251199444237,88.07932135384999,88.51311492919922,5993391.0
2025-11-20T00:00:00,89.49900114419007,90.52432659451348,88.9863421798964,89.34126281738281,3852822.0
2025-11-21T00:00:00,88.13847884794211,89.18351878980319,87.62581235144467,88.7891616821289,3893068.0
2025-11-24T00:00:00,89.24266911589794,89.40041496658841,88.03989085219582,88.96662139892578,12581214.0
2025-11-25T00:00:00,88.96661912098442,90.07081748233684,88.76944433440605,89.63702392578125,3981198.0
2025-11-26T00:00:00,90.11026038221112,90.26799871839675,89.0454984064463,89.99195098876953,4212552.0
2025-11-27T00:00:00,89.7356172362013,90.34687114967765,89.32154564404142,90.14969635009766,2442298.0
2025-11-28T00:00:00,89.71590398690304,89.95251525396907,89.40041979023614,89.7947769165039,5203596.0
2025-12-01T00:00:00,89.55815751659004,90.26799883468101,89.40041918020121,89.97223663330078,4082694.0
2025-12-02T00:00:00,89.77505431064411,90.38630822827501,89.32154625113856,89.97223663330078,4088595.0
2025-12-03T00:00:00,89.9327951972567,89.9327951972567,89.18351745605469,89.18351745605469,4791678.0
2025-12-04T00:00:00,89.51872350274873,89.853922149672,88.92718409002471,89.22295379638672,4452567.0
2025-12-05T00:00:00,89.32154215672702,89.51872447034505,88.61170087117448,88.94690704345703,3537886.0
2025-12-08T00:00:00,88.82859718171457,89.36097814304071,88.35537467502654,89.0652084350586,3304655.0
2025-12-09T00:00:00,89.32153987517128,89.59758758544922,88.78915892460557,89.59758758544922,4034827.0
2025-12-10T00:00:00,89.61731370473423,89.77505203712839,88.03989277211099,88.4145278930664,4372622.0
2025-12-11T00:00:00,87.9807320420177,89.71589878392479,87.64553339325836,89.0652084350586,4850863.0
2025-12-12T00:00:00,89.06521270369755,89.14408563250441,87.86243438720703,87.86243438720703,4295443.0
2025-12-15T00:00:00,88.02017199539526,88.59198944191293,87.76383873976037,88.05960845947266,4566075.0
2025-12-16T00:00:00,88.33565521240234,89.22295684002053,88.17791687956819,88.33565521240234,4273409.0
2025-12-17T00:00:00,88.88775818166273,89.32154423825892,88.13848041592556,88.33565521240234,4435781.0
2025-12-18T00:00:00,88.33565351157739,89.40041544421817,87.94129640448048,88.84832000732422,4295161.0
2025-12-19T00:00:00,88.84831893028742,89.26239050293842,88.63142214792657,89.14408111572266,8433509.0
2025-12-22T00:00:00,89.12436651622177,89.47928715561856,88.80888233917308,89.20323944091797,2900764.0
2025-12-23T00:00:00,89.16380541622217,89.16380541622217,88.47367858886719,88.47367858886719,2714481.0
2025-12-29T00:00:00,87.86243125047417,88.74972534179688,87.33005028263882,88.74972534179688,5569830.0
2025-12-30T00:00:00,88.73000894390736,89.55815208361719,88.39481029833034,89.32154083251953,4545423.0
2026-01-02T00:00:00,89.32154101920065,89.34126301117938,86.46246144290765,87.05400085449219,6042132.0
2026-01-05T00:00:00,87.05400398411966,88.41452813185614,86.856821665924,88.35537719726562,3424692.0
2026-01-07T00:00:00,89.22295885888204,90.68207795972947,87.34976816302229,89.9525146484375,11837081.0
2026-01-08T00:00:00,89.51872697231379,89.53844144335851,85.79206011900588,86.00895690917969,11251218.0
2026-01-09T00:00:00,85.57517194466438,86.3638786660554,85.0822274231438,85.69347381591797,8466762.0
2026-01-12T00:00:00,85.4765779908916,85.89065711017754,84.78645866164261,85.43714904785156,5078213.0
2026-01-13T00:00:00,85.57517169723849,86.00895776014157,85.43714783335072,85.77234649658203,5188047.0
2026-01-14T00:00:00,85.98924365377945,86.69908496920658,85.27940233835231,85.67375946044922,6275369.0
2026-01-15T00:00:00,86.06811175071766,87.29061199102456,85.8709294398707,87.07371520996094,9557228.0
2026-01-16T00:00:00,86.99484495950405,86.99484495950405,85.43714602548383,86.28500366210938,12469607.0
2026-01-19T00:00:00,85.18081616040172,85.77234809116588,84.33295096833632,85.31884002685547,5524500.0
2026-01-20T00:00:00,84.82588827395608,85.3977056844189,83.36676928203993,85.20052337646484,7210793.0
2026-01-21T00:00:00,85.20053075650988,85.3977130815438,83.46537142663097,85.27940368652344,7298899.0
2026-01-22T00:00:00,85.77234297304115,86.22585101029027,84.25407301091,84.5695571899414,8659428.0
2026-01-23T00:00:00,92.14118510121956,94.92139178227602,91.05670870481555,93.4622802734375,27616771.0
2026-01-26T00:00:00,93.02848562877182,95.0594145397019,91.29331890157955,93.77776336669922,12355756.0
2026-01-27T00:00:00,94.44817025858598,97.60301208496094,94.09324961290177,97.60301208496094,12859405.0
2026-01-28T00:00:00,97.30724101319302,97.40583593030014,94.56647080450416,95.78897857666016,8499738.0
2026-01-29T00:00:00,95.6706723638976,96.34107720509759,94.5270374787826,94.84252166748047,9172333.0
2026-01-30T00:00:00,95.29603576660156,95.90728214177399,94.369297685874,95.29603576660156,6371237.0
2026-02-02T00:00:00,95.03970382008926,97.48470439778247,94.50732284226824,97.11006927490234,6856074.0
2026-02-03T00:00:00,97.11006746489974,98.05652001169548,96.9720436052672,97.62272644042969,7412561.0
2026-02-04T00:00:00,97.83962080788523,99.8705572326494,97.50442216327266,98.35228729248047,9546902.0
2026-02-05T00:00:00,97.48470124650912,98.17482805696213,96.14389160979961,98.03680419921875,7602990.0
2026-02-06T00:00:00,97.95793007280476,99.27901770121233,97.72131882268053,98.3917236328125,5140030.0
2026-02-09T00:00:00,99.08184384536032,99.42690348873327,98.63819680698599,99.22972869873047,4219497.0
2026-02-10T00:00:00,99.57479229807302,99.9198519551547,99.13114524207319,99.18043518066406,6811400.0
2026-02-11T00:00:00,98.73678705751509,98.73678705751509,96.85373541506418,97.28752899169922,10917032.0
2026-02-12T00:00:00,97.60301048696418,97.60301048696418,95.41433571499084,95.82840728759766,8863364.0
2026-02-13T00:00:00,96.12418049123008,97.1495059857449,95.78898183123258,97.03119659423828,5651089.0
2026-02-16T00:00:00,97.40583935585836,98.13539513334405,97.01148223876953,97.01148223876953,4228686.0
2026-02-17T00:00:00,97.20865199226904,98.73678292104209,97.01147720482426,98.47058868408203,8001617.0
2026-02-18T00:00:00,99.0325453157182,100.01843429853962,98.88466798568379,99.5254898071289,6332005.0
2026-02-19T00:00:00,99.9691496894033,100.90574126429652,99.57479257091377,100.21562194824219,5839321.0
2026-02-20T00:00:00,100.16632314914516,101.349394488803,99.77196603592587,100.60997772216797,4877594.0
2026-02-23T00:00:00,100.06773211648334,100.560676609668,99.18043052440377,99.4269027709961,5441091.0
2026-02-24T00:00:00,99.08184267525412,99.2790174629284,97.14950117344954,98.45087432861328,7799544.0
2026-02-25T00:00:00,98.19454189210323,99.67337537698954,97.87905771619693,99.32831573486328,5012098.0
2026-02-26T00:00:00,99.42690405148159,100.65926530031436,99.08184440615562,100.16632080078125,5538912.0
2026-02-27T00:00:00,100.16632229809325,103.56764390875723,100.06773490106015,103.07469940185547,11281271.0
2026-03-02T00:00:00,100.95503651783059,103.81411616220812,99.42690553774058,103.07469940185547,7188601.0
2026-03-03T00:00:00,102.5324551266346,102.5324551266346,100.31420489552953,101.49726867675781,7240197.0
2026-03-04T00:00:00,102.18739635936547,104.06058696380468,101.84233671369574,103.46904754638672,8293592.0
2026-03-05T00:00:00,103.02540091844081,104.01128992244503,101.39868255748662,102.23668670654297,7443425.0
2026-03-06T00:00:00,102.28598659478345,102.92681596695346,100.65926819519383,101.54656982421875,5269247.0
2026-03-09T00:00:00,98.33256790861135,101.20150854273403,98.095956651919,100.9057388305664,6452444.0
2026-03-10T00:00:00,102.2859857927292,105.44082764703934,102.03951353780697,102.87751770019531,16958922.0
2026-03-11T00:00:00,103.22257595715875,104.75070692571066,102.58175412041395,104.40564727783203,7595439.0
2026-03-12T00:00:00,104.94788256368226,106.72248579811915,104.45493805653159,106.37742614746094,8089330.0
2026-03-13T00:00:00,106.96895563492969,111.01109899789317,105.8844792480472,107.06754302978516,9106564.0
2026-03-16T00:00:00,107.06754803459049,110.32098486905389,106.67319091499849,110.02521514892578,8026578.0
2026-03-17T00:00:00,109.82803998764273,110.86321896120286,108.54638123363144,110.1238021850586,8112321.0
2026-03-18T00:00:00,109.82803615971399,110.27168320124318,107.51119851289324,107.90554809570312,6316792.0
2026-03-19T00:00:00,106.47601587312658,107.06754779029667,104.94788485884547,105.68730163574219,5888072.0
2026-03-20T00:00:00,106.42671449495612,106.96895645341442,103.91270205909267,104.60282135009766,11809140.0
2026-03-23T00:00:00,101.39868155261436,105.24365013447398,100.56067741186273,103.66622924804688,6995723.0
2026-03-24T00:00:00,103.66623301967074,105.88448333740234,103.46905070060834,105.88448333740234,5611480.0
2026-03-25T00:00:00,106.47601053361302,107.60978437234593,106.377423139318,107.26472473144531,6181542.0
2026-03-26T00:00:00,107.06754796833533,108.25061932637921,106.18024633023653,107.85626220703125,6255761.0
2026-03-27T00:00:00,104.50423431396484,105.6380081717183,102.92681341357299,104.50423431396484,6079480.0
2026-03-30T00:00:00,104.40565112090961,106.96896112745053,103.81411919966732,105.49012756347656,6592986.0
2026-03-31T00:00:00,105.2929475486678,106.27883654248778,104.25776109646239,104.80000305175781,8488892.0
2026-04-01T00:00:00,107.0,108.4000015258789,106.55000305175781,108.30000305175781,8003586.0
2026-04-02T00:00:00,107.0,107.80000305175781,106.4000015258789,107.80000305175781,3263153.0
2026-04-07T00:00:00,110.5,110.94999694824219,108.19999694824219,109.0,6140047.0
2026-04-08T00:00:00,110.5999984741211,112.25,109.25,110.94999694824219,9678704.0
2026-04-09T00:00:00,110.25,111.8499984741211,110.0999984741211,111.0999984741211,7684973.0
2026-04-10T00:00:00,108.6500015258789,111.75,108.4000015258789,110.94999694824219,8430979.0
2026-04-13T00:00:00,110.5,111.19999694824219,108.8499984741211,110.69999694824219,7415137.0
2026-04-14T00:00:00,111.0,111.19999694824219,109.30000305175781,110.25,7023563.0
2026-04-15T00:00:00,110.69999694824219,111.19999694824219,108.0,108.25,7448346.0
2026-04-16T00:00:00,109.5999984741211,110.5999984741211,108.30000305175781,110.25,8388392.0
2026-04-17T00:00:00,106.25,112.30000305175781,103.6500015258789,105.69999694824219,35901381.0
2026-04-20T00:00:00,103.3499984741211,109.1500015258789,102.9000015258789,108.3499984741211,13870316.0
2026-04-21T00:00:00,108.30000305175781,110.05000305175781,106.9000015258789,108.44999694824219,8821582.0
2026-04-22T00:00:00,108.44999694824219,108.69999694824219,106.6500015258789,107.0999984741211,7216286.0
2026-04-23T00:00:00,107.0999984741211,107.5999984741211,105.6500015258789,105.6500015258789,11032941.0
2026-04-24T00:00:00,104.3499984741211,105.3499984741211,103.75,104.5,8894806.0
2026-04-27T00:00:00,104.69999694824219,106.4000015258789,104.0,104.0,5872928.0
2026-04-28T00:00:00,102.8499984741211,104.9000015258789,102.1500015258789,104.6500015258789,6722778.0
2026-04-29T00:00:00,106.0,106.94999694824219,105.19999694824219,106.5,7340412.0
2026-04-30T00:00:00,106.55000305175781,108.9000015258789,105.75,108.3499984741211,6413199.0
2026-05-04T00:00:00,110.4000015258789,110.69999694824219,107.05000305175781,109.0999984741211,6948843.0
2026-05-05T00:00:00,108.94999694824219,112.5,108.55000305175781,110.4000015258789,8768751.0
2026-05-06T00:00:00,111.1500015258789,112.25,110.44999694824219,111.0999984741211,6135911.0
2026-05-07T00:00:00,111.80000305175781,111.9000015258789,109.44999694824219,109.44999694824219,7880203.0
2026-05-08T00:00:00,109.8499984741211,110.25,107.80000305175781,109.5999984741211,7191581.0
2026-05-11T00:00:00,110.0,114.6500015258789,109.55000305175781,114.6500015258789,9325997.0
2026-05-12T00:00:00,114.30000305175781,117.3499984741211,113.8499984741211,114.30000305175781,12582467.0
2026-05-13T00:00:00,114.80000305175781,118.0,113.8499984741211,118.0,7224846.0
2026-05-15T00:00:00,120.69999694824219,120.9000015258789,117.3499984741211,118.05000305175781,11257739.0
2026-05-18T00:00:00,117.5,120.80000305175781,117.19999694824219,119.94999694824219,8471509.0
2026-05-19T00:00:00,120.0,120.5,118.05000305175781,119.55000305175781,7881702.0
2026-05-20T00:00:00,120.1500015258789,121.9000015258789,119.69999694824219,120.19999694824219,8343103.0
2026-05-21T00:00:00,120.6500015258789,123.44999694824219,119.75,123.30000305175781,8692375.0
2026-05-22T00:00:00,124.0,127.30000305175781,123.80000305175781,125.8499984741211,9485778.0
2026-05-25T00:00:00,127.0,127.44999694824219,125.30000305175781,125.9000015258789,3479239.0
2026-05-26T00:00:00,125.9000015258789,127.3499984741211,125.0999984741211,126.8499984741211,5590793.0
2026-05-27T00:00:00,126.19999694824219,126.94999694824219,120.5999984741211,121.25,10032144.0
2026-05-28T00:00:00,120.9000015258789,121.3499984741211,118.5,119.0,7414489.0
2026-05-29T00:00:00,118.1500015258789,120.30000305175781,117.4000015258789,120.0999984741211,16424792.0
2026-06-01T00:00:00,121.69999694824219,123.25,120.8499984741211,122.69999694824219,6928428.0
2026-06-02T00:00:00,123.94999694824219,127.6500015258789,123.30000305175781,127.3499984741211,8560895.0
2026-06-03T00:00:00,127.9000015258789,128.4499969482422,125.55000305175781,127.0,8741271.0
2026-06-04T00:00:00,123.44999694824219,124.44999694824219,121.9000015258789,124.19999694824219,6530834.0
2026-06-05T00:00:00,124.19999694824219,124.25,120.8499984741211,121.0,7095573.0
2026-06-08T00:00:00,117.05000305175781,120.05000305175781,116.25,118.9000015258789,6579520.0
2026-06-09T00:00:00,119.05000305175781,119.0999984741211,111.19999694824219,111.44999694824219,18929440.0
2026-06-10T00:00:00,111.55000305175781,112.94999694824219,111.19999694824219,111.4000015258789,5119573.0
2026-06-11T00:00:00,110.94999694824219,114.0999984741211,110.5999984741211,113.0999984741211,5738355.0
2026-06-12T00:00:00,115.05000305175781,116.5999984741211,113.9000015258789,116.5999984741211,7268423.0
2026-06-15T00:00:00,118.0,118.19999694824219,113.69999694824219,114.55000305175781,7873649.0
2026-06-16T00:00:00,115.0,116.1500015258789,109.44999694824219,109.75,13654683.0
2026-06-17T00:00:00,110.4000015258789,111.55000305175781,109.55000305175781,109.6500015258789,8658032.0
2026-06-18T00:00:00,110.19999694824219,111.05000305175781,109.19999694824219,109.94999694824219,10010194.0
2026-06-22T00:00:00,110.0,112.05000305175781,109.1500015258789,111.94999694824219,9142240.0
2026-06-23T00:00:00,111.5,112.75,110.8499984741211,112.0,9676209.0
2026-06-24T00:00:00,111.6500015258789,111.94999694824219,108.80000305175781,109.0999984741211,8408019.0
2026-06-25T00:00:00,110.30000305175781,111.0,107.4000015258789,108.44999694824219,8390656.0
2026-06-26T00:00:00,107.80000305175781,108.0999984741211,105.8499984741211,106.6500015258789,10523708.0
2026-06-29T00:00:00,107.25,108.05000305175781,106.0999984741211,107.9000015258789,7576726.0
2026-06-30T00:00:00,109.0,109.4000015258789,108.0,108.1500015258789,6435830.0
2026-07-01T00:00:00,107.5999984741211,107.80000305175781,105.3499984741211,106.3499984741211,7934148.0
2026-07-02T00:00:00,105.3499984741211,107.4000015258789,105.25,105.80000305175781,7832591.0
2026-07-03T00:00:00,105.80000305175781,107.05000305175781,105.25,106.44999694824219,3987846.0
2026-07-06T00:00:00,106.5999984741211,108.25,106.0999984741211,106.25,7954739.0
2026-07-07T00:00:00,105.55000305175781,107.25,104.69999694824219,105.55000305175781,8662421.0
2026-07-08T00:00:00,105.3499984741211,105.5,103.4000015258789,105.30000305175781,10792172.0
2026-07-09T00:00:00,107.0999984741211,112.4000015258789,106.75,112.3499984741211,12113687.0
2026-07-10T00:00:00,111.94999694824219,112.4000015258789,109.25,110.19999694824219,7889697.0
2026-07-13T00:00:00,109.6500015258789,112.9000015258789,109.4000015258789,112.75,12361635.0
2026-07-14T00:00:00,104.0,105.4000015258789,98.54000091552734,98.54000091552734,42774507.0
2026-07-15T00:00:00,98.19999694824219,100.25,97.08000183105469,97.30000305175781,15577019.0
2026-07-16T00:00:00,97.4800033569336,98.36000061035156,95.63999938964844,95.83999633789062,12508787.0
2026-07-17T00:00:00,95.5,96.55999755859375,94.77999877929688,95.26000213623047,10810630.0
2026-07-20T00:00:00,95.54000091552734,95.80000305175781,93.80000305175781,93.80000305175781,12084495.0
2026-07-21T00:00:00,94.5999984741211,94.5999984741211,92.77999877929688,92.80000305175781,14519580.0
2026-07-22T00:00:00,93.0,93.13999938964844,91.76000213623047,92.9800033569336,11067469.0
2026-07-23T00:00:00,93.5999984741211,94.05999755859375,91.05999755859375,91.5,11019349.0
2026-07-24T00:00:00,91.0,91.80000305175781,90.55999755859375,91.5199966430664,9564291.0
2026-07-27T00:00:00,91.87999725341797,94.0999984741211,91.44000244140625,93.36000061035156,9031910.0
2026-07-28T00:00:00,93.83999633789062,95.63999938964844,93.5,95.63999938964844,11826680.0
2026-07-29T00:00:00,97.0,97.19999694824219,95.30000305175781,96.23999786376953,8912686.0
2026-07-30T00:00:00,95.9000015258789,95.9800033569336,93.16000366210938,93.26000213623047,10461766.0
2026-08-03T00:00:00,93.83999633789062,96.55999755859375,93.83999633789062,96.19999694824219,7515971.0
2026-08-04T00:00:00,97.19999694824219,98.5,96.62000274658203,98.5,9598970.0
2026-08-05T00:00:00,98.16000366210938,98.54000091552734,96.05999755859375,96.33999633789062,8466480.0
2026-08-06T00:00:00,95.9000015258789,97.4000015258789,95.4800033569336,97.18000030517578,6825634.0
2026-08-07T00:00:00,97.12000274658203,97.54000091552734,95.86000061035156,96.69999694824219,7654379.0
2026-08-10T00:00:00,96.72000122070312,97.33999633789062,95.4800033569336,95.62000274658203,7253178.0
2026-08-11T00:00:00,95.4000015258789,95.55999755859375,94.87999725341797,95.19999694824219,2061622.0
