timestamp,open,high,low,close,volume
2018-01-02T00:00:00,117.75736753660019,118.57840763765408,116.69974702159368,117.53470611572266,6896756.0
2018-01-03T00:00:00,117.93829100375214,119.67779382091662,116.40753064806391,116.92241668701172,6101081.0
2018-01-04T00:00:00,116.92242492658428,117.18683277089266,114.45929343541782,115.07160186767578,9124479.0
2018-01-05T00:00:00,114.45929443881282,114.64019892398247,111.88483218883371,113.34600830078125,6476815.0
2018-01-08T00:00:00,112.71977372898009,115.50297801858454,112.6223620035272,113.45732116699219,7094767.0
2018-01-09T00:00:00,112.37187159956474,112.441455952651,110.56278459013848,111.13334655761719,10208672.0
2018-01-10T00:00:00,111.13334499037595,111.88481140136719,110.71586011190921,111.88481140136719,6952678.0
2018-01-11T00:00:00,112.05179596127681,112.16312667692011,109.89481908536534,110.89677429199219,7219872.0
2018-01-12T00:00:00,110.89680731869798,111.57868957519531,110.31232619604428,111.57868957519531,6620635.0
2018-01-15T00:00:00,111.32816895675306,112.12138173588667,111.04985278119379,111.63432312011719,5389223.0
2018-01-16T00:00:00,111.57866761033047,111.99615252760115,111.2446860467634,111.42559051513672,3721326.0
2018-01-17T00:00:00,110.79937685005906,111.1194394274319,108.36407287117383,109.46343994140625,7261531.0
2018-01-18T00:00:00,109.58867998748374,110.67412807148366,108.85113247487267,109.32427215576172,6470536.0
2018-01-19T00:00:00,109.32425881737319,110.15922858050004,109.03202364711142,109.79740905761719,5561698.0
2018-01-22T00:00:00,109.825256011188,110.07574486137403,108.54498438449654,108.93463134765625,5267941.0
2018-01-23T00:00:00,108.93461540714313,110.2288058408768,108.92069641275751,109.53300476074219,5059549.0
2018-01-24T00:00:00,109.9226477745379,110.38187901926507,109.44950815299947,109.71390533447266,4344664.0
2018-01-25T00:00:00,109.61650176719792,110.27055650676131,109.03203138519409,109.44951629638672,5123969.0
2018-01-26T00:00:00,109.81133824928749,109.97832372375487,108.89287567138672,108.89287567138672,4305045.0
2018-01-29T00:00:00,109.1711961726334,110.06182079514005,108.96246432132949,109.61650848388672,5053693.0
2018-01-30T00:00:00,109.5886765854343,110.28447770661165,108.19707434307958,108.44756317138672,6589102.0
2018-01-31T00:00:00,111.32817172894767,111.41166446027819,96.79984192085381,96.95291900634766,39958907.0
2018-02-01T00:00:00,96.45195100705958,97.69047619174329,94.8376978768209,97.07817840576172,13441105.0
2018-02-02T00:00:00,97.2034186423553,99.90313050489843,96.50761749156239,98.95684051513672,10343128.0
2018-02-05T00:00:00,98.6785351893207,100.11188401936899,97.64874172822545,97.80181884765625,10518217.0
2018-02-06T00:00:00,95.3247505888192,96.66068742521118,94.1975562056002,95.53349304199219,11010256.0
2018-02-07T00:00:00,96.38238427543251,97.34258270263672,95.33868248540959,97.34258270263672,7147319.0
2018-02-08T00:00:00,97.07817860583033,98.12188032206865,96.82768976924982,97.53739929199219,5352287.0
2018-02-09T00:00:00,97.28690700966477,98.19143987265473,96.67459869384766,96.67459869384766,6729213.0
2018-02-12T00:00:00,97.76007247273589,98.49762007522021,97.32867910911317,97.80181884765625,6523910.0
2018-02-13T00:00:00,98.42803062870458,99.90312559847443,97.80180325349632,98.49760437011719,8847890.0
2018-02-14T00:00:00,100.26493754331885,101.87919049049917,92.91726939102928,93.93314361572266,24473691.0
2018-02-15T00:00:00,93.93315733765526,96.78594636289141,93.58525675492321,96.71636199951172,10800975.0
2018-02-16T00:00:00,97.06425813891548,98.01054810531151,96.646773211915,97.94096374511719,7705813.0
2018-02-19T00:00:00,98.45586171596958,98.81768128304468,97.55131810682325,97.88529968261719,4845998.0
2018-02-20T00:00:00,97.88529875514479,98.72026861234251,97.82964400727552,98.03837585449219,5328052.0
2018-02-21T00:00:00,97.7043898560538,98.80375687562115,97.32866193100074,98.45585632324219,4122003.0
2018-02-22T00:00:00,98.14970824232464,98.26103897410927,96.09014278972342,96.47978973388672,6694194.0
2018-02-23T00:00:00,96.02055342360954,96.8694316293298,95.8674763296546,96.36845397949219,5676902.0
2018-02-26T00:00:00,96.71636664776972,97.34258347995056,96.27105430515398,96.73028564453125,4297184.0
2018-02-27T00:00:00,96.85552476413393,97.23126335710941,96.49370516791998,96.73028564453125,5234373.0
2018-02-28T00:00:00,95.75616251804873,96.57721349584513,95.61700439453125,95.61700439453125,5822626.0
2018-03-01T00:00:00,95.29692271269927,95.47782717538254,93.59916634091934,93.86356353759766,6077038.0
2018-03-02T00:00:00,93.12601400916724,94.2949653445762,91.79007720947266,91.79007720947266,6790648.0
2018-03-05T00:00:00,91.69266819192676,93.30693184159261,91.44217937101592,93.25126647949219,5529586.0
2018-03-06T00:00:00,93.93314720292426,95.39433373958035,93.83573547495266,94.46195220947266,5814026.0
2018-03-07T00:00:00,93.9331526004614,95.46391296386719,93.51566767540405,95.46391296386719,6443195.0
2018-03-08T00:00:00,95.58916361709593,95.86747982511689,94.87944348443489,95.31083679199219,6217981.0
2018-03-09T00:00:00,95.28300117229365,95.28300117229365,94.46195038064431,94.76810455322266,5238514.0
2018-03-12T00:00:00,95.07426787266733,96.17363495401978,94.21147063212818,95.14385223388672,6758074.0
2018-03-13T00:00:00,95.32476557486987,96.07623215418168,93.724420671729,93.84967041015625,6194877.0
2018-03-14T00:00:00,94.28105388611172,95.21342485983762,93.58525275042086,94.86552429199219,8007522.0
2018-03-15T00:00:00,93.23734604042433,93.46000748537696,89.91141768028919,91.72050476074219,17194424.0
2018-03-16T00:00:00,91.66483787700534,92.61112776817264,91.12211388530018,91.34476470947266,11945524.0
2018-03-19T00:00:00,91.13602719274098,91.13602719274098,89.84183669241351,89.86967468261719,5912399.0
2018-03-20T00:00:00,89.52177483916233,90.00883350078969,88.31107706561787,89.27128601074219,5696325.0
2018-03-21T00:00:00,89.410452121808,89.98101418874646,88.85380905132946,89.36870574951172,4518542.0
2018-03-22T00:00:00,89.09036439050728,89.52176827380966,87.30912065739714,88.19974517822266,7271894.0
2018-03-23T00:00:00,87.19778697761977,89.9949048501578,87.1838732924409,89.92533111572266,7119277.0
2018-03-26T00:00:00,90.5237322148299,90.9690445180445,88.3389117597227,88.61723327636719,7286193.0
2018-03-27T00:00:00,85.23564034931447,86.54374459217189,82.24369329935053,84.15019226074219,21693775.0
2018-03-28T00:00:00,82.70291340917228,86.72464263763132,81.4783020720935,85.12429809570312,12394707.0
2018-03-29T00:00:00,85.58352587122316,87.10037231445312,85.24953904426056,87.10037231445312,4578134.0
2018-04-03T00:00:00,86.97514248853284,86.97514248853284,85.48612847381247,86.33500671386719,6082481.0
2018-04-04T00:00:00,86.47415935236785,87.19779312915624,86.11234511824419,86.69681549072266,5069038.0
2018-04-05T00:00:00,87.36478833965485,88.33891098509793,87.0308067694432,87.62919616699219,4403273.0
2018-04-06T00:00:00,87.6292038771412,88.29717238487775,86.83599094242018,87.85186004638672,3834853.0
2018-04-09T00:00:00,88.6729050064594,89.95317664296556,87.69878228255067,87.87969207763672,5089207.0
2018-04-10T00:00:00,88.32500583410365,89.09038078218418,87.29521772459111,89.06255340576172,4650591.0
2018-04-11T00:00:00,89.06254964944804,90.60722909429732,88.13017863090538,90.46807098388672,6718389.0
2018-04-12T00:00:00,90.55155355035056,93.50175399808904,90.3010647329286,93.30693054199219,9113852.0
2018-04-13T00:00:00,93.58524514001351,94.1558071210813,92.51371614970337,94.07230377197266,7933720.0
2018-04-16T00:00:00,94.28105458625713,95.42216803258091,92.13798579836458,92.68070983886719,6907378.0
2018-04-17T00:00:00,92.88944631590068,95.32475015189809,92.72245023071129,94.65677642822266,6151778.0
2018-04-18T00:00:00,95.32475280761719,95.81181146496955,94.97685224992516,95.32475280761719,2194382.0
2018-04-19T00:00:00,95.74222381345008,95.95095562407303,94.28103743660392,94.92117309570312,7905846.0
2018-04-20T00:00:00,95.25517307408715,95.25517307408715,91.95708242197011,92.16582489013672,8291071.0
2018-04-23T00:00:00,92.24931692731947,95.21342597802322,92.0684124520651,95.14385223388672,7375888.0
2018-04-24T00:00:00,95.32475033758867,98.37236254146838,95.10208889023573,97.02250671386719,11264332.0
2018-04-25T00:00:00,97.02250806422205,100.48759460449219,96.95292370668525,100.48759460449219,12113300.0
2018-04-26T00:00:00,101.30863918048207,102.50541786010875,99.54129853209032,100.07011413574219,9121273.0
2018-04-27T00:00:00,100.80767141847302,103.95268489133906,99.90312782330531,103.38213348388672,11445843.0
2018-04-30T00:00:00,104.37015791654292,105.03813159872465,103.75784959263312,104.24491882324219,5170983.0
2018-05-02T00:00:00,104.62064819333119,107.23685636646057,104.09184320792423,106.91679382324219,9695159.0
2018-05-03T00:00:00,106.59673124694093,106.80547370985556,100.69634062324477,101.01640319824219,14903269.0
2018-05-04T00:00:00,101.15558143586047,101.89312900608222,98.31671127753029,100.69635009765625,14938636.0
2018-05-07T00:00:00,101.23905130160057,102.7280651022467,100.6128346125469,102.63065338134766,4990619.0
2018-05-08T00:00:00,102.93681034557022,104.13358901616536,102.11575957524028,104.09184265136719,9233527.0
2018-05-09T00:00:00,105.0270129093511,105.11333296909021,103.80409783107103,104.48030090332031,4573409.0
2018-05-11T00:00:00,104.48030386086657,104.65294398523176,99.44476200349251,99.87637329101562,9805247.0
2018-05-14T00:00:00,100.26484361900492,100.89787575380245,99.63180050759635,100.17851257324219,5226308.0
2018-05-15T00:00:00,99.84761746516395,100.72524147462724,98.91244308071487,99.3152847290039,7511765.0
2018-05-16T00:00:00,99.31526910098167,100.62451522851278,98.43764522961926,99.93392181396484,5953437.0
2018-05-17T00:00:00,99.99148401397314,106.27872228412963,99.30089051769286,105.45864868164062,8199511.0
2018-05-18T00:00:00,105.55935919544635,105.67444896443223,103.41564897099198,104.0343017578125,6722303.0
2018-05-21T00:00:00,104.091836775478,105.19966207935958,103.37247368652983,104.88314056396484,4473332.0
2018-05-22T00:00:00,105.098958782808,105.098958782808,103.61706149915716,104.92630767822266,5257563.0
2018-05-23T00:00:00,104.3076674412789,105.09897137802983,103.37249305510372,104.37960815429688,4052103.0
2018-05-24T00:00:00,104.45153440644336,104.65295522424073,103.45882065490244,103.6458511352539,9819854.0
2018-05-25T00:00:00,103.73217026433164,104.30766301421507,100.62452697753906,100.62452697753906,6910456.0
2018-05-28T00:00:00,100.85472017096377,101.04176163119654,98.65347049754376,98.75418090820312,4146199.0
2018-05-29T00:00:00,98.48080283824726,98.61029390255763,95.40192968467659,96.99891662597656,7759238.0
2018-05-30T00:00:00,96.2363998986015,99.25772288837635,95.90549900142128,98.8548812866211,7573284.0
2018-05-31T00:00:00,99.11386468468703,99.61741674901027,94.79768531629614,95.5889892578125,12848409.0
2018-06-01T00:00:00,94.1790177534141,95.68968468643725,93.63230573727556,95.31561279296875,5287566.0
2018-06-04T00:00:00,95.43071846221942,96.40905278886,94.62502426717914,95.68968963623047,4209321.0
2018-06-05T00:00:00,95.80477469885767,96.26517763150233,94.45237950234923,95.54581451416016,6797063.0
2018-06-06T00:00:00,95.54581451416016,95.54581451416016,95.54581451416016,95.54581451416016,0.0
2018-06-07T00:00:00,98.91243151950304,98.96998188776219,94.26534081622364,94.82645416259766,6827301.0
2018-06-08T00:00:00,94.88398951445635,97.18596024037143,94.74011908823914,96.82627868652344,5089128.0
2018-06-11T00:00:00,97.02770652838136,99.05630493164062,95.73285064512507,99.05630493164062,5579030.0
2018-06-12T00:00:00,99.34404881764385,104.14938907220466,99.31526814665054,103.97673797607422,10358634.0
2018-06-13T00:00:00,104.30765046013725,104.89753347633976,101.6603994965424,103.58828735351562,8378690.0
2018-06-14T00:00:00,103.12789831695312,103.14228865294275,97.54564440349084,100.75399780273438,11717057.0
2018-06-15T00:00:00,97.32984162053884,98.55275684593256,95.90550558045021,96.4090576171875,12395401.0
2018-06-18T00:00:00,96.36589902598081,96.36589902598081,94.03515830823231,95.12859344482422,6232434.0
2018-06-19T00:00:00,93.92003221113397,99.81880665898485,93.92003221113397,99.2720947265625,7877210.0
2018-06-20T00:00:00,99.28651729223988,100.14975098347414,97.7182997238238,99.55986785888672,5282482.0
2018-06-21T00:00:00,99.50231355126847,100.71083834260682,98.78295042024985,99.44476318359375,4432097.0
2018-06-22T00:00:00,99.44476318359375,99.44476318359375,99.44476318359375,99.44476318359375,0.0
2018-06-25T00:00:00,99.27211686488751,101.93375838260943,98.42327359814934,99.24334716796875,5413206.0
2018-06-26T00:00:00,99.27210371537643,100.48062840487809,98.71100139859217,98.91242218017578,3694383.0
2018-06-27T00:00:00,100.07780203278841,100.26484348451424,96.8262883641774,96.84066772460938,6645645.0
2018-06-28T00:00:00,93.21509461874548,101.68919313166666,92.35186088289139,98.6678695678711,18985955.0
2018-06-29T00:00:00,98.62470034641397,99.84761560641486,94.00637888512836,96.03498840332031,12391402.0
2018-07-02T00:00:00,95.31560437214212,98.55273810553562,94.75450206981597,98.09234619140625,5700788.0
2018-07-03T00:00:00,98.19307825060625,100.8978799709842,97.27229421913242,99.60303497314453,7359359.0
2018-07-04T00:00:00,99.27211437066745,100.46625983009244,98.86927276426155,99.68934631347656,3511997.0
2018-07-05T00:00:00,99.63179162832644,100.61012590576286,98.56713728943124,98.92681884765625,4967160.0
2018-07-06T00:00:00,99.1426327938096,101.02736069992434,98.84049061690216,100.39431762695312,4699556.0
2018-07-09T00:00:00,100.78279381871879,103.9048276305692,100.3080114482682,102.8257827758789,4781040.0
2018-07-10T00:00:00,102.82576105823149,103.45880408512838,101.45896461166865,101.89058685302734,4348137.0
2018-07-11T00:00:00,101.43019708152327,101.76110893717131,99.66055902613732,99.94831085205078,5090848.0
2018-07-12T00:00:00,100.30800506559771,101.87621155252114,99.5023218045443,100.73961639404297,3676408.0
2018-07-13T00:00:00,100.43747544176173,101.18561923450531,99.25772036238313,99.804443359375,3934529.0
2018-07-16T00:00:00,99.8044487344374,99.84760876776431,97.53125851526036,98.1355209350586,3827791.0
2018-07-17T00:00:00,98.13551010061344,99.07068430035662,97.76143822539429,98.55274200439453,3250698.0
2018-07-18T00:00:00,98.73979745290855,100.2216949939189,98.33695578219206,98.72541809082031,3105717.0
2018-07-19T00:00:00,98.7685638571284,99.54547738549977,98.10675106850331,98.984375,3512979.0
2018-07-20T00:00:00,99.05630343247344,100.32238959987835,98.63907148881597,99.76127624511719,3680741.0
2018-07-23T00:00:00,99.74690148251912,100.37993361878677,99.20017843899258,99.48793029785156,2246986.0
2018-07-24T00:00:00,99.66056464260139,100.04902688532427,99.17140297589603,99.43037414550781,2540948.0
2018-07-25T00:00:00,99.02753363425593,100.10657835675923,99.02753363425593,99.34405517578125,2272553.0
2018-07-26T00:00:00,99.63178933185088,100.37992212600628,99.11384702181644,99.94831085205078,2362726.0
2018-07-27T00:00:00,99.83320726402954,100.0921784116339,98.8548730371475,99.74688720703125,2544392.0
2018-07-30T00:00:00,99.9914808015115,101.17123596327066,99.3152776642939,100.19290161132812,2814380.0
2018-07-31T00:00:00,99.93393627012219,100.16413776714177,98.4088897705078,98.40888977050781,4605770.0
2018-08-01T00:00:00,98.20746624069542,98.38010638208776,95.44510323569462,95.86233520507812,4874450.0
2018-08-02T00:00:00,95.67530486248292,95.70407456055217,94.50993999998181,94.59626007080078,3643251.0
2018-08-03T00:00:00,94.82646123062136,95.7904052734375,94.74013018349265,95.7904052734375,2156462.0
2018-08-06T00:00:00,95.67531133370943,96.33712420017774,94.75452726065681,95.18614959716797,2752081.0
2018-08-07T00:00:00,95.05664978903394,95.37317134323602,94.23657620615172,95.2724609375,2762491.0
2018-08-08T00:00:00,95.28684110234498,96.17884432175127,94.98469894078046,96.0637435913086,2267631.0
2018-08-09T00:00:00,96.17884936092476,96.36589080184638,95.60335665516888,96.092529296875,3036431.0
2018-08-10T00:00:00,96.09252601035313,96.7831084523528,93.61791514386593,93.8193359375,4332274.0
2018-08-13T00:00:00,93.74741313551118,93.74741313551118,91.93461488231661,92.36622619628906,5220543.0
2018-08-14T00:00:00,92.53887829586385,93.02805096218842,92.09287664034721,92.62519836425781,2680640.0
2018-08-15T00:00:00,92.5964195781752,93.79056496459759,90.58220069267198,90.6253662109375,4873351.0
2018-08-16T00:00:00,90.8267837248998,91.45982125747057,90.6109726062732,91.38788604736328,3100245.0
2018-08-17T00:00:00,91.35912958954451,92.88417611427155,91.11454872739237,92.86979675292969,7759606.0
2018-08-20T00:00:00,92.79785051971065,92.88417058907392,91.58932015387522,91.79074096679688,3802584.0
2018-08-21T00:00:00,91.43105588734889,92.46693509832578,91.43105588734889,92.30868530273438,4394411.0
2018-08-22T00:00:00,92.27991058138873,93.44527545493811,91.92022898075139,93.35895538330078,2848710.0
2018-08-23T00:00:00,93.18629709602796,94.45238325792216,93.01365696603185,93.66107940673828,2617526.0
2018-08-24T00:00:00,93.51720182628857,93.96320343017578,93.11436025160211,93.96320343017578,1913471.0
2018-08-27T00:00:00,93.96322079443406,95.84795990517073,93.92006075725742,95.63214874267578,2936154.0
2018-08-28T00:00:00,95.63214495105588,95.84795610499435,93.87689699805287,94.25096893310547,6867323.0
2018-08-29T00:00:00,94.49553994585652,96.43781817584158,94.1790184165859,94.42359924316406,9519737.0
2018-08-30T00:00:00,94.3804397185243,94.63941088235231,89.22980260214462,89.33051300048828,9632597.0
2018-08-31T00:00:00,88.97083712484871,89.67581544661782,88.33779951075608,88.63993072509766,5477356.0
2018-09-03T00:00:00,88.33779805977913,89.63264845210556,88.33779805977913,89.17225646972656,4258803.0
2018-09-04T00:00:00,89.15787195378941,89.2873575423353,87.04294250364156,87.80546569824219,4773302.0
2018-09-05T00:00:00,87.54647799485427,88.76939843100284,87.25873717534104,87.99248504638672,4671986.0
2018-09-06T00:00:00,87.83424724247152,89.15787840880529,87.58966638434686,88.56800079345703,3054711.0
2018-09-07T00:00:00,88.48165963489119,88.63992039204172,87.02854861509098,87.24435424804688,3666711.0
2018-09-10T00:00:00,86.94224440290084,88.89891335633708,86.68327318916332,88.3521957397461,2901162.0
2018-09-11T00:00:00,88.3090211991106,88.62553725079918,86.76958450818557,87.28752136230469,3337707.0
2018-09-12T00:00:00,87.5752697342176,88.75502487987757,87.17242812008163,88.72624969482422,3201452.0
2018-09-13T00:00:00,88.48166371529129,88.48166371529129,87.27313345476975,88.28024291992188,3039912.0
2018-09-14T00:00:00,88.323417327157,88.69748928370615,87.54650371429891,88.5967788696289,2746772.0
2018-09-17T00:00:00,96.42341791937899,104.7536433147161,94.94153179990441,103.32930755615234,29272405.0
2018-09-18T00:00:00,101.53091499575727,105.38670193567648,100.56697100493012,102.06324768066406,10936641.0
2018-09-19T00:00:00,102.1495558872058,102.62433814754667,101.25754172928747,101.71793365478516,5571097.0
2018-09-20T00:00:00,101.43021301149605,102.94088014912039,101.12808177929348,102.66751861572266,4654341.0
2018-09-21T00:00:00,102.94086975866512,104.71049693674813,102.66750825285945,104.30765533447266,8758484.0
2018-09-24T00:00:00,104.30766197177309,107.760607459954,104.30766197177309,106.81104278564453,9140144.0
2018-09-25T00:00:00,106.85420645751857,107.4296992212385,105.1708991793423,106.27872467041016,4958222.0
2018-09-26T00:00:00,106.27872105302659,107.50163627392516,105.30038668098551,106.81104278564453,6209262.0
2018-09-27T00:00:00,112.29259555959706,120.70914247815539,112.22065485174005,118.6949234008789,27292210.0
2018-09-28T00:00:00,117.730984273207,119.11216030384777,116.04767701492088,118.1482162475586,9226673.0
2018-10-01T00:00:00,117.25619551007652,117.93239863921444,116.047670665617,117.5583267211914,4940872.0
2018-10-02T00:00:00,117.25620116917779,118.13382514808212,116.57999800740447,117.04039001464844,4473340.0
2018-10-03T00:00:00,116.9109303854866,121.73066245665812,116.8821497056489,121.01129913330078,7151340.0
2018-10-04T00:00:00,120.85300729988164,121.47166003821926,119.27041059008621,121.05442810058594,4609651.0
2018-10-05T00:00:00,121.57237373505241,123.37078163054134,120.85301057685683,121.5579833984375,4909105.0
2018-10-08T00:00:00,121.55798309255033,122.57947745742429,120.68035916363132,121.83134460449219,3267153.0
2018-10-09T00:00:00,121.90328127620906,122.89599493507033,120.6228048017405,122.06153106689453,3695182.0
2018-10-10T00:00:00,122.45001282650291,124.44984177575311,122.04717116429599,122.98234558105469,5269956.0
2018-10-11T00:00:00,121.41410190838178,122.20540570099959,116.53682101798027,116.75263214111328,9217674.0
2018-10-12T00:00:00,117.25618734045213,118.19136158204768,115.06932830810547,115.06932830810547,5278753.0
2018-10-15T00:00:00,114.93986725129695,117.25621795654297,113.8320525984724,117.25621795654297,4134315.0
2018-10-16T00:00:00,117.16985963360966,118.45032501220703,115.31390160722927,118.45032501220703,3673461.0
2018-10-17T00:00:00,118.96829676787593,119.88908084177781,117.11233828174532,117.961181640625,3399657.0
2018-10-18T00:00:00,118.42153009772917,118.8819219652531,115.64478855955454,116.32099151611328,3844798.0
2018-10-19T00:00:00,116.32103446720805,119.0114569538401,115.96135284487494,117.61589050292969,4826780.0
2018-10-22T00:00:00,117.96115363415846,119.19845899781647,117.06915044869064,117.16986083984375,4595217.0
2018-10-23T00:00:00,117.08354833211058,117.11232900648484,113.31409225830575,113.99029541015625,5225203.0
2018-10-24T00:00:00,114.3787092547183,117.45758180810036,114.07657813237044,115.21317291259766,4927511.0
2018-10-25T00:00:00,114.36435874971018,115.27076340901735,113.68815558375447,114.81037139892578,3762222.0
2018-10-26T00:00:00,114.26362710023523,114.34995813249976,111.81779705938995,112.40766906738281,4329469.0
2018-10-29T00:00:00,112.4076867304037,115.32831046610865,112.04800513984314,114.14854431152344,3357100.0
2018-10-30T00:00:00,114.14854345861133,115.86063132940245,113.58744105965829,115.38584899902344,3188424.0
2018-10-31T00:00:00,116.34980010986328,117.74535540383627,115.50094588300281,116.34980010986328,4452050.0
2018-11-01T00:00:00,116.23468275323702,116.23468275323702,113.34284022333833,114.2492446899414,4582462.0
2018-11-02T00:00:00,115.18440587983437,115.60163775815386,113.9471005790549,115.34266662597656,1732717.0
2018-11-05T00:00:00,114.75280515178663,115.93256020048848,113.37162931257055,115.19880676269531,3711841.0
2018-11-06T00:00:00,115.0981087688939,115.0981087688939,111.88974415725212,112.23504638671875,4691322.0
2018-11-07T00:00:00,112.43645049422547,115.58725328956294,112.43645049422547,115.054931640625,5364542.0
2018-11-08T00:00:00,115.58725253412864,115.87500434738548,114.07659667681509,114.52259826660156,2838910.0
2018-11-09T00:00:00,114.66646472599398,115.41460843802234,114.01904237758501,114.4074935913086,3828854.0
2018-11-12T00:00:00,115.32014830411255,115.82470767090253,113.0199848234345,113.21289825439453,4726839.0
2018-11-13T00:00:00,113.13870374489913,114.88980170773914,112.75287685208134,114.54849243164062,3491688.0
2018-11-14T00:00:00,114.10329897171006,116.64090514059764,113.74714669937757,115.75051879882812,3472048.0
2018-11-15T00:00:00,116.26990988803729,116.70026573963248,113.86586789744727,115.75051879882812,5090117.0
2018-11-16T00:00:00,116.19572810314978,118.89657333233605,115.4685691908429,118.22877502441406,5115714.0
2018-11-19T00:00:00,118.52555744223379,120.00953832825304,118.27327208698502,119.10430908203125,4793824.0
2018-11-20T00:00:00,118.39200612605582,120.52894245687894,117.560980362681,118.30297088623047,5483706.0
2018-11-21T00:00:00,118.3771439788492,123.09620339742946,118.27326577524641,122.7845687866211,6452640.0
2018-11-22T00:00:00,122.79943365745561,124.060815303761,121.80516905687534,123.3188247680664,4634505.0
2018-11-23T00:00:00,123.00717813094846,124.29824561328934,122.66586885799548,123.6601333618164,2703943.0
2018-11-26T00:00:00,123.54141436490144,124.14985199026819,121.41932114876143,122.42842864990234,3755783.0
2018-11-27T00:00:00,122.4284296771937,124.58019754883023,122.30970848268066,123.97177124023438,3729895.0
2018-11-28T00:00:00,123.97178476651031,124.87701416015625,122.44328601648185,124.87701416015625,3599068.0
2018-11-29T00:00:00,125.14411041014209,126.25709607087575,124.06079938540273,125.81189727783203,3690739.0
2018-11-30T00:00:00,125.32217956520913,126.40549057867082,124.37243271702035,124.38727569580078,5263765.0
2018-12-03T00:00:00,126.13838596265676,126.13838596265676,121.16705183909207,121.87935638427734,4255135.0
2018-12-04T00:00:00,121.55289528077114,122.72523036670198,121.09285344867114,121.15221405029297,3625908.0
2018-12-05T00:00:00,120.63280469361827,122.23550672937978,119.60885428379142,120.75152587890625,2916745.0
2018-12-06T00:00:00,120.20246425360597,120.3508600932474,116.55187225341797,116.55187225341797,3870148.0
2018-12-07T00:00:00,116.67057561752225,119.53465904006629,116.50733682230924,118.00614929199219,4134962.0
2018-12-10T00:00:00,117.23449698404882,118.61459974319179,116.61122769201685,117.30870056152344,3600144.0
2018-12-11T00:00:00,117.66485356108439,122.33939592430879,117.66485356108439,121.03348541259766,5394279.0
2018-12-12T00:00:00,120.20247045032036,120.20247045032036,115.78020174101586,117.41259002685547,6893748.0
2018-12-13T00:00:00,117.41258658763175,118.00616995941095,114.7562591079746,115.15692901611328,4188813.0
2018-12-14T00:00:00,113.52453960717317,116.47765844774433,112.4115539247499,115.83954620361328,4988086.0
2018-12-17T00:00:00,115.83956131345677,116.32927779485068,103.44832136390166,105.95625305175781,13433029.0
2018-12-18T00:00:00,105.36264480549501,106.4756304900601,102.69147463378846,102.8547134399414,7288700.0
2018-12-19T00:00:00,102.09789466367172,103.21088038461927,100.61391370240834,100.99974060058594,6220711.0
2018-12-20T00:00:00,100.12421510883853,100.16873273410873,97.74984741210938,97.74984741210938,5703475.0
2018-12-21T00:00:00,96.71103913525671,97.408512017352,94.97478408102583,95.41998291015625,10791790.0
2018-12-27T00:00:00,95.53868398922377,96.08776098501332,92.09585449708703,92.76364135742188,7077249.0
2018-12-28T00:00:00,92.89719857353856,94.35150478233871,92.89719857353856,93.50563049316406,6398445.0
2019-01-02T00:00:00,93.11980983796813,95.8354978461107,91.63582880469374,94.27731323242188,4743927.0
2019-01-03T00:00:00,94.41086909814778,96.65167790459444,93.59468068497601,93.63919830322266,4714876.0
2019-01-04T00:00:00,94.08441370580155,97.1117368205864,94.08441370580155,96.81493377685547,4189054.0
2019-01-07T00:00:00,96.82976140994107,97.28979190245137,95.52386219017302,96.88912200927734,3067542.0
2019-01-08T00:00:00,96.9039567604195,100.42098422788087,96.36972273363727,99.3525161743164,5367076.0
2019-01-09T00:00:00,99.42672280618308,100.24291685050665,98.20985889038543,99.78287506103516,3557171.0
2019-01-10T00:00:00,99.0260557555368,101.84561055942386,98.68473514858526,100.3022689819336,4967667.0
2019-01-11T00:00:00,100.4803436049899,101.08878119773979,98.78860631463122,100.04998779296875,2535736.0
2019-01-14T00:00:00,99.47124758478037,101.10362446908333,97.86854533973666,97.98726654052734,5114118.0
2019-01-15T00:00:00,98.09113826212398,98.98152456531153,96.82975672245193,97.33430480957031,3622707.0
2019-01-16T00:00:00,97.34914077256684,100.28742781536796,97.30462315889756,99.20411682128906,3552398.0
2019-01-17T00:00:00,99.0557395517125,99.58997365953934,98.09114956136528,99.50093841552734,2555506.0
2019-01-18T00:00:00,99.58996622364211,101.99401952936397,99.57512324345589,101.45978546142578,4719543.0
2019-01-21T00:00:00,101.41525560918416,101.41525560918416,99.60480830842057,99.84223937988281,2395736.0
2019-01-22T00:00:00,99.04089923234714,100.91071865999636,98.86282873953712,100.06484985351562,1873591.0
2019-01-23T00:00:00,99.72351629759419,99.76804523691058,98.31373890990083,98.78861236572266,3634048.0
2019-01-24T00:00:00,98.78861482229154,100.0945140278062,98.53634076927334,99.54544830322266,2690922.0
2019-01-25T00:00:00,99.79771079526319,100.99973164429528,98.77376039979127,99.60479736328125,2714842.0
2019-01-28T00:00:00,99.60479863494824,102.08304393488605,98.68472643293148,98.83312225341797,4238450.0
2019-01-29T00:00:00,99.01120063349602,103.22570066444071,98.86280481810184,103.09214782714844,5030157.0
2019-01-30T00:00:00,102.7953619711653,103.01796139221628,100.94038566553533,102.097900390625,3774113.0
2019-01-31T00:00:00,98.65506810156853,105.19941883812356,97.39367511428408,104.3238754272461,14950851.0
2019-02-01T00:00:00,103.1515208774631,104.93229352104468,101.37073691200519,104.62065887451172,6958143.0
2019-02-04T00:00:00,104.11611767189886,106.16400747982597,103.73027942221621,104.99166107177734,3864020.0
2019-02-05T00:00:00,105.18456888860143,108.25640909651175,105.18456888860143,108.07833862304688,4728353.0
2019-02-06T00:00:00,107.60345471696208,108.21188097872772,105.11036643346112,105.28843688964844,5452046.0
2019-02-07T00:00:00,105.21424650108672,105.54072410570495,101.87528952601477,102.05335998535156,8745334.0
2019-02-08T00:00:00,101.65269403631036,102.91407556654632,100.89586058941839,102.02368927001953,6031584.0
2019-02-11T00:00:00,102.39469941260941,104.22000120985167,102.20178593886742,104.19031524658203,3193267.0
2019-02-12T00:00:00,104.62065421034958,105.86719274090866,104.3238625569429,105.09552764892578,4549858.0
2019-02-13T00:00:00,105.45169572551478,105.71881278242496,104.50194870580692,104.84326934814453,1943845.0
2019-02-14T00:00:00,105.21424536636503,105.34779820942727,102.54307528636545,102.70631408691406,3586661.0
2019-02-15T00:00:00,102.00884783347735,102.61728546046378,100.85134449829715,101.19266510009766,5697229.0
2019-02-18T00:00:00,100.16870989404026,102.12756421242646,99.96095347556563,101.68236541748047,3252618.0
2019-02-19T00:00:00,101.87528518775557,103.01794543338474,101.87528518775557,102.3946762084961,2745987.0
2019-02-20T00:00:00,102.52824169768876,104.33870032640235,102.4243634807237,103.83415222167969,3431634.0
2019-02-21T00:00:00,103.83414878410461,104.68001747192393,103.40379295038936,103.6115493774414,3647957.0
2019-02-22T00:00:00,103.83414841448462,104.79873829200747,103.68575258452944,103.84899139404297,2318440.0
2019-02-25T00:00:00,103.89350348526672,104.47225511662431,101.80108503199274,102.58759307861328,3081058.0
2019-02-26T00:00:00,102.33532493988923,104.44257517136127,101.91981208544418,103.53734588623047,3668028.0
2019-02-27T00:00:00,103.41862998018705,103.58186878089032,102.46888313348194,102.66179656982422,2045661.0
2019-02-28T00:00:00,102.39468149651846,103.84898775157258,102.26112865080594,103.71542358398438,2795598.0
2019-03-01T00:00:00,103.13666661580405,103.62638300187731,101.89012816602676,102.3946762084961,4861780.0
2019-03-04T00:00:00,102.39468605249614,103.70058521902936,101.19266510009766,101.19266510009766,4437603.0
2019-03-05T00:00:00,101.19265987485662,102.11272077486225,99.8570748178921,101.96432495117188,3241002.0
2019-03-06T00:00:00,101.4746114785888,101.84560670948403,100.13903770486671,100.34679412841797,4101604.0
2019-03-07T00:00:00,100.07967210743797,101.519135342869,99.02604706297952,101.0294189453125,3638883.0
2019-03-08T00:00:00,100.31710341155787,101.11845443090783,100.31710341155787,100.83649444580078,2105229.0
2019-03-11T00:00:00,101.13330607651811,102.67664765472696,100.98491024285649,102.37984466552734,3078161.0
2019-03-12T00:00:00,102.6914828764382,102.98828587593765,100.39131907017058,100.48035430908203,2881088.0
2019-03-13T00:00:00,100.48035053975262,102.82504319939605,99.66416779596943,102.54308319091797,3450650.0
2019-03-14T00:00:00,103.13666404281763,106.2827073671929,102.88439002787652,106.1343002319336,5366914.0
2019-03-15T00:00:00,107.58863617392147,107.58863617392147,99.85709553991055,100.91072082519531,15037041.0
2019-03-18T00:00:00,100.91070356889205,103.01795377910983,100.53970833518288,102.02368927001953,6190399.0
2019-03-19T00:00:00,101.8752959095833,103.68575450545575,101.4300970895937,102.78052520751953,3619136.0
2019-03-20T00:00:00,102.82505376456533,103.77480078116758,102.49857610475627,103.04765319824219,2621601.0
2019-03-21T00:00:00,103.04763653782892,103.34442818682874,101.1926604268909,101.63784790039062,3027769.0
2019-03-22T00:00:00,101.6378568150127,101.71206039470886,100.7474704680421,100.9700698852539,2997144.0
2019-03-25T00:00:00,100.53973036941585,102.42438158807208,99.35254083261229,102.30567169189453,3256199.0
2019-03-26T00:00:00,102.29081816717294,102.37985341059985,101.43010640778844,101.80110168457031,3846837.0
2019-03-27T00:00:00,101.65270571027484,104.1161197795067,101.4894668829461,103.87867736816406,3689857.0
2019-03-28T00:00:00,103.87867148445223,105.3329778668603,103.24055919245838,104.97681427001953,4572337.0
2019-03-29T00:00:00,118.71848223286291,121.53804845026875,114.35557438780464,115.00852966308594,19855550.0
2019-04-01T00:00:00,115.00852663585208,115.46855711939503,112.53028110172342,114.60785675048828,6038562.0
2019-04-02T00:00:00,114.607860456104,115.26080441343353,113.99942279650233,114.63753509521484,4276287.0
2019-04-03T00:00:00,114.66721110221265,118.28812849827612,114.66721110221265,117.97649383544922,4942136.0
2019-04-04T00:00:00,117.97651146521935,121.33031231976544,117.81327261907693,120.57347869873047,6453780.0
2019-04-05T00:00:00,120.8702437492808,121.62707720328329,120.20245685108081,120.51409149169922,3062267.0
2019-04-08T00:00:00,120.2469674390893,122.82909096890279,119.46045939371153,122.38390350341797,4239010.0
2019-04-09T00:00:00,123.12590571995581,125.02539959367701,120.12825775146484,120.12825775146484,6433989.0
2019-04-10T00:00:00,119.90566801668983,121.73095828646585,119.75726086081255,121.03348541259766,2639175.0
2019-04-11T00:00:00,120.89992655120369,121.55288177461479,120.11341848039079,120.1579360961914,2910014.0
2019-04-12T00:00:00,120.20245331758719,120.55860556469926,118.91138585422671,120.33600616455078,3298877.0
2019-04-15T00:00:00,120.3360248440355,121.10770137475234,119.53468499411215,120.58831024169922,3200923.0
2019-04-16T00:00:00,120.58828507044328,122.32453991931891,120.57344209206074,121.90902709960938,3283409.0
2019-04-17T00:00:00,121.86450794998669,123.31880280063571,121.41930917912472,122.81425476074219,2423983.0
2019-04-18T00:00:00,122.19098343834098,124.38728018012918,121.99806999474255,124.0311279296875,1968447.0
2019-04-23T00:00:00,124.28340484156752,124.38728305542573,121.90903758061131,122.42842864990234,3488871.0
2019-04-24T00:00:00,123.14074900717601,123.31881948210855,121.21156916831191,122.04259490966797,3493101.0
2019-04-25T00:00:00,122.05741898222077,124.52083250803359,121.7903019893239,124.25371551513672,3516806.0
2019-04-26T00:00:00,124.25373788950306,125.09960663234625,123.42270080535972,124.47632598876953,2384547.0
2019-04-29T00:00:00,124.47633173120315,124.47633173120315,122.81428012999523,123.46722412109375,2340853.0
2019-04-30T00:00:00,123.17040688844286,124.95117932675466,122.85877227783203,122.85877227783203,1903112.0
2019-05-02T00:00:00,122.84393744388258,124.92151297423425,122.72521625429087,124.69891357421875,3777264.0
2019-05-03T00:00:00,124.56534702519436,127.05843512300245,123.94206650933641,126.10868835449219,3399999.0
2019-05-06T00:00:00,124.89184616799865,125.06991664167472,122.23551882419095,124.5802001953125,2265848.0
2019-05-07T00:00:00,124.69890035971461,125.70800772055611,122.9626456029633,123.49687957763672,3317267.0
2019-05-08T00:00:00,123.8485756846037,124.75067699456525,122.85472675654293,123.83328247070312,3613192.0
2019-05-09T00:00:00,122.3195857807008,123.81800583924849,120.74472298022305,121.3563232421875,3017919.0
2019-05-10T00:00:00,122.10551940997948,122.33487095129864,120.9434801551853,121.52450561523438,2325100.0
2019-05-13T00:00:00,121.47861647366953,121.47861647366953,118.40534572239221,118.51237487792969,2635853.0
2019-05-14T00:00:00,118.49704810375201,120.46945198170204,117.36559568491623,120.37771606445312,7338962.0
2019-05-15T00:00:00,120.95874817891612,121.24926084844112,119.94960627338814,120.79055786132812,2556665.0
2019-05-16T00:00:00,120.60708694079304,122.31956505101627,120.04136641822586,122.24311065673828,3863610.0
2019-05-17T00:00:00,121.93731617927551,122.70181345939636,120.10252737310657,122.31956481933594,3561544.0
2019-05-20T00:00:00,122.31958337280898,122.5489349246939,118.4970963924087,118.81818389892578,2964617.0
2019-05-21T00:00:00,119.56737976104077,119.56737976104077,118.00781031428967,119.10868835449219,4019593.0
2019-05-22T00:00:00,119.26158881893457,119.47564714769295,116.81519958647877,117.4573745727539,4416658.0
2019-05-23T00:00:00,116.40234573546154,116.53996130482265,112.97740136146854,113.19145965576172,4954788.0
2019-05-24T00:00:00,113.20675699803762,115.7601750769306,113.00799190759832,115.05683898925781,5047059.0
2019-05-27T00:00:00,115.94366580712867,116.1271376972741,114.56756830452152,115.36264038085938,1608209.0
2019-05-28T00:00:00,115.36263892371043,116.58583928064502,114.21589296357294,116.12713623046875,9134903.0
2019-05-29T00:00:00,114.73576751311775,115.53083965089172,114.58287037108093,114.67460632324219,1688917.0
2019-05-31T00:00:00,113.43611314679613,113.63487824535696,108.17636798804914,108.5586166381836,7348398.0
2019-06-03T00:00:00,108.25281990843243,109.87355041503906,107.07548756037446,109.87355041503906,3737586.0
2019-06-04T00:00:00,109.18551824824289,112.24350767966416,108.19166934997018,112.12118530273438,4217775.0
2019-06-05T00:00:00,111.5095760571384,112.88567352294922,110.9438438586098,112.88567352294922,3801264.0
2019-06-07T00:00:00,112.51869638968884,114.96509685092147,112.51869638968884,114.24646759033203,3599796.0
2019-06-11T00:00:00,114.67457384166151,115.82131958007812,113.86420871962858,115.82131958007812,3058685.0
2019-06-12T00:00:00,115.34738642870275,117.16688254465103,115.10274162957683,116.72347259521484,2439137.0
2019-06-13T00:00:00,116.6164481634977,117.0904445647908,115.37796589705204,116.21891784667969,3179364.0
2019-06-14T00:00:00,116.20359132317303,118.46650849746297,114.78162585747471,117.7631607055664,2964870.0
2019-06-18T00:00:00,112.99269869593297,115.54611677482595,112.10587906418368,115.05683898925781,3639331.0
2019-06-19T00:00:00,115.05684742815991,115.1485833742753,112.5034291619852,112.65632629394531,3958768.0
2019-06-20T00:00:00,113.55841624002296,114.04769401279799,111.75420226567084,112.50341796875,5607187.0
2019-06-24T00:00:00,112.18234649119927,114.15475107430247,112.07531732771167,112.12118530273438,3188790.0
2019-06-25T00:00:00,111.93769645468399,112.42697427400884,110.98971557617188,110.98971557617188,2184574.0
2019-06-26T00:00:00,110.85214201185174,111.80012314994622,110.13351246615343,110.9744644165039,2633990.0
2019-06-27T00:00:00,118.4970932006836,126.81482837889344,118.4970932006836,126.1420669555664,15001364.0
2019-06-28T00:00:00,126.14203975386991,130.22445205895912,125.25522018986727,126.4172592163086,7490661.0
2019-07-01T00:00:00,128.1756312329005,128.54258670243757,125.53046521278173,126.90656280517578,3819276.0
2019-07-02T00:00:00,127.16651020817557,128.75666639373023,126.21854078248569,127.80868530273438,4435615.0
2019-07-03T00:00:00,128.06860673307415,128.58845936174507,126.55489349365234,126.55489349365234,2840717.0
2019-07-04T00:00:00,126.5243178895871,127.50287361436075,126.00446526437176,126.87599182128906,1508468.0
2019-07-05T00:00:00,127.99215213161298,128.7107815474558,126.53961175108708,128.5272979736328,2688846.0
2019-07-08T00:00:00,128.51200644103523,130.08686908176287,128.51200644103523,129.65875244140625,2827793.0
2019-07-09T00:00:00,129.75049218801382,131.44767725148577,129.18475994508853,129.73519897460938,3724744.0
2019-07-10T00:00:00,129.73518705543898,131.187738897509,128.9706897697083,129.96453857421875,3111413.0
2019-07-11T00:00:00,129.9645576830976,130.9889813969266,129.67404493890854,129.99513244628906,1727428.0
2019-07-12T00:00:00,129.96453857421875,131.0348301081206,129.566996719354,129.96453857421875,2035558.0
2019-07-15T00:00:00,129.96452399059734,130.2703182044546,128.75661701484856,129.582275390625,1649863.0
2019-07-16T00:00:00,129.58229788125897,130.46911758678587,128.9554044691544,129.79635620117188,1667629.0
2019-07-17T00:00:00,129.85748891680873,130.8360443548095,128.55784606933594,128.55784606933594,2240490.0
2019-07-18T00:00:00,128.57312978335415,128.57312978335415,126.50898973602858,127.3805160522461,2120352.0
2019-07-19T00:00:00,127.6557856967282,129.13891267150296,127.38056613784933,128.95542907714844,1944535.0
2019-07-22T00:00:00,128.89425321018763,130.98896840756512,128.35909575231713,128.7107696533203,2817584.0
2019-07-23T00:00:00,129.20003082401516,130.13271837028842,128.60372392266694,129.42938232421875,1847709.0
2019-07-24T00:00:00,129.64345790252437,129.68932587562153,128.08387682540035,128.46612548828125,1621327.0
2019-07-25T00:00:00,128.84837604746812,130.28563477395005,128.03801073668274,129.4141082763672,1990701.0
2019-07-26T00:00:00,129.58227021160627,130.68314800197604,128.97067014303406,130.31619262695312,1608098.0
2019-07-29T00:00:00,130.08687561885418,131.4170935803361,128.8178071816645,130.20919799804688,2036334.0
2019-07-30T00:00:00,130.63730284003984,130.63730284003984,127.83923991201888,128.435546875,2022834.0
2019-07-31T00:00:00,128.08386439874275,129.82692886444724,127.73220219558038,128.9401092529297,1864548.0
2019-08-01T00:00:00,128.52727590113244,133.09897792501042,128.20618845106216,132.12042236328125,3117572.0
2019-08-02T00:00:00,129.20005361146934,129.78106740453222,127.15120628963926,127.5946044921875,3490514.0
2019-08-06T00:00:00,124.99528933756334,126.49370894798166,123.74151442488728,124.7200698852539,2344957.0
2019-08-07T00:00:00,125.37755772793035,127.16647861779028,124.94944110457615,126.37140655517578,2450519.0
2019-08-08T00:00:00,127.91570319981358,130.8819450085605,127.91570319981358,129.73519897460938,3353588.0
2019-08-09T00:00:00,129.73520948255393,131.14188193179493,129.33766755896676,130.17861938476562,2531473.0
2019-08-12T00:00:00,130.30090869275094,131.6922875741295,129.12357643551334,129.42938232421875,1845049.0
2019-08-13T00:00:00,129.18477590359083,133.1601603126493,128.45086488377052,131.2030487060547,4298902.0
2019-08-14T00:00:00,131.2947692599085,131.3100508067458,127.1359021207887,127.25822448730469,2952973.0
2019-08-15T00:00:00,127.31940211677497,128.16035399062181,124.75069017929478,126.60078430175781,3209436.0
2019-08-16T00:00:00,126.89127727881277,129.32238511687277,126.53961500158259,128.75665283203125,2890797.0
2019-08-19T00:00:00,129.53642993787108,134.42920820173728,129.50584351198867,133.64942932128906,4699920.0
2019-08-20T00:00:00,133.78700987824146,135.62179849045103,133.77171666797094,133.9552001953125,4134967.0
2019-08-21T00:00:00,133.95522706486193,136.43220268696297,133.95522706486193,135.7747344970703,2963748.0
2019-08-22T00:00:00,135.83586729543993,137.9000192257003,135.39246915096132,136.5850830078125,3763203.0
2019-08-23T00:00:00,137.0743695143677,138.31285141913781,135.7900079723108,136.03465270996094,2956511.0
2019-08-26T00:00:00,134.7502920870468,138.22111641798813,134.26101427371228,137.59422302246094,2906243.0
2019-08-27T00:00:00,137.76241279045558,138.32814499879603,136.40160851324777,137.8388671875,2271539.0
2019-08-28T00:00:00,141.92126855489377,144.85693518553035,141.44728399435516,143.90896606445312,7585788.0
2019-08-29T00:00:00,143.90899012497422,145.33095570963445,140.59106265056428,143.31268310546875,4901525.0
2019-08-30T00:00:00,143.34324962536903,146.09544468429752,142.6093270545536,143.710205078125,3661595.0
2019-09-02T00:00:00,143.58789336498847,144.21477510633466,141.86012194247854,142.24237060546875,2015729.0
2019-09-03T00:00:00,141.43200467944922,142.5328826904297,137.91531232940642,142.5328826904297,2915368.0
2019-09-04T00:00:00,143.37379722950962,143.97011576708192,141.4472727184655,141.8448028564453,2255279.0
2019-09-05T00:00:00,142.56347122292235,143.54202695714858,140.6675209460221,143.25152587890625,3013618.0
2019-09-06T00:00:00,143.60320497296664,146.355400588735,143.20567467926023,146.09547424316406,3156040.0
2019-09-09T00:00:00,146.09545466476538,146.55414609571983,143.87840525325382,144.49000549316406,2515095.0
2019-09-10T00:00:00,144.35237339012062,147.4715118408203,144.35237339012062,147.4715118408203,3888527.0
2019-09-11T00:00:00,147.76204250753233,147.76204250753233,143.64904315319862,144.0924530029297,3227760.0
2019-09-12T00:00:00,144.23006312508198,145.3615158605018,143.48084737358369,144.96397399902344,4247552.0
2019-09-13T00:00:00,144.9639615469426,145.45323930931005,143.66431858427615,145.43795776367188,2639865.0
2019-09-16T00:00:00,142.96100946011944,143.77137481307037,139.79599078681238,141.35556030273438,5500942.0
2019-09-17T00:00:00,141.50845239659984,144.21476765806375,141.172071724093,142.1200408935547,3409944.0
2019-09-18T00:00:00,142.1200276300198,143.57257933798334,141.8448081659542,143.11387634277344,1602646.0
2019-09-19T00:00:00,143.1138926536783,144.85694556965151,142.93042076692518,144.58172607421875,2764735.0
2019-09-20T00:00:00,145.1168950231777,145.63674763059717,144.12304611835955,144.5052947998047,3909797.0
2019-09-23T00:00:00,144.38296475760944,144.41353951776824,141.6001949710222,142.57875061035156,2664389.0
2019-09-24T00:00:00,142.96097524303374,144.10772103375325,142.63988782146845,143.2209014892578,2194437.0
2019-09-25T00:00:00,143.22090480482206,143.64902137682,141.99771626558527,143.49612426757812,2916442.0
2019-09-26T00:00:00,143.17505383769705,145.07100388106556,142.9151275545947,144.58172607421875,1640310.0
2019-09-27T00:00:00,144.87226464394092,148.9699713822762,144.76523546912753,146.82937622070312,2962613.0
2019-09-30T00:00:00,146.78350253340358,146.96698611108002,145.51443403474374,145.8966827392578,2874394.0
2019-10-01T00:00:00,146.01896407048105,147.13513510657964,144.44410171711152,145.3156280517578,4095376.0
2019-10-02T00:00:00,144.963997292959,145.20864206711957,139.84186690334704,141.00390625,4631720.0
2019-10-03T00:00:00,143.80193599440614,151.52335114522847,142.30351626622695,146.52354431152344,13596166.0
2019-10-04T00:00:00,149.03111226208674,149.03111226208674,142.96100155937384,147.31863403320312,5977953.0
2019-10-07T00:00:00,147.85378001647746,154.08444029985392,147.85378001647746,153.09059143066406,7396827.0
2019-10-08T00:00:00,152.89947917736646,152.89947917736646,150.59069377550296,152.74658203125,4009387.0
2019-10-09T00:00:00,152.30314812884197,153.5110552237344,150.896475941867,153.43460083007812,3363980.0
2019-10-10T00:00:00,152.89947535562294,154.81071879756823,151.5692457205195,154.65782165527344,2918774.0
2019-10-11T00:00:00,154.88719995869923,155.11653987910861,152.10442949310527,152.86892700195312,3405502.0
2019-10-14T00:00:00,152.89945800810364,156.4925929382335,152.74656088315612,155.91921997070312,3155509.0
2019-10-15T00:00:00,156.64548258950197,158.7478500368078,156.45435827611055,157.86868286132812,3632461.0
2019-10-16T00:00:00,158.2509573683221,159.62705498284663,157.52468719172157,158.2891845703125,3193580.0
2019-10-17T00:00:00,157.60110568846994,159.13010021046452,155.72808973208708,156.98951721191406,2973477.0
2019-10-18T00:00:00,156.7219519968007,158.5949681144335,156.56905486449867,157.98336791992188,3157227.0
2019-10-21T00:00:00,157.9833604501163,158.32739356315855,155.80455017089844,155.80455017089844,2533648.0
2019-10-22T00:00:00,156.072119412424,158.9389842926324,154.92537346034067,158.67141723632812,2642427.0
2019-10-23T00:00:00,157.25710351420426,159.09190416449712,156.2250390846369,158.93899536132812,1946929.0
2019-10-24T00:00:00,158.786085140316,158.82431233795853,156.56904766068467,157.792236328125,1899434.0
2019-10-25T00:00:00,157.7922452055711,158.1362783384063,156.68372640338978,157.1042022705078,1586978.0
2019-10-28T00:00:00,157.14244241024826,158.8243343519128,156.30149060676374,158.25096130371094,2069996.0
2019-10-29T00:00:00,157.83047376801397,157.8687009681372,155.80456047982278,156.45437622070312,2977514.0
2019-10-30T00:00:00,156.3396765765022,156.64547078877087,154.92535209783134,155.95742797851562,2105000.0
2019-10-31T00:00:00,155.95743875609898,156.1103358727994,153.28169838528356,154.23731994628906,2888484.0
2019-11-01T00:00:00,154.2373510961099,154.50492985335265,153.62575084048697,153.9697723388672,292537.0
2019-11-04T00:00:00,154.81070090168464,155.19294954588634,153.39637625201723,154.04620361328125,2746787.0
2019-11-05T00:00:00,154.04620783595834,154.04620783595834,150.8047350447645,151.89031982421875,3114572.0
2019-11-06T00:00:00,152.1349816236081,152.27258555537878,150.30019254150548,150.94236755371094,4338028.0
2019-11-07T00:00:00,151.72215319679546,152.97592841709783,149.58155822753906,149.58155822753906,4009726.0
2019-11-08T00:00:00,149.29102566287258,150.31544920301343,147.44094367289657,148.02195739746094,4687563.0
2019-11-11T00:00:00,148.45324695088962,149.04918846705183,145.11280612433453,147.02610778808594,5855483.0
2019-11-12T00:00:00,147.02612180271018,148.4689352730635,146.16356376879438,147.9984588623047,3181447.0
2019-11-13T00:00:00,148.0141201001503,148.48460843481365,146.9633763797529,147.49659729003906,2199374.0
2019-11-14T00:00:00,147.60639645663545,147.88868710296734,144.4698390373998,145.06578063964844,3445316.0
2019-11-15T00:00:00,145.42647100739728,146.17923798925477,143.9836456896421,145.1284942626953,3373281.0
2019-11-18T00:00:00,145.06577324134548,145.81855224817807,144.12480845656708,145.1912384033203,2079469.0
2019-11-19T00:00:00,145.26963338293592,146.30470293782017,143.5445294231443,143.717041015625,2521051.0
2019-11-20T00:00:00,143.15246727511956,143.26224629743112,140.7686890913472,141.03529357910156,4961482.0
2019-11-21T00:00:00,140.75300663673278,143.3249826253169,139.96886732399332,142.3997039794922,4617722.0
2019-11-22T00:00:00,142.02330991875718,142.82313537597656,141.45872865072192,142.82313537597656,2807772.0
2019-11-25T00:00:00,142.83882289828082,145.67740343759456,142.82313676151196,144.6737060546875,2442937.0
2019-11-26T00:00:00,144.68938543922542,145.06576894899672,143.23088587821866,143.59158325195312,3731382.0
2019-11-27T00:00:00,144.2816199039921,144.81482884303867,142.4624111272127,144.21888732910156,4172064.0
2019-11-28T00:00:00,143.5131696985155,144.6423321393171,143.43475098706492,143.95228576660156,949381.0
2019-11-29T00:00:00,143.60728829770284,146.3360900416419,143.40341636244324,144.94032287597656,3191500.0
2019-12-02T00:00:00,144.79917402605128,146.91634786026015,142.87018597665053,143.01133728027344,4392340.0
2019-12-03T00:00:00,144.4698130114571,147.26134669728498,144.4698130114571,145.2225799560547,4273732.0
2019-12-04T00:00:00,145.2853216440094,148.42187869498545,144.68938011172958,148.35914611816406,3571311.0
2019-12-05T00:00:00,148.81397882897738,150.38225767591783,147.8416416364678,149.7706298828125,4115803.0
2019-12-06T00:00:00,149.77062017135862,150.9781895405934,149.51968982891037,150.3822479248047,2572092.0
2019-12-09T00:00:00,150.27245097696513,153.1424036102438,150.00584649365925,152.0446014404297,3430700.0
2019-12-10T00:00:00,151.33889826284067,151.33889826284067,147.66913175801736,150.16268920898438,3929451.0
2019-12-11T00:00:00,150.16265906348232,151.79367005986919,149.88036846862664,151.5584259033203,3733447.0
2019-12-12T00:00:00,151.79370931530113,151.8093954537983,148.9394423247347,150.47634887695312,2864220.0
2019-12-13T00:00:00,151.5584545606497,152.10734971970803,148.7512342157318,149.47264099121094,4009759.0
2019-12-16T00:00:00,149.45696810678567,153.3462926659304,147.90436354561893,152.7346649169922,4314730.0
2019-12-17T00:00:00,152.12303818555657,152.43668914838585,148.5787248735027,150.39793395996094,4608516.0
2019-12-18T00:00:00,150.0999481752239,151.4016223264972,149.3942275686387,151.22911071777344,2151921.0
2019-12-19T00:00:00,150.9468274744043,151.8093855602649,149.92744390884644,151.10365295410156,2271727.0
2019-12-20T00:00:00,151.1036266189734,151.88776584581294,150.41359223556486,151.2918243408203,3039747.0
2019-12-23T00:00:00,151.08795068354027,151.68390419377823,149.89606759309603,150.9154510498047,1663638.0
2019-12-27T00:00:00,150.94680253849475,151.76230207721292,150.6645119356663,151.73094177246094,1577404.0
2019-12-30T00:00:00,151.65253937760662,152.23280678057134,149.002156617887,149.36285400390625,1961912.0
2020-01-02T00:00:00,148.95509997237932,152.12301733684907,148.8296348184359,151.1820526123047,2217514.0
2020-01-03T00:00:00,150.31950436248925,150.31950436248925,148.43757479161954,149.1276092529297,1978875.0
2020-01-07T00:00:00,148.7198488298121,152.84441686101354,148.53165110771738,151.2604522705078,3340628.0
2020-01-08T00:00:00,150.0999208497984,151.5741063414226,148.45323574587024,150.94679260253906,2599853.0
2020-01-09T00:00:00,151.57413947529062,152.0446159085379,147.85731463105034,149.01783752441406,3694269.0
2020-01-10T00:00:00,149.1276131591206,149.50400865516684,144.1875449149353,145.09713745117188,5080619.0
2020-01-13T00:00:00,145.09711490952725,146.14787054981133,144.8305104483422,145.20689392089844,2777684.0
2020-01-14T00:00:00,145.06576100360556,146.0224118441819,143.68568023335516,144.908935546875,2506885.0
2020-01-15T00:00:00,145.22259067665797,145.5989741767421,142.72903353670395,143.65431213378906,4033902.0
2020-01-16T00:00:00,143.87387757329637,146.13220261999828,143.87387757329637,144.95599365234375,2744142.0
2020-01-17T00:00:00,145.0657807418042,145.63036203486553,144.03071104951937,145.0500946044922,3494519.0
2020-01-20T00:00:00,145.0500890201439,145.0500890201439,144.15617066804828,144.43846130371094,2149292.0
2020-01-21T00:00:00,143.5915773107864,145.5832977294922,142.6349264573952,145.5832977294922,1934108.0
2020-01-22T00:00:00,145.95967977392934,147.3397605489588,145.4578311316445,146.27333068847656,2884566.0
2020-01-23T00:00:00,145.99106928548497,148.84534821794594,145.9440228353926,147.23001098632812,3006940.0
2020-01-24T00:00:00,148.04549441989423,150.06857514292798,147.95138957264962,148.1552734375,2038574.0
2020-01-27T00:00:00,146.3047134505522,147.48092241197426,144.15616744028208,144.7521209716797,2585983.0
2020-01-28T00:00:00,145.06580171765174,149.50403398234764,145.06580171765174,148.70420837402344,3179852.0
2020-01-29T00:00:00,148.98646838447513,149.92743316021594,147.85730586757967,148.71986389160156,3800824.0
2020-01-30T00:00:00,160.74856544961742,163.8459134640579,158.317728698275,162.7481231689453,17760277.0
2020-01-31T00:00:00,163.1009551504777,168.0802439038179,162.59126945163834,165.9630584716797,7529461.0
2020-02-03T00:00:00,165.92387996025397,166.747216649739,162.00318347693056,163.37542724609375,4359652.0
2020-02-04T00:00:00,164.47323090689522,165.76705606604395,163.92433574740843,164.6692657470703,2976452.0
2020-02-05T00:00:00,164.7868686352859,165.10053153339393,162.35604399128343,162.78732299804688,2973338.0
2020-02-06T00:00:00,163.25780409384856,164.3556063212811,162.82652507467924,163.7675018310547,2610285.0
2020-02-07T00:00:00,163.72825628489156,163.72825628489156,159.61152576318457,159.96438598632812,3173997.0
2020-02-10T00:00:00,159.41553713961085,160.5917462007024,157.33756061933875,160.19967651367188,3680721.0
2020-02-11T00:00:00,160.51332311231968,161.02302087060912,158.8274282899413,160.0428466796875,2707579.0
2020-02-12T00:00:00,159.14105644276404,160.7093349235304,157.8080221271157,159.885986328125,4386539.0
2020-02-13T00:00:00,159.5331373768275,159.96441638262704,156.31032439169454,158.55296325683594,5812876.0
2020-02-14T00:00:00,158.47456150512667,161.10142105055544,158.47456150512667,160.3564910888672,4014583.0
2020-02-17T00:00:00,160.63094463712858,160.98380493845283,159.61156112717893,160.3564910888672,1672599.0
2020-02-18T00:00:00,159.8468164932306,160.86618810944037,158.2001190185547,158.2001190185547,3031333.0
2020-02-19T00:00:00,159.02345848718372,160.55252778739367,157.69042401943702,159.0626678466797,3132548.0
2020-02-20T00:00:00,159.41550996290425,159.885986328125,157.8080221271157,159.885986328125,2807538.0
2020-02-21T00:00:00,159.3763220797554,162.43446074324947,159.21949660355358,160.16046142578125,3529216.0
2020-02-24T00:00:00,156.5612442950227,156.63965104039667,148.8296308722424,149.84901428222656,7326085.0
2020-02-25T00:00:00,150.38221819946972,152.07596178114946,146.43016180723185,146.8849639892578,4689628.0
2020-02-26T00:00:00,146.24197038302802,146.96337705849902,142.44673927793545,146.27333068847656,4467024.0
2020-02-27T00:00:00,145.5205689701065,145.84990603179574,137.9928270985881,141.52145385742188,7612560.0
2020-02-28T00:00:00,136.91072201686353,139.01220952782947,134.5583041950275,135.93838500976562,8229915.0
2020-03-02T00:00:00,138.07122820219877,140.4863783115608,133.6486837071369,136.91070556640625,6391303.0
2020-03-03T00:00:00,138.72991965349436,140.06295403333658,136.39318795482868,137.5850830078125,5486390.0
2020-03-04T00:00:00,137.82031670551282,141.0823390093751,136.45592200443804,139.43565368652344,6041756.0
2020-03-05T00:00:00,140.56477269889362,140.78433069272324,134.29165981230216,135.43650817871094,4980960.0
2020-03-06T00:00:00,133.3036988964028,133.53894311098824,129.14775765545258,130.19850158691406,5792517.0
2020-03-09T00:00:00,117.65226084868398,126.84237483472945,117.58954023094414,126.16801452636719,8573211.0
2020-03-10T00:00:00,127.03057217064904,128.95956019784774,122.84327099662795,123.39216613769531,5511891.0
2020-03-11T00:00:00,124.09787366805831,125.41523383273743,117.54246904517058,117.62088775634766,7382497.0
2020-03-12T00:00:00,110.95571309796468,113.49632878655366,102.56542481854235,103.42797088623047,12375393.0
2020-03-13T00:00:00,105.38831972454688,112.5867248972995,102.45564632806911,105.0903549194336,11173898.0
2020-03-16T00:00:00,94.09672306221243,97.84490824032254,90.12897982082521,93.8928451538086,9826517.0
2020-03-17T00:00:00,95.47680481150424,97.70375759781243,85.76915624856088,90.12897491455078,8911378.0
2020-03-18T00:00:00,85.47117471566129,85.47117471566129,76.94757926691973,83.024658203125,12724057.0
2020-03-19T00:00:00,83.22854503846015,91.30518224233326,80.32723201396647,88.8586654663086,9522730.0
2020-03-20T00:00:00,93.54783305844052,97.06077422945229,88.30978161339733,88.79594421386719,8221134.0
2020-03-23T00:00:00,84.62431523331007,87.82360514214744,82.56987401325445,85.29867553710938,9203356.0
2020-03-24T00:00:00,94.5828856558997,96.57460021972656,89.29778240300547,96.57460021972656,8847096.0
2020-03-25T00:00:00,98.91133723937696,105.37264979790194,95.31997757661807,105.10603332519531,9958580.0
2020-03-26T00:00:00,102.25176128971462,103.94550507177527,97.78216961345707,101.9381103515625,7885709.0
2020-03-27T00:00:00,100.66780812999734,101.9694702870911,96.44913482666016,96.44913482666016,5829048.0
2020-03-30T00:00:00,96.82552451040014,97.07644884998702,93.46940324247706,95.8688735961914,7074777.0
2020-03-31T00:00:00,98.01741689443588,102.04789259853442,97.46852175283038,100.36983489990234,14738943.0
2020-04-01T00:00:00,98.01741926203512,99.19362829317954,95.39055362231429,96.48834991455078,6958119.0
2020-04-02T00:00:00,97.1548445198233,97.19404788888374,90.2544174194336,90.2544174194336,10098781.0
2020-04-03T00:00:00,98.80154740182978,100.36982593201755,88.37249278307794,89.39187622070312,16224974.0
2020-04-06T00:00:00,94.1751360236085,98.91918154884895,92.68527004177616,98.80155944824219,9963435.0
2020-04-07T00:00:00,101.85968216514532,109.50503973076292,101.31078709189889,105.81958770751953,10788304.0
2020-04-08T00:00:00,104.9178523078878,109.77951411123918,103.27115481021221,107.62313079833984,6025179.0
2020-04-09T00:00:00,110.32840172546122,112.01430846989196,105.6235657289382,107.03501892089844,3420708.0
2020-04-14T00:00:00,110.17157853429092,111.386996918242,107.07423049875018,109.2306137084961,5430619.0
2020-04-15T00:00:00,109.5050472636741,109.77950080168473,104.4473512268854,104.99624633789062,4990344.0
2020-04-16T00:00:00,105.30990627985454,105.85880137546494,100.09537894152452,100.72268676757812,6476777.0
2020-04-17T00:00:00,104.36894967423335,108.09361149406112,104.29053095517769,106.211669921875,6395138.0
2020-04-20T00:00:00,107.42708635506156,107.89757473094431,103.62400588422251,106.2508773803711,3204996.0
2020-04-21T00:00:00,104.48655918225573,105.70197746068102,101.66365298494641,101.85968780517578,3715003.0
2020-04-22T00:00:00,102.44780519649399,103.07511909340869,99.27204429744866,100.40904998779297,4187449.0
2020-04-23T00:00:00,101.0363496543667,101.3892099326151,99.46806513296306,100.72268676757812,3630573.0
2020-04-24T00:00:00,99.4288763763217,100.64429481565124,97.8213882446289,97.8213882446289,4354235.0
2020-04-27T00:00:00,99.272034424763,102.094934715122,99.07599959928658,101.62445831298828,3759532.0
2020-04-28T00:00:00,102.0165318938002,106.1332633873891,101.19318320207908,104.36894989013672,4893905.0
2020-04-29T00:00:00,103.89845300228038,110.75967159677059,102.99669763015365,110.56363677978516,7147845.0
2020-04-30T00:00:00,110.56362954392912,111.3869781143869,106.79975891113281,106.79975891113281,3410615.0
2020-05-04T00:00:00,103.38878370691764,103.38878370691764,99.66411560932104,100.2522201538086,8049007.0
2020-05-05T00:00:00,101.93809871394254,103.46716780164867,98.87995455602277,99.31123352050781,5569750.0
2020-05-06T00:00:00,99.38966614430345,100.8403287793594,97.07645737260715,99.58570098876953,4528762.0
2020-05-07T00:00:00,100.52665324675462,103.89845454187136,99.93854878708365,102.60462951660156,8132652.0
2020-05-08T00:00:00,103.11431537688519,104.13369883445073,102.05572256229485,103.85924530029297,3845512.0
2020-05-11T00:00:00,102.64383070989304,104.32973740239544,100.48744761123969,102.52621459960938,6062269.0
2020-05-12T00:00:00,102.17334387822882,104.44734285513265,101.58523945678661,103.50637817382812,4508420.0
2020-05-13T00:00:00,102.4085920552417,102.48699880216594,96.9980239868164,96.9980239868164,6182310.0
2020-05-14T00:00:00,96.44912511065333,96.7627819985716,92.2539814344557,93.78305053710938,6207579.0
2020-05-15T00:00:00,94.60641917119037,96.4491455523141,92.48923921590257,94.0575180053711,4983520.0
2020-05-18T00:00:00,95.66499247280296,101.2715835571289,95.66499247280296,101.2715835571289,6297300.0
2020-05-19T00:00:00,102.99669263477836,103.70241315569196,100.33061207407287,102.91827392578125,5928876.0
2020-05-20T00:00:00,102.68304855674631,102.68304855674631,99.97777011144021,100.76190948486328,2352826.0
2020-05-22T00:00:00,99.97776230714307,102.83986601071356,98.48789641743694,101.35000610351562,3655862.0
2020-05-25T00:00:00,102.29096961979508,103.15352763856566,101.70286514291045,102.87907409667969,2568775.0
2020-05-26T00:00:00,103.89844861019861,106.01562215113924,103.74162315624285,105.153076171875,4451341.0
2020-05-27T00:00:00,105.23148320020519,113.97464287075135,104.76100683706882,112.24952697753906,8489200.0
2020-05-28T00:00:00,113.07286979274573,114.7979736328125,111.19094050631193,114.7979736328125,6768820.0
2020-05-29T00:00:00,113.54337709413392,113.89623739875151,111.38699394200609,111.46540069580078,7283969.0
2020-06-01T00:00:00,113.85704240432666,116.0526351928711,112.05351932927167,116.0526351928711,4488481.0
2020-06-02T00:00:00,116.91517976139335,121.77684125066631,115.97420298635875,120.67903900146484,7375676.0
2020-06-03T00:00:00,122.32575108041839,125.1486578144353,121.62003037942323,123.26671600341797,7636042.0
2020-06-04T00:00:00,123.26668185709067,124.52130938355559,120.95347357237243,122.75699615478516,5616084.0
2020-06-05T00:00:00,124.05083960194119,132.00986097974186,123.85480476945865,131.9314422607422,8256634.0
2020-06-08T00:00:00,131.57858271159216,132.04905913324455,128.12836246105775,130.16712951660156,8046467.0
2020-06-09T00:00:00,130.95127038259432,131.3433400543985,123.61956273384952,125.22705078125,6835916.0
2020-06-10T00:00:00,124.75654135594345,127.38340028321615,121.18870589321591,121.85521697998047,6359137.0
2020-06-11T00:00:00,117.89535201102815,118.09138684179807,113.30813218500575,113.38655090332031,7558708.0
2020-06-12T00:00:00,111.34777658715265,117.4640652997318,111.34777658715265,112.7984390258789,5686719.0
2020-06-15T00:00:00,110.2107892834896,113.89624187721891,108.99537088422326,113.19052124023438,6421836.0
2020-06-16T00:00:00,117.97375752572349,118.32661782440134,114.87640962508124,116.32707214355469,6772366.0
2020-06-17T00:00:00,116.71912423710631,117.97373977305732,113.15128849843657,114.7979736328125,5909845.0
2020-06-18T00:00:00,114.56276509841877,114.79799733402814,112.68082345842434,113.03368377685547,5386562.0
2020-06-22T00:00:00,112.01430467734212,112.40637433044445,109.42664257386349,109.77950286865234,4999266.0
2020-06-23T00:00:00,111.11253197475314,115.07243767444061,111.07332261831748,113.81781005859375,4762710.0
2020-06-24T00:00:00,113.81782147776192,115.26848405631414,111.07333376213539,111.23017120361328,4062945.0
2020-06-25T00:00:00,110.87730214981478,114.48434803840145,109.19140729005069,113.73941802978516,4976202.0
2020-06-26T00:00:00,114.48434579655164,115.1508690341137,107.46630096435547,107.46630096435547,8812371.0
2020-06-29T00:00:00,107.46629571388786,108.95615562915586,104.87863357656558,106.2508773803711,5982375.0
2020-06-30T00:00:00,105.93721387436683,106.72135309781879,103.82002839903451,105.85879516601562,6238244.0
2020-07-01T00:00:00,105.50593661997443,108.52486550022834,103.7024139837753,106.4076919555664,7561730.0
2020-07-02T00:00:00,107.4663089405039,110.95572693521557,107.03502987036697,110.36762237548828,5139393.0
2020-07-03T00:00:00,111.19094790305857,112.21033131977866,110.40680865404549,110.95570373535156,3869309.0
2020-07-06T00:00:00,112.91605996345385,114.05305956313815,111.11253716825654,111.77906036376953,3784119.0
2020-07-07T00:00:00,110.9557176168572,110.9557176168572,109.23061344620626,109.81871795654297,4276696.0
2020-07-08T00:00:00,108.91693648723862,109.2305993646589,107.66232087260354,108.13279724121094,4694797.0
2020-07-09T00:00:00,109.0737840354172,109.66188852454056,107.03501702044969,107.07422637939453,4486007.0
2020-07-10T00:00:00,106.36849652980756,108.48568231673214,105.93722946545019,107.93677520751953,4630061.0
2020-07-13T00:00:00,108.64250326765884,109.77950286865234,107.54470105996255,109.77950286865234,4338200.0
2020-07-14T00:00:00,108.40726050063694,108.56408597092572,106.13326126890863,106.2508773803711,5610440.0
2020-07-15T00:00:00,107.42709509189838,109.58347838753868,106.44692086660734,109.38744354248047,5242810.0
2020-07-16T00:00:00,108.99536643099758,109.34822673507303,107.38787841796875,107.38787841796875,4063846.0
2020-07-17T00:00:00,107.54470439070477,107.97598341547763,105.70198414306311,106.211669921875,5061019.0
2020-07-20T00:00:00,106.17245890317115,106.95659822140732,104.76101770235921,105.66277313232422,4223933.0
2020-07-21T00:00:00,106.40769101856588,108.25042299335001,106.1332494673314,107.3486557006836,4562267.0
2020-07-22T00:00:00,107.30946637386266,107.50550119590842,105.1138739739468,106.17245483398438,3865626.0
2020-07-23T00:00:00,106.7213521684794,107.54468877392227,106.3292825601676,106.79975891113281,3178469.0
2020-07-24T00:00:00,105.42751620011404,106.25086477774161,104.56497023332588,105.85879516601562,3985550.0
2020-07-27T00:00:00,105.97641754150392,107.03501034188045,104.44734835819447,105.9764175415039,3866020.0
2020-07-28T00:00:00,106.25087389977642,107.34866412085258,105.07466496361654,106.99580383300781,3254539.0
2020-07-29T00:00:00,107.27025806334201,108.83853665501363,106.36849069412116,108.64250183105469,3700708.0
2020-07-30T00:00:00,108.64251167749576,108.64251167749576,103.93767547607422,103.93767547607422,4776139.0
2020-07-31T00:00:00,104.44736072886941,108.21123206320159,104.17291913090781,106.52533721923828,6712070.0
2020-08-03T00:00:00,107.27024663019934,107.74072297854657,105.30989859954883,106.56451416015625,4072640.0
2020-08-04T00:00:00,107.23104401121438,109.07377606176433,106.4469047497064,107.66232299804688,5615311.0
2020-08-05T00:00:00,108.36805858217612,111.42620930534856,107.97598889702714,110.91651153564453,5807927.0
2020-08-06T00:00:00,110.91649961368714,111.03412768559882,108.28964018454957,108.76011657714844,4137579.0
2020-08-07T00:00:00,108.60329764159587,108.95615794851108,107.19184444891836,108.44647216796875,3416679.0
2020-08-10T00:00:00,109.77950523114744,113.38655090332031,109.30901685129305,113.38655090332031,5240117.0
2020-08-11T00:00:00,114.60195222195155,118.56185802166148,114.60195222195155,118.24820709228516,8433876.0
2020-08-12T00:00:00,118.01298376031824,118.83633255164966,115.93501906483151,116.0526351928711,4558323.0
2020-08-13T00:00:00,116.05261132396487,117.93454077564452,114.95482113798766,116.99357604980469,3766148.0
2020-08-14T00:00:00,116.87597862919088,116.87597862919088,112.48479325329691,112.75924682617188,5396625.0
2020-08-17T00:00:00,112.79843519000579,113.81780663659066,111.42619151112501,112.72001647949219,2790113.0
2020-08-18T00:00:00,112.01431356120209,113.1121038909479,109.93633705594557,110.0931625366211,4222679.0
2020-08-19T00:00:00,110.40682764043618,111.50461799183265,109.62268825657657,111.03414154052734,2655991.0
2020-08-20T00:00:00,109.58346850949505,109.9363288057889,108.25043407626474,108.6032943725586,4355260.0
2020-08-21T00:00:00,109.15219278179916,109.54426244837532,107.27026316824026,108.44647216796875,3499863.0
2020-08-24T00:00:00,109.34822033555328,112.52398681640625,109.34822033555328,112.52398681640625,4699613.0
2020-08-25T00:00:00,113.26891674030611,114.83719530220723,111.81826624955708,112.52398681640625,4007203.0
2020-08-26T00:00:00,111.70063460399898,112.72001802961775,111.11253016210532,112.01429748535156,2779859.0
2020-08-27T00:00:00,112.13193734367655,112.28876283506969,110.05397266142683,111.50462341308594,2761988.0
2020-08-28T00:00:00,111.50461194083158,111.89668161148501,110.05396133842397,110.17157745361328,4054412.0
2020-08-31T00:00:00,110.7596685014098,111.1125287691192,108.13279724121094,108.13279724121094,3518048.0
2020-09-01T00:00:00,108.21122900238987,108.87775222790407,105.27070647515102,106.09405517578125,6627536.0
2020-09-02T00:00:00,106.52532173031045,108.60328595352334,106.40769366398693,106.95658874511719,5301922.0
2020-09-03T00:00:00,108.60328543088467,111.73984241083802,108.13279709788553,108.87773895263672,6048829.0
2020-09-04T00:00:00,108.79933081175201,110.56364428437503,107.34866828158873,107.89757537841797,3997993.0
2020-09-07T00:00:00,109.11299578303189,111.62225150539432,109.11299578303189,111.50462341308594,3586846.0
2020-09-08T00:00:00,111.42621225438828,113.38656073201638,110.9557238337505,112.75924682617188,5209389.0
2020-09-09T00:00:00,112.36714844177072,112.60239259202855,110.13234696184317,110.72045135498047,4109948.0
2020-09-10T00:00:00,110.95570523947013,113.1120882034881,109.89711245294599,112.09270477294922,4562879.0
2020-09-11T00:00:00,111.73984260825844,113.2297023903624,111.38698234039333,112.13191223144531,3130904.0
2020-09-14T00:00:00,110.3676265709872,112.68083553417829,108.36806859889992,111.93590545654297,7746237.0
2020-09-15T00:00:00,125.46228970802116,127.30502187411425,122.83541823125293,124.01162719726562,19927694.0
2020-09-16T00:00:00,126.24642259574284,129.7750493142574,125.30545786380877,125.89356231689453,8124982.0
2020-09-17T00:00:00,124.67814405418082,126.20721323920064,124.01162088801067,125.89356231689453,4484133.0
2020-09-18T00:00:00,125.73673827475989,125.73673827475989,123.34511107888363,123.7763900756836,5188908.0
2020-09-21T00:00:00,123.18828342786355,123.18828342786355,116.48389031310435,116.99357604980469,6845613.0
2020-09-22T00:00:00,117.62089064141283,118.36582055580529,116.17022820416244,116.64071655273438,4895289.0
2020-09-23T00:00:00,117.89535985995653,120.20856862404086,116.91518564085153,117.46408081054688,3816417.0
2020-09-24T00:00:00,116.05261659077865,116.71913978288082,114.28830316287831,114.95482635498047,4012228.0
2020-09-25T00:00:00,115.34690147270364,116.3270756457721,113.5825879611804,115.42530822753906,4393263.0
2020-09-28T00:00:00,116.99357211718083,119.81647816482676,116.99357211718083,119.65965270996094,4448680.0
2020-09-29T00:00:00,119.97332787496926,122.2865367056988,119.54204881313413,120.79667663574219,4338822.0
2020-09-30T00:00:00,120.79666304276047,122.6785925998855,119.26759378196934,121.3455581665039,5194365.0
2020-10-01T00:00:00,125.57990398474395,131.38254197801248,125.54070659179568,128.71646118164062,12460324.0
2020-10-02T00:00:00,128.99092262388925,129.30457357678557,124.48212137715755,126.87374877929688,5907838.0
2020-10-05T00:00:00,128.5204216950015,129.10852614808724,125.89356231689453,125.89356231689453,4185315.0
2020-10-06T00:00:00,126.95214556821982,128.9517031397485,125.73673924740336,128.0891571044922,4739968.0
2020-10-07T00:00:00,127.42261159290702,128.7948551023691,127.030542018775,128.75564575195312,3547054.0
2020-10-08T00:00:00,129.8142661334096,129.97109160357806,128.4028129718607,128.48123168945312,2684778.0
2020-10-09T00:00:00,128.59885102312603,128.87330457656012,126.36404913092478,126.91295623779297,3166009.0
2020-10-12T00:00:00,126.91294901543992,126.95214640797124,125.26625171857894,125.57990264892578,2922482.0
2020-10-13T00:00:00,125.57989774496411,125.85435127206206,123.03144514911239,123.34510803222656,3179479.0
2020-10-14T00:00:00,123.7371937780903,124.71736798107736,122.3257405327855,124.24687957763672,2754351.0
2020-10-15T00:00:00,123.18828886304733,123.18828886304733,119.6988594047019,120.20855712890625,4645122.0
2020-10-16T00:00:00,121.07110462212403,122.44334841399079,119.77727954722761,121.3455581665039,3774554.0
2020-10-19T00:00:00,122.16891750188478,124.12926594714925,121.85525457163205,123.18830108642578,2442389.0
2020-10-20T00:00:00,122.48254776479773,125.30545383485048,121.58079241840008,124.4036865234375,2972913.0
2020-10-21T00:00:00,124.40369781364271,124.44290717248263,121.3455592643916,121.65921020507812,3172547.0
2020-10-22T00:00:00,120.95348681903916,124.05083465576172,119.9733126957082,124.05083465576172,3806776.0
2020-10-23T00:00:00,124.12925473648964,125.69753335106307,123.42352218092184,123.93321990966797,2575608.0
2020-10-26T00:00:00,121.93365016278693,122.6393706831893,119.89488338048992,120.36537170410156,3763587.0
2020-10-27T00:00:00,120.36539327126961,120.56142811373097,115.66055705219719,116.40548706054688,4381167.0
2020-10-28T00:00:00,113.7001973370097,114.01384826779503,110.1715705231025,111.81826782226562,7737042.0
2020-10-29T00:00:00,111.3869958652871,112.79844907314516,108.79933364505011,111.5830307006836,4746750.0
2020-10-30T00:00:00,110.21078425184453,113.62178312823099,110.21078425184453,113.38655090332031,2629800.0
2020-11-02T00:00:00,113.46496311002123,113.81782342936309,110.4068243890357,112.6024169921875,3722968.0
2020-11-03T00:00:00,112.91606583054491,117.1504135131836,112.87685647023926,117.1504135131836,3366791.0
2020-11-04T00:00:00,114.60194722669488,117.30723722596568,113.81780797241707,116.4446792602539,4621171.0
2020-11-05T00:00:00,117.38566546897619,121.0319208481084,116.4839099474263,120.79667663574219,3956362.0
2020-11-06T00:00:00,120.52220840229054,121.18873159542781,117.89534891790252,121.03190612792969,3116648.0
2020-11-09T00:00:00,122.32572223282861,140.32171551446282,122.16889677681523,132.99002075195312,15900301.0
2020-11-10T00:00:00,132.20587894895246,137.9300857552886,130.55918178013394,137.224365234375,8458638.0
2020-11-11T00:00:00,137.14598214345023,137.93012157700917,133.38212243438193,134.79356384277344,3983944.0
2020-11-12T00:00:00,133.34287559432954,134.44066570677614,130.40235354490306,131.77459716796875,4757671.0
2020-11-13T00:00:00,130.71601312177515,132.71557064112912,129.89266450027463,132.0882568359375,4147428.0
2020-11-16T00:00:00,132.87241466872464,136.9107396280118,132.55876370480718,136.00897216796875,5014734.0
2020-11-17T00:00:00,136.00894851212198,136.04815786704637,132.48032193920147,134.5190887451172,4125606.0
2020-11-18T00:00:00,134.51909873840302,137.067551452612,133.81336619238164,136.71469116210938,3612044.0
2020-11-19T00:00:00,132.71557506936134,136.59706216878553,132.36271478123479,135.65609741210938,3444911.0
2020-11-20T00:00:00,135.61688365591306,138.67503397219204,135.1464072753425,137.4988250732422,4182610.0
2020-11-23T00:00:00,137.73405572710467,139.65520647906084,137.459614166122,138.2045440673828,2717167.0
2020-11-24T00:00:00,141.576367373008,147.53581947867238,141.576367373008,147.45741271972656,7880705.0
2020-11-25T00:00:00,147.4573871341812,148.12389831215154,145.45782967023953,145.8498992919922,4235002.0
2020-11-26T00:00:00,145.84990602039073,146.24197566023048,144.08559264111182,144.94815063476562,1914578.0
2020-11-27T00:00:00,144.75211891991455,146.00673461530494,142.909386787133,143.22303771972656,2859231.0
2020-11-30T00:00:00,142.55652944903682,143.30145940313602,140.12569279353792,142.3997039794922,6152805.0
2020-12-01T00:00:00,142.7133623125736,146.20278004204795,142.3605019965624,145.6538848876953,3415614.0
2020-12-02T00:00:00,145.06577515685197,145.41863546017615,143.81114745056988,144.43846130371094,2328252.0
2020-12-03T00:00:00,144.55607298488528,146.08514210252946,144.1247940119561,145.96751403808594,3238213.0
2020-12-04T00:00:00,145.9675364078486,147.77105932057194,145.53626933384223,147.3005828857422,2290450.0
2020-12-07T00:00:00,147.3397685954772,148.5159775367876,146.83008284024913,147.8102569580078,3903985.0
2020-12-08T00:00:00,147.02611811020793,147.3789784006692,144.75211893610984,146.63404846191406,3031870.0
2020-12-09T00:00:00,146.86930438797026,147.49661826840546,145.65388598806777,146.12437438964844,3883215.0
2020-12-10T00:00:00,146.2419675567723,146.3987930110151,144.83051453855643,145.96751403808594,3996555.0
2020-12-11T00:00:00,145.4186206595515,146.12435315938734,141.49792443273688,142.67413330078125,4672443.0
2020-12-14T00:00:00,142.43887438339593,145.45781495141202,142.04680480131665,143.49746704101562,4213236.0
2020-12-15T00:00:00,142.04683095583124,144.90894661100833,137.2635883527532,139.341552734375,6637701.0
2020-12-16T00:00:00,138.2045374083763,140.43933896949645,137.4988168969778,139.10629272460938,3932908.0
2020-12-17T00:00:00,139.49838013321406,140.24332205864636,138.47900859002215,139.4591827392578,2305606.0
2020-12-18T00:00:00,139.34155532213617,139.34155532213617,135.96975383979634,136.28341674804688,4646740.0
2020-12-21T00:00:00,133.14687569557617,134.0486312411235,130.951282930092,132.51956176757812,3916968.0
2020-12-22T00:00:00,132.75481122332508,134.55833435058594,132.32353213299902,134.55833435058594,2080233.0
2020-12-23T00:00:00,134.55828709748667,135.342426271796,133.5389037778817,135.26400756835938,1332813.0
2020-12-28T00:00:00,135.5776584520774,135.6168678037957,133.4996944261634,135.26400756835938,1999654.0
2020-12-29T00:00:00,135.30325259830235,139.10632141752836,135.30325259830235,136.47946166992188,2645356.0
2020-12-30T00:00:00,136.12659120327135,137.06755599748413,134.87196350097656,134.87196350097656,2242121.0
2021-01-04T00:00:00,135.3816547384758,137.06756152928813,132.7940044412117,134.08782958984375,3570441.0
2021-01-05T00:00:00,132.16670132378954,135.26404963251602,131.97066646924966,133.93101501464844,1554905.0
2021-01-07T00:00:00,136.4402241648651,139.10629272460938,135.26401533585764,139.10629272460938,4242777.0
2021-01-08T00:00:00,139.61603164614792,140.4393804627169,138.94950832677813,139.53761291503906,2660546.0
2021-01-11T00:00:00,138.94946897135065,139.6943988458202,137.0283302535034,137.81246948242188,2553530.0
2021-01-12T00:00:00,137.30278209214322,139.45916494532355,136.98911922539892,139.10629272460938,2214802.0
2021-01-13T00:00:00,139.2631318419271,139.57678274748844,137.3811905135137,137.81246948242188,2941260.0
2021-01-14T00:00:00,138.59663655168512,142.94861253938086,138.40060170507735,140.87063598632812,3555145.0
2021-01-15T00:00:00,140.6353852900286,143.22303535371853,139.38075765034822,141.1842803955078,2950266.0
2021-01-18T00:00:00,140.2825210307066,144.90895024615372,140.1649049174818,144.6737060546875,2693326.0
2021-01-19T00:00:00,145.26180198844443,146.98690601581683,143.10541896297494,143.77194213867188,2654736.0
2021-01-20T00:00:00,143.88956181899363,145.22259623848242,143.6543176355506,144.28163146972656,2219527.0
2021-01-21T00:00:00,145.06576422455973,145.84990349063844,143.5366950487094,144.59527587890625,2577464.0
2021-01-22T00:00:00,144.20321184035163,144.20321184035163,142.3997010304144,143.22303771972656,2789905.0
2021-01-25T00:00:00,143.4974842560597,143.61510035878797,137.42040500477847,137.61643981933594,3965109.0
2021-01-26T00:00:00,137.61647365305706,140.75303145711536,136.28343897933598,139.53761291503906,2838073.0
2021-01-27T00:00:00,139.53760883240932,145.77151489257812,139.459202068613,145.77151489257812,7741040.0
2021-01-28T00:00:00,145.06576942828352,148.59439625221475,141.61556131977943,147.8102569580078,6521728.0
2021-01-29T00:00:00,151.45648097933412,152.39745758690574,139.65519564703118,140.3609161376953,9606922.0
2021-02-01T00:00:00,140.75299645547813,142.20365886512016,138.43978804322407,138.7926483154297,4618132.0
2021-02-02T00:00:00,139.1847481118577,141.57637575410732,138.1653644650771,140.792236328125,3136187.0
2021-02-03T00:00:00,141.53715079229335,143.7327433360913,140.47855789786783,141.3803253173828,3074425.0
2021-02-04T00:00:00,141.38029904069958,142.5565078314458,140.59615984686874,142.12522888183594,2644885.0
2021-02-05T00:00:00,142.39968628681297,144.5560691289232,141.73316316779113,144.04637145996094,2254221.0
2021-02-08T00:00:00,144.04640255834803,144.63450709679938,142.8701934814453,142.8701934814453,1845776.0
2021-02-09T00:00:00,142.71336833044805,142.9094031770558,140.51777565543765,140.87063598632812,2273787.0
2021-02-10T00:00:00,141.4587389429192,142.6741573712876,138.24377467354492,139.06712341308594,2315594.0
2021-02-11T00:00:00,139.10630334110368,141.53713989257812,138.55740823867856,141.53713989257812,2352069.0
2021-02-12T00:00:00,141.2234700963356,141.41950488993686,139.81201718940386,141.02743530273438,1623966.0
2021-02-15T00:00:00,141.02748360333942,146.1635873827483,140.83144874259807,145.53628540039062,3575544.0
2021-02-16T00:00:00,145.37941688037037,147.4966024960681,145.02655659942602,145.30101013183594,2237689.0
2021-02-17T00:00:00,144.9089456429249,146.16356134919587,144.51687599127467,145.10498046875,2528681.0
2021-02-18T00:00:00,145.26182006394816,148.55520306510707,144.79133165020372,147.45741271972656,3573132.0
2021-02-19T00:00:00,147.45741676374723,149.57459075362596,146.71248672573665,148.2023468017578,3281061.0
2021-02-22T00:00:00,148.00630649767425,149.49616651879623,146.51644647655226,148.98648071289062,2000193.0
2021-02-23T00:00:00,148.98647376643422,154.71069330941108,148.98647376643422,153.2992401123047,4890173.0
2021-02-24T00:00:00,152.4758801697213,155.10275153626316,151.8093689626248,154.63226318359375,3109873.0
2021-02-25T00:00:00,155.25955310387565,158.08245885540626,154.43620459592805,156.31814575195312,3397248.0
2021-02-26T00:00:00,153.06398477918592,160.67013338807942,151.73095039866078,156.04371643066406,4397101.0
2021-03-01T00:00:00,156.82784035792005,160.19964131861826,156.78863100482764,158.63136291503906,2590638.0
2021-03-02T00:00:00,158.39613881277208,159.41552229714463,157.3767553283995,157.61199951171875,2354429.0
2021-03-03T00:00:00,158.00407793396593,159.96442629542952,157.84725245805222,159.3371124267578,3053506.0
2021-03-04T00:00:00,158.78819581825965,161.06219482421875,158.2393007442366,161.06219482421875,2586541.0
2021-03-05T00:00:00,159.88599824013164,161.37587008686896,158.55296382516806,158.7882080078125,2024966.0
2021-03-08T00:00:00,160.04283445970293,164.04193767430354,159.88599702911714,163.72828674316406,2724246.0
2021-03-09T00:00:00,164.66926306252964,168.11947140735683,164.51243758594967,167.72740173339844,3050594.0
2021-03-10T00:00:00,167.80581776512642,170.23665449072138,166.70802748164164,168.27630615234375,3819297.0
2021-03-11T00:00:00,170.23663212423045,171.09917810078124,168.66835365957616,169.76614379882812,2667482.0
2021-03-12T00:00:00,169.37407836914062,173.53001879620132,169.13883420062484,172.51063537597656,3632545.0
2021-03-15T00:00:00,173.29478556923996,177.84279590930922,171.25601860006594,172.35382080078125,4127579.0
2021-03-16T00:00:00,174.0789066565069,179.95995080030778,173.84366249775186,175.17669677734375,4962375.0
2021-03-17T00:00:00,175.0983232918833,175.0983232918833,171.0992077285173,173.53004455566406,4051767.0
2021-03-18T00:00:00,174.86305292569105,176.1960872590273,169.53090362733056,171.09918212890625,5434305.0
2021-03-19T00:00:00,168.58995159509655,169.6877418427325,166.78642878968063,167.64898681640625,5381882.0
2021-03-22T00:00:00,167.41375295941148,168.04106683891385,164.1203700482953,165.84547424316406,2818720.0
2021-03-23T00:00:00,164.747674134644,166.00228985405312,163.49304645021851,165.0613250732422,2479300.0
2021-03-24T00:00:00,163.33622737893424,164.9045060633887,160.43491420569688,161.92477416992188,4850495.0
2021-03-25T00:00:00,159.10186331286343,160.12124682232078,154.51465546783,158.94503784179688,6983926.0
2021-03-26T00:00:00,157.29833605090923,161.61110186325703,156.90626643160488,161.06219482421875,3677728.0
2021-03-29T00:00:00,160.67012340080308,161.062193015705,156.51419505485475,156.6710205078125,3868950.0
2021-03-30T00:00:00,157.37676836551444,159.4939422607422,156.43580351930402,159.4939422607422,2715980.0
2021-03-31T00:00:00,156.82787186308767,159.33711541989365,153.1816286282777,154.2794189453125,5907819.0
2021-04-01T00:00:00,154.2872704573811,155.57325864829784,152.5464799597353,153.2365264892578,2097856.0
2021-04-06T00:00:00,155.71438518662416,157.494384765625,153.55016500439226,157.494384765625,5060040.0
2021-04-07T00:00:00,157.45518466909687,159.14107949411397,156.45148725322352,158.0432891845703,2473670.0
2021-04-08T00:00:00,157.84727067311422,158.7490262374404,155.65167786190736,156.2633056640625,2955254.0
2021-04-09T00:00:00,156.5925966634616,156.86705017089844,155.29092271307124,156.86705017089844,2505061.0
2021-04-12T00:00:00,156.86707402213182,157.0631088529605,154.69500474634515,155.2282257080078,2520407.0
2021-04-13T00:00:00,154.78909357401167,159.61155746484567,154.78909357401167,158.4353485107422,4216118.0
2021-04-14T00:00:00,158.43535615790455,159.92521611900654,157.41597262214262,159.68997192382812,3193452.0
2021-04-15T00:00:00,159.80760030102113,160.86618123376678,158.90583287866352,160.51332092285156,3393580.0
2021-04-16T00:00:00,160.31727414014134,163.72828480983162,159.88599514115512,163.61065673828125,3016611.0
2021-04-19T00:00:00,163.33621178290483,163.84589752067885,162.08158416913167,162.5128631591797,2101529.0
2021-04-20T00:00:00,162.31683613902047,163.10097544403988,156.74944228737607,157.25914001464844,3039254.0
2021-04-21T00:00:00,158.043288937204,160.709357950504,157.41597506201077,160.0428466796875,2597188.0
2021-04-22T00:00:00,160.82694967260056,162.63046020414433,159.4547061155477,162.5912628173828,2139915.0
2021-04-23T00:00:00,162.04236380756535,163.4146074322387,160.90536434012466,163.25778198242188,2453370.0
2021-04-26T00:00:00,163.2577971614619,167.3353190608853,163.21858780410844,165.25735473632812,2194037.0
2021-04-27T00:00:00,165.21813001766952,165.25733937137744,162.63046821813964,163.25778198242188,2643142.0
2021-04-28T00:00:00,163.25779228804888,164.00272219546363,162.04237403646925,162.86572265625,2592457.0
2021-04-29T00:00:00,163.21859290518282,167.49216172493541,163.21859290518282,165.0613250732422,3530687.0
2021-04-30T00:00:00,164.74767021689146,165.76704172560278,163.21858902379233,163.72828674316406,1366934.0
2021-05-03T00:00:00,164.08117049670318,164.4340308359506,161.41510130570293,163.8067169189453,1792513.0
2021-05-04T00:00:00,163.92431623342057,166.43355949595122,162.3168283423411,162.5128631591797,3727795.0
2021-05-05T00:00:00,162.9833615603253,166.1199188232422,162.94415220153556,166.1199188232422,1935719.0
2021-05-06T00:00:00,166.08071433453657,166.90406303319907,163.37543600894554,165.1005401611328,2612898.0
2021-05-07T00:00:00,166.66881776619547,167.21771290676654,165.17894585319786,166.04150390625,1446617.0
2021-05-10T00:00:00,166.04149494834098,167.02166906255786,164.27718154275058,166.31594848632812,1638101.0
2021-05-11T00:00:00,164.27718252946616,165.4141821157838,161.3366601691535,161.96397399902344,2282290.0
2021-05-12T00:00:00,161.37585012130268,161.45425686247282,158.39611876149925,158.63136291503906,1869498.0
2021-05-14T00:00:00,160.1996669444662,166.15911865234375,160.1996669444662,166.15911865234375,3692408.0
2021-05-17T00:00:00,166.23753356933594,166.9432541616898,163.57146470375875,166.23753356933594,2484123.0
2021-05-18T00:00:00,166.62959741267846,168.70756172381846,166.62959741267846,168.1978759765625,3753656.0
2021-05-19T00:00:00,165.84546311915796,168.04105556763943,164.82607962896842,166.59039306640625,2948566.0
2021-05-20T00:00:00,167.5705721478841,167.5705721478841,163.76750358275132,166.9824676513672,3175715.0
2021-05-21T00:00:00,167.41375078023847,168.4331343255337,166.23754175836325,167.72740173339844,2209073.0
2021-05-24T00:00:00,169.53091915693753,171.02079104892104,167.13929182995034,168.51153564453125,3001079.0
2021-05-25T00:00:00,168.78600123671234,168.9428267194224,167.06089699686672,167.41375732421875,2780619.0
2021-05-26T00:00:00,168.00183218667212,168.31548309669714,166.08069344148453,166.47276306152344,2017614.0
2021-05-27T00:00:00,165.68864198922122,168.15867608029973,165.41418843909403,166.74722290039062,8910529.0
2021-05-28T00:00:00,166.8648327210972,168.98200627680586,165.53179840565213,168.47232055664062,2356285.0
2021-05-31T00:00:00,168.27630194149754,169.021231898437,165.5710117302186,166.1199188232422,2051723.0
2021-06-01T00:00:00,167.0608909940698,167.96264646101412,165.41419357223936,166.5511932373047,2365843.0
2021-06-02T00:00:00,166.55118838062626,168.9820250819651,166.00229324436103,167.57057189941406,4738910.0
2021-06-03T00:00:00,167.76658761254427,167.76658761254427,164.23796104079872,165.6494140625,2215604.0
2021-06-04T00:00:00,165.57101188456653,167.10009312367708,163.6890823110686,164.120361328125,2012404.0
2021-06-07T00:00:00,164.12035445163437,165.2181446626757,163.02255227557714,163.61065673828125,1772519.0
2021-06-08T00:00:00,163.76751026827176,164.90450994828385,163.45384734498137,164.6692657470703,260755.0
2021-06-09T00:00:00,166.23753980927782,167.37453945742283,164.47322629715106,165.1005401611328,1506482.0
2021-06-10T00:00:00,165.10054422682074,165.10054422682074,162.16002163419753,163.02256774902344,2520225.0
2021-06-11T00:00:00,164.5908315563674,165.53180827278632,163.57146005527352,165.25735473632812,2113516.0
2021-06-14T00:00:00,166.15912134795659,166.9824700479003,163.29701754317063,164.51243591308594,2133150.0
2021-06-15T00:00:00,166.00228215765284,166.159107619681,159.80758666992188,159.80758666992188,4658618.0
2021-06-16T00:00:00,160.39571190280856,161.2190606413769,159.6115725260801,160.43492126464844,2704086.0
2021-06-17T00:00:00,160.39571433389918,161.1406443600785,159.96443527715823,160.47412109375,2438468.0
2021-06-18T00:00:00,160.47410285171264,161.9247653417493,155.65165094594303,156.23191833496094,4132073.0
2021-06-21T00:00:00,155.62029977082543,157.80804328013895,154.2872533114766,156.7965087890625,2582739.0
2021-06-22T00:00:00,157.76881064353185,157.76881064353185,155.32230007534866,156.6710205078125,2071940.0
2021-06-23T00:00:00,156.57693091185251,156.68672190113125,154.74204780702993,155.243896484375,2126148.0
2021-06-24T00:00:00,155.87121847273724,158.35693876745592,155.60461396630438,158.16090393066406,2294660.0
2021-06-28T00:00:00,158.00407375127543,158.00407375127543,154.75773742922954,155.21253967285156,2463671.0
2021-06-29T00:00:00,155.33800032467056,157.84724369503797,155.32231418844498,157.61199951171875,2170129.0
2021-06-30T00:00:00,157.61198883808305,160.5133016624974,155.16547821328192,159.18026733398438,3655991.0
2021-07-01T00:00:00,156.65535944391632,157.92566137069107,151.338895572208,157.45518493652344,9502701.0
2021-07-02T00:00:00,156.04370919461184,160.51330048205747,156.04370919461184,158.70977783203125,4140211.0
2021-07-05T00:00:00,158.74900364368054,160.59173583984375,157.29835307426927,160.59173583984375,2708192.0
2021-07-06T00:00:00,160.67013095028938,161.65030503360012,158.51374796700577,159.1018524169922,2834238.0
2021-07-07T00:00:00,160.0428420089959,161.06221356579144,158.12169107884284,159.0626678466797,2749573.0
2021-07-08T00:00:00,158.20009773253014,158.592167367555,152.04459967663357,152.7816925048828,5676725.0
2021-07-09T00:00:00,154.00495174359833,156.12213739824827,153.048300852761,155.55755615234375,3537756.0
2021-07-12T00:00:00,156.04371653129328,156.6396580759669,155.07137951786345,156.0280303955078,1809913.0
2021-07-13T00:00:00,156.10644213364424,157.5335693359375,155.77710508696117,157.5335693359375,3190976.0
2021-07-14T00:00:00,156.82786943348285,158.51376424388602,155.9025907470334,158.16090393066406,1928961.0
2021-07-15T00:00:00,157.61198485151212,157.61198485151212,149.94310415772932,150.1313018798828,4231202.0
2021-07-16T00:00:00,150.9468291433234,152.4837475773903,148.98648071289062,148.98648071289062,4510423.0
2021-07-19T00:00:00,147.90434624514785,148.10823011429028,142.79176678614854,143.87387084960938,4705014.0
2021-07-20T00:00:00,145.20692843995113,145.6460565548417,142.85451023847432,144.01504516601562,3753319.0
2021-07-21T00:00:00,145.06578667388294,147.778914218986,144.54825180657733,147.32411193847656,2975359.0
2021-07-22T00:00:00,147.9200190314016,149.67649515656777,145.9596710205078,145.9596710205078,2795335.0
2021-07-23T00:00:00,146.68109993166834,147.35546022844295,145.91264674488403,147.01043701171875,2452727.0
2021-07-26T00:00:00,146.47722857298356,148.0611933626077,145.74013569172234,147.2456817626953,1685163.0
2021-07-27T00:00:00,146.9006570381006,146.96338961937488,144.94030874209196,145.41079711914062,2715101.0
2021-07-28T00:00:00,145.53625264472015,147.18293792531904,145.30100847177297,146.0224151611328,1767767.0
2021-07-29T00:00:00,146.24197135259857,147.05747091483732,145.191227620382,145.33236694335938,1900258.0
2021-07-30T00:00:00,144.32867700244364,145.06576985557183,141.08234079346553,141.23916625976562,5315734.0
2021-08-02T00:00:00,142.27422318200323,144.10910610055717,142.13307189941406,142.13307189941406,2359099.0
2021-08-03T00:00:00,142.4310631551021,142.4937957354245,141.28621450299656,141.92921447753906,2017463.0
2021-08-04T00:00:00,142.41537644986406,143.0897367293658,141.5371442588911,141.6939697265625,2330102.0
2021-08-05T00:00:00,141.30189873827666,141.86647998856628,140.00022463538573,141.25485229492188,2604431.0
2021-08-06T00:00:00,141.2548530649318,141.63123657883796,140.0943302507951,141.45872497558594,2059815.0
2021-08-09T00:00:00,141.1450800084471,141.49010322953708,140.09433617332155,140.9098358154297,1399810.0
2021-08-10T00:00:00,140.9098153826344,141.78805944488082,139.41995565125748,140.5491180419922,1872847.0
2021-08-11T00:00:00,140.4236793428602,141.11372581494362,139.9688770739886,140.3452606201172,1485725.0
2021-08-12T00:00:00,140.28251536081407,141.23916625976562,140.047283143872,141.23916625976562,1240449.0
2021-08-13T00:00:00,141.14507317121095,142.5565262959263,140.92551512570148,141.27053833007812,1525823.0
2021-08-16T00:00:00,141.11370357189114,141.11370357189114,136.64410031043946,136.7068328857422,3694686.0
2021-08-17T00:00:00,136.75390014664606,138.55742307488515,136.75390014664606,137.3184814453125,3202714.0
2021-08-18T00:00:00,137.36551175030257,137.5066630408905,136.20498897942926,137.13027954101562,2245305.0
2021-08-19T00:00:00,135.35814744734284,135.90705463199401,133.72713596256375,134.32308959960938,2952362.0
2021-08-20T00:00:00,134.32308608009254,137.64782958904988,134.2917138026393,137.14598083496094,3128631.0
2021-08-23T00:00:00,138.2908241784347,139.74932393171042,137.7732893061393,139.3258819580078,2595020.0
2021-08-24T00:00:00,139.84341191083712,140.6745977258803,138.77698189256995,138.93380737304688,2756565.0
2021-08-25T00:00:00,137.6164179069528,138.82398690774113,136.44020920689337,137.96144104003906,2203406.0
2021-08-26T00:00:00,137.4125872136985,137.4125872136985,134.9974365234375,134.9974365234375,2710355.0
2021-08-27T00:00:00,135.62474506188948,136.51866342792863,134.90332634226368,135.76588439941406,2171905.0
2021-08-30T00:00:00,136.03248092177662,136.33045768131356,135.35812065257244,135.65609741210938,1421325.0
2021-08-31T00:00:00,135.5776821912756,135.98543798351716,134.27602002741628,135.62474060058594,3634948.0
2021-09-01T00:00:00,137.20871299575515,141.63125886640128,136.9107481509898,141.39602661132812,5402839.0
2021-09-02T00:00:00,140.80003869140393,141.6155501937173,138.71422546108207,140.04727172851562,3317943.0
2021-09-03T00:00:00,140.01591203457644,140.6275397337383,137.74191284179688,137.74191284179688,3467829.0
2021-09-06T00:00:00,138.52605491705955,139.46701970652285,138.1653455658401,138.60446166992188,1875282.0
2021-09-07T00:00:00,138.71425627156654,138.71425627156654,137.3498613613985,137.47532653808594,1803508.0
2021-09-08T00:00:00,137.22438582761743,137.91443228229886,136.17364197345572,136.4559326171875,2372200.0
2021-09-09T00:00:00,135.42086466583734,136.22069016080192,134.80923692410474,135.73452758789062,2623895.0
2021-09-10T00:00:00,135.92271181579193,136.65980471788444,134.96606085329103,135.0131072998047,2281901.0
2021-09-13T00:00:00,135.01310245232236,136.4716020669649,133.4761960846445,136.03248596191406,3103306.0
2021-09-14T00:00:00,136.67548905041693,138.2123954529825,135.4208613232062,137.16165161132812,3929475.0
2021-09-15T00:00:00,133.5232298961499,134.87195035692034,131.73539337187566,132.95864868164062,8861882.0
2021-09-16T00:00:00,132.95865157881903,135.53062740539795,132.017686855805,135.2483367919922,4427387.0
2021-09-17T00:00:00,136.44023084278632,137.74190488220054,136.0168009082259,136.18930053710938,6407420.0
2021-09-20T00:00:00,134.49556634184756,137.02049566211485,132.95864816059193,136.72251892089844,4957086.0
2021-09-21T00:00:00,136.76958006520843,138.40059130219205,136.37751040146284,136.48728942871094,3052980.0
2021-09-22T00:00:00,137.82032492750878,141.0509871172468,137.27142978714593,140.9098358154297,3286186.0
2021-09-23T00:00:00,141.72535390997314,142.47812100406645,140.1884354815887,140.61187744140625,3472029.0
2021-09-24T00:00:00,139.9845445031399,140.23546284535226,139.18471910512017,139.2631378173828,1900788.0
2021-09-27T00:00:00,140.75301534657902,143.60728214297302,140.67459662444594,142.6976776123047,3136800.0
2021-09-28T00:00:00,143.18383741748116,146.9947547996358,142.88586066206074,142.9329071044922,6033996.0
2021-09-29T00:00:00,144.2816407353993,145.2226055645833,142.7604084784603,144.83053588867188,3861602.0
2021-09-30T00:00:00,149.1432914607658,149.69218657405932,139.7336199242504,139.8590850830078,13418301.0
2021-10-01T00:00:00,138.36921524854722,142.3212717447875,137.38119215072572,141.66259765625,6024494.0
2021-10-04T00:00:00,141.6625966332709,142.88585192172582,139.92180657969584,140.04727172851562,2975868.0
2021-10-05T00:00:00,140.43933934679455,140.59616479808054,136.61273611733844,136.80093383789062,4131134.0
2021-10-06T00:00:00,135.07583744277343,135.5306396925491,129.6495946842689,130.16712951660156,8740662.0
2021-10-07T00:00:00,132.3470501382532,132.94299178909145,131.1237945594169,132.51956176757812,3841371.0
2021-10-08T00:00:00,132.51955427709186,133.00571686042713,130.98263583861976,131.24925231933594,3077873.0
2021-10-11T00:00:00,130.85717890045498,130.95127179389667,127.15604020153391,128.48907470703125,5058911.0
2021-10-12T00:00:00,127.21875672157788,130.13575570011,126.3875590627362,129.43002319335938,3481854.0
2021-10-13T00:00:00,129.22618225372088,131.43744925525615,128.59886830799528,131.06106567382812,2878723.0
2021-10-14T00:00:00,131.1865016961319,131.3276410209134,128.03425849417272,128.94386291503906,5715361.0
2021-10-15T00:00:00,129.3829958923309,132.7861578823796,128.91250748489736,132.15884399414062,4998643.0
2021-10-18T00:00:00,131.34333741540388,133.97804603559115,130.65329097808777,132.5352325439453,3721208.0
2021-10-19T00:00:00,132.53524175409927,135.93840380187092,132.33135785707853,134.49559020996094,4615260.0
2021-10-20T00:00:00,132.67638907046293,132.69207520925707,130.30828464330943,131.79815673828125,6080984.0
2021-10-21T00:00:00,131.28058201135795,133.02137197377172,130.637594096105,132.39405822753906,2817657.0
2021-10-22T00:00:00,132.66069682077978,132.75480168419165,130.81013933893203,130.95127868652344,3219082.0
2021-10-25T00:00:00,131.73540818547627,132.73910557635477,130.16712951660156,130.16712951660156,4127395.0
2021-10-26T00:00:00,130.70034075668167,134.5896771866326,130.59056172658313,133.61734008789062,4394001.0
2021-10-27T00:00:00,133.61732864852218,133.80552638330047,131.64130627592158,132.42544555664062,2594069.0
2021-10-28T00:00:00,132.58227165260365,133.36641093706544,130.88852792656232,131.21786499023438,3607542.0
2021-10-29T00:00:00,131.1852475386363,132.42531055454552,130.9404964574157,131.36473083496094,4554004.0
2021-11-01T00:00:00,131.91947380574706,134.69329833984375,131.88684614117085,134.69329833984375,2745649.0
2021-11-02T00:00:00,134.3180203049606,134.8727902266185,133.58377954384258,134.18748474121094,2306653.0
2021-11-03T00:00:00,134.18748455523132,134.69330675192117,131.70737109020737,134.67698669433594,2724297.0
2021-11-04T00:00:00,135.4275676112743,137.94032156439482,135.36229981980333,137.48345947265625,3670647.0
2021-11-05T00:00:00,137.28767035070516,140.90995223776147,136.651324878499,140.4857177734375,2841851.0
2021-11-08T00:00:00,135.590722734593,136.96132137617525,133.1921844482422,133.1921844482422,8373106.0
2021-11-09T00:00:00,133.38796321503247,136.76549279482867,133.06163678597744,135.21542358398438,4436714.0
2021-11-10T00:00:00,135.34594964299097,137.84239542916035,134.70960437844457,137.72817993164062,3370264.0
2021-11-11T00:00:00,137.04286346412687,137.9565998192719,135.5091143992864,135.8517608642578,3092631.0
2021-11-12T00:00:00,135.55807627277778,137.1570932763027,134.74224771424912,136.2596893310547,2489267.0
2021-11-15T00:00:00,135.656001237074,139.5067138671875,135.656001237074,139.5067138671875,3388840.0
2021-11-16T00:00:00,139.50672466540854,141.48102886567665,139.0988102658021,140.6488800048828,3698847.0
2021-11-17T00:00:00,140.6488449438475,141.70942460815422,137.0592041015625,137.0592041015625,4866213.0
2021-11-18T00:00:00,136.6512917097163,137.18974157813653,134.98700682834794,135.37860107421875,4159988.0
2021-11-19T00:00:00,136.24336473790416,137.09182093315903,129.97780759232992,131.6910400390625,10425096.0
2021-11-22T00:00:00,131.7889469945053,133.29008108428187,130.9894384495054,132.53952026367188,4904552.0
2021-11-23T00:00:00,131.3484111919298,141.1057272149812,131.20156801186738,139.66986083984375,8990964.0
2021-11-24T00:00:00,137.87504950310088,139.3435436443248,135.96601334378877,137.27133178710938,4981001.0
2021-11-25T00:00:00,137.67925739366825,137.95664863365315,134.54647793524174,137.25503540039062,3194669.0
2021-11-26T00:00:00,132.16423937723152,133.22481909651333,128.81933698147134,130.0104522705078,8160598.0
2021-11-29T00:00:00,130.94047622398725,134.48116897971158,130.5978297426483,132.67002868652344,4166408.0
2021-11-30T00:00:00,131.23419061673195,132.08264689321223,129.782016687766,130.53257751464844,4203037.0
2021-12-01T00:00:00,132.73532452545172,136.73289255005227,132.245834783713,136.43919372558594,5076435.0
2021-12-02T00:00:00,134.31802850947284,136.70024667491253,133.6164153721575,134.66067504882812,4117884.0
2021-12-03T00:00:00,136.1291683615728,136.29233160105184,130.2062568734384,130.71206665039062,4929283.0
2021-12-06T00:00:00,132.4089756933338,136.5696938147024,132.00106141975516,136.3412628173828,4772167.0
2021-12-07T00:00:00,137.05920197500276,139.49036766729694,136.6023399601884,139.47406005859375,4652353.0
2021-12-08T00:00:00,139.0987717533406,139.58827387676308,136.3086395263672,136.3086395263672,4628632.0
2021-12-09T00:00:00,136.45548587130054,137.01025578733288,134.48118217169355,135.32965087890625,3320792.0
2021-12-10T00:00:00,134.35065261062428,136.8307786132786,133.89379057028188,135.01963806152344,2884585.0
2021-12-13T00:00:00,135.7049179300779,137.40184280678832,133.46955567162405,134.20379638671875,3773541.0
2021-12-14T00:00:00,134.20380401611328,137.49974606595268,134.12221617710642,137.0592041015625,4456271.0
2021-12-15T00:00:00,136.74918068228573,137.6302770301817,132.49055455839982,133.2248077392578,6305438.0
2021-12-16T00:00:00,136.1617884608379,136.1617884608379,133.29008074968405,134.18748474121094,4172001.0
2021-12-17T00:00:00,133.79590362287385,138.348229154601,133.71431577538803,137.22238159179688,6435130.0
2021-12-20T00:00:00,134.5627875118912,137.04290127777276,133.37167213480834,135.6233673095703,3220261.0
2021-12-21T00:00:00,136.8960504316463,140.69781494140625,136.83078264559444,140.69781494140625,4611270.0
2021-12-22T00:00:00,140.69780057346657,141.83995559134522,139.4577376622297,141.69309997558594,3249194.0
2021-12-23T00:00:00,142.49263893411342,145.5112025328131,142.49263893411342,145.31539916992188,3792098.0
2021-12-27T00:00:00,144.4832601046442,146.26176060123376,144.23850901788265,146.00070190429688,1814633.0
2021-12-28T00:00:00,146.00071509678068,146.3270416095777,144.5974886843482,145.21751403808594,1986559.0
2021-12-29T00:00:00,145.21750225823385,146.2780820116291,144.36904592465217,145.10328674316406,1629411.0
2021-12-30T00:00:00,145.10327732971456,145.98437372390296,144.12428548569076,145.2827606201172,1680442.0
2022-01-03T00:00:00,145.49488201662973,147.74657711285218,145.1359154100692,146.29440307617188,2854084.0
2022-01-04T00:00:00,146.8491442325111,147.59970503142827,143.94479648279264,144.8585205078125,3706640.0
2022-01-05T00:00:00,144.85852379255815,145.42960132114504,143.60215322966695,145.2338104248047,1468474.0
2022-01-07T00:00:00,141.98683394167136,145.11962588573596,141.98683394167136,143.3900604248047,2696248.0
2022-01-10T00:00:00,143.39001438419788,145.85381996910118,143.0636879597381,144.3690185546875,2529287.0
2022-01-11T00:00:00,143.87949982251763,145.3643010651391,142.68838485879724,143.66738891601562,3460915.0
2022-01-12T00:00:00,144.8748577378279,146.26176399693267,143.39004357261098,144.77696228027344,2801305.0
2022-01-13T00:00:00,144.40166144861377,146.88177490234375,143.58583285285889,146.88177490234375,2940689.0
2022-01-14T00:00:00,145.78855842123806,148.15446866956427,143.30844512317287,143.5695037841797,2829462.0
2022-01-17T00:00:00,143.78164321183613,144.8095828111559,141.83996707567505,142.5415802001953,2496671.0
2022-01-18T00:00:00,142.3131376554824,142.70473188324706,140.38778173351835,141.69309997558594,2735717.0
2022-01-19T00:00:00,141.18731245341314,143.60217087633362,141.18731245341314,142.57421875,1900387.0
2022-01-20T00:00:00,143.81428421452142,144.63011292572182,142.10103894157731,142.867919921875,3068042.0
2022-01-21T00:00:00,141.54627870358627,142.23157182031858,139.06616494603014,140.84466552734375,3232357.0
2022-01-24T00:00:00,140.32252456994922,140.8120267281044,135.2480694878723,136.9939422607422,4188064.0
2022-01-25T00:00:00,137.89135227394203,141.2199344271964,137.8750322164863,140.7957000732422,4020198.0
2022-01-26T00:00:00,141.95416903825486,144.6627258250962,141.35045142408333,144.1079559326172,4072069.0
2022-01-27T00:00:00,141.1873054665894,146.32702849823815,141.1873054665894,145.75595092773438,4758585.0
2022-01-28T00:00:00,156.3127748497525,156.5248858179915,147.66498615098982,153.11471557617188,10820914.0
2022-01-31T00:00:00,155.00744213453268,155.52957196799093,148.92135498178007,149.5740203857422,5607189.0
2022-02-01T00:00:00,150.71618951939553,151.4341102675051,147.48550258295194,147.5181427001953,4152375.0
2022-02-02T00:00:00,147.66498091574277,148.97031169331572,144.3200785785601,144.46693420410156,4499356.0
2022-02-03T00:00:00,144.45062110681744,145.46225313061288,142.3621017209046,142.8842315673828,3195314.0
2022-02-04T00:00:00,143.58585606638727,144.15693368603053,139.16406585635167,139.2946014404297,4267519.0
2022-02-07T00:00:00,141.8399737005928,143.45531098884487,140.32253186964158,140.33885192871094,4683923.0
2022-02-08T00:00:00,140.5346305142944,142.85159320512886,139.83301741855598,142.36209106445312,3668360.0
2022-02-09T00:00:00,143.17793735112645,146.31071658243732,143.08004189032238,145.11961364746094,3843427.0
2022-02-10T00:00:00,146.70229520900415,149.8187537834291,146.03330982555798,149.28030395507812,4628083.0
2022-02-11T00:00:00,147.5670838289547,150.25930829895648,147.5670838289547,149.9656219482422,2683444.0
2022-02-14T00:00:00,146.60440940600432,146.8981082249397,142.78633720840182,145.18487548828125,5155216.0
2022-02-15T00:00:00,144.76063125239494,147.6649791263147,144.43429233767787,147.25706481933594,3019738.0
2022-02-16T00:00:00,148.10553978945254,149.16611961113986,145.80490928103254,146.27809143066406,2681801.0
2022-02-17T00:00:00,146.03330931918995,146.2943804284751,143.47160818996875,144.0590057373047,3009867.0
2022-02-18T00:00:00,143.08000901832403,145.1195803068801,141.56256748169608,141.87257385253906,3276619.0
2022-02-21T00:00:00,142.7700144641529,144.59747513077468,139.5393275166274,140.20831298828125,2807820.0
2022-02-22T00:00:00,137.5323902983643,140.0777716100578,137.17342371367792,138.42979431152344,3100390.0
2022-02-23T00:00:00,138.73981021925965,140.6325385533201,136.32496452583504,136.4065399169922,2961327.0
2022-02-24T00:00:00,130.46731315178116,132.65374035571006,128.2482582799833,132.01739501953125,6571010.0
2022-02-25T00:00:00,134.61171584158916,135.78651098979384,131.57683252491248,135.41122436523438,3699320.0
2022-02-28T00:00:00,132.3274012805958,132.75163565374146,125.65392906329457,130.90786743164062,7749981.0
2022-03-01T00:00:00,129.40671975330605,132.34370749311566,124.20174210408192,124.52806854248047,5492109.0
2022-03-02T00:00:00,123.23907369842476,124.0875424643858,120.171562460356,123.40223693847656,4759398.0
2022-03-03T00:00:00,121.55845146396764,122.78219426394047,115.55395296082541,116.36978149414062,6315709.0
2022-03-04T00:00:00,113.75913231289462,115.37446931808961,109.14153984146643,114.0038833618164,8750875.0
2022-03-07T00:00:00,107.68938442942871,114.49339254890698,102.69651072877848,110.05528259277344,14887947.0
2022-03-08T00:00:00,107.49357333557893,114.65654754638672,107.15092681268469,114.65654754638672,7404218.0
2022-03-09T00:00:00,118.19726090021292,122.53746292224676,116.77771454245521,119.97576141357422,7203626.0
2022-03-10T00:00:00,119.86153692716384,120.23682356212235,113.20437253524071,116.66349029541016,6786405.0
2022-03-11T00:00:00,116.663485980856,122.29269815715318,116.663485980856,118.2951431274414,6250210.0
2022-03-14T00:00:00,119.74731119670281,122.65165878529645,118.0667064088237,119.71468353271484,6308659.0
2022-03-15T00:00:00,117.47930293142262,119.372031009513,114.49336766092912,115.94554138183594,7821272.0
2022-03-16T00:00:00,117.62616118997798,118.91517186761077,114.86866899596833,116.924560546875,9509701.0
2022-03-17T00:00:00,116.81035368613192,117.87093354391094,112.40488344435289,113.43282318115234,7532780.0
2022-03-18T00:00:00,114.21599745142093,116.69611077585867,113.98756645240256,115.78238677978516,6259463.0
2022-03-21T00:00:00,114.24862878541803,116.01082150463115,112.894362804474,113.67755126953125,3547354.0
2022-03-22T00:00:00,115.03182282902131,115.74975591957705,113.93861558553357,114.0038833618164,3241394.0
2022-03-23T00:00:00,114.2159973005546,115.21130913005818,111.7521915874756,112.92698669433594,3684136.0
2022-03-24T00:00:00,112.9269996987645,113.30228635333378,110.56110160450935,112.3885498046875,4351252.0
2022-03-25T00:00:00,112.50275141544847,115.30920360299952,112.11115719930703,114.93392944335938,3912176.0
2022-03-28T00:00:00,115.19501532919664,117.46301822521396,114.68920549511695,114.80342102050781,3358435.0
2022-03-29T00:00:00,114.98288307769197,122.21112485860057,114.98288307769197,120.82421875,6684621.0
2022-03-30T00:00:00,120.87315154725216,121.36264117001832,117.16928324735886,118.19723510742188,5848625.0
2022-03-31T00:00:00,109.32103310636016,110.07159392938301,102.94125366210938,102.94125366210938,24270799.0
2022-04-01T00:00:00,103.398121422668,107.05303651562934,101.89699969338582,106.5309066772461,10090762.0
2022-04-04T00:00:00,106.53089847607644,108.12991553678266,105.56821426933769,107.65674591064453,5877818.0
2022-04-05T00:00:00,107.65675206128158,109.15787376076344,105.99245467609153,107.10198211669922,5672105.0
2022-04-06T00:00:00,107.1019829001985,107.36305404039582,104.62186931110955,107.08566284179688,5795086.0
2022-04-07T00:00:00,107.4609475403996,108.1299205400205,105.796650173286,106.1556167602539,4696093.0
2022-04-08T00:00:00,107.15091936799845,107.83621236617381,105.58453003707373,107.68936920166016,4143810.0
2022-04-11T00:00:00,107.68936920166016,108.24412664345282,106.48194642650991,107.68936920166016,3966855.0
2022-04-12T00:00:00,106.46563845242704,107.24883943105145,104.9808243393156,107.16725158691406,4006699.0
2022-04-13T00:00:00,107.16726178625409,107.18358184634623,104.55661235664027,105.86193084716797,4175495.0
2022-04-14T00:00:00,105.97613071805306,105.97613071805306,104.08341482934603,105.24188995361328,2385824.0
2022-04-19T00:00:00,105.56820790185262,107.39566830956181,104.47500064792244,107.00407409667969,4143408.0
2022-04-20T00:00:00,107.28146696824294,108.74996102101778,105.66612973446921,106.05772399902344,3357721.0
2022-04-21T00:00:00,106.87356358204674,108.29311005309087,106.12300264461054,106.43302154541016,3886849.0
2022-04-22T00:00:00,105.02978241571154,105.79665087191245,103.69181773479913,103.77339935302734,5234000.0
2022-04-25T00:00:00,102.79441053636246,102.9412599432427,100.83642051938554,102.4843978881836,4927775.0
2022-04-26T00:00:00,104.13237704590884,104.45870355361761,101.99490356445312,101.99490356445312,3848570.0
2022-04-27T00:00:00,101.99488414093986,102.66386331319167,100.10216212498759,101.88066864013672,4035736.0
2022-04-28T00:00:00,102.77809443514036,103.26759037251894,101.04853548383896,101.9459457397461,4297335.0
2022-04-29T00:00:00,103.12073916174575,103.44707185570552,101.2280170059132,102.12542724609375,3831063.0
2022-05-02T00:00:00,101.30960757165332,103.77340749132537,89.82273805476818,103.69182586669922,6447470.0
2022-05-03T00:00:00,104.58923369824086,104.91557263754068,102.94126251258919,103.64287567138672,3931994.0
2022-05-04T00:00:00,103.65918378503991,104.4260646893716,100.44482321382957,100.60798645019531,6719620.0
2022-05-05T00:00:00,101.48779582597996,103.48202196405765,99.5438423087621,99.62763214111328,6384675.0
2022-05-06T00:00:00,99.47681983685968,102.20841217041016,98.50483976510047,102.20841217041016,7476837.0
2022-05-09T00:00:00,101.88998961541834,101.88998961541834,99.27571104568591,99.44329071044922,3703956.0
2022-05-10T00:00:00,100.88448588652817,102.29217662514033,99.72816461278207,101.16937255859375,4625111.0
2022-05-11T00:00:00,102.20839701364068,104.2361403061218,101.11911004547916,101.48779296875,7799083.0
2022-05-12T00:00:00,100.13037428045587,104.72212982177734,98.87350765768863,104.72212982177734,6724042.0
2022-05-13T00:00:00,105.52652198566106,108.35866548783147,104.70536632592865,108.34190368652344,4974264.0
2022-05-16T00:00:00,108.24135560812505,110.01773593023059,107.53751331462577,109.36416625976562,4496225.0
2022-05-17T00:00:00,110.43668605126808,112.63200905212618,110.03449230133802,111.44217681884766,5147767.0
2022-05-18T00:00:00,111.44217717955752,112.90014710784769,109.24685417159372,109.28036499023438,4737667.0
2022-05-19T00:00:00,106.98448701637658,107.52075598924263,104.9064647238776,105.97899627685547,6944433.0
2022-05-20T00:00:00,106.58229860932606,108.67707654105618,104.75565199714721,105.15785217285156,4598379.0
2022-05-23T00:00:00,106.49849697951792,107.42019788888113,104.93998185944292,106.6828384399414,3120543.0
2022-05-24T00:00:00,105.79465669087307,106.85042006825103,101.15262845541532,101.99053955078125,6645630.0
2022-05-25T00:00:00,102.74466080400522,103.98476564506971,102.15811920166016,102.15811920166016,2592805.0
2022-05-27T00:00:00,105.15782433275906,111.49242907556933,104.77238606249448,111.02320098876953,9363117.0
2022-05-30T00:00:00,111.30811030739244,113.13476320065911,111.19080326180716,112.63201141357422,3415246.0
2022-05-31T00:00:00,112.28008266632331,114.27431509161018,111.74382009635224,112.7995834350586,9333429.0
2022-06-01T00:00:00,113.5034409528716,114.37486285375266,112.59849544877869,113.26881408691406,3136813.0
2022-06-02T00:00:00,113.93914283124408,114.40837098110818,112.29684430671973,114.07321166992188,1983645.0
2022-06-03T00:00:00,115.63171643732227,115.933364904666,113.28556311192737,113.78831481933594,2004183.0
2022-06-07T00:00:00,113.30234238337174,115.88311016072139,111.96167948055071,115.33008575439453,4628826.0
2022-06-08T00:00:00,117.54215990608338,119.56990309272346,116.20149712516883,118.64820861816406,4043941.0
2022-06-09T00:00:00,117.30754854855925,118.96660886951803,116.28529603122402,117.12320709228516,4527825.0
2022-06-10T00:00:00,116.55342628307338,117.0561652163795,113.87210083007812,113.87210083007812,2801793.0
2022-06-13T00:00:00,113.11798872751758,113.5704550568043,111.07348377446493,111.30809783935547,3987032.0
2022-06-14T00:00:00,111.86112466913428,112.6152394965208,109.69931263564962,111.64327239990234,3100924.0
2022-06-15T00:00:00,115.59821712605694,115.61496614193202,104.386962890625,104.386962890625,11127403.0
2022-06-16T00:00:00,104.38697370005555,104.73889485249879,100.31472495677001,101.62186431884766,6719030.0
2022-06-17T00:00:00,102.6943852119804,104.42048647281642,100.3314761003064,104.40372467041016,8977508.0
2022-06-20T00:00:00,104.6550916844149,106.36443099780608,103.14684923355385,103.90097045898438,2657427.0
2022-06-21T00:00:00,104.82268811079173,105.69411651153479,103.2306555785257,103.51554870605469,3536518.0
2022-06-22T00:00:00,102.22514595201349,102.89547733502988,100.63311371191497,102.69437408447266,3305836.0
2022-06-23T00:00:00,102.3089447640839,103.06306603803505,100.71691238413248,101.78944396972656,2614822.0
2022-06-27T00:00:00,103.76691693914776,105.6438425756618,103.07983003072448,103.54906463623047,3900084.0
2022-06-28T00:00:00,102.96251952751972,103.3982369042644,101.00181051043283,102.0073013305664,4910739.0
2022-06-29T00:00:00,105.57679253675717,108.89492592782163,100.54932622548301,104.25289154052734,14470183.0
2022-06-30T00:00:00,102.39272559838622,105.64382449534027,100.34822702647855,102.35921478271484,9298656.0
2022-07-01T00:00:00,101.70563619952118,105.4594803410862,101.4877839394744,104.0350341796875,5683366.0
2022-07-04T00:00:00,104.87295392782437,106.09630333850292,103.43174584619494,105.96223449707031,3211974.0
2022-07-05T00:00:00,106.61581085281145,107.00124920714961,102.34246534986133,104.20262908935547,3622720.0
2022-07-06T00:00:00,105.710871102885,107.77212532033445,105.42597799479336,107.25262451171875,4966433.0
2022-07-07T00:00:00,107.78888429176475,109.17981979789015,107.40343955692548,108.9284439086914,3618025.0
2022-07-08T00:00:00,109.26360559853512,110.77184818081278,108.82790101905088,110.10151672363281,3038058.0
2022-07-11T00:00:00,109.51498412886858,110.57076035462691,108.3251518368552,109.36416625976562,1947308.0
2022-07-12T00:00:00,108.71058618953079,112.26332092285156,108.0067311778562,112.26332092285156,3566607.0
2022-07-13T00:00:00,111.92816701994214,112.17954290872306,109.0960233916606,110.16854858398438,2760068.0
2022-07-14T00:00:00,110.16854896323059,110.77184598417811,106.98449058665281,107.83915710449219,4024952.0
2022-07-15T00:00:00,107.77212496985277,109.39767460050358,106.18009894413797,109.21333312988281,3332276.0
2022-07-18T00:00:00,109.14629097328458,109.95069122314453,107.87267535714297,109.95069122314453,3681476.0
2022-07-19T00:00:00,108.71058369363806,112.31359096246217,108.42568422105708,112.17953491210938,3183054.0
2022-07-20T00:00:00,112.41415668470327,113.36937483102328,111.49244935689065,111.97843933105469,2948518.0
2022-07-21T00:00:00,112.21305080290983,113.53695184951202,110.97294597888707,112.56497192382812,2933366.0
2022-07-22T00:00:00,112.84986365712544,113.26881921769184,111.86113467123303,112.66553497314453,2187902.0
2022-07-25T00:00:00,112.5482329842348,113.9726793970571,111.59300198913755,113.03421020507812,2530973.0
2022-07-26T00:00:00,111.8611265399632,111.8946373567486,106.38118743896484,106.38118743896484,6021860.0
2022-07-27T00:00:00,106.91744361354131,107.60453038613458,106.49848810847826,106.6995849609375,2390635.0
2022-07-28T00:00:00,107.57102723529528,107.67157247231144,105.47624316798255,106.8839340209961,3152320.0
2022-07-29T00:00:00,107.67157225340632,109.17981473312378,106.80014397543114,108.3586654663086,3506382.0
2022-08-01T00:00:00,108.57651408687762,108.92843518938238,106.28063323471861,106.80014038085938,2718195.0
2022-08-02T00:00:00,106.41471893188962,106.73312287612083,105.07406233413334,105.15785217285156,2636454.0
2022-08-03T00:00:00,105.15784407092242,108.04026032858769,104.78916113766168,107.8726806640625,2521710.0
2022-08-04T00:00:00,108.1910727842594,110.78860220387183,108.09052754767072,110.67129516601562,3820121.0
2022-08-05T00:00:00,110.8556395566552,111.14052625820004,108.24134826660156,108.24134826660156,2024995.0
2022-08-08T00:00:00,108.94520764086458,112.17954508256612,108.7273425664618,112.1292724609375,2458033.0
2022-08-09T00:00:00,112.04546903440736,112.17953787380767,108.8446426176432,108.86140441894531,2055340.0
2022-08-10T00:00:00,108.42567686583543,111.94491324815266,108.30836983879199,111.81084442138672,2751786.0
2022-08-11T00:00:00,112.09574645704983,112.19629169815515,110.5372312923734,111.44217681884766,1901520.0
2022-08-12T00:00:00,111.44216918812816,112.90013901186848,111.44216918812816,111.60974884033203,2109973.0
2022-08-15T00:00:00,111.71030433322531,111.84436038065138,110.8723933056512,110.97293853759766,1938348.0
2022-08-16T00:00:00,112.02870180293104,112.16277063583286,108.86139914229429,112.0119400024414,3679811.0
2022-08-17T00:00:00,112.22980254607286,114.12347682286978,110.01771799462146,110.13502502441406,4512431.0
2022-08-18T00:00:00,110.18530795659608,111.14052608449526,108.32514432034365,109.01223754882812,2963085.0
2022-08-19T00:00:00,108.09053184862177,108.71059066511017,106.69959635476081,106.81690979003906,3826492.0
2022-08-22T00:00:00,106.63256759210526,107.05152313902548,103.06306454237378,103.24740600585938,4215227.0
2022-08-23T00:00:00,102.92898803919407,104.63832731055557,102.64410135701074,104.13558197021484,2996344.0
2022-08-24T00:00:00,103.78366740010281,103.91772984934218,102.39273193181319,102.72789764404297,3438216.0
2022-08-25T00:00:00,102.72789036070644,103.64959120942471,94.86828724956736,97.51608276367188,8822184.0
2022-08-26T00:00:00,97.19768977158137,97.68367975470035,93.02488958754115,93.1589584350586,6502960.0
2022-08-29T00:00:00,90.4943981530316,95.22021621182513,90.2765394786179,94.48285675048828,6844488.0
2022-08-30T00:00:00,92.7064767994502,95.48834119189704,92.7064767994502,93.36004638671875,4448856.0
2022-08-31T00:00:00,94.3990658647742,94.44933848417162,93.04164760625567,93.05840301513672,3928611.0
2022-09-01T00:00:00,92.3713264603315,93.22599944171938,90.94688001502496,92.28753662109375,4137028.0
2022-09-02T00:00:00,93.84603116681333,94.85152180078492,92.23724359535738,94.56663513183594,4083914.0
2022-09-05T00:00:00,93.42707569258553,93.84603118896484,91.96911235515654,93.84603118896484,2567117.0
2022-09-06T00:00:00,92.55565366080505,97.08037460177528,92.55565366080505,95.11965942382812,4692047.0
2022-09-07T00:00:00,93.00813678249682,93.9968721859849,91.34906990815914,92.90758514404297,5102647.0
2022-09-08T00:00:00,92.58917889882407,93.3935728080996,89.06995474664932,91.5501708984375,6866117.0
2022-09-09T00:00:00,91.78477462588037,94.49960456224078,91.58367776945651,93.94658660888672,3215657.0
2022-09-12T00:00:00,92.32104168497435,98.58861928350858,92.32104168497435,98.30372619628906,5571721.0
2022-09-13T00:00:00,97.49933543311687,98.23669489462573,94.46609497070312,94.46609497070312,4425596.0
2022-09-14T00:00:00,94.68394974754314,96.25922023841169,93.09191745553807,94.9353256225586,4170037.0
2022-09-15T00:00:00,93.393582203982,96.32627142342301,89.0364464922003,90.44413757324219,7657693.0
2022-09-16T00:00:00,89.45538568891473,91.49988430843457,88.98615115278798,91.01390075683594,5977260.0
2022-09-19T00:00:00,90.79605579787876,93.05841342233305,89.97490003027949,92.10319519042969,3265486.0
2022-09-20T00:00:00,91.90208851776008,93.14219974256899,89.4721450805664,89.4721450805664,3954161.0
2022-09-21T00:00:00,89.45539708753117,90.61171218507755,88.93588986777594,90.3770980834961,3674404.0
2022-09-22T00:00:00,89.20401248252753,90.56143072854093,88.90236398341345,89.69000244140625,2997849.0
2022-09-23T00:00:00,89.89109700249301,90.31005253020244,87.24330139160156,87.24330139160156,4046345.0
2022-09-26T00:00:00,87.31032815822475,89.06994646342775,86.30483746332641,87.4276351928711,3704177.0
2022-09-27T00:00:00,87.98066442744815,89.84082806961202,87.46115725038976,89.10346221923828,4833742.0
2022-09-28T00:00:00,88.33258812121404,88.7515436782975,85.38314381215851,88.7012710571289,6024437.0
2022-09-29T00:00:00,84.04249077620507,86.85787274740797,82.28287224963721,83.51460266113281,14628068.0
2022-09-30T00:00:00,83.70730841861247,87.29356640037116,83.2296994143643,86.69026947021484,6597688.0
2022-10-03T00:00:00,85.63451066708717,90.49439753632484,85.46693100652901,90.0251693725586,7206148.0
2022-10-04T00:00:00,91.08093570924363,95.30400849902718,90.67874195369538,95.13642883300781,9218548.0
2022-10-05T00:00:00,94.61691057169156,94.71746219519338,89.55592725833412,89.65647888183594,5023229.0
2022-10-06T00:00:00,91.76801323423736,92.35455479115458,88.08120981477519,88.36609649658203,4405841.0
2022-10-07T00:00:00,88.09796658463928,89.38835035850298,87.17626571552347,87.4276351928711,4287455.0
2022-10-10T00:00:00,86.18753508420414,90.175993655883,85.61775528825001,89.84082794189453,4977062.0
2022-10-11T00:00:00,89.13698677889548,91.56693041816116,88.7180311994619,90.36033630371094,4259467.0
2022-10-12T00:00:00,90.49439974417865,92.27077359610412,90.34357548889484,92.11994934082031,3877346.0
2022-10-13T00:00:00,91.33230558217821,94.3823013305664,89.37159676939469,94.3823013305664,5169662.0
2022-10-14T00:00:00,95.33752204531426,95.72296037654331,92.77351617582111,94.13092803955078,3659747.0
2022-10-17T00:00:00,94.04713541706012,96.69493743046996,93.25950336913456,96.35977172851562,4579628.0
2022-10-18T00:00:00,97.53284576404225,98.75619510815592,97.13064565438316,98.38751220703125,3651200.0
2022-10-19T00:00:00,98.38751242692732,98.72267812026666,95.35427856445312,95.35427856445312,4831320.0
2022-10-20T00:00:00,95.55537414833005,96.79547888655853,93.54438640788102,95.72295379638672,4023312.0
2022-10-21T00:00:00,94.70070667821675,94.70070667821675,92.58917358660997,92.9243392944336,3887068.0
2022-10-24T00:00:00,93.82928833150173,95.2369792433237,93.2595085245082,94.96884155273438,3056062.0
2022-10-25T00:00:00,95.68944142232985,98.05235037872124,94.36554679319163,97.76746368408203,4575506.0
2022-10-26T00:00:00,97.90152999129127,98.0858714563877,96.6949423526904,97.49933624267578,2662575.0
2022-10-27T00:00:00,97.19768407789283,97.43229815455052,95.67268618686364,96.32625579833984,2889034.0
2022-10-28T00:00:00,93.8628020577074,95.3542892404183,92.52214552700255,92.77352142333984,4973764.0
2022-10-31T00:00:00,93.69522744535969,94.19797287241272,92.80704364447416,93.17572021484375,3718326.0
2022-11-01T00:00:00,93.9298284825444,96.81224457263396,93.76224882776181,95.45482635498047,3881039.0
2022-11-02T00:00:00,95.52185695801538,96.35976798396288,94.98559441282929,95.53861236572266,2631234.0
2022-11-03T00:00:00,94.85152703317381,95.18669272723793,92.2204868828144,92.84054565429688,3748876.0
2022-11-04T00:00:00,93.51086666341249,97.21443176269531,93.51086666341249,97.21443176269531,2455276.0
2022-11-07T00:00:00,96.7787347290725,98.05235682351757,96.29274474335806,97.43230438232422,2704264.0
2022-11-08T00:00:00,97.43231155478516,99.37626524799217,97.26473187491155,99.2254409790039,3322078.0
2022-11-09T00:00:00,98.60537965099068,99.09136962890625,97.717195920338,99.09136962890625,3073041.0
2022-11-10T00:00:00,98.42793614712906,103.83871459960938,96.94600185537394,103.83871459960938,5967167.0
2022-11-11T00:00:00,104.25228753981602,106.80259064454359,103.90765056384666,106.68196868896484,5373317.0
2022-11-14T00:00:00,107.68140677330997,108.19835890981041,106.02715073374429,107.11275482177734,3463709.0
2022-11-15T00:00:00,107.42293950213534,107.95712716153714,105.14834458694664,107.5780258178711,3933827.0
2022-11-16T00:00:00,106.83704491822314,107.26783945418373,101.42626659830277,101.56411743164062,3529210.0
2022-11-17T00:00:00,101.96044375881276,102.6669530815281,98.97934647154706,99.41014099121094,3673247.0
2022-11-18T00:00:00,99.61692689712643,102.18445854815629,99.61692689712643,101.40902709960938,3436435.0
2022-11-21T00:00:00,101.40903319514547,101.40903319514547,99.11720963546301,100.80592346191406,2287208.0
2022-11-22T00:00:00,99.9443320720011,101.4779595641201,98.60025522693554,100.63360595703125,3707469.0
2022-11-23T00:00:00,101.23671402980392,102.8048058480103,100.54744015598455,101.90875244140625,4090739.0
2022-11-24T00:00:00,101.90876129564981,102.3567913245799,101.04717216521867,101.78813934326172,1617074.0
2022-11-25T00:00:00,102.35678024946328,102.7875747680664,101.23671187173409,102.7875747680664,2124277.0
2022-11-28T00:00:00,101.13332161474706,101.39180096241074,99.61692960022225,100.42681884765625,3346751.0
2022-11-29T00:00:00,101.23671010033348,103.18390313090113,100.94377298804234,101.34010314941406,2989053.0
2022-11-30T00:00:00,102.04662048597382,102.40848634942962,100.47852850426186,100.51299285888672,6066519.0
2022-12-01T00:00:00,101.75367052286882,103.3906911135134,100.4612868839499,101.3228759765625,3814023.0
2022-12-02T00:00:00,102.32231898949793,104.49352053653496,101.4951942776075,103.9937973022461,4196370.0
2022-12-05T00:00:00,103.80426567684161,104.45906871056013,103.21838478065938,103.71810150146484,2542579.0
2022-12-06T00:00:00,103.13220748829545,103.42515118583003,98.39346767503638,98.65194702148438,5634502.0
2022-12-07T00:00:00,98.53133182844856,101.30564983362345,98.13500162390976,100.54744720458984,4470564.0
2022-12-08T00:00:00,100.80592597221232,101.65028619316588,99.47907795265857,100.35790252685547,3355089.0
2022-12-09T00:00:00,101.11609643488835,101.51242662868178,100.0304923376436,101.3228759765625,2484972.0
2022-12-12T00:00:00,100.03048665743036,100.11664424711854,97.9109783987676,99.51353454589844,3193394.0
2022-12-13T00:00:00,100.18557117559105,104.20057920336802,99.44460408525798,103.95933532714844,6314361.0
2022-12-14T00:00:00,103.82147842616487,104.56244552005785,101.70197019482079,102.89096069335938,3645019.0
2022-12-15T00:00:00,101.61582111153191,101.77090741331362,95.84317016601562,95.84317016601562,7388075.0
2022-12-16T00:00:00,95.96378785699626,97.08385627276833,94.53355342482568,96.01548767089844,14677052.0
2022-12-19T00:00:00,96.49797295653555,97.35956200079033,95.58469067311435,96.46350860595703,2509977.0
2022-12-20T00:00:00,94.96436065594324,95.58470591849371,93.809827734329,94.15446472167969,3650206.0
2022-12-21T00:00:00,95.25728860906713,97.53188330281453,95.25728860906713,97.32510375976562,3492213.0
2022-12-22T00:00:00,97.3595625078707,98.41070219908066,96.13610763627342,96.56690216064453,1977778.0
2022-12-23T00:00:00,96.49797743055555,97.8937541133869,96.3945843740263,96.92877197265625,1500060.0
2022-12-27T00:00:00,97.65250446457897,98.47963577692224,97.37679621826558,97.75589752197266,1573476.0
2022-12-28T00:00:00,97.7558918139314,98.46239456469392,96.997695824192,97.4112548828125,1551080.0
2022-12-29T00:00:00,97.04939438745986,98.49686431884766,96.27396289325155,98.49686431884766,1798592.0
2022-12-30T00:00:00,98.22114858144171,98.3417705187397,96.63582793500957,96.70475006103516,2274124.0
2023-01-02T00:00:00,97.85928836779095,100.09941864013672,97.1700144808832,100.09941864013672,2053024.0
2023-01-03T00:00:00,100.09942431630027,101.35734364384504,99.46185020746871,100.44406127929688,2775139.0
2023-01-04T00:00:00,100.87485508845995,104.44183349609375,100.54744701801994,104.44183349609375,4120322.0
2023-01-05T00:00:00,105.11386619691463,109.66305541992188,105.11386619691463,109.66305541992188,3657953.0
2023-01-09T00:00:00,110.92098477782017,112.04104008341743,109.3873506676883,111.17945098876953,4726261.0
2023-01-10T00:00:00,110.49019482097341,111.12776236354553,109.18057566159281,109.97323608398438,2221615.0
2023-01-11T00:00:00,110.28341442103125,113.02326168758616,110.28341442103125,112.21337890625,3305641.0
2023-01-12T00:00:00,112.43737295700244,113.88483627540741,111.71364129779995,113.33341979980469,3275145.0
2023-01-13T00:00:00,113.3334268483687,113.55744843310622,110.66250846944502,111.8859634399414,2468088.0
2023-01-16T00:00:00,112.42013694700286,113.33341924775823,111.93764917655139,112.93709564208984,1925966.0
2023-01-17T00:00:00,112.60970017778926,112.81648630829645,109.33566532560211,110.43849182128906,2696624.0
2023-01-18T00:00:00,110.92099008777603,112.02382312997513,109.80092158175314,111.00714111328125,2061089.0
2023-01-19T00:00:00,109.93877040024219,110.69696645943716,107.9915771484375,107.9915771484375,2364389.0
2023-01-20T00:00:00,108.8531612543333,109.6458282040281,106.47518012545794,108.38790893554688,3735057.0
2023-01-23T00:00:00,108.80146761810818,109.68029215796624,107.9571140035498,109.33565521240234,2216309.0
2023-01-24T00:00:00,110.26617755099086,110.85205841064453,109.0944158316835,110.85205841064453,1929188.0
2023-01-25T00:00:00,110.40402998525053,110.71420259621726,109.18057500499475,109.99047088623047,1558043.0
2023-01-26T00:00:00,111.02437382401423,113.24727531711454,109.49074625189805,113.04048919677734,4437100.0
2023-01-27T00:00:00,105.11386780091138,109.30119125721338,104.09719242317956,108.38790893554688,12130985.0
2023-01-30T00:00:00,110.85205188778396,112.00657807579337,108.49129312472101,111.14498901367188,5624001.0
2023-01-31T00:00:00,111.1449900029441,111.98934361023291,109.47350510406204,110.38678741455078,4554767.0
2023-02-01T00:00:00,110.3867935076453,112.29952239990234,109.68029726775937,112.29952239990234,2917932.0
2023-02-02T00:00:00,113.67805792982708,118.14108276367188,113.21279249465708,118.14108276367188,5068402.0
2023-02-03T00:00:00,117.69308847738431,119.05438782682812,116.34899829921143,118.46851348876953,3087977.0
2023-02-06T00:00:00,117.46905108642117,118.1238671960177,115.72865062423423,116.05604553222656,2742008.0
2023-02-07T00:00:00,116.31453514123892,116.90040945222368,114.36734839691022,115.40125274658203,3759747.0
2023-02-08T00:00:00,116.31451807038175,117.6069016044971,115.65971514594649,117.0899429321289,3173384.0
2023-02-09T00:00:00,118.03771093382834,118.60636291545852,114.26394633349126,115.64249420166016,3437164.0
2023-02-10T00:00:00,114.6947459568663,115.62526383689418,110.73144366801499,111.59303283691406,3192793.0
2023-02-13T00:00:00,109.66305575116037,111.12775454044264,106.64749400689445,110.38678741455078,5743047.0
2023-02-14T00:00:00,110.74866220396648,111.47240707270166,109.16334134255978,110.05939483642578,3663099.0
2023-02-15T00:00:00,109.62859344482422,110.76589077522901,108.90486176793165,109.62859344482422,3375956.0
2023-02-16T00:00:00,110.28340159757937,111.71364261728141,109.97322900471394,111.33454132080078,3273684.0
2023-02-17T00:00:00,111.19670260842476,113.35067565801242,110.05940510117863,112.43739318847656,3520354.0
2023-02-20T00:00:00,112.7303157958793,113.24727451967884,110.85205784990018,110.9554443359375,1714698.0
2023-02-21T00:00:00,112.17888973398266,112.17888973398266,109.30118551215321,109.7147445678711,1655760.0
2023-02-22T00:00:00,109.42182125113499,110.19725279515444,107.76757167282915,108.90486907958984,2248893.0
2023-02-23T00:00:00,108.90486584862856,110.00769886811388,108.30174952188274,108.31898498535156,2160708.0
2023-02-24T00:00:00,109.24950287910421,109.24950287910421,107.6297111289911,108.1122055053711,1991233.0
2023-02-27T00:00:00,111.59303008280307,113.00603575905232,110.81759196184724,112.66139221191406,4141010.0
2023-02-28T00:00:00,112.81648105106244,114.50518835768567,112.23059361533132,113.76422119140625,3655020.0
2023-03-01T00:00:00,113.76422403119673,114.72921280587614,112.50631125154966,112.78201293945312,1979380.0
2023-03-02T00:00:00,112.0755022323574,114.81534902830292,112.04103130905953,113.72975158691406,1927443.0
2023-03-03T00:00:00,113.90206758283577,115.28061529495815,113.8503743443221,114.76365661621094,2086359.0
2023-03-06T00:00:00,115.4529417166047,118.45126816366141,115.4529417166047,116.83148956298828,3837966.0
2023-03-07T00:00:00,116.31453058271698,117.55522101242168,114.8325962524371,115.14276885986328,2533114.0
2023-03-08T00:00:00,115.14276321811134,116.60746201320968,115.14276321811134,116.05604553222656,2805489.0
2023-03-09T00:00:00,115.9526562054957,117.4862836664398,115.5390971416066,116.95210266113281,2377849.0
2023-03-10T00:00:00,114.53966027800357,115.12553457200957,113.17834788411075,113.97100830078125,2876304.0
2023-03-13T00:00:00,114.81536337623562,115.71142343868348,112.00658752950018,114.48796844482422,3750611.0
2023-03-14T00:00:00,114.3328772249485,116.57301426680024,113.43683029629206,115.7286605834961,3541181.0
2023-03-15T00:00:00,113.12666071011515,113.29897591484469,104.94156359079177,105.92377471923828,8311640.0
2023-03-16T00:00:00,107.0610635373344,108.4568336740614,105.04494162270196,108.02603912353516,5085827.0
2023-03-17T00:00:00,108.52576944058816,108.99102837423523,104.68308258869233,105.73422241210938,4677635.0
2023-03-20T00:00:00,105.97545346418372,105.97545346418372,103.32175760469968,105.49296569824219,2885683.0
2023-03-21T00:00:00,106.35456109022306,108.42236968088613,106.1650104356182,107.28507232666016,2594687.0
2023-03-22T00:00:00,107.31954643384356,109.19781111401947,107.2333888303023,107.5780258178711,1744728.0
2023-03-23T00:00:00,107.56077954159059,107.66417259948976,105.90653005562274,106.78535461425781,2400649.0
2023-03-24T00:00:00,106.3373198224704,106.37178417355393,103.94210329608943,104.42459106445312,2833725.0
2023-03-27T00:00:00,105.51020483907384,106.97491031477848,104.92432396347266,105.131103515625,2599616.0
2023-03-28T00:00:00,106.1133217484184,106.97491088931793,104.07997085002326,105.02771759033203,2132679.0
2023-03-29T00:00:00,105.95822856688025,106.02715069789477,104.35567234288861,105.8548355102539,4052032.0
2023-03-30T00:00:00,113.21278970094424,125.99878049313575,111.42069614443916,123.12106323242188,19783306.0
2023-03-31T00:00:00,124.9304198427422,128.80757080337904,123.72420035815551,127.360107421875,9186570.0
2023-04-03T00:00:00,128.37677201605158,129.75531979306714,125.3784457198696,126.36065673828125,6042465.0
2023-04-04T00:00:00,127.3601103067105,129.54854089168975,126.29173506272939,128.97988891601562,4742076.0
2023-04-05T00:00:00,130.96153389984985,131.39232841925727,126.91206804678139,127.5841064453125,4060503.0
2023-04-06T00:00:00,127.58410664862762,130.09994506835938,127.30839184530092,130.09994506835938,1690794.0
2023-04-11T00:00:00,130.9615373451133,132.2883787151995,129.6691537528918,130.89260864257812,3802235.0
2023-04-12T00:00:00,130.80647245643667,131.16833832567335,128.97989449915644,129.53131103515625,3527371.0
2023-04-13T00:00:00,129.8931584619178,131.46125681944247,129.39343524293102,131.16831970214844,2946628.0
2023-04-14T00:00:00,131.8231230496442,134.1838817508342,131.68526564808448,133.35675048828125,4062479.0
2023-04-17T00:00:00,133.35676158361827,135.5279698250104,133.33952612028796,134.87315368652344,4039856.0
2023-04-18T00:00:00,135.0627106421178,135.52797614609094,133.27060362956897,133.8564910888672,1994608.0
2023-04-19T00:00:00,133.92540828953852,134.7353041257532,133.08105467482378,133.5807647705078,1878565.0
2023-04-20T00:00:00,133.5463199453979,133.8909503510502,131.5991331745285,133.40846252441406,2356479.0
2023-04-21T00:00:00,133.40848795492457,133.80482482910156,132.44351211770726,133.80482482910156,1931944.0
2023-04-24T00:00:00,133.97710842021027,134.1149658349116,132.87427539621288,133.51185607910156,2133476.0
2023-04-25T00:00:00,134.39067923100583,134.39067923100583,130.97879337401085,131.77145385742188,2233228.0
2023-04-26T00:00:00,131.1510775332991,131.77142265984781,129.16942022053533,130.4101104736328,3468642.0
2023-04-27T00:00:00,130.49629874927612,131.61635412945412,128.94543564628188,129.23837280273438,3861560.0
2023-04-28T00:00:00,129.87594640412541,130.61691356020398,128.29061245955305,129.13497924804688,3557712.0
2023-05-02T00:00:00,129.23834757709804,129.70359984378157,125.13718874683443,125.89537811279297,3595186.0
2023-05-03T00:00:00,126.96378162768463,128.44571606362518,125.6024691506319,126.77423095703125,3028395.0
2023-05-04T00:00:00,125.92985358846006,126.22279069832878,124.41344850809489,126.15386199951172,2706120.0
2023-05-05T00:00:00,126.88521093124794,127.51963806152344,125.81021015190561,127.51963806152344,1912316.0
2023-05-08T00:00:00,127.51965509884847,127.74874858668471,126.40941419515246,127.71350860595703,1660658.0
2023-05-09T00:00:00,127.64301277923418,127.67825275929373,126.00407807899836,126.26842498779297,2197338.0
2023-05-10T00:00:00,126.990960969501,127.07908108897463,122.97293091396614,124.3122787475586,2223729.0
2023-05-11T00:00:00,124.69997357704382,126.67373498607844,124.69997357704382,126.32128143310547,2488242.0
2023-05-12T00:00:00,126.88522146798515,127.96022233659714,125.56350041102696,126.00407409667969,2245744.0
2023-05-15T00:00:00,126.00407732501586,127.04382479607945,124.68235623419402,125.86309051513672,1972092.0
2023-05-16T00:00:00,125.56349476178488,127.2024293364852,125.21104120721672,126.88521575927734,2752856.0
2023-05-17T00:00:00,127.18481516032706,129.1233367919922,126.99096165263629,129.1233367919922,1491748.0
2023-05-19T00:00:00,132.17210726376163,132.34833405106488,127.00858306884766,127.00858306884766,2878570.0
2023-05-22T00:00:00,127.59014047145241,128.1717009561584,126.92045987261217,127.83686065673828,1480995.0
2023-05-23T00:00:00,127.34342684153789,128.5065344255825,126.6737462082239,126.70899963378906,1443187.0
2023-05-24T00:00:00,125.26392423139676,125.26392423139676,122.49712178697344,123.14916229248047,2378780.0
2023-05-25T00:00:00,123.0962900485153,123.0962900485153,120.06514081769728,121.19300842285156,3594669.0
2023-05-26T00:00:00,122.33848652301528,122.47947331628025,119.80079147044877,122.09176635742188,1982196.0
2023-05-29T00:00:00,122.69096511521639,122.93768530415448,120.31185645079024,121.01677703857422,934376.0
2023-05-30T00:00:00,121.95079836654395,122.4618654869954,120.98154426519893,121.14014434814453,1344583.0
2023-05-31T00:00:00,120.17087861282371,121.03439924193923,119.16637118235506,119.34259796142578,9223082.0
2023-06-01T00:00:00,120.5762004355148,122.86718892909062,120.5762004355148,122.5323486328125,2840455.0
2023-06-02T00:00:00,123.90694128751369,125.89834298757161,122.39136670588675,125.42251586914062,2160039.0
2023-06-05T00:00:00,125.24630487183691,125.96885227416736,123.1139295393583,123.95982360839844,1955922.0
2023-06-07T00:00:00,125.22867169999486,128.43604789064702,125.22867169999486,126.95572662353516,2931236.0
2023-06-08T00:00:00,125.810229375522,127.57252424106538,125.52826918856132,126.28605651855469,2113207.0
2023-06-09T00:00:00,126.74425178264177,127.1143321151524,124.59424975499023,126.19794464111328,1765386.0
2023-06-12T00:00:00,126.19794923888668,127.87212415341719,125.38729513167497,127.74876403808594,2167190.0
2023-06-13T00:00:00,128.75324675294848,129.0704603374318,126.67373846472269,128.20693969726562,2618839.0
2023-06-14T00:00:00,128.1364456899889,128.54177938583996,126.92045804767722,128.29505920410156,2012516.0
2023-06-15T00:00:00,132.13687600208962,137.15941372042462,130.14547418297855,133.00039672851562,7901346.0
2023-06-16T00:00:00,133.82866954347838,135.76719110732833,132.3130949610476,135.150390625,6167059.0
2023-06-19T00:00:00,134.19874412980224,134.9917713669169,133.21184995477506,134.04013061523438,2948335.0
2023-06-20T00:00:00,133.5290722841539,136.1901412208172,133.38809891726686,135.8553009033203,2715802.0
2023-06-21T00:00:00,135.5028612322378,136.47212885860324,134.07540658726666,134.65696716308594,2901942.0
2023-06-22T00:00:00,133.74056805225106,137.26515809383415,132.8594205418553,136.91270446777344,3372171.0
2023-06-26T00:00:00,135.89057657028806,138.5340192267788,135.36188266089206,138.0053253173828,3695544.0
2023-06-27T00:00:00,137.5999984977424,138.3225324649894,135.78483677693984,138.28729248046875,2107723.0
2023-06-28T00:00:00,138.56923071997912,139.0450578296436,136.89505609321446,138.72784423828125,3439074.0
2023-06-29T00:00:00,148.08563528496964,167.04793178810723,147.15162115819837,163.9462890625,17019151.0
2023-06-30T00:00:00,163.94628192889468,164.5102157230816,159.13522468838443,163.17086791992188,6148157.0
2023-07-03T00:00:00,163.62906779400794,164.4925884723848,161.33809264491228,162.60693359375,3093467.0
2023-07-04T00:00:00,162.60693071795865,165.28562626814028,162.48357062322935,163.276611328125,2692836.0
2023-07-05T00:00:00,162.2721038581174,163.77005170704217,162.04299693559017,163.276611328125,2163979.0
2023-07-06T00:00:00,163.24137989437932,164.03442070610726,158.7299090276816,159.43482971191406,2586553.0
2023-07-07T00:00:00,159.92826056962397,159.92826056962397,156.9676046295336,157.8663787841797,2921388.0
2023-07-10T00:00:00,157.86637311535665,157.86637311535665,155.205304173957,156.75611877441406,1985237.0
2023-07-11T00:00:00,156.75612356309054,158.11309814453125,155.39916242689267,158.11309814453125,1429330.0
2023-07-12T00:00:00,158.58890939386876,161.44383188408202,157.30244168589238,160.87989807128906,1870678.0
2023-07-13T00:00:00,161.02086994709845,161.02086994709845,158.76512145996094,158.76512145996094,1701982.0
2023-07-14T00:00:00,158.85324785860186,160.3335824417046,158.13071400185797,158.2540740966797,1336399.0
2023-07-17T00:00:00,157.5139140544188,158.00736792271837,155.71637916396415,157.28482055664062,1679178.0
2023-07-18T00:00:00,156.80901033551706,160.35121349921485,156.70326349590755,159.6991729736328,2031805.0
2023-07-19T00:00:00,159.78727300752183,160.58031376801125,156.91473720303108,157.46104431152344,1379494.0
2023-07-20T00:00:00,156.861867192852,157.63726777830186,155.73399957288623,156.91473388671875,1682267.0
2023-07-21T00:00:00,156.40366329984218,156.45652999253576,155.0114487961948,155.87496948242188,1314111.0
2023-07-24T00:00:00,155.52251392697082,156.03358102525905,154.04219276937084,155.6458740234375,1503374.0
2023-07-25T00:00:00,155.52253474090088,155.69876155297493,153.33729269164604,154.23605346679688,1771906.0
2023-07-26T00:00:00,154.20080396332187,154.88809789965325,152.84384280435162,154.69424438476562,1495208.0
2023-07-27T00:00:00,155.45203102421002,158.21883347065486,155.32867091940966,156.3155517578125,1560273.0
2023-07-28T00:00:00,156.31554318185803,156.42129001248747,154.71186190743634,155.87496948242188,1474987.0
2023-07-31T00:00:00,155.874987175907,156.03360071723435,154.27130571945023,155.78688049316406,1798325.0
2023-08-01T00:00:00,155.6458743846919,155.6458743846919,151.73357782303702,152.6499786376953,1950187.0
2023-08-02T00:00:00,149.91841471383967,150.4294818077316,146.94013226659573,147.62742614746094,3241220.0
2023-08-03T00:00:00,147.39832907779538,147.39832907779538,144.27907334411367,145.05447387695312,2485473.0
2023-08-04T00:00:00,146.35859668781367,146.35859668781367,144.50818166642685,145.86514282226562,1657486.0
2023-08-07T00:00:00,145.38932258489373,146.79916381835938,144.38481507575324,146.79916381835938,1840946.0
2023-08-08T00:00:00,145.42455525730782,146.41144944923607,144.61390129463797,146.18234252929688,1614880.0
2023-08-09T00:00:00,146.7991569915896,148.808171916443,146.2880899043561,146.74627685546875,1504090.0
2023-08-10T00:00:00,147.6979183755788,150.16513370929104,147.15161130673778,149.33685302734375,1832005.0
2023-08-11T00:00:00,148.8434124490453,148.86103916115115,146.79915753774762,147.31021118164062,1308427.0
2023-08-14T00:00:00,147.08112065903512,148.64956193690836,146.28809338648966,147.78604125976562,1305718.0
2023-08-15T00:00:00,148.24423364324255,149.28398105298058,146.41144555864057,147.25733947753906,1603035.0
2023-08-16T00:00:00,147.13398182563412,149.70693049321892,146.53480807692225,149.35447692871094,1277753.0
2023-08-17T00:00:00,148.52619962722395,148.896279911914,147.18685185031566,147.71554565429688,2313048.0
2023-08-18T00:00:00,146.86962654029185,146.86962654029185,143.69750430519,145.2659454345703,4316361.0
2023-08-21T00:00:00,146.05898613390312,146.05898613390312,143.53890406746055,143.73275756835938,1310363.0
2023-08-22T00:00:00,144.5610207000514,146.00610170238633,143.66224670919658,144.31430053710938,1471072.0
2023-08-23T00:00:00,144.43768781927608,144.43768781927608,140.73687123296253,141.7413787841797,2137748.0
2023-08-24T00:00:00,142.85161930342724,143.0807262437981,138.1110551979827,138.49874877929688,2734080.0
2023-08-25T00:00:00,139.7676095911701,143.1688394167713,138.92171553597805,140.89547729492188,2122311.0
2023-08-28T00:00:00,141.93522621408758,142.69301352341805,140.73686520038456,142.0938262939453,1347138.0
2023-08-29T00:00:00,142.44629323502633,143.5741608418915,140.96595859773927,142.74588012695312,1813649.0
2023-08-30T00:00:00,142.7458764839125,143.5741571777122,141.49464880964308,143.01022338867188,1352559.0
2023-08-31T00:00:00,143.18645920920514,148.50858383867424,142.9397390012641,147.57456970214844,4684902.0
2023-09-01T00:00:00,146.7110472947112,150.42949052999236,146.3938336816697,148.06800842285156,2084597.0
2023-09-04T00:00:00,148.4909705704234,149.05490439503762,147.18686267674312,147.57456970214844,1272682.0
2023-09-05T00:00:00,146.95776306015603,148.27948416702534,145.90038886370905,147.04588317871094,1555175.0
2023-09-06T00:00:00,146.72865764490945,147.09873791131298,144.59628271263708,145.4069366455078,1365424.0
2023-09-07T00:00:00,144.94874648633652,148.54382947158476,144.94874648633652,146.88726806640625,2241905.0
2023-09-08T00:00:00,147.92700796013864,148.2970882000349,145.28356615067364,146.92250061035156,1247195.0
2023-09-11T00:00:00,148.0151371579429,150.05940558892115,146.65817607170155,149.2311248779297,2013913.0
2023-09-12T00:00:00,149.79507136690444,155.5930233897115,149.63647127446814,151.99794006347656,4385860.0
2023-09-13T00:00:00,150.67618681630978,151.29298723118808,147.97987825609854,150.3061065673828,3286193.0
2023-09-14T00:00:00,150.30614952618552,152.2622981476271,147.71557359804697,151.6983642578125,2963633.0
2023-09-15T00:00:00,145.8298938851916,146.79916139787284,140.13767579708963,140.49014282226562,10554192.0
2023-09-18T00:00:00,139.37989357218575,142.1467094008562,138.7983464886541,139.89096069335938,2770799.0
2023-09-19T00:00:00,138.90407106864814,141.45939306722437,138.71021757135014,140.2610321044922,2140075.0
2023-09-20T00:00:00,140.27867114532455,141.759005850681,139.37989698297395,140.93072509765625,2536617.0
2023-09-21T00:00:00,140.10245400342257,141.00122822773548,138.19917215614015,139.8204803466797,2607237.0
2023-09-22T00:00:00,138.78070850801018,139.67948257539638,137.86432117408583,138.81594848632812,2403034.0
2023-09-25T00:00:00,138.34014004703258,139.62662115063765,137.071285655872,138.71022033691406,3129270.0
2023-09-26T00:00:00,137.79383808602728,138.0846183485712,135.66146293928125,136.57785034179688,4217146.0
2023-09-27T00:00:00,139.08030191465699,145.86513418246147,134.88604514525332,141.21267700195312,7760704.0
2023-09-28T00:00:00,137.72332692489758,139.55611493890592,132.8770167310577,134.3220977783203,7750386.0
2023-09-29T00:00:00,135.69670365609247,138.39301262944872,135.48522343348392,136.98318481445312,4054883.0
2023-10-02T00:00:00,136.93031016888474,139.23892566128396,136.4897364380386,137.59999084472656,3244440.0
2023-10-03T00:00:00,137.30038904761577,137.45898911980717,133.9520263671875,133.9520263671875,4411163.0
2023-10-04T00:00:00,133.2118605626849,133.49383419093007,131.6786726561404,132.52456665039062,3373868.0
2023-10-05T00:00:00,132.31308734083032,133.0180078994256,130.97373962402344,130.97373962402344,3179299.0
2023-10-06T00:00:00,131.36146221823262,133.82867774396922,131.16760870544485,133.72293090820312,2042111.0
2023-10-09T00:00:00,133.03562283438555,133.05324954601292,130.23358072150333,130.4803009033203,3079615.0
2023-10-10T00:00:00,131.8020189046512,134.63931437576278,131.73152550499884,134.1458740234375,3198405.0
2023-10-11T00:00:00,133.5290660091924,133.98726640445963,132.03111817512695,133.2999725341797,3101053.0
2023-10-12T00:00:00,134.81555038954195,136.19013816384364,133.54669599934283,134.4983367919922,3872208.0
2023-10-13T00:00:00,134.00490234075673,135.1327699719428,133.3704751175592,133.65243530273438,2684025.0
2023-10-16T00:00:00,133.88153641076823,140.04956813261046,133.5466961005336,138.71022033691406,4986314.0
2023-10-17T00:00:00,138.4987622758659,138.83360263965747,135.5204927680022,137.61761474609375,2713525.0
2023-10-18T00:00:00,137.72332565372352,139.1155400008964,135.89053765663164,136.19012451171875,1850562.0
2023-10-19T00:00:00,135.5204548050177,136.34873540221855,134.18110717028355,134.7450408935547,1516946.0
2023-10-20T00:00:00,133.45858411110873,133.45858411110873,131.9606228535828,132.4188232421875,1819200.0
2023-10-23T00:00:00,133.176629160588,133.93441652875782,130.92089377028998,132.96514892578125,2084700.0
2023-10-24T00:00:00,133.5819486689018,134.65694955200652,132.5950544569703,134.09300231933594,1693299.0
2023-10-25T00:00:00,133.81102098622546,133.81102098622546,130.65651223987604,131.2909393310547,2513306.0
2023-10-26T00:00:00,130.18073181523278,130.95613244462075,129.17622423911644,129.7401580810547,2598180.0
2023-10-27T00:00:00,130.5860490283011,130.5860490283011,127.02621925636664,127.88973999023438,2825349.0
2023-10-30T00:00:00,128.24218937348599,130.05736434961253,128.13645598574288,129.1233367919922,1510956.0
2023-10-31T00:00:00,129.91637836367633,132.77128741287387,129.22908444848116,131.55531311035156,2477738.0
2023-11-01T00:00:00,132.4540758834027,136.15489205814288,132.29546236914334,134.8507843017578,2770466.0
2023-11-02T00:00:00,135.73194777072635,140.1905651777815,135.67908107477493,139.30941772460938,2572098.0
2023-11-03T00:00:00,139.5561415740083,141.7413835501748,139.5561415740083,141.07171630859375,1157304.0
2023-11-06T00:00:00,140.78973774833807,141.63564521181664,137.86433522117912,138.34014892578125,2717464.0
2023-11-07T00:00:00,138.34014103067548,142.37579771366183,138.2520209130686,142.02333068847656,3114740.0
2023-11-08T00:00:00,142.0233255626944,144.70202107645642,142.0233255626944,143.27456665039062,2269850.0
2023-11-09T00:00:00,142.95986801908745,143.643193266839,141.43136902944244,142.47434997558594,3269134.0
2023-11-10T00:00:00,141.16163832737084,141.3954042543841,139.03971761010447,139.50726318359375,2617834.0
2023-11-13T00:00:00,139.90286969445637,140.22655296247908,138.5362054828647,138.7519989013672,2549414.0
2023-11-14T00:00:00,139.0577059529899,142.58224972517527,138.248490865019,142.29452514648438,2860239.0
2023-11-15T00:00:00,143.04977993624414,147.6712491590878,142.6901242515227,147.275634765625,4377590.0
2023-11-16T00:00:00,147.27564613089757,147.6173019084216,143.57126774943796,143.93092346191406,2567811.0
2023-11-17T00:00:00,146.77214321869445,150.9080810546875,146.14274914587003,150.9080810546875,3716594.0
2023-11-20T00:00:00,150.9080810546875,153.20982275810323,150.47650791516273,150.9080810546875,2814545.0
2023-11-21T00:00:00,150.92607904461622,153.6773803178522,150.87213411290003,151.51950073242188,3598109.0
2023-11-22T00:00:00,152.40063532598307,154.14492797851562,151.10590206969232,154.14492797851562,4078998.0
2023-11-23T00:00:00,154.19885571409426,157.34577113683088,153.69535144157038,155.79928588867188,2534184.0
2023-11-24T00:00:00,155.5475289288524,156.5005925179268,154.9361348224507,156.08700561523438,1378280.0
2023-11-27T00:00:00,156.23086083462638,157.56156639257142,155.92516376839413,156.91419982910156,2031778.0
2023-11-28T00:00:00,156.78834388269954,157.4536830276032,155.13395483068498,156.62649536132812,2631101.0
2023-11-29T00:00:00,157.05806107689384,157.95717985215282,155.78131406236176,157.38174438476562,2464267.0
2023-11-30T00:00:00,150.89011870427495,154.05500689954584,150.1528347268604,150.9620361328125,7902101.0
2023-12-01T00:00:00,151.48353540273598,154.88220345488813,151.48353540273598,154.6484375,2691300.0
2023-12-04T00:00:00,154.6484183076293,158.802342362641,154.6484183076293,157.95716857910156,3222132.0
2023-12-05T00:00:00,156.806294290412,157.65146805543142,154.70235984523333,155.24183654785156,2277782.0
2023-12-06T00:00:00,152.86815367641722,153.5155201891087,151.48350330003652,152.41859436035156,2503312.0
2023-12-07T00:00:00,151.9690476453707,153.47956048725962,151.6633368583061,152.16685485839844,2087726.0
2023-12-08T00:00:00,153.20982809200513,156.26684004534553,153.1019382332335,155.13394165039062,2567290.0
2023-12-11T00:00:00,155.1339393804013,158.85629036765056,155.1339393804013,158.83831787109375,2917237.0
2023-12-12T00:00:00,158.53262526291758,159.43174401676043,157.0400848388672,157.0400848388672,2054406.0
2023-12-13T00:00:00,157.79533346860194,159.48568103216888,156.98613211808652,157.0041046142578,3744475.0
2023-12-14T00:00:00,158.73040919038158,160.38479802443257,157.8852491371085,158.8922576904297,3761782.0
2023-12-15T00:00:00,157.32779396704578,162.0032086914591,157.12998674582963,159.64752197265625,8266725.0
2023-12-18T00:00:00,159.6295332926608,163.94530594068922,159.0540978542212,162.95628356933594,3121230.0
2023-12-19T00:00:00,163.10012595578362,163.74749251441764,162.0751311911902,163.6396026611328,2244635.0
2023-12-20T00:00:00,163.63961775371394,164.21505322341,161.31988965790256,163.24400329589844,3038005.0
2023-12-21T00:00:00,162.70453878579676,164.0532169418746,161.87733744360764,162.3628692626953,1862856.0
2023-12-22T00:00:00,161.6255737989275,161.6255737989275,158.3887546860537,158.6584930419922,2131687.0
2023-12-27T00:00:00,158.65847940092993,160.38478552326498,158.65847940092993,159.53961181640625,1630462.0
2023-12-28T00:00:00,160.04313225977123,160.38480176381236,158.26288103451103,158.51463317871094,1489054.0
2023-12-29T00:00:00,158.6944477945857,159.52163533788772,158.49664058646323,158.80233764648438,1685539.0
2024-01-02T00:00:00,159.59356267692,160.79837839262697,156.98612404209598,158.46067810058594,1691424.0
2024-01-03T00:00:00,158.22690735210782,158.26287978354512,151.68132421572292,152.2567596435547,3042354.0
2024-01-04T00:00:00,152.2567684027433,153.83922620991504,151.80720902015378,151.98703002929688,2857305.0
2024-01-05T00:00:00,150.24274893323653,150.24274893323653,148.01292455046695,148.8041534423828,2023777.0
2024-01-08T00:00:00,150.15283891663685,151.987035223725,148.5703947748458,151.77125549316406,1930885.0
2024-01-09T00:00:00,151.7712487118507,152.27475301994775,150.1708184242006,150.54844665527344,1957539.0
2024-01-10T00:00:00,151.3756101603052,151.9330593098682,150.38657419869867,150.8181610107422,1534592.0
2024-01-11T00:00:00,152.0049904452088,153.4615582073373,150.6922849537615,150.8181610107422,1761815.0
2024-01-12T00:00:00,151.0159927023298,154.0550047765853,150.6383507506617,151.89712524414062,1830450.0
2024-01-15T00:00:00,151.1778048304046,152.09490966796875,150.74623173250558,152.09490966796875,1201325.0
2024-01-16T00:00:00,151.03395307930128,151.19580157695154,148.9300186460849,150.3326416015625,2345219.0
2024-01-17T00:00:00,146.66424230257854,146.70021473454423,142.8699601785156,144.66819763183594,4945394.0
2024-01-18T00:00:00,146.37653556612844,146.37653556612844,144.9019813616609,145.08180236816406,3127225.0
2024-01-19T00:00:00,145.99891048092277,146.10680034325557,141.9888347241685,142.9598846435547,3172433.0
2024-01-22T00:00:00,142.95989450232113,145.13576043268736,139.1656119280357,142.2226104736328,5038243.0
2024-01-23T00:00:00,143.76908681379732,146.03486997106947,143.15769263137832,145.09979248046875,1976767.0
2024-01-24T00:00:00,146.73616417577858,147.43747564070534,145.74714187061986,146.754150390625,1629765.0
2024-01-25T00:00:00,145.27960832562772,149.2537115284224,145.27960832562772,149.0379180908203,2087126.0
2024-01-26T00:00:00,149.90107216245363,151.1058879390422,148.85809116803546,149.95501708984375,2307927.0
2024-01-29T00:00:00,149.5234289725478,150.692285920272,147.67124681389714,150.35061645507812,2202767.0
2024-01-30T00:00:00,150.8721264236742,151.5914241553131,149.2177512445289,151.32168579101562,2834944.0
2024-01-31T00:00:00,136.70201501638545,140.62217349591157,129.43714725455035,132.60203552246094,30917093.0
2024-02-01T00:00:00,131.28932763773983,132.17046019760735,129.34722778706288,129.41915893554688,12712453.0
2024-02-02T00:00:00,128.59194431832296,131.18139652295474,128.21431615763626,128.80772399902344,7644298.0
2024-02-05T00:00:00,128.50204733123377,129.36520734917497,125.58889770507812,125.58889770507812,7187399.0
2024-02-06T00:00:00,126.54197205052017,128.19634718249873,125.84066055501921,127.3511734008789,5010507.0
2024-02-07T00:00:00,127.35117538974886,127.49503767811444,124.15031493066103,125.6968002319336,5125749.0
2024-02-08T00:00:00,125.9485486368991,126.7397774799519,124.3481184548787,125.71478271484375,3716923.0
2024-02-09T00:00:00,125.71477913803413,127.6568650401931,125.69679292316853,126.29021453857422,3684595.0
2024-02-12T00:00:00,126.66785942287355,127.45907462819746,126.02049279704056,126.97355651855469,2641368.0
2024-02-13T00:00:00,126.90161576646979,127.38713383937355,123.93452124249842,125.46302032470703,3862729.0
2024-02-14T00:00:00,125.2472526527835,127.11742141907968,125.2112802175766,126.86566925048828,2199460.0
2024-02-15T00:00:00,127.65688186028203,128.59197308403125,127.18934996787137,127.33319854736328,2648531.0
2024-02-16T00:00:00,127.67485577133294,128.95160268271076,127.67485577133294,128.0165252685547,2612394.0
2024-02-19T00:00:00,127.5669555152707,129.00553709047335,126.9375614991917,127.72879028320312,1950920.0
2024-02-20T00:00:00,127.27924014381426,128.41213847885524,126.64985980182622,128.0884552001953,2438377.0
2024-02-21T00:00:00,128.46609264053617,130.28230265519898,128.44810642391138,129.1674041748047,1560937.0
2024-02-22T00:00:00,129.59896291523734,129.83272882749122,125.12135583639531,125.73274993896484,4662890.0
2024-02-23T00:00:00,126.03846900216104,126.99154647117334,125.24725377356398,126.95557403564453,2297870.0
2024-02-26T00:00:00,126.95556501330145,127.58494539568382,125.87662525500834,126.63188171386719,1598509.0
2024-02-27T00:00:00,126.63186338049846,128.39414191549523,126.3980974778756,127.99852752685547,2258994.0
2024-02-28T00:00:00,127.67485751014902,128.28625165091182,125.26522593966584,126.4880142211914,2629401.0
2024-02-29T00:00:00,127.17134699451888,127.42309912478879,125.60687556830264,126.29021453857422,5044889.0
2024-03-01T00:00:00,126.308209979305,127.92662662465976,125.87663678036527,126.84768676757812,2448978.0
2024-03-04T00:00:00,126.66786132474768,126.66786132474768,123.43102814698283,124.36611938476562,3235452.0
2024-03-05T00:00:00,123.28715599422746,125.28320067443833,123.26918349762236,125.06742095947266,2822333.0
2024-03-06T00:00:00,125.2112676456977,128.41214180397978,125.1393365019704,126.91960144042969,4147005.0
2024-03-07T00:00:00,125.24722674904112,126.8476567981401,124.59986024384811,125.42704772949219,3619901.0
2024-03-08T00:00:00,126.11039369006961,126.75776030176428,125.3731234330896,126.32618713378906,2781093.0
2024-03-11T00:00:00,125.9665282728397,128.39414588240663,125.87661092011204,128.37615966796875,3534363.0
2024-03-12T00:00:00,128.37618285145905,129.7788060027551,128.05249953043196,129.5270538330078,2622354.0
2024-03-13T00:00:00,130.3722132051076,132.51212012932297,130.2463371342398,131.8287811279297,3272498.0
2024-03-14T00:00:00,132.63801170305717,133.80686890885414,132.20642479295518,132.2244110107422,2956907.0
2024-03-15T00:00:00,132.1165028662288,132.96167663226188,131.073521890296,131.18141174316406,3282769.0
2024-03-18T00:00:00,131.1814027929771,132.13448006631458,130.60596741783723,131.05552673339844,1513905.0
2024-03-19T00:00:00,130.62397325694658,133.3393157723405,130.44415224759797,132.9796600341797,2286077.0
2024-03-20T00:00:00,133.0695653202205,135.82086629997053,132.5121161259989,134.580078125,2627252.0
2024-03-21T00:00:00,136.57612769716388,138.57217234752267,136.10859584208845,137.29542541503906,2810947.0
2024-03-22T00:00:00,136.37831526277887,137.76296571760622,136.09060441831676,136.7919158935547,1681834.0
2024-03-25T00:00:00,136.66606148783137,137.2414969874226,134.61607166307107,136.5042266845703,1975916.0
2024-03-26T00:00:00,135.94675047165234,139.3454182044839,135.155535311273,138.73402404785156,3323867.0
2024-03-27T00:00:00,155.2957919709403,162.03918261215367,153.80325154968054,159.8093719482422,13768317.0
2024-03-28T00:00:00,160.5466437337705,161.05014804470574,156.8063063961611,156.96815490722656,3853425.0
2024-04-02T00:00:00,156.1319714079334,156.53658583644474,148.71424143736226,149.70327758789062,6621066.0
2024-04-03T00:00:00,150.0629200235292,152.94011111675286,148.80415920984177,151.0519561767578,3182797.0
2024-04-04T00:00:00,150.28769726139032,151.8611551124885,149.79319291233043,151.2767333984375,1768301.0
2024-04-05T00:00:00,150.06290902117289,151.1418624617567,148.57936861956452,148.9390106201172,2178518.0
2024-04-08T00:00:00,148.9389997005699,150.6922920532435,148.62431640302324,149.7482147216797,1799130.0
2024-04-09T00:00:00,149.29867397806976,149.5684123520152,148.17477551951677,148.57937622070312,1505997.0
2024-04-10T00:00:00,149.61336115634413,151.14187407479403,147.8151235764868,148.7592010498047,2249879.0
2024-04-11T00:00:00,148.0398981244458,149.25371393641288,147.41051773728137,148.17477416992188,1993105.0
2024-04-12T00:00:00,149.4784922571513,150.7372530199525,147.77017211914062,147.77017211914062,2275296.0
2024-04-15T00:00:00,147.77014856147696,150.3326283599799,147.23067190944417,149.07386779785156,1861383.0
2024-04-16T00:00:00,148.3545896615555,152.22080292390075,147.1857325748749,150.60238647460938,3145879.0
2024-04-17T00:00:00,150.87213423827652,155.95214986457484,150.73725818941017,151.99603271484375,3504870.0
2024-04-18T00:00:00,152.58045218377416,153.79426800834423,151.77125078036988,153.25479125976562,2284236.0
2024-04-19T00:00:00,152.35566402325082,153.88416309997876,150.69230262660622,153.83921813964844,2384756.0
2024-04-22T00:00:00,155.3677169300183,158.55959111697075,155.3677169300183,156.85125732421875,2316637.0
2024-04-23T00:00:00,158.37975517884308,163.45978411881734,158.37975517884308,163.41482543945312,2921276.0
2024-04-24T00:00:00,163.41483189014906,164.62864768358335,159.72843954817057,160.0431365966797,2949748.0
2024-04-25T00:00:00,159.86330418247434,161.07710616981882,158.1999291352891,160.2229461669922,1915659.0
2024-04-26T00:00:00,160.22295941490336,162.20101793223037,159.54862034857845,161.79641723632812,1525303.0
2024-04-29T00:00:00,162.15608311102298,162.87536718451497,160.67252884065107,161.21200561523438,1268230.0
2024-04-30T00:00:00,161.2119907305854,161.2119907305854,155.86223704100993,158.9192352294922,2028024.0
2024-05-02T00:00:00,159.14402513988554,159.68350189933173,153.43461536035832,154.69338989257812,2604898.0
2024-05-03T00:00:00,155.23284255735982,155.8172779609423,152.80522474103296,154.2438201904297,2720848.0
2024-05-06T00:00:00,154.65622892472987,155.16029646773407,153.51062722899113,154.5645751953125,1405414.0
2024-05-07T00:00:00,155.3894244649176,156.16842526577392,154.70206341359923,155.2061309814453,1372283.0
2024-05-08T00:00:00,154.93119021285818,154.93119021285818,152.59415974422046,153.602294921875,1431634.0
2024-05-10T00:00:00,154.2896518859982,156.305908203125,153.3273436028887,156.305908203125,1866763.0
2024-05-13T00:00:00,156.3058873371746,158.73455717016418,155.8018198290839,158.45960998535156,1767221.0
2024-05-14T00:00:00,158.5054596068258,161.3465576171875,158.23051238253328,161.3465576171875,2091645.0
2024-05-15T00:00:00,161.52985283298858,161.52985283298858,159.33030298391517,159.78854370117188,2072171.0
2024-05-16T00:00:00,158.55128023280724,161.6214984784727,158.18469327111416,160.70501708984375,1997430.0
2024-05-17T00:00:00,163.1336896298393,166.66214862289493,163.1336896298393,166.1580810546875,2711791.0
2024-05-20T00:00:00,166.1580692393713,170.51135559128434,165.42488137269632,169.77816772460938,2949947.0
2024-05-21T00:00:00,169.7781744688749,172.39015197753906,169.18246716976003,172.39015197753906,2351731.0
2024-05-22T00:00:00,171.84026226778627,173.44410471561895,171.70279565173058,172.34432983398438,2026216.0
2024-05-23T00:00:00,173.21498403285457,173.21498403285457,168.5867501811292,170.37388610839844,3180168.0
2024-05-24T00:00:00,170.09894115367135,174.03979970164875,169.86982082021242,171.6111297607422,2297751.0
2024-05-27T00:00:00,171.6111248702962,172.02353866189057,169.31992160099986,171.79441833496094,719402.0
2024-05-28T00:00:00,172.48179063004517,173.62739233984144,170.0989474643065,172.25267028808594,2307952.0
2024-05-29T00:00:00,171.70278867100149,171.70278867100149,167.4869688143378,167.6244354248047,2717866.0
2024-05-30T00:00:00,167.7161037667033,169.4116000269561,167.30368991497605,169.3199462890625,1421714.0
2024-05-31T00:00:00,171.01543464606445,171.8860891782296,167.166201582772,170.0989532470703,9481281.0
2024-06-03T00:00:00,171.3820279162863,172.5734565756853,168.35763639147245,168.63258361816406,1678908.0
2024-06-04T00:00:00,168.63257216913104,169.31993319699436,166.6163159509445,168.31179809570312,1268348.0
2024-06-05T00:00:00,169.54905063094637,171.7486002886166,168.35762207287678,168.9075164794922,1485859.0
2024-06-07T00:00:00,169.82401373267112,172.20685708748925,168.0826906049687,171.56532287597656,2043635.0
2024-06-10T00:00:00,169.59489262461514,170.41972032372294,167.99105011070787,169.0449981689453,1752181.0
2024-06-11T00:00:00,170.55719269609477,171.794434185028,167.8535614013672,167.8535614013672,1544243.0
2024-06-12T00:00:00,168.77004455783367,171.61114249734263,167.5328030559673,170.64883422851562,1706488.0
2024-06-13T00:00:00,170.23641054189707,170.23641054189707,167.12037954969327,168.77003479003906,2097767.0
2024-06-14T00:00:00,171.56530638776272,175.18540493318775,170.8779453734012,172.848388671875,3408461.0
2024-06-17T00:00:00,172.84839830499132,173.76487970855035,170.55719479609374,172.61927795410156,2957361.0
2024-06-18T00:00:00,173.67320741823667,176.1018772844171,172.940019576848,175.8727569580078,1947783.0
2024-06-19T00:00:00,175.13959212331065,176.05607347616024,173.53574975582393,175.09376525878906,1357004.0
2024-06-20T00:00:00,175.46037360413786,177.98069763183594,174.40642551358667,177.98069763183594,4135714.0
2024-06-24T00:00:00,176.01025064309718,178.80552163019226,174.26892764216117,176.8809051513672,2290262.0
2024-06-25T00:00:00,177.15585694574133,177.56827077776526,171.79443517624125,174.7271728515625,2005391.0
2024-06-26T00:00:00,175.96442683471167,178.7596978703715,175.73530648727063,178.39309692382812,3682901.0
2024-06-27T00:00:00,156.71831364613192,158.91786333161755,151.6318392660011,155.25193786621094,15281880.0
2024-06-28T00:00:00,155.2519442638473,155.43525173218805,151.86096586548962,153.64810180664062,6875893.0
2024-07-01T00:00:00,154.24381270835806,155.80182819341312,153.05238416647052,153.4647979736328,4442577.0
2024-07-02T00:00:00,153.05240449530584,154.38129982128982,149.79889250107107,151.03614807128906,4053422.0
2024-07-03T00:00:00,153.51063839383897,155.61854846418595,151.31108857180533,155.0228271484375,4033154.0
2024-07-04T00:00:00,155.80183883001402,158.04721547509672,155.48106474454661,155.75601196289062,2090047.0
2024-07-05T00:00:00,155.9393065353905,157.95557682772187,155.7101861825707,155.89349365234375,1735962.0
2024-07-08T00:00:00,155.89348928703197,156.80997067264792,154.51876720860804,156.6266632080078,1655615.0
2024-07-09T00:00:00,156.16842344269986,156.30590404199643,154.15216717924923,154.65623474121094,2109126.0
2024-07-10T00:00:00,155.66438185500306,155.66438185500306,153.69393832181728,155.5269012451172,2047947.0
2024-07-11T00:00:00,156.58085452287392,157.03909522796351,154.51877134997073,156.0309600830078,2306801.0
2024-07-12T00:00:00,156.71831496748862,161.16325522552958,156.4891946239689,159.74270629882812,2561739.0
2024-07-15T00:00:00,159.00952003418817,159.7885348039066,157.03909065345954,158.1846923828125,1328919.0
2024-07-16T00:00:00,156.99326578125138,157.68062682759276,155.89349090398443,157.31402587890625,1233090.0
2024-07-17T00:00:00,156.71830812713804,156.90160159707435,153.87721039774172,154.88534545898438,2368697.0
2024-07-18T00:00:00,155.5268829209659,157.45149935743174,154.19798775502315,156.26007080078125,1856213.0
2024-07-19T00:00:00,154.93117704538943,156.03095188292738,154.42710949940243,154.8395233154297,1290016.0
2024-07-22T00:00:00,153.73975956292034,155.2519483255182,151.4943828609672,153.1898651123047,2626697.0
2024-07-23T00:00:00,153.18987923959293,153.78560061343057,152.18175796635688,152.2275848388672,2004940.0
2024-07-24T00:00:00,152.1359065593056,152.18173342442552,149.3864624648603,150.89865112304688,2459001.0
2024-07-25T00:00:00,149.8447011921942,151.76931762695312,148.65327263660038,151.76931762695312,1385597.0
2024-07-26T00:00:00,151.86096753707346,152.73162208368996,150.99031299045697,152.090087890625,1544528.0
2024-07-29T00:00:00,153.18985876115042,154.7020614454501,152.36503110382054,152.54832458496094,1292184.0
2024-07-30T00:00:00,152.5483166313186,154.381279315947,152.5483166313186,153.4647979736328,1802046.0
2024-07-31T00:00:00,154.47293060284417,155.9851192000077,152.36502075195312,152.36502075195312,2197646.0
2024-08-01T00:00:00,152.54832203433776,154.2896450370469,151.173599972176,151.5860137939453,1644708.0
2024-08-02T00:00:00,150.07382990667554,151.21943166168833,146.36207742355484,147.0494384765625,2874083.0
2024-08-05T00:00:00,143.4293300813359,145.2622927660814,141.13812672540402,145.17063903808594,3221850.0
2024-08-06T00:00:00,146.63701713431482,146.72867086378204,143.06274543542418,144.02503967285156,2006825.0
2024-08-07T00:00:00,144.1625324075769,145.62889431177103,143.47517133187426,144.75823974609375,1952034.0
2024-08-08T00:00:00,143.97923350582647,144.57494082195234,142.1920835886561,144.3916473388672,1644034.0
2024-08-09T00:00:00,144.57494135279615,146.63702450996757,143.97923403448297,144.9415283203125,1048728.0
2024-08-12T00:00:00,145.85803025201704,146.4995785120588,144.43749506466327,144.62078857421875,1425362.0
2024-08-13T00:00:00,145.26229931523625,145.583073393287,140.81735901056993,143.42933654785156,2681231.0
2024-08-14T00:00:00,144.116701021899,145.03318242744368,143.4293399677405,144.66659545898438,1588610.0
2024-08-15T00:00:00,145.3081279799632,147.23273051890268,144.9873538979418,146.224609375,1805776.0
2024-08-16T00:00:00,146.54537269866495,148.42416239672917,146.36207921250184,147.59933471679688,3110728.0
2024-08-19T00:00:00,147.8284431233749,149.47811233431287,147.69096253156607,148.9740447998047,1382961.0
2024-08-20T00:00:00,148.46999087584788,150.25712685802966,147.2327353581238,148.2866973876953,3250119.0
2024-08-21T00:00:00,148.2866883138346,149.11151595224717,147.41603381008886,149.06568908691406,1959514.0
2024-08-22T00:00:00,149.0198820158496,150.8528448254694,148.88240141449023,149.1573486328125,1401974.0
2024-08-23T00:00:00,149.56975917702314,152.73161715716574,149.11151848470115,152.27337646484375,1959967.0
2024-08-26T00:00:00,152.2733943502844,154.38130457943177,152.09010084870587,153.09823608398438,1429306.0
2024-08-27T00:00:00,153.05238814448276,154.19798985215107,152.50249373104367,153.00656127929688,1367257.0
2024-08-28T00:00:00,150.48625201046454,150.94449273764891,148.0575817501463,148.24087524414062,3056495.0
2024-08-29T00:00:00,146.63702137837734,149.20317204937817,146.27043441868983,147.9200897216797,2804489.0
2024-08-30T00:00:00,146.8661395733173,150.34877157692725,146.8661395733173,148.92822265625,3485406.0
2024-09-02T00:00:00,148.7449188232422,149.1115057520384,146.54535529728008,148.7449188232422,1282942.0
2024-09-03T00:00:00,148.69910322280055,150.07382528649362,148.51580974452065,149.2031707763672,1833704.0
2024-09-04T00:00:00,147.0494328718198,149.06568908691406,146.86613939488322,149.06568908691406,1647708.0
2024-09-05T00:00:00,148.46998653720277,148.46998653720277,146.72867747404348,146.7744903564453,1726034.0
2024-09-06T00:00:00,146.27043791868755,146.77449150421995,143.88758067051285,144.66659545898438,2699684.0
2024-09-09T00:00:00,145.3081162668406,146.2245975880009,143.29186015716704,143.79591369628906,2005065.0
2024-09-10T00:00:00,143.65845946838814,146.1329564518256,141.04648188429528,142.14627075195312,3091468.0
2024-09-11T00:00:00,142.23789824719563,146.5453576597699,142.19207138425858,143.79591369628906,3685631.0
2024-09-12T00:00:00,145.72054483343734,149.15735013611274,145.5372513475073,147.73680114746094,2053008.0
2024-09-13T00:00:00,147.73679481677158,152.86909610926722,147.64515506993172,151.5860137939453,2191369.0
2024-09-16T00:00:00,150.66951985076386,156.397527965291,150.44039952618277,156.35171508789062,3466219.0
2024-09-17T00:00:00,156.3517303151182,161.16325759991972,156.0767831019646,160.8424835205078,3906749.0
2024-09-18T00:00:00,160.75082997175824,161.39237813131547,159.4219347551255,160.70501708984375,1630893.0
2024-09-19T00:00:00,164.64586706863562,165.56234840825374,162.2630239762658,163.45445251464844,2123099.0
2024-09-20T00:00:00,162.76709371831888,165.56235065456312,162.76709371831888,164.6916961669922,3734340.0
2024-09-23T00:00:00,164.6917003701885,168.90752029098368,163.59192551653635,168.5867462158203,2061179.0
2024-09-24T00:00:00,169.54905702691255,170.60300503088894,166.15807868325356,167.30368041992188,3348711.0
2024-09-25T00:00:00,167.25785118730792,168.26598629507203,166.2039031982422,166.2039031982422,3566350.0
2024-09-26T00:00:00,153.09820843384617,162.21719483833093,151.99843363860094,158.55126953125,9228698.0
2024-09-27T00:00:00,155.80184672305475,160.38425397961518,155.80184672305475,157.0849151611328,4594588.0
2024-09-30T00:00:00,156.3517097081824,159.9718079151252,155.89346907478725,158.3679656982422,2861854.0
2024-10-01T00:00:00,158.87204918332938,161.75895987054687,155.80183103678735,156.53501892089844,2719551.0
2024-10-02T00:00:00,156.5350299730101,158.2763390843723,155.80184203713247,157.1307373046875,1787361.0
2024-10-03T00:00:00,156.62667709164432,157.58898542872083,155.80184936523438,155.80184936523438,1643521.0
2024-10-04T00:00:00,155.34360863180723,155.89350310567878,153.78559293503434,155.80184936523438,2521899.0
2024-10-07T00:00:00,156.76414111549323,161.8047886498538,156.35172729592472,159.33029174804688,2494371.0
2024-10-08T00:00:00,157.9097499602786,158.87205823900103,155.25194547693113,155.89349365234375,2149904.0
2024-10-09T00:00:00,155.89349365234375,156.4892009759166,154.518771535425,155.89349365234375,2712098.0
2024-10-10T00:00:00,155.80185024685994,156.62667797793728,154.51878177976243,156.07679748535156,1604052.0
2024-10-11T00:00:00,156.0767750197173,158.09303117110738,155.98512129194688,157.40567016601562,1756710.0
2024-10-14T00:00:00,157.35984660393706,158.87204923750605,156.4433652445846,158.7803955078125,1690936.0
2024-10-15T00:00:00,158.45962003517576,161.0257706155194,157.77225902174777,160.20094299316406,1916545.0
2024-10-16T00:00:00,160.06347125717662,163.08786268049784,159.7427111571312,161.80479431152344,1787201.0
2024-10-17T00:00:00,162.21721377796132,163.042041474599,161.6215064397671,162.03392028808594,1158449.0
2024-10-18T00:00:00,162.03392253842662,162.67545675409858,161.02578735351562,161.02578735351562,1060777.0
2024-10-21T00:00:00,161.02576587168366,163.59191637642823,160.20093827362783,160.24676513671875,1415208.0
2024-10-22T00:00:00,160.15511353856368,160.52170047937162,156.7183085270065,159.23863220214844,1599237.0
2024-10-23T00:00:00,158.50546213800848,159.78854454373104,157.45151407651937,157.95558166503906,1414241.0
2024-10-24T00:00:00,158.13887515602886,160.47590562324052,157.63480756750917,157.95558166503906,1216722.0
2024-10-25T00:00:00,157.2223937166829,157.95558166503906,155.38943083799091,157.95558166503906,1687276.0
2024-10-28T00:00:00,158.55129376579734,159.2386548659381,155.06866139487144,155.80184936523438,2166641.0
2024-10-29T00:00:00,156.58083638655248,156.62664926423784,152.45667051843674,152.82325744628906,3638754.0
2024-10-30T00:00:00,152.41086107685217,153.5564628378261,151.0819658310017,151.8151397705078,1972306.0
2024-10-31T00:00:00,150.39459406060135,150.4404069402595,144.52910507162284,145.03317260742188,6166749.0
2024-11-01T00:00:00,144.89571883069604,147.23273527603246,144.16253089409784,146.1787872314453,1438247.0
2024-11-04T00:00:00,146.40790282355414,148.8823997927068,146.40790282355414,148.46998596191406,2405481.0
2024-11-05T00:00:00,148.46998596191406,150.16548213610184,147.69097118255291,148.46998596191406,1811215.0
2024-11-06T00:00:00,149.5239256904156,152.2275568429232,147.27854919433594,147.27854919433594,4586050.0
2024-11-07T00:00:00,146.71733314654014,149.1961346908015,146.71733314654014,148.02688598632812,2483983.0
2024-11-08T00:00:00,148.02687905786013,149.8041312962523,147.23178426681082,148.54135131835938,2657803.0
2024-11-11T00:00:00,149.66383186477967,149.8041359979308,147.51241142711243,147.60595703125,2454757.0
2024-11-12T00:00:00,145.9222319629312,149.6638276542884,145.82868636142533,146.90440368652344,4133699.0
2024-11-13T00:00:00,146.85762949297504,148.68165452060168,143.6305060943964,144.98683166503906,3876860.0
2024-11-14T00:00:00,145.54807672264175,146.15608030749905,144.00465995076172,144.98683166503906,2671435.0
2024-11-15T00:00:00,144.14498703264044,147.88658291384533,144.09821422951427,145.64161682128906,3743914.0
2024-11-18T00:00:00,145.08036886044877,145.40774989753797,142.13385388832268,143.58372497558594,3113313.0
2024-11-19T00:00:00,143.49019654135174,143.72404628426335,140.91784936932385,142.97573852539062,2488630.0
2024-11-20T00:00:00,143.58374257804522,144.3320646122162,141.80649023581284,143.1160430908203,3073444.0
2024-11-21T00:00:00,143.11605136135128,143.9579047777837,141.90002976968276,143.63052368164062,1961613.0
2024-11-22T00:00:00,145.17391549456462,146.3431641926089,144.37883494372775,145.36099243164062,2554733.0
2024-11-25T00:00:00,146.29638957370844,146.62378491431815,144.09821061251034,144.19174194335938,5469278.0
2024-11-26T00:00:00,142.55480076454282,143.2563500090003,142.0871012682378,142.7886505126953,2536897.0
2024-11-27T00:00:00,142.41448371035196,142.41448371035196,141.19846227561982,142.32093811035156,2606993.0
2024-11-28T00:00:00,142.3209418535182,142.928959723403,141.5726341260523,141.99356079101562,1410724.0
2024-11-29T00:00:00,141.43232265546118,142.5547985747395,140.35661953970606,141.47909545898438,2680612.0
2024-12-02T00:00:00,140.9646112400989,144.79975243563993,140.54368459011377,143.67727661132812,2093663.0
2024-12-03T00:00:00,143.53695958835874,148.30749972872525,143.53695958835874,148.26072692871094,4378856.0
2024-12-04T00:00:00,148.7284331713638,155.41652996009924,148.40103782937453,152.79742431640625,4578992.0
2024-12-05T00:00:00,152.4232529036853,153.21834770400608,151.72170370565692,152.37648010253906,1444199.0
2024-12-06T00:00:00,152.89095236903754,153.5925015670659,151.4878539729808,152.37648010253906,1548461.0
2024-12-09T00:00:00,152.8441726355455,154.48112069003352,152.09586494336585,152.8909454345703,1914076.0
2024-12-10T00:00:00,152.51679388646446,154.99559526853005,152.4700210867349,153.31187438964844,1747329.0
2024-12-11T00:00:00,150.13153119413303,152.56357416880525,149.61705891798445,150.27183532714844,3090024.0
2024-12-12T00:00:00,150.2718246155774,150.7862968550537,145.45452608469503,146.67054748535156,3116177.0
2024-12-13T00:00:00,147.6059691779552,149.28969027960082,145.50132136916224,146.29640197753906,2951961.0
2024-12-16T00:00:00,145.2206921350798,145.68839162665813,141.9467956940313,144.14498901367188,2853546.0
2024-12-17T00:00:00,143.6772779450843,144.98683070676228,142.04032985645958,142.32093811035156,1983852.0
2024-12-18T00:00:00,142.3209284456453,143.11602317249174,141.57262078867652,142.274169921875,2057006.0
2024-12-19T00:00:00,139.88890999239504,140.8243089033799,138.2987346983317,138.90673828125,3783100.0
2024-12-20T00:00:00,138.43903653433551,141.1516876220703,137.7842601620948,141.1516876220703,6649474.0
2024-12-23T00:00:00,141.24523321574168,142.83540848342722,139.3744354248047,139.3744354248047,1875786.0
2024-12-27T00:00:00,140.35660247781445,140.49690659827283,138.71965446488136,139.42120361328125,1548847.0
2024-12-30T00:00:00,138.81319638693228,139.88891372711691,138.06488865661,139.46798706054688,1562988.0
2025-01-02T00:00:00,140.2630703732152,141.10493799610174,137.3165693757508,139.14059448242188,1842026.0
2025-01-03T00:00:00,138.53258489271914,139.28089260558394,136.84886399266395,137.26979064941406,1679631.0
2025-01-07T00:00:00,136.98918218503044,140.77755103083695,136.5682554850644,139.6550750732422,3319551.0
2025-01-08T00:00:00,139.56151513443558,140.59045964920676,136.3811645355961,137.26979064941406,1991088.0
2025-01-09T00:00:00,136.10054430839344,136.80209350585938,135.21191817954755,136.80209350585938,1570081.0
2025-01-10T00:00:00,136.38116268934095,136.8020893403928,134.9780643371318,135.2119140625,1392600.0
2025-01-13T00:00:00,134.6974422554348,135.4925370335255,134.18297000332046,134.46359252929688,1575890.0
2025-01-14T00:00:00,135.3989798704499,135.960224874471,134.69743075195015,135.0248260498047,1727140.0
2025-01-15T00:00:00,135.16515078176306,139.14059639299137,135.16515078176306,138.5325927734375,1965675.0
2025-01-16T00:00:00,140.87109531754413,141.71294870956666,138.48582500940554,138.62612915039062,2171563.0
2025-01-17T00:00:00,139.28090033434,141.94679309678014,138.29874283844094,141.19847106933594,3158308.0
2025-01-20T00:00:00,140.30984039368695,141.3387849324627,138.48581532318005,139.46798706054688,2038366.0
2025-01-21T00:00:00,139.4679768557918,140.0759804104553,138.7664277051551,139.56150817871094,1871241.0
2025-01-22T00:00:00,139.56152988542115,140.73077865167477,139.1406031841811,139.79537963867188,2237697.0
2025-01-23T00:00:00,139.4679926039372,140.029223423986,137.17625370130727,138.81320190429688,3263263.0
2025-01-24T00:00:00,139.8421431633325,142.13386773848845,138.8599714102499,140.7775421142578,1923505.0
2025-01-27T00:00:00,139.982436247614,142.41447903727516,139.37443268672578,139.7018280029297,2287045.0
2025-01-28T00:00:00,140.21629379659726,143.58373565138928,139.88891273516646,142.74188232421875,2302620.0
2025-01-29T00:00:00,144.00466457611802,144.75298658593908,142.60156616009922,144.0514373779297,3219889.0
2025-01-30T00:00:00,136.52146410713434,142.7886337680678,135.21191138027214,139.09381103515625,11626369.0
2025-01-31T00:00:00,138.4390522047252,141.47909895922083,137.8778070946728,138.62612915039062,5338405.0
2025-02-03T00:00:00,135.63284672190713,137.50364460772653,135.2586928539653,136.194091796875,4639991.0
2025-02-04T00:00:00,136.0069850796353,138.81318158834625,135.11835903982092,138.7196502685547,2800823.0
2025-02-05T00:00:00,138.2051914060438,139.09381753170857,137.03594274778624,138.4390411376953,2365087.0
2025-02-06T00:00:00,138.67289629315655,141.52586598550207,138.06489267630417,141.05816650390625,2838202.0
2025-02-07T00:00:00,141.05816650390625,141.05816650390625,141.05816650390625,141.05816650390625,0.0
2025-02-10T00:00:00,138.62612220283378,139.93568930297215,137.8778001846198,139.14059448242188,2255062.0
2025-02-11T00:00:00,138.6261198473894,140.59046332769242,138.43904291427842,140.49691772460938,1420853.0
2025-02-12T00:00:00,139.00027886489045,141.99355241740034,138.20518411002735,140.5904541015625,2481188.0
2025-02-13T00:00:00,141.6661617295126,142.78863756424434,140.59045869478103,142.32093811035156,2167647.0
2025-02-14T00:00:00,142.6483395301362,143.39666154293815,141.52586364746094,141.52586364746094,1918339.0
2025-02-17T00:00:00,140.9178355884154,142.36770670729,140.40337762276516,140.7307586669922,2237686.0
2025-02-18T00:00:00,139.98244703563884,139.98244703563884,134.93129841928626,135.58607482910156,5319339.0
2025-02-19T00:00:00,135.4457651403787,136.56824097874375,132.17186895253212,132.96694946289062,3582328.0
2025-02-20T00:00:00,132.8266430307983,133.01371995510405,131.14292216593788,132.5460205078125,3236820.0
2025-02-21T00:00:00,132.12510262870808,133.9023549371464,131.517099016099,132.3121795654297,3495925.0
2025-02-24T00:00:00,132.31217220024004,133.57496643066406,131.33000049580522,133.57496643066406,1743804.0
2025-02-25T00:00:00,131.70418084006567,135.0716086451784,131.1897085401988,134.79100036621094,3634731.0
2025-02-26T00:00:00,134.13619040400368,137.55040479638043,133.94911348718736,136.75531005859375,3137766.0
2025-02-27T00:00:00,135.58608826541655,137.59720476928544,134.74423483695017,135.3054656982422,3107029.0
2025-02-28T00:00:00,134.37005381964065,135.07160303402733,133.71527740749082,134.83775329589844,4620404.0
2025-03-03T00:00:00,134.37004970658785,135.49253983369147,133.0137241215683,133.24757385253906,2429146.0
2025-03-04T00:00:00,132.31218392412774,135.02484955164695,130.20753620230263,130.3478546142578,3468443.0
2025-03-05T00:00:00,130.44137342713557,131.610622049238,129.8333698528641,130.90907287597656,3044052.0
2025-03-06T00:00:00,133.1072692657182,135.67961629755618,131.89124781423837,133.9958953857422,3304079.0
2025-03-07T00:00:00,132.12509526198244,135.9134636798573,131.51709168327304,135.3522186279297,3473583.0
2025-03-10T00:00:00,136.00698919390277,140.45013380043537,135.8666850734444,139.42120361328125,3512890.0
2025-03-11T00:00:00,139.42121497879458,140.02921858108357,130.3010753061291,131.00262451171875,4782022.0
2025-03-12T00:00:00,130.76876579319358,131.4235421521522,123.70650142079806,126.185302734375,7593446.0
2025-03-13T00:00:00,125.7643830328615,126.93363169302766,124.64190717371297,124.78221130371094,2743712.0
2025-03-14T00:00:00,124.7822180011255,126.84010717191462,124.12744157089973,125.3902359008789,2488239.0
2025-03-17T00:00:00,125.39023998897902,127.35456934369938,124.40806817509076,126.09178924560547,3094893.0
2025-03-18T00:00:00,126.69978216456369,127.7287266963851,125.85792883711342,126.93363189697266,3164198.0
2025-03-19T00:00:00,126.41915800606392,128.9915050294974,126.23208107715244,128.80442810058594,2442846.0
2025-03-20T00:00:00,128.89796951925342,130.5816903709351,127.82225223507005,128.10287475585938,3552170.0
2025-03-21T00:00:00,126.84010591969762,127.96258182801107,125.2499162537767,126.51271057128906,6565162.0
2025-03-24T00:00:00,126.88685189177083,128.1964188827422,125.20314533246416,126.185302734375,2724580.0
2025-03-25T00:00:00,126.5594711303711,128.24319196647764,124.78220469718201,126.5594711303711,5820341.0
2025-03-26T00:00:00,127.21425924613081,127.30780485185751,123.37911778022378,124.22098541259766,3775679.0
2025-03-27T00:00:00,118.00057428982214,126.93362962611448,117.86026302558145,124.7354507446289,9995387.0
2025-03-28T00:00:00,123.51942401876276,126.69977447734207,121.60185347474254,124.26774597167969,6560216.0
2025-03-31T00:00:00,123.47265581149789,124.45482751915482,121.83570772308788,123.33235168457031,4122984.0
2025-04-01T00:00:00,124.22099122793493,127.16749239654357,124.03391428077911,126.09178924560547,2764816.0
2025-04-02T00:00:00,126.09177141055471,126.37239392812388,124.87575001645779,126.185302734375,4817474.0
2025-04-03T00:00:00,123.28557745674503,123.3323502561974,118.79565989735232,121.41477966308594,8048029.0
2025-04-04T00:00:00,121.13416268596613,122.44371549226804,116.22331825275128,119.87136840820312,9002790.0
2025-04-07T00:00:00,113.27681216635092,122.06956378176852,112.24787474185612,114.96053314208984,6292047.0
2025-04-08T00:00:00,116.83133027073572,118.3747399653884,115.52177031355987,116.97164154052734,3987791.0
2025-04-09T00:00:00,113.7445134006668,117.62642055606517,113.32358671849677,116.1297836303711,5583339.0
2025-04-10T00:00:00,122.95818420524873,125.90469934373776,120.15198746748092,120.57291412353516,4336628.0
2025-04-11T00:00:00,122.16310852449499,123.00496186989575,120.52616036272832,122.67756652832031,3778859.0
2025-04-14T00:00:00,125.15638418959603,127.30780466057831,124.17421242316331,126.8868637084961,2909726.0
2025-04-15T00:00:00,127.3545592212087,128.38350375836663,126.27885615577044,128.33673095703125,2475446.0
2025-04-16T00:00:00,127.30779837809153,129.92690392858844,127.30779837809153,129.69305419921875,3128213.0
2025-04-17T00:00:00,129.0382750801702,130.62845035161314,128.47704430539562,130.02044677734375,1161197.0
2025-04-22T00:00:00,130.9558406876929,134.08943258479854,130.90906788997935,132.59278869628906,2513133.0
2025-04-23T00:00:00,133.99588890342446,135.63283693540347,132.92018590591704,133.7620391845703,2588626.0
2025-04-24T00:00:00,132.77986561408926,133.62173315377106,131.61061703652058,132.59278869628906,2181307.0
2025-04-25T00:00:00,133.62175132987417,133.99590521636944,132.03156162962964,132.26541137695312,2144084.0
2025-04-28T00:00:00,132.82663693236813,132.82663693236813,131.14291614481186,131.5638427734375,2383433.0
2025-04-29T00:00:00,132.0783323100329,132.0783323100329,129.59953073748244,130.06723022460938,2626080.0
2025-04-30T00:00:00,129.92690716598153,131.28324704856564,129.41244916699324,131.00262451171875,1616374.0
2025-05-02T00:00:00,131.98480965763773,132.82666308061619,130.6752424437132,131.6106414794922,2074229.0
2025-05-05T00:00:00,131.70418072199467,132.12510741312443,130.4881591796875,130.4881591796875,1905091.0
2025-05-06T00:00:00,130.02045925941823,130.86231263892594,129.2721372148248,130.3478546142578,2883322.0
2025-05-07T00:00:00,129.17859669095395,129.64629615142366,127.77549830954486,128.0561065673828,2446625.0
2025-05-08T00:00:00,128.48776384503367,132.56445670641833,128.15204497956387,131.26951599121094,2196169.0
2025-05-09T00:00:00,131.26952295073207,133.47572161284347,131.26952295073207,133.2359161376953,1712494.0
2025-05-12T00:00:00,134.2910592064287,139.56677938953842,134.2910592064287,138.3677520751953,4006512.0
2025-05-13T00:00:00,138.12794244900442,140.95764389825118,138.07997843056359,140.8137664794922,4035140.0
2025-05-14T00:00:00,141.34134671787504,141.43726012179565,138.65552258651,138.99124145507812,2993174.0
2025-05-15T00:00:00,138.79940231197025,139.71066016542673,137.60037496885275,138.8473663330078,3674666.0
2025-05-16T00:00:00,139.80658355779497,142.6842490855712,139.13513119529327,139.9025115966797,3395392.0
2025-05-19T00:00:00,139.8545414715638,140.23822433722455,137.45648696977622,138.1759033203125,2174210.0
2025-05-20T00:00:00,138.03200740559492,138.03200740559492,134.29104834211816,136.305419921875,4491089.0
2025-05-21T00:00:00,135.8737686491553,135.8737686491553,133.71551949537127,135.2023162841797,2584672.0
2025-05-22T00:00:00,134.29106037574616,135.1543541949646,133.04406903065856,133.66757202148438,2658641.0
2025-05-23T00:00:00,133.1399937445662,135.53804833421412,132.08484387049563,133.18795776367188,2571973.0
2025-05-26T00:00:00,134.6267835827782,135.10639447600283,133.13998688646927,134.00328063964844,856276.0
2025-05-27T00:00:00,134.00328292667626,134.4828938280864,132.46853682410176,133.4757080078125,2063266.0
2025-05-28T00:00:00,133.57163158361462,133.85940104216655,131.6052240261663,132.3726043701172,1306435.0
2025-05-30T00:00:00,131.509315182724,132.90018387120818,131.36542313018643,131.70115661621094,3690354.0
2025-06-02T00:00:00,130.45417653195966,132.22874287617458,130.21437106039357,131.60523986816406,2427400.0
2025-06-03T00:00:00,131.6052251994249,132.18076412165965,129.97455110184347,130.8378448486328,1721360.0
2025-06-04T00:00:00,130.8378521588896,132.1807715069489,130.5500973182574,131.41339111328125,2013920.0
2025-06-05T00:00:00,131.41339048753275,132.2287348962779,130.50213267788814,131.7970733642578,1446577.0
2025-06-09T00:00:00,131.79707439242515,133.81144610235486,131.79707439242515,133.18795776367188,2093368.0
2025-06-10T00:00:00,133.61961367987115,134.57883558046382,132.75630518739897,133.2359161376953,1905689.0
2025-06-11T00:00:00,132.61241969695638,132.85222515752955,129.87863159179688,129.87863159179688,2470800.0
2025-06-12T00:00:00,128.77552348743944,129.7347452638822,127.192813410934,127.28872680664062,3587163.0
2025-06-13T00:00:00,125.65806213387928,126.71321202169007,124.55496286290206,125.75399017333984,2877067.0
2025-06-16T00:00:00,125.89786804467255,129.63882741194584,125.2743796956483,128.72756958007812,4572925.0
2025-06-17T00:00:00,128.00815477142606,128.24796023732853,125.41825866699219,125.41825866699219,2396111.0
2025-06-18T00:00:00,126.8091274419137,127.62447188060774,124.93864773518725,125.41825866699219,2716542.0
2025-06-19T00:00:00,125.03457034648042,125.75398671294678,123.30796813964844,123.30796813964844,6216494.0
2025-06-23T00:00:00,123.30796522749957,123.35592924477724,119.23127258046888,120.09456634521484,3888564.0
2025-06-24T00:00:00,121.72525200942421,124.17126329136063,121.34156181276308,123.73961639404297,3961275.0
2025-06-25T00:00:00,124.50699416929693,126.80912066429228,123.8834912093367,124.45903015136719,3809257.0
2025-06-26T00:00:00,128.67960554733966,134.24309521435725,126.13767349503114,129.11126708984375,6597997.0
2025-06-27T00:00:00,128.39184202106253,128.6795968478595,126.76115327421083,127.72037506103516,4129263.0
2025-06-30T00:00:00,127.81630905719969,127.81630905719969,126.23359888972847,127.48057556152344,6768251.0
2025-07-01T00:00:00,127.09688247992273,130.3582305908203,127.09688247992273,130.3582305908203,3230215.0
2025-07-02T00:00:00,131.02969471096165,132.61240471733942,129.8786169209828,131.65318298339844,2011265.0
2025-07-03T00:00:00,132.37261231238085,134.05125051199437,131.89300139820557,132.18077087402344,1678245.0
2025-07-04T00:00:00,131.74912002726634,133.09202469205644,130.98173966028781,132.46853637695312,1813682.0
2025-07-07T00:00:00,132.46855067165345,132.66039212495895,130.78991234124217,131.46136474609375,1501475.0
2025-07-08T00:00:00,131.36543070321625,131.4133947234938,129.0153400752549,129.73475646972656,1781536.0
2025-07-09T00:00:00,129.73475914199315,131.46136145160241,129.30311222373192,130.59805297851562,955067.0
2025-07-10T00:00:00,131.22155399777935,132.99610566525877,130.74194306550424,132.9001922607422,1470550.0
2025-07-11T00:00:00,131.89300734178607,132.5164957036852,129.9745635986328,129.9745635986328,1351285.0
2025-07-14T00:00:00,128.67959824015054,130.07048155534525,128.48775680802254,128.5357208251953,1293067.0
2025-07-15T00:00:00,128.77553461043098,131.17358925866992,128.77553461043098,129.73475646972656,1131278.0
2025-07-16T00:00:00,128.8235002800537,131.46136042688943,128.8235002800537,129.9745635986328,1321082.0
2025-07-17T00:00:00,130.837858448279,130.98175051207565,129.1592201599353,130.59805297851562,1396361.0
2025-07-18T00:00:00,131.65319861940327,134.19513066161866,131.173587695471,133.42776489257812,2118608.0
2025-07-21T00:00:00,133.71552177272267,135.68192951808473,133.427766923235,135.05844116210938,2344087.0
2025-07-22T00:00:00,135.2502899169922,136.64115876542132,134.86660700589616,135.2502899169922,1533407.0
2025-07-23T00:00:00,136.593181261714,139.03919982910156,136.4972678616883,139.03919982910156,2291122.0
2025-07-24T00:00:00,140.33415236424045,140.43006576236883,137.4085229449071,137.79220581054688,2002470.0
2025-07-25T00:00:00,137.1687247608522,138.3677520751953,136.68911383511497,138.3677520751953,1430295.0
2025-07-28T00:00:00,139.23104748188518,139.90251449486055,133.8114498135946,135.05844116210938,1660146.0
2025-07-29T00:00:00,134.96250344874292,135.2023088971723,127.14485168457031,127.14485168457031,1600114.0
2025-07-30T00:00:00,129.8306917778798,131.79708499025827,129.7827277549173,130.310302734375,1714922.0
2025-07-31T00:00:00,130.11843859635204,130.64601354318592,126.61728468506483,126.95301818847656,2884383.0
2025-08-01T00:00:00,123.93145678294746,125.22641210048965,122.9242709400328,123.11612701416016,2548555.0
2025-08-04T00:00:00,123.116124105511,123.64368438720703,122.30077971942293,123.64368438720703,1577954.0
2025-08-05T00:00:00,124.0753525792733,124.98661041259766,123.54777763264427,124.98661041259766,1137551.0
2025-08-06T00:00:00,125.41824452729882,126.4733943129374,125.32231649712716,126.42543029785156,1461217.0
2025-08-07T00:00:00,126.56931486444675,129.97455521624403,126.32950941201827,128.77552795410156,2509127.0
2025-08-08T00:00:00,129.4469854530146,133.09203140252257,129.4469854530146,133.0440673828125,3299672.0
2025-08-11T00:00:00,133.81144908558238,134.00329052971844,131.65319990678267,131.89300537109375,1656053.0
2025-08-12T00:00:00,131.940978576229,134.09922790527344,131.41340359070514,134.09922790527344,2067201.0
2025-08-13T00:00:00,134.2910565723705,137.8881384448447,134.2910565723705,137.50445556640625,2472928.0
2025-08-14T00:00:00,137.1687176465637,137.45648711439358,135.10639662748187,135.6339569091797,2232462.0
2025-08-15T00:00:00,136.545225840218,137.93609448985737,135.3941479983179,137.31259155273438,1799497.0
2025-08-18T00:00:00,136.78504022504785,138.99123874757788,136.4013427071477,138.12794494628906,2669600.0
2025-08-19T00:00:00,138.1279466123267,139.99842629538918,137.84017712957157,138.3677520751953,1908577.0
2025-08-20T00:00:00,137.8401675499775,138.94328138444746,137.55239808722172,138.3197784423828,1774919.0
2025-08-21T00:00:00,137.8401693750117,138.79939117252266,135.9217257799898,136.7850341796875,2226752.0
2025-08-22T00:00:00,136.305418651404,139.7586082232202,136.305418651404,139.2310333251953,1598962.0
2025-08-25T00:00:00,139.23104380734108,139.3749358648514,136.16153685578166,136.35337829589844,1297258.0
2025-08-26T00:00:00,136.11358242997179,137.4085378560156,135.34621661542033,136.40135192871094,2589950.0
2025-08-27T00:00:00,136.40133559885982,136.9768745274351,134.81862550012224,135.77784729003906,1269461.0
2025-08-28T00:00:00,136.11357976958666,137.45649919193332,134.96251643369266,135.53805541992188,1009955.0
2025-08-29T00:00:00,135.25027885614364,135.44212029600274,133.0920297254605,133.18795776367188,1296583.0
2025-09-01T00:00:00,133.18796343364673,133.66757437199394,131.79708000318837,132.7563018798828,1057303.0
2025-09-02T00:00:00,132.75628326532916,133.139980744145,131.26950127417484,132.66036987304688,1922198.0
2025-09-03T00:00:00,132.70833826985398,136.49726134933692,132.70833826985398,136.305419921875,1911928.0
2025-09-04T00:00:00,136.78504123807872,140.52600058678746,136.64114917908913,139.1351318359375,1926124.0
2025-09-05T00:00:00,139.8065875404206,141.005614877817,139.47085403132394,139.61474609375,1619965.0
2025-09-08T00:00:00,139.71065198523883,142.0607571493997,139.13512767617846,141.58114624023438,1036501.0
2025-09-09T00:00:00,141.72501907090788,143.97919612564561,141.6290910375545,141.868896484375,1612384.0
2025-09-10T00:00:00,142.30055405689123,144.41083900315462,142.30055405689123,142.5403594970703,1819430.0
2025-09-11T00:00:00,142.34851933388697,143.21182779688786,141.14949199907807,141.7729949951172,1937647.0
2025-09-12T00:00:00,141.82096606525675,141.8689154517812,139.13514177446885,140.19027709960938,1570051.0
2025-09-15T00:00:00,140.57396371727495,142.06076049804688,140.28619423767978,142.06076049804688,1734131.0
2025-09-16T00:00:00,142.4444363597978,145.7537486206421,141.8688974289714,145.03433227539062,3021939.0
2025-09-17T00:00:00,145.75374729641393,148.82325408095346,145.32210042049732,148.34364318847656,3222793.0
2025-09-18T00:00:00,148.67938294880724,150.16617970560802,146.47316982289937,148.2957000732422,2142577.0
2025-09-19T00:00:00,145.8496816965139,148.00793080687694,145.178229345047,146.137451171875,2746756.0
2025-09-22T00:00:00,146.76094286406627,146.95278430651044,145.13026864844497,146.23336791992188,1671362.0
2025-09-23T00:00:00,146.56910771070326,149.35084533691406,146.2333741945972,149.35084533691406,2388881.0
2025-09-24T00:00:00,149.35084135322353,151.0774436363807,148.67938897548578,149.63861083984375,3022536.0
2025-09-25T00:00:00,164.6024723877573,167.43217386762836,160.38188754086704,164.26673889160156,10743151.0
2025-09-26T00:00:00,164.41061278078382,166.85663132956842,163.83508847531664,165.94537353515625,4864248.0
2025-09-29T00:00:00,166.28110702410123,166.90459534749817,165.03411574074406,165.94537353515625,3379126.0
2025-09-30T00:00:00,165.94537336101885,168.10362243652344,164.41061260825694,168.10362243652344,3820792.0
2025-10-01T00:00:00,166.9045850580389,170.16593316431812,166.85662104306604,168.82302856445312,2192751.0
2025-10-02T00:00:00,169.6383853041733,171.07721803911434,168.8710049182254,170.1179962158203,2904013.0
2025-10-03T00:00:00,170.26187571991335,171.36497497558594,169.4465313055024,171.36497497558594,1672260.0
2025-10-06T00:00:00,171.31701706501536,173.37933805306847,170.30983126104596,172.32418823242188,2461455.0
2025-10-07T00:00:00,172.08439458366564,172.22828664356246,168.24750717144065,168.29547119140625,1964891.0
2025-10-08T00:00:00,168.10363470989725,168.5832456505817,165.4657745361328,165.4657745361328,2718512.0
2025-10-09T00:00:00,165.4657623567738,166.04130129785744,161.00538679134695,162.01255798339844,2862160.0
2025-10-10T00:00:00,162.68401820708152,164.6024617489737,161.29313492995954,161.43702697753906,1639476.0
2025-10-13T00:00:00,161.82072778332022,163.40345266290282,161.67685035634193,162.6840362548828,1284920.0
2025-10-14T00:00:00,161.62887720476118,164.9381895673976,161.43703576743914,164.0269317626953,1340753.0
2025-10-15T00:00:00,165.0820870319134,167.04848012459973,164.55451208456861,166.13722229003906,1965530.0
2025-10-16T00:00:00,166.47295386578907,168.43936157226562,165.46576800280707,168.43936157226562,1720623.0
2025-10-17T00:00:00,167.4801328921536,170.30983428763997,166.7607165388996,169.2546844482422,1899918.0
2025-10-20T00:00:00,169.30265057681297,171.26905822753906,168.82303966866337,171.26905822753906,1921854.0
2025-10-21T00:00:00,171.60477707999235,171.60477707999235,169.68633344740857,170.88536071777344,801356.0
2025-10-22T00:00:00,170.88536071908135,171.84458253538057,170.16594435685693,171.26905822753906,1213770.0
2025-10-23T00:00:00,171.70070493239527,173.04360961914062,171.36497144242725,173.04360961914062,1166850.0
2025-10-24T00:00:00,172.65991608598264,174.0987487200325,172.03642779918601,172.75584411621094,971628.0
2025-10-27T00:00:00,172.85176818511633,173.66711258272483,172.65992674937414,173.42730712890625,841628.0
2025-10-28T00:00:00,173.61915421650784,174.48244802373233,172.42012690838277,173.3793487548828,843419.0
2025-10-29T00:00:00,174.0987573331216,174.9141017207119,171.17312790516974,171.796630859375,1305852.0
2025-10-30T00:00:00,171.6527527600426,172.61197464150308,170.6455668571962,172.5640106201172,1147286.0
2025-10-31T00:00:00,172.27624054072112,172.94769287109375,171.36496812461215,172.94769287109375,652693.0
2025-11-03T00:00:00,170.83742359018157,171.74868145370968,168.63121032714844,168.63121032714844,3015940.0
2025-11-04T00:00:00,167.3842138905467,167.81586079848174,163.45139842588534,164.3626708984375,2243237.0
2025-11-05T00:00:00,164.02692491949384,167.57604258985452,164.02692491949384,165.2259521484375,2156944.0
2025-11-06T00:00:00,165.4705992253239,167.57444763183594,164.88347110052177,167.57444763183594,2396949.0
2025-11-07T00:00:00,167.8680153462299,169.9229339651654,167.13411263990534,169.0911865234375,1828489.0
2025-11-10T00:00:00,169.7761595692323,173.8370819091797,169.7761595692323,173.8370819091797,1771060.0
2025-11-11T00:00:00,173.83707518689417,175.7452340965228,172.1246356032805,175.5495147705078,1759460.0
2025-11-12T00:00:00,175.54950797289175,178.09370979968807,174.66883076507867,177.70230102539062,2698249.0
2025-11-13T00:00:00,178.28941692252158,181.22502756865956,178.14264236272982,179.9529266357422,2314364.0
2025-11-14T00:00:00,179.4636549055423,181.51858829269162,177.06624257472654,177.995849609375,2188149.0
2025-11-17T00:00:00,177.408741326942,177.408741326942,172.36926737945146,173.0053253173828,2042701.0
2025-11-18T00:00:00,171.24396458057018,171.6843032175196,169.0422564645343,169.38475036621094,1987410.0
2025-11-19T00:00:00,169.38474359339662,171.7332261840825,168.79761548008108,170.9503936767578,1059708.0
2025-11-20T00:00:00,171.63536959935539,171.9778634934794,167.03624906686855,167.72122192382812,1833192.0
2025-11-21T00:00:00,166.93839836167166,169.6293747923292,165.7152272568273,168.6997528076172,2289818.0
2025-11-24T00:00:00,169.09118071500407,169.77615356445312,168.16157363851687,169.77615356445312,6156715.0
2025-11-25T00:00:00,168.50405378812647,169.43366087118162,166.15557116448318,168.60191345214844,2555241.0
2025-11-26T00:00:00,168.94438546325728,172.17356013638448,168.94438546325728,170.46112060546875,2001459.0
2025-11-27T00:00:00,170.0207875196194,170.90146476303306,169.14011027620572,169.9229278564453,1142795.0
2025-11-28T00:00:00,169.97184980393183,170.6568226205133,166.84053483435395,167.6233673095703,5860280.0
2025-12-01T00:00:00,167.28087920315193,172.27142333984375,165.76414402974262,172.27142333984375,2232123.0
2025-12-02T00:00:00,172.271431312494,176.4791431417101,171.53752860732686,174.42420959472656,2445726.0
2025-12-03T00:00:00,175.94094360622628,178.2894262737994,175.35381547368868,175.59844970703125,2147882.0
2025-12-04T00:00:00,175.79415584582406,176.5769883865192,173.4456731550275,173.98387145996094,1855521.0
2025-12-05T00:00:00,173.7881529524932,174.42419594133506,171.8799941233924,172.8096160888672,1686207.0
2025-12-08T00:00:00,172.6139041310664,172.95639802045386,169.97185747288145,170.21649169921875,1682117.0
2025-12-09T00:00:00,170.16756306345778,170.26542272719564,167.8680102785014,169.04225158691406,1585849.0
2025-12-10T00:00:00,168.55298672735017,170.41220092773438,167.91694369334732,170.41220092773438,1418314.0
2025-12-11T00:00:00,172.22249595704,176.72377171025067,171.63536783921657,174.81561279296875,2715952.0
2025-12-12T00:00:00,174.81561623778907,177.94694635283378,173.73923457561995,176.62591552734375,2108941.0
2025-12-15T00:00:00,176.82162014925075,179.46366687226737,176.3323516845703,176.3323516845703,2436178.0
2025-12-16T00:00:00,176.52805081653884,179.41474661704447,175.98986746648077,176.72377014160156,2147659.0
2025-12-17T00:00:00,176.91946868687393,178.28941432929727,176.87053885722574,177.26194763183594,1470733.0
2025-12-18T00:00:00,179.0722560349222,183.76923622865326,178.68084724014813,183.72030639648438,3439041.0
2025-12-19T00:00:00,183.27996099347126,184.30742770587713,178.4362064136012,179.9529266357422,4538822.0
2025-12-22T00:00:00,180.0997263419242,180.58899481069807,179.2679639724931,180.05079650878906,1170468.0
2025-12-23T00:00:00,180.34435551881043,181.56752665644305,180.001861627758,180.14865112304688,1181105.0
2025-12-29T00:00:00,181.22502552714536,183.03532471105243,181.22502552714536,182.15463256835938,1296692.0
2025-12-30T00:00:00,181.02932642498953,182.64390633680526,180.637917637667,181.91000366210938,1326275.0
2026-01-02T00:00:00,182.69283205214168,184.1606373684652,180.14864512928693,181.12718200683594,1347356.0
2026-01-05T00:00:00,181.12719430348884,181.17610920565684,178.68085194353512,178.72976684570312,925486.0
2026-01-07T00:00:00,182.20357355201898,183.4267447156755,180.0507952902412,181.22503662109375,1981777.0
2026-01-08T00:00:00,179.07224942395084,179.07224942395084,172.41819563942624,174.76669311523438,2921980.0
2026-01-09T00:00:00,175.25596618652344,176.08771359950876,173.24996253896643,175.25596618652344,1888982.0
2026-01-12T00:00:00,174.76669724757298,177.06625001610345,172.809623437102,175.69630432128906,1868546.0
2026-01-13T00:00:00,176.13664662212886,177.9958608084026,175.54951849420635,177.21304321289062,1553779.0
2026-01-14T00:00:00,177.21304271858688,178.33835420746288,175.20703904028363,177.65338134765625,1726263.0
2026-01-15T00:00:00,177.70230306891273,177.75121796779666,175.06024155251532,175.50059509277344,1918389.0
2026-01-16T00:00:00,175.0113282344392,176.13663968211532,172.85853513773853,173.73922729492188,1932748.0
2026-01-19T00:00:00,171.29288735079444,171.78215580085026,169.77615216936383,171.24395751953125,1822238.0
2026-01-20T00:00:00,170.265424059723,174.42420596922773,170.11864949425586,173.05426025390625,2101025.0
2026-01-21T00:00:00,172.4671332856529,174.0817132417691,171.04825772856762,171.7332305908203,1281426.0
2026-01-22T00:00:00,172.71176120551434,174.57097532529647,172.56498664442714,172.85853576660156,1264327.0
2026-01-23T00:00:00,172.85854158586582,173.4456697125563,171.3907362004281,172.17356872558594,1878103.0
2026-01-26T00:00:00,172.1735585737664,172.85853139365844,170.8036129339823,172.2224884033203,1102623.0
2026-01-27T00:00:00,172.36926296069444,174.42419635165822,171.6842901408024,172.2224884033203,1407180.0
2026-01-28T00:00:00,171.53752955028583,175.1581132627554,171.53752955028583,173.39674377441406,2718013.0
2026-01-29T00:00:00,166.4980466450655,174.86454008022298,166.00877819776142,172.1246337890625,5149782.0
2026-01-30T00:00:00,172.124636829811,175.15810722920077,169.2868857578309,174.52206420898438,2142218.0
2026-02-02T00:00:00,173.6902981548344,175.98986582123052,170.4611234282334,173.0053253173828,2534154.0
2026-02-03T00:00:00,173.494598827387,174.71776997685916,171.14610126162742,172.907470703125,2146939.0
2026-02-04T00:00:00,173.15210881349498,179.31689453125,173.10317898016183,179.31689453125,3221936.0
2026-02-05T00:00:00,179.95293055537044,181.86108946195282,178.72975942617057,181.1761016845703,2416562.0
2026-02-06T00:00:00,181.9100021275987,183.8181610107422,178.68084233120697,183.8181610107422,1692140.0
2026-02-09T00:00:00,184.25849913146286,184.7477675758208,176.08771013816983,178.92547607421875,2991548.0
2026-02-10T00:00:00,179.46366721098894,182.39927800461226,178.92548384385557,181.371826171875,2337892.0
2026-02-11T00:00:00,181.32289556856594,183.76923788619018,179.61045594622897,181.9589385986328,1805763.0
2026-02-12T00:00:00,182.98640321877755,185.23704111093463,182.20357070003314,184.16064453125,1936852.0
2026-02-13T00:00:00,182.30142279784792,183.03532545409425,180.9803920440894,181.56752014160156,1945473.0
2026-02-16T00:00:00,181.812162392206,184.40527925298323,180.54006141225761,183.72030639648438,1306057.0
2026-02-17T00:00:00,183.96494018895135,186.75377637177795,182.59499447920857,184.30743408203125,1707324.0
2026-02-18T00:00:00,181.02933344633684,183.0353371545675,179.17011923751156,180.05079650878906,2128549.0
2026-02-19T00:00:00,180.24649027109444,182.64390264032284,180.14864554188813,180.54005432128906,1120454.0
2026-02-20T00:00:00,180.6379256027749,180.78470017167078,176.9194822340958,179.02333068847656,2514895.0
2026-02-23T00:00:00,179.02332701324602,180.6379218943978,176.6748443713924,177.506591796875,1702295.0
2026-02-24T00:00:00,179.56151976723007,183.8181612219657,179.4636601054684,183.52459716796875,2699614.0
2026-02-25T00:00:00,183.52460281599087,189.64045858211102,183.47567298360423,188.1726531982422,2952852.0
2026-02-26T00:00:00,188.17265129461765,190.08079528808594,186.4602116974277,190.08079528808594,2568202.0
2026-02-27T00:00:00,189.73829768245972,190.12972139864354,187.34088527957505,188.56405639648438,1912089.0
2026-03-02T00:00:00,185.1881139503335,185.6773824151957,181.4207407983793,181.5186004638672,2212099.0
2026-03-03T00:00:00,178.58298492997133,179.5615218336972,174.96240137244325,175.84307861328125,1952774.0
2026-03-04T00:00:00,176.332352940101,180.3443603515625,175.20704143583896,180.3443603515625,1629670.0
2026-03-05T00:00:00,180.00185384797027,181.90999775394837,176.47913008261554,177.26194763183594,1512770.0
2026-03-06T00:00:00,176.9194814983068,178.92548520884387,173.6903066144287,174.57098388671875,1664143.0
2026-03-09T00:00:00,171.04825582693348,174.52206486344514,169.97185924729715,173.64137268066406,1714056.0
2026-03-10T00:00:00,176.33234642276426,178.82761850443256,175.8920078039494,176.72377014160156,1665860.0
2026-03-11T00:00:00,178.09372047348586,179.07225739916436,174.27743243585513,177.21304321289062,1451016.0
2026-03-12T00:00:00,177.21303394481444,177.89800677070824,174.03278910268315,176.2344970703125,1689807.0
2026-03-13T00:00:00,174.42420743905276,177.94694635283378,173.00533187952294,176.62591552734375,1522547.0
2026-03-16T00:00:00,176.47914140559618,177.21304410354358,175.5495193764986,176.03878784179688,1141870.0
2026-03-17T00:00:00,176.77269126618447,178.38728616707698,175.3048858642578,175.3048858642578,1115572.0
2026-03-18T00:00:00,175.8430774680464,175.9898669614222,170.9993228124075,171.68429565429688,1994328.0
2026-03-19T00:00:00,168.99331922012738,170.3632798354662,165.1770312922089,166.3512725830078,2490164.0
2026-03-20T00:00:00,168.1126483785193,168.94439581429455,164.68776910684926,165.22596740722656,5401540.0
2026-03-23T00:00:00,163.660298780279,171.43966425622293,161.84999951781737,168.74868774414062,1977068.0
2026-03-24T00:00:00,170.46113272667284,170.75469679624794,167.1341130882586,168.50405883789062,1355105.0
2026-03-25T00:00:00,169.18902453623312,170.8525492161675,168.5529815218734,170.80361938476562,1781356.0
2026-03-26T00:00:00,166.88947016810985,170.1675598024722,159.50151363612966,167.08517456054688,5086408.0
2026-03-27T00:00:00,166.74268115663818,169.1890233973828,163.80707046774464,166.64483642578125,2816672.0
2026-03-30T00:00:00,166.6448348407918,170.36327799761443,165.86200234494154,168.4062042236328,2531480.0
2026-03-31T00:00:00,169.77615190140287,172.95639682174615,168.74868517164973,171.39073181152344,2696456.0
2026-04-01T00:00:00,175.15810183568067,175.4516658864673,173.59243685234378,174.61990356445312,2638091.0
2026-04-02T00:00:00,171.04825889302586,172.51606429268347,170.41220092773438,170.41220092773438,817258.0
2026-04-07T00:00:00,172.22249800410583,173.10317526002055,167.52551779955436,167.57444763183594,2340164.0
2026-04-08T00:00:00,172.12464033539547,173.54353083157173,170.02079190448848,170.7057647705078,1936387.0
2026-04-09T00:00:00,169.92293295991217,170.21649702696303,167.86801435313342,169.97186279296875,1301156.0
2026-04-10T00:00:00,170.26541560286506,173.49459026434934,170.06971121486643,171.34181213378906,1718648.0
2026-04-13T00:00:00,169.77614825132082,171.19502373748062,169.48258420180449,170.02078247070312,1446982.0
2026-04-14T00:00:00,171.68429196783939,172.22249023608472,169.23794977698591,170.31434631347656,1743036.0
2026-04-15T00:00:00,170.26542636028407,171.09718872593885,169.33581926009197,170.41220092773438,1054399.0
2026-04-16T00:00:00,171.24395682496333,173.05425605534248,171.14609716283383,171.9778594970703,1448843.0
2026-04-17T00:00:00,172.27142605682866,174.76669816452883,170.95039525531436,174.66883850097656,2418816.0
2026-04-20T00:00:00,172.76070028115257,175.2070426387693,171.92893790704736,173.98387145996094,1466139.0
2026-04-21T00:00:00,173.9838612479904,176.43020346201925,173.3967331441083,173.88600158691406,1849781.0
2026-04-22T00:00:00,173.78815514890022,173.78815514890022,168.210483010709,170.1675567626953,2009794.0
2026-04-23T00:00:00,169.2379601423302,171.1950340148782,169.04225574133312,170.11865234375,1146799.0
2026-04-24T00:00:00,168.30833986063016,169.23794689104474,166.4980406977537,167.7701416015625,1565704.0
2026-04-27T00:00:00,167.91694369787604,168.7486911322646,165.37274169921875,165.37274169921875,1437722.0
2026-04-28T00:00:00,165.37273040637047,166.8894655354083,164.93239180278854,166.5959014892578,1474103.0
2026-04-29T00:00:00,166.15557269837367,166.15557269837367,161.11609858048752,161.654296875,2063091.0
2026-04-30T00:00:00,160.13756242087874,161.40966341453893,159.55044922238923,161.0671844482422,1008730.0
2026-05-04T00:00:00,162.14356803049404,162.53499176540913,159.0122528076172,159.0122528076172,1604189.0
2026-05-05T00:00:00,159.01223992020408,162.9753171937036,158.62083114830014,161.84999084472656,2875663.0
2026-05-06T00:00:00,163.25,170.10000610351562,162.85000610351562,169.3000030517578,3255983.0
2026-05-07T00:00:00,169.39999389648438,170.75,167.39999389648438,168.9499969482422,2539948.0
2026-05-08T00:00:00,168.14999389648438,168.75,166.89999389648438,167.14999389648438,1989255.0
2026-05-11T00:00:00,166.60000610351562,167.10000610351562,163.10000610351562,164.9499969482422,2910372.0
2026-05-12T00:00:00,163.5,163.5,158.4499969482422,159.5,2968867.0
2026-05-13T00:00:00,159.39999389648438,159.5,156.35000610351562,157.1999969482422,2029684.0
2026-05-15T00:00:00,158.60000610351562,160.5500030517578,157.5500030517578,160.5500030517578,2717291.0
2026-05-18T00:00:00,159.1999969482422,164.6999969482422,158.8000030517578,164.14999389648438,1968530.0
2026-05-19T00:00:00,164.14999389648438,166.4499969482422,161.85000610351562,163.0,2483470.0
2026-05-20T00:00:00,159.14999389648438,164.89999389648438,159.0,163.0,3299575.0
2026-05-21T00:00:00,162.75,165.60000610351562,162.4499969482422,163.60000610351562,2658675.0
2026-05-22T00:00:00,165.0,166.0,163.35000610351562,163.6999969482422,1623274.0
2026-05-25T00:00:00,165.0,165.9499969482422,164.0,164.0,933770.0
2026-05-26T00:00:00,163.35000610351562,164.0500030517578,160.89999389648438,161.75,1764456.0
2026-05-27T00:00:00,161.75,165.4499969482422,161.75,165.4499969482422,2287281.0
2026-05-28T00:00:00,163.8000030517578,166.64999389648438,162.75,164.8000030517578,1639144.0
2026-05-29T00:00:00,164.64999389648438,165.39999389648438,162.6999969482422,164.14999389648438,7925421.0
2026-06-01T00:00:00,163.8000030517578,165.64999389648438,161.64999389648438,162.14999389648438,1206857.0
2026-06-02T00:00:00,162.25,165.9499969482422,162.25,164.0500030517578,1786789.0
2026-06-03T00:00:00,165.85000610351562,168.1999969482422,164.39999389648438,165.1999969482422,2192225.0
2026-06-04T00:00:00,165.14999389648438,167.3000030517578,164.3000030517578,165.75,2235019.0
2026-06-05T00:00:00,165.8000030517578,167.4499969482422,164.5,166.3000030517578,1774114.0
2026-06-08T00:00:00,165.0,165.85000610351562,161.5,163.8000030517578,2361608.0
2026-06-09T00:00:00,164.10000610351562,168.5,163.6999969482422,167.10000610351562,2542963.0
2026-06-10T00:00:00,168.10000610351562,168.4499969482422,164.85000610351562,165.25,1070366.0
2026-06-11T00:00:00,164.5,168.35000610351562,164.4499969482422,167.5500030517578,1012440.0
2026-06-12T00:00:00,170.5,171.75,169.6999969482422,171.25,3020776.0
2026-06-15T00:00:00,172.4499969482422,173.5,167.8000030517578,168.35000610351562,3610963.0
2026-06-16T00:00:00,168.35000610351562,168.75,166.4499969482422,166.85000610351562,4624064.0
2026-06-17T00:00:00,165.0500030517578,166.4499969482422,164.5500030517578,166.1999969482422,2749198.0
2026-06-18T00:00:00,165.85000610351562,171.1999969482422,165.25,170.14999389648438,4379437.0
2026-06-22T00:00:00,167.85000610351562,168.5500030517578,165.75,166.8000030517578,2390779.0
2026-06-23T00:00:00,165.5,166.25,163.39999389648438,164.89999389648438,1966036.0
2026-06-24T00:00:00,164.0,168.89999389648438,163.6999969482422,168.6999969482422,3047639.0
2026-06-25T00:00:00,166.9499969482422,170.0,159.9499969482422,167.6999969482422,7186712.0
2026-06-26T00:00:00,164.5,167.3000030517578,164.39999389648438,166.0500030517578,3267104.0
2026-06-29T00:00:00,166.10000610351562,167.8000030517578,164.85000610351562,166.0500030517578,3245728.0
2026-06-30T00:00:00,166.6999969482422,169.4499969482422,164.75,166.6999969482422,4466331.0
2026-07-01T00:00:00,167.5,167.5,163.39999389648438,164.89999389648438,2422780.0
2026-07-02T00:00:00,164.89999389648438,167.39999389648438,164.89999389648438,166.9499969482422,3141252.0
2026-07-03T00:00:00,167.14999389648438,167.5,165.64999389648438,166.6999969482422,2496400.0
2026-07-06T00:00:00,166.64999389648438,167.5,163.60000610351562,164.25,1968740.0
2026-07-07T00:00:00,164.8000030517578,167.35000610351562,164.14999389648438,166.5500030517578,2093271.0
2026-07-08T00:00:00,165.75,165.75,159.89999389648438,160.10000610351562,2126924.0
2026-07-09T00:00:00,161.35000610351562,165.10000610351562,160.39999389648438,165.10000610351562,2376624.0
2026-07-10T00:00:00,165.10000610351562,166.9499969482422,164.60000610351562,166.0,1545917.0
2026-07-13T00:00:00,165.64999389648438,168.60000610351562,164.89999389648438,166.64999389648438,1734477.0
2026-07-14T00:00:00,166.0,166.0,162.3000030517578,163.0,1532217.0
2026-07-15T00:00:00,163.5500030517578,163.5500030517578,160.85000610351562,161.89999389648438,1550702.0
2026-07-16T00:00:00,161.60000610351562,164.0500030517578,160.89999389648438,163.4499969482422,1168195.0
2026-07-17T00:00:00,163.3000030517578,165.5,162.35000610351562,164.5500030517578,1974366.0
2026-07-20T00:00:00,163.85000610351562,164.89999389648438,162.89999389648438,162.9499969482422,1146718.0
2026-07-21T00:00:00,163.3000030517578,163.3000030517578,161.14999389648438,161.6999969482422,908052.0
2026-07-22T00:00:00,161.60000610351562,164.39999389648438,161.0,163.60000610351562,1329029.0
2026-07-23T00:00:00,163.25,165.1999969482422,161.8000030517578,162.64999389648438,1618637.0
2026-07-24T00:00:00,162.35000610351562,164.10000610351562,161.6999969482422,164.10000610351562,1520063.0
2026-07-27T00:00:00,166.4499969482422,169.35000610351562,166.4499969482422,169.25,1705957.0
2026-07-28T00:00:00,169.39999389648438,171.85000610351562,169.10000610351562,171.85000610351562,1658811.0
2026-07-29T00:00:00,171.9499969482422,174.39999389648438,170.4499969482422,174.39999389648438,1648319.0
2026-07-30T00:00:00,174.10000610351562,175.0500030517578,173.10000610351562,173.89999389648438,1460830.0
2026-08-03T00:00:00,174.1999969482422,178.8000030517578,173.75,178.0500030517578,2183604.0
2026-08-04T00:00:00,176.60000610351562,179.89999389648438,175.1999969482422,179.89999389648438,1911026.0
2026-08-05T00:00:00,179.64999389648438,180.60000610351562,176.39999389648438,177.4499969482422,1939177.0
2026-08-06T00:00:00,177.85000610351562,179.9499969482422,177.85000610351562,179.0,1475007.0
2026-08-07T00:00:00,178.85000610351562,179.39999389648438,177.60000610351562,178.89999389648438,1198497.0
2026-08-10T00:00:00,178.75,179.5500030517578,177.0,179.5500030517578,1206125.0
2026-08-11T00:00:00,179.3000030517578,179.60000610351562,178.3000030517578,178.39999389648438,148485.0
