timestamp,open,high,low,close,volume
2018-01-02T00:00:00,78.16057837892389,78.24381521009859,77.34900816148496,77.78600311279297,3342496.0
2018-01-03T00:00:00,78.11895665404768,78.95133766549318,77.95248299198384,78.8472900390625,3741312.0
2018-01-04T00:00:00,79.01376791319919,81.09472038549242,79.01376791319919,80.78257751464844,5859592.0
2018-01-05T00:00:00,81.03228422652585,81.49009628933078,80.78257375181987,81.15714263916016,1938604.0
2018-01-08T00:00:00,81.65656371135488,82.09356494696446,81.46927928196854,81.90628051757812,5573500.0
2018-01-09T00:00:00,82.03114318847656,82.55138126970596,81.92709557223068,82.03114318847656,3997244.0
2018-01-10T00:00:00,82.09356921799909,82.1559952475216,81.61495272349305,82.03114318847656,3606220.0
2018-01-11T00:00:00,82.01032788016424,82.30165991950138,81.8646586852146,82.07275390625,3255224.0
2018-01-12T00:00:00,82.4057123493744,82.4057123493744,81.15714095014145,81.63575744628906,3459424.0
2018-01-15T00:00:00,81.61496705985238,82.03115759794328,81.53172387178329,81.78144073486328,2885052.0
2018-01-16T00:00:00,81.92710406049584,82.32248377308198,81.17795987579602,81.30281829833984,3906408.0
2018-01-17T00:00:00,81.15714544447128,82.01033721797445,80.74095495501246,81.59414672851562,3314652.0
2018-01-18T00:00:00,81.94790822949432,81.98952982038982,81.15714880698485,81.46929168701172,3028536.0
2018-01-19T00:00:00,81.49008801036854,81.9062784431584,81.40685119392298,81.80223083496094,2505440.0
2018-01-22T00:00:00,81.80223833461466,82.03114436374767,81.38604786366832,81.8854751586914,3228236.0
2018-01-23T00:00:00,82.40573159038944,83.36297115675424,82.30168394949249,82.90515899658203,4247604.0
2018-01-24T00:00:00,83.23810344262382,83.88320001441681,83.13405581332054,83.30052947998047,4617120.0
2018-01-25T00:00:00,83.23809423535982,83.23809423535982,80.67852537784756,80.82418823242188,6192212.0
2018-01-26T00:00:00,81.15714319371311,81.19876478172985,80.38718826934254,80.59528350830078,4380612.0
2018-01-29T00:00:00,81.19877272165046,81.84386294505018,81.05310349991052,81.40686798095703,4968436.0
2018-01-30T00:00:00,81.05310559334373,81.09472718650538,80.2623461277804,80.53286743164062,5594220.0
2018-01-31T00:00:00,80.61609822210374,81.0530995152769,79.9918124748744,80.13748168945312,4990580.0
2018-02-01T00:00:00,80.55367443319848,81.71900913062521,80.49124204639732,80.90743255615234,5855900.0
2018-02-02T00:00:00,80.94905289836126,80.96986369364055,79.18024325919399,79.32591247558594,5006340.0
2018-02-05T00:00:00,78.97215220761397,79.01377380038618,75.85072326660156,75.85072326660156,10276128.0
2018-02-06T00:00:00,72.83333839683894,75.49695508941237,72.41714789171415,74.41486358642578,14592580.0
2018-02-07T00:00:00,75.91313585744669,77.34899799640513,74.93509210619126,77.1825180053711,7902972.0
2018-02-08T00:00:00,76.78714805475161,77.03686489759393,74.49810028076172,74.49810028076172,5503464.0
2018-02-09T00:00:00,74.01947540529312,74.53971347715894,72.91656688260016,73.10385131835938,8159392.0
2018-02-12T00:00:00,74.16513720200327,75.16399809614019,73.8529943633159,74.22756958007812,6078560.0
2018-02-13T00:00:00,74.29000355321645,74.7061940493129,73.83219146728516,73.83219146728516,4361124.0
2018-02-14T00:00:00,74.5189089167352,75.70504800945733,73.3535742681778,75.45533752441406,6619472.0
2018-02-15T00:00:00,76.12125512047496,76.16287671901709,75.018352615316,75.30968475341797,7267564.0
2018-02-16T00:00:00,76.22527894471861,76.4749957568025,75.45533041682427,75.95475769042969,5034512.0
2018-02-19T00:00:00,76.32933361249522,76.32933361249522,75.33047897296832,75.53857421875,3217252.0
2018-02-20T00:00:00,75.70504994636053,76.80795858951561,75.33048103393087,76.62067413330078,4229940.0
2018-02-21T00:00:00,76.5166244506836,76.82876731950515,75.5801958442189,76.5166244506836,4422252.0
2018-02-22T00:00:00,75.95476605729463,76.32933496611909,75.37210189899812,76.2877197265625,5119048.0
2018-02-23T00:00:00,76.28771171736345,76.76632820067553,75.97556887592624,76.53742218017578,4058596.0
2018-02-26T00:00:00,77.03688594083746,77.97331483144458,77.03688594083746,77.68197631835938,4612804.0
2018-02-27T00:00:00,77.82762908935547,78.3062456585031,77.45306015268022,77.82762908935547,3736140.0
2018-02-28T00:00:00,77.59872928286391,78.6600164897431,77.41144479942972,78.0565414428711,4252452.0
2018-03-01T00:00:00,77.70276697594466,77.7443885671855,76.39176940917969,76.39176940917969,4982604.0
2018-03-02T00:00:00,75.53856919159034,75.76747521682887,74.95590508240362,75.08075714111328,5976596.0
2018-03-05T00:00:00,74.93510670356015,75.74667697243785,74.81024827360277,75.62181854248047,4369180.0
2018-03-06T00:00:00,76.14204277024524,77.01604526939204,76.01718436314393,76.3709487915039,5010876.0
2018-03-07T00:00:00,76.24610281348764,76.97443623131679,75.66343861944969,76.9120101928711,4368156.0
2018-03-08T00:00:00,76.99524427624857,78.26462660064531,76.7871490214479,78.20219421386719,4754668.0
2018-03-09T00:00:00,78.13977828544586,78.26463672458999,77.47387084371978,78.0565414428711,4400824.0
2018-03-12T00:00:00,78.6600008475752,78.74323767359765,77.91085671224765,78.2229995727539,3910716.0
2018-03-13T00:00:00,78.22300882263788,79.20105910810385,77.66115541762503,77.82762908935547,5025668.0
2018-03-14T00:00:00,78.13975963894872,79.07618818322373,77.86923837749426,78.18138122558594,4988768.0
2018-03-15T00:00:00,78.43109998670259,79.42996101654889,78.09814631008716,79.34671783447266,9189184.0
2018-03-16T00:00:00,79.28428119121638,79.67966085092888,78.93051676641123,79.22185516357422,9690556.0
2018-03-19T00:00:00,79.07620565155358,79.07620565155358,77.22415894719578,77.39063262939453,5993388.0
2018-03-20T00:00:00,77.97328640249839,78.34785528194801,77.39061593933363,77.7027587890625,4088672.0
2018-03-21T00:00:00,77.95248780255545,77.95248780255545,77.01605910689076,77.6611557006836,3371564.0
2018-03-22T00:00:00,77.20333769124113,77.72357581584518,75.78829253254332,76.20448303222656,5107948.0
2018-03-23T00:00:00,75.33047678481793,76.22528377546223,74.97671233703983,75.51776123046875,5923840.0
2018-03-26T00:00:00,75.55937998489611,76.22528091674343,74.8102358798257,75.08075714111328,4853656.0
2018-03-27T00:00:00,76.41258522373498,76.62068049248093,75.74667782352253,75.87153625488281,5896564.0
2018-03-28T00:00:00,75.33048044266654,76.20448303222656,74.51891023839683,76.20448303222656,5078352.0
2018-03-29T00:00:00,76.3293246282052,77.3698007346451,76.26689860204368,76.8287582397461,2122656.0
2018-04-03T00:00:00,76.41257581589252,76.57904947016776,75.55938404896558,76.35014343261719,5173516.0
2018-04-04T00:00:00,76.55823073932694,76.57904153159471,74.66456295307997,75.68423461914062,4541968.0
2018-04-05T00:00:00,76.66229258885339,77.61953205590211,76.41258208694721,77.5571060180664,3625516.0
2018-04-06T00:00:00,77.2033321685612,77.70275946234234,76.49580963982437,77.05766296386719,3742160.0
2018-04-09T00:00:00,77.76518426625911,78.16056390403931,76.5166129781772,76.97441864013672,6945248.0
2018-04-10T00:00:00,77.59872710513137,78.03572845458984,77.22415814877488,78.03572845458984,3365548.0
2018-04-11T00:00:00,78.01489191047139,78.01489191047139,76.32931946201087,76.45417785644531,4478496.0
2018-04-12T00:00:00,76.66227247972951,77.26574730591072,76.30851444051514,77.09927368164062,3619672.0
2018-04-13T00:00:00,77.43223327329517,78.32704018647982,77.18251646700251,77.57789611816406,4493096.0
2018-04-16T00:00:00,77.61953445198795,77.89005575837804,77.16172232518244,77.2657699584961,2845860.0
2018-04-17T00:00:00,77.49468735028873,78.11897324143052,77.34902445269434,77.8692626953125,4239728.0
2018-04-18T00:00:00,77.84844016970382,78.34786753727894,77.22415437259403,77.6611557006836,2075268.0
2018-04-19T00:00:00,77.49467161765754,78.5351478916609,77.45305637703532,78.20219421386719,5579176.0
2018-04-20T00:00:00,78.84729135396823,79.92938922711836,78.26462717646477,79.596435546875,6279020.0
2018-04-23T00:00:00,79.7004825770145,80.28314675014597,79.09700760829334,80.15829467773438,5760688.0
2018-04-24T00:00:00,80.40801745221098,81.28202019594016,79.74211634559441,79.88777923583984,5685716.0
2018-04-25T00:00:00,79.74210087370568,79.86695294095912,77.8484328634191,78.24381256103516,5479280.0
2018-04-26T00:00:00,78.45190466092944,79.34671164336218,78.22299862920677,79.0345687866211,4315480.0
2018-04-27T00:00:00,79.26349352534697,79.82535334031074,78.97216139374376,79.8045425415039,3721600.0
2018-04-30T00:00:00,80.0958518284174,80.51204228359292,79.6172353451905,79.72128295898438,3303788.0
2018-05-02T00:00:00,80.26233970409535,80.5744825761353,79.82533841312684,80.38719177246094,8246124.0
2018-05-03T00:00:00,80.32475863900287,80.34556943207882,78.68080759500104,78.99295043945312,5065292.0
2018-05-04T00:00:00,79.38833330449575,80.01261901855469,79.09700124138077,80.01261901855469,4740876.0
2018-05-07T00:00:00,80.0126215984595,81.78143117865952,79.67966793677986,81.59414672851562,5261836.0
2018-05-08T00:00:00,81.6773995113622,81.92711639404297,80.90744441523326,81.92711639404297,7601580.0
2018-05-09T00:00:00,81.90585093113106,82.60680607627411,81.65095461528854,81.99081420898438,5259780.0
2018-05-11T00:00:00,82.01206731561487,82.45813268521384,80.80131938131532,80.97125244140625,5543448.0
2018-05-14T00:00:00,81.07746487027075,81.31111231348495,79.42065142951607,79.78175354003906,5642064.0
2018-05-15T00:00:00,79.78175209093212,80.61015555512085,79.61181901989093,80.52519226074219,4545820.0
2018-05-16T00:00:00,80.46146265099303,80.50394753812185,79.39940529560883,80.0154037475586,4755104.0
2018-05-17T00:00:00,80.12159876780873,81.20489193959642,80.05787144563824,81.09868621826172,3892944.0
2018-05-18T00:00:00,81.20489736832242,81.5022785937664,80.8438017810141,81.11993408203125,3967392.0
2018-05-21T00:00:00,81.4597985111941,82.03331207146145,81.28987192859526,81.48104095458984,3732956.0
2018-05-22T00:00:00,81.75715618701804,81.90584677743273,80.99247376055249,81.22612762451172,3365724.0
2018-05-23T00:00:00,81.01372954618239,81.0986928337243,79.14451129112712,79.31443786621094,4330864.0
2018-05-24T00:00:00,79.46313778909074,80.22782043110618,78.78341844456943,79.03831481933594,4193788.0
2018-05-25T00:00:00,79.48437342561012,80.0578804962835,78.9958231628696,79.16575622558594,3359104.0
2018-05-28T00:00:00,80.03662192185885,80.14282763379458,78.97456480250148,79.56932067871094,4965272.0
2018-05-29T00:00:00,79.16574744623776,79.16574744623776,77.91251474596392,78.57099151611328,4570520.0
2018-05-30T00:00:00,78.63472580382248,78.63472580382248,77.46646276314176,77.78507995605469,4612464.0
2018-05-31T00:00:00,78.12492456682116,78.31610004749167,76.95666165388332,77.65762329101562,12148728.0
2018-06-01T00:00:00,78.20990145069565,79.44188531453177,77.70010876552446,79.1232681274414,5678640.0
2018-06-04T00:00:00,79.46313456185655,79.95167836431972,78.8046576890225,78.9958267211914,4089908.0
2018-06-05T00:00:00,79.16576379482316,79.63306517683502,78.10370635986328,78.10370635986328,5438300.0
2018-06-06T00:00:00,78.10370635986328,78.10370635986328,78.10370635986328,78.10370635986328,0.0
2018-06-07T00:00:00,78.69843731315768,79.08077530638144,77.7001009675541,78.06120300292969,4628900.0
2018-06-08T00:00:00,77.57267069695995,78.29486839161429,77.12660531775816,77.76383972167969,4669044.0
2018-06-11T00:00:00,78.08246210909209,78.48604262858743,77.70011755197756,78.44355773925781,4712396.0
2018-06-12T00:00:00,78.63471572560229,78.65595168324808,77.65762182944192,77.87003326416016,4092860.0
2018-06-13T00:00:00,77.82755146233329,78.29485923010814,77.57266161996021,77.97624206542969,4401396.0
2018-06-14T00:00:00,77.74259534313369,79.59057766141663,77.59390472634001,79.37816619873047,7790784.0
2018-06-15T00:00:00,79.44189004214003,79.65430151284095,78.76217074298367,78.9533462524414,5627460.0
2018-06-18T00:00:00,78.80464437535558,78.95333497652406,77.65762389384199,77.91251373291016,3812376.0
2018-06-19T00:00:00,77.48769627528776,77.70010773051857,76.95666763721073,77.3390121459961,5344772.0
2018-06-20T00:00:00,77.53018573252888,78.25238342645736,77.16908364442286,77.2328109741211,4289068.0
2018-06-21T00:00:00,77.21156287625577,77.42397432846005,75.9370941630301,76.14950561523438,4524964.0
2018-06-22T00:00:00,76.14950561523438,76.14950561523438,76.14950561523438,76.14950561523438,0.0
2018-06-25T00:00:00,76.46813419161674,76.7230305651691,75.85214218486331,75.91586303710938,5029984.0
2018-06-26T00:00:00,76.02205882059332,76.21322783457352,75.21489788055105,75.40606689453125,4563332.0
2018-06-27T00:00:00,75.2786240601466,76.48937203831017,74.4927055064597,76.02206420898438,4898756.0
2018-06-28T00:00:00,75.76716747690186,76.36191694924001,75.10869067963121,75.61847686767578,4028008.0
2018-06-29T00:00:00,76.25571531356039,77.50894165039062,76.25571531356039,77.50894165039062,6007300.0
2018-07-02T00:00:00,76.93542127153736,76.9566572283616,75.95832741317679,76.42562866210938,3531316.0
2018-07-03T00:00:00,76.63807084893236,77.2753053842027,76.1070420695404,76.3619384765625,3947216.0
2018-07-04T00:00:00,76.31943739153667,76.44688556801194,75.4910339678727,75.70344543457031,3252676.0
2018-07-05T00:00:00,75.70346152543935,76.44690181690018,75.55477735651813,75.8309097290039,2938568.0
2018-07-06T00:00:00,76.08578404302213,76.21322572729639,75.2361382423509,75.95833587646484,3185524.0
2018-07-09T00:00:00,76.1495012148782,76.85045637373386,76.10701633397912,76.78673553466797,2374156.0
2018-07-10T00:00:00,76.9779169678594,77.27529173533765,76.76550549362013,77.1478500366211,2594248.0
2018-07-11T00:00:00,76.80798093703191,76.87170177855505,75.61847553109739,75.76716613769531,3117188.0
2018-07-12T00:00:00,76.0220591744999,76.53184537491471,75.55475785840433,76.40440368652344,1952812.0
2018-07-13T00:00:00,76.5318378899758,77.25404195907088,76.5318378899758,76.9354248046875,2325608.0
2018-07-16T00:00:00,77.10536179501494,77.53018472501502,76.99915606251491,77.16908264160156,2489576.0
2018-07-17T00:00:00,77.74259897552345,79.2507217275163,77.59390835178246,79.14451599121094,5564868.0
2018-07-18T00:00:00,79.65430539983555,80.31278228759766,79.3144457336728,80.31278228759766,4743712.0
2018-07-19T00:00:00,80.41899106402099,80.58891766237527,79.80299904213146,79.8879623413086,4260144.0
2018-07-20T00:00:00,79.88794314100105,80.84379461215353,79.59056842421015,80.24903869628906,4747076.0
2018-07-23T00:00:00,80.07912201194932,80.18532774406066,79.56933579427158,79.633056640625,2557708.0
2018-07-24T00:00:00,79.90919037420568,80.90752030347507,79.84546304960357,80.61014556884766,3294948.0
2018-07-25T00:00:00,80.75883133339651,81.18365420946428,80.18531785779196,80.24903869628906,3011540.0
2018-07-26T00:00:00,80.95000310546766,81.48103171875164,80.84379738281086,81.16241455078125,2731900.0
2018-07-27T00:00:00,81.37483450637474,81.714694150876,81.1199381524279,81.28987121582031,3244244.0
2018-07-30T00:00:00,81.28987578367718,81.50228726314089,80.9712585644816,81.18367004394531,1799840.0
2018-07-31T00:00:00,81.14117810748189,81.73592760540873,80.88628176135133,81.43855285644531,2300188.0
2018-08-01T00:00:00,81.60849580603505,82.5218626061886,81.3323569838768,81.94834899902344,2962064.0
2018-08-02T00:00:00,81.7784069134498,81.7784069134498,80.82255540407182,80.88627624511719,2992268.0
2018-08-03T00:00:00,81.28987043974118,81.77841421747765,81.20490066771441,81.69345092773438,2097668.0
2018-08-06T00:00:00,81.8208976126837,82.07578747726934,81.28986895860938,81.9058609008789,2764380.0
2018-08-07T00:00:00,82.03331453033535,83.64763656026285,81.9695871982379,83.58391571044922,5156376.0
2018-08-08T00:00:00,83.5838935799263,84.19988540006909,83.26527645065086,83.77506256103516,3515912.0
2018-08-09T00:00:00,83.77507207489866,84.62471784945602,83.37149162844048,84.56099700927734,3701884.0
2018-08-10T00:00:00,84.05121203840127,84.24238104394352,83.43521365724536,83.88127899169922,3386760.0
2018-08-13T00:00:00,83.47771302818647,84.11494747878331,83.11661091326798,83.69012451171875,3292640.0
2018-08-14T00:00:00,84.07244799724147,84.47603493173202,83.6051467039474,83.88127899169922,3390168.0
2018-08-15T00:00:00,84.11492624584226,84.70967565668778,83.73258826491048,83.94499969482422,4708956.0
2018-08-16T00:00:00,84.32735918782677,84.81590300834388,84.07246281399276,84.68846130371094,4203380.0
2018-08-17T00:00:00,84.75217383799459,85.62306213378906,84.49727748917748,85.62306213378906,4312660.0
2018-08-20T00:00:00,85.62305816613103,86.36649825306692,85.43188915451843,85.9841537475586,3666596.0
2018-08-21T00:00:00,85.98415767858255,86.6213920679464,85.8142311009989,86.21781158447266,3017664.0
2018-08-22T00:00:00,86.21780861913035,86.77007970070777,86.17533021733713,86.64263153076172,3276052.0
2018-08-23T00:00:00,86.62139756925919,87.0462205224822,86.53643427507136,86.77008819580078,3552648.0
2018-08-24T00:00:00,86.72761634702971,87.3436149076453,86.60017462772906,86.79134368896484,2646436.0
2018-08-27T00:00:00,87.08869271665614,88.00205934003962,87.08869271665614,87.7471694946289,3742380.0
2018-08-28T00:00:00,88.06578271054461,88.32067254451539,87.81088639429123,88.10826110839844,3437456.0
2018-08-29T00:00:00,87.93834230724377,88.44812850242333,87.64096756691262,88.04454803466797,3113224.0
2018-08-30T00:00:00,87.91711289448915,88.34193586714412,87.68345896307208,88.06580352783203,3841084.0
2018-08-31T00:00:00,87.9595832925354,88.0445465766111,87.49227550669444,87.6622085571289,4678760.0
2018-09-03T00:00:00,87.64096890431063,88.12951266500387,87.619726462045,87.89585876464844,3030808.0
2018-09-04T00:00:00,88.04454422208286,88.10826506286482,86.74883310715896,87.7471694946289,4136776.0
2018-09-05T00:00:00,87.53477318784593,87.68345733614593,86.66388481360535,86.68512725830078,3364476.0
2018-09-06T00:00:00,86.3452425960485,87.32233642864718,86.23903688559825,86.70634460449219,3290360.0
2018-09-07T00:00:00,86.79131758594349,86.96124414876111,85.79298120311212,86.15408325195312,4022280.0
2018-09-10T00:00:00,85.94167180584233,87.32234619613152,85.79298120166727,86.74883270263672,3295568.0
2018-09-11T00:00:00,86.70636643020016,86.72760239181001,85.15575877793869,86.11161041259766,5005072.0
2018-09-12T00:00:00,86.23905474424573,86.89753158185307,86.19656985835488,86.40898132324219,3175916.0
2018-09-13T00:00:00,86.38774167315282,87.15241772826273,86.38774167315282,86.64263153076172,2893360.0
2018-09-14T00:00:00,86.94000652068765,87.34359347371637,86.79132239056204,87.10993957519531,2569540.0
2018-09-17T00:00:00,86.7913306399187,87.17366870490588,86.60016160742511,86.77008819580078,2933032.0
2018-09-18T00:00:00,86.66387637327213,86.68511881589872,85.36816516045036,85.96292114257812,3818060.0
2018-09-19T00:00:00,86.21780015323714,86.770071180586,86.11159443575784,86.51517486572266,4289056.0
2018-09-20T00:00:00,86.53643114729563,87.38607702303203,86.43022541282858,87.25862884521484,3893236.0
2018-09-21T00:00:00,87.5135173104587,89.19156646728516,87.42855402700224,89.19156646728516,11532456.0
2018-09-24T00:00:00,88.57557820666025,88.7030263782344,87.10994043926569,87.23738861083984,4679040.0
2018-09-25T00:00:00,87.30112473372823,88.02332252265985,87.19491898587698,87.7684326171875,4022852.0
2018-09-26T00:00:00,87.74719017116037,87.83215347298449,87.04622834597147,87.7684326171875,3543436.0
2018-09-27T00:00:00,87.42855304696337,88.53308868408203,87.30110488206581,88.53308868408203,4508396.0
2018-09-28T00:00:00,88.53309332204111,88.55433576435068,86.91877142304611,87.23738861083984,5217756.0
2018-10-01T00:00:00,87.59848863727738,87.72593681530599,86.62139458210297,87.19490814208984,5330688.0
2018-10-02T00:00:00,87.19490642182915,87.19490642182915,86.578914469508,86.94001007080078,3483992.0
2018-10-03T00:00:00,87.76841352124785,88.89419161061967,87.51351718894935,88.66053771972656,7016512.0
2018-10-04T00:00:00,88.53309550751868,88.639301239405,87.76841942376397,87.81089782714844,3969064.0
2018-10-05T00:00:00,87.89586505715698,88.06579812516438,86.91877746582031,86.91877746582031,5324076.0
2018-10-08T00:00:00,86.89754074759745,86.89754074759745,85.45313874464163,85.6655502319336,4284040.0
2018-10-09T00:00:00,85.77176666259766,86.11162638106758,84.92212060756535,85.77176666259766,5205976.0
2018-10-10T00:00:00,85.92043498931265,86.02664071859488,83.4564607735086,83.71135711669922,7471364.0
2018-10-11T00:00:00,82.54309765721187,82.71302423848425,81.26862885081833,81.8208999633789,8198744.0
2018-10-12T00:00:00,81.90585847483689,82.4368871131822,80.82255875615583,80.86504364013672,7005588.0
2018-10-15T00:00:00,81.07744626238087,81.14116709912689,79.52683891797572,80.27027893066406,6090796.0
2018-10-16T00:00:00,80.29152837432386,81.48103379484452,79.59057317984218,81.20489501953125,6466332.0
2018-10-17T00:00:00,82.39440832861165,82.52185650770576,80.84380718277029,81.14118194580078,6353008.0
2018-10-18T00:00:00,81.14117626157007,82.90418875496839,80.82255907729689,82.4581298828125,7544884.0
2018-10-19T00:00:00,82.67055342104119,83.32902384561261,81.20490897335857,82.41565704345703,7590068.0
2018-10-22T00:00:00,82.81922372502397,83.64762709023387,81.86337219233184,82.20323181152344,5093692.0
2018-10-23T00:00:00,81.77841873443381,81.77841873443381,80.61015560965619,81.05622100830078,6671216.0
2018-10-24T00:00:00,81.07745321357392,81.9695774159169,80.50393970455963,80.67386627197266,5108336.0
2018-10-25T00:00:00,80.07912094241084,81.65096446020839,79.73926130773704,81.37483215332031,6360496.0
2018-10-26T00:00:00,80.92876795667183,81.14117942112505,79.10202806591757,80.1640853881836,6885652.0
2018-10-29T00:00:00,80.41899248764427,82.3731743324494,80.41899248764427,81.33235931396484,4770804.0
2018-10-30T00:00:00,81.62973179922693,82.47937774658203,81.2049088255494,82.47937774658203,4034956.0
2018-10-31T00:00:00,83.45646624321111,84.28486968944897,83.26529721443065,84.26363372802734,8101216.0
2018-11-01T00:00:00,84.2848678156173,84.2848678156173,82.73426669385766,82.9466781616211,4316868.0
2018-11-02T00:00:00,84.02997292723661,84.51851668101393,83.41398100395296,84.45479583740234,2238164.0
2018-11-05T00:00:00,84.41230198262353,84.41230198262353,83.24403910382398,83.3290023803711,4897012.0
2018-11-06T00:00:00,83.56264741553403,83.7325804329397,82.92541318539683,83.4139633178711,2881000.0
2018-11-07T00:00:00,83.79633246728696,83.96625906568843,83.4564727881998,83.66888427734375,3308856.0
2018-11-08T00:00:00,84.13619214637411,84.81590502226422,83.37150948899907,83.66888427734375,5783992.0
2018-11-09T00:00:00,83.69034221154133,84.59162543948773,83.49721196234883,84.33411407470703,4571452.0
2018-11-12T00:00:00,84.6559812902631,85.04224170325236,83.28260292889787,83.5186538696289,3746672.0
2018-11-13T00:00:00,83.69032599041489,83.81908164784942,82.87488440797091,83.5830307006836,4419896.0
2018-11-14T00:00:00,83.23969103826857,83.43282126528187,82.23111916440564,82.83197021484375,4902828.0
2018-11-15T00:00:00,82.83197979481713,83.54012622536203,81.2010897637112,81.78048706054688,5024744.0
2018-11-16T00:00:00,82.14527941846636,82.6173813600379,81.67318402568026,82.51008605957031,5521456.0
2018-11-19T00:00:00,82.76760002504112,82.89634915065693,81.86631685301658,82.01653289794922,5502444.0
2018-11-20T00:00:00,81.60880132796247,81.80193810407388,79.205390573532,79.74186706542969,7500288.0
2018-11-21T00:00:00,79.74186080260675,80.6860580444336,79.41997493274864,80.6860580444336,5245112.0
2018-11-22T00:00:00,80.47147405227558,80.64314391073965,79.84916262936171,79.93499755859375,2815752.0
2018-11-23T00:00:00,80.04229023950637,80.45001105161279,79.52727413217274,80.40709686279297,3491972.0
2018-11-26T00:00:00,80.70754791634693,81.80196158370502,80.70754791634693,81.75904083251953,4140404.0
2018-11-27T00:00:00,81.82339923725276,82.20966627521084,81.26546887484534,81.90924072265625,4218388.0
2018-11-28T00:00:00,82.18820710219357,82.9392742689238,81.97361648312778,82.85343933105469,3402476.0
2018-11-29T00:00:00,83.26114393620152,84.46285247802734,83.13238828015149,84.46285247802734,6384488.0
2018-11-30T00:00:00,84.44141519772283,85.55728912353516,83.73326871901001,85.55728912353516,8626268.0
2018-12-03T00:00:00,86.48002194038726,86.88774281843831,85.51436412715714,85.64311981201172,4954508.0
2018-12-04T00:00:00,85.29976718301937,85.57873235555019,84.72036991848836,84.9564208984375,4445260.0
2018-12-05T00:00:00,84.03367363177503,84.39847369368752,83.41136225068968,83.79762268066406,3834100.0
2018-12-06T00:00:00,83.21821786003159,83.21821786003159,80.90064239501953,80.90064239501953,6797296.0
2018-12-07T00:00:00,81.43713128792973,82.574458828695,81.15816613228097,81.20108032226562,5468316.0
2018-12-10T00:00:00,80.90066092926392,81.00795623553616,79.99937773706284,80.06375885009766,7100468.0
2018-12-11T00:00:00,80.81482905756307,81.84486141730908,80.55731769323357,81.60881042480469,6590760.0
2018-12-12T00:00:00,81.90922902980897,83.64740753173828,81.75901300058264,83.64740753173828,6324992.0
2018-12-13T00:00:00,84.11951168744991,84.24826735183059,83.21822858557033,83.6903305053711,4452800.0
2018-12-14T00:00:00,83.26116291865048,83.99076973756183,82.57447029568321,83.28262329101562,4169496.0
2018-12-17T00:00:00,83.30407020559441,83.49720042810804,81.90923136141738,82.23111724853516,4516120.0
2018-12-18T00:00:00,81.97361078176714,82.16674101573672,81.587350313828,81.80194091796875,3656748.0
2018-12-19T00:00:00,81.90923128971258,83.08947954144455,81.75901525634173,82.96072387695312,5456296.0
2018-12-20T00:00:00,81.80193276988399,82.16673283131513,81.22253557690205,81.43712615966797,5842752.0
2018-12-21T00:00:00,81.3298449176599,81.4156798558369,79.69895489715279,80.4929428100586,6841392.0
2018-12-27T00:00:00,80.68605900716587,81.09377980409404,78.62598810573658,79.07662963867188,5413972.0
2018-12-28T00:00:00,79.46290833692144,81.1796333913408,79.46290833692144,80.6002426147461,4929688.0
2019-01-02T00:00:00,79.61310545731101,80.45000741246918,78.56161292140537,80.14958190917969,4224180.0
2019-01-03T00:00:00,79.63456614184284,80.25687751872842,79.39851519232491,79.61310577392578,3352448.0
2019-01-04T00:00:00,79.95645408532437,82.20965525049736,79.91353334837851,81.8448486328125,4066980.0
2019-01-07T00:00:00,82.03797936165272,82.53154164445941,81.69463965909073,82.20965576171875,3303808.0
2019-01-08T00:00:00,82.53154596434601,84.11951509256075,82.40279029475337,83.77616882324219,4831632.0
2019-01-09T00:00:00,84.14097684501353,84.44140237980974,83.54011922663557,83.99076080322266,4292004.0
2019-01-10T00:00:00,83.58302672498846,84.84910977383858,83.36843615573304,84.57014465332031,3612784.0
2019-01-11T00:00:00,84.76329667919178,85.25685249603717,84.22682011793107,84.5487060546875,3768292.0
2019-01-14T00:00:00,84.24826477160332,84.41993461966315,83.8190836026688,84.18388366699219,3212644.0
2019-01-15T00:00:00,84.74182930010527,85.2353916249266,83.86200650262863,84.20535278320312,2833028.0
2019-01-16T00:00:00,84.65597361177863,84.84910380075593,83.54010011069026,84.24825286865234,4271300.0
2019-01-17T00:00:00,83.81909231054783,84.37702919788318,83.41137146745932,84.20535278320312,3156704.0
2019-01-18T00:00:00,85.02080234672823,86.05083465576172,84.78475136584557,86.05083465576172,5176112.0
2019-01-21T00:00:00,86.05083688674465,86.26542750242231,85.51436034755048,86.09375762939453,2486360.0
2019-01-22T00:00:00,85.6216421884699,86.3512488572613,85.47142616160777,85.77185821533203,2485884.0
2019-01-23T00:00:00,85.62165433028666,86.05083555499988,85.02080323520246,85.90061950683594,3466748.0
2019-01-24T00:00:00,84.76327986076595,85.90060732545975,84.76327986076595,85.77185821533203,3259520.0
2019-01-25T00:00:00,86.11520961205355,86.84482292879788,85.51435852050781,85.51435852050781,5167852.0
2019-01-28T00:00:00,85.47142428603978,85.47142428603978,83.5615694585649,83.73324584960938,6215184.0
2019-01-29T00:00:00,83.79763776393463,84.84913050038301,83.43283108757338,84.5272445678711,5157564.0
2019-01-30T00:00:00,84.76328554321597,85.25684129521932,84.26972979121263,85.19246673583984,2849552.0
2019-01-31T00:00:00,85.40705080542658,86.17957820287081,84.74181869793891,85.21392059326172,5371320.0
2019-02-01T00:00:00,85.40705354110054,86.37271118164062,85.25683751083587,86.37271118164062,4342420.0
2019-02-04T00:00:00,86.37273004722441,86.86628588512255,85.94354877990901,86.65169525146484,3233464.0
2019-02-05T00:00:00,86.75897516682282,87.48858843076705,86.75897516682282,87.35983276367188,3635020.0
2019-02-06T00:00:00,87.25252591455461,88.02505326606573,87.05939571387293,87.63878631591797,4720380.0
2019-02-07T00:00:00,87.40274906703435,88.0679812391246,86.50147247314453,86.50147247314453,4476184.0
2019-02-08T00:00:00,86.48001613050316,86.58731143587599,85.98646034530242,86.24396514892578,3485904.0
2019-02-11T00:00:00,86.4585379073905,87.70316712199111,86.4585379073905,87.4456558227539,4049976.0
2019-02-12T00:00:00,87.7890187356304,88.00360934288017,87.381297891613,87.66026306152344,4224100.0
2019-02-13T00:00:00,87.98215196404058,88.32549825707206,87.16671024827845,88.28257751464844,5031148.0
2019-02-14T00:00:00,88.51862865335802,88.71175889702636,87.1452500276449,87.55297088623047,5204892.0
2019-02-15T00:00:00,87.31691022282094,88.7975839918911,86.95211014716357,88.41132354736328,6995528.0
2019-02-18T00:00:00,88.41132266448102,88.81904347380777,88.0465160436815,88.56153869628906,3293068.0
2019-02-19T00:00:00,88.73321132189605,89.26968781114572,88.36840468969216,88.99072265625,3410964.0
2019-02-20T00:00:00,89.05508564823187,90.10657812082759,88.75466016303086,89.99928283691406,4177652.0
2019-02-21T00:00:00,89.91345839066939,90.6859858345706,89.69886779785156,89.69886779785156,5052636.0
2019-02-22T00:00:00,89.69886157051761,90.49284932833513,89.69886157051761,89.9134521484375,4003056.0
2019-02-25T00:00:00,90.14950740386435,90.51430747449805,88.69028747497434,89.09801483154297,3802108.0
2019-02-26T00:00:00,88.71174422052357,88.9907159030343,88.4327790867976,88.84049987792969,4532940.0
2019-02-27T00:00:00,88.84050079502796,88.84050079502796,87.61733186022016,87.96067810058594,4149836.0
2019-02-28T00:00:00,87.85338360383204,88.51861572265625,87.18815148500782,88.51861572265625,4591264.0
2019-03-01T00:00:00,88.84050360598641,89.03363382580764,87.9821412523054,88.38986206054688,2805256.0
2019-03-04T00:00:00,88.84050095609562,89.87053313027555,88.84050095609562,89.59156799316406,3474152.0
2019-03-05T00:00:00,89.48427354251288,89.63448957085122,88.77612723471199,89.4198989868164,3384664.0
2019-03-06T00:00:00,89.67741739036792,89.67741739036792,88.08944813687809,88.11090850830078,4755144.0
2019-03-07T00:00:00,88.15380549771315,88.45423754142469,87.18814791122941,87.531494140625,3309468.0
2019-03-08T00:00:00,86.90920618391456,87.23109213274388,86.758990121613,87.18817138671875,3212764.0
2019-03-11T00:00:00,87.33836393308518,87.91776110448927,87.33836393308518,87.531494140625,2602408.0
2019-03-12T00:00:00,87.7890210056892,88.08944655385017,87.35983978009187,87.72463989257812,3635016.0
2019-03-13T00:00:00,87.7246271510354,88.32548470887173,87.5100365694049,87.96067810058594,3587388.0
2019-03-14T00:00:00,87.96066993317359,89.0980038394813,87.91775575010311,89.03362274169922,4308700.0
2019-03-15T00:00:00,89.20529576353036,89.99927688269119,88.69027319579102,89.6773910522461,7341652.0
2019-03-18T00:00:00,89.67741130053315,90.25680854567017,89.54865562952654,90.1495132446289,3541140.0
2019-03-19T00:00:00,90.14951824300351,91.43706192688705,90.02076256485799,90.64307403564453,3816796.0
2019-03-20T00:00:00,90.55722696984314,91.09370343293463,90.34263638460655,90.5357666015625,2940316.0
2019-03-21T00:00:00,90.57869107988364,90.92203734020264,89.80616363136218,90.08512878417969,3559648.0
2019-03-22T00:00:00,90.40701905156087,90.70745113687343,89.22677072687321,89.26969146728516,4102536.0
2019-03-25T00:00:00,89.16237951071865,89.35550970892724,88.41131253529744,89.05508422851562,3252936.0
2019-03-26T00:00:00,89.26969724229524,89.26969724229524,88.2825790880319,88.6688461303711,4992292.0
2019-03-27T00:00:00,88.94780244861617,90.17097147092188,88.73321185163519,89.37698364257812,4066196.0
2019-03-28T00:00:00,89.44135558541392,90.40701324357653,89.31260647002034,89.84908294677734,4552536.0
2019-03-29T00:00:00,90.12804809517694,90.49285471888575,89.39844139654443,89.84908294677734,4484504.0
2019-04-01T00:00:00,90.21387393472789,91.94133194515486,90.1387659257903,91.81257629394531,5611336.0
2019-04-02T00:00:00,91.80185436801769,92.78897241957615,91.45851465337584,92.27395629882812,3217084.0
2019-04-03T00:00:00,92.55292610123348,93.30399322509766,92.55292610123348,93.30399322509766,4669848.0
2019-04-04T00:00:00,92.83190043452008,92.96065611199535,92.33833809566248,92.81044006347656,4147380.0
2019-04-05T00:00:00,92.85335540771484,93.26107623869633,92.48854876753985,92.85335540771484,2793972.0
2019-04-08T00:00:00,92.8533517840326,92.98210090021296,92.01644323614931,92.59584045410156,3396980.0
2019-04-09T00:00:00,92.59584645183078,93.04648803400701,91.99499537478621,92.18812561035156,3051712.0
2019-04-10T00:00:00,92.2739517869161,92.57437729693046,91.82331024750208,92.16665649414062,3503992.0
2019-04-11T00:00:00,92.46707093511432,92.74604259220644,91.86621998701222,92.080810546875,2892756.0
2019-04-12T00:00:00,92.08082518762495,92.93918756355474,91.994990259789,92.4241714477539,3884772.0
2019-04-15T00:00:00,92.48853723903954,93.45419482042163,92.48853723903954,93.13230895996094,3483172.0
2019-04-16T00:00:00,93.34691195608497,94.14089980373137,93.13232135388706,93.43274688720703,3655088.0
2019-04-17T00:00:00,93.69024658203125,93.94775134338512,93.04647485546958,93.69024658203125,3320732.0
2019-04-18T00:00:00,93.56149483121143,94.26964114046581,93.21814858629403,94.1408920288086,1723040.0
2019-04-23T00:00:00,94.14090118877546,94.14090118877546,93.11086235379987,93.6473388671875,4417044.0
2019-04-24T00:00:00,93.69024997634133,95.19238405940614,93.56149431660738,93.77608489990234,4762568.0
2019-04-25T00:00:00,94.74175002499581,96.13658892683607,94.05505748457567,95.23530578613281,6865624.0
2019-04-26T00:00:00,95.29968000334408,96.73743299199032,95.27821963511072,96.52284240722656,4773452.0
2019-04-29T00:00:00,96.71599355779203,96.88766343162274,96.05076133632272,96.6730728149414,3296196.0
2019-04-30T00:00:00,96.6515946038134,97.38120125610384,96.60868041766967,97.14515686035156,2943872.0
2019-05-02T00:00:00,97.16661416151784,97.38120474628161,96.24387726654764,96.52284240722656,5421652.0
2019-05-03T00:00:00,96.56577910926042,97.08079528808594,96.35118848901762,97.08079528808594,4251144.0
2019-05-06T00:00:00,95.98637149340504,95.98637149340504,93.6258749245651,95.02071380615234,5676152.0
2019-05-07T00:00:00,95.0636412049699,95.81470834767282,93.8833928378653,94.2696533203125,5688332.0
2019-05-08T00:00:00,93.88337254237899,95.21383666992188,93.60440742633824,95.21383666992188,5151232.0
2019-05-09T00:00:00,95.06051826113867,95.10432762532977,93.17682923521896,93.48347473144531,5795600.0
2019-05-10T00:00:00,94.05296901591895,94.66626673168314,93.61490208367492,94.29390716552734,4287408.0
2019-05-13T00:00:00,94.29390100393205,94.31580568598707,92.36640930175781,92.36640930175781,5865568.0
2019-05-14T00:00:00,92.3006994608324,94.55674812787723,92.3006994608324,94.53484344482422,4490328.0
2019-05-15T00:00:00,94.86341234105221,95.03863647128244,93.43969455872212,94.8196029663086,3643116.0
2019-05-16T00:00:00,94.84148356697776,96.48423443707553,94.31580462542055,96.37471771240234,3348192.0
2019-05-17T00:00:00,96.19949617095847,96.24329885136399,95.14813157566715,96.11187744140625,3807412.0
2019-05-20T00:00:00,96.22139818871534,96.3309149208602,94.6224565731489,95.25765228271484,3253880.0
2019-05-21T00:00:00,95.63002064482781,96.06808761371445,95.2138583612598,95.43289184570312,2856960.0
2019-05-22T00:00:00,95.2357353548263,95.67380222708286,94.7538658059661,95.19193267822266,2722476.0
2019-05-23T00:00:00,94.62246590765442,94.68817327967501,92.95781007796027,93.33016967773438,4234008.0
2019-05-24T00:00:00,93.52730396752561,95.01672908529717,93.52730396752561,94.51295471191406,3377832.0
2019-05-27T00:00:00,95.10432970936327,95.27955380122647,94.03106042249664,94.20629119873047,2138856.0
2019-05-28T00:00:00,94.2063172004843,94.55677216530992,93.1768569946289,93.1768569946289,6843908.0
2019-05-29T00:00:00,92.65116479056222,93.15493913576938,91.70932347235004,91.99406433105469,2925592.0
2019-05-31T00:00:00,91.59980031162979,91.77502441480702,89.82562785838341,89.86943054199219,7092888.0
2019-06-03T00:00:00,89.60659105543664,91.18362797850676,88.83997393489162,91.09601593017578,6128752.0
2019-06-04T00:00:00,90.85508019293721,92.27879774026955,89.80372221634788,92.16928100585938,5298544.0
2019-06-05T00:00:00,92.16927706950506,92.69496271971981,91.57789073956954,92.4759292602539,4367340.0
2019-06-07T00:00:00,92.67305843880422,93.72441637505182,92.65115375588849,93.22064208984375,3544340.0
2019-06-11T00:00:00,95.06053262631367,96.50615496626095,94.885308511811,95.78334045410156,3706308.0
2019-06-12T00:00:00,95.47670889561473,96.2871355837253,95.10435592666668,96.00238800048828,2973444.0
2019-06-13T00:00:00,95.82714098732582,97.11943709462358,95.58620283882637,96.3966293334961,3621236.0
2019-06-14T00:00:00,96.39661984644523,96.44042252453455,95.41096935043736,96.24329376220703,3151132.0
2019-06-18T00:00:00,96.83470470126245,98.49936051804933,95.89285670858378,98.45555114746094,4587512.0
2019-06-19T00:00:00,98.56505189299416,99.41928100585938,98.06127763484479,99.41928100585938,4909672.0
2019-06-20T00:00:00,99.66023254394531,100.60207382610662,99.50690643551381,99.66023254394531,7139628.0
2019-06-24T00:00:00,99.66023734826472,100.33924250003929,98.56506990487719,98.78410339355469,4055960.0
2019-06-25T00:00:00,98.49934711069787,98.71838056508291,98.03937551961519,98.214599609375,3639520.0
2019-06-26T00:00:00,98.01747200435076,98.63076301018282,97.42607899672151,97.99556732177734,2376152.0
2019-06-27T00:00:00,98.08318290272658,98.30221636761375,96.87849884584715,97.33847045898438,2676996.0
2019-06-28T00:00:00,97.49178960980562,98.03937323299665,97.0756273930545,97.71082305908203,3570572.0
2019-07-01T00:00:00,98.78409510793632,99.37548815151052,97.8422538593696,98.41173553466797,3264548.0
2019-07-02T00:00:00,98.41173569943571,99.2440668986141,98.21460691270461,98.9812240600586,2894840.0
2019-07-03T00:00:00,98.91551887618301,100.0544889382007,98.67458071625023,99.87926483154297,2753672.0
2019-07-04T00:00:00,99.90116345478611,100.60206652326322,99.90116345478611,100.40493774414062,2053420.0
2019-07-05T00:00:00,100.5363485116694,100.75538195069264,99.5506980360648,99.92305755615234,2917204.0
2019-07-08T00:00:00,99.9230790545847,101.34679671454839,99.9230790545847,101.08395385742188,3104072.0
2019-07-09T00:00:00,100.75538519406267,101.50009757384038,100.29541362043311,100.97441864013672,2674068.0
2019-07-10T00:00:00,100.93061738758264,101.71913919368595,100.53635982671639,100.77729797363281,3251316.0
2019-07-11T00:00:00,100.82109979689007,101.28107140356292,99.59451775825683,99.83544921875,2216028.0
2019-07-12T00:00:00,100.07637695284656,100.5363485116694,99.5506980360648,99.92305755615234,2621312.0
2019-07-15T00:00:00,99.94497472680214,100.623979854914,99.46310507912733,100.01068878173828,2331412.0
2019-07-16T00:00:00,99.74783834666096,100.09829322656029,99.353580784506,99.61641693115234,2392168.0
2019-07-17T00:00:00,99.46310089582556,100.60207093872977,99.09074131996258,100.29542541503906,2460508.0
2019-07-18T00:00:00,99.98877531576454,100.29542082542285,98.89360800672003,99.83544921875,3946856.0
2019-07-19T00:00:00,99.94498211248684,101.08395897183371,99.85737005046904,100.9525375366211,3362232.0
2019-07-22T00:00:00,100.77730411710665,100.77730411710665,99.66023204739349,99.85736083984375,3659340.0
2019-07-23T00:00:00,100.16400749296263,101.65343916405696,100.09830012286682,101.5439224243164,3153856.0
2019-07-24T00:00:00,101.63151828423838,101.63151828423838,100.71157514326225,100.99632263183594,1761156.0
2019-07-25T00:00:00,101.12775266774487,102.28862734935323,99.74783783849085,100.20780944824219,2672964.0
2019-07-26T00:00:00,100.42684679638462,101.14965457940406,100.18590864058778,100.68968963623047,1796320.0
2019-07-29T00:00:00,100.68969644406974,101.45631364701975,100.14211272767687,101.2591781616211,1575944.0
2019-07-30T00:00:00,101.25916966900212,101.50010782088178,100.09829496136055,100.71158599853516,2031636.0
2019-07-31T00:00:00,100.75538889339063,101.08393907456473,100.054479166471,100.88681030273438,2567024.0
2019-08-01T00:00:00,100.18591318619231,102.46386005884993,99.87926764870653,102.26673126220703,3024380.0
2019-08-02T00:00:00,100.27352360892877,100.9963380973428,99.28787295739525,99.66023254394531,4747856.0
2019-08-06T00:00:00,96.74708609525135,97.46989387042973,95.87095221776434,96.15569305419922,3316892.0
2019-08-07T00:00:00,96.70328180597781,97.57941572947477,95.67382177212033,96.41854095458984,3772472.0
2019-08-08T00:00:00,97.51370446974462,98.25841693814083,97.1851542615371,97.44799041748047,3072428.0
2019-08-09T00:00:00,97.51369807541712,97.64511280258593,96.13378328080886,96.287109375,2345512.0
2019-08-12T00:00:00,96.74707725003933,97.66701372667184,95.95855549551833,96.37471771240234,2536644.0
2019-08-13T00:00:00,95.91474290985076,96.81278135887727,94.77577302213314,96.26519775390625,4327104.0
2019-08-14T00:00:00,96.48424649095475,96.57185854476468,94.38152377766015,94.7538833618164,5840424.0
2019-08-15T00:00:00,94.4253267346429,95.32336526504722,92.62924967383427,94.14057922363281,6325692.0
2019-08-16T00:00:00,94.14059210907489,95.71763592390391,94.14059210907489,95.54241180419922,6151912.0
2019-08-19T00:00:00,96.15569829616416,96.92231548075773,95.84905275920102,96.59376525878906,2857660.0
2019-08-20T00:00:00,96.50615703587351,97.86416066332087,96.2652188599867,97.07564544677734,3587964.0
2019-08-21T00:00:00,97.07563631394801,98.32412307893266,97.00992226250396,98.06128692626953,3104832.0
2019-08-22T00:00:00,97.79843971701509,98.10508522359855,97.09752997250656,97.77653503417969,3490364.0
2019-08-23T00:00:00,97.90796679036843,98.41174112695062,96.96612548828125,96.96612548828125,3328988.0
2019-08-26T00:00:00,96.17758894486468,96.94420601757697,95.25764578386178,96.37471771240234,3800576.0
2019-08-27T00:00:00,96.70327153907525,97.22895050048828,96.24329994119985,97.22895050048828,3615620.0
2019-08-28T00:00:00,97.25086395556387,97.60131885624196,96.52805615396697,97.40419006347656,3062552.0
2019-08-29T00:00:00,97.46991298326212,98.93744018956804,97.33849153899449,98.7184066772461,3219652.0
2019-08-30T00:00:00,99.11264913459922,100.99633838872775,98.8279082859721,100.79920959472656,5024388.0
2019-09-02T00:00:00,100.97443893744425,102.02579701618959,100.97443893744425,101.2372817993164,3270276.0
2019-09-03T00:00:00,101.2372801604626,102.20102616443975,100.79921318734831,101.2591781616211,3244812.0
2019-09-04T00:00:00,102.06961285369788,102.3543537351203,101.2153835250585,101.4563217163086,2986160.0
2019-09-05T00:00:00,102.13529510496615,102.39813791882682,99.87925324274872,101.12774658203125,5005292.0
2019-09-06T00:00:00,101.1715642172091,101.69724323826901,100.86491867862178,101.50011444091797,2914508.0
2019-09-09T00:00:00,101.65342365984033,101.87245710591438,100.64586847102565,100.97441864013672,2398304.0
2019-09-10T00:00:00,100.97444273907206,101.19347623742145,100.03260136991841,100.75540924072266,3531940.0
2019-09-11T00:00:00,101.08394639460234,101.69723743679084,100.90872229236878,101.65343475341797,2944352.0
2019-09-12T00:00:00,101.89437209916069,103.29618495902476,101.65343394722211,102.61717987060547,4217684.0
2019-09-13T00:00:00,102.94573316145998,103.88757442940145,102.88002579276497,103.66854095458984,3289036.0
2019-09-16T00:00:00,103.20856780157922,103.36188721113825,102.31052928935682,102.35433197021484,2961520.0
2019-09-17T00:00:00,102.11340995547741,103.0771559202754,101.67534300017184,102.5076675415039,3051732.0
2019-09-18T00:00:00,102.57335940770477,103.58091458949593,102.55146141074626,103.2742691040039,3433772.0
2019-09-19T00:00:00,103.25237629969644,104.61038648584777,102.8581187279085,104.50086975097656,3829672.0
2019-09-20T00:00:00,104.28182840864358,105.1360575392761,104.25992372644879,104.87321472167969,5883340.0
2019-09-23T00:00:00,104.74180408369153,104.96083754544381,102.6609861970448,103.0771484375,3726716.0
2019-09-24T00:00:00,103.38380482483487,103.90948385147668,102.85812579819304,103.18667602539062,3348644.0
2019-09-25T00:00:00,103.03334959229687,103.03334959229687,101.08395292051975,102.44196319580078,4927368.0
2019-09-26T00:00:00,102.22292283809183,103.99708859265456,102.22292283809183,103.93138122558594,2255116.0
2019-09-27T00:00:00,104.04089743868505,104.67609315985757,103.69044255254371,104.52277374267578,3313348.0
2019-09-30T00:00:00,104.54467531220556,105.44271389974482,103.95328893824401,105.37700653076172,3837096.0
2019-10-01T00:00:00,105.4865224190941,105.94649405138499,104.47896710178338,104.82942199707031,2868588.0
2019-10-02T00:00:00,104.54467325851097,104.61038731057438,101.28107587049378,101.63153076171875,4818460.0
2019-10-03T00:00:00,101.3248797764042,101.58771591737589,99.76974087593156,100.62397003173828,4687136.0
2019-10-04T00:00:00,100.9744453338084,101.52202909375313,100.73350714255831,101.4563217163086,3941684.0
2019-10-07T00:00:00,101.45631251726917,102.57337793877448,101.21537434786492,102.44196319580078,2703000.0
2019-10-08T00:00:00,102.50765088910912,103.16475121532135,101.65342180190724,102.15719604492188,2883376.0
2019-10-09T00:00:00,102.06959317656532,103.40569863012843,101.69723361783812,103.0771484375,2226416.0
2019-10-10T00:00:00,103.0771484375,103.09905312054939,101.9381717626398,103.0771484375,2714444.0
2019-10-11T00:00:00,103.27428150529886,104.25993212411932,102.8800239315191,103.90947723388672,3666640.0
2019-10-14T00:00:00,103.88756950528743,104.39135048409841,103.2961831619496,104.36944580078125,3845588.0
2019-10-15T00:00:00,104.69799686822115,105.48651868360076,104.69799686822115,104.91703033447266,4440648.0
2019-10-16T00:00:00,104.91703404979926,105.11416283953216,104.52277647033344,104.82942199707031,4282892.0
2019-10-17T00:00:00,104.82942723176924,105.88078528575883,104.8075225464004,105.26749420166016,3949908.0
2019-10-18T00:00:00,105.53031412542813,106.42835261231596,105.31128067420526,106.05599975585938,3986700.0
2019-10-21T00:00:00,106.05600796333702,107.37020877237778,105.77126044408894,106.97594451904297,5308532.0
2019-10-22T00:00:00,106.99784986042926,108.22443862661441,106.82262575856181,107.34830474853516,4165076.0
2019-10-23T00:00:00,107.10736866817872,107.6111429840761,106.64739703641047,107.2825927734375,4857104.0
2019-10-24T00:00:00,107.3263894271041,107.87397304663014,107.06354661598346,107.80826568603516,6687668.0
2019-10-25T00:00:00,107.87398850941997,108.33396015262882,107.52353360581459,107.98350524902344,4606844.0
2019-10-28T00:00:00,108.15872356077324,108.50917844559241,107.91779209405782,108.13682556152344,3314732.0
2019-10-29T00:00:00,108.26824743162224,108.66251170967308,107.50163024495666,108.3339614868164,4697148.0
2019-10-30T00:00:00,108.20254219925562,109.56055248765075,108.02731808401758,109.23200225830078,4329940.0
2019-10-31T00:00:00,109.29770047117412,109.69195803960632,108.07111171418255,108.31204986572266,4191276.0
2019-11-01T00:00:00,108.57489593004188,108.96915351019966,108.11492429694368,108.42156982421875,1487276.0
2019-11-04T00:00:00,109.07866743250797,110.6557110811842,108.6844098625244,110.5680923461914,4552712.0
2019-11-05T00:00:00,110.65570949098293,110.65570949098293,109.998609094206,110.43667602539062,2944968.0
2019-11-06T00:00:00,110.4366826585838,111.04997372533022,109.8233849074661,110.83094024658203,2942232.0
2019-11-07T00:00:00,111.22520036663589,111.70707670460038,110.78713339916686,110.96236419677734,3686832.0
2019-11-08T00:00:00,111.00651840543154,112.77273194720496,110.65328108713283,112.41949462890625,4100716.0
2019-11-11T00:00:00,112.41947872715413,112.64025538864692,111.44805602653067,111.75714874267578,3045072.0
2019-11-12T00:00:00,112.06623874980234,113.52336611554925,111.66883670228813,113.3908920288086,3783868.0
2019-11-13T00:00:00,113.03765686581366,113.21427550963874,112.19870820129046,112.90518951416016,4538728.0
2019-11-14T00:00:00,112.86103032281666,113.69997892862165,112.772714269516,113.47920227050781,3241704.0
2019-11-15T00:00:00,114.0532127334371,114.22984483468292,111.80129493149592,112.5960922241211,5922092.0
2019-11-18T00:00:00,112.46363463629116,112.68441130685223,111.75715333303734,112.15454864501953,2704640.0
2019-11-19T00:00:00,112.19869744262337,112.59609272190849,111.05065615513719,111.40390014648438,4212348.0
2019-11-20T00:00:00,110.7415732054288,111.49221249650535,110.52079654701987,111.0506591796875,4170640.0
2019-11-21T00:00:00,110.3000371096303,110.32211612643215,109.70393734383026,109.9688720703125,3926380.0
2019-11-22T00:00:00,110.07925202029611,110.74158204841152,109.88055435937537,110.56495666503906,3079420.0
2019-11-25T00:00:00,111.00651151817088,111.4922229070512,110.91820219407525,111.27144622802734,1962988.0
2019-11-26T00:00:00,111.49221405385683,112.19870206566135,111.13897004795457,111.75714874267578,4724544.0
2019-11-27T00:00:00,111.93378358303593,112.33117893623174,111.27145350266294,111.8896255493164,4557304.0
2019-11-28T00:00:00,111.75715363875094,111.84546295970307,111.13897491694735,111.58052825927734,1732404.0
2019-11-29T00:00:00,111.27143739236404,111.97792540416856,110.74157475229516,111.75714874267578,3163476.0
2019-12-02T00:00:00,111.93378328941746,112.72858073129419,109.63770703099469,109.9688720703125,3719980.0
2019-12-03T00:00:00,110.2117189409304,111.05066761155653,108.42342652452265,108.6883544921875,4619408.0
2019-12-04T00:00:00,108.71043603743693,110.23379378406631,108.71043603743693,110.07925415039062,2752268.0
2019-12-05T00:00:00,110.34416752300231,111.44805077848481,110.03508155898096,110.78572082519531,4111884.0
2019-12-06T00:00:00,110.78572940129138,112.81687744364098,110.78572940129138,112.68441009521484,3584552.0
2019-12-09T00:00:00,112.72857631936606,113.83245300298566,112.37533227707154,113.30259704589844,3825452.0
2019-12-10T00:00:00,113.25842957360491,113.34674562999443,111.58052556574138,113.21427154541016,6457436.0
2019-12-11T00:00:00,113.30259278615365,114.27400207519531,112.68441405098697,114.27400207519531,4707096.0
2019-12-12T00:00:00,114.27401242759687,114.89219795633616,112.81689162446028,114.49478912353516,5754736.0
2019-12-13T00:00:00,115.90775922487732,116.04021984536428,113.03766232978512,113.30259704589844,4446316.0
2019-12-16T00:00:00,113.74414580838415,114.80387115478516,113.47921110299917,114.80387115478516,3088664.0
2019-12-17T00:00:00,114.80387695491474,114.98049560904825,114.05323083092294,114.62725830078125,4243812.0
2019-12-18T00:00:00,114.49477323319701,114.84802398275586,113.61166657200725,113.83244323730469,2756176.0
2019-12-19T00:00:00,113.70000457763672,114.09739995686049,113.1701350885778,113.70000457763672,4504532.0
2019-12-20T00:00:00,113.69998384535762,115.15710446186412,113.47920717769672,115.06880187988281,3953260.0
2019-12-23T00:00:00,115.06878961254063,115.15709218510811,114.40645968016814,114.67139434814453,2428236.0
2019-12-27T00:00:00,114.80387148750088,115.02464816343839,114.14154145968837,114.27400207519531,2715684.0
2019-12-30T00:00:00,114.31815113541195,114.36230916216236,112.72856323593098,112.86103057861328,3012980.0
2020-01-02T00:00:00,113.2142695068314,115.99606353135148,113.2142695068314,115.46619415283203,4537988.0
2020-01-03T00:00:00,114.58309478445632,114.58309478445632,113.39089534462029,114.18569946289062,3417924.0
2020-01-07T00:00:00,114.18568606254678,115.20125326238085,113.9649094125709,114.3623046875,3683196.0
2020-01-08T00:00:00,113.65582339249264,114.49477201668137,112.90518408597077,114.31815338134766,3259716.0
2020-01-09T00:00:00,115.02465330686606,115.77529942867491,114.89219268543602,115.24542999267578,3710640.0
2020-01-10T00:00:00,115.46620118067814,115.90775453127347,114.80387115478516,114.80387115478516,3759264.0
2020-01-13T00:00:00,114.80385684523495,115.64280541176885,114.58308019745566,114.93631744384766,3031172.0
2020-01-14T00:00:00,114.93633143986926,115.333740234375,113.65582942184754,115.333740234375,3935064.0
2020-01-15T00:00:00,115.33373354577118,115.46619415283203,114.58308750539163,115.46619415283203,3866612.0
2020-01-16T00:00:00,115.6428239985746,117.62981414794922,115.6428239985746,117.62981414794922,4215800.0
2020-01-17T00:00:00,118.3362948576351,119.13108547781755,118.02720213026498,118.82200622558594,4483936.0
2020-01-20T00:00:00,118.91030331863605,119.21939603173645,118.24797334068197,118.46875,2397040.0
2020-01-21T00:00:00,118.15968017707868,118.55707550048828,117.27657346944004,118.55707550048828,2715888.0
2020-01-22T00:00:00,118.91031185790534,119.26356262326482,118.07136318727726,118.42461395263672,3058768.0
2020-01-23T00:00:00,118.42459826487276,118.55705886237365,117.05578036510285,117.2323989868164,4160728.0
2020-01-24T00:00:00,117.9830678845841,120.19083477258052,117.89475181900836,119.13109588623047,5122604.0
2020-01-27T00:00:00,117.67395557236044,117.89473222446618,116.04020295672296,116.30513763427734,5682300.0
2020-01-28T00:00:00,116.39348262483546,118.91032899953815,116.39348262483546,118.60124969482422,5608380.0
2020-01-29T00:00:00,118.9544677734375,119.70511384573642,118.42461184752528,118.9544677734375,4652788.0
2020-01-30T00:00:00,118.24797451200509,118.64538328282445,117.23240725913745,117.89473724365234,5228848.0
2020-01-31T00:00:00,118.6453751363314,118.82199375838069,116.48175322203208,116.61422729492188,4484428.0
2020-02-03T00:00:00,116.61423830196449,117.85058224814324,115.73113163322586,117.49734497070312,4408928.0
2020-02-04T00:00:00,117.89473677168414,120.8531494140625,117.89473677168414,120.8531494140625,5221104.0
2020-02-05T00:00:00,120.80900474381428,123.06092962615507,120.05835862465419,122.66352081298828,6095304.0
2020-02-06T00:00:00,123.54660165775462,124.12062900360199,122.13363925479877,122.35441589355469,4040660.0
2020-02-07T00:00:00,122.3544293042811,122.70766657495267,121.38300659722708,122.17781066894531,4295608.0
2020-02-10T00:00:00,122.13366485399834,122.92845553005299,121.60379541986893,122.66352081298828,2689484.0
2020-02-11T00:00:00,123.50248411394256,123.8998794555664,123.23754939448014,123.8998794555664,4360592.0
2020-02-12T00:00:00,124.07650704972433,124.42974438436482,123.23755827359771,123.41417694091797,4061336.0
2020-02-13T00:00:00,123.23754669673937,123.76740264892578,122.31028193648903,123.76740264892578,4191124.0
2020-02-14T00:00:00,123.98817988588503,124.60636537891075,123.59078455118232,124.3414306640625,2312124.0
2020-02-17T00:00:00,124.47390164172411,125.09207371105023,124.16482234463129,124.56221771240234,2289348.0
2020-02-18T00:00:00,124.03234007772782,124.95960485827652,123.41416804907523,123.8998794555664,3837924.0
2020-02-19T00:00:00,124.25307446703698,125.13618091452855,124.25307446703698,124.78294372558594,2678792.0
2020-02-20T00:00:00,125.18037938939284,125.53361669249941,124.07649597326062,124.42973327636719,3922096.0
2020-02-21T00:00:00,123.76738458376391,124.56218860874239,122.88427798387937,123.45830535888672,3345672.0
2020-02-24T00:00:00,121.25055937637116,121.25055937637116,116.70255153230038,117.18826293945312,8618228.0
2020-02-25T00:00:00,117.18825689259812,118.42461436293148,113.83244872332031,114.27400207519531,7610660.0
2020-02-26T00:00:00,113.47920957585296,114.40647429465226,109.32861083114133,114.00907897949219,10379288.0
2020-02-27T00:00:00,112.06624087498236,112.15455019691487,107.18707504055544,109.24029541015625,9609836.0
2020-02-28T00:00:00,105.17800370051441,107.36369137477949,103.91958073051657,105.37670135498047,13921592.0
2020-03-02T00:00:00,106.98837464678283,108.73250897624841,104.16242925419871,107.16499328613281,13295428.0
2020-03-03T00:00:00,109.28446778814751,111.44807677862211,108.60005866256625,109.10784912109375,9273760.0
2020-03-04T00:00:00,109.7039165823362,111.80129476775295,108.79873096532683,110.78572082519531,6653812.0
2020-03-05T00:00:00,112.46361810563239,112.86102009677106,108.53379664230478,110.21170043945312,7062604.0
2020-03-06T00:00:00,107.6286263955125,108.31303541856704,105.61955735528241,106.61305236816406,7339608.0
2020-03-09T00:00:00,99.04040730864082,103.63255896936778,97.67158937295576,101.07154846191406,13965428.0
2020-03-10T00:00:00,102.21960240698719,106.52474764875015,99.92352629222752,100.85078430175781,11396380.0
2020-03-11T00:00:00,101.88842666384163,103.10269827088634,99.10663945291637,99.94559478759766,9589164.0
2020-03-12T00:00:00,94.62488312241621,95.11058775907382,87.64833892822266,88.3106689453125,20984856.0
2020-03-13T00:00:00,89.78988384564374,95.66253849641976,87.47172856636794,90.20935821533203,19463044.0
2020-03-16T00:00:00,85.66134827731877,87.6262593000836,81.70944721719343,85.83796691894531,16791436.0
2020-03-17T00:00:00,89.74572049654448,91.48985492251813,82.94580144177263,86.1029052734375,17254576.0
2020-03-18T00:00:00,83.63019991471647,86.87561965927755,82.81333027812379,86.4119873046875,10764304.0
2020-03-19T00:00:00,86.43405591705616,91.00413513183594,84.99900773452521,91.00413513183594,15254648.0
2020-03-20T00:00:00,94.11708286036779,96.4573166894372,87.18469742289581,88.7742919921875,17026204.0
2020-03-23T00:00:00,83.38734431740306,89.28207689471203,83.16656766497421,84.60161590576172,12865592.0
2020-03-24T00:00:00,88.97299999207807,92.7041244506836,87.05224022526103,92.7041244506836,10219848.0
2020-03-25T00:00:00,96.03785842212278,96.98719547701471,88.8846951423338,96.14824676513672,14620496.0
2020-03-26T00:00:00,93.91839463475539,97.472900390625,92.96905764307941,97.472900390625,7969908.0
2020-03-27T00:00:00,96.63395095708458,96.67810224845304,93.74177523846508,96.17031860351562,9151776.0
2020-03-30T00:00:00,96.17032235867981,98.97418212890625,93.83008822255627,98.97418212890625,7613512.0
2020-03-31T00:00:00,101.20402969669396,102.35207113829661,98.64301883759013,100.91702270507812,10609792.0
2020-04-01T00:00:00,98.40017327365037,99.08457562152071,95.59630662002132,97.53913879394531,8240996.0
2020-04-02T00:00:00,97.89236871611683,98.44431036058926,94.73526520476207,97.00926208496094,8870972.0
2020-04-03T00:00:00,96.92096782442586,97.56121888395249,95.04436594172057,95.7729263305664,4942340.0
2020-04-06T00:00:00,98.2456141073827,100.67415737745284,98.02483744646725,100.14429473876953,6716424.0
2020-04-07T00:00:00,102.21959826087958,104.91307633124796,101.95466356172,104.18450927734375,9996492.0
2020-04-08T00:00:00,103.76502638842825,105.8182465559803,102.88191978086716,105.31046295166016,8534332.0
2020-04-09T00:00:00,106.4364400125259,106.4364400125259,102.15337371826172,102.15337371826172,5631700.0
2020-04-14T00:00:00,105.31046746654692,106.92213439941406,103.76503083705882,106.92213439941406,7655788.0
2020-04-15T00:00:00,106.92213532879127,107.51823501465992,103.61048537967443,103.89749908447266,6995968.0
2020-04-16T00:00:00,104.4052862391833,105.35462996585005,102.72738219414586,103.56633758544922,5659736.0
2020-04-17T00:00:00,105.99488099997649,107.4740806518142,105.9065716791692,107.27538299560547,8300540.0
2020-04-20T00:00:00,108.53381456061527,109.19614458429164,105.53125043910184,107.40785217285156,6082684.0
2020-04-21T00:00:00,106.52473824731848,107.27537754237646,105.53124327920877,105.57540130615234,5933352.0
2020-04-22T00:00:00,106.61304151131581,107.18706214115083,105.70785591091081,106.37018585205078,5001600.0
2020-04-23T00:00:00,106.63512805635484,108.07017636353146,105.48708671558593,107.54031372070312,5093916.0
2020-04-24T00:00:00,106.23772710677189,106.76758972141148,105.24423217773438,105.24423217773438,5630188.0
2020-04-27T00:00:00,106.70136829352924,107.12084938165711,105.81826156074581,105.92864990234375,5305528.0
2020-04-28T00:00:00,106.43643069072263,107.84939998788116,105.77410070103247,106.96629333496094,5537100.0
2020-04-29T00:00:00,106.96629195768327,109.92469785936031,106.30396197652115,109.88054656982422,5623860.0
2020-04-30T00:00:00,109.9467741640874,110.03508347855282,107.31953331772036,108.44549560546875,4437676.0
2020-05-04T00:00:00,105.53123398484855,105.70785260192973,102.32997270288139,102.44036102294922,7712320.0
2020-05-05T00:00:00,103.9195943451045,104.75854310168107,103.21310621714626,104.58192443847656,5580184.0
2020-05-06T00:00:00,104.58191240313508,104.60398468031795,102.9040083455059,103.05854797363281,4375944.0
2020-05-07T00:00:00,103.43386437364406,105.20007763936263,103.12477839965709,104.91307067871094,4175188.0
2020-05-08T00:00:00,105.53125028988859,107.67278672510866,105.20008527851866,106.7676010131836,5757988.0
2020-05-11T00:00:00,107.29745918906373,107.341617217091,104.07411853257804,105.20008087158203,4359344.0
2020-05-12T00:00:00,104.36114217663082,106.78968572284963,104.14036549061092,105.99488830566406,5918744.0
2020-05-13T00:00:00,104.80268626078114,105.28839088443863,102.79361724853516,102.79361724853516,5935168.0
2020-05-14T00:00:00,101.93259359352446,102.17544254609041,98.17939011664673,98.8637924194336,8493440.0
2020-05-15T00:00:00,100.03390540622516,102.41829062519909,99.79104973413715,101.27025604248047,7463844.0
2020-05-18T00:00:00,102.88193479659083,105.97280837417081,102.81570448638486,105.90657806396484,5663656.0
2020-05-19T00:00:00,106.63512282297401,107.03251810119984,104.93513990902954,106.52473449707031,6734628.0
2020-05-20T00:00:00,106.19358016066707,106.96629851942453,105.11177580592052,106.12734985351562,2782008.0
2020-05-22T00:00:00,105.1780082551044,106.28189164723935,104.7143758828938,105.72994995117188,3754860.0
2020-05-25T00:00:00,107.07666536018706,109.01949700571582,106.2597891356079,108.71041107177734,3297700.0
2020-05-26T00:00:00,109.61561216189885,109.94677715332453,108.71042650448821,109.30652618408203,4845680.0
2020-05-27T00:00:00,109.61561225298199,110.0350865616226,107.89355699116517,108.09225463867188,5078440.0
2020-05-28T00:00:00,109.06367133287137,110.7857266062575,108.07017635109419,110.6091079711914,5261824.0
2020-05-29T00:00:00,109.68184329317177,111.49221462166,109.19613867795546,110.6091079711914,8213356.0
2020-06-01T00:00:00,112.15455142754385,112.4194861338178,109.4610732848467,110.56495666503906,3796260.0
2020-06-02T00:00:00,111.00650756673448,112.59610229415021,110.43249361176093,111.58052825927734,4616484.0
2020-06-03T00:00:00,112.19869984810622,114.71554565429688,111.93376516452358,114.71554565429688,4748868.0
2020-06-04T00:00:00,114.27400604149781,114.53894075684615,112.64026666793868,113.92076873779297,4662592.0
2020-06-05T00:00:00,114.71554573400319,116.43761444091797,114.2739924194379,116.43761444091797,4791712.0
2020-06-08T00:00:00,116.21683278107733,116.34929337969004,114.49476414828905,114.93631744384766,3660360.0
2020-06-09T00:00:00,115.11296145537415,115.46619873832314,112.6844113408994,114.05322265625,5687980.0
2020-06-10T00:00:00,114.22984829814996,115.90774550975993,113.39088621720715,113.47920227050781,4512628.0
2020-06-11T00:00:00,111.44807233184656,111.84547442321656,106.94422912597656,106.94422912597656,6589072.0
2020-06-12T00:00:00,105.75202515406637,108.79874051149402,105.2442415070182,106.6351318359375,5876716.0
2020-06-15T00:00:00,105.04552771984645,109.01950743289338,103.9416444662223,108.93119812011719,7499764.0
2020-06-16T00:00:00,111.27143865770324,113.30258666156197,110.74157601160896,113.0818099975586,7834408.0
2020-06-17T00:00:00,113.21426852548346,115.51035117898114,113.17011049846658,113.61166381835938,6336236.0
2020-06-18T00:00:00,113.74650058128864,114.240851060316,112.53307927480729,113.16226196289062,7596440.0
2020-06-22T00:00:00,112.35330811905483,112.48813346029804,110.37589263916016,110.37589263916016,4312696.0
2020-06-23T00:00:00,111.22978851170677,111.92638047792707,110.73543115309818,111.0500259399414,3844540.0
2020-06-24T00:00:00,110.46578289550139,110.69048953000912,108.2411885853753,108.37600708007812,4357728.0
2020-06-25T00:00:00,108.08388570086396,109.8365946178772,106.98282461927862,109.45459747314453,4036960.0
2020-06-26T00:00:00,110.10625482872095,112.08367053978677,109.56696025820324,109.72425079345703,3610040.0
2020-06-29T00:00:00,109.31978067977691,111.11743380503532,108.71307000700122,110.96013641357422,3577760.0
2020-06-30T00:00:00,111.07248247394212,111.36460520220426,109.76918678631725,110.48825073242188,3935828.0
2020-07-01T00:00:00,110.48825258216287,111.72413904568818,109.52200995981454,110.75789642333984,4425956.0
2020-07-02T00:00:00,111.65672218740808,112.93755271122151,111.40954352487365,112.89260864257812,3558624.0
2020-07-03T00:00:00,112.84767002108165,113.1622579251474,111.65672079193723,111.85895538330078,2502640.0
2020-07-06T00:00:00,113.47685306972153,114.46556091308594,113.1173210746338,114.46556091308594,3168020.0
2020-07-07T00:00:00,114.06109489036147,114.19592024947295,112.98249887497232,113.92626953125,2762260.0
2020-07-08T00:00:00,113.43191095025162,115.31945224255978,113.02744173475848,113.74650573730469,2877868.0
2020-07-09T00:00:00,114.60038038849534,114.7801429480647,112.57802073458072,112.89260864257812,2585352.0
2020-07-10T00:00:00,112.53308437582014,113.92626830918995,112.30837773221228,113.74650573730469,2579548.0
2020-07-13T00:00:00,114.82508995106056,116.17332975479121,114.06108876711365,115.81380462646484,3579000.0
2020-07-14T00:00:00,114.87003951106756,115.58910351709248,113.79144350203018,114.7801513671875,3217472.0
2020-07-15T00:00:00,115.72391570675683,116.93733700793625,114.69026382603099,116.75756072998047,3429812.0
2020-07-16T00:00:00,116.39803638874632,116.44298045853824,115.0947406548076,115.81380462646484,3584964.0
2020-07-17T00:00:00,117.0721542651846,117.38674903328085,115.8587329768182,116.57779693603516,3063992.0
2020-07-20T00:00:00,116.9373334861578,118.33050359332631,116.66768279234957,118.01592254638672,3002916.0
2020-07-21T00:00:00,118.42038477413392,119.5439178365071,117.88108341819351,118.06085968017578,4037532.0
2020-07-22T00:00:00,119.09450724973517,119.3192138671875,117.74626754502118,119.3192138671875,3256916.0
2020-07-23T00:00:00,119.76864555046484,120.84723473737408,119.18441374109896,119.72370147705078,3169608.0
2020-07-24T00:00:00,118.64511616585266,118.9147669001399,116.98228140025304,117.47663879394531,3454012.0
2020-07-27T00:00:00,117.4766142587398,118.60014732111298,117.16203323027723,118.06085968017578,1978008.0
2020-07-28T00:00:00,118.01594026251979,118.51029765621206,116.75757474084803,117.47663879394531,2615988.0
2020-07-29T00:00:00,117.52158299667762,118.33052148541331,117.07216967737867,118.28559112548828,2521560.0
2020-07-30T00:00:00,118.28557492132443,118.28557492132443,114.73520607073254,115.54415130615234,3515968.0
2020-07-31T00:00:00,115.67897348613211,117.5215706445932,115.67897348613211,116.08344268798828,3345940.0
2020-08-03T00:00:00,116.21827697387906,120.17310835265563,115.81380776480042,119.90345764160156,3569084.0
2020-08-04T00:00:00,120.21804473497994,120.7573461225964,117.74627185257849,118.01592254638672,3382652.0
2020-08-05T00:00:00,118.64510419957877,119.76863738328689,118.64510419957877,119.58887481689453,2673200.0
2020-08-06T00:00:00,119.58887026446679,120.44275270857902,118.42039305489018,119.09451293945312,2200348.0
2020-08-07T00:00:00,119.00463108142463,120.35287092169004,118.7799244413804,119.90345764160156,2421384.0
2020-08-10T00:00:00,120.44274388506618,120.98204523920953,119.5439174381627,119.81356811523438,2166588.0
2020-08-11T00:00:00,120.84722268821041,122.91452642408434,120.62251605855029,121.92581176757812,4267264.0
2020-08-12T00:00:00,121.79100539177502,122.82465050503876,120.93712285712164,122.42018127441406,4006248.0
2020-08-13T00:00:00,122.06066010645812,122.82465451927288,121.746065297354,121.88089752197266,2356792.0
2020-08-14T00:00:00,121.79099716668027,121.835941237049,119.31922416145245,120.48770141601562,3605176.0
2020-08-17T00:00:00,120.4877022003666,122.3302993774414,120.4877022003666,122.3302993774414,2775484.0
2020-08-18T00:00:00,121.9258302945339,122.82465694975348,120.53265995094861,122.24042510986328,3735952.0
2020-08-19T00:00:00,122.28535777895627,124.03806685014204,121.79100042169745,123.58865356445312,2593260.0
2020-08-20T00:00:00,122.82465757923369,123.54372165009585,122.15053758436412,123.18419647216797,4172592.0
2020-08-21T00:00:00,123.58863760824777,124.1279389674487,122.33028605678328,123.54369354248047,3106852.0
2020-08-24T00:00:00,124.4425493872681,126.55479754214852,124.4425493872681,125.16161346435547,3336028.0
2020-08-25T00:00:00,125.70089072070652,126.68959163548807,124.93688271450834,124.98182678222656,2796560.0
2020-08-26T00:00:00,124.98183946647777,126.50984191894531,124.71218874780577,126.50984191894531,2658592.0
2020-08-27T00:00:00,126.5098074574734,127.04910874791085,125.92557582200078,126.06039428710938,2571644.0
2020-08-28T00:00:00,126.50983675140886,126.64465524773529,123.81335710484241,124.0830078125,2962068.0
2020-08-31T00:00:00,124.48746811815361,125.65594529114425,123.54369756631488,123.90323638916016,4269288.0
2020-09-01T00:00:00,124.48748138444196,125.07171317569538,123.49876666000749,124.66724395751953,3234456.0
2020-09-02T00:00:00,125.16159962004693,127.5434845397406,125.16159962004693,126.15031433105469,3664488.0
2020-09-03T00:00:00,127.72325347955355,128.21759709162092,124.03805927593355,124.48747253417969,4444028.0
2020-09-04T00:00:00,123.94815449078524,125.97051388126943,122.77969114828517,123.40886688232422,3375512.0
2020-09-07T00:00:00,124.21782063194351,126.24018027444441,124.21782063194351,126.19523620605469,2581728.0
2020-09-08T00:00:00,126.37503633755365,126.37503633755365,124.66725742136653,125.25150299072266,3427392.0
2020-09-09T00:00:00,124.9368977894528,129.02656157520218,124.9368977894528,128.66702270507812,3695880.0
2020-09-10T00:00:00,128.66702340343582,128.7569115502061,127.13902091338039,127.81314086914062,3324232.0
2020-09-11T00:00:00,127.81314660340767,128.2625599274105,127.04915218160657,127.58843994140625,3748780.0
2020-09-14T00:00:00,128.08279297598173,128.80185701288312,127.27385450634624,127.90303039550781,2425672.0
2020-09-15T00:00:00,127.8580913143558,129.16138721744113,127.18397132500068,128.53221130371094,3559060.0
2020-09-16T00:00:00,128.53219189687474,130.68937005110033,128.3074852676844,130.64443969726562,3559884.0
2020-09-17T00:00:00,129.29620345572954,130.15008592698823,128.66701390479776,129.38607788085938,3296444.0
2020-09-18T00:00:00,129.43103830974164,131.63316087131582,129.43103830974164,131.36351013183594,6726032.0
2020-09-21T00:00:00,131.0039755619878,131.0039755619878,126.5547866821289,126.5547866821289,5985048.0
2020-09-22T00:00:00,127.09404005516639,129.07146899174032,126.41992029451663,127.00416564941406,3962212.0
2020-09-23T00:00:00,127.76820252800614,129.56585582401752,127.54349586600472,127.58843994140625,3077816.0
2020-09-24T00:00:00,126.55477651177294,128.39737361717422,125.56606185570271,127.18395233154297,3785984.0
2020-09-25T00:00:00,127.4086489737878,129.11641373858157,127.09405423106114,128.71194458007812,2880652.0
2020-09-28T00:00:00,130.1500975266391,132.66681480965536,129.6107960677764,132.44210815429688,4426288.0
2020-09-29T00:00:00,132.21739196777344,132.89151188525358,131.5432720502933,132.21739196777344,2962596.0
2020-09-30T00:00:00,131.6780796343464,132.66679425070814,131.04890383984514,131.9027862548828,3768060.0
2020-10-01T00:00:00,131.85787287936748,132.17246770734587,130.10516357421875,130.10516357421875,3783716.0
2020-10-02T00:00:00,129.56584355498202,129.56584355498202,126.8693638663039,128.8917236328125,4131280.0
2020-10-05T00:00:00,129.61074662409436,130.77922352921112,129.07145908596394,130.2848663330078,3224760.0
2020-10-06T00:00:00,130.3298349290951,130.5994856064318,128.1726569404079,128.71194458007812,3774876.0
2020-10-07T00:00:00,128.2176279721847,129.6557562309399,127.54350792245711,128.0828094482422,2755572.0
2020-10-08T00:00:00,128.39736214525914,128.71194316953515,126.4648770746934,127.63335418701172,3117700.0
2020-10-09T00:00:00,127.63336559066504,128.35242954826117,126.82442721024702,127.18395233154297,2319632.0
2020-10-12T00:00:00,127.18393974475856,128.84677412494915,126.95923313743567,128.44229125976562,3086332.0
2020-10-13T00:00:00,128.57713547569847,128.57713547569847,126.46488768335747,127.13900756835938,2902724.0
2020-10-14T00:00:00,127.00419100071096,128.03783602069905,126.46488959854058,127.36371612548828,2496748.0
2020-10-15T00:00:00,126.01547231123534,126.01547231123534,124.26276338265438,125.11664581298828,3604708.0
2020-10-16T00:00:00,125.56606428405566,128.1277253965937,125.43124578971344,127.5434799194336,3717076.0
2020-10-19T00:00:00,127.54347938244648,128.7569006864356,127.13901018611824,127.40866088867188,2138716.0
2020-10-20T00:00:00,127.8580734583104,129.70067058155405,127.18395356309962,127.36371612548828,3278768.0
2020-10-21T00:00:00,128.0827774226887,128.30748404974605,124.6672339484162,125.20653533935547,3647556.0
2020-10-22T00:00:00,124.93689471164195,126.64465972889253,123.4538363395562,126.46489715576172,3162256.0
2020-10-23T00:00:00,126.91430024649176,127.90301489176,126.41994292385765,127.09406280517578,2052940.0
2020-10-26T00:00:00,126.0154675636051,126.50982486201686,123.58863885276958,123.72345733642578,3191516.0
2020-10-27T00:00:00,123.81337799343682,124.26279134368522,122.15054311151489,123.04936981201172,3232180.0
2020-10-28T00:00:00,121.34156641334114,121.7010914944907,119.09450036864963,120.35285186767578,5493888.0
2020-10-29T00:00:00,119.678740483843,122.15051330710303,119.678740483843,120.30792999267578,4127944.0
2020-10-30T00:00:00,119.63381580304417,120.44275418845746,118.95969591019833,120.0832290649414,2471172.0
2020-11-02T00:00:00,120.98205297892837,122.37522308875305,120.0382824063022,121.70110321044922,4481352.0
2020-11-03T00:00:00,122.3303013553978,124.48747963197148,122.2404132126218,124.3526611328125,4151880.0
2020-11-04T00:00:00,123.58864745530882,127.76818531961388,122.51005836597245,127.36371612548828,4412524.0
2020-11-05T00:00:00,128.53219173255746,130.41973290134496,128.39737324121728,128.84678649902344,3903312.0
2020-11-06T00:00:00,128.71194015715312,130.01523571865832,127.85805780409817,129.1164093017578,2828896.0
2020-11-09T00:00:00,131.45339268312784,134.77904842168275,130.64445421415704,133.29598999023438,6436436.0
2020-11-10T00:00:00,133.56563287795183,134.14986465846917,131.90279824877956,132.48703002929688,4526100.0
2020-11-11T00:00:00,132.4870246251849,134.77903501257873,132.44209427082774,134.4195098876953,3767672.0
2020-11-12T00:00:00,133.47571507506584,134.3745414392077,132.75665124075198,133.3408966064453,3663092.0
2020-11-13T00:00:00,133.25102497356804,133.83525669655694,132.48701698350231,133.5206756591797,3785212.0
2020-11-16T00:00:00,133.92516709658435,134.1948178270283,132.80163381557273,133.4757537841797,3461736.0
2020-11-17T00:00:00,133.38586251078448,134.46446540729124,132.80163070434793,133.97010803222656,4014080.0
2020-11-18T00:00:00,133.70044286574887,135.85762099573245,132.93643484908583,134.9138641357422,3533676.0
2020-11-19T00:00:00,133.4757461803015,134.77904196902736,133.4757461803015,134.37457275390625,3382004.0
2020-11-20T00:00:00,134.0599874720282,135.2734089184285,134.0150571121665,134.5992889404297,2965060.0
2020-11-23T00:00:00,134.73408317192673,135.6329096472965,133.5206756591797,133.5206756591797,2687052.0
2020-11-24T00:00:00,134.37457847914703,134.68917327931453,132.6218693289419,134.14987182617188,2777972.0
2020-11-25T00:00:00,134.6891848144724,135.13859815891175,133.38587514359284,133.70046997070312,3179792.0
2020-11-26T00:00:00,134.19481711311536,134.73410485612843,133.61057158109398,134.3296356201172,1791056.0
2020-11-27T00:00:00,133.74541404814843,134.6891848144724,133.2960007037091,133.70046997070312,2380036.0
2020-11-30T00:00:00,133.25104575148612,133.83527756557467,131.99269397575432,133.3858642578125,5799508.0
2020-12-01T00:00:00,133.52068707983625,133.65550557667197,131.72303397533494,133.07127380371094,3007316.0
2020-12-02T00:00:00,132.9364233208663,133.97008194288966,132.39713569263938,133.56561279296875,2471168.0
2020-12-03T00:00:00,133.5656258864391,133.8802069383259,132.39714867156363,132.53196716308594,2113336.0
2020-12-04T00:00:00,132.7117337289709,133.3409232817432,132.21739010179928,132.89151000976562,1590684.0
2020-12-07T00:00:00,132.98138999499292,133.25104071245426,131.6780941947693,132.75668334960938,2498968.0
2020-12-08T00:00:00,132.75668903506894,134.3296356201172,132.0825690700483,134.3296356201172,3427252.0
2020-12-09T00:00:00,134.46447295063746,134.6891796141813,133.02634481795434,133.16116333007812,2568888.0
2020-12-10T00:00:00,133.1611584794394,133.83527844551486,130.91409192585448,132.44210815429688,3656924.0
2020-12-11T00:00:00,131.99269400866172,132.1275125150217,130.23997113594766,131.5882110595703,3372852.0
2020-12-14T00:00:00,132.57691448166113,133.16114624591748,131.63314387285857,131.94773864746094,2951176.0
2020-12-15T00:00:00,131.90279580460114,133.29597969579376,131.18373182382382,132.12750244140625,3037264.0
2020-12-16T00:00:00,132.62185839360393,133.20609015716423,130.9140797428042,132.03761291503906,3299752.0
2020-12-17T00:00:00,132.48701560052515,133.92514343210618,132.35219711662845,133.4307861328125,3466336.0
2020-12-18T00:00:00,133.4308006643675,134.4195153706329,132.44209967310704,132.48703002929688,4623980.0
2020-12-21T00:00:00,131.67810523236102,131.67810523236102,128.93668118588738,129.47598266601562,3924332.0
2020-12-22T00:00:00,129.7006456914394,130.95899710168135,129.7006456914394,130.59947204589844,2414684.0
2020-12-23T00:00:00,130.95900229407212,131.4533595516257,130.37477062651027,131.22865295410156,1846416.0
2020-12-28T00:00:00,132.08255589123178,133.9251530214404,131.6780866955773,133.65550231933594,2080372.0
2020-12-29T00:00:00,134.1498504618435,135.81268491504363,133.92514384465449,135.13856506347656,2572436.0
2020-12-30T00:00:00,135.27341727500647,135.58801210350924,134.6442413330078,134.6442413330078,2704920.0
2021-01-04T00:00:00,135.45316951421898,137.96988680479956,135.45316951421898,137.07106018066406,3109640.0
2021-01-05T00:00:00,136.57669196641447,137.16093745478634,134.86892700195312,134.86892700195312,1778668.0
2021-01-07T00:00:00,137.02611176749278,137.65528764146347,135.31834672171445,137.38565063476562,4379888.0
2021-01-08T00:00:00,137.7901222716564,140.62142061158542,137.3856530395245,139.54283142089844,3682516.0
2021-01-11T00:00:00,139.5428326746714,140.57647780107402,137.83506758365678,137.92494201660156,3057460.0
2021-01-12T00:00:00,137.9698594555977,139.9023308284208,137.83504097470424,138.37432861328125,2836224.0
2021-01-13T00:00:00,138.4192728267409,138.59903537312564,137.565390445161,138.28445434570312,3232372.0
2021-01-14T00:00:00,138.37435408306854,139.8124821473216,137.92494077736515,139.54283142089844,2491432.0
2021-01-15T00:00:00,139.36305807592294,140.2169405477964,138.77881259463769,139.1383514404297,4273176.0
2021-01-18T00:00:00,138.86871403872328,140.08213547263682,138.46424479908742,139.81248474121094,2177024.0
2021-01-19T00:00:00,140.57648231484177,140.9360212031827,139.1383679064967,139.31813049316406,3298088.0
2021-01-20T00:00:00,139.76755137321277,140.57648991445043,139.6776632175166,140.2169647216797,5689192.0
2021-01-21T00:00:00,140.66632347367104,142.64373869643478,139.81244118600054,140.93597412109375,6762164.0
2021-01-22T00:00:00,141.11578564453126,141.25060415755212,139.5428389892578,140.44166564941406,5379300.0
2021-01-25T00:00:00,141.56518796695175,141.96965718957054,139.09341484371927,140.12705993652344,4568332.0
2021-01-26T00:00:00,140.12704009512706,143.63247152981478,140.12704009512706,143.09317016601562,4214436.0
2021-01-27T00:00:00,143.1381094683863,143.27292794734748,140.93598745033478,141.69998168945312,4547888.0
2021-01-28T00:00:00,140.89107395190857,141.11578060892916,137.56541817100506,139.81248474121094,5145848.0
2021-01-29T00:00:00,138.10469903391729,139.40800855166754,137.11599802131997,138.0597686767578,4846028.0
2021-02-01T00:00:00,138.64400796708875,142.64378373594198,138.4193013091194,142.5539093017578,3309780.0
2021-02-02T00:00:00,143.13813281086277,144.98073004216693,142.77860766500083,144.30661010742188,3894608.0
2021-02-03T00:00:00,144.8908200147263,145.34023323667955,143.272929672694,143.5875244140625,2672616.0
2021-02-04T00:00:00,143.67743994579214,145.16049837507703,143.18308256436194,144.0819091796875,3838044.0
2021-02-05T00:00:00,144.30662093566198,144.8009783345708,142.91343688964844,142.91343688964844,2757056.0
2021-02-08T00:00:00,143.9021197026474,144.3065888609428,142.68869851275815,142.733642578125,2408816.0
2021-02-09T00:00:00,142.9583613847609,143.3628305775588,141.78988416056364,143.22801208496094,2138900.0
2021-02-10T00:00:00,143.40777062355158,143.90212794088205,142.0595308753797,142.86846923828125,2877304.0
2021-02-11T00:00:00,143.36283572984044,145.6997902622222,143.31789165902447,145.65484619140625,2920828.0
2021-02-12T00:00:00,145.60989887464788,146.73343204497695,144.8458908328223,146.23907470703125,2631976.0
2021-02-15T00:00:00,147.00308274885683,147.45249601698845,146.0593121427795,146.23907470703125,2150104.0
2021-02-16T00:00:00,146.23911046038938,146.3289986219939,145.0706329345703,145.0706329345703,2608036.0
2021-02-17T00:00:00,144.75600785832802,145.02565854628125,141.8348217880094,142.50894165039062,4222316.0
2021-02-18T00:00:00,142.419077635173,143.2280298360312,140.98096324754627,141.78990173339844,3274336.0
2021-02-19T00:00:00,141.92471831547513,142.50896384955124,141.3854305705655,142.46401977539062,3108520.0
2021-02-22T00:00:00,142.46400110224485,142.50894517051452,140.44164146514674,141.25057983398438,3167056.0
2021-02-23T00:00:00,141.70000717213338,141.8797834630824,138.868708884757,141.07083129882812,3390156.0
2021-02-24T00:00:00,141.02587414310074,142.3291835565457,140.44164239673196,142.10447692871094,3023496.0
2021-02-25T00:00:00,142.68870296058077,143.18306026501972,141.3404632475674,142.3291778564453,2738040.0
2021-02-26T00:00:00,139.85741032151395,141.87976996727167,139.31810892997692,140.39669799804688,2503620.0
2021-03-01T00:00:00,141.56517117863962,144.62117573712942,141.34046455772116,144.39646911621094,2700116.0
2021-03-02T00:00:00,144.39647130399442,145.69978069707128,143.81223956675603,145.4301300048828,2730152.0
2021-03-03T00:00:00,145.8346022731574,146.28401553131812,143.67742411998756,144.93577575683594,2288768.0
2021-03-04T00:00:00,143.94706171637625,146.23907208576526,143.72235508633818,145.96942138671875,2680736.0
2021-03-05T00:00:00,145.38520747253395,145.969439296313,144.30661825901558,144.44143676757812,2533792.0
2021-03-08T00:00:00,145.47508004023177,148.98049803746446,145.02566677315045,148.8007354736328,4036564.0
2021-03-09T00:00:00,148.62100259242328,149.744535984519,147.09298620716734,149.65464782714844,3995564.0
2021-03-10T00:00:00,149.65461102507126,151.1376692519308,148.84567266769406,150.7332000732422,3252368.0
2021-03-11T00:00:00,151.00284479552062,153.78921229858213,150.95790072966415,153.60943603515625,3690400.0
2021-03-12T00:00:00,153.11512304165882,153.51959228515625,151.45228827782861,153.51959228515625,4052116.0
2021-03-15T00:00:00,153.47462972997664,154.19369369572414,151.85673923579594,152.21627807617188,2948540.0
2021-03-16T00:00:00,152.5757717160413,154.10377375605876,152.5757717160413,153.92401123046875,3867996.0
2021-03-17T00:00:00,153.92403078114825,154.0139189128612,152.800497709753,153.60943603515625,3831200.0
2021-03-18T00:00:00,154.01395342488595,154.1937160135904,152.12641195597325,152.26123046875,4557396.0
2021-03-19T00:00:00,152.2611923026259,153.11508838619375,151.13765926109232,151.27249145507812,7126312.0
2021-03-22T00:00:00,150.9579245793866,153.38475365401246,150.10404205322266,152.80052185058594,3257320.0
2021-03-23T00:00:00,152.66571423187258,153.56454089508054,151.67699941634126,153.11512756347656,3323484.0
2021-03-24T00:00:00,152.26119911107648,154.5082652946225,152.0364924927219,153.78921508789062,3417948.0
2021-03-25T00:00:00,153.56453443238277,155.04759287825942,153.16005147895652,154.19371032714844,3898884.0
2021-03-26T00:00:00,154.59818639397966,156.2610212103826,153.87912231891335,155.94642639160156,3336400.0
2021-03-29T00:00:00,155.94637050210994,156.8451968450616,153.83412311017295,153.92401123046875,4345116.0
2021-03-30T00:00:00,155.04758131318292,156.665471861191,154.86781874451643,156.5306396484375,2967356.0
2021-03-31T00:00:00,156.53066339495572,157.56432232285798,156.08125004760873,156.48573303222656,4355396.0
2021-04-01T00:00:00,157.3171186515813,158.26088931541918,156.4857150266579,158.1035919189453,1924260.0
2021-04-06T00:00:00,159.54171900690434,159.87877897663725,158.1035909833752,159.3394775390625,4104244.0
2021-04-07T00:00:00,159.4967720744225,159.74395761013045,157.72159782799915,159.4518280029297,3215044.0
2021-04-08T00:00:00,159.4518131114753,160.68769952957862,158.73276289476365,158.9799346923828,3897440.0
2021-04-09T00:00:00,159.09227188356266,160.66521807450184,158.41815208744586,160.59780883789062,3235100.0
2021-04-12T00:00:00,160.59783126186647,160.6652405078899,159.63159549551918,160.17088317871094,2592152.0
2021-04-13T00:00:00,160.21584386137573,162.23820374181386,159.49677982755216,162.05844116210938,4069320.0
2021-04-14T00:00:00,162.32807047126155,162.32807047126155,160.41806416952468,160.8674774169922,4161172.0
2021-04-15T00:00:00,160.8450269222235,162.57527097344246,160.68772951483882,161.63150024414062,3274428.0
2021-04-16T00:00:00,161.78878178632735,164.28302001953125,161.2270151829026,164.28302001953125,4263836.0
2021-04-19T00:00:00,164.28303042847767,165.56386110844034,163.4066827006128,163.56398010253906,3332520.0
2021-04-20T00:00:00,163.5639748826565,163.74373745840435,158.6204286170618,159.4293670654297,4824648.0
2021-04-21T00:00:00,159.5417289094552,162.05844624933798,159.5417289094552,160.8899688720703,4111032.0
2021-04-22T00:00:00,161.11465252651257,161.33935915486197,159.60911537357083,159.99111938476562,4430792.0
2021-04-23T00:00:00,159.58664981704834,160.46299743652344,159.22711098354222,160.46299743652344,2917452.0
2021-04-26T00:00:00,160.46302073123974,161.69890736363692,160.37314629606908,160.8899688720703,2937628.0
2021-04-27T00:00:00,160.88995012877714,161.90112998293844,160.23829540342695,161.85618591308594,4880184.0
2021-04-28T00:00:00,162.57524578306408,162.68759909735783,160.28323542847065,161.7887725830078,3748456.0
2021-04-29T00:00:00,162.2382006154814,163.56397533088986,161.85619656909205,162.55279541015625,3315708.0
2021-04-30T00:00:00,162.88985057226031,163.11455721467482,161.2045507541517,161.54161071777344,2154004.0
2021-05-03T00:00:00,161.67643504009402,163.40667899200233,160.9798499095232,162.8224334716797,2920864.0
2021-05-04T00:00:00,162.82239372794683,163.00216997647513,159.29451114811448,159.47427368164062,3982612.0
2021-05-05T00:00:00,159.9461940252637,164.48527119186554,159.9461940252637,164.41786193847656,3842352.0
2021-05-06T00:00:00,165.03296775101654,165.4886081767178,163.3243161546368,165.2607879638672,5254728.0
2021-05-07T00:00:00,166.85552870209267,166.8783051612582,165.39747378440063,165.57972717285156,3196452.0
2021-05-10T00:00:00,165.85312522502429,166.4454522530964,164.62289043743678,166.26319885253906,3177440.0
2021-05-11T00:00:00,165.16963657981248,165.19241303663475,161.22835010174373,161.68399047851562,4541752.0
2021-05-12T00:00:00,161.7523482785785,164.28114703471974,161.7523482785785,162.00294494628906,2020408.0
2021-05-14T00:00:00,163.64324721146681,166.58213335945436,163.27874045274282,166.30874633789062,4692304.0
2021-05-17T00:00:00,166.696052247122,167.3339460610365,164.78235690033625,166.5365753173828,3413668.0
2021-05-18T00:00:00,167.7440052420426,170.04499753323077,167.4478417722971,169.72604370117188,4790948.0
2021-05-19T00:00:00,170.40951102473528,170.86515142854472,167.67566860187856,168.09486389160156,4996905.0
2021-05-20T00:00:00,169.04258808830943,173.07044754827766,169.04258808830943,172.4872283935547,4583975.0
2021-05-21T00:00:00,174.28243248794357,174.3279993035889,171.6852769515975,171.9586639404297,3284940.0
2021-05-24T00:00:00,172.2320926893626,173.5990140599131,170.59178426369334,172.0042724609375,2735800.0
2021-05-25T00:00:00,172.23205162209794,173.05219868685387,171.1840843832387,171.6397247314453,3616667.0
2021-05-26T00:00:00,171.77642590948878,172.6877066835444,170.63732494191922,171.32078552246094,2750472.0
2021-05-27T00:00:00,171.3207709256847,172.5054386120299,171.0929507515814,171.6397247314453,4732597.0
2021-05-28T00:00:00,172.2320840677383,174.14577945273018,171.5030565922632,174.0090789794922,2634119.0
2021-05-31T00:00:00,174.0546358604786,175.42155708451378,173.00666848406834,174.60140991210938,4674382.0
2021-06-01T00:00:00,175.14818685422583,177.06188231340224,173.96351889878537,175.37600708007812,3400761.0
2021-06-02T00:00:00,175.4215545654297,176.2872685472118,174.28245356175808,175.4215545654297,2843206.0
2021-06-03T00:00:00,175.46712584157265,177.10743410951437,174.51027819318648,176.97073364257812,2641016.0
2021-06-04T00:00:00,176.97073185662302,179.11224733830213,176.469524626332,177.47193908691406,3011881.0
2021-06-07T00:00:00,177.47194087792727,177.9275812909643,176.5150932295411,176.97073364257812,2270410.0
2021-06-08T00:00:00,176.97072946007384,177.79089052718206,176.33283567790625,177.65419006347656,609722.0
2021-06-09T00:00:00,176.97072946007384,178.3376506668793,176.33283567790625,177.65419006347656,2415073.0
2021-06-10T00:00:00,177.69978167050257,178.5199289469644,176.65181416112983,177.56309509277344,2430821.0
2021-06-11T00:00:00,177.69979589519087,178.83889715092928,176.46956097697554,178.5199432373047,2691517.0
2021-06-14T00:00:00,178.6110253399542,180.16019981954773,177.2896710457433,178.42877197265625,2701465.0
2021-06-15T00:00:00,178.6110375836504,179.02111116444127,177.69975677965215,178.29208374023438,2169386.0
2021-06-16T00:00:00,178.33766866876428,179.8868434118467,177.8820282205022,179.0666961669922,4575721.0
2021-06-17T00:00:00,178.74773610212281,178.83886975063695,176.92517437218,178.0187225341797,2867736.0
2021-06-18T00:00:00,178.0187107283163,180.843672879356,177.2896833036784,177.65419006347656,4400287.0
2021-06-21T00:00:00,176.3784203032546,179.93241023768152,175.9227798549925,179.0666961669922,2801231.0
2021-06-22T00:00:00,179.84129032112523,180.43361734128905,178.6110555499629,179.70458984375,2541805.0
2021-06-23T00:00:00,179.70457612080037,180.38803674035594,176.97073364257812,176.97073364257812,2903426.0
2021-06-24T00:00:00,177.7453357980697,179.93240431572943,177.3352621891388,179.61346435546875,2407607.0
2021-06-28T00:00:00,179.61347026692385,180.75257138757902,178.6110557187301,179.0666961669922,2458627.0
2021-06-29T00:00:00,179.4767531099165,181.80052196110435,179.1578131687992,181.16262817382812,2564404.0
2021-06-30T00:00:00,181.16262534640953,182.80293356312063,179.61345077147624,179.75013732910156,3908668.0
2021-07-01T00:00:00,180.5702995046999,181.43602745847602,179.20337819458095,181.02593994140625,2637722.0
2021-07-02T00:00:00,181.34489184731805,183.1674535744268,181.34489184731805,182.1650390625,2566368.0
2021-07-05T00:00:00,182.2561586040808,183.71421343493003,180.7525508576137,183.44082641601562,1575238.0
2021-07-06T00:00:00,183.5319649059591,185.08115353642611,182.52956427423416,183.07632446289062,3367613.0
2021-07-07T00:00:00,184.26099957695232,187.7238698602372,184.07874617363066,187.6327362060547,2720563.0
2021-07-08T00:00:00,187.2682289762302,187.54161603311658,183.44085189495095,184.44325256347656,2907392.0
2021-07-09T00:00:00,185.35451896273167,187.08596091734512,184.53437176136472,186.9948272705078,1904679.0
2021-07-12T00:00:00,187.26822539399382,190.54884220378904,187.08597199457031,189.9109344482422,2177935.0
2021-07-13T00:00:00,190.00203646143365,191.18670421798072,189.18188934807685,190.73106384277344,2283399.0
2021-07-14T00:00:00,190.36656657358114,191.00447430122887,189.36416596807067,190.63995361328125,2213902.0
2021-07-15T00:00:00,190.63996313154354,192.4625249471511,189.27304176983787,190.54884338378906,2513062.0
2021-07-16T00:00:00,190.54880457690354,193.28264674354466,190.00203058155915,192.55361938476562,3101165.0
2021-07-19T00:00:00,192.28025689105442,192.46251027771527,184.80775679762377,185.26339721679688,4347570.0
2021-07-20T00:00:00,185.90127445024203,188.1794763430146,185.17224706354665,187.3593292236328,3325596.0
2021-07-21T00:00:00,188.63514756590058,192.18913753773364,187.72386665978513,191.8246307373047,2573483.0
2021-07-22T00:00:00,193.00927941086232,196.01650888157096,192.73589238533577,194.74070739746094,2485444.0
2021-07-23T00:00:00,195.6519995963137,198.93261628342785,195.19635916227242,197.0189208984375,3281610.0
2021-07-26T00:00:00,197.01894124271746,197.20119465414504,195.37863272978126,196.01654052734375,2400227.0
2021-07-27T00:00:00,193.73830112103755,195.4697290564911,191.36896550985142,194.6495819091797,3142715.0
2021-07-28T00:00:00,194.6496205974209,194.83187401026544,193.6472059692097,194.55848693847656,2269540.0
2021-07-29T00:00:00,195.28748362231653,195.92537741895126,194.1939494130796,195.83424377441406,1960696.0
2021-07-30T00:00:00,195.1963526361728,195.74312670075878,193.556044347457,194.37620544433594,2946856.0
2021-08-02T00:00:00,195.10522690475307,197.2922952858591,194.64958649993585,195.5608673095703,2256061.0
2021-08-03T00:00:00,195.7431159797894,196.0165029971088,194.28506115744676,195.2874755859375,2192210.0
2021-08-04T00:00:00,196.0165165587042,199.11486588924302,196.0165165587042,198.6592254638672,2364025.0
2021-08-05T00:00:00,198.75036138161437,201.93984439568402,198.65922773348112,199.1148681640625,2583911.0
2021-08-06T00:00:00,199.2060189551983,199.66165942499057,196.38104248046875,196.38104248046875,2413528.0
2021-08-09T00:00:00,196.19877367918022,197.47456133247877,195.28749281109768,197.0189208984375,2603564.0
2021-08-10T00:00:00,197.01893005786977,199.02374527984693,196.6544232557078,198.20359802246094,2273981.0
2021-08-11T00:00:00,198.65922064754557,199.84388850580996,197.9301932036104,199.0237274169922,2075513.0
2021-08-12T00:00:00,199.2971192783849,199.57050631461885,197.65681096602341,198.6592254638672,2089671.0
2021-08-13T00:00:00,198.6592254638672,199.66163996171093,198.38583842763322,198.6592254638672,2410044.0
2021-08-16T00:00:00,197.20117304087165,197.20117304087165,189.45528571127574,190.63995361328125,5581374.0
2021-08-17T00:00:00,190.00204534992324,194.46731567382812,188.63512416035545,194.46731567382812,5031563.0
2021-08-18T00:00:00,194.467330305676,194.9229707364813,189.68310578222057,191.27784729003906,3397288.0
2021-08-19T00:00:00,188.27060273749547,189.0907498253241,184.53434621507535,188.54397583007812,4380054.0
2021-08-20T00:00:00,188.36175399858564,190.82220957899415,185.44565798087766,189.81980895996094,3742244.0
2021-08-23T00:00:00,191.36898594167153,192.64477361926555,188.7262769359227,190.27545166015625,2507586.0
2021-08-24T00:00:00,190.73105790602173,191.55120499385038,187.08593501782272,188.54397583007812,1988369.0
2021-08-25T00:00:00,188.54399138980193,188.54399138980193,185.90128263978238,186.63031005859375,2094957.0
2021-08-26T00:00:00,185.99242668050846,187.26821430597752,184.99001218546687,186.9948272705078,2416960.0
2021-08-27T00:00:00,186.8125868835984,186.8125868835984,185.53679916933746,186.53919982910156,1869455.0
2021-08-30T00:00:00,186.63032725875675,189.637556947854,185.992433422898,188.36175537109375,2382751.0
2021-08-31T00:00:00,188.726271372496,189.5464185831948,187.63272321817442,188.08836364746094,4780338.0
2021-09-01T00:00:00,189.36416143870403,190.36656202023826,188.7262676313564,189.72866821289062,2300992.0
2021-09-02T00:00:00,190.00206927708953,192.4625249471511,190.00206927708953,190.54884338378906,2734416.0
2021-09-03T00:00:00,190.5488462793746,191.5512469501654,187.6327362060547,187.6327362060547,3102299.0
2021-09-06T00:00:00,187.90611356128616,190.18431574778344,187.81499381685188,189.81980895996094,1676371.0
2021-09-07T00:00:00,189.6375298148532,189.7286495469142,185.5367664360076,186.72142028808594,2779757.0
2021-09-08T00:00:00,185.9012887281115,186.17467575724945,182.34729906444377,184.80775451660156,3937654.0
2021-09-09T00:00:00,183.25857989154235,186.17467575724945,182.5295524488551,184.80775451660156,2778245.0
2021-09-10T00:00:00,185.6279239498258,186.35695147990015,184.8077766691444,185.53680419921875,2527880.0
2021-09-13T00:00:00,185.5367833989187,185.8101565251359,182.25616683389183,182.71180725097656,2724152.0
2021-09-14T00:00:00,182.98521143515478,184.6255198714297,182.3473175724488,184.44325256347656,2808044.0
2021-09-15T00:00:00,184.44324168147264,185.0811494115859,181.90988198687555,183.12188720703125,2678546.0
2021-09-16T00:00:00,183.16743532766876,184.94443005357076,182.98518195412208,183.48638916015625,2133866.0
2021-09-17T00:00:00,184.53436802435237,185.126695001673,179.92328925062463,180.2877960205078,4726824.0
2021-09-20T00:00:00,178.17360856344013,178.17360856344013,174.83831782293512,175.60379028320312,4303692.0
2021-09-21T00:00:00,175.51269982036024,177.68153881942177,175.23931278038236,176.5515594482422,2974294.0
2021-09-22T00:00:00,177.38991604592488,178.41054604732258,176.0047653975702,176.78846740722656,2513205.0
2021-09-23T00:00:00,178.5017004385347,180.41538191364648,178.13717974919732,180.25135803222656,3149886.0
2021-09-24T00:00:00,180.2513597440126,180.2513597440126,176.5880067353768,177.3899383544922,2737857.0
2021-09-27T00:00:00,179.23070373933916,179.50409076441974,176.1870291592116,177.2805633544922,2738226.0
2021-09-28T00:00:00,176.970741613162,176.970741613162,171.72176882438194,171.90402221679688,4223148.0
2021-09-29T00:00:00,172.23211909640577,174.32806830028116,171.68534490233554,172.1774444580078,3253131.0
2021-09-30T00:00:00,173.78126086358316,174.52851785886662,171.52128817682424,172.3596649169922,2870189.0
2021-10-01T00:00:00,169.07905263614987,173.14337158203125,164.94184345446135,173.14337158203125,4049009.0
2021-10-04T00:00:00,173.14334722454532,173.16157673345415,169.89918989082884,170.17257690429688,2712196.0
2021-10-05T00:00:00,170.17259636916648,172.4507985669194,169.49824351281626,172.3596649169922,2622536.0
2021-10-06T00:00:00,171.57596226255447,171.57596226255447,167.60277708602763,169.0426025390625,3874241.0
2021-10-07T00:00:00,171.32081228515386,172.99756583413858,170.50066502240182,172.57838439941406,3424362.0
2021-10-08T00:00:00,172.6877279509351,173.01578962619928,170.37308061799104,171.02919006347656,2503569.0
2021-10-11T00:00:00,171.02917147063337,171.28434288369237,169.42532229094476,170.6282196044922,3016988.0
2021-10-12T00:00:00,168.82386991890888,173.69011978339353,168.60517143401586,173.5443115234375,2578494.0
2021-10-13T00:00:00,174.45561194085832,176.29640319128248,172.3961082758649,175.4762420654297,3928275.0
2021-10-14T00:00:00,176.78850214693597,178.97557083828266,176.36930679682197,178.4652557373047,4099457.0
2021-10-15T00:00:00,179.72280889071317,180.57941510756743,178.30121300105807,179.4676513671875,3907518.0
2021-10-18T00:00:00,179.50408965731285,180.7252165078025,176.0412198060804,177.71798706054688,3145713.0
2021-10-19T00:00:00,178.15540459840489,181.1626341578007,178.15540459840489,180.1055450439453,3396002.0
2021-10-20T00:00:00,180.1602222244652,180.1602222244652,177.0071982534794,179.285400390625,3690228.0
2021-10-21T00:00:00,178.64748559028564,179.6499000529316,177.80910890563712,179.1942596435547,2853942.0
2021-10-22T00:00:00,179.97798807251425,181.855224609375,178.7568749336885,181.855224609375,3015237.0
2021-10-25T00:00:00,181.85519892983785,182.12858595792176,180.4518325797352,181.3631134033203,3032218.0
2021-10-26T00:00:00,181.80053678431605,184.71663283894566,181.21731757339015,183.07632446289062,3111780.0
2021-10-27T00:00:00,183.0763298991643,184.35213152066538,182.62068944256603,183.03077697753906,2498076.0
2021-10-28T00:00:00,182.80296325683594,183.0763364164921,181.6547403661051,182.80296325683594,2832103.0
2021-10-29T00:00:00,182.71181940902608,183.12189303068115,178.70218903388758,180.3424835205078,4115934.0
2021-11-01T00:00:00,180.85280675034792,183.12188720703125,180.5247450824483,183.12188720703125,2410915.0
2021-11-02T00:00:00,183.16743691354688,184.62549172462641,181.89164938263318,184.26097106933594,2157876.0
2021-11-03T00:00:00,184.39770081679757,187.3137969970703,183.80535987226125,187.3137969970703,2205348.0
2021-11-04T00:00:00,188.63514328536192,190.5032718815154,188.0428162718453,190.27545166015625,3134789.0
2021-11-05T00:00:00,190.68747223104586,192.28988796407987,189.40554523340123,191.51156616210938,1696763.0
2021-11-08T00:00:00,191.5115940510726,191.55738015878958,189.72604762577637,190.6875,2850742.0
2021-11-09T00:00:00,190.68751305661348,191.5116071641128,188.62726381590576,188.6730499267578,2625881.0
2021-11-10T00:00:00,188.71881921202473,190.55015170715566,188.62724699848494,189.72604370117188,2128678.0
2021-11-11T00:00:00,189.72602959823416,191.74049239874515,189.63447136345832,191.19110107421875,2613719.0
2021-11-12T00:00:00,197.7839100370497,203.23212143117865,195.49474441162087,200.48512268066406,8420128.0
2021-11-15T00:00:00,198.56221546040493,200.30197560257017,196.18147781874586,199.9357147216797,3921894.0
2021-11-16T00:00:00,200.07306482543004,201.4923502307113,198.19594631986178,199.06582641601562,4523529.0
2021-11-17T00:00:00,199.06582905857934,200.43932837767338,197.87547415959725,199.615234375,3107358.0
2021-11-18T00:00:00,199.61522210910002,200.66823260025066,197.6007593592711,197.92123413085938,2812708.0
2021-11-19T00:00:00,198.15018969539364,199.38634483886153,195.7694656028814,197.3260955810547,3513500.0
2021-11-22T00:00:00,197.32604842354112,199.15738065949046,196.91400146484375,196.91400146484375,2923677.0
2021-11-23T00:00:00,196.1814730308298,196.1814730308298,192.88506929543811,193.66339111328125,4116491.0
2021-11-24T00:00:00,193.84656056601816,195.95259593352742,191.2369198912006,193.06825256347656,3746413.0
2021-11-25T00:00:00,194.12125703267253,196.50199501902665,193.57185165983418,195.54054260253906,2928003.0
2021-11-26T00:00:00,189.77181889738736,191.46580694677425,187.84891429927023,188.0320587158203,7083997.0
2021-11-29T00:00:00,189.359769693977,194.80798069577773,189.359769693977,193.98388671875,4686525.0
2021-11-30T00:00:00,192.6103696717073,195.49471229714513,190.1838461241898,192.2440948486328,9783982.0
2021-12-01T00:00:00,193.98389074706964,195.90678139071795,191.23689213732285,195.22003173828125,3185104.0
2021-12-02T00:00:00,192.56461909340342,195.81523714153496,191.8778693919091,194.80799865722656,3268179.0
2021-12-03T00:00:00,196.50197457314093,197.09715202182215,192.6561653073442,193.11399841308594,3273527.0
2021-12-06T00:00:00,194.53328758655368,195.76944258467677,192.3814803312477,195.2658233642578,2837069.0
2021-12-07T00:00:00,197.23450984100535,201.99598564361816,196.959821136358,201.85862731933594,3933649.0
2021-12-08T00:00:00,201.85860958009556,204.42247771650818,199.84414674861327,199.9814910888672,3926284.0
2021-12-09T00:00:00,201.40078734082223,203.09477547904916,200.66825155207658,201.26344299316406,3166708.0
2021-12-10T00:00:00,200.62246993139252,201.67548047220336,199.8899341772836,200.25619506835938,2421246.0
2021-12-13T00:00:00,200.94294758906605,203.3694714359734,199.34053171678966,199.615234375,2582259.0
2021-12-14T00:00:00,200.53091092490314,201.7670659645934,196.86824588517888,197.05137634277344,2729591.0
2021-12-15T00:00:00,197.96702406401164,199.98148685282325,197.64654928622176,199.9357147216797,3499399.0
2021-12-16T00:00:00,202.86587632230663,203.46105384249674,199.02008056640625,199.02008056640625,3750015.0
2021-12-17T00:00:00,198.10437569687778,199.43208881030594,195.99834077284183,198.4248504638672,4523604.0
2021-12-20T00:00:00,195.03692883943256,197.69235561512932,193.20559617427358,195.7236785888672,2510638.0
2021-12-21T00:00:00,197.41766099049437,199.02007702459917,196.27307810899094,197.00559997558594,2655547.0
2021-12-22T00:00:00,198.05859663085818,198.1043827340421,195.76943119123186,197.69232177734375,1874654.0
2021-12-23T00:00:00,198.6995840324358,202.54537963867188,198.3333231068738,202.54537963867188,2259655.0
2021-12-27T00:00:00,202.5453895525012,207.123721205912,202.2706868589047,206.3454132080078,2254792.0
2021-12-28T00:00:00,206.66589022161583,208.81771171021185,206.39118752512024,208.35987854003906,1987598.0
2021-12-29T00:00:00,208.3598577503267,208.63456041941305,206.6658696009261,208.17672729492188,1588626.0
2021-12-30T00:00:00,208.49719790286974,209.45865023934357,208.0851508935118,208.54298400878906,2024865.0
2022-01-03T00:00:00,208.6803429824341,211.9309611231524,208.5887847361354,211.19842529296875,2576064.0
2022-01-04T00:00:00,212.38877712255163,214.1743234587401,211.56468311260545,213.16709899902344,2393464.0
2022-01-05T00:00:00,213.35022742288155,213.5791439759104,208.7718963623047,208.7718963623047,1873142.0
2022-01-07T00:00:00,205.10923743210785,207.35261692212993,204.3767016468873,206.43695068359375,3213989.0
2022-01-10T00:00:00,206.43695329481707,207.35261954493552,199.38632596329649,200.3477783203125,4240729.0
2022-01-11T00:00:00,200.53091299362495,201.81284018196976,198.19596121232118,200.11886596679688,3941527.0
2022-01-12T00:00:00,201.17186946667314,201.81283303815658,198.88270387426232,200.98873901367188,2867838.0
2022-01-13T00:00:00,200.98873950645861,201.76706139856978,197.1887302025229,198.4706573486328,2991926.0
2022-01-14T00:00:00,196.86824296702537,196.86824296702537,190.82484015227763,191.0537567138672,4498520.0
2022-01-17T00:00:00,191.37425749871352,192.88510131123556,189.17666395832526,192.61041259765625,2604992.0
2022-01-18T00:00:00,191.92364754526304,191.96941967923217,185.92603093973148,186.2465057373047,4428238.0
2022-01-19T00:00:00,184.0489147121407,190.59592275615253,183.3163789238699,187.9862823486328,4504618.0
2022-01-20T00:00:00,188.48991071872967,190.96220689859518,185.92604232140448,190.45858764648438,4016601.0
2022-01-21T00:00:00,188.71883808734594,190.5501707656435,185.3766475662772,186.5670166015625,5077013.0
2022-01-24T00:00:00,184.96457413071317,185.33083502535732,175.88116701835466,177.8956298828125,6474171.0
2022-01-25T00:00:00,179.47057399175108,182.63878517008303,178.86623095054995,180.20310974121094,5524922.0
2022-01-26T00:00:00,181.7597816648257,184.55256699865217,180.12989657924052,183.36219787597656,3842255.0
2022-01-27T00:00:00,180.20310295401572,182.93178419672392,179.50718773085916,181.6864776611328,4505339.0
2022-01-28T00:00:00,181.68650617226493,182.18097380020274,178.28022640720496,180.89903259277344,3489529.0
2022-01-31T00:00:00,184.41515837979097,186.01757415409585,183.2705756838589,183.45372009277344,4217037.0
2022-02-01T00:00:00,185.05614262764107,187.61999678262748,184.55252342864117,185.23927307128906,3681170.0
2022-02-02T00:00:00,186.97903554453885,188.90194015639602,186.24649978897622,188.44410705566406,4112500.0
2022-02-03T00:00:00,188.7188262187275,188.7188262187275,183.54530334472656,183.54530334472656,4119339.0
2022-02-04T00:00:00,184.0489258482113,184.8730199274048,181.21035473639563,181.57662963867188,3984094.0
2022-02-07T00:00:00,182.71203422593067,183.31637729377695,180.14817994771843,182.4007110595703,2999409.0
2022-02-08T00:00:00,182.4007103066508,182.49228251847666,179.8551593038206,181.887939453125,3050336.0
2022-02-09T00:00:00,183.5453119956168,187.94051314866192,183.49952588498897,187.0706329345703,3171719.0
2022-02-10T00:00:00,187.48265937966704,187.5284454852624,184.0489110393801,185.69711303710938,2847732.0
2022-02-11T00:00:00,183.40796707942968,185.74291899477433,183.0050716622616,184.41519165039062,2761733.0
2022-02-14T00:00:00,178.55490052789804,179.28743624753204,174.58091276172624,178.51828002929688,6712963.0
2022-02-15T00:00:00,177.21802718428998,184.32360571741387,177.03489674179812,183.63685607910156,3646650.0
2022-02-16T00:00:00,184.23203219666271,184.7814374921783,182.2358866354064,183.49949645996094,3526431.0
2022-02-17T00:00:00,183.49951446661845,184.8272417324104,179.39733349928477,179.9650421142578,3697595.0
2022-02-18T00:00:00,179.92840131543238,180.44117213201415,176.613694271131,177.87730407714844,3836928.0
2022-02-21T00:00:00,177.87731721923615,179.2141960657741,171.3760953544499,172.7312774658203,4296817.0
2022-02-22T00:00:00,167.98814304453407,178.3534781407889,166.65126411877657,177.14480590820312,5309841.0
2022-02-23T00:00:00,177.63923633155778,180.45948980149774,173.86669619595503,174.03150939941406,3699782.0
2022-02-24T00:00:00,163.55629647538132,173.06091635243016,163.00690512410384,171.7057342529297,8044243.0
2022-02-25T00:00:00,173.06090611861387,176.02766953912317,170.14909440474477,175.73464965820312,5328594.0
2022-02-28T00:00:00,171.88887947809022,178.40841908295073,171.33947410763074,177.7308349609375,6783848.0
2022-03-01T00:00:00,177.65757968662248,178.2069710842155,173.88502502441406,173.88502502441406,3326296.0
2022-03-02T00:00:00,172.34668427555727,177.2363381747723,170.80835787452668,176.3389892578125,4231502.0
2022-03-03T00:00:00,175.77129160343665,175.77129160343665,170.2223426412057,170.40548706054688,4447374.0
2022-03-04T00:00:00,168.90383397832875,170.25901636775941,165.4426020565768,166.57803344726562,4834198.0
2022-03-07T00:00:00,159.948567110627,169.34331138222032,159.05121813554805,166.3582305908203,7530832.0
2022-03-08T00:00:00,165.7355966980182,171.68742751866526,165.13125359988243,167.20066833496094,5280527.0
2022-03-09T00:00:00,171.41272162744906,174.48936082979634,168.6291023357817,173.86671447753906,4428372.0
2022-03-10T00:00:00,175.53322571256342,176.26576154193467,171.17465918434078,172.85948181152344,4958290.0
2022-03-11T00:00:00,174.1413902182521,179.04936158119435,173.88500480146803,175.40501403808594,4339090.0
2022-03-14T00:00:00,177.51106378894355,181.97951966078898,174.91057493354037,179.7269744873047,4267558.0
2022-03-15T00:00:00,179.01274893508483,180.12986285949518,175.9544270635814,178.79298400878906,3230814.0
2022-03-16T00:00:00,184.04891496546128,187.20796071152162,183.13324872185203,186.79591369628906,5516984.0
2022-03-17T00:00:00,188.62725830078125,189.8176272883333,185.971831612515,188.62725830078125,5420477.0
2022-03-18T00:00:00,189.72607080767642,191.55740356445312,188.44414346671675,191.55740356445312,6320174.0
2022-03-21T00:00:00,190.96221372267073,191.6031773519173,188.9019645038329,190.9164276123047,2621907.0
2022-03-22T00:00:00,191.37427308316748,192.56464216946438,189.77185692098786,191.55740356445312,2638376.0
2022-03-23T00:00:00,192.33569114258955,193.11399904170952,187.80314617538346,189.26820373535156,2219217.0
2022-03-24T00:00:00,189.26822259271637,189.6802696358872,185.42242690319017,185.97183227539062,2465381.0
2022-03-25T00:00:00,185.97183521397528,188.30677315282463,184.64410787217093,185.60556030273438,2481278.0
2022-03-28T00:00:00,186.4296496679951,189.08507614124397,186.10916089931158,188.48989868164062,2305675.0
2022-03-29T00:00:00,191.37424102871478,194.21281191505298,189.72603902929123,192.335693359375,3107040.0
2022-03-30T00:00:00,192.47305756103475,193.02246294150854,187.71159549411254,190.9164276123047,2749943.0
2022-03-31T00:00:00,191.46581395378257,192.5188245276955,188.3525403939412,188.76458740234375,3003781.0
2022-04-01T00:00:00,187.9862816047848,191.92364922569706,186.5669961403683,191.69473266601562,2906880.0
2022-04-04T00:00:00,192.51882096440468,193.9838924915613,190.09231109275646,193.11399841308594,2738671.0
2022-04-05T00:00:00,193.11401235505886,194.9453449102399,191.64895469408916,192.5646209716797,2837239.0
2022-04-06T00:00:00,191.83206190205698,192.42723932156224,188.03205289946246,190.5043487548828,3897493.0
2022-04-07T00:00:00,190.77906642728988,193.70919559682065,189.7718279759084,191.69473266601562,2811276.0
2022-04-08T00:00:00,193.80076075119985,193.80076075119985,190.6875010172526,192.2899169921875,2843315.0
2022-04-11T00:00:00,192.28992317093088,192.93088678710888,188.90196065231103,189.817626953125,3409129.0
2022-04-12T00:00:00,187.98627531016223,190.36699906795707,185.78866802763142,188.99349975585938,2815953.0
2022-04-13T00:00:00,188.99350087444873,190.59591674804688,187.62000155422174,190.59591674804688,2575875.0
2022-04-14T00:00:00,190.5959083222084,190.779052734375,188.81036207924006,190.779052734375,1183947.0
2022-04-19T00:00:00,192.0152132920429,192.0152132920429,189.2682144925231,190.6875,2864056.0
2022-04-20T00:00:00,190.96217486538583,194.21279243250322,190.3212113665635,191.51156616210938,2554063.0
2022-04-21T00:00:00,191.74050555908872,193.25136324213932,186.70434122616945,187.9862823486328,3835054.0
2022-04-22T00:00:00,185.78866926091018,187.16216858212525,181.30191040039062,181.30191040039062,3512784.0
2022-04-25T00:00:00,178.51830285598248,179.0493769993686,174.01321249436367,174.65419006347656,4056302.0
2022-04-26T00:00:00,176.65034390577654,177.3096247706789,172.01707458496094,172.01707458496094,3642188.0
2022-04-27T00:00:00,172.01709057361873,174.7824070155479,170.03924779507494,173.00601196289062,3156112.0
2022-04-28T00:00:00,174.70912900691332,176.10094566457028,171.2845320900332,172.31007385253906,3452424.0
2022-04-29T00:00:00,174.1047805257155,177.76744553222846,172.45657847839303,175.02044677734375,4018646.0
2022-05-02T00:00:00,173.90331657390053,173.90331657390053,166.65124221565623,170.4237823486328,3618868.0
2022-05-03T00:00:00,171.50429707161982,171.9621302117085,167.40211604857345,167.47535705566406,3615499.0
2022-05-04T00:00:00,167.56843991772553,168.31319138057262,164.42187244479672,165.83689880371094,3848414.0
2022-05-05T00:00:00,169.41168923708724,169.69097281202846,163.8446972510574,164.27293395996094,3345991.0
2022-05-06T00:00:00,162.9137787480923,164.2915598709747,159.39484226352985,160.86572265625,4979956.0
2022-05-09T00:00:00,160.12096126925294,160.4560987331309,156.24826484331942,156.82545471191406,5138280.0
2022-05-10T00:00:00,158.3894181001802,161.33117866813276,157.42125110823477,157.9239501953125,4809237.0
2022-05-11T00:00:00,159.05972476215058,161.16363499823376,156.62067699948324,161.12640380859375,5588106.0
2022-05-12T00:00:00,158.29630975110794,160.60504065429814,156.54616018863115,159.8230438232422,4836354.0
2022-05-13T00:00:00,161.05191718030204,164.01228664304128,159.934796896343,163.77024841308594,3368288.0
2022-05-16T00:00:00,163.84472377232143,164.5149987786955,161.46153006297138,162.91378784179688,3290359.0
2022-05-17T00:00:00,164.70116464092644,167.69877913721746,163.47233673711057,165.50177001953125,3319141.0
2022-05-18T00:00:00,166.17203970222283,167.40088177217973,162.504150390625,162.504150390625,3272494.0
2022-05-19T00:00:00,160.6422896386207,161.8711317915087,158.76179522508934,161.10775756835938,3474454.0
2022-05-20T00:00:00,162.00146454175987,165.16664082690195,160.99605209466728,162.783447265625,4536590.0
2022-05-23T00:00:00,164.9432100866218,166.2651515180407,162.96963059428745,164.701171875,3362244.0
2022-05-24T00:00:00,163.84471942473917,165.78106781344428,163.24892101321103,164.25433349609375,2682958.0
2022-05-25T00:00:00,166.04170602491274,166.82368866968037,162.35519409179688,162.35519409179688,1821651.0
2022-05-27T00:00:00,166.52581902079342,170.75226177395334,165.66935969387416,170.11923217773438,3424567.0
2022-05-30T00:00:00,171.29219433914497,174.4946158974085,170.91982568560653,173.433349609375,2622560.0
2022-05-31T00:00:00,173.17270586432647,173.8615893621045,170.15646833406228,170.37989807128906,10201654.0
2022-06-01T00:00:00,171.29221272336844,172.5396634720559,168.49940490722656,168.49940490722656,3730793.0
2022-06-02T00:00:00,168.7972893773163,171.42252099810995,168.03391518800154,171.2921905517578,3023144.0
2022-06-03T00:00:00,173.0423597626037,173.47058229739184,170.7708740234375,170.7708740234375,3042846.0
2022-06-07T00:00:00,171.2177379127324,174.08502233819135,171.06878475180991,173.30303955078125,3081398.0
2022-06-08T00:00:00,173.56367212116373,173.91743226931453,170.7150108575047,172.2417449951172,2952282.0
2022-06-09T00:00:00,171.0687610739629,171.16186033789228,167.12160229053546,167.38226318359375,4113128.0
2022-06-10T00:00:00,166.84231519956384,167.32640579291348,163.37923288743397,164.06813049316406,3309285.0
2022-06-13T00:00:00,162.91378977112956,163.06274293096666,160.26993510631874,162.20628356933594,3511857.0
2022-06-14T00:00:00,163.00688944230194,164.32881677791093,159.07833862304688,159.07833862304688,5499677.0
2022-06-15T00:00:00,161.08914828892668,164.01228656291985,158.91076160552743,163.34202575683594,4147786.0
2022-06-16T00:00:00,163.21168227035292,163.21168227035292,155.61524222137322,156.8068389892578,5065442.0
2022-06-17T00:00:00,157.42126915602412,160.10235493607084,155.4290668629896,155.68972778320312,6292605.0
2022-06-20T00:00:00,156.4903368338744,157.7936414648766,153.88371336691495,155.48492431640625,2572551.0
2022-06-21T00:00:00,156.67648394426877,158.50110999402594,155.50349585018742,155.57797241210938,3545603.0
2022-06-22T00:00:00,154.53534541950623,156.24826391135295,151.38877781658425,155.615234375,3190854.0
2022-06-23T00:00:00,155.0008156909734,155.0008156909734,152.31971595505794,154.16297912597656,2457999.0
2022-06-27T00:00:00,157.79363842353587,160.67954545721668,157.34679315936984,160.45611572265625,3284129.0
2022-06-28T00:00:00,161.10774870712913,162.05730720895562,158.2590874066028,158.7059326171875,2323089.0
2022-06-29T00:00:00,157.3281417441579,159.17139055170284,155.85726155461825,157.79360961914062,3007403.0
2022-06-30T00:00:00,156.63926539303912,156.97440287662096,154.70291706622788,156.56478881835938,4248019.0
2022-07-01T00:00:00,155.89450371458258,159.56237856141345,154.68428442367147,158.03564453125,2266611.0
2022-07-04T00:00:00,159.50656415811608,160.90296809969982,158.8549118263681,159.6182861328125,2107604.0
2022-07-05T00:00:00,161.05189629693155,162.26211569969104,157.92395138446932,158.35218811035156,3362200.0
2022-07-06T00:00:00,160.23267745643673,163.49095300260845,159.89753997491803,163.13720703125,3001029.0
2022-07-07T00:00:00,165.01769758467609,166.0789639750486,163.56543980889842,166.04173278808594,3530698.0
2022-07-08T00:00:00,166.04170824664047,167.79187207925986,164.34739828868715,167.51258850097656,2560556.0
2022-07-11T00:00:00,165.7066109789725,166.60031580521962,165.01771321280373,165.68798828125,2078659.0
2022-07-12T00:00:00,164.775640957588,168.5924835205078,163.62127542127703,168.5924835205078,2883577.0
2022-07-13T00:00:00,168.23872174802582,168.23872174802582,164.10536445356644,165.3900604248047,3091214.0
2022-07-14T00:00:00,165.39005738280292,165.9300018505668,162.3551975883009,164.85011291503906,3644357.0
2022-07-15T00:00:00,164.85011482394157,164.9431998819045,159.05969295340063,161.44288635253906,3719637.0
2022-07-18T00:00:00,162.85791489711363,164.5149795231004,161.72217205840988,163.9005584716797,3590559.0
2022-07-19T00:00:00,163.82609145366587,164.86874929398016,160.86572218685947,164.77565002441406,4038961.0
2022-07-20T00:00:00,166.45132065769772,167.38225643967036,162.78343140393312,163.91917419433594,3095959.0
2022-07-21T00:00:00,164.31018083039643,169.56065856182113,163.49095272033097,169.39309692382812,4118196.0
2022-07-22T00:00:00,169.87715455031434,172.40930096945576,167.82909870673151,170.41709899902344,2960236.0
2022-07-25T00:00:00,170.34262767460913,170.95704870807543,169.02070055121226,169.89578247070312,2658902.0
2022-07-26T00:00:00,169.8957839698768,170.36125187116411,166.46994703477947,166.84231567382812,2185834.0
2022-07-27T00:00:00,167.2146759033203,168.44351791929543,166.6747314603875,167.2146759033203,2130899.0
2022-07-28T00:00:00,168.38768146478654,169.67236328125,166.65614021177132,169.67236328125,2733351.0
2022-07-29T00:00:00,171.0129177566526,176.35649480418937,170.10060457461847,175.7606964111328,3123170.0
2022-08-01T00:00:00,175.94687673155866,176.82195870873045,171.98109509996405,173.58230590820312,2166681.0
2022-08-02T00:00:00,171.60868898439276,172.27896384609747,169.78406290915922,170.0819549560547,2059991.0
2022-08-03T00:00:00,169.89578657143986,172.94925491424536,169.8399326952226,172.0741729736328,2122185.0
2022-08-04T00:00:00,172.390696305655,174.1967141528111,171.94385106876663,172.13003540039062,2088063.0
2022-08-05T00:00:00,172.13003499270476,172.98650848506375,168.79729711115306,168.92762756347656,1904784.0
2022-08-08T00:00:00,170.47294693231888,173.00509326323174,170.1192010130405,172.85614013671875,2050995.0
2022-08-09T00:00:00,172.85617685111606,173.13546047140935,167.79189731859682,168.033935546875,3317232.0
2022-08-10T00:00:00,167.56845549670015,172.05557317893414,166.7492273909088,171.73904418945312,2897573.0
2022-08-11T00:00:00,172.18591929685215,172.85618011126047,170.3799012838423,170.9570770263672,1953718.0
2022-08-12T00:00:00,171.3294119656453,172.80029217915614,170.73361364415567,170.80809020996094,1700925.0
2022-08-15T00:00:00,170.90120548135903,173.78709810071146,170.67777576300858,172.40931701660156,2333484.0
2022-08-16T00:00:00,173.04234961198347,174.53183835663728,172.167267694461,173.7684783935547,2295332.0
2022-08-17T00:00:00,173.8988287468025,174.45738176314185,170.8639686253696,171.64596557617188,2852008.0
2022-08-18T00:00:00,171.106004953192,173.5636749267578,170.88257524470305,173.5636749267578,1505257.0
2022-08-19T00:00:00,172.2231371152116,173.11684180663795,170.6591716614082,170.6777801513672,2666338.0
2022-08-22T00:00:00,170.3612493623837,170.6405329400339,167.6615412566549,167.86634826660156,2293594.0
2022-08-23T00:00:00,167.66156605472895,168.46217151976535,163.84472307386713,164.47775268554688,2302376.0
2022-08-24T00:00:00,163.50955617907277,166.30236345669638,162.55999772729407,164.8687286376953,2952993.0
2022-08-25T00:00:00,165.70659312091738,167.08437429981632,164.32881194201843,166.71200561523438,2244345.0
2022-08-26T00:00:00,167.56844515375363,168.25734276427997,162.03868419088727,162.18763732910156,2386834.0
2022-08-29T00:00:00,160.51196701955132,162.67174513731487,159.3017475021807,161.4801483154297,2511222.0
2022-08-30T00:00:00,161.81527592484878,164.6825458364555,160.75399542132655,161.3870391845703,1993964.0
2022-08-31T00:00:00,162.15038259008747,162.29933571971094,156.86267433302493,157.04885864257812,5243126.0
2022-09-01T00:00:00,156.02485609903707,156.86269269256474,154.46087646484375,154.46087646484375,2977006.0
2022-09-02T00:00:00,156.39724368509388,159.41348135566187,155.33597724257183,159.37623596191406,2354079.0
2022-09-05T00:00:00,155.35458228548603,158.44528198242188,154.53535417559638,158.44528198242188,2227890.0
2022-09-06T00:00:00,158.4452769874413,160.00925658383952,156.82545771843843,158.1846160888672,2185038.0
2022-09-07T00:00:00,156.19241750539257,157.70052905349962,154.98219804600672,157.1605987548828,2342843.0
2022-09-08T00:00:00,157.9611927709666,159.39484197613928,155.26148440999035,158.91075134277344,1972558.0
2022-09-09T00:00:00,159.0038454286108,162.41107403610584,158.98522273429313,161.3498077392578,2042205.0
2022-09-12T00:00:00,162.1131798782199,164.7570344710282,161.66633461583305,164.3660430908203,2391673.0
2022-09-13T00:00:00,165.44589563556315,166.09754779203746,161.33116149902344,161.33116149902344,2709292.0
2022-09-14T00:00:00,160.1581797740604,161.20083747078633,158.91072928140932,159.35757446289062,2367184.0
2022-09-15T00:00:00,159.74860416234938,161.90836803727925,159.74860416234938,160.54920959472656,2069855.0
2022-09-16T00:00:00,158.89210529311637,160.1768011599681,157.84946180984662,158.11012268066406,4615154.0
2022-09-19T00:00:00,157.84948389361412,158.46390497719463,155.07529897753645,157.66329956054688,2571845.0
2022-09-20T00:00:00,158.2404669138169,158.89211914768117,153.697509765625,153.697509765625,2576496.0
2022-09-21T00:00:00,153.6044197454284,155.82005167885688,152.28249250433498,155.35458374023438,2275042.0
2022-09-22T00:00:00,153.32513932970284,154.66568929360542,150.830237945182,150.84884643554688,3205294.0
2022-09-23T00:00:00,151.29569614499468,152.11491002185255,147.92569875705908,149.5455322265625,4354584.0
2022-09-26T00:00:00,148.87528183304866,151.51913663575837,148.16777559435275,148.46566772460938,3676549.0
2022-09-27T00:00:00,149.8434244461185,151.40738968644655,148.68905900329142,149.9737548828125,3069207.0
2022-09-28T00:00:00,148.94973357146574,153.32512915413685,147.27404622779605,152.63624572753906,3650032.0
2022-09-29T00:00:00,152.69210792335545,152.74796180369506,147.27405425114532,148.00018310546875,3613819.0
2022-09-30T00:00:00,148.9497339599654,152.74795388053894,148.13050587760046,152.28248596191406,4029776.0
2022-10-03T00:00:00,151.5191242799384,154.12574768066406,148.48427831345955,154.12574768066406,3694335.0
2022-10-04T00:00:00,157.32815967057013,159.54379155352788,155.72694886178695,159.1155548095703,3559439.0
2022-10-05T00:00:00,158.89214467353307,159.6741416847505,156.30414381117447,157.3468017578125,2874996.0
2022-10-06T00:00:00,158.72455238078263,159.5251577293178,157.0116339343664,157.77499389648438,2456916.0
2022-10-07T00:00:00,157.68192577711739,157.73777965778964,152.28249476784876,152.37557983398438,2509702.0
2022-10-10T00:00:00,150.9605501938564,152.35695387033024,149.69447695898864,149.9178924560547,2671309.0
2022-10-11T00:00:00,148.94972485391727,150.90469567460602,148.5028796567423,150.2344207763672,2880699.0
2022-10-12T00:00:00,150.81159137513794,151.91008874085136,149.35933387913266,149.9737548828125,2288592.0
2022-10-13T00:00:00,149.52690473627231,153.6044081154679,147.5719480650473,152.84103393554688,3518037.0
2022-10-14T00:00:00,155.14976496387894,155.59661017373705,152.54314186395916,152.84103393554688,2651819.0
2022-10-17T00:00:00,153.2320269565589,158.85487251985788,151.8170006684958,158.03564453125,3608278.0
2022-10-18T00:00:00,159.19005483495775,163.1372285598543,158.9107711960105,161.90838623046875,4324857.0
2022-10-19T00:00:00,163.00689478472,163.49097126379627,159.37623596191406,159.37623596191406,5030438.0
2022-10-20T00:00:00,158.25911407710717,160.6423078751225,156.49034142528643,159.3017578125,3158661.0
2022-10-21T00:00:00,158.07290609994553,159.35758788049097,156.41584146601824,159.24588012695312,3435674.0
2022-10-24T00:00:00,160.80985053878183,163.84469604492188,159.3762014936153,163.84469604492188,3243132.0
2022-10-25T00:00:00,164.81288203459135,169.50480682711566,163.56543136390243,168.7228240966797,3620742.0
2022-10-26T00:00:00,168.9089953891376,169.07655701631202,166.02308870042867,168.4807586669922,2534596.0
2022-10-27T00:00:00,167.56846104684578,169.35585626008427,166.8050867948098,167.69879150390625,2185586.0
2022-10-28T00:00:00,166.32099796524005,169.31861245924568,165.55762377007994,169.0207061767578,1960161.0
2022-10-31T00:00:00,169.4303446349274,169.61652898584282,167.28918908701138,167.9036102294922,2679193.0
2022-11-01T00:00:00,168.7600524251348,170.84535387595392,167.17746429605387,167.79188537597656,3172680.0
2022-11-02T00:00:00,168.05252633982238,168.797277784236,166.1161782663279,167.1774444580078,2310576.0
2022-11-03T00:00:00,165.70656139906717,166.89815800756318,164.81285684021913,165.8555145263672,3063955.0
2022-11-04T00:00:00,166.79171732546706,169.2632598876953,165.78062978385532,169.2632598876953,1649155.0
2022-11-07T00:00:00,168.51430302659082,170.55519161749277,167.87770029424382,169.31942749023438,1999335.0
2022-11-08T00:00:00,169.31941411636166,173.32630830680552,168.58918667040163,172.5586395263672,2806520.0
2022-11-09T00:00:00,172.071845304399,172.52121281911343,170.6301036955339,172.40887451171875,2456779.0
2022-11-10T00:00:00,171.3228802136136,181.45246938693356,169.46922682097622,181.19032287597656,4081162.0
2022-11-11T00:00:00,182.5571667408962,183.49335733956747,178.58771345988148,180.83457946777344,3901220.0
2022-11-14T00:00:00,180.96563841052964,181.77076286489418,178.70005896572104,179.87965393066406,2261620.0
2022-11-15T00:00:00,180.49754143826655,181.90182726747744,177.95110199182008,179.52389526367188,2769777.0
2022-11-16T00:00:00,179.39284480256927,180.68479244935725,176.6966254892378,177.25833129882812,2091480.0
2022-11-17T00:00:00,177.46428445210415,180.12306227675867,176.26596164986168,177.445556640625,2129863.0
2022-11-18T00:00:00,177.87619135580178,180.85327022794553,177.4642652586197,179.26174926757812,2680939.0
2022-11-21T00:00:00,178.99965521619112,179.65498583537337,177.20217082423287,178.5690155029297,1842319.0
2022-11-22T00:00:00,178.56899439325738,180.53498601839294,177.98854652619738,179.823486328125,2025741.0
2022-11-23T00:00:00,180.4975518262014,181.37757328210841,179.74859648382514,180.77841186523438,2424392.0
2022-11-24T00:00:00,181.0030923101026,183.41846584083598,180.5537248091931,181.227783203125,1897641.0
2022-11-25T00:00:00,181.71460362457535,183.06270610724195,181.2839496573084,182.7818603515625,2046348.0
2022-11-28T00:00:00,182.5010098583327,182.5010098583327,180.3664962926908,180.94692993164062,2211072.0
2022-11-29T00:00:00,181.34012571792138,182.18270587246923,179.13071521653723,179.2056121826172,2161822.0
2022-11-30T00:00:00,180.68479919433594,183.39974642154363,179.76733633816133,180.68479919433594,6997577.0
2022-12-01T00:00:00,183.49334430530922,185.627857575846,180.4413683130834,181.5460662841797,4243629.0
2022-12-02T00:00:00,181.3214073296227,182.31378146791087,179.24307712470525,180.87203979492188,2411952.0
2022-12-05T00:00:00,181.15288200862227,183.24995410578927,180.0107283280827,182.83802795410156,2542083.0
2022-12-06T00:00:00,182.42608820058416,183.30610958900465,180.12305319928936,180.310302734375,3370401.0
2022-12-07T00:00:00,180.14180064124557,180.23542541899138,178.13835324964978,179.11199951171875,2319216.0
2022-12-08T00:00:00,178.41921837307675,180.19797491976243,177.27706462073806,178.26942443847656,2768205.0
2022-12-09T00:00:00,179.28049212153834,181.99543902969071,179.1494260146303,181.52734375,2809660.0
2022-12-12T00:00:00,180.06690332735758,181.62098321006175,179.91710939730854,181.5835418701172,2530904.0
2022-12-13T00:00:00,182.20140736283597,187.98707261534096,180.9843710285642,184.59805297851562,3952316.0
2022-12-14T00:00:00,184.5980479757106,186.84491389336884,182.76312247568075,185.4406280517578,2826842.0
2022-12-15T00:00:00,183.56824187149823,183.8303740785653,180.46008243751146,180.51626586914062,3688777.0
2022-12-16T00:00:00,179.95453704483313,182.01415326482476,177.14596557617188,177.14596557617188,4475312.0
2022-12-19T00:00:00,177.7451490186992,178.6064426619649,175.928936957518,176.86512756347656,2532101.0
2022-12-20T00:00:00,175.40467535709257,176.7715199494858,174.74934477928838,175.92893981933594,2402600.0
2022-12-21T00:00:00,176.8651249621213,178.6251678466797,176.35958832779858,178.6251678466797,2806549.0
2022-12-22T00:00:00,178.9247432779256,179.89838950365356,175.92893620863748,176.3034210205078,1779418.0
2022-12-23T00:00:00,176.30343027053584,178.56900993196254,176.15363633792856,177.35195922851562,1690342.0
2022-12-27T00:00:00,178.47539603403746,179.86095428229015,178.08219765082262,178.75625610351562,1634233.0
2022-12-28T00:00:00,178.75622678134093,179.261763395367,177.16470569554426,177.6702423095703,1707065.0
2022-12-29T00:00:00,177.67026387509017,179.6737113337106,176.49066877576126,179.6549835205078,1752810.0
2022-12-30T00:00:00,179.31795082679017,179.31795082679017,176.28470226308667,176.52810668945312,2855446.0
2023-01-02T00:00:00,177.8762040426099,178.34429931640625,176.13488905268215,178.34429931640625,1790984.0
2023-01-03T00:00:00,178.34431562522377,182.0703503455349,177.87622030862215,180.1417999267578,2231197.0
2023-01-04T00:00:00,180.8720067245468,182.66949081983708,180.5724331845653,182.42608642578125,2045968.0
2023-01-05T00:00:00,182.4261046153068,182.83803077334616,181.6209801114486,181.6958770751953,971154.0
2023-01-09T00:00:00,182.74438051986854,186.24573808992216,182.74438051986854,186.20828247070312,4110848.0
2023-01-10T00:00:00,185.34700307545785,185.40317222343833,183.30611451145077,184.82273864746094,2488937.0
2023-01-11T00:00:00,186.41425995514618,192.5275831763236,186.0585172558192,191.310546875,4206091.0
2023-01-12T00:00:00,190.98286811848135,194.68081785492518,190.65519571893043,193.69781494140625,3888026.0
2023-01-13T00:00:00,193.41697895051448,194.82126481621967,191.73183305464136,192.9956817626953,2528402.0
2023-01-16T00:00:00,193.74463898210098,194.9148772150022,192.05949306969626,194.0723114013672,1602869.0
2023-01-17T00:00:00,193.51057491225419,194.21271779240396,192.0594767695846,192.48077392578125,2151218.0
2023-01-18T00:00:00,192.85527792250176,193.5574209246468,190.42117646767795,191.54461669921875,2645768.0
2023-01-19T00:00:00,190.4679789940118,190.70202664927234,187.75303190704346,188.12750244140625,3303935.0
2023-01-20T00:00:00,190.04668955547797,191.35735066594464,187.56579020883228,189.43817138671875,3510748.0
2023-01-23T00:00:00,190.98290578732795,192.9489120021345,189.76585500126373,192.902099609375,2387178.0
2023-01-24T00:00:00,193.1829248051931,193.27653528867583,190.88924654028773,191.2169189453125,2264327.0
2023-01-25T00:00:00,190.98289088991214,190.98289088991214,188.59560189676114,189.81265258789062,2091951.0
2023-01-26T00:00:00,190.4211785234777,192.85528000458024,189.95308318366077,191.12332153320312,3666833.0
2023-01-27T00:00:00,191.73185028349775,192.34036849926377,190.1403290163794,190.98289489746094,2333211.0
2023-01-30T00:00:00,190.74884639496167,191.0765188390196,189.25093562946228,189.90628051757812,1935761.0
2023-01-31T00:00:00,189.90626668119037,190.5615972364237,188.4551684113014,189.43817138671875,2610442.0
2023-02-01T00:00:00,189.57860261810913,190.98288856342847,188.54878721082082,189.20413208007812,2645576.0
2023-02-02T00:00:00,190.88925343597887,197.6298370361328,190.42115814625345,197.6298370361328,5664509.0
2023-02-03T00:00:00,196.22554095673908,196.88087147122891,193.88506462989406,196.78724670410156,2594966.0
2023-02-06T00:00:00,195.66383542046395,195.66383542046395,192.29354354605752,193.13612365722656,2548269.0
2023-02-07T00:00:00,193.13613333977057,193.3701810015286,191.2169396563274,191.91908264160156,2594298.0
2023-02-08T00:00:00,193.41697960414902,193.88507489429932,191.96588134765625,191.96588134765625,3107579.0
2023-02-09T00:00:00,192.57440313130792,193.74464137868478,191.12330484753363,191.59140014648438,2460843.0
2023-02-10T00:00:00,190.889255371473,190.889255371473,187.89344834388157,189.43817138671875,2352675.0
2023-02-13T00:00:00,190.18712880029628,191.6850395855934,190.04670591392164,191.54461669921875,2206902.0
2023-02-14T00:00:00,191.91906644208765,192.76163223924306,189.9062624349195,190.8424530029297,2874891.0
2023-02-15T00:00:00,190.6552248420132,192.1063232421875,189.34456361387024,192.1063232421875,2475378.0
2023-02-16T00:00:00,192.85527328863378,194.25955925918208,189.9530765687797,191.91908264160156,3352561.0
2023-02-17T00:00:00,190.93605874458575,191.73182642167626,189.20411480788005,190.70201110839844,2650495.0
2023-02-20T00:00:00,191.82545993663354,191.82545993663354,189.62542046340502,189.90628051757812,1434428.0
2023-02-21T00:00:00,189.25092295903116,190.09350306513937,187.6594018054509,187.9402618408203,1890367.0
2023-02-22T00:00:00,187.5189993647137,188.0339071048125,185.2159639658792,187.61260986328125,2712743.0
2023-02-23T00:00:00,187.79985130342854,189.9998907738976,187.79985130342854,188.87646484375,2210787.0
2023-02-24T00:00:00,189.48498906116254,190.65522741822292,186.3955712266321,187.5189971923828,2534644.0
2023-02-27T00:00:00,187.94027813314804,190.7488501600444,187.94027813314804,190.0467071533203,1392629.0
2023-02-28T00:00:00,189.5786011757853,190.60841657523875,188.5487857763319,189.67222595214844,2967120.0
2023-03-01T00:00:00,190.18711370783734,191.6382119874778,188.0806848685597,188.45516967773438,2344426.0
2023-03-02T00:00:00,187.70622664181514,189.57860795495046,187.0883373800479,189.39137268066406,1504959.0
2023-03-03T00:00:00,190.09348527624527,192.66800917012782,190.09348527624527,192.48077392578125,1934497.0
2023-03-06T00:00:00,193.22973948116382,194.91488546489333,193.0425042130017,193.3233642578125,1970775.0
2023-03-07T00:00:00,193.04251687272927,194.6340381841821,190.79566493716487,191.17013549804688,2183187.0
2023-03-08T00:00:00,190.37435298881664,191.5445911697532,190.18710345175955,190.70201110839844,3019438.0
2023-03-09T00:00:00,190.56161363918852,192.0595101393497,188.9700923580203,191.54461669921875,2319953.0
2023-03-10T00:00:00,188.17429877736242,189.0636769344575,186.20829292682893,187.56578063964844,3615124.0
2023-03-13T00:00:00,187.7998212532157,188.36152698584198,181.80819344260104,184.6542205810547,4679370.0
2023-03-14T00:00:00,183.9801797753242,188.82964020177425,183.5869814395419,188.45516967773438,3967532.0
2023-03-15T00:00:00,188.54877052491216,188.6423952937021,181.0218048095703,181.0218048095703,4279958.0
2023-03-16T00:00:00,183.5495393106579,185.34702367144342,180.51629070157927,184.8040313720703,4226647.0
2023-03-17T00:00:00,185.08487960148983,185.9649010550983,178.49410403309003,179.13070678710938,7937215.0
2023-03-20T00:00:00,176.54680737543046,182.98780262940278,175.6855138239326,182.18267822265625,3237377.0
2023-03-21T00:00:00,184.12999143321653,186.54536530316014,183.39976378476118,186.13345336914062,3067296.0
2023-03-22T00:00:00,186.43300325634394,187.10706165915266,185.38447431203502,186.05853271484375,2032366.0
2023-03-23T00:00:00,186.00234221649183,186.00234221649183,183.02526295470713,185.3095703125,2141142.0
2023-03-24T00:00:00,187.33173649664698,188.8296328193803,183.1375925086716,183.99888610839844,3196555.0
2023-03-27T00:00:00,185.92745756413444,188.50198169599608,185.75893582905158,187.21939086914062,2784494.0
2023-03-28T00:00:00,187.65939589459094,188.73602361540645,185.21593794856983,186.00233459472656,3048475.0
2023-03-29T00:00:00,188.08068704559736,188.6424071232939,187.33174598884858,188.5487823486328,2662076.0
2023-03-30T00:00:00,189.57859607505014,191.82544779595975,189.39136081249683,191.59140014648438,2717296.0
2023-03-31T00:00:00,191.59142403779174,193.65105503811733,191.076530572847,192.902099609375,2866728.0
2023-04-03T00:00:00,193.18294282132553,193.55741336044755,191.9190797528017,192.8552703857422,2386143.0
2023-04-04T00:00:00,193.55741135130785,195.47660498594158,193.46378657493148,194.86807250976562,2482928.0
2023-04-05T00:00:00,194.86805348095146,195.05530301541933,193.5105800668624,194.72763061523438,2508815.0
2023-04-06T00:00:00,195.52341247011557,196.22555541992188,194.72764474628113,196.22555541992188,1392420.0
2023-04-11T00:00:00,197.02131208034626,198.28517512471845,196.9744996925667,197.9106903076172,2760185.0
2023-04-12T00:00:00,198.47240427066396,200.29797305669265,196.78725835850875,197.1617431640625,3317173.0
2023-04-13T00:00:00,198.0979259895193,198.3787717262638,195.80424771512236,197.4425811767578,2646477.0
2023-04-14T00:00:00,197.86388326501532,199.0809195814843,197.81707087935087,198.09793090820312,2490949.0
2023-04-17T00:00:00,198.8468775186575,198.8468775186575,195.24255228349577,195.7106475830078,2714894.0
2023-04-18T00:00:00,196.13191618961173,197.4425772185914,195.28935042600108,196.78724670410156,1883714.0
2023-04-19T00:00:00,196.74044187975153,197.0681142921533,195.4297808004133,195.9915008544922,2325928.0
2023-04-20T00:00:00,195.9915044579696,196.60002262346458,194.91487671537936,195.6170196533203,2343419.0
2023-04-21T00:00:00,195.66382703652295,197.02130049147195,194.86805934648336,196.4595947265625,3909974.0
2023-04-24T00:00:00,196.69361345139365,203.24694640789716,196.27231633322697,202.6852264404297,2826448.0
2023-04-25T00:00:00,202.21717956909544,205.30661155842816,202.07675668622667,204.83851623535156,3673186.0
2023-04-26T00:00:00,205.9619352040122,205.9619352040122,203.29378623845162,204.60446166992188,3636568.0
2023-04-27T00:00:00,204.65128493865686,206.570464372444,203.99594004551054,206.00875854492188,4559993.0
2023-04-28T00:00:00,206.71087928423213,207.78749271823676,204.3704028754096,205.77468872070312,3978401.0
2023-05-02T00:00:00,206.43003967006442,206.47685205989657,203.57465531193208,204.93212890625,3429817.0
2023-05-03T00:00:00,205.07256257521323,207.3194143974459,203.57465183696775,205.82151794433594,2957138.0
2023-05-04T00:00:00,204.68097323157298,206.86701328981792,203.54041293687368,206.39178466796875,2514870.0
2023-05-05T00:00:00,207.38976959291415,207.57985814284694,204.72848638537474,207.10462951660156,2462259.0
2023-05-08T00:00:00,207.19965777863453,207.722412109375,205.8690235756816,207.722412109375,2152672.0
2023-05-09T00:00:00,207.72241416361072,207.76993992193442,203.58791973747836,204.96607971191406,2743203.0
2023-05-10T00:00:00,206.0115773802435,207.2947002723229,202.78002902638906,204.5858917236328,2803674.0
2023-05-11T00:00:00,204.68095595551858,206.6293815383825,203.73049879204336,205.393798828125,2885007.0
2023-05-12T00:00:00,206.20168583927796,206.81949171857616,203.54040278903977,204.49085998535156,2302144.0
2023-05-15T00:00:00,204.4908717101233,205.7264690367385,203.87308029822904,205.0136260986328,2637662.0
2023-05-16T00:00:00,205.58388982549286,206.2016811880298,203.73050123505655,204.44334411621094,2116272.0
2023-05-17T00:00:00,203.73050729976913,204.01563285845816,202.6374728144326,203.11270141601562,1144742.0
2023-05-19T00:00:00,205.6789269690758,208.91049006734553,205.6789269690758,208.3402099609375,2093355.0
2023-05-22T00:00:00,208.34020902164505,208.91048912548203,207.4848033687151,208.05506896972656,2005826.0
2023-05-23T00:00:00,208.00755573685646,208.81543562298563,206.81948428417354,207.34222412109375,1868668.0
2023-05-24T00:00:00,206.72443916487018,206.72443916487018,203.77801606989573,204.0631561279297,1684281.0
2023-05-25T00:00:00,204.34828227178434,204.8235108352071,202.6849822998047,202.6849822998047,2273492.0
2023-05-26T00:00:00,203.16022366853602,207.91250960230295,202.25729224168543,207.38975524902344,2219582.0
2023-05-29T00:00:00,207.7699389077136,208.81543307160516,207.5323246200803,208.15011596679688,1625604.0
2023-05-30T00:00:00,208.1501180387758,210.5262609387618,207.91250374877717,209.00552368164062,1980331.0
2023-05-31T00:00:00,207.7699429361623,210.4787371660079,207.34222560786915,209.71836853027344,11598885.0
2023-06-01T00:00:00,210.76388549804688,212.52223713084084,209.8609540526227,210.76388549804688,2802559.0
2023-06-02T00:00:00,211.2391041893906,212.52222715882525,209.86094420548045,210.8114013671875,3100505.0
2023-06-05T00:00:00,210.8114027910702,211.23910561616213,208.53029688587083,209.43324279785156,1998222.0
2023-06-07T00:00:00,209.43325083096352,211.90443086118336,208.67288216673202,208.81544494628906,3010234.0
2023-06-08T00:00:00,207.8174590177587,208.43526489362418,206.58187627167925,207.67489624023438,2545540.0
2023-06-09T00:00:00,208.5303034724691,208.767917772006,205.29875479989735,206.43930053710938,2206708.0
2023-06-12T00:00:00,207.1046227101016,207.67490284398448,204.4908653516533,204.53839111328125,2519451.0
2023-06-13T00:00:00,205.20371111993157,206.20169411668545,204.63344548094824,205.536376953125,2969474.0
2023-06-14T00:00:00,205.53637214724856,205.63142366960318,203.82554626464844,203.82554626464844,2912978.0
2023-06-15T00:00:00,203.87306062950353,205.15618359543473,203.44535780846823,205.10865783691406,2127672.0
2023-06-16T00:00:00,205.29875765141753,207.96004074376037,204.253248917803,207.43728637695312,11840028.0
2023-06-19T00:00:00,207.00958062236145,207.00958062236145,202.0672060933888,202.5424346923828,3036218.0
2023-06-20T00:00:00,202.44735610165262,203.82551595389248,201.5444247848626,202.0196533203125,2994763.0
2023-06-21T00:00:00,202.0196659463269,202.2097544718224,198.97820602992442,199.2158203125,3883919.0
2023-06-22T00:00:00,198.45545968679022,199.3108653373248,197.40995100029198,198.5980224609375,2349993.0
2023-06-26T00:00:00,198.5980170907136,198.5980170907136,195.74664566226738,198.5504913330078,2963948.0
2023-06-27T00:00:00,198.55051043765903,200.16629933817745,197.55254194393777,199.9761962890625,2122812.0
2023-06-28T00:00:00,200.83160698345807,202.68499560187843,200.5464669261259,201.97215270996094,1892635.0
2023-06-29T00:00:00,201.97215270996094,203.3027869737433,201.0692212807639,201.97215270996094,1932192.0
2023-06-30T00:00:00,202.35232253518848,205.2987455173547,202.0671969908968,204.96607971191406,2722850.0
2023-07-03T00:00:00,204.9660839601304,205.72645260059352,203.92058976946595,204.44334411621094,2324641.0
2023-07-04T00:00:00,204.44334411621094,205.72645260059352,204.0631525445666,204.44334411621094,2208956.0
2023-07-05T00:00:00,203.20773755843007,203.58791460979378,199.26333176211335,199.50094604492188,3437029.0
2023-07-06T00:00:00,198.6455506889349,199.31086781460064,196.79216208785684,197.64756774902344,2984938.0
2023-07-07T00:00:00,197.64757311608096,199.2633474659524,196.50702736927911,197.69509887695312,1964128.0
2023-07-10T00:00:00,197.55252781943804,197.6000390754934,196.41196761760125,196.6495819091797,1958537.0
2023-07-11T00:00:00,197.6475627485231,197.6950885069023,195.12885708550277,195.79417419433594,2581513.0
2023-07-12T00:00:00,196.74462846767403,198.55049123702025,195.36646851182297,198.40792846679688,2036149.0
2023-07-13T00:00:00,199.31085688335676,199.31085688335676,197.40994262695312,197.40994262695312,1776725.0
2023-07-14T00:00:00,197.60005380065925,199.1207911812168,196.41198225423193,198.31289672851562,2135629.0
2023-07-17T00:00:00,197.4574950163633,197.4574950163633,194.41603469646,195.8417205810547,2623843.0
2023-07-18T00:00:00,201.49691810235575,202.54242678043207,198.45545808816829,199.69105529785156,3963259.0
2023-07-19T00:00:00,200.59397457110177,202.16222299056608,200.30883453951975,200.97415161132812,2935979.0
2023-07-20T00:00:00,199.92868876838762,201.2593231201172,199.45346014236608,201.2593231201172,2801050.0
2023-07-21T00:00:00,201.11674999106256,203.11270141601562,199.21583558473048,203.11270141601562,2128227.0
2023-07-24T00:00:00,202.44738812708783,204.96609396228027,201.97215951646086,204.53839111328125,1504070.0
2023-07-25T00:00:00,204.53836893234578,205.77396608654817,202.92259473200016,205.58387756347656,1673645.0
2023-07-26T00:00:00,205.29876701070398,205.48885556107447,203.01767540060465,205.1562042236328,1712119.0
2023-07-27T00:00:00,205.86905269777048,207.53235293816346,204.53840380375982,205.48886108398438,3377346.0
2023-07-28T00:00:00,205.1086839730254,206.34428133788276,204.58592956833647,205.48886108398438,1613436.0
2023-07-31T00:00:00,205.488822107352,205.63139937403827,204.30075073242188,204.30075073242188,1582626.0
2023-08-01T00:00:00,204.06316056770885,205.48884638607126,203.82554626464844,203.82554626464844,1222378.0
2023-08-02T00:00:00,202.01967744473893,202.49490603693883,199.69106024352462,201.54444885253906,2063285.0
2023-08-03T00:00:00,200.26133341343495,200.59399924166513,198.0277676474615,198.8356475830078,2325584.0
2023-08-04T00:00:00,199.64352521478617,200.11875378492238,197.83764794657358,200.07122802734375,1576572.0
2023-08-07T00:00:00,199.16831725697136,200.35638880526776,198.83565142231777,200.26133728027344,1594897.0
2023-08-08T00:00:00,199.5960145944673,201.11675193536513,199.21583751065592,199.92868041992188,1479539.0
2023-08-09T00:00:00,201.1642611628665,203.82554423115764,200.8791356042995,202.9701385498047,1856424.0
2023-08-10T00:00:00,203.16022019540486,205.25122306995036,203.16022019540486,204.158203125,1873731.0
2023-08-11T00:00:00,203.87307478328006,203.87307478328006,198.40794573897304,199.2633514404297,2907574.0
2023-08-14T00:00:00,198.69308222076927,199.92867949165864,197.98023931481305,199.64353942871094,2055303.0
2023-08-15T00:00:00,199.64355699000197,199.73859401746026,195.69915052838573,196.6020965576172,2733034.0
2023-08-16T00:00:00,195.79416944902243,198.31287505099883,195.41399239685333,197.837646484375,1993279.0
2023-08-17T00:00:00,196.79217143390653,196.98225997843505,194.89125698296866,195.36648559570312,2746384.0
2023-08-18T00:00:00,194.84372836161944,195.1763941867819,193.22795400260048,194.36849975585938,2756003.0
2023-08-21T00:00:00,194.17840245697053,197.55252830626418,193.56059659564892,194.9862823486328,2103666.0
2023-08-22T00:00:00,196.26940671622035,197.93270677313745,195.50903807535028,197.21986389160156,2794269.0
2023-08-23T00:00:00,197.5525428518536,200.35638880526776,197.0297884700379,200.26133728027344,2820422.0
2023-08-24T00:00:00,201.49693366502345,201.87711075760046,199.64354495876424,199.9761962890625,3251172.0
2023-08-25T00:00:00,199.12078865779569,200.92665158434923,198.40794573897304,199.2633514404297,2441517.0
2023-08-28T00:00:00,200.54645659747996,201.11673668277342,198.1227879892203,200.07122802734375,2475822.0
2023-08-29T00:00:00,200.7365318627488,201.21176040148768,199.64351202477894,200.7840576171875,2938904.0
2023-08-30T00:00:00,201.35437712165069,201.35437712165069,198.83565667107854,200.1663055419922,2702124.0
2023-08-31T00:00:00,200.30885943988463,201.97215957758237,199.35840221834306,200.6415252685547,6232783.0
2023-09-01T00:00:00,200.64151691201516,201.21178251949328,199.2633423959186,199.4534454345703,1920676.0
2023-09-04T00:00:00,199.45345641247573,200.8791422638792,199.35840488791825,199.9761962890625,1912472.0
2023-09-05T00:00:00,199.5960345965485,202.30484372434697,199.40594603559347,201.92465209960938,2694843.0
2023-09-06T00:00:00,201.92460798256158,204.39580224354603,200.78406236319353,204.30075073242188,2657896.0
2023-09-07T00:00:00,203.8255280502521,204.4908451388015,201.78205102767367,202.82754516601562,2442055.0
2023-09-08T00:00:00,203.39782216377253,203.63543644200124,200.6415023374494,201.68699645996094,1338381.0
2023-09-11T00:00:00,201.68701893516632,203.54040761131964,201.3068418487648,202.30482482910156,2060559.0
2023-09-12T00:00:00,202.7800471219311,203.25527571654274,200.26132686879376,201.97215270996094,2676558.0
2023-09-13T00:00:00,200.87911105630403,202.0671824145674,199.9286539696933,201.35433959960938,2036770.0
2023-09-14T00:00:00,201.35436420567913,203.35031562977798,200.8791356042995,202.9701385498047,2556221.0
2023-09-15T00:00:00,204.2057298224928,205.72645260059352,203.82553825084847,204.44334411621094,5998381.0
2023-09-18T00:00:00,204.4433520684768,204.77600339092606,203.06517750904413,203.6829833984375,1956926.0
2023-09-19T00:00:00,203.6829799825737,206.15415999022593,203.49289144395829,204.34829711914062,2349349.0
2023-09-20T00:00:00,204.58591721933098,207.19967458217957,204.53839145762302,206.48683166503906,2923165.0
2023-09-21T00:00:00,205.4413092344689,206.72443220098444,203.635446432464,205.251220703125,2580389.0
2023-09-22T00:00:00,204.34829507090527,204.77599790420945,202.87508353145682,203.49288940429688,2138288.0
2023-09-25T00:00:00,203.49290283124859,204.44336008033835,201.78207688232166,202.92262268066406,2638206.0
2023-09-26T00:00:00,202.35232346045953,203.49288365414256,200.97416347972208,201.6394805908203,2955168.0
2023-09-27T00:00:00,202.30481258458175,202.4949011162774,199.3108638247805,199.8336181640625,2573251.0
2023-09-28T00:00:00,199.83361184198378,200.35636616472758,198.5980146708144,199.50094604492188,1906039.0
2023-09-29T00:00:00,200.1187571739169,201.63947992241106,199.0732485007816,199.40591430664062,2614246.0
2023-10-02T00:00:00,199.4059340147249,200.45142828836526,197.5525452771939,199.16831970214844,2894256.0
2023-10-03T00:00:00,198.64554965467337,199.3583925362093,196.9347238384221,197.21986389160156,1987139.0
2023-10-04T00:00:00,196.60206509122068,197.7901365155021,194.93876509722668,196.31692504882812,2396048.0
2023-10-05T00:00:00,196.88720105299794,199.69106136498425,196.69711251561557,198.36041259765625,2802808.0
2023-10-06T00:00:00,199.3583969724308,200.73655700683594,198.21785123715847,200.73655700683594,2079817.0
2023-10-09T00:00:00,200.40387920034766,202.7800218775971,199.73854764845865,202.0196533203125,2980767.0
2023-10-10T00:00:00,203.5879118141631,206.4392831687111,203.3978232910915,205.58387756347656,2577896.0
2023-10-11T00:00:00,205.3938107397173,206.81949656761122,204.9185821304193,206.20169067382812,2935927.0
2023-10-12T00:00:00,207.00958837220222,210.90645432814506,206.7719740638096,209.29067993164062,5675957.0
2023-10-13T00:00:00,208.91048354159196,209.57580064306842,207.38974630722421,207.722412109375,2752920.0
2023-10-16T00:00:00,207.72240864185306,209.14809433671434,205.9640571503942,208.2451629638672,2751654.0
2023-10-17T00:00:00,208.15012724432665,208.91049590651497,205.1086670983994,206.58187866210938,3223682.0
2023-10-18T00:00:00,206.58186284447615,207.3422169456194,201.16424560546875,201.16424560546875,3721398.0
2023-10-19T00:00:00,201.16427222926478,201.87711517054896,198.2653892036372,199.5960235595703,3178555.0
2023-10-20T00:00:00,198.21784301045764,198.21784301045764,189.84431777699862,190.07241821289062,7650512.0
2023-10-23T00:00:00,191.0894040825476,191.51710687972897,188.0764567965404,189.6732177734375,5126515.0
2023-10-24T00:00:00,189.69224246433936,191.32702994606694,188.39962014164374,190.94683837890625,3209396.0
2023-10-25T00:00:00,190.9943723811936,193.37051539290994,189.84432728510546,191.9923553466797,3412543.0
2023-10-26T00:00:00,190.13897579629366,194.65364773458262,189.78729675181003,193.465576171875,3294134.0
2023-10-27T00:00:00,193.89325785717818,193.89325785717818,190.28151780045005,191.46958923339844,2350348.0
2023-10-30T00:00:00,191.46960199439712,193.27547939453123,191.08942491164575,192.42005920410156,2060304.0
2023-10-31T00:00:00,192.56264134046384,194.4160300455338,191.80227265297128,194.27345275878906,2425381.0
2023-11-01T00:00:00,194.79621524936053,196.50704124175255,193.9883352688053,195.17640686035156,2417559.0
2023-11-02T00:00:00,196.5545442339027,199.6910557727657,196.4119669577394,198.0277557373047,3238846.0
2023-11-03T00:00:00,199.22213401439552,199.69988493529337,197.50222778320312,197.50222778320312,1711807.0
2023-11-06T00:00:00,198.6488496700516,198.93550317115208,195.63902435800338,196.8811798095703,2906849.0
2023-11-07T00:00:00,196.498957788904,197.5022376890699,196.02120684404423,196.83338928222656,1869380.0
2023-11-08T00:00:00,196.26008218649906,198.55329546818834,195.78233124195566,197.59779357910156,1577673.0
2023-11-09T00:00:00,197.88444242194188,199.69989013671875,197.45445491809346,199.69989013671875,2404067.0
2023-11-10T00:00:00,198.69660872564802,199.31769368207435,196.54672954222116,197.69332885742188,1881388.0
2023-11-13T00:00:00,197.9799805684701,198.74438496506522,196.26007432108142,197.215576171875,2229516.0
2023-11-14T00:00:00,197.31114431034706,200.55984497070312,196.21232294635072,200.55984497070312,4662374.0
2023-11-15T00:00:00,200.65539099384958,202.61417272665457,199.74766714102813,201.9930877685547,5649863.0
2023-11-16T00:00:00,201.6586564165757,202.27972675037648,199.7476528297421,200.4642791748047,3891750.0
2023-11-17T00:00:00,200.65537923017155,202.99635573856344,200.60760122391855,201.9453125,2890412.0
2023-11-20T00:00:00,202.1364215800239,203.5218963623047,201.419795184382,203.5218963623047,2639449.0
2023-11-21T00:00:00,203.52190265655437,204.14297305339778,201.65867688622234,202.66195678710938,3738764.0
2023-11-22T00:00:00,202.85304427256366,204.9551454121123,202.1841958981347,204.09519958496094,3744718.0
2023-11-23T00:00:00,204.3340724257684,206.9139244539438,203.95186294542336,205.146240234375,2324382.0
2023-11-24T00:00:00,205.19400746822168,206.3883846944628,204.76403458273492,206.34060668945312,1924919.0
2023-11-27T00:00:00,206.34062381095757,206.72283330294937,204.7640515734203,206.05397033691406,1959520.0
2023-11-28T00:00:00,205.43288917496992,206.24507154548886,203.76076100726667,204.7162628173828,1977551.0
2023-11-29T00:00:00,204.71628241306666,206.6272862162225,204.52518494871148,205.91065979003906,2687670.0
2023-11-30T00:00:00,206.3884006302202,208.49050179475293,206.1017471578291,208.10830688476562,11116972.0
2023-12-01T00:00:00,208.58604698596147,210.16261913258228,208.1082960833733,209.30267333984375,2600401.0
2023-12-04T00:00:00,209.25491506798122,210.64038990018784,208.77716412033743,209.732666015625,2610601.0
2023-12-05T00:00:00,209.73265072545018,212.79025365150113,209.637094710967,212.2647247314453,2858366.0
2023-12-06T00:00:00,212.360281549273,214.22350720033683,211.6436551773407,213.26800537109375,2135352.0
2023-12-07T00:00:00,212.8380387053848,214.41461093794862,212.4080657855766,214.1757354736328,2721924.0
2023-12-08T00:00:00,214.74903233056054,215.51343669641807,213.6502110782532,214.605712890625,3113515.0
2023-12-11T00:00:00,214.60571735020207,217.56776428222656,214.0801884265168,217.56776428222656,3538288.0
2023-12-12T00:00:00,217.7588777316785,218.90549167843503,217.13780732702034,218.57106018066406,3548097.0
2023-12-13T00:00:00,218.57104412202557,219.8131994198814,217.42444483931283,217.56776428222656,3816536.0
2023-12-14T00:00:00,219.33546260480986,220.8164934559378,218.47550215263792,219.6221160888672,4607698.0
2023-12-15T00:00:00,220.0520665632513,222.2974870362618,219.81319111422036,221.007568359375,5155985.0
2023-12-18T00:00:00,221.00759184503033,221.24646731944569,219.43100496600798,220.8642578125,2447438.0
2023-12-19T00:00:00,220.8642638206552,223.2530186297897,220.8642638206552,221.5331268310547,2878852.0
2023-12-20T00:00:00,222.53636785005102,223.92185715167113,221.53310260377535,222.44082641601562,3808937.0
2023-12-21T00:00:00,221.67644025743292,221.91531573184824,219.52656098769486,220.8642578125,2213157.0
2023-12-22T00:00:00,220.7209230268254,222.15417577375285,219.8609772105893,221.62864685058594,2107061.0
2023-12-27T00:00:00,221.67643189695605,222.72748977666387,221.15090295710212,221.77198791503906,2610513.0
2023-12-28T00:00:00,222.2497317888017,222.5841486818709,221.19867394246788,221.62864685058594,2084982.0
2023-12-29T00:00:00,221.6764274123394,223.30077762827995,221.53310796791564,223.10968017578125,2445449.0
2024-01-02T00:00:00,222.7752567899949,224.97291402304896,222.5363813207456,223.7307586669922,2600876.0
2024-01-03T00:00:00,224.5429276534734,224.92512254947394,219.81319656141358,220.91201782226562,2496083.0
2024-01-04T00:00:00,220.91202135826325,222.39305211862245,220.4820484484302,221.86752319335938,2088293.0
2024-01-05T00:00:00,220.33873812428328,220.91203050118733,218.23662233623043,218.427734375,1651230.0
2024-01-08T00:00:00,218.80994798978926,220.3865203857422,217.99776549502397,220.3865203857422,2008029.0
2024-01-09T00:00:00,220.72092770772863,220.81648372480396,217.13779576442136,218.76214599609375,2889016.0
2024-01-10T00:00:00,218.23660886694879,218.9054718017578,217.615538518684,218.9054718017578,2556991.0
2024-01-11T00:00:00,219.76543116757767,221.29423999892492,218.23662233623043,218.427734375,2608031.0
2024-01-12T00:00:00,218.8099175361822,221.91529846191406,218.8099175361822,221.91529846191406,2165046.0
2024-01-15T00:00:00,221.29423444901622,221.67642935736706,219.52655019334088,220.29095458984375,1097491.0
2024-01-16T00:00:00,219.2876595880054,220.05206393172318,218.427713813698,219.5265350341797,1678419.0
2024-01-17T00:00:00,217.2333448059116,217.42444225412476,214.51015878452188,216.08673095703125,2686885.0
2024-01-18T00:00:00,216.89892578125,217.4244547288389,215.27457550854015,216.89892578125,2369609.0
2024-01-19T00:00:00,218.28439487149885,221.05535898634665,218.28439487149885,220.29095458984375,3740667.0
2024-01-22T00:00:00,222.58412732634034,229.36819550949573,222.10637645653503,228.07826232910156,5366447.0
2024-01-23T00:00:00,229.32043014972595,229.32043014972595,226.16727131920715,227.3616485595703,3983260.0
2024-01-24T00:00:00,229.32043899773316,230.753691741469,228.6993686407013,230.5148162841797,2563718.0
2024-01-25T00:00:00,231.0403344060736,231.7091827392578,228.69935795002877,231.7091827392578,2358131.0
2024-01-26T00:00:00,232.04362928352222,233.42910404516059,230.18038901877284,233.23800659179688,1912320.0
2024-01-29T00:00:00,233.3335436413371,235.14900586366014,232.13916635551965,233.81129455566406,2062003.0
2024-01-30T00:00:00,234.14572314007697,235.67451729918938,234.14572314007697,235.38787841796875,1747896.0
2024-01-31T00:00:00,236.00897420352408,236.39116913954413,234.8145968037087,234.95791625976562,2891500.0
2024-02-01T00:00:00,234.09794785706944,236.8688973263144,233.42909949343797,235.34010314941406,2140249.0
2024-02-02T00:00:00,237.2511067235189,238.25438655852028,235.57897852511684,236.10450744628906,1790912.0
2024-02-05T00:00:00,236.20006615797254,236.67781710674666,234.19352092100232,235.053466796875,2231078.0
2024-02-06T00:00:00,236.6300326594071,237.15556160472428,234.28905599005043,236.6778106689453,2146537.0
2024-02-07T00:00:00,236.677807050156,237.48998946048263,235.91340264863703,236.48670959472656,1964922.0
2024-02-08T00:00:00,237.3466562074849,238.06328260253142,236.1522788824074,237.489990234375,1780531.0
2024-02-09T00:00:00,237.48997503379502,238.49325483860534,235.48341542417438,236.72557067871094,1935019.0
2024-02-12T00:00:00,237.29888013476562,239.1143277402338,236.63001720451894,238.97100830078125,1852216.0
2024-02-13T00:00:00,238.49328184506712,238.8754767759879,236.6300414623728,238.3021697998047,2624004.0
2024-02-14T00:00:00,238.3021507496583,240.06983496841073,237.96773385678682,239.63986206054688,2189320.0
2024-02-15T00:00:00,240.4042807453308,242.21972849979912,239.5443202986339,240.1654052734375,2601878.0
2024-02-16T00:00:00,241.26420683510125,244.75178260693596,241.26420683510125,244.03515625,2950388.0
2024-02-19T00:00:00,243.46187969689674,244.84735449417178,241.4075419259428,244.79959106445312,1880913.0
2024-02-20T00:00:00,244.79959480519614,245.37287260899197,242.50638153140076,244.22628784179688,2008306.0
2024-02-21T00:00:00,244.22629260300928,244.6562509642382,241.16867484500693,243.12745666503906,1729125.0
2024-02-22T00:00:00,244.60846820375522,246.51947186159705,243.7962858172521,245.99395751953125,2128590.0
2024-02-23T00:00:00,246.5194655062748,248.38270568847656,245.75507572668485,248.38270568847656,1752658.0
2024-02-26T00:00:00,248.43050136002117,249.147127806252,247.57055545646512,248.86048889160156,1852987.0
2024-02-27T00:00:00,249.38597373980718,249.5292931801512,247.37941409618733,247.57052612304688,2332476.0
2024-02-28T00:00:00,247.57051633680098,248.47822552949953,246.80609741918096,247.47496032714844,1828391.0
2024-02-29T00:00:00,247.95272204146195,249.0993358881532,245.99395497626594,248.8126678466797,5045604.0
2024-03-01T00:00:00,249.3859946900233,250.34149658538738,247.42722746836844,248.47825622558594,2017229.0
2024-03-04T00:00:00,248.5260317834445,248.71711465365925,246.80611099390129,248.00048828125,1990489.0
2024-03-05T00:00:00,247.95274353027344,249.24267692969275,245.181793846827,247.95274353027344,2441962.0
2024-03-06T00:00:00,247.952713183243,249.14709041437615,246.13726562384068,248.9559783935547,2269039.0
2024-03-07T00:00:00,248.33491590783467,250.6281144321107,246.75834374487,250.10260009765625,1954307.0
2024-03-08T00:00:00,250.43705206770355,252.30026326389014,249.95930112105003,251.53587341308594,2332242.0
2024-03-11T00:00:00,251.0103624501678,251.77475231137018,250.10262397533643,251.4881134033203,2227295.0
2024-03-12T00:00:00,252.25245441795232,257.36439445872065,252.15689841390463,256.5999755859375,3604738.0
2024-03-13T00:00:00,257.22112521762074,257.746639603016,255.83563578760902,256.7911376953125,3231380.0
2024-03-14T00:00:00,257.5077734155393,258.7021508432552,255.50121350505566,256.1222839355469,3255856.0
2024-03-15T00:00:00,255.97895666734536,259.3710059543449,255.11901077754416,258.7976989746094,6096263.0
2024-03-18T00:00:00,258.79766786820284,259.08430674381566,247.90495320090344,251.44029235839844,4510799.0
2024-03-19T00:00:00,251.24922346225063,254.54568735346203,250.8669993940501,254.25904846191406,2846219.0
2024-03-20T00:00:00,253.6857202657783,253.82903969954518,251.2969658376636,252.0613555908203,2375250.0
2024-03-21T00:00:00,255.64449778336734,256.0267218353199,252.82578493762452,255.4534149169922,2881461.0
2024-03-22T00:00:00,254.21126175779014,257.9377423917848,253.685747391254,257.4599914550781,2521694.0
2024-03-25T00:00:00,257.4599575237311,258.2243472578795,256.21778775624074,257.5077209472656,2190907.0
2024-03-26T00:00:00,257.5554843708002,259.89647531597865,256.69553862998333,257.5077209472656,3101811.0
2024-03-27T00:00:00,257.55552553769036,258.7499029129525,256.93445513447483,257.8421936035156,2615776.0
2024-03-28T00:00:00,257.8899339087831,259.22763061719996,255.6444988127256,256.695556640625,1953790.0
2024-04-02T00:00:00,257.0300080053196,259.8965136708064,254.25905836060303,256.36114501953125,3400878.0
2024-04-03T00:00:00,256.456740499112,258.6544126765511,256.2178649902344,256.2178649902344,2191643.0
2024-04-04T00:00:00,256.4089770611797,256.69561600798966,255.16680691925117,256.2178649902344,1582991.0
2024-04-05T00:00:00,252.2047230588126,252.3002499154063,248.62159114848433,250.48480224609375,3711341.0
2024-04-08T00:00:00,250.48479396418847,251.77472724117737,247.76160797045665,251.3925323486328,2984987.0
2024-04-09T00:00:00,250.9625658403177,252.01362375234297,248.95600603728826,249.7681884765625,2209083.0
2024-04-10T00:00:00,250.53259100196027,252.204719201204,247.85716838740927,250.05484008789062,2134669.0
2024-04-11T00:00:00,250.00706301460755,250.62813340951752,245.5639850699704,248.5260467529297,2710792.0
2024-04-12T00:00:00,250.34148387518027,253.11243339913014,248.4304801814766,249.1948699951172,2025169.0
2024-04-15T00:00:00,249.9114953085208,252.1569304709136,249.52930040333956,250.48480224609375,1824980.0
2024-04-16T00:00:00,248.43046407569625,249.3382024351976,246.18502904924586,248.9559783935547,2310200.0
2024-04-17T00:00:00,248.7649017615057,252.53911641063408,248.43047029649406,250.62811279296875,2238013.0
2024-04-18T00:00:00,253.6857418230433,255.35787006481473,248.0482867255628,250.1981658935547,2462315.0
2024-04-19T00:00:00,248.28716161337977,250.1503727255608,247.2838671748801,249.43374633789062,2728206.0
2024-04-22T00:00:00,250.62809296416128,253.20795930774005,250.05481525189828,252.4913330078125,3045616.0
2024-04-23T00:00:00,254.35462832228094,256.9344660668552,254.16351627026577,256.6478271484375,2336127.0
2024-04-24T00:00:00,257.98553466796875,259.084356113337,256.36116963769825,257.98553466796875,2610904.0
2024-04-25T00:00:00,258.367694758648,259.2276405928943,253.3991026276677,254.25904846191406,2613937.0
2024-04-26T00:00:00,256.07450049911245,259.466520465017,255.97894448043849,258.98876953125,2712920.0
2024-04-29T00:00:00,259.5143144932712,261.85527658594935,259.5143144932712,259.9920654296875,2472214.0
2024-04-30T00:00:00,260.4220399219011,260.7564714300467,257.4600072601673,260.23095703125,2378073.0
2024-05-02T00:00:00,260.89978427670945,261.1386597536739,256.64781828250506,257.7944030761719,3172663.0
2024-05-03T00:00:00,258.84543530302784,261.281982421875,257.8421700632445,261.281982421875,2302094.0
2024-05-06T00:00:00,262.28529401728485,264.24406141623075,261.23423600533073,264.052978515625,1920504.0
2024-05-07T00:00:00,265.15177263532365,267.54052734375,263.5274077697524,267.54052734375,3069271.0
2024-05-08T00:00:00,268.60523921187206,270.54113282781344,267.58890687925975,270.0571594238281,1711385.0
2024-05-10T00:00:00,273.4449602763497,274.1709203478798,271.21869453941366,273.2997741699219,2660951.0
2024-05-13T00:00:00,273.34816106081405,273.73533385969034,271.50906811160826,273.49334716796875,1418436.0
2024-05-14T00:00:00,273.34818303391165,274.1225582333035,271.1703026333485,272.6222229003906,2178056.0
2024-05-15T00:00:00,273.7837861622478,275.23570651007014,271.50910504278045,272.5738525390625,2203115.0
2024-05-16T00:00:00,273.39659343527313,273.68696566797007,267.2985106941017,269.1376037597656,3052113.0
2024-05-17T00:00:00,268.7504174828503,268.79883254547144,266.2821650103074,267.782470703125,2265296.0
2024-05-20T00:00:00,268.7020804354063,274.36457602623244,268.55689430013314,274.2193603515625,3031183.0
2024-05-21T00:00:00,274.6065458184702,277.6071575602655,273.541798326513,277.0747985839844,2970255.0
2024-05-22T00:00:00,277.8007575910278,278.7687044815888,276.49402338089135,276.9779968261719,2326242.0
2024-05-23T00:00:00,277.4135891212837,278.1879348301966,274.75173513022696,275.8648681640625,2565028.0
2024-05-24T00:00:00,274.9453207572689,276.30047012581235,273.154642522002,275.7196960449219,2297502.0
2024-05-27T00:00:00,275.719706745979,277.0264410938496,274.70334468012504,276.7844543457031,1798520.0
2024-05-28T00:00:00,277.4135935353641,278.42992598690813,272.86423118977615,274.7517395019531,2476247.0
2024-05-29T00:00:00,274.4129210901112,275.0904956739919,272.2350407639992,273.15460205078125,2440485.0
2024-05-30T00:00:00,273.15459971157634,273.49335746122324,271.8478656192211,272.96099853515625,1701868.0
2024-05-31T00:00:00,273.10620764392195,275.5260748559705,271.9930746342585,275.2840881347656,11369683.0
2024-06-03T00:00:00,277.7039496236206,279.5914578258768,275.2356969339571,276.2036437988281,2523250.0
2024-06-04T00:00:00,275.86487389540974,276.7844352908195,273.6869933120249,274.9453125,2104864.0
2024-06-05T00:00:00,276.59081946388096,279.63984621150945,276.54243393590053,277.9943542480469,2701102.0
2024-06-07T00:00:00,279.73666150361635,280.4626216978299,277.36517972009375,279.5430603027344,2750445.0
2024-06-10T00:00:00,279.30107064595967,279.30107064595967,276.7360172278171,277.65557861328125,2391057.0
2024-06-11T00:00:00,278.67187981727886,280.3174012048759,274.2193185973625,276.0584411621094,2553026.0
2024-06-12T00:00:00,276.97796979835726,284.0923846576277,276.7843981627709,283.3664245605469,2634228.0
2024-06-13T00:00:00,283.3664595067334,284.0924196933433,277.2199906855571,277.65557861328125,4070228.0
2024-06-14T00:00:00,278.3331242135902,278.72032661197073,273.20301736840065,274.6549377441406,2134683.0
2024-06-17T00:00:00,275.47771259156247,276.445659558125,272.9610445706206,274.509765625,2701276.0
2024-06-18T00:00:00,275.52609483815945,276.20366952243114,274.07417440563154,275.7196960449219,2370255.0
2024-06-19T00:00:00,275.71969240026016,276.30046647347353,273.735383445064,275.33251953125,2012828.0
2024-06-20T00:00:00,275.86488158713865,279.6398687957149,275.7196954520774,278.7203369140625,3714162.0
2024-06-24T00:00:00,277.5103813050688,280.607793586196,274.21933829349166,279.5914611816406,2490084.0
2024-06-25T00:00:00,279.591472444241,279.78504410369965,276.7844322972285,277.65557861328125,1753948.0
2024-06-26T00:00:00,279.2042755256285,282.05970095659177,278.76868763544087,279.83343505859375,2315878.0
2024-06-27T00:00:00,279.83342106806157,282.3984741369196,279.6398198955701,279.9786071777344,1861227.0
2024-06-28T00:00:00,281.3337517270363,282.1081269463134,279.2526718653811,280.898193359375,2689656.0
2024-07-01T00:00:00,283.22124229228234,283.36642840579026,279.83342845993303,280.7529602050781,1646829.0
2024-07-02T00:00:00,280.7529802042895,281.1885681152344,278.86550151544867,281.1885681152344,1661739.0
2024-07-03T00:00:00,281.9629040771648,282.108119735401,279.0590635427372,280.2206115722656,2241054.0
2024-07-04T00:00:00,280.7046147864671,282.5437080789129,279.97865457581247,281.720947265625,1357774.0
2024-07-05T00:00:00,282.35011704624185,282.640489294828,278.9623029622285,279.7850341796875,1582571.0
2024-07-08T00:00:00,279.78501025043255,279.88181083814703,277.4135583180838,278.865478515625,1700346.0
2024-07-09T00:00:00,278.4783405607313,281.1885801196199,277.0748057116737,277.75238037109375,1531158.0
2024-07-10T00:00:00,278.1395074888376,278.284693595009,275.81644117192263,277.80072021484375,1669480.0
2024-07-11T00:00:00,278.2847466622095,279.397879740979,277.31679971729744,278.5267333984375,1741129.0
2024-07-12T00:00:00,279.059066627609,286.8510565380961,278.9138805071613,286.60906982421875,2358240.0
2024-07-15T00:00:00,286.46385202716056,287.4801842973039,285.10870294778204,286.5122375488281,1554415.0
2024-07-16T00:00:00,286.3671289333439,287.96423559261655,284.673221665152,286.6575012207031,1757464.0
2024-07-17T00:00:00,286.6574548182955,287.2382288384002,282.5436806900286,285.011962890625,2297955.0
2024-07-18T00:00:00,285.5443381220749,289.2709396291743,283.366457577076,283.6568298339844,3464009.0
2024-07-19T00:00:00,283.6567821217018,285.88307736131,282.30166258507404,284.9151306152344,1847223.0
2024-07-22T00:00:00,285.6411180816352,289.80327767335723,285.6411180816352,289.2225036621094,1864666.0
2024-07-23T00:00:00,289.9000902811686,292.2715719506455,288.2545687709935,290.3840637207031,1714113.0
2024-07-24T00:00:00,288.93212598323134,289.0289265731813,286.70586011134543,287.14141845703125,1939410.0
2024-07-25T00:00:00,284.76997804763886,287.1414301311681,282.5436825458471,286.8026428222656,2249443.0
2024-07-26T00:00:00,286.802645972945,290.91642017342417,286.2219014820398,290.09368896484375,1953612.0
2024-07-29T00:00:00,291.35201910447086,294.4010459546618,291.20683297625135,291.2552185058594,1839287.0
2024-07-30T00:00:00,291.44880918034346,293.72349023830634,291.06163633927184,291.6907958984375,1553253.0
2024-07-31T00:00:00,293.52989688111944,295.80457799978376,292.3199632583613,294.062255859375,2587431.0
2024-08-01T00:00:00,294.25583152002935,294.44943269862847,288.01256275261386,288.4481506347656,2049044.0
2024-08-02T00:00:00,286.65743989420145,286.65743989420145,272.5738257217082,272.96099853515625,5709207.0
2024-08-05T00:00:00,263.28153438358515,266.71773377026096,257.3770528884277,264.2494812011719,7907477.0
2024-08-06T00:00:00,271.2671208131649,272.3802538488546,267.10496092688345,268.2664794921875,4770692.0
2024-08-07T00:00:00,271.0251404061013,276.0100611878343,270.444366340209,275.0421142578125,3302325.0
2024-08-08T00:00:00,273.54178592696246,275.47767962844216,270.54114478179014,274.3161315917969,2437573.0
2024-08-09T00:00:00,276.0584858726062,278.623539418621,274.70333649186136,276.01007080078125,1745275.0
2024-08-12T00:00:00,276.92959478061476,278.8654884462753,275.76804676546124,276.8327941894531,1603131.0
2024-08-13T00:00:00,277.80076608107925,278.67191240132894,275.57449998050834,277.8491516113281,1442123.0
2024-08-14T00:00:00,279.63982476090257,280.60777156141756,278.28470514806,280.46258544921875,1619445.0
2024-08-15T00:00:00,281.1885702374172,284.96355718298383,280.7045967946678,284.4795837402344,1677349.0
2024-08-16T00:00:00,284.4795635426404,287.18983235324924,283.5116167258642,287.04461669921875,2192656.0
2024-08-19T00:00:00,287.1898711536909,287.86741629333756,285.592735058717,287.81903076171875,1647792.0
2024-08-20T00:00:00,288.44813104577963,288.7869183156243,285.54429080035237,286.5122375488281,1646163.0
2024-08-21T00:00:00,286.5122657352787,287.722199289904,285.1087309961559,286.31866455078125,1418717.0
2024-08-22T00:00:00,286.31866484127454,291.93277426406814,286.31866484127454,290.9164123535156,1895514.0
2024-08-23T00:00:00,290.91641387111525,293.7234833668522,290.91641387111525,292.5135498046875,2249758.0
2024-08-26T00:00:00,292.5135690637028,294.98182187727036,291.88437993843667,294.449462890625,1868505.0
2024-08-27T00:00:00,294.44946799157873,295.0302125181996,290.28727846795414,290.4324645996094,1758899.0
2024-08-28T00:00:00,291.73919701471647,294.6430377870051,289.99690436710165,293.2395324707031,1649738.0
2024-08-29T00:00:00,293.23955075340086,296.7725513387459,293.23955075340086,296.6757507324219,1430354.0
2024-08-30T00:00:00,296.1917205467399,296.57889335853037,294.4010130603926,295.56256103515625,3517623.0
2024-09-02T00:00:00,295.5625943139814,297.3533020019531,294.4978468071283,297.3533020019531,1615102.0
2024-09-03T00:00:00,297.2565055506882,298.7084259331832,293.96549192491204,294.7398376464844,2128567.0
2024-09-04T00:00:00,287.96417341006673,293.384681405664,287.48020000937754,291.0616149902344,2376260.0
2024-09-05T00:00:00,290.2872432287836,290.3356582930554,282.78565543015367,283.85040283203125,2932133.0
2024-09-06T00:00:00,283.4632536391135,288.69016095557686,281.72093150736237,284.6731872558594,2198654.0
2024-09-09T00:00:00,286.51227686993656,289.3193169178779,286.4154762739259,288.8837585449219,1615837.0
2024-09-10T00:00:00,288.8837562197599,290.91642102265024,287.0930485958569,288.6901550292969,1624154.0
2024-09-11T00:00:00,288.8353463820336,290.5776685095641,285.3507316663675,286.1734924316406,1774801.0
2024-09-12T00:00:00,289.94851190220135,292.852352900879,287.77063115319316,289.3677673339844,1764072.0
2024-09-13T00:00:00,290.38405823692835,291.73917793415524,289.85169927925153,291.400390625,1557431.0
2024-09-16T00:00:00,290.4324398283237,294.8366157088689,289.9968814705073,294.01385498046875,1347593.0
2024-09-17T00:00:00,294.4494596819056,296.8209118704054,294.4494596819056,295.6593933105469,1828582.0
2024-09-18T00:00:00,295.659405575985,296.046578445333,291.25522926138615,292.3199768066406,2595955.0
2024-09-19T00:00:00,295.1754345944702,299.3375946690163,293.86870030242534,298.70843505859375,2930601.0
2024-09-20T00:00:00,298.32126140802944,301.9026473946166,298.07927467085204,300.208740234375,6997514.0
2024-09-23T00:00:00,300.40234143987556,302.3382353372946,298.272846336956,300.208740234375,2431205.0
2024-09-24T00:00:00,301.2734350162957,301.3702356020909,295.56255492707794,297.982421875,2402431.0
2024-09-25T00:00:00,297.1596937554907,301.8542420565753,296.7241058413942,301.2734680175781,2199416.0
2024-09-26T00:00:00,302.91901609531374,304.9032955681731,302.33824200539965,303.9837341308594,2357220.0
2024-09-27T00:00:00,303.983682780063,305.2420313522084,300.1118955538784,301.8542175292969,2675795.0
2024-09-30T00:00:00,301.32183526573505,303.1609578675508,300.54748962031266,302.5317687988281,2520648.0
2024-10-01T00:00:00,302.67700720131535,304.8064726559585,299.5311797788559,300.16033935546875,2305913.0
2024-10-02T00:00:00,300.74111340287874,301.6122597042962,297.93404376362963,300.16033935546875,1950905.0
2024-10-03T00:00:00,299.33758134791924,299.82155480199833,296.724112880134,297.3533020019531,1672899.0
2024-10-04T00:00:00,297.4500438932193,298.90196411308085,295.7561369700474,297.5468444824219,1981778.0
2024-10-07T00:00:00,298.12765345982143,298.85361365493463,295.3689988105121,296.4337463378906,1586151.0
2024-10-08T00:00:00,294.78818587218313,296.86929512191733,294.06222577280386,295.56256103515625,1622753.0
2024-10-09T00:00:00,295.562593161469,297.98246042242846,293.8686860787974,297.2565002441406,1968312.0
2024-10-10T00:00:00,297.2564925981091,298.07925335355134,293.38470508016405,294.9818115234375,1817082.0
2024-10-11T00:00:00,295.51419312401873,301.90264892578125,295.4658075920965,301.90264892578125,3153821.0
2024-10-14T00:00:00,301.9994170241421,303.2093505859375,299.57954990055117,303.2093505859375,1771744.0
2024-10-15T00:00:00,303.35454186954456,305.09686395182604,299.8699272443756,300.69268798828125,2443402.0
2024-10-16T00:00:00,300.69268915124917,301.66063602090674,298.756795411934,300.78948974609375,2041032.0
2024-10-17T00:00:00,301.6606602774966,306.6455811491927,296.1917659320553,298.61163330078125,3254778.0
2024-10-18T00:00:00,298.6116323511718,301.1283003145229,296.3853661947823,300.0151672363281,1833620.0
2024-10-21T00:00:00,297.4500231795153,301.6605974317781,296.1917042256852,298.5147705078125,2066505.0
2024-10-22T00:00:00,298.5148145564959,299.3375753197403,294.06225296075655,296.77252197265625,1729416.0
2024-10-23T00:00:00,296.1917795379199,298.07928798798935,294.78824458382746,296.8693542480469,2331128.0
2024-10-24T00:00:00,297.0628983232592,298.0792602940215,293.8202702936001,294.1590576171875,2452808.0
2024-10-25T00:00:00,294.15904761037905,297.25648940724375,294.15904761037905,296.1917419433594,1972766.0
2024-10-28T00:00:00,296.8693617424689,300.0151895457353,296.2885876247554,299.2408142089844,2210618.0
2024-10-29T00:00:00,300.1603754236476,301.757482091392,297.5953217403736,297.6437072753906,1922341.0
2024-10-30T00:00:00,296.7725211970954,297.45006629375354,292.9975342490449,293.6750793457031,2297132.0
2024-10-31T00:00:00,291.78759765625,292.85231558859095,290.14207615089583,291.78759765625,3745213.0
2024-11-01T00:00:00,291.7876038217381,293.72349761511003,291.448816500019,292.46514892578125,1371460.0
2024-11-04T00:00:00,292.4651352749619,294.7398162838821,292.0295769154199,294.11065673828125,1495060.0
2024-11-05T00:00:00,294.11066842288136,294.6914424647376,291.4488144754854,293.7718811035156,1770222.0
2024-11-06T00:00:00,297.15971191164465,302.7254068415859,293.8686982087761,293.9170837402344,3692105.0
2024-11-07T00:00:00,294.1106609274519,296.627328685095,291.11001973716174,296.0949401855469,2348102.0
2024-11-08T00:00:00,295.4147108536334,296.19210612516724,291.5762512680792,294.20001220703125,2330513.0
2024-11-11T00:00:00,295.90059200202603,298.67011086324004,295.2689546333317,296.7265930175781,1882241.0
2024-11-12T00:00:00,293.9085315893,294.54016903002514,288.661009083012,289.7299499511719,3167245.0
2024-11-13T00:00:00,289.7299250180793,290.5559260567444,285.016888179324,288.3208923339844,2873329.0
2024-11-14T00:00:00,290.07003479430017,292.6937957150325,289.8756711499021,292.2079162597656,2711664.0
2024-11-15T00:00:00,290.55594322751847,290.8960648112722,287.59209011708884,287.88360595703125,2149695.0
2024-11-18T00:00:00,288.6609984324475,290.31300059099,286.7174804368593,289.48699951171875,2149254.0
2024-11-19T00:00:00,289.77855108408517,290.4587646033733,283.8508151420302,287.5434875488281,3139576.0
2024-11-20T00:00:00,288.80680448280015,290.1186554891615,286.32880108645895,286.7174987792969,2154957.0
2024-11-21T00:00:00,286.7174604197601,288.855341927944,284.09372910232975,288.4666442871094,2415279.0
2024-11-22T00:00:00,289.2926651276067,291.04181945905816,286.28020630723483,290.021484375,2399073.0
2024-11-25T00:00:00,290.896020477875,292.2079008691443,287.7378041849842,289.2440185546875,5459052.0
2024-11-26T00:00:00,287.1547610046142,289.58415830583766,286.52312363744187,288.27227783203125,1636499.0
2024-11-27T00:00:00,287.8835798596315,289.53558188483055,286.28018357383746,288.8067626953125,1921878.0
2024-11-28T00:00:00,290.26438315044226,291.43047598822733,289.0982606569302,289.2440185546875,1596770.0
2024-11-29T00:00:00,288.80679501483564,290.8960709941131,287.8350359867315,290.79888916015625,2351311.0
2024-12-02T00:00:00,289.2926548112723,295.5604823219019,288.12653219473515,294.6373291015625,3157384.0
2024-12-03T00:00:00,294.9774367271132,297.16389450779565,294.34579929939565,296.5322570800781,2112026.0
2024-12-04T00:00:00,296.8723675904832,298.1356423987888,296.19212444402297,296.82379150390625,2013475.0
2024-12-05T00:00:00,296.8237795909335,298.7672974676966,296.8237795909335,297.11529541015625,1983564.0
2024-12-06T00:00:00,296.62942346435295,300.079155920811,295.6090884154654,299.4961242675781,1781884.0
2024-12-09T00:00:00,299.78761686526764,300.710799670904,296.24070285619206,296.483642578125,2113271.0
2024-12-10T00:00:00,296.0463589871757,297.01811793980437,294.4429626464844,294.4429626464844,2000252.0
2024-12-11T00:00:00,293.90850386615654,295.51190018928867,290.2158020931696,291.18756103515625,2640985.0
2024-12-12T00:00:00,291.5277113652442,293.17971359194024,287.6892513033089,289.19549560546875,2345766.0
2024-12-13T00:00:00,288.80677375189026,290.8474438360821,288.1265306200064,288.5152282714844,2170864.0
2024-12-16T00:00:00,288.51521756215357,289.3897946594483,287.4462768184695,288.27227783203125,2028754.0
2024-12-17T00:00:00,287.0575649172504,287.6406261717169,285.50274479058214,287.1061706542969,2178490.0
2024-12-18T00:00:00,287.15477882381015,289.0011149561674,286.03726192704636,287.83502197265625,1807710.0
2024-12-19T00:00:00,283.12196643666016,284.7253627187772,281.2270246859673,282.15020751953125,3596454.0
2024-12-20T00:00:00,280.3524660650089,282.7818635179119,277.0970675469727,282.4417419433594,5317894.0
2024-12-23T00:00:00,282.29598365842446,284.14231978907185,280.88692127528986,282.9762268066406,2200592.0
2024-12-27T00:00:00,283.26774138224044,285.79432064990056,282.53892215055373,285.3084411621094,2014146.0
2024-12-30T00:00:00,284.53099005467567,285.79429440033925,282.4903201179681,284.433837890625,2000072.0
2025-01-02T00:00:00,284.43383259708816,288.1265044341216,283.94795316296654,287.640625,2330368.0
2025-01-03T00:00:00,287.9321650293916,288.56383207149,286.57170843050596,288.3208923339844,1873431.0
2025-01-07T00:00:00,290.65312023090155,292.7909722183372,287.5191915527921,289.29266357421875,2499747.0
2025-01-08T00:00:00,289.14683267695744,293.03386805977374,288.32086138269017,291.9163513183594,2560590.0
2025-01-09T00:00:00,291.8192337101913,292.83959851612235,290.45877695801636,291.5762939453125,1587252.0
2025-01-10T00:00:00,291.9164001214457,293.6655841295805,289.6813662649601,290.94464111328125,1778061.0
2025-01-13T00:00:00,289.8756924423788,290.0214800142503,286.06155030066225,289.0982971191406,1968666.0
2025-01-14T00:00:00,290.55594002627225,291.1875774430093,287.73784486686264,288.2237243652344,2159933.0
2025-01-15T00:00:00,288.2237051156623,295.6090789288119,287.83500747407106,295.1231994628906,2903104.0
2025-01-16T00:00:00,296.28931732666894,297.3582581728156,294.92886063872396,296.5322570800781,2257111.0
2025-01-17T00:00:00,296.92095043235634,304.0633850097656,296.92095043235634,304.0633850097656,4401121.0
2025-01-20T00:00:00,304.06340462549457,304.9865875968604,302.0227046637665,302.55718994140625,2328960.0
2025-01-21T00:00:00,303.04304361247193,305.6667750630278,302.8001038676577,304.7436218261719,2478671.0
2025-01-22T00:00:00,305.13233668946305,309.26231258414526,305.13233668946305,307.36737060546875,2955809.0
2025-01-23T00:00:00,307.22160961792866,307.2702153625855,296.9209580286447,305.90972900390625,6617645.0
2025-01-24T00:00:00,308.53349584846706,314.0239285048602,306.1526743331701,306.2984619140625,3291158.0
2025-01-27T00:00:00,304.79218717762245,304.8407929183117,300.71081740193273,302.7029113769531,3184842.0
2025-01-28T00:00:00,303.3831604694453,307.41595423951543,302.80009915981015,304.35491943359375,2947295.0
2025-01-29T00:00:00,305.6181973780291,306.97865401072795,305.2780758059218,305.81256103515625,2370745.0
2025-01-30T00:00:00,306.1040881543356,308.92218335222924,306.1040881543356,308.5820617675781,2080629.0
2025-01-31T00:00:00,308.9221909910838,309.3108886735545,307.36737060546875,307.36737060546875,2408078.0
2025-02-03T00:00:00,300.95374870945983,302.07126553380084,295.17177128617175,297.7955322265625,5235221.0
2025-02-04T00:00:00,298.2328472006016,298.62154489035015,293.5684156121538,298.03851318359375,2860283.0
2025-02-05T00:00:00,296.82376942408064,301.00232085370516,295.8034047802921,299.9333801269531,2770171.0
2025-02-06T00:00:00,301.09950919063726,306.2498196368024,301.0509034508937,304.64642333984375,3230390.0
2025-02-07T00:00:00,304.30630610080334,305.08373104616675,301.8769087510353,301.9740905761719,2254776.0
2025-02-10T00:00:00,302.16848462252386,304.3063367119354,302.07130278761144,303.7718811035156,3017055.0
2025-02-11T00:00:00,303.18879994259163,305.81256103515625,302.9458601990479,305.81256103515625,3370926.0
2025-02-12T00:00:00,306.39561283035664,309.0679501849548,305.7153992971711,306.8329162597656,3266442.0
2025-02-13T00:00:00,308.29055051976263,312.22616270665833,307.36736758420346,310.7685241699219,3080237.0
2025-02-14T00:00:00,310.9628890955364,311.6917083668541,309.5052505529011,310.23406982421875,2305304.0
2025-02-17T00:00:00,309.991097304979,314.99564984129603,309.8939154812611,314.8984680175781,2264269.0
2025-02-18T00:00:00,315.62729321493384,316.98777946140206,313.73238106717514,316.55047607421875,2421077.0
2025-02-19T00:00:00,316.55047846844457,317.3764795084107,311.3029860612034,311.88604736328125,3264464.0
2025-02-20T00:00:00,312.03179811331347,315.3357725416176,311.74025264110105,312.5662536621094,2408085.0
2025-02-21T00:00:00,312.6634489855724,316.2103632993287,312.3233274145042,313.0035705566406,3491212.0
2025-02-24T00:00:00,313.2950880106914,314.9956662191226,309.31087027693513,310.1368713378906,2867389.0
2025-02-25T00:00:00,309.3108592542761,311.49731687291353,308.3391003126595,310.42840576171875,2529595.0
2025-02-26T00:00:00,311.4487701416015,316.4047471420839,311.4487701416015,315.8216857910156,3371858.0
2025-02-27T00:00:00,314.5583924455829,315.91884908106215,311.10863028677335,311.93463134765625,4145014.0
2025-02-28T00:00:00,310.5255765232947,312.46909452289157,309.4566653481014,310.7199401855469,6028619.0
2025-03-03T00:00:00,311.448745923435,316.599056536632,310.0882893138858,315.6759033203125,4048172.0
2025-03-04T00:00:00,312.85783129551,312.9064073846744,301.39105695816033,301.7797546386719,5376265.0
2025-03-05T00:00:00,305.18089709630556,310.3312375055076,304.93795735027896,307.27020263671875,4036485.0
2025-03-06T00:00:00,308.82497485988495,309.45664188644866,299.5446889776932,304.64642333984375,3866064.0
2025-03-07T00:00:00,300.90514084222235,304.64641858049697,298.86444119809727,304.2577209472656,3026936.0
2025-03-10T00:00:00,304.8893746500925,305.08373830499016,299.05882087192344,299.4961242675781,2725142.0
2025-03-11T00:00:00,300.27352852753245,302.07128859387586,293.51979167085057,294.1514587402344,3422475.0
2025-03-12T00:00:00,295.2689790640898,297.30967890202953,293.76273481563686,296.87237548828125,3423411.0
2025-03-13T00:00:00,296.1435392401755,298.1356332201884,294.0542634342702,295.51190185546875,2957554.0
2025-03-14T00:00:00,295.99776810052293,300.9051387036136,295.4147068269557,300.4678649902344,2247469.0
2025-03-17T00:00:00,300.66223462499346,301.05093230154733,298.6701404978224,300.3221130371094,2759560.0
2025-03-18T00:00:00,301.2452602511719,302.99441441614545,298.8158629910818,300.4678649902344,2340527.0
2025-03-19T00:00:00,299.49615190541164,304.74364485886224,299.0588484694021,304.16058349609375,3541833.0
2025-03-20T00:00:00,304.25773638627857,307.95040857294697,303.3831592531971,304.8893737792969,3006503.0
2025-03-21T00:00:00,303.43171539185533,303.77183693673084,300.1763171578668,301.5367736816406,5487622.0
2025-03-24T00:00:00,302.8973025117069,303.67469787597656,299.496145895496,301.24530029296875,2030069.0
2025-03-25T00:00:00,301.48820955814244,303.04302978515625,299.3503280390324,303.04302978515625,2298930.0
2025-03-26T00:00:00,304.8408205781132,305.4238522734493,300.61366285253314,301.24530029296875,2597096.0
2025-03-27T00:00:00,299.3017317625992,300.5164303492981,296.3378790733449,300.22491455078125,2935073.0
2025-03-28T00:00:00,298.8158779497113,301.05091167858797,294.44296266264234,296.24072265625,2218367.0
2025-03-31T00:00:00,294.2485953813445,294.29720112181707,289.8271040634561,289.9242858886719,4817457.0
2025-04-01T00:00:00,292.40225815351556,293.76271473389687,290.3615584550789,292.2565002441406,2592178.0
2025-04-02T00:00:00,291.090376769644,291.62486197669386,280.838331879918,286.1344299316406,5184480.0
2025-04-03T00:00:00,278.45752520915795,280.9841045005755,272.04393963459205,275.250732421875,7569104.0
2025-04-04T00:00:00,274.036000173973,278.40891507036616,261.8890143506586,266.60205078125,7985716.0
2025-04-07T00:00:00,241.7736295859771,266.261952146265,240.36458207486362,250.90817260742188,13992978.0
2025-04-08T00:00:00,257.51611208680026,262.1805430094773,254.60083534619494,258.0505676269531,7263751.0
2025-04-09T00:00:00,248.28441232511202,251.1025073557775,240.0244612301474,246.77818298339844,10226382.0
2025-04-10T00:00:00,279.86660479972375,279.86660479972375,263.00657944748275,263.83258056640625,8090552.0
2025-04-11T00:00:00,264.65857065881914,265.19302624870295,256.35001338154854,262.32635498046875,4893109.0
2025-04-14T00:00:00,267.91395622735035,268.8371094427873,265.4359530943009,268.0111083984375,3294248.0
2025-04-15T00:00:00,268.39987470977,273.40442813294794,267.37950986350603,272.9185485839844,3467126.0
2025-04-16T00:00:00,269.1772524635517,269.663131980634,266.16479352649554,268.49700927734375,4402162.0
2025-04-17T00:00:00,268.6913436715658,270.00322415590006,266.89358372308766,269.7602844238281,1856649.0
2025-04-22T00:00:00,268.69136526188595,272.38403762380733,267.3309085841113,271.50946044921875,3386802.0
2025-04-23T00:00:00,274.0360277611879,277.43718413411045,272.043933747911,273.5987243652344,4272480.0
2025-04-24T00:00:00,274.0360459721821,275.3965026806139,271.8981642476949,274.42474365234375,3320252.0
2025-04-25T00:00:00,277.14566393117894,279.6236373871748,275.833783419763,278.0688171386719,2765290.0
2025-04-28T00:00:00,277.825901661627,279.4779038803652,276.9513244628906,276.9513244628906,2920791.0
2025-04-29T00:00:00,277.4371821673218,278.16600138492424,272.4812055564794,273.4043884277344,3980576.0
2025-04-30T00:00:00,274.37615713810413,277.2428283691406,272.869912908077,277.2428283691406,3199722.0
2025-05-02T00:00:00,279.47787794289604,282.0530332107458,278.31175534898364,280.9355163574219,3496258.0
2025-05-05T00:00:00,281.7129160389468,281.7129160389468,278.6033051662782,280.0609436035156,2224207.0
2025-05-06T00:00:00,280.3524766995246,280.74117437558726,275.1535600219572,276.02813720703125,3712854.0
2025-05-07T00:00:00,275.68802949767905,276.9513042865185,273.3072081774854,275.93096923828125,3385281.0
2025-05-08T00:00:00,278.1959020189737,282.97201466592963,277.4081026360742,279.0821838378906,3547556.0
2025-05-09T00:00:00,279.37764435956507,281.49488159728827,278.24514137073083,279.8207702636719,2198796.0
2025-05-12T00:00:00,281.7903052677231,292.1795869162299,281.7903052677231,289.9638671875,4475500.0
2025-05-13T00:00:00,289.5699322171422,290.6531789644868,287.7973684870304,288.880615234375,3691841.0
2025-05-14T00:00:00,289.0283289000222,290.25928430419606,286.81260917250927,287.3542175292969,3980195.0
2025-05-15T00:00:00,286.5664204421218,290.9978599334948,284.99079150133133,289.8653869628906,3231908.0
2025-05-16T00:00:00,290.60396081784506,293.4597713743867,287.55118537356014,288.53594970703125,4597267.0
2025-05-19T00:00:00,288.1420445123024,290.1115731418429,285.97555099875905,290.06231689453125,3192148.0
2025-05-20T00:00:00,290.5054643204444,292.42576669886523,289.17602652404696,291.7364196777344,2567356.0
2025-05-21T00:00:00,289.86537564710187,289.914601840702,284.9415541822373,287.7481384277344,3392443.0
2025-05-22T00:00:00,285.58164209914366,285.58164209914366,276.4725724804641,278.7375183105469,4818558.0
2025-05-23T00:00:00,279.574559864126,281.5933445742571,272.2380843565425,275.4385681152344,3731890.0
2025-05-26T00:00:00,279.623829671433,281.1502022862646,278.392874319917,280.06695556640625,1848051.0
2025-05-27T00:00:00,279.8700345102898,281.54411583913765,277.2603849945942,279.4761047363281,2478454.0
2025-05-28T00:00:00,279.47611968192217,279.52537593261263,276.2264092413093,277.55584716796875,2344469.0
2025-05-30T00:00:00,277.30964807244004,279.62385031466033,274.3060987614314,277.9005126953125,14428667.0
2025-06-02T00:00:00,276.7187860720597,277.16194205656967,273.4198194446617,275.1924133300781,2886770.0
2025-06-03T00:00:00,276.7187869557339,276.96497804733156,272.6812470430081,275.1431579589844,3165409.0
2025-06-04T00:00:00,276.5710562487123,279.4268666729068,275.78322678687243,278.68829345703125,2916870.0
2025-06-05T00:00:00,279.0821992485339,281.7410749047254,277.94972630334934,279.7222900390625,2442606.0
2025-06-09T00:00:00,279.7715360921675,282.57812028196895,279.7222798469236,280.1654357910156,2293991.0
2025-06-10T00:00:00,280.16544676567685,281.93801050623875,279.7222908042255,281.00250244140625,3223784.0
2025-06-11T00:00:00,281.0025052486599,282.0857520132125,279.32839388047654,279.5745849609375,2257371.0
2025-06-12T00:00:00,276.81725389974804,277.40811849701566,273.27209636876404,274.5030517578125,2591525.0
2025-06-13T00:00:00,270.1700920947415,272.287329332189,269.13607154671723,270.7117004394531,2379784.0
2025-06-16T00:00:00,270.71169713400604,274.4538194651393,270.5147623077071,273.46905517578125,2371239.0
2025-06-17T00:00:00,271.64721503581393,273.32129617169954,270.416259765625,270.416259765625,3284957.0
2025-06-18T00:00:00,270.4162918979952,272.33656431609603,269.1853364815373,271.6472473144531,3300693.0
2025-06-19T00:00:00,270.31779630698486,271.7949427348919,269.18532338944703,270.9086608886719,6242863.0
2025-06-23T00:00:00,269.52999353697925,272.53351254853453,267.7573998140343,268.4467468261719,2967899.0
2025-06-24T00:00:00,274.8477174848019,277.7035278959022,272.0411332668191,272.23809814453125,3500844.0
2025-06-25T00:00:00,273.7644826684372,276.22639348380085,272.5335272607554,273.0259094238281,2373560.0
2025-06-26T00:00:00,272.97667277984607,273.4690549240719,268.6929421145572,270.8594055175781,3387260.0
2025-06-27T00:00:00,273.173625764956,278.0974475345212,273.0751433190401,277.9005126953125,2768729.0
2025-06-30T00:00:00,279.67307192177725,279.7222981176159,275.09392376175157,275.4878234863281,4103853.0
2025-07-01T00:00:00,275.7340132274838,276.81726000425914,272.0903731745002,275.53704833984375,2137347.0
2025-07-02T00:00:00,277.2111475682317,278.3436204909347,275.5862925006473,277.3588562011719,1945811.0
2025-07-03T00:00:00,278.6882841464409,280.36239540087746,277.50655501947153,279.0821838378906,1809921.0
2025-07-04T00:00:00,278.5405933985299,278.5405933985299,275.881717718483,277.0141906738281,1393615.0
2025-07-07T00:00:00,277.0142051662774,277.8512608910191,275.3401237694177,277.70355224609375,1778227.0
2025-07-08T00:00:00,278.146688982677,280.16544377972485,277.40811575654413,279.8207702636719,3005341.0
2025-07-09T00:00:00,280.16545767514924,282.92278583508573,278.78679359518105,281.8395690917969,1431811.0
2025-07-10T00:00:00,283.11973237872354,289.1268005371094,282.6273502354562,289.1268005371094,2626878.0
2025-07-11T00:00:00,288.0927901942402,288.1912726369011,284.399923989122,284.7938537597656,1586768.0
2025-07-14T00:00:00,282.479627505552,283.41513549949985,281.0517073402902,283.21820068359375,1482315.0
2025-07-15T00:00:00,283.61212897383217,286.9110955123509,283.61212897383217,284.5968933105469,1673938.0
2025-07-16T00:00:00,284.0552951634792,286.81262338440854,283.07053079134386,284.15374755859375,1928944.0
2025-07-17T00:00:00,284.5968967540677,289.5699446936,283.90754968897755,288.3389892578125,3581942.0
2025-07-18T00:00:00,290.4562424702358,292.47499726532834,286.3694465808285,287.649658203125,2817572.0
2025-07-21T00:00:00,288.53595228301975,288.53595228301975,285.3354681706654,285.8278503417969,1695817.0
2025-07-22T00:00:00,285.82784682807903,286.664902519237,281.8887895074509,282.08575439453125,1766635.0
2025-07-23T00:00:00,285.1877540495242,288.14204701954145,284.5968894449963,287.3542175292969,2298452.0
2025-07-24T00:00:00,290.013092629466,291.539465306467,287.74814671147317,288.68365478515625,2063288.0
2025-07-25T00:00:00,288.48671386912247,288.48671386912247,284.59688286087504,287.649658203125,1768442.0
2025-07-28T00:00:00,292.0318373629884,293.6567224790481,285.77860818104676,286.5171813964844,2120505.0
2025-07-29T00:00:00,287.4527115521589,289.8653962625833,286.76339452962577,286.8618469238281,1516581.0
2025-07-30T00:00:00,286.86183120899034,287.64966068781376,284.59688531919426,284.9415588378906,2090688.0
2025-07-31T00:00:00,285.4831568570169,286.2217300620899,279.9684709152812,280.1654357910156,2570627.0
2025-08-01T00:00:00,277.5065609321742,277.8020082465215,274.4538157189301,276.22637939453125,2546080.0
2025-08-04T00:00:00,276.8172451216186,278.98370850607034,276.8172451216186,278.7867736816406,1528698.0
2025-08-05T00:00:00,279.91926205000686,280.60860910512804,277.8020247415955,279.4268798828125,1723299.0
2025-08-06T00:00:00,280.65781043320106,282.2334392391395,278.6390557476242,279.1806640625,1524607.0
2025-08-07T00:00:00,279.6730591899556,284.15372470170394,279.5745767501391,282.52886962890625,1552339.0
2025-08-08T00:00:00,282.7750368115874,284.10447450523793,281.8395288439213,283.5628662109375,1093876.0
2025-08-11T00:00:00,284.6953492616279,285.040022757928,283.1197204589844,283.1197204589844,1285470.0
2025-08-12T00:00:00,283.6121158120121,285.6801268336656,282.47964288787034,283.8583068847656,1529476.0
2025-08-13T00:00:00,285.0892603619902,285.4339338720885,283.61211393524417,285.2369689941406,1779318.0
2025-08-14T00:00:00,285.1877512750704,289.47148205044556,284.8430777547305,288.7821350097656,1902085.0
2025-08-15T00:00:00,289.7176574966117,292.0318294669818,289.32372775026596,290.75164794921875,3102783.0
2025-08-18T00:00:00,290.5547017397302,291.58872231137747,288.8806204207076,289.9638671875,1799903.0
2025-08-19T00:00:00,290.30851987453065,294.0998686523483,289.17604687664306,293.45977783203125,1966465.0
2025-08-20T00:00:00,292.3765242630891,292.7211977899348,290.21006076350073,291.14556884765625,5225984.0
2025-08-21T00:00:00,291.1455846799976,291.2440671291122,288.8806386134836,289.1760559082031,1531021.0
2025-08-22T00:00:00,288.5359516909419,294.54302017694334,287.74815223979726,293.65673828125,2063448.0
2025-08-25T00:00:00,293.9521606476619,294.8876988081259,291.98263193310476,292.1303405761719,1468220.0
2025-08-26T00:00:00,290.9978657411294,291.68721280792744,289.61920166015625,289.61920166015625,2503225.0
2025-08-27T00:00:00,290.01309338264514,290.4069931016727,287.45270013003284,289.9638671875,1609292.0
2025-08-28T00:00:00,290.4069865403365,291.93338923943685,288.43745793707535,288.9298400878906,1783210.0
2025-08-29T00:00:00,288.1420270964051,288.4374443519318,286.3202072136703,286.91107177734375,1848565.0
2025-09-01T00:00:00,287.05879612779466,289.0775509405778,286.76337885608746,288.83135986328125,1319657.0
2025-09-02T00:00:00,288.8313801516536,289.42224478919377,281.4949035644531,281.4949035644531,2613206.0
2025-09-03T00:00:00,282.1842108660786,285.4831774303351,282.08575847373714,284.4984130859375,1819115.0
2025-09-04T00:00:00,284.4984182301138,286.32023831071524,283.56291011759436,285.5816650390625,1451851.0
2025-09-05T00:00:00,286.0740343032087,288.19127157582335,285.1877524277679,286.1232604980469,1622686.0
2025-09-08T00:00:00,286.36943798978365,287.1572674381671,282.5288633433537,284.1044921875,1758122.0
2025-09-09T00:00:00,284.30146561762194,285.43393855284086,281.4456251036506,282.4303894042969,1878016.0
2025-09-10T00:00:00,283.61209505890054,285.38465863197104,282.0364662980495,282.13494873046875,2098964.0
2025-09-11T00:00:00,282.52887287558895,282.62735531653715,279.52535376870924,281.1009826660156,2526932.0
2025-09-12T00:00:00,281.1009777718102,282.92276766083586,280.313148310563,281.29791259765625,1792987.0
2025-09-15T00:00:00,281.74106598590413,284.2522028741086,279.42686392175483,280.1162109375,2085507.0
2025-09-16T00:00:00,279.77152378694603,280.65780558352805,276.5710400390637,276.7679748535156,2572724.0
2025-09-17T00:00:00,276.91571659921436,278.8359888376548,276.91571659921436,277.94970703125,2199661.0
2025-09-18T00:00:00,278.24515005982806,281.8395639146855,278.24515005982806,280.7563171386719,1947769.0
2025-09-19T00:00:00,281.2978909420606,282.4303637745106,278.7374979822047,279.6238098144531,7255571.0
2025-09-22T00:00:00,280.8547932322697,282.57813077476493,279.5745815977002,282.3319396972656,2361066.0
2025-09-23T00:00:00,283.16895474948984,288.3882234292411,282.52886398240713,287.99432373046875,2712970.0
2025-09-24T00:00:00,287.79737864865217,287.79737864865217,281.642601517586,281.9380187988281,2549391.0
2025-09-25T00:00:00,282.18417272169023,282.87351969063485,278.4913069293843,279.6238098144531,3381446.0
2025-09-26T00:00:00,280.01773566906536,284.0552753233386,280.01773566906536,283.7106018066406,2116771.0
2025-09-29T00:00:00,285.13848601911485,287.5019443395621,285.0892598260309,286.56640625,2975677.0
2025-09-30T00:00:00,287.1572613898895,290.11155414070606,285.6308587703957,289.5699157714844,3503312.0
2025-10-01T00:00:00,288.5359226491447,291.63792399815935,287.4526759733851,290.9978332519531,2674938.0
2025-10-02T00:00:00,292.08108974561657,298.4328012827945,292.08108974561657,297.1033935546875,3582047.0
2025-10-03T00:00:00,298.03889263681504,299.3191041864491,296.6110025136251,298.7774658203125,2763948.0
2025-10-06T00:00:00,299.86072467834214,303.06120860348045,298.23586961918073,302.1749267578125,3364704.0
2025-10-07T00:00:00,302.4703406404788,302.56882307836776,299.5653040647894,299.7130126953125,2055634.0
2025-10-08T00:00:00,301.33787552470284,303.9474949067944,299.90995526995874,301.97796630859375,2844034.0
2025-10-09T00:00:00,302.6180322742618,305.1784252524647,300.6485038375855,301.73175048828125,2538677.0
2025-10-10T00:00:00,302.3718765833018,304.68607877757563,298.9252014160156,298.9252014160156,2261950.0
2025-10-13T00:00:00,299.8115009055151,301.4363559777939,297.9896809536663,299.4668273925781,2135787.0
2025-10-14T00:00:00,298.5312800092381,300.25461746770617,296.9064249874923,299.8607177734375,2377901.0
2025-10-15T00:00:00,303.0119923606377,305.57235554272904,302.3718715124929,304.3414001464844,2818917.0
2025-10-16T00:00:00,304.63683915168235,306.95104124393185,302.3226370594328,303.4058837890625,2712947.0
2025-10-17T00:00:00,302.1749303136001,304.58758480782996,298.0881644947036,302.0272216796875,4254513.0
2025-10-20T00:00:00,304.0460018015341,307.7388682201762,301.23941731284134,307.4434509277344,3254913.0
2025-10-21T00:00:00,308.18201905451224,308.72362743246725,303.30742344242395,306.3601989746094,2381475.0
2025-10-22T00:00:00,305.6708297457318,308.03425803229203,304.48913062876227,307.2956848144531,2567338.0
2025-10-23T00:00:00,307.6896175731922,308.92057294826077,306.36017975759387,308.4774169921875,2768397.0
2025-10-24T00:00:00,310.1022789302404,311.2840081374719,308.57590625247,310.7916259765625,2208612.0
2025-10-27T00:00:00,311.727133750658,313.9428534726177,311.727133750658,313.4012451171875,2327269.0
2025-10-28T00:00:00,313.4997046229381,313.4997046229381,310.69312050327204,311.7763671875,2034366.0
2025-10-29T00:00:00,312.41650080358914,313.1550740915409,309.412981453635,309.95458984375,1570415.0
2025-10-30T00:00:00,310.200744113754,312.0717902105827,309.1174974094994,311.5301818847656,2000525.0
2025-10-31T00:00:00,311.9241156861039,311.9733418837894,308.52666657234073,308.7728576660156,1327230.0
2025-11-03T00:00:00,309.46217363562243,312.2687578318634,308.96979149777735,310.1022644042969,2689552.0
2025-11-04T00:00:00,307.98504444356155,310.4961814659373,304.5875954814085,309.36370849609375,2830562.0
2025-11-05T00:00:00,308.5266293232604,312.02256046294707,307.0002567478077,311.6778869628906,2558949.0
2025-11-06T00:00:00,311.4317079825121,312.21950739667625,309.2652145146287,309.8560791015625,2693566.0
2025-11-07T00:00:00,310.84540506958785,311.3400667388954,306.24502739162546,309.2624816894531,3028099.0
2025-11-10T00:00:00,312.62617753151744,314.30803929747026,311.9336391121833,312.0820617675781,3057835.0
2025-11-11T00:00:00,313.36817835449716,317.0781410027351,312.67563991679145,316.92974853515625,3385811.0
2025-11-12T00:00:00,318.2158508300781,320.243981821176,316.3361424955077,318.2158508300781,2585071.0
2025-11-13T00:00:00,319.6504020481824,321.1343871735763,317.1770935058594,317.1770935058594,2915146.0
2025-11-14T00:00:00,316.4350772238756,316.48453131431324,312.3293913897236,315.6930847167969,2735136.0
2025-11-17T00:00:00,315.6931025306303,315.74255662385855,311.24114723694413,311.8347473144531,2747951.0
2025-11-18T00:00:00,308.1742412010704,308.6689029044429,303.4255009253961,304.6126708984375,3456486.0
2025-11-19T00:00:00,304.7610447293024,307.13544491365525,303.42548236529456,305.3546447753906,2579034.0
2025-11-20T00:00:00,310.6475268423513,311.38951934277094,308.7183342645594,309.55926513671875,3142702.0
2025-11-21T00:00:00,304.76104276216626,310.4001978759766,303.87065779465735,309.1635437011719,2995354.0
2025-11-24T00:00:00,311.3895214899882,314.5553682569766,310.6475289844521,312.477783203125,16288258.0
2025-11-25T00:00:00,313.5165859493315,317.8696029616142,311.735815868956,316.8802795410156,3293967.0
2025-11-26T00:00:00,318.36425891900734,318.76001243349924,316.53403477737635,318.1664123535156,3013636.0
2025-11-27T00:00:00,318.5621296412072,320.49132231666755,317.91907547997164,319.4525146484375,2005646.0
2025-11-28T00:00:00,319.4525214846785,320.14505994498546,317.9685363769531,317.9685363769531,3794078.0
2025-12-01T00:00:00,317.27600848997673,317.5727934164687,314.060707622053,315.5941467285156,2643268.0
2025-12-02T00:00:00,316.03936579770385,317.47386658356095,314.1101731301245,316.4350891113281,2351496.0
2025-12-03T00:00:00,316.18774941580114,317.17707276804595,314.50588764028385,315.00054931640625,2013161.0
2025-12-04T00:00:00,316.6824306904667,319.4525241714841,316.6329464047404,317.37493896484375,2313924.0
2025-12-05T00:00:00,318.06746833612067,320.194507575912,316.28669831949395,319.35357666015625,2382954.0
2025-12-08T00:00:00,319.35357346474376,320.04611190414346,315.9898800271313,316.73187255859375,2121153.0
2025-12-09T00:00:00,316.7318689468158,318.3147923675692,313.6649604800597,314.2091064453125,2041187.0
2025-12-10T00:00:00,314.11015755413155,324.6959292712393,311.6863033167768,319.897705078125,8501145.0
2025-12-11T00:00:00,319.7987798873692,319.7987798873692,316.5834789294916,317.0286865234375,2408883.0
2025-12-12T00:00:00,318.1664150263766,320.04612346898733,316.9297607625861,317.57281494140625,2597413.0
2025-12-15T00:00:00,318.90839847626495,321.53009940227116,318.46319087731416,319.55145263671875,3137862.0
2025-12-16T00:00:00,319.65040014292526,320.59023926835334,317.57281494140625,317.57281494140625,2684218.0
2025-12-17T00:00:00,318.06747010654607,318.80946264956293,314.6048382391342,315.64361572265625,2566738.0
2025-12-18T00:00:00,316.08881428296854,317.7706760757294,314.11016755819253,317.62225341796875,2593632.0
2025-12-19T00:00:00,317.7211979542287,319.74932900150816,316.58348210376903,319.650390625,4327625.0
2025-12-22T00:00:00,319.6503861050712,321.43115609002297,318.61157845405506,320.63970947265625,2020048.0
2025-12-23T00:00:00,321.03542826975286,322.81619822967906,320.19449738077276,321.6290283203125,2260321.0
2025-12-29T00:00:00,322.51943096768275,324.3991394042969,321.87637679091404,324.3991394042969,2530450.0
2025-12-30T00:00:00,324.3991280900099,328.2574832078063,323.2614122489839,326.8724365234375,3184359.0
2026-01-02T00:00:00,327.86176505781964,330.3350735301806,321.9258247241533,322.469970703125,4077079.0
2026-01-05T00:00:00,323.1130061849975,328.85106943239515,321.8763520203211,326.5261535644531,2547563.0
2026-01-07T00:00:00,331.769614070262,338.15073199757035,328.50482867772206,336.96356201171875,5284811.0
2026-01-08T00:00:00,337.0130014295387,337.0624857133075,333.50091552734375,333.50091552734375,3320518.0
2026-01-09T00:00:00,333.9461074735339,337.16140858015,332.51160663332723,336.96356201171875,3192520.0
2026-01-12T00:00:00,337.111935447169,339.53578975966053,336.5678196750193,337.8044738769531,3327184.0
2026-01-13T00:00:00,338.34860535646555,338.5959362083343,335.57851189223715,337.65606689453125,3537044.0
2026-01-14T00:00:00,337.9528618401478,341.36600927695866,336.5183309083162,338.7937927246094,4094332.0
2026-01-15T00:00:00,339.83259133556965,344.68027000622686,339.83259133556965,344.086669921875,3263280.0
2026-01-16T00:00:00,344.08664788515443,345.6201171875,341.6133395185511,345.6201171875,3507053.0
2026-01-19T00:00:00,337.3098034227841,337.35925751287397,331.6211942418485,332.9567565917969,6894580.0
2026-01-20T00:00:00,328.9500138450213,335.4300697102297,327.11975960933756,335.28167724609375,4392058.0
2026-01-21T00:00:00,332.4126515246088,333.9955749511719,327.51548877812536,333.9955749511719,4364620.0
2026-01-22T00:00:00,340.22829132529034,341.26709894959396,334.7870129434932,335.8752746582031,5263991.0
2026-01-23T00:00:00,335.7269004675262,335.7269004675262,329.4446908646395,335.23223876953125,3932956.0
2026-01-26T00:00:00,334.9849113693084,336.8646198026906,334.3418571936453,334.4407653808594,3293793.0
2026-01-27T00:00:00,335.875281629366,337.85392835472305,335.0838350159243,337.7055358886719,3024391.0
2026-01-28T00:00:00,338.8432446846379,340.52510644298525,335.6773979130732,335.8752746582031,2815110.0
2026-01-29T00:00:00,337.8044671357312,342.94893039806146,337.30980546482914,339.2884521484375,4661433.0
2026-01-30T00:00:00,339.48631283493893,341.3165671318226,337.9033893838029,339.5357971191406,2808954.0
2026-02-02T00:00:00,337.5076704403282,346.3621269094794,334.6880927239348,345.1749267578125,3897832.0
2026-02-03T00:00:00,347.0546181760731,349.7752573813044,345.42224069128486,348.9343566894531,3129346.0
2026-02-04T00:00:00,348.9343536292642,354.4745401724724,347.4998227114768,352.94110107421875,4156161.0
2026-02-05T00:00:00,353.6831146502487,355.0187072753906,350.46781360797365,355.0187072753906,3920371.0
2026-02-06T00:00:00,355.01869226817695,359.17383224749693,351.30872968391657,358.283447265625,3262282.0
2026-02-09T00:00:00,360.6578250523712,362.2407484941138,356.9973466720795,359.91583251953125,2973868.0
2026-02-10T00:00:00,359.9158298713855,362.1418074535273,359.1243832522141,360.5094299316406,2665333.0
2026-02-11T00:00:00,361.3008944395123,363.08166436788554,357.59093192894125,359.8663635253906,3797907.0
2026-02-12T00:00:00,361.5482532159526,362.3396998693408,357.145751953125,357.145751953125,3548524.0
2026-02-13T00:00:00,357.3930620605762,357.3930620605762,352.3475069107822,354.9692077636719,3049169.0
2026-02-16T00:00:00,356.1564121972318,359.272774765607,355.66175051362455,357.39306640625,2823581.0
2026-02-17T00:00:00,356.7994781724275,358.9760017291339,354.87031565747577,358.13507080078125,3043365.0
2026-02-18T00:00:00,358.7781142066331,364.56566196133053,358.7781142066331,363.82366943359375,3193838.0
2026-02-19T00:00:00,363.97207178343785,365.2087260299104,359.7674473454313,361.64715576171875,2993334.0
2026-02-20T00:00:00,362.3396984390591,364.1204684980305,359.9158440110243,364.0710144042969,4086076.0
2026-02-23T00:00:00,363.97206041426875,365.5055297470471,362.1418061483091,364.1204528808594,3229125.0
2026-02-24T00:00:00,364.12045640062547,368.2261725637576,363.77421737248477,366.7421875,3700401.0
2026-02-25T00:00:00,367.0389797419661,370.8478808531109,366.0496563464352,368.4735107421875,3014822.0
2026-02-26T00:00:00,369.46283804355505,373.96424746410645,369.31441537925315,370.8973388671875,2759186.0
2026-02-27T00:00:00,370.9962795618589,374.50836559834266,370.9962795618589,373.7169189453125,6707127.0
2026-03-02T00:00:00,365.40659137206893,365.45604546368145,357.6898510000711,364.1204528808594,4258198.0
2026-03-03T00:00:00,357.34362519776994,359.22333362489536,350.96247717247775,354.62298583984375,5074395.0
2026-03-04T00:00:00,354.2272178970788,362.8837973197029,353.63364803292984,361.10302734375,5114419.0
2026-03-05T00:00:00,360.21265369291706,365.15927066153233,357.88773767931707,358.6297302246094,2971414.0
2026-03-06T00:00:00,360.2621063976264,361.4987606350148,349.42903339315666,352.2980651855469,3264842.0
2026-03-09T00:00:00,340.17886322792,348.19238894995715,337.40873954319784,346.80731201171875,4584258.0
2026-03-10T00:00:00,355.5628091265624,359.5695868448915,354.227216553786,358.0856018066406,3890659.0
2026-03-11T00:00:00,356.15640569044143,356.15640569044143,351.35818140876137,352.149658203125,3171088.0
2026-03-12T00:00:00,351.70445590190604,353.5347101636562,348.4891549689069,350.96246337890625,2463175.0
2026-03-13T00:00:00,348.6870456856117,353.68311679723456,345.6201370960121,347.89556884765625,2320159.0
2026-03-16T00:00:00,347.9450455536247,352.14966992745735,345.422252814273,349.5774230957031,2500140.0
2026-03-17T00:00:00,349.23115958825844,351.4076831411475,346.60945862120167,348.2912902832031,2129409.0
2026-03-18T00:00:00,350.2204752224522,354.37564547975893,345.6695816529623,346.6589050292969,2732546.0
2026-03-19T00:00:00,341.71229502441355,342.2069567225357,337.65606306146134,338.5464782714844,3997826.0
2026-03-20T00:00:00,341.31657586193757,342.2069608910526,333.0557193643195,334.34185791015625,7711438.0
2026-03-23T00:00:00,326.0315164283693,340.3767058179112,322.86569964366095,334.4407653808594,5936646.0
2026-03-24T00:00:00,335.5290090865204,338.3980407714844,332.70943149249865,338.3980407714844,3556628.0
2026-03-25T00:00:00,342.5532205284187,346.5105140507687,342.5532205284187,346.36212158203125,3825372.0
2026-03-26T00:00:00,343.78986006378756,345.07596832689364,341.4649441804014,342.89947509765625,2485439.0
2026-03-27T00:00:00,343.88881905169234,344.2845423723902,338.74432530735726,341.76177978515625,2434939.0
2026-03-30T00:00:00,341.36602378411874,346.51051749095,338.8432612152759,345.5706481933594,3140209.0
2026-03-31T00:00:00,347.747179471101,352.199134827061,346.65891767907095,350.51727294921875,4044664.0
2026-04-01T00:00:00,359.6190482963103,363.2795568756152,358.03612485142844,359.8169250488281,4769494.0
2026-04-02T00:00:00,353.18844133693585,355.85962649937863,350.81407129907177,350.863525390625,1782245.0
2026-04-07T00:00:00,356.89839976475156,357.9866614919205,350.1710130378482,351.75390625,4543506.0
2026-04-08T00:00:00,368.2261583702796,370.00692830144664,364.5656499440724,366.4948425292969,5156027.0
2026-04-09T00:00:00,366.00020562261903,366.4948673249382,362.19130447641095,364.3677978515625,3016151.0
2026-04-10T00:00:00,365.5549732387446,371.78769818884774,364.9613731978414,369.8090515136719,3295132.0
2026-04-13T00:00:00,366.04963713265886,369.31439208984375,363.32899793775397,369.31439208984375,4108907.0
2026-04-14T00:00:00,371.8371883353147,373.02435824409264,368.8197339930295,371.9361267089844,3081804.0
2026-04-15T00:00:00,372.2329269410467,374.6567813327132,370.6994877572602,371.88665771484375,2643239.0
2026-04-16T00:00:00,372.7275759628322,373.7168993230521,369.46282095080784,371.342529296875,2738353.0
2026-04-17T00:00:00,371.34252883215566,381.48309326171875,370.8478671526648,381.48309326171875,5657484.0
2026-04-20T00:00:00,376.5859481688134,378.56459497930683,373.8158547108243,377.624755859375,2726882.0
2026-04-21T00:00:00,380.39482905053376,382.9175915228024,375.9428739641166,378.66351318359375,3204747.0
2026-04-22T00:00:00,379.40552212584254,380.9389613119703,375.34929016645924,378.41619873046875,3118327.0
2026-04-23T00:00:00,376.7838012048864,379.25710956228784,375.3987545630921,376.1407470703125,2768460.0
2026-04-24T00:00:00,373.12331298077567,374.31051313337,368.17669599788917,368.37457275390625,3426830.0
2026-04-27T00:00:00,368.52296561503107,371.4909358079038,367.6820346886997,368.275634765625,2361510.0
2026-04-28T00:00:00,368.5724002911604,371.09519293724946,365.9012453733486,369.2154846191406,2928640.0
2026-04-29T00:00:00,369.2154866326759,370.00693323669503,364.7140472710281,365.4065856933594,2989022.0
2026-04-30T00:00:00,362.38913456813725,369.16600562018465,360.16315700889373,368.0282897949219,3094788.0
2026-05-04T00:00:00,371.2435956660683,371.83719572813555,360.2621001889612,360.31158447265625,2962846.0
2026-05-05T00:00:00,361.2019709388544,367.33575776048576,361.2019709388544,366.64324951171875,2360604.0
2026-05-06T00:00:00,369.116563998298,377.2289977065412,369.116563998298,375.2998352050781,4118682.0
2026-05-07T00:00:00,377.13008007392295,377.13008007392295,370.4521473378756,370.6499938964844,3459978.0
2026-05-08T00:00:00,369.54998779296875,370.04998779296875,366.25,369.45001220703125,3386266.0
2026-05-11T00:00:00,369.0,371.95001220703125,366.8500061035156,369.6499938964844,2075316.0
2026-05-12T00:00:00,367.1499938964844,368.95001220703125,363.95001220703125,366.1000061035156,3062450.0
2026-05-13T00:00:00,369.0,370.0,364.54998779296875,365.5,1419575.0
2026-05-15T00:00:00,369.3999938964844,370.79998779296875,362.8999938964844,364.5,3563771.0
2026-05-18T00:00:00,361.25,368.79998779296875,358.0,366.20001220703125,2269957.0
2026-05-19T00:00:00,366.95001220703125,369.75,366.3999938964844,368.1499938964844,1878625.0
2026-05-20T00:00:00,367.75,375.54998779296875,366.29998779296875,372.20001220703125,2154342.0
2026-05-21T00:00:00,372.70001220703125,376.5,372.25,376.5,3143031.0
2026-05-22T00:00:00,378.5,381.25,377.29998779296875,380.54998779296875,2723973.0
2026-05-25T00:00:00,383.79998779296875,387.8500061035156,383.75,387.04998779296875,1945028.0
2026-05-26T00:00:00,387.0,387.04998779296875,382.20001220703125,382.8500061035156,2236449.0
2026-05-27T00:00:00,382.70001220703125,386.0,380.79998779296875,383.20001220703125,2755439.0
2026-05-28T00:00:00,379.3999938964844,380.25,376.5,377.8999938964844,2167615.0
2026-05-29T00:00:00,378.0,380.75,377.54998779296875,380.75,10783737.0
2026-06-01T00:00:00,380.5,383.45001220703125,377.3500061035156,379.75,2598277.0
2026-06-02T00:00:00,382.25,385.04998779296875,380.0,382.6000061035156,2922045.0
2026-06-03T00:00:00,381.6000061035156,382.3999938964844,377.54998779296875,379.29998779296875,3084793.0
2026-06-04T00:00:00,378.6000061035156,383.3999938964844,377.8999938964844,380.70001220703125,1928595.0
2026-06-05T00:00:00,380.0,382.75,377.1000061035156,379.95001220703125,2042920.0
2026-06-08T00:00:00,375.95001220703125,381.70001220703125,373.29998779296875,380.6000061035156,1880835.0
2026-06-09T00:00:00,380.1499938964844,383.54998779296875,377.75,377.75,1976074.0
2026-06-10T00:00:00,377.6499938964844,379.8999938964844,372.8999938964844,377.04998779296875,1641598.0
2026-06-11T00:00:00,375.54998779296875,379.54998779296875,374.95001220703125,376.8999938964844,1575114.0
2026-06-12T00:00:00,382.8500061035156,385.8500061035156,378.1000061035156,379.1000061035156,2928429.0
2026-06-15T00:00:00,385.1499938964844,388.8500061035156,382.5,382.8500061035156,3033444.0
2026-06-16T00:00:00,384.0,387.3500061035156,382.8999938964844,383.6499938964844,2257345.0
2026-06-17T00:00:00,383.6499938964844,387.5,382.29998779296875,386.25,2642859.0
2026-06-18T00:00:00,387.5,391.1499938964844,386.75,391.1499938964844,3956589.0
2026-06-22T00:00:00,390.8999938964844,393.75,387.5,393.75,2404251.0
2026-06-23T00:00:00,390.75,390.8999938964844,386.8500061035156,388.6499938964844,3092426.0
2026-06-24T00:00:00,388.5,392.95001220703125,388.5,392.0,3743380.0
2026-06-25T00:00:00,393.04998779296875,399.54998779296875,393.04998779296875,397.5,3067944.0
2026-06-26T00:00:00,395.5,396.0,391.04998779296875,394.3500061035156,2196607.0
2026-06-29T00:00:00,394.3500061035156,397.95001220703125,392.8999938964844,397.0,2046672.0
2026-06-30T00:00:00,399.0,404.8500061035156,398.25,402.54998779296875,3342158.0
2026-07-01T00:00:00,404.0,404.5,397.54998779296875,399.20001220703125,2769242.0
2026-07-02T00:00:00,398.20001220703125,405.5,396.75,402.8500061035156,3466497.0
2026-07-03T00:00:00,404.3500061035156,407.6499938964844,402.6000061035156,405.79998779296875,2262904.0
2026-07-06T00:00:00,406.3500061035156,406.79998779296875,402.29998779296875,403.75,2132592.0
2026-07-07T00:00:00,402.0,402.0,397.79998779296875,398.20001220703125,2471653.0
2026-07-08T00:00:00,396.0,396.04998779296875,389.04998779296875,391.95001220703125,2479102.0
2026-07-09T00:00:00,394.0,396.95001220703125,390.95001220703125,396.79998779296875,2187267.0
2026-07-10T00:00:00,396.3500061035156,396.75,393.0,394.3999938964844,1457399.0
2026-07-13T00:00:00,392.45001220703125,393.0,389.5,391.25,1897022.0
2026-07-14T00:00:00,389.20001220703125,394.8500061035156,387.3999938964844,394.8500061035156,2183291.0
2026-07-15T00:00:00,394.8500061035156,394.8500061035156,390.29998779296875,393.25,2349238.0
2026-07-16T00:00:00,393.5,395.75,387.79998779296875,394.29998779296875,2553608.0
2026-07-17T00:00:00,394.1499938964844,397.0,389.79998779296875,397.0,2540116.0
2026-07-20T00:00:00,396.8500061035156,398.8999938964844,394.04998779296875,397.54998779296875,1942350.0
2026-07-21T00:00:00,398.5,398.79998779296875,393.20001220703125,396.0,1945205.0
2026-07-22T00:00:00,395.75,402.95001220703125,394.29998779296875,402.1000061035156,2484813.0
2026-07-23T00:00:00,402.0,402.1000061035156,396.1000061035156,398.29998779296875,2273592.0
2026-07-24T00:00:00,397.25,403.5,397.25,403.5,2115644.0
2026-07-27T00:00:00,405.3500061035156,411.1000061035156,405.25,406.70001220703125,2781615.0
2026-07-28T00:00:00,407.29998779296875,407.8500061035156,403.25,407.54998779296875,2229626.0
2026-07-29T00:00:00,407.54998779296875,411.45001220703125,406.3999938964844,407.0,2271210.0
2026-07-30T00:00:00,407.0,409.70001220703125,406.0,407.8999938964844,2092695.0
2026-08-03T00:00:00,413.5,417.3999938964844,412.5,416.0,3154457.0
2026-08-04T00:00:00,417.8999938964844,423.25,417.6499938964844,422.5,2827441.0
2026-08-05T00:00:00,424.20001220703125,425.1499938964844,421.04998779296875,424.04998779296875,2333051.0
2026-08-06T00:00:00,424.6499938964844,426.79998779296875,423.0,423.70001220703125,2270126.0
2026-08-07T00:00:00,423.79998779296875,426.5,422.04998779296875,423.70001220703125,2260554.0
2026-08-10T00:00:00,424.20001220703125,424.8999938964844,420.75,422.70001220703125,1949749.0
2026-08-11T00:00:00,422.70001220703125,423.0,420.04998779296875,421.6000061035156,510880.0
