timestamp,open,high,low,close,volume
2018-01-02T00:00:00,112.7449574334231,113.88420127137769,112.62710549131762,113.25565338134766,3753938.0
2018-01-03T00:00:00,113.29494690549602,115.61269767744183,113.29494690549602,115.53413391113281,3019130.0
2018-01-04T00:00:00,116.04481391068762,117.77331749042423,116.00553832687731,117.41976165771484,4103127.0
2018-01-05T00:00:00,117.49833442307985,118.91255786225857,117.34119428659208,118.48043823242188,2175286.0
2018-01-08T00:00:00,119.4232485756951,120.32677597862263,118.5197085763644,120.09107208251953,4573454.0
2018-01-09T00:00:00,119.97320101590076,120.68031259152693,119.34465319432155,120.16961669921875,4463626.0
2018-01-10T00:00:00,120.0517852847532,120.3660529510452,119.30538540635594,119.8553695678711,5068290.0
2018-01-11T00:00:00,119.97322908875141,121.62315648461664,119.89465271991699,121.15174865722656,5022531.0
2018-01-12T00:00:00,121.70171007057148,121.70171007057148,120.79818267583411,120.99459838867188,4042221.0
2018-01-15T00:00:00,119.97321908927852,123.19449724368894,119.81607896111103,122.29096984863281,5256329.0
2018-01-16T00:00:00,121.93741356509729,122.72308901027769,121.38744201311131,121.7802734375,4481704.0
2018-01-17T00:00:00,121.23030300978738,122.91951845881394,121.0731628807328,122.1731185913086,4124853.0
2018-01-18T00:00:00,122.56596609402385,123.7444856043704,122.21241024091988,122.88023376464844,3758880.0
2018-01-19T00:00:00,122.88021714013416,125.04084014892578,122.8409289629701,125.04084014892578,3591491.0
2018-01-22T00:00:00,124.96226433637129,125.55152401437812,124.53014477130023,125.08011627197266,3921070.0
2018-01-23T00:00:00,125.4337171462681,125.66942110215767,124.29448555827058,124.53018951416016,3578859.0
2018-01-24T00:00:00,124.60872624115758,124.92300651170018,123.8623389405271,123.94090270996094,3492715.0
2018-01-25T00:00:00,123.54804733397741,125.90508616476136,123.3516316302129,123.8623275756836,5712225.0
2018-01-26T00:00:00,124.49087779604191,125.04086198678414,120.20893180420076,123.35164642333984,6921338.0
2018-01-29T00:00:00,123.19449625178801,123.74448039774447,121.74099731445312,121.74099731445312,3077780.0
2018-01-30T00:00:00,121.2696004496378,122.76238770221416,120.91604457957466,121.30887603759766,3210489.0
2018-01-31T00:00:00,121.74098192539805,123.43018454135583,121.46598988718105,121.89810943603516,3209606.0
2018-02-01T00:00:00,122.36953707589025,122.9195212418319,119.85537053251255,120.40534210205078,6140957.0
2018-02-02T00:00:00,119.85537773784058,120.32678556761388,117.45905040435825,117.77333068847656,4875306.0
2018-02-05T00:00:00,120.13034727366835,120.24819922133345,115.49484572977673,115.53413391113281,7864283.0
2018-02-06T00:00:00,111.5664451177362,116.04481920295984,111.17361368330126,114.04133605957031,8402894.0
2018-02-07T00:00:00,115.33769808245859,118.99110822192868,114.23775504021967,118.28399658203125,7511796.0
2018-02-08T00:00:00,117.85189276576493,117.89118094981552,114.63060177652414,114.90559387207031,5392076.0
2018-02-09T00:00:00,114.31632409149994,115.96625132761253,113.21636840195725,113.2949447631836,5063825.0
2018-02-12T00:00:00,115.1020156238921,116.39838720496913,113.80564404281509,114.47348022460938,3855071.0
2018-02-13T00:00:00,114.3163232486083,114.82701920720238,113.45207145631124,113.5699234008789,2994204.0
2018-02-14T00:00:00,114.15918220303634,115.06272216836992,111.52716385985424,114.31632232666016,4220822.0
2018-02-15T00:00:00,115.14129778356588,115.88769770210318,114.00206641013862,114.90559387207031,3522281.0
2018-02-16T00:00:00,115.49485660916311,116.43767227929523,115.33771646533964,116.39838409423828,2683018.0
2018-02-19T00:00:00,116.75192951631766,116.83050587939564,115.53413444904389,115.57341003417969,2201771.0
2018-02-20T00:00:00,115.73055512410646,118.48043823242188,115.49485121757667,118.48043823242188,2940148.0
2018-02-21T00:00:00,118.51971615677687,118.9125602075424,117.10549268970577,118.79470825195312,3612479.0
2018-02-22T00:00:00,117.85189147048419,119.93393846701048,117.14477974376918,119.69823455810547,2803692.0
2018-02-23T00:00:00,119.77679109607716,119.93393122465936,118.20544019586755,118.91255187988281,2224007.0
2018-02-26T00:00:00,119.38397908818187,120.32679482022695,119.1482751551706,119.5018310546875,2064396.0
2018-02-27T00:00:00,119.81607960244664,121.38744310332326,119.5411001221855,120.87674713134766,2807395.0
2018-02-28T00:00:00,120.40533220866138,122.4481033791596,120.16962832731167,121.38743591308594,3715927.0
2018-03-01T00:00:00,121.23030661441014,122.09455845530302,118.79470382186192,118.83399200439453,4704070.0
2018-03-02T00:00:00,117.53762110949333,117.96974073382711,113.17709889422234,113.68778228759766,5843152.0
2018-03-05T00:00:00,113.33423095287822,115.6519944942897,112.98067508348366,114.7877426147461,4343966.0
2018-03-06T00:00:00,115.73055640730954,116.39837995108076,115.33771235993619,115.80912017822266,4590131.0
2018-03-07T00:00:00,115.41626299405871,115.41626299405871,112.86279615005837,114.984130859375,4522655.0
2018-03-08T00:00:00,115.37700732686436,117.38049067237108,114.98416325639484,117.22335052490234,3985404.0
2018-03-09T00:00:00,117.38046924096307,118.51970046199706,116.55550566108272,118.28399658203125,2614967.0
2018-03-12T00:00:00,119.03039915958459,119.34466680802227,117.26262001886779,117.81259155273438,3171733.0
2018-03-13T00:00:00,117.81260728691984,119.2661189733193,116.86979161928869,117.02693176269531,3365638.0
2018-03-14T00:00:00,117.10548557153122,119.50181272165509,117.02692180471514,118.00902557373047,3482297.0
2018-03-15T00:00:00,118.75541521683986,121.03389046395864,118.5589994976826,120.9160385131836,3714063.0
2018-03-16T00:00:00,120.9160492821563,120.95532487164361,119.18754545257667,119.81609344482422,3532493.0
2018-03-19T00:00:00,118.95183507679496,119.1089626023901,116.55550804924232,117.14476776123047,2962279.0
2018-03-20T00:00:00,117.85189012421928,118.99112147211167,117.26263035868809,118.63756561279297,3578376.0
2018-03-21T00:00:00,118.71614016225237,120.13035098147985,118.08759222317076,119.65894317626953,3395574.0
2018-03-22T00:00:00,119.06967372715943,119.89463731912322,116.67335931000913,117.26261901855469,3307924.0
2018-03-23T00:00:00,116.51623962753648,117.69475925135671,114.8270365643306,116.94837188720703,4446222.0
2018-03-26T00:00:00,116.98761295843309,117.53759701820611,114.82700268321369,115.10198211669922,3117858.0
2018-03-27T00:00:00,117.45902879449328,118.36256869959685,116.79120535731391,117.69473266601562,4440960.0
2018-03-28T00:00:00,115.9269615162909,117.1840573142002,114.59131455106602,116.90906524658203,4378482.0
2018-03-29T00:00:00,117.5769105326956,120.52320967352895,117.53763494175453,119.77680969238281,1734413.0
2018-04-03T00:00:00,119.06969126757686,119.14826763789318,117.22334810761272,118.20545196533203,3229929.0
2018-04-04T00:00:00,118.912545875489,119.06967339973407,115.41627581320041,116.59479522705078,3608582.0
2018-04-05T00:00:00,118.67684870590085,120.20892403057108,118.16615273220972,120.09107208251953,3283433.0
2018-04-06T00:00:00,119.42325621389718,120.05179157943724,118.51971615677687,118.79470825195312,3013585.0
2018-04-09T00:00:00,119.42325522312285,121.23031012956359,118.87327103733318,119.54110717773438,3299174.0
2018-04-10T00:00:00,120.64102636893146,122.17310147425214,120.48388626189298,121.89810943603516,3492690.0
2018-04-11T00:00:00,122.01597465028183,122.36953048230664,120.64103950231957,120.79817962646484,4208361.0
2018-04-12T00:00:00,121.15174199831095,123.5480565915647,120.40534211383334,122.99808502197266,4214019.0
2018-04-13T00:00:00,123.46949559359449,124.84443084662414,122.60524373935668,123.82305145263672,5473034.0
2018-04-16T00:00:00,123.86232048867174,125.15869177142862,123.31233639535553,123.90159606933594,3263949.0
2018-04-17T00:00:00,124.9230081364394,126.25865521620403,124.21589641312737,125.66939544677734,4005112.0
2018-04-18T00:00:00,126.45506762789556,127.71215077905352,124.92299242013341,127.08360290527344,1947938.0
2018-04-19T00:00:00,126.80860914745337,127.90856476271136,126.10151011898998,126.65148162841797,3696570.0
2018-04-20T00:00:00,126.6515059221199,127.00506180237005,125.59083828136944,126.41580200195312,4289151.0
2018-04-23T00:00:00,126.14080408306368,126.69078826904297,125.04086090391286,126.69078826904297,3712397.0
2018-04-24T00:00:00,126.96576886516999,129.83350398534193,122.8409504166232,123.35164642333984,10758492.0
2018-04-25T00:00:00,123.35162333091593,123.58732719813578,118.87324985373866,120.13033294677734,6907625.0
2018-04-26T00:00:00,120.32678109139576,122.48739183321143,120.01250081896883,121.23030853271484,4081142.0
2018-04-27T00:00:00,121.38746055737568,122.09457234498383,119.7768086435538,120.52320861816406,3150958.0
2018-04-30T00:00:00,121.47103120992776,122.19551090618363,120.30381822344711,120.74655151367188,2204235.0
2018-05-02T00:00:00,121.5515208160415,123.44321343907906,121.06853436711324,122.31625366210938,4286359.0
2018-05-03T00:00:00,122.47726931093996,122.83949628875939,121.02830977647805,121.5515365600586,2789772.0
2018-05-04T00:00:00,122.31625415005824,122.75898742807719,121.02829458304304,121.79301452636719,2360124.0
2018-05-07T00:00:00,121.95402178477347,124.7714343168712,121.87352833996346,124.44944763183594,2538618.0
2018-05-08T00:00:00,124.52995599265016,126.38140869140625,123.88598254544551,126.38140869140625,3540053.0
2018-05-09T00:00:00,126.38140080122334,128.99757341842792,126.05941409772313,128.55484008789062,3050781.0
2018-05-11T00:00:00,128.39383227169589,128.71583186089984,126.7436327737574,126.90463256835938,3735711.0
2018-05-14T00:00:00,127.105864991383,127.4278516554358,126.05939865386561,127.1461181640625,2496612.0
2018-05-15T00:00:00,126.98513070973915,128.4743433739544,126.42165076648273,127.91085052490234,3229246.0
2018-05-16T00:00:00,127.83034184612711,129.15855455152445,127.02536875084797,128.63531494140625,3521651.0
2018-05-17T00:00:00,128.51459391679336,129.319580078125,127.95111392849851,129.319580078125,2213733.0
2018-05-18T00:00:00,129.40005960505505,131.57349877629673,129.40005960505505,131.13075256347656,3579518.0
2018-05-21T00:00:00,131.05026240674954,132.4992218906025,131.01000923026618,131.5332489013672,2230887.0
2018-05-22T00:00:00,132.01622822000078,132.41872124556912,131.0502552832727,131.73448181152344,2258346.0
2018-05-23T00:00:00,131.2112546880445,131.2112546880445,127.50836274342906,128.87681579589844,3891002.0
2018-05-24T00:00:00,128.9573443045332,130.08430431719108,127.06563838007689,127.7498779296875,2347736.0
2018-05-25T00:00:00,128.31333929253182,128.8768192169891,126.98512647318631,127.34736633300781,1870562.0
2018-05-28T00:00:00,128.3133316055842,128.55482483099792,126.98511886580877,127.10586547851562,1343752.0
2018-05-29T00:00:00,126.13990013360281,127.87060598801506,125.49591385865506,127.34736633300781,2766524.0
2018-05-30T00:00:00,127.26687258356944,128.39383242978545,124.04695412233609,124.24820709228516,5161538.0
2018-05-31T00:00:00,124.24819561170294,125.41540852521688,121.18927722791507,123.1614761352539,6806702.0
2018-06-01T00:00:00,123.64447064964534,125.61665678007651,123.28223080048923,125.29467010498047,2410056.0
2018-06-04T00:00:00,125.81791799345693,126.05941124206045,123.08098590541988,124.2884521484375,2744654.0
2018-06-05T00:00:00,124.08720729748494,125.53616673330139,123.36272757957671,124.24820709228516,3256106.0
2018-06-06T00:00:00,124.24820709228516,124.24820709228516,124.24820709228516,124.24820709228516,0.0
2018-06-07T00:00:00,125.9788927935425,126.50213241721292,124.89217327916161,125.41541290283203,3795011.0
2018-06-08T00:00:00,124.16770928892994,125.53617537444067,123.16149599310374,124.65069580078125,1973395.0
2018-06-11T00:00:00,124.65067198914218,125.45565795898438,123.7249523201966,125.45565795898438,2700100.0
2018-06-12T00:00:00,125.85815724847896,126.42165009453598,124.57019756825467,124.6104507446289,3396767.0
2018-06-13T00:00:00,124.6909441915818,125.25442413184327,123.16149126470324,124.6104507446289,3350063.0
2018-06-14T00:00:00,123.88597837540954,126.38140443737355,123.00049878306267,126.05941772460938,3631518.0
2018-06-15T00:00:00,125.65691765064756,126.58263746437098,124.81169128417969,124.81169128417969,3352217.0
2018-06-18T00:00:00,124.44944758671583,125.1739273071289,123.20172821073935,125.1739273071289,3749536.0
2018-06-19T00:00:00,123.72497236968142,124.08721224307288,122.03451962718798,122.5979995727539,3889679.0
2018-06-20T00:00:00,125.29466677210384,127.91083908893094,125.13366698594105,126.34113311767578,7046547.0
2018-06-21T00:00:00,126.4216389806307,126.82411908580818,122.71873425359567,123.00048065185547,3758599.0
2018-06-22T00:00:00,123.00048065185547,123.00048065185547,123.00048065185547,123.00048065185547,0.0
2018-06-25T00:00:00,124.20795070753002,124.20795070753002,120.58555221159378,120.706298828125,3993621.0
2018-06-26T00:00:00,120.78680516046575,121.99425841982428,120.06232546137373,121.18928527832031,3221935.0
2018-06-27T00:00:00,121.02829827065338,126.34113648614085,120.78680503786782,125.05317687988281,5294251.0
2018-06-28T00:00:00,124.77143392684366,125.29467358096116,121.67227498890584,122.79924774169922,3880191.0
2018-06-29T00:00:00,123.92619620888402,128.07183407437392,123.56395638294202,127.99134063720703,4604123.0
2018-07-02T00:00:00,126.62289012117566,126.62289012117566,124.40919772567588,125.09343719482422,3354751.0
2018-07-03T00:00:00,125.45568192439747,125.89841525832915,124.48970890069485,124.65069580078125,3226375.0
2018-07-04T00:00:00,124.57019392133238,124.57019392133238,120.9880485027635,121.8332748413086,2345728.0
2018-07-05T00:00:00,121.95402144662842,123.28223426418451,121.31003517254828,122.07476806640625,3927291.0
2018-07-06T00:00:00,122.51749321806358,123.00047966503716,118.93534803827424,121.14904022216797,3921963.0
2018-07-09T00:00:00,121.55154396268706,122.92001013050759,121.31005069223619,122.7590103149414,2899440.0
2018-07-10T00:00:00,122.75899169958008,123.68471146066523,122.27600523191916,123.56396484375,2551552.0
2018-07-11T00:00:00,122.71875695492206,122.75901013520387,121.10881042480469,121.10881042480469,2838975.0
2018-07-12T00:00:00,121.5515284265285,122.51750138486574,120.66606181858282,121.8332748413086,2924205.0
2018-07-13T00:00:00,122.11499740635195,123.76520966614956,122.11499740635195,123.12122344970703,2364244.0
2018-07-16T00:00:00,122.96023175050065,124.4494443276151,122.55775163134152,123.80545806884766,2687642.0
2018-07-17T00:00:00,124.16768975885637,127.8705943711584,119.29758513422817,123.12122344970703,5961069.0
2018-07-18T00:00:00,123.88597527168659,125.33493480151895,123.04074887928438,124.69094848632812,3531295.0
2018-07-19T00:00:00,125.81791789901045,127.02538414112168,124.81169172865256,125.25442504882812,3754988.0
2018-07-20T00:00:00,125.49592559671206,127.34737824423742,123.60423267597285,124.3287124633789,5407866.0
2018-07-23T00:00:00,123.8859562751204,124.3286895394155,122.79923679438278,123.12122344970703,1762556.0
2018-07-24T00:00:00,123.12126406980552,128.15237013485256,123.00051742099801,127.5888900756836,3598267.0
2018-07-25T00:00:00,127.38763562969154,127.42787590423414,125.05319638014372,125.37518310546875,2281099.0
2018-07-26T00:00:00,126.58262256679582,128.15232849121094,126.5021291290136,128.15232849121094,2449224.0
2018-07-27T00:00:00,128.3938288572212,128.83657505415357,127.79009577576323,128.43408203125,1992376.0
2018-07-30T00:00:00,128.27308939157095,129.27931555202503,127.50836938295775,128.23284912109375,1361470.0
2018-07-31T00:00:00,128.39384065624367,129.84280018489795,127.06562775497724,129.48056030273438,2402354.0
2018-08-01T00:00:00,129.7623145139861,130.2453010524907,128.51459498758362,128.75608825683594,2077657.0
2018-08-02T00:00:00,128.07183788748353,128.07183788748353,125.49590585771526,126.42163848876953,2561118.0
2018-08-03T00:00:00,126.62289041731664,128.1121030765862,126.4216503466353,127.22662353515625,1771626.0
2018-08-06T00:00:00,127.427859329666,127.99135215793724,126.1801528651979,126.66313934326172,2019433.0
2018-08-07T00:00:00,127.14613319927192,129.23906612179894,127.14613319927192,129.0780792236328,1999541.0
2018-08-08T00:00:00,129.5208096533045,129.8830495247644,128.5548366627448,129.60130310058594,1687855.0
2018-08-09T00:00:00,129.6012954628809,129.96353531299314,128.99756237936046,129.84278869628906,1728485.0
2018-08-10T00:00:00,129.31956579896405,129.88304572504074,128.75607296709208,129.2390594482422,1749713.0
2018-08-13T00:00:00,129.03780794194287,129.27930116110602,128.03158189349838,128.63531494140625,1876701.0
2018-08-14T00:00:00,129.07808032816266,129.64156028815768,127.87061405260474,128.03160095214844,1277280.0
2018-08-15T00:00:00,128.3535723012129,128.43406573326124,122.27598908383592,122.67848205566406,4031112.0
2018-08-16T00:00:00,123.84571125181716,125.37516409747849,122.35651158039256,123.56396484375,3098411.0
2018-08-17T00:00:00,123.92621539661916,125.8984146118164,123.20173563256255,125.8984146118164,2637966.0
2018-08-20T00:00:00,125.89839935144705,127.91083859462988,125.61665295319958,127.10586547851562,2139200.0
2018-08-21T00:00:00,127.18638151828434,128.95734075653166,127.18638151828434,128.7963409423828,2130507.0
2018-08-22T00:00:00,128.55483198272057,129.11831190476846,127.79009909110229,128.3535919189453,2577336.0
2018-08-23T00:00:00,128.11208326671772,128.11208326671772,125.41540478875419,125.45565795898438,2676932.0
2018-08-24T00:00:00,125.45569982273277,125.97892668135462,124.6104733064074,125.81793975830078,1927825.0
2018-08-27T00:00:00,126.38138952504934,129.40005493164062,126.18014946654152,129.40005493164062,1826332.0
2018-08-28T00:00:00,129.11831987279024,130.36603931910335,128.8365863472778,130.00379943847656,1851369.0
2018-08-29T00:00:00,129.8427929765258,130.36603263475692,128.39383352831217,130.16477966308594,1976011.0
2018-08-30T00:00:00,130.7685045989055,133.4249300880475,130.64775798576267,132.8614501953125,4999833.0
2018-08-31T00:00:00,132.6602170148256,132.6602170148256,128.63532539961315,128.83657836914062,4270155.0
2018-09-03T00:00:00,128.95734125174403,129.7623145139861,128.63534162220978,128.75608825683594,1374967.0
2018-09-04T00:00:00,129.11832415303016,129.15857733192172,125.97891175019403,126.74364471435547,2355908.0
2018-09-05T00:00:00,126.22039377359536,126.58263363397735,124.16770123143075,124.20795440673828,2700993.0
2018-09-06T00:00:00,122.63825225830078,124.08721174606303,122.03451913839984,122.63825225830078,4249230.0
2018-09-07T00:00:00,122.51749420264969,123.96645355521471,120.86729479749323,121.79301452636719,4677770.0
2018-09-10T00:00:00,121.79304891197997,123.72499526084295,121.39056869316558,123.32250213623047,2331590.0
2018-09-11T00:00:00,123.64448935463952,123.64448935463952,121.35030329625198,123.2822494506836,1971346.0
2018-09-12T00:00:00,123.16148375100072,124.85193637445136,122.75899072919992,123.64447021484375,2834174.0
2018-09-13T00:00:00,123.36272097123853,125.93865302107773,123.24197435805536,124.40918731689453,2384255.0
2018-09-14T00:00:00,124.97271324197541,126.05943304867945,124.57022012274498,125.81793975830078,1623522.0
2018-09-17T00:00:00,125.21418379665704,126.18015678277573,124.24821081053835,125.33493041992188,1577469.0
2018-09-18T00:00:00,124.85192963992206,125.49590295311359,122.5577440604163,123.08097076416016,2370718.0
2018-09-19T00:00:00,124.36893948980159,126.13988540690787,124.20793971341242,125.61664581298828,2461051.0
2018-09-20T00:00:00,125.53614408261586,128.1523160677571,125.33490405477203,128.11207580566406,3226397.0
2018-09-21T00:00:00,128.47434277191846,130.28554212296493,128.39383641911934,129.1585693359375,3763488.0
2018-09-24T00:00:00,128.71583662189224,129.07807649379902,127.3876237582341,127.91085052490234,1866099.0
2018-09-25T00:00:00,127.74985936807455,128.35359246777708,127.06561991788158,127.34736633300781,1442910.0
2018-09-26T00:00:00,127.34737825187264,127.7901115978263,125.81792522474477,127.42787170410156,1479497.0
2018-09-27T00:00:00,126.62288697727755,129.27931262360312,126.62288697727755,129.2390594482422,1915014.0
2018-09-28T00:00:00,129.07807608753097,129.07807608753097,126.90463686293121,126.9851303100586,2353294.0
2018-10-01T00:00:00,127.26688388574901,128.15235057129786,126.26065766402935,127.025390625,1459744.0
2018-10-02T00:00:00,126.34113214341171,126.42163848876953,124.08719968348595,126.42163848876953,2032714.0
2018-10-03T00:00:00,124.36896513288062,127.99136405507079,124.36896513288062,127.7096176147461,2553179.0
2018-10-04T00:00:00,127.10586211664855,127.18635555439265,124.65067675461567,125.73739624023438,2308430.0
2018-10-05T00:00:00,125.69717151347133,126.42165126011369,122.83949279785156,122.83949279785156,2796366.0
2018-10-08T00:00:00,122.67850541206745,123.76522502768695,121.8332790443634,122.87974548339844,2661807.0
2018-10-09T00:00:00,123.0809892402321,125.21418826455819,122.03452276986195,123.96646881103516,3498957.0
2018-10-10T00:00:00,124.04697017870303,124.08722335906216,117.28517150878906,117.28517150878906,4590447.0
2018-10-11T00:00:00,115.23246004738935,115.8764333940644,113.22002075388903,114.26648712158203,5412051.0
2018-10-12T00:00:00,115.2324721328288,116.84241857416036,113.78351259215273,113.86400604248047,3182419.0
2018-10-15T00:00:00,115.47395771575611,115.47395771575611,112.4955453820074,112.89802551269531,3402684.0
2018-10-16T00:00:00,111.61006247340079,115.9166875003359,110.92583594738161,115.87643432617188,3759333.0
2018-10-17T00:00:00,116.15818025874412,117.56688647918611,115.0714607129131,115.43370056152344,3006104.0
2018-10-18T00:00:00,115.11172064469154,115.99718727830275,113.17977467201902,114.06525421142578,3294001.0
2018-10-19T00:00:00,113.50176176562431,114.02500143699939,106.61921066661537,109.71837615966797,7068726.0
2018-10-22T00:00:00,110.92584244221129,111.52957556104653,108.91339010889679,109.23538970947266,3455470.0
2018-10-23T00:00:00,107.46442301182203,111.65030757220381,103.92252466251252,108.91337585449219,8512915.0
2018-10-24T00:00:00,109.7183733980259,110.2416001504356,106.29721484353846,108.5511474609375,6694512.0
2018-10-25T00:00:00,107.54493725585625,112.3748022190735,105.33124484578313,111.36857604980469,7159189.0
2018-10-26T00:00:00,109.55737692050826,110.20136321889896,107.26319105812377,108.95364379882812,6000116.0
2018-10-29T00:00:00,109.23539035772455,116.03744159977079,109.23539035772455,112.5357894897461,4880733.0
2018-10-30T00:00:00,112.85778138915477,114.95071413348764,111.04658214552354,114.22623443603516,4278254.0
2018-10-31T00:00:00,115.55446225814751,118.00964807662963,115.15196918301044,116.64118194580078,5075205.0
2018-11-01T00:00:00,116.31919924498177,117.1241725172504,114.3469998862572,115.5544662475586,4061405.0
2018-11-02T00:00:00,117.52664615242735,119.57933862686329,116.96315333989546,117.36564636230469,2864941.0
2018-11-05T00:00:00,116.15818359753058,116.80216987105763,114.62873071692341,115.5947036743164,3339784.0
2018-11-06T00:00:00,115.67521288368873,116.27894606433942,115.03122652239567,115.5544662475586,2214168.0
2018-11-07T00:00:00,115.9971881821424,117.56689429716982,113.82376185174623,114.95072174072266,2940306.0
2018-11-08T00:00:00,115.35320665671419,116.35941985051115,113.98474070996484,114.50798034667969,2404513.0
2018-11-09T00:00:00,114.06526272985407,114.46774290035448,111.0868371956905,111.61007690429688,3286577.0
2018-11-12T00:00:00,111.97230978679661,112.97853596160634,109.71837709348222,110.12085723876953,2677475.0
2018-11-13T00:00:00,110.04035518595744,111.48931456959606,107.98766272580274,110.4428482055664,3690104.0
2018-11-14T00:00:00,108.59140060404235,110.00010687627221,107.58518091632136,109.03413391113281,3239100.0
2018-11-15T00:00:00,109.27563225097056,110.92584474727572,107.26319278163272,108.18891906738281,3893456.0
2018-11-16T00:00:00,108.99388219699743,110.64408153723979,108.26940254921386,108.91337585449219,2928200.0
2018-11-19T00:00:00,109.19513719117073,110.24160363486126,107.38393782374729,107.50468444824219,2705645.0
2018-11-20T00:00:00,106.4984567382838,106.57895663287344,104.04327770872202,105.37149047851562,4191272.0
2018-11-21T00:00:00,106.0959835615598,107.54494312966314,105.0092638854823,107.34369659423828,3195318.0
2018-11-22T00:00:00,107.34368304633428,107.38392976718042,105.25074386307983,105.37149047851562,1930993.0
2018-11-23T00:00:00,105.13000701497158,106.41796673068232,104.52627388170156,105.29100036621094,2699131.0
2018-11-26T00:00:00,106.09597600202113,107.5851821899414,105.93497620399351,107.5851821899414,3406964.0
2018-11-27T00:00:00,106.25697174577212,107.02169821852405,104.2847790250446,104.84825897216797,4527319.0
2018-11-28T00:00:00,105.17025379617264,105.77398692976767,104.28478068453258,104.80801391601562,3756240.0
2018-11-29T00:00:00,105.85447782017876,108.59139682420901,105.77397792491995,108.4303970336914,3905292.0
2018-11-30T00:00:00,108.43040463836768,108.79264451309155,106.82045824345872,108.6718978881836,3691713.0
2018-12-03T00:00:00,112.69679738530756,113.78351708371245,109.71838473605601,109.8793716430664,5105354.0
2018-12-04T00:00:00,109.5171237437977,109.87936361680578,108.59140392582005,108.95364379882812,3081082.0
2018-12-05T00:00:00,107.86693378942728,108.51092014518929,106.69972061879318,106.7399673461914,2115245.0
2018-12-06T00:00:00,105.451991942038,105.73373836808578,101.50760650634766,101.50760650634766,4701655.0
2018-12-07T00:00:00,101.50760814670639,103.19806091871929,101.50760814670639,101.70885467529297,3633374.0
2018-12-10T00:00:00,100.70262104241624,101.02461417377692,99.05242156982422,99.05242156982422,3740714.0
2018-12-11T00:00:00,99.45491924330004,102.19184503305705,99.41467251722507,101.5881118774414,3131599.0
2018-12-12T00:00:00,101.95034019320147,104.08352613219735,101.46735372355751,103.88228607177734,4199904.0
2018-12-13T00:00:00,104.24452473641325,104.56651141057606,102.95655868106991,104.12377166748047,3451726.0
2018-12-14T00:00:00,102.8760528702728,104.72749872538378,102.39306643390498,103.35903930664062,3311670.0
2018-12-17T00:00:00,103.52005230343407,103.92253890082576,101.86984628420184,102.47357940673828,2951846.0
2018-12-18T00:00:00,101.99059070583858,104.24452979892497,101.66859756314118,103.27855682373047,3335228.0
2018-12-19T00:00:00,102.67482377040287,103.6407967461258,102.03083748465578,102.5540771484375,3321501.0
2018-12-20T00:00:00,101.38685393478876,102.15158036156731,100.25988765539444,101.22586059570312,3281481.0
2018-12-21T00:00:00,100.78311322633594,101.99057931041872,100.34037996410358,100.50137329101562,4855971.0
2018-12-27T00:00:00,100.74286650783218,101.99057931041872,99.73664692206218,100.50137329101562,3657464.0
2018-12-28T00:00:00,100.86362828928651,102.67482768787175,100.86362828928651,101.70885467529297,2282885.0
2019-01-02T00:00:00,101.02461408217299,101.70884706585748,99.13292137600011,101.22586059570312,2522849.0
2019-01-03T00:00:00,100.501374923512,101.18560141367517,98.64992904881007,98.77067565917969,2668970.0
2019-01-04T00:00:00,99.25367559376471,104.40552736797603,99.25367559376471,104.32502746582031,3224071.0
2019-01-07T00:00:00,104.8482475327028,105.49223376329293,104.12376786296177,105.45198059082031,2588925.0
2019-01-08T00:00:00,106.57897909548979,109.19515201271886,106.45823245460541,108.2694320678711,4734843.0
2019-01-09T00:00:00,108.34990637587063,110.36234573298265,107.74617327815751,109.35613250732422,3417868.0
2019-01-10T00:00:00,107.86691284179688,108.43039272753846,105.93496705548935,107.86691284179688,3804211.0
2019-01-11T00:00:00,107.90718569231925,108.71216544918134,107.18271229991169,108.2694320678711,2317605.0
2019-01-14T00:00:00,107.30343295605529,108.26940584920905,106.69969989783418,107.86691284179688,2472499.0
2019-01-15T00:00:00,108.3096554694748,110.08061453039227,107.02169580264018,107.5851821899414,3758683.0
2019-01-16T00:00:00,107.6656808304017,109.59762676096794,107.3839344135957,108.79264068603516,5723145.0
2019-01-17T00:00:00,108.02791750463024,109.47688344924757,107.50468428358636,109.19513702392578,2743699.0
2019-01-18T00:00:00,110.08062378601964,112.09306335449219,110.08062378601964,112.09306335449219,5402539.0
2019-01-21T00:00:00,114.3067269120245,114.3067269120245,109.51711547684036,113.8237533569336,5381097.0
2019-01-22T00:00:00,114.78971826315521,115.51419798534776,112.09305234552424,112.89802551269531,3629668.0
2019-01-23T00:00:00,112.49554498239213,112.49554498239213,111.12707898784674,111.48931884765625,2745234.0
2019-01-24T00:00:00,111.81131251042017,113.30052521784454,110.96608611811368,112.9785385131836,3398153.0
2019-01-25T00:00:00,113.501751430381,115.6751904593899,113.46151116333638,115.51419067382812,3447031.0
2019-01-28T00:00:00,115.43370056152344,116.8021665137608,114.22623439948894,115.43370056152344,4357911.0
2019-01-29T00:00:00,115.91670155159002,117.92914110522337,114.5884886069168,117.40591430664062,4751273.0
2019-01-30T00:00:00,117.24490407046609,118.13038359010734,116.56067752234961,116.9631576538086,4173412.0
2019-01-31T00:00:00,117.68764080302375,118.6133735250751,115.75569481724098,116.15818786621094,8976338.0
2019-02-01T00:00:00,116.31917572521694,117.04365539550781,115.79593610585319,117.04365539550781,2269071.0
2019-02-04T00:00:00,117.04366351465092,117.56689026451579,116.35942406360421,117.00341033935547,2826988.0
2019-02-05T00:00:00,117.20466131721979,118.0498877365573,116.60092816055015,117.40591430664062,2743382.0
2019-02-06T00:00:00,117.08391502548267,118.77436786906077,116.84242176211437,118.33163452148438,2361579.0
2019-02-07T00:00:00,117.72790630113963,118.25114602898363,115.0312271118164,115.0312271118164,3181294.0
2019-02-08T00:00:00,115.03121862005216,115.95695137065243,114.06525850316692,114.145751953125,3037558.0
2019-02-11T00:00:00,115.11171339999224,116.56067278830456,114.78971382094855,115.47395324707031,2160864.0
2019-02-12T00:00:00,116.19844859720753,116.96316866243254,115.4739688054387,116.64118194580078,2084795.0
2019-02-13T00:00:00,116.72166392387768,117.84863667999356,116.31918379410398,117.00341033935547,2620516.0
2019-02-14T00:00:00,117.84864799474778,119.37810102748152,117.56690155221928,118.33163452148438,2712903.0
2019-02-15T00:00:00,118.41213535793077,121.95404107679683,117.4461622442216,121.67229461669922,4497452.0
2019-02-18T00:00:00,121.55151745366035,121.75277040567627,119.7805714918431,120.46479797363281,3401576.0
2019-02-19T00:00:00,120.18307499254084,120.5453148508718,119.09635541754794,119.4585952758789,3808508.0
2019-02-20T00:00:00,119.45857699841848,123.00046868965066,119.45857699841848,122.67848205566406,4009010.0
2019-02-21T00:00:00,123.08098892695138,123.9664684955006,122.2760157137768,122.5577621459961,2927548.0
2019-02-22T00:00:00,122.5577506644462,124.48969651971194,122.5577506644462,123.8859634399414,3003607.0
2019-02-25T00:00:00,124.77144535084747,125.21419160094418,123.24199232943108,124.12747192382812,1884512.0
2019-02-26T00:00:00,123.84571075439453,124.24820377776034,122.96023126530771,123.84571075439453,1549347.0
2019-02-27T00:00:00,122.87974885010672,123.56397543601533,122.03452245924483,122.5577621459961,1669516.0
2019-02-28T00:00:00,122.43700458577182,122.83948470352183,120.22331231496742,122.15525817871094,2783499.0
2019-03-01T00:00:00,122.83949265681636,125.05318507094721,122.83949265681636,124.2884521484375,2623771.0
2019-03-04T00:00:00,124.81170216849613,125.73742206294777,124.65070235414929,125.21419525146484,2294991.0
2019-03-05T00:00:00,125.1336979366289,125.1336979366289,122.23577850369139,123.44324493408203,2915577.0
2019-03-06T00:00:00,123.28221506050967,124.28842813139026,122.11498931394603,122.67848205566406,3005112.0
2019-03-07T00:00:00,122.67851640454519,122.67851640454519,119.13661081581812,119.94159698486328,2999784.0
2019-03-08T00:00:00,118.6938661851069,119.33785247802734,117.36565332869293,119.33785247802734,2829322.0
2019-03-11T00:00:00,119.70009702229801,120.38432361251087,119.21711051019574,120.34407043457031,1681069.0
2019-03-12T00:00:00,120.74657024811165,121.39055660218844,119.7403439897036,119.94159698486328,2071161.0
2019-03-13T00:00:00,119.61958572194968,122.47726440429688,119.3378522053995,122.47726440429688,3056391.0
2019-03-14T00:00:00,122.35651108895125,123.88596392846956,121.83327144915519,123.84571075439453,3576303.0
2019-03-15T00:00:00,123.8457263920279,124.8519526245982,122.67851325441981,124.52995300292969,5196713.0
2019-03-18T00:00:00,124.52993773549233,125.65691046157174,124.00671099957268,124.77143096923828,2435395.0
2019-03-19T00:00:00,124.93243021793499,127.06561613816464,124.6104435429366,126.50213623046875,2319092.0
2019-03-20T00:00:00,125.69717904633424,126.18016557304054,124.48971272956847,124.52995300292969,2335018.0
2019-03-21T00:00:00,124.52992160892546,126.46186722870702,124.24818814323612,125.57640075683594,2483616.0
2019-03-22T00:00:00,126.34114002802598,126.34114002802598,121.99426171602424,122.07476806640625,2658626.0
2019-03-25T00:00:00,121.51126763954461,121.83326720934959,120.06232119859979,120.86729431152344,2588987.0
2019-03-26T00:00:00,119.01585339084095,120.10257300531077,117.36565383376309,119.05610656738281,3663913.0
2019-03-27T00:00:00,118.97560977386885,120.66606245994407,118.89510342304938,119.37808990478516,2664449.0
2019-03-28T00:00:00,119.33786003379589,120.86731305729786,118.81462033105736,119.82084655761719,2878016.0
2019-03-29T00:00:00,120.18308338137528,121.79302981580226,120.18308338137528,121.5515365600586,3339976.0
2019-04-01T00:00:00,122.4852973067207,125.4637095261656,122.4852973067207,125.15782928466797,3092465.0
2019-04-02T00:00:00,125.6971738461477,127.95110657559809,125.29468078861173,127.62911987304688,3228313.0
2019-04-03T00:00:00,128.39384719980296,130.08430006938647,128.39384719980296,129.8025665283203,3744711.0
2019-04-04T00:00:00,129.7220458984375,130.36603217508238,128.595086046553,129.7220458984375,3289858.0
2019-04-05T00:00:00,129.6817909785165,132.53945636653913,129.6817909785165,132.09671020507812,2749316.0
2019-04-08T00:00:00,131.85521699184258,132.29796315330358,131.3722305653715,132.09671020507812,2298172.0
2019-04-09T00:00:00,132.09672830763398,133.14320764559352,131.37224856864455,132.05648803710938,2726362.0
2019-04-10T00:00:00,132.0564959102678,133.78718900828437,131.93574927990403,133.70669555664062,2597192.0
2019-04-11T00:00:00,133.70668790543536,134.9544073163939,133.143207964581,133.94818115234375,3069053.0
2019-04-12T00:00:00,133.94817394987595,135.92037299551342,133.46518748202965,135.59837341308594,3487050.0
2019-04-15T00:00:00,135.59837292452568,136.0813593906318,134.83365295705423,135.6386260986328,2240072.0
2019-04-16T00:00:00,136.04111145326027,136.6448445018586,134.3908991832287,134.9141387939453,3225913.0
2019-04-17T00:00:00,134.83363834259157,136.5643310546875,134.1493989859086,136.5643310546875,4081578.0
2019-04-18T00:00:00,136.76559588993328,144.4128728354991,132.3382114416641,141.47470092773438,8062264.0
2019-04-23T00:00:00,141.67595389936983,142.9236603063018,139.78424834365632,140.50872802734375,6532194.0
2019-04-24T00:00:00,140.71000655538316,144.0506591796875,140.0257670148195,144.0506591796875,4117291.0
2019-04-25T00:00:00,144.0908927848128,146.86805212715117,143.28590671772227,144.21163940429688,5993654.0
2019-04-26T00:00:00,144.0909010936837,144.21164772013051,142.48094177246094,142.48094177246094,3385224.0
2019-04-29T00:00:00,142.48093737559213,143.97015002441196,142.36019075287146,143.60791015625,3060679.0
2019-04-30T00:00:00,143.3228314663723,144.63395719838564,142.83115767462635,143.9374237060547,4271863.0
2019-05-02T00:00:00,143.1589368557639,143.4867281445771,140.823486328125,140.823486328125,4607758.0
2019-05-03T00:00:00,140.7005726344131,141.2741876487696,139.47138821941581,139.55332946777344,4317810.0
2019-05-06T00:00:00,136.07064868133318,137.62762451171875,135.0053598010124,137.62762451171875,4419043.0
2019-05-07T00:00:00,137.8325038201535,138.7748743814422,134.5956463840049,135.04635620117188,3700191.0
2019-05-08T00:00:00,134.759518905728,136.6442728424355,134.759518905728,136.48037719726562,3637511.0
2019-05-09T00:00:00,135.16923314243024,135.25117438495337,132.66988729725526,132.99766540527344,2940721.0
2019-05-10T00:00:00,134.10392545365286,135.9067378139723,132.13724375335687,132.95669555664062,3656389.0
2019-05-13T00:00:00,132.95671819728548,132.95671819728548,129.51500164432295,129.9656982421875,3073940.0
2019-05-14T00:00:00,130.5393307396227,132.1372706205835,130.33445789370148,131.8914337158203,2591883.0
2019-05-15T00:00:00,132.79282437448455,132.91574282449017,130.12959567033857,132.13726806640625,2835647.0
2019-05-16T00:00:00,132.13727365496297,135.12828063964844,130.99003036041364,135.12828063964844,3318618.0
2019-05-17T00:00:00,135.0053504318464,135.0053504318464,132.2192034024007,133.24351501464844,2629575.0
2019-05-20T00:00:00,132.62895197267784,132.9567301516935,129.35111763080715,130.3754425048828,2480017.0
2019-05-21T00:00:00,131.15393150857543,133.36645065702723,131.15393150857543,132.46505737304688,2459466.0
2019-05-22T00:00:00,133.5713029575268,133.5713029575268,130.9490384942627,131.481689453125,2693335.0
2019-05-23T00:00:00,129.88375236325047,129.88375236325047,124.9670146055649,125.37674713134766,5422156.0
2019-05-24T00:00:00,125.41769852887637,127.13855657037885,125.41769852887637,125.868408203125,2056825.0
2019-05-27T00:00:00,127.30247907748297,127.58929319094916,123.65590255108509,123.98368072509766,2275519.0
2019-05-28T00:00:00,124.0246490178589,124.88507815854521,123.41005677451156,124.1065902709961,4271378.0
2019-05-29T00:00:00,123.16420774502755,123.36906742665475,121.44334963316606,123.20518493652344,2232998.0
2019-05-31T00:00:00,122.0579580641713,122.71352752574342,119.06693799703787,120.09126281738281,3748674.0
2019-06-03T00:00:00,119.6405570552579,120.1731948852539,118.08358134530707,120.1731948852539,4493369.0
2019-06-04T00:00:00,120.17318411642026,123.7787958493979,119.14887260410865,123.532958984375,4000273.0
2019-06-05T00:00:00,123.73783744336431,125.33577730858953,123.20519958024101,124.5982666015625,3618357.0
2019-06-07T00:00:00,124.88508188147384,127.75317034397666,124.88508188147384,126.68788146972656,4506695.0
2019-06-11T00:00:00,128.40872562279108,131.60460503056234,128.40872562279108,130.94903564453125,3257101.0
2019-06-12T00:00:00,130.0476316054167,132.54696422518603,129.80179474852628,132.0962677001953,3561012.0
2019-06-13T00:00:00,132.01433869601945,134.71853123452163,131.48168774408077,133.7351837158203,3364860.0
2019-06-14T00:00:00,133.94008633224774,133.9810503960207,131.03102032168738,132.42408752441406,2636410.0
2019-06-18T00:00:00,131.768511525036,136.76720437041456,130.4164215903167,136.02969360351562,5611044.0
2019-06-19T00:00:00,136.0296856934038,136.97205612811075,135.57897593677734,135.98870849609375,3422402.0
2019-06-20T00:00:00,138.0783119500722,139.92208862304688,137.70955661547728,139.92208862304688,7573620.0
2019-06-24T00:00:00,139.9221182780368,140.16795521986927,137.46374885971227,137.83250427246094,2632955.0
2019-06-25T00:00:00,137.1359544720828,138.69291720737132,137.0949772739682,137.9963836669922,1924166.0
2019-06-26T00:00:00,137.75053476792,139.30749736773078,136.8901056478801,138.28317260742188,2231868.0
2019-06-27T00:00:00,138.7338836094323,139.7991724361592,137.87345448148017,138.89776611328125,2301880.0
2019-06-28T00:00:00,138.61097174712688,140.16793443521664,138.4470760975651,139.79917907714844,2357331.0
2019-07-01T00:00:00,140.8644660260884,143.322835046222,140.82348882977698,142.05267333984375,4162656.0
2019-07-02T00:00:00,141.9707377645476,142.74922569804176,140.33182063958608,141.64295959472656,2437103.0
2019-07-03T00:00:00,141.4380740177636,141.4380740177636,139.67625173331692,139.92208862304688,3173303.0
2019-07-04T00:00:00,139.3075137918484,141.3561504160699,138.65194429140894,140.372802734375,1634684.0
2019-07-05T00:00:00,138.07831215496208,138.65192718587414,133.20255154739198,134.8004913330078,5028367.0
2019-07-08T00:00:00,134.71854144485658,136.56231818216162,134.30882203962932,135.70188903808594,3084299.0
2019-07-09T00:00:00,134.80050108569162,135.005360796283,132.17823635565372,132.2601776123047,3234497.0
2019-07-10T00:00:00,132.26015994722397,132.75184683524228,130.21152370114885,130.33444213867188,3814413.0
2019-07-11T00:00:00,130.70320405878218,131.1129365838812,127.67122015924457,128.2858123779297,3611759.0
2019-07-12T00:00:00,128.32678833003342,130.37542465985075,127.91705580889926,129.146240234375,3038207.0
2019-07-15T00:00:00,129.47402626175213,132.34212780868808,126.89273881088803,130.66224670410156,3917356.0
2019-07-16T00:00:00,129.92474109321756,130.86711153447135,129.1872303640812,130.1705780029297,2507994.0
2019-07-17T00:00:00,130.53931455091515,132.91572891029887,123.49198644236164,125.17186737060547,7594100.0
2019-07-18T00:00:00,123.61491708193105,123.81978992266882,121.19752529223068,121.97601318359375,3434370.0
2019-07-19T00:00:00,122.26281103699658,124.84409840619038,122.26281103699658,124.35242462158203,3808465.0
2019-07-22T00:00:00,123.98366070306753,124.92603101237616,123.12323163954731,124.51631164550781,3748767.0
2019-07-23T00:00:00,125.13091375398203,129.0233268753749,125.08993655887609,128.65457153320312,5026663.0
2019-07-24T00:00:00,128.65457764189716,128.69555483894877,127.05663774994716,127.99900817871094,2323927.0
2019-07-25T00:00:00,127.99900054353286,129.55597628348508,125.90938696332124,127.26148986816406,3219583.0
2019-07-26T00:00:00,127.58929036217076,127.87609133134997,126.7698252384152,127.17955780029297,1789310.0
2019-07-29T00:00:00,126.76982047589752,126.93371612207697,125.2947990740651,126.2371826171875,1784707.0
2019-07-30T00:00:00,125.37675225125767,125.78647165584493,122.13989538262477,123.4100570678711,3699837.0
2019-07-31T00:00:00,123.41006250995822,123.94271352492319,122.05795951175546,122.22185516357422,3418465.0
2019-08-01T00:00:00,121.44334650637552,123.04128614053347,121.07459120618523,122.63155364990234,1912843.0
2019-08-02T00:00:00,119.72248951423418,120.09124481773684,117.50995769321821,118.12454986572266,3359651.0
2019-08-06T00:00:00,115.54327959682021,117.05927822279578,114.55993197736099,115.13356018066406,4603434.0
2019-08-07T00:00:00,115.25646842845,116.28078001607706,113.78144712985748,114.64187622070312,3044464.0
2019-08-08T00:00:00,116.36272614191002,117.01829557029433,115.5842514047513,116.32176208496094,2110113.0
2019-08-09T00:00:00,116.19884233269653,116.48564327982645,113.1258811996829,113.49463653564453,2610474.0
2019-08-12T00:00:00,111.77377417372334,113.20781827019955,110.99528633613117,111.60987854003906,4976424.0
2019-08-13T00:00:00,111.20016605875963,112.96198839393669,108.8237383436336,111.81475830078125,4302694.0
2019-08-14T00:00:00,111.85571633172329,112.14253040852283,107.79941432189017,107.92233276367188,3919453.0
2019-08-15T00:00:00,108.16817091805639,109.06957064539131,105.91466831523738,107.7994155883789,4435886.0
2019-08-16T00:00:00,108.16817221776844,109.31540884533983,108.16817221776844,109.15151977539062,2959346.0
2019-08-19T00:00:00,110.05293039590319,111.56892907645263,109.9300119390459,111.07725524902344,2675235.0
2019-08-20T00:00:00,111.40502674847131,112.34739714862239,110.79043450099724,111.65086364746094,6974512.0
2019-08-21T00:00:00,111.89669328216358,114.35506211246357,111.89669328216358,113.90436553955078,3879010.0
2019-08-22T00:00:00,113.9453379386295,114.64188458350485,112.34739808192242,113.69950103759766,6683359.0
2019-08-23T00:00:00,114.72382779870844,115.09258315655893,111.44600677490234,111.44600677490234,3852021.0
2019-08-26T00:00:00,110.62653917071471,111.60988676947339,109.64319814091978,110.2168197631836,3120211.0
2019-08-27T00:00:00,110.62653255186711,111.73279853428211,109.97096971490527,111.52793884277344,3652099.0
2019-08-28T00:00:00,111.77379129963879,111.93768695843507,110.21682852382406,111.56893157958984,2481840.0
2019-08-29T00:00:00,111.56892332060659,113.78145542989333,111.44600487009066,113.69950103759766,3682834.0
2019-08-30T00:00:00,114.31409226215905,115.91203210449598,113.90437285607558,115.33841705322266,3841940.0
2019-09-02T00:00:00,115.33842245304126,115.87107347139994,114.31409761402166,114.88772583007812,1920489.0
2019-09-03T00:00:00,114.80576480009537,115.58425268379595,113.94533566366269,114.72382354736328,2140362.0
2019-09-04T00:00:00,115.9939839406665,117.22315526976529,115.54327421080552,117.05927276611328,2880653.0
2019-09-05T00:00:00,119.02598037808337,119.84543239594024,117.91971424190876,118.73916625976562,4551537.0
2019-09-06T00:00:00,118.90305330657222,119.14889020791661,117.34607750610604,118.16554260253906,3168926.0
2019-09-09T00:00:00,118.16554630230559,120.00932312011719,117.83775499829818,120.00932312011719,2213881.0
2019-09-10T00:00:00,120.17321718901265,123.9427255820451,119.64057926016078,123.86077117919922,6916639.0
2019-09-11T00:00:00,124.22951613680826,127.30247753701667,124.22951613680826,127.056640625,5717302.0
2019-09-12T00:00:00,127.99898480489094,130.1705525073031,127.71218389168592,129.6788787841797,6758532.0
2019-09-13T00:00:00,129.9656817768096,132.99766540527344,129.35108961307193,132.99766540527344,5127859.0
2019-09-16T00:00:00,131.93238830566406,132.6289349111194,130.70320387006856,131.93238830566406,3615383.0
2019-09-17T00:00:00,131.1948842967306,131.2358614926372,128.90041094658343,129.88375854492188,3300187.0
2019-09-18T00:00:00,129.88375854492188,130.99002459305262,129.18722504207466,129.88375854492188,2171537.0
2019-09-19T00:00:00,129.63791533304553,131.6865516838565,128.859427476291,131.23585510253906,3390547.0
2019-09-20T00:00:00,131.23587849382218,131.5636566897551,129.10528737543518,129.8018341064453,4857761.0
2019-09-23T00:00:00,129.6379230995805,129.6379230995805,123.94271028726803,124.5982666015625,5576681.0
2019-09-24T00:00:00,124.88507460025492,125.45868963172626,123.69685420502051,123.77880859375,3193741.0
2019-09-25T00:00:00,123.00032866343253,123.00032866343253,120.46001834540417,122.34477233886719,4532121.0
2019-09-26T00:00:00,122.0989313249225,124.27048621060271,121.73017597803752,123.4100570678711,3021411.0
2019-09-27T00:00:00,124.06561360866974,125.66354014110057,123.45102142776324,125.33576202392578,2191697.0
2019-09-30T00:00:00,125.3357960126878,126.81081764686212,124.84412213462969,125.66357421875,3474353.0
2019-10-01T00:00:00,125.37675643115617,127.01566037999898,122.7954689169045,123.08228302001953,4272683.0
2019-10-02T00:00:00,122.59059198476629,123.04128853668956,120.54194262964013,120.91069793701172,3756225.0
2019-10-03T00:00:00,120.4600130812291,120.78779122918768,117.83774848377871,119.10791015625,3797323.0
2019-10-04T00:00:00,119.23082194819273,120.09125103423888,117.8377419057615,118.94400787353516,3592834.0
2019-10-07T00:00:00,118.82109732327304,120.17320026256381,117.67386722431128,119.72250366210938,2948697.0
2019-10-08T00:00:00,119.39472397033195,119.84542056497182,116.44468123175699,117.59191131591797,3295325.0
2019-10-09T00:00:00,117.14122774407193,120.95170003834808,116.85441362218242,119.39473724365234,3998683.0
2019-10-10T00:00:00,119.39472573480252,122.7135238647461,118.69817909706025,122.7135238647461,3504655.0
2019-10-11T00:00:00,122.91838198520308,126.76981792039653,122.54962664217857,126.48301696777344,5411807.0
2019-10-14T00:00:00,126.31912232519,126.31912232519,123.94270774327634,125.58161163330078,3563728.0
2019-10-15T00:00:00,126.44204419236013,129.39208703967515,126.23718448505028,128.85943603515625,3948907.0
2019-10-16T00:00:00,128.65457026638666,129.84277753348675,127.83511833782735,129.51499938964844,3798223.0
2019-10-17T00:00:00,129.10525202154452,131.52265661060196,128.65455548331335,130.29347229003906,5138213.0
2019-10-18T00:00:00,128.408739134761,136.2345428466797,128.36776193822018,136.2345428466797,11963973.0
2019-10-21T00:00:00,137.34079829003883,142.74920974631996,136.31647355916155,141.5609893798828,9321036.0
2019-10-22T00:00:00,141.60196709177083,143.28184809518547,139.71722639660126,140.1679229736328,4076513.0
2019-10-23T00:00:00,139.38944522167824,141.0283622882214,138.48805200231806,140.65960693359375,3345871.0
2019-10-24T00:00:00,140.94639894169242,142.38045621054277,138.73388009240347,139.3074951171875,3515139.0
2019-10-25T00:00:00,138.40611942409342,139.4304443943719,137.17693471493115,137.83250427246094,4767794.0
2019-10-28T00:00:00,138.07832437293317,141.80684211067302,137.2588723794165,141.64295959472656,5494215.0
2019-10-29T00:00:00,141.2741978892198,142.42142800109136,139.7172352300069,141.52003479003906,4170817.0
2019-10-30T00:00:00,141.23321533203125,142.54434104065578,140.1269493203373,141.23321533203125,3393873.0
2019-10-31T00:00:00,141.88877239103928,141.88877239103928,138.03732371404283,139.59429931640625,5054150.0
2019-11-01T00:00:00,139.59430258578254,141.1922291407046,137.66857163321964,139.881103515625,337570.0
2019-11-04T00:00:00,142.01169584555797,146.600642157023,141.11028957748294,146.39578247070312,3880537.0
2019-11-05T00:00:00,146.2728605373891,146.80551147460938,145.08465336443354,146.80551147460938,2751379.0
2019-11-06T00:00:00,146.51871593079736,147.42012229128224,145.08467170369087,145.6173095703125,2213369.0
2019-11-07T00:00:00,146.60063732789334,149.01802884337246,145.98604515125237,146.19091796875,2601904.0
2019-11-08T00:00:00,146.14996107271918,147.17428588867188,144.34716148353598,147.17428588867188,2040962.0
2019-11-11T00:00:00,146.68259556258002,147.54302463247592,145.6992480541275,146.55967712402344,1942112.0
2019-11-12T00:00:00,147.21523976028868,147.3791353981194,145.78119562753236,146.68260192871094,2133037.0
2019-11-13T00:00:00,146.10897756711702,146.2728732092124,143.1999120319692,145.5763397216797,2335582.0
2019-11-14T00:00:00,145.4534184413798,146.31384755424804,144.59298932851155,145.04368591308594,1948318.0
2019-11-15T00:00:00,146.72359079737154,147.78887977860657,144.9207910280671,147.09234619140625,1765597.0
2019-11-18T00:00:00,146.80550075917756,147.6249525629974,143.15891198564026,143.36378479003906,2403313.0
2019-11-19T00:00:00,143.48671464258095,144.92075869793214,142.50336714452843,142.9950408935547,2985871.0
2019-11-20T00:00:00,142.21656772945124,142.21656772945124,140.9873832302549,141.43807983398438,3097215.0
2019-11-21T00:00:00,139.9630673720116,140.00403142880364,138.77484696650015,139.84014892578125,3030380.0
2019-11-22T00:00:00,139.84014586075227,143.28184914183933,139.51235458603782,141.4790496826172,2187972.0
2019-11-25T00:00:00,142.38046514373985,143.65061371673346,142.01170978940087,143.60964965820312,1666520.0
2019-11-26T00:00:00,143.7325540584077,143.97839093726742,141.92974152148537,142.74920654296875,4216170.0
2019-11-27T00:00:00,142.99504689121056,143.93741723706142,140.8644561767578,140.8644561767578,2545904.0
2019-11-28T00:00:00,142.09364321470238,144.26519802462062,141.92974757582908,143.56866455078125,2294132.0
2019-11-29T00:00:00,142.79017794553044,143.65060706581752,141.76586632285438,142.70823669433594,2743722.0
2019-12-02T00:00:00,142.9540667990939,145.2485399649535,140.00402424102026,140.33180236816406,2759094.0
2019-12-03T00:00:00,140.4957100770558,141.47905768093767,138.11929545962636,138.5699920654297,2830753.0
2019-12-04T00:00:00,138.73389072283703,143.81451136120057,138.73389072283703,143.2818603515625,3633959.0
2019-12-05T00:00:00,143.5686648228154,144.633953632693,142.50337601293782,142.87213134765625,1658916.0
2019-12-06T00:00:00,142.95406960197127,146.1499491025455,142.95406960197127,145.98605346679688,2066854.0
2019-12-09T00:00:00,146.02703603119804,148.32150932643742,145.86314038942123,147.74789428710938,2984116.0
2019-12-10T00:00:00,148.7722154748632,148.81317953087571,145.41244029585843,146.68260192871094,3849475.0
2019-12-11T00:00:00,146.68260291432262,147.37913638841133,145.002708744569,146.51870727539062,2470384.0
2019-12-12T00:00:00,146.76455386898036,151.5173963329987,146.518716963291,150.65696716308594,3928034.0
2019-12-13T00:00:00,153.97576143052544,155.7785609799139,152.29588033082095,153.23825073242188,4328145.0
2019-12-16T00:00:00,154.13964792201546,155.65563328613402,153.72991540142644,155.53271484375,1668505.0
2019-12-17T00:00:00,155.45077797708922,156.31120709803363,154.26257071318926,155.98342895507812,2931556.0
2019-12-18T00:00:00,155.69664126753767,156.3931748661398,153.32021319888145,154.05772399902344,2415600.0
2019-12-19T00:00:00,154.05769784121384,154.05769784121384,151.55836486816406,151.55836486816406,3616474.0
2019-12-20T00:00:00,151.59932483752672,152.8285092625838,151.2715467034871,151.88613891601562,3085458.0
2019-12-23T00:00:00,151.72223440021148,152.33682657676988,151.43543347643487,152.00904846191406,1035431.0
2019-12-27T00:00:00,152.828514101886,153.68894322667134,151.80420247385484,153.56602478027344,1087517.0
2019-12-30T00:00:00,153.32019076761677,153.68894611373761,149.14096351158054,149.67361450195312,1728530.0
2020-01-02T00:00:00,150.37016144829414,153.23826322063198,150.37016144829414,152.7056121826172,1699684.0
2020-01-03T00:00:00,151.5993334905006,151.64031068631698,148.7722222894305,149.5097198486328,2156647.0
2020-01-07T00:00:00,149.05901443192826,152.41878956615233,148.85415474081552,151.10765075683594,3095153.0
2020-01-08T00:00:00,149.79653767941542,151.39447756304926,148.854167255556,151.35350036621094,1824133.0
2020-01-09T00:00:00,152.2958790979968,153.32019074511945,150.77988051819108,151.1486358642578,3065883.0
2020-01-10T00:00:00,151.927113750729,152.377810320277,149.50970899369736,149.96041870117188,2834441.0
2020-01-13T00:00:00,150.86183077433813,151.3944817964196,148.40346165385156,149.5507049560547,2310820.0
2020-01-14T00:00:00,149.59168115417225,150.04237777727297,148.07568249402905,149.714599609375,2276193.0
2020-01-15T00:00:00,149.50971022480704,149.91944274281414,148.28053894663898,149.09999084472656,2643576.0
2020-01-16T00:00:00,149.09998697204767,152.3778076171875,148.8951141494021,152.3778076171875,3978130.0
2020-01-17T00:00:00,154.05770294961508,155.2459233905574,153.27922819222806,154.01673889160156,4046509.0
2020-01-20T00:00:00,154.05770235422563,156.63898979205695,153.0333907010061,155.40980529785156,2730489.0
2020-01-21T00:00:00,151.76324677161665,159.22029586317282,149.22293623227972,156.72096252441406,5957059.0
2020-01-22T00:00:00,158.3188728364215,158.76958258179485,153.15631103515625,153.15631103515625,3292181.0
2020-01-23T00:00:00,153.7709056811271,154.0577066458128,149.22292292587395,150.65696716308594,3124156.0
2020-01-24T00:00:00,152.74657186872938,155.73759175783422,152.41879372641694,153.72991943359375,2739612.0
2020-01-27T00:00:00,149.87848032354194,150.53404978938914,147.8298438074203,149.01805114746094,3179300.0
2020-01-28T00:00:00,150.08334803835209,150.94377718500354,146.1089804578434,149.5097198486328,3600959.0
2020-01-29T00:00:00,150.2881916765105,153.52504821388536,149.09998450412402,152.62364196777344,3001592.0
2020-01-30T00:00:00,150.08334119980003,151.23057125111006,147.82983201527543,148.15762329101562,3267853.0
2020-01-31T00:00:00,148.73125525524247,149.34584754484086,143.89645819775893,144.34716796875,3318518.0
2020-02-03T00:00:00,144.22422612369436,146.0270255015349,143.4457383037984,145.00270080566406,2091591.0
2020-02-04T00:00:00,146.06801695108138,149.67361605870192,145.04369215522706,149.5916748046875,2965120.0
2020-02-05T00:00:00,149.6326288505985,155.2459131162914,148.60831726120986,153.52505493164062,2837172.0
2020-02-06T00:00:00,154.8771781449003,155.81954860960326,151.84518075771982,152.25491333007812,2184344.0
2020-02-07T00:00:00,151.5993221558673,151.68127654137257,148.1985830193411,149.1819305419922,2139554.0
2020-02-10T00:00:00,148.89513014318604,150.08335060080057,147.6249815683949,149.26388549804688,1079061.0
2020-02-11T00:00:00,150.37016263241668,153.52507854821096,149.96044318880527,153.32020568847656,2902864.0
2020-02-12T00:00:00,154.0167300429676,155.6966110490515,152.8694868638782,155.6146697998047,2042637.0
2020-02-13T00:00:00,154.54938581461033,155.5327334714553,151.18962341234226,152.41880798339844,3180427.0
2020-02-14T00:00:00,152.58267206387185,153.5250555464293,151.10765075683594,151.10765075683594,1811054.0
2020-02-17T00:00:00,151.1486320457351,153.32018687173596,150.77987670898438,150.77987670898438,1661142.0
2020-02-18T00:00:00,149.14096097508508,149.7555532081672,148.0347080934644,148.44442749023438,2077504.0
2020-02-19T00:00:00,149.50971224078924,150.69793261765378,149.50971224078924,150.24722290039062,1290852.0
2020-02-20T00:00:00,150.24723180504404,151.3534978600108,149.75555800283658,150.1243133544922,1546598.0
2020-02-21T00:00:00,148.7312382809238,149.34583050038034,145.65827718364105,146.68260192871094,3002958.0
2020-02-24T00:00:00,142.29849123124,142.62628248208438,136.93105730032931,137.34078979492188,4484789.0
2020-02-25T00:00:00,137.95539602190885,139.06166204587512,134.80049359212896,135.25119018554688,2989268.0
2020-02-26T00:00:00,133.98102728692658,139.75819424782657,130.45736954823985,139.06166076660156,3926224.0
2020-02-27T00:00:00,135.37409929750717,135.8247958598459,129.8427695591061,133.12059020996094,5512882.0
2020-02-28T00:00:00,127.42540605662633,130.9900415623902,127.38442885541126,129.8018341064453,6365085.0
2020-03-02T00:00:00,132.91572263712598,134.39074381316587,126.11424486178137,128.7364959716797,4263113.0
2020-03-03T00:00:00,130.37543639414193,134.51368661972646,130.08862228974095,131.031005859375,3546589.0
2020-03-04T00:00:00,131.48169679990255,133.4893560302446,130.33445356975898,131.4407196044922,3802004.0
2020-03-05T00:00:00,133.16158217839958,133.53033753521186,127.34345086286878,128.16290283203125,3308881.0
2020-03-06T00:00:00,124.76216127499926,125.9913457771139,122.59060636723923,124.02465057373047,3947696.0
2020-03-09T00:00:00,112.88004956469602,118.6572167637445,110.83141309327884,115.99398803710938,7209113.0
2020-03-10T00:00:00,116.56760026829045,121.4433609954332,113.49463906674517,114.72382354736328,4682577.0
2020-03-11T00:00:00,115.37940071294574,117.59191978836066,113.1668684996026,113.98632049560547,5477160.0
2020-03-12T00:00:00,106.11953998068806,109.60222719310858,101.12085417864337,102.18614959716797,8532303.0
2020-03-13T00:00:00,104.07089741393739,112.3883748188905,100.87501771358045,104.31673431396484,6848710.0
2020-03-16T00:00:00,98.4985990933891,103.08755249004584,92.1478167237853,101.12085723876953,7499087.0
2020-03-17T00:00:00,104.07089912322881,105.70980962734188,96.08120631007513,100.5472412109375,6799535.0
2020-03-18T00:00:00,97.18747603717661,101.81740019206346,93.9915961640146,100.91600036621094,5925410.0
2020-03-19T00:00:00,101.98128459820735,106.07856410920469,97.84303445985809,102.063232421875,6872640.0
2020-03-20T00:00:00,106.52926247162355,107.88136537173399,99.93264361099982,100.26042175292969,6519648.0
2020-03-23T00:00:00,94.52423653154798,98.53956822946431,93.82769645094608,94.68812561035156,4782268.0
2020-03-24T00:00:00,98.33471505346617,104.97230529785156,98.25276722414043,104.97230529785156,5220306.0
2020-03-25T00:00:00,110.58557561097311,110.58557561097311,100.4652920511382,110.13487243652344,6427518.0
2020-03-26T00:00:00,106.16051672846712,119.68153381347656,105.38203535983148,119.68153381347656,5800485.0
2020-03-27T00:00:00,118.78013204623514,118.78013204623514,111.97864022394937,113.9453353881836,5269567.0
2020-03-30T00:00:00,114.76479567153274,115.95300290431733,110.17583610069028,115.21549224853516,3871637.0
2020-03-31T00:00:00,117.34608818210624,119.14890104793447,113.41271054066992,115.74816131591797,6529601.0
2020-04-01T00:00:00,111.65086321663992,112.18351420837129,107.96330974602446,108.04525756835938,3971424.0
2020-04-02T00:00:00,108.74179335740585,111.6098816297561,107.22579483315656,110.70848846435547,5440517.0
2020-04-03T00:00:00,110.50362077586371,111.07724896737676,107.7994214468953,108.00428771972656,2440662.0
2020-04-06T00:00:00,111.60989541561052,114.51897437924899,111.52795415534202,113.78146362304688,2557237.0
2020-04-07T00:00:00,116.81343559275258,119.72250111176645,115.46133268226447,117.75580596923828,5838552.0
2020-04-08T00:00:00,116.60858768156025,116.85441146129709,113.69950873056831,115.95301818847656,2371511.0
2020-04-09T00:00:00,117.59191870578505,120.50099756998084,114.88772583007812,114.88772583007812,2231948.0
2020-04-14T00:00:00,116.40371101932116,116.93636203615833,114.55993419710953,115.58425903320312,3568319.0
2020-04-15T00:00:00,115.46133972339881,115.46133972339881,108.33206939697266,108.33206939697266,4231573.0
2020-04-16T00:00:00,110.7904367863784,112.14253975871247,109.39736318635548,110.62654113769531,3057378.0
2020-04-17T00:00:00,114.84674548793924,117.26413732735917,113.69950222516532,115.78911590576172,5510372.0
2020-04-20T00:00:00,116.97731837911631,120.21417518833671,113.49463781441212,119.27180480957031,5442454.0
2020-04-21T00:00:00,117.0592780351833,118.45234506856599,112.75713220694429,112.88005065917969,6424491.0
2020-04-22T00:00:00,113.49463180135798,115.25646715676872,113.0439352332919,114.7647933959961,2539171.0
2020-04-23T00:00:00,115.25646901315335,120.33708919768412,114.84673649326795,118.82109069824219,2680533.0
2020-04-24T00:00:00,116.60857052725456,117.67385930111331,115.13354923825325,116.73147583007812,3115157.0
2020-04-27T00:00:00,119.23082706547096,123.0003217011,119.06693142464287,122.139892578125,2923218.0
2020-04-28T00:00:00,122.71353969814831,127.17956850544701,120.82878552037774,125.49968719482422,3943151.0
2020-04-29T00:00:00,125.2948040093098,129.84278684410057,123.86075974701848,127.95804595947266,4518119.0
2020-04-30T00:00:00,128.65458210993626,129.26917439741501,123.98368072509766,123.98368072509766,2253253.0
2020-05-04T00:00:00,119.76347462585858,120.33708964549135,115.21549224853516,115.21549224853516,4178999.0
2020-05-05T00:00:00,116.81343899469206,122.0989323441651,116.7724617987203,121.7711410522461,2558560.0
2020-05-06T00:00:00,121.60725759315716,122.50865079406606,119.43568956840521,119.72250366210938,2293202.0
2020-05-07T00:00:00,120.37807820217694,121.27947144126937,118.45234699390278,119.96834564208984,2148328.0
2020-05-08T00:00:00,121.27947126663871,122.91838836669922,120.70585619368511,122.91838836669922,1703716.0
2020-05-11T00:00:00,123.28713894457141,124.43436904595903,120.37807335743695,121.2385025024414,2293678.0
2020-05-12T00:00:00,120.46001458238884,124.35242776289004,119.96834078536016,122.7135238647461,3219079.0
2020-05-13T00:00:00,120.86973436248871,120.86973436248871,116.60856628417969,116.60856628417969,3120564.0
2020-05-14T00:00:00,115.46133425795753,116.93635563498317,111.11821137962848,112.51129150390625,3588399.0
2020-05-15T00:00:00,113.90438193407522,117.71484103156187,113.86340473503006,115.25648498535156,3309461.0
2020-05-18T00:00:00,117.67387177079239,122.87741088867188,116.36273283856794,122.87741088867188,3684529.0
2020-05-19T00:00:00,123.32810556772283,124.06561620021613,121.23849210899182,122.18086242675781,3490536.0
2020-05-20T00:00:00,121.40239881982811,122.50866498925002,118.86208829157633,120.58294677734375,1828966.0
2020-05-22T00:00:00,118.94401871291893,118.94401871291893,116.56760406494139,116.5676040649414,3617459.0
2020-05-25T00:00:00,117.8787231962001,122.09892752519316,117.55094505514529,121.56627655029297,2113672.0
2020-05-26T00:00:00,122.87740856284577,125.54063729826363,122.59060760141669,124.63924407958984,2757311.0
2020-05-27T00:00:00,124.63922312216442,130.08859812816556,124.51630469138357,129.6788787841797,3339520.0
2020-05-28T00:00:00,130.70319900503983,130.86709463632766,127.46635553707125,130.25250244140625,3139307.0
2020-05-29T00:00:00,129.18722352137837,130.08861671729306,126.89273706031267,127.75316619873047,5431291.0
2020-06-01T00:00:00,130.29348209994777,130.49834178949044,126.56495166754083,128.53164672851562,2324973.0
2020-06-02T00:00:00,128.53164406155153,133.20254473444794,127.99899311428088,130.94903564453125,2935176.0
2020-06-03T00:00:00,135.21022257533426,139.75820544070464,134.59563029623015,139.3894500732422,4431668.0
2020-06-04T00:00:00,138.8568033219153,140.9873809947886,137.46372319893865,139.51235961914062,4855636.0
2020-06-05T00:00:00,140.57764745078353,144.1422824164542,139.4304173698755,144.101318359375,4183493.0
2020-06-08T00:00:00,142.74921868839002,144.47007698682262,141.8478123432352,142.91310119628906,3733158.0
2020-06-09T00:00:00,142.46242315601154,142.83117855372575,139.2255789791397,141.2742156982422,4447017.0
2020-06-10T00:00:00,141.23322236791435,143.07699914592325,138.44707517156573,138.48805236816406,3892615.0
2020-06-11T00:00:00,134.18589870819838,134.636595292721,127.99899927992803,128.12191772460938,6755200.0
2020-06-12T00:00:00,126.19619155081841,130.99001057988065,126.19619155081841,127.58927154541016,2939434.0
2020-06-15T00:00:00,121.7301919772122,126.1962207845109,121.4433778459628,125.49968719482422,4059619.0
2020-06-16T00:00:00,129.0643027996299,131.11293918999172,126.85177076838534,129.51499938964844,3707089.0
2020-06-17T00:00:00,130.12959956830306,131.39976130238404,129.02333348511482,129.5559844970703,2792163.0
2020-06-18T00:00:00,129.31013470040847,132.38308259836685,128.69554249323144,131.481689453125,4658553.0
2020-06-22T00:00:00,129.51500449256963,130.90808465014257,128.08096027660739,129.02333068847656,2206395.0
2020-06-23T00:00:00,130.45736057021625,134.71852869151064,130.45736057021625,133.98101806640625,2627122.0
2020-06-24T00:00:00,133.98104295879958,135.74287860318984,131.72754661092006,132.46505737304688,4196301.0
2020-06-25T00:00:00,132.0143526337642,136.84913635253906,131.9733754368499,136.84913635253906,3476045.0
2020-06-26T00:00:00,139.1436093704405,141.76587406914683,138.28318020313833,139.02069091796875,3986036.0
2020-06-29T00:00:00,138.48803674976918,141.92973987597654,137.66857173778655,141.3561248779297,3003636.0
2020-06-30T00:00:00,142.58534084031461,143.73258422844643,140.65962259767295,142.6672821044922,4108253.0
2020-07-01T00:00:00,142.83116651579576,146.47774298432327,141.47906350480005,143.81451416015625,3962897.0
2020-07-02T00:00:00,145.3714716738593,146.19093677340635,143.1999167497077,145.7812042236328,2688376.0
2020-07-03T00:00:00,147.05138050315026,147.62499561933234,144.01938298264614,144.4700927734375,1664618.0
2020-07-06T00:00:00,147.50206628694886,148.7722280269665,145.57634821615198,147.62498474121094,1738133.0
2020-07-07T00:00:00,146.88746769167307,148.48540752828401,146.02703854888256,147.50205993652344,2285467.0
2020-07-08T00:00:00,146.76454317866285,148.6902610869844,146.51870629088023,146.68260192871094,2281718.0
2020-07-09T00:00:00,147.3791482520578,147.7069264183801,145.16661606904424,145.45343017578125,2366915.0
2020-07-10T00:00:00,144.22424553833727,147.66596226529012,144.22424553833727,146.92845153808594,1644789.0
2020-07-13T00:00:00,148.32149415991606,149.96041099631617,146.6825904614418,149.222900390625,3242397.0
2020-07-14T00:00:00,148.07569390883214,148.48542650373597,145.9860800093021,147.09234619140625,4427035.0
2020-07-15T00:00:00,149.18194597048858,152.00907039049358,148.5673537052701,151.43545532226562,3407942.0
2020-07-16T00:00:00,149.96041160667232,150.77986345924472,139.102625292866,142.46238708496094,6871026.0
2020-07-17T00:00:00,143.7735189340233,145.00270333534183,140.45472105046326,144.75686645507812,5338157.0
2020-07-20T00:00:00,144.75687696715207,145.00271386526816,141.23321914013056,141.6019744873047,2817914.0
2020-07-21T00:00:00,144.22423916809055,144.3471576171954,138.2422123576308,138.6519317626953,3496498.0
2020-07-22T00:00:00,138.65193048334598,140.16792905429327,137.99637418612065,139.51235961914062,2140966.0
2020-07-23T00:00:00,141.23321533203125,141.9707260064939,139.88111242884978,141.23321533203125,1755241.0
2020-07-24T00:00:00,138.8977789423866,139.1436158587936,136.64428263394132,137.66859436035156,1784711.0
2020-07-27T00:00:00,137.42273531917502,140.37277784110847,137.21787563446063,139.9630584716797,1269719.0
2020-07-28T00:00:00,140.4547216269856,140.7415357011127,138.65192221029398,139.71722412109375,1557640.0
2020-07-29T00:00:00,139.59433047172186,140.41378250885293,138.93876095925967,140.12696838378906,1278699.0
2020-07-30T00:00:00,139.30748978025,139.5123494659831,134.59561190497726,135.3740997314453,1683955.0
2020-07-31T00:00:00,135.49702420986196,136.480371765893,133.24351501464844,133.24351501464844,2495191.0
2020-08-03T00:00:00,133.28451373902462,138.36514797853226,132.6699214172265,137.87347412109375,1689121.0
2020-08-04T00:00:00,139.38943990058,139.67625398920623,136.35745592425044,137.42274475097656,1098927.0
2020-08-05T00:00:00,138.5699974152563,139.71724071005306,137.5456725756903,138.8568115234375,1375230.0
2020-08-06T00:00:00,138.8977574596429,139.7172224795419,137.38177213488984,138.3241424560547,1243159.0
2020-08-07T00:00:00,137.83246967520978,139.2255497085607,137.54565560242168,138.16024780273438,1244247.0
2020-08-10T00:00:00,139.18458969141025,139.55334505710263,137.87346388159116,138.8568115234375,891743.0
2020-08-11T00:00:00,140.12695888916969,146.06802188512432,140.12695888916969,145.37147521972656,3040833.0
2020-08-12T00:00:00,144.2242276650012,145.16659798700056,142.79017044787116,144.92076110839844,1470880.0
2020-08-13T00:00:00,144.06033583819612,145.41243870621946,143.93741739564857,145.28952026367188,1125588.0
2020-08-14T00:00:00,144.42908447773738,144.55200291459295,140.4137532530975,140.7415313720703,1819758.0
2020-08-17T00:00:00,140.61862561176972,143.9374237060547,140.61862561176972,143.9374237060547,1596229.0
2020-08-18T00:00:00,142.79018021394248,144.92077102019059,141.15127633645375,141.6839141845703,2157972.0
2020-08-19T00:00:00,141.68391929195425,142.8311625578937,140.8644673236705,141.19224548339844,2108209.0
2020-08-20T00:00:00,139.2255502833491,139.2255502833491,137.2998192891347,138.24220275878906,2231506.0
2020-08-21T00:00:00,138.89776282292482,139.79916912444932,135.7838376684345,137.1359405517578,2395661.0
2020-08-24T00:00:00,138.4880405032981,142.6262903156449,138.1602492344502,141.72488403320312,2445981.0
2020-08-25T00:00:00,142.17558726862222,143.48672612960803,140.65960184637774,141.15127563476562,1800976.0
2020-08-26T00:00:00,140.57766719858418,142.8311767578125,139.96308801471727,142.8311767578125,1004940.0
2020-08-27T00:00:00,143.19990789212414,144.51103357720143,141.4790496826172,141.4790496826172,2204827.0
2020-08-28T00:00:00,141.80683648804109,142.09365058646742,139.3484806049647,140.57765197753906,1939269.0
2020-08-31T00:00:00,141.1922368279538,142.13462032853374,139.1436004638672,139.1436004638672,1941728.0
2020-09-01T00:00:00,139.96305789951677,141.315147578616,138.20122257681118,139.881103515625,2339221.0
2020-09-02T00:00:00,140.8644511259106,144.2651901980672,140.3318001819145,141.3561248779297,2509442.0
2020-09-03T00:00:00,143.0769909952723,145.00270891884796,139.30749639872198,139.92208862304688,3007055.0
2020-09-04T00:00:00,139.30749962083348,145.28952636331462,138.6519301870816,141.6839141845703,2711919.0
2020-09-07T00:00:00,142.5853259532,147.2562271442941,142.5853259532,147.17428588867188,2593526.0
2020-09-08T00:00:00,147.42010498046875,147.5020462261899,144.9207590377493,147.42010498046875,3246771.0
2020-09-09T00:00:00,147.37913498667746,152.62365086542314,147.13329809958114,152.500732421875,4873094.0
2020-09-10T00:00:00,152.50072751946357,153.2382381570439,149.42776652954555,150.8208465576172,2933726.0
2020-09-11T00:00:00,150.69793064869214,151.10765002894402,149.34582779042233,150.57501220703125,1773231.0
2020-09-14T00:00:00,151.43543998833974,152.29586907252096,149.304849305344,149.96041870117188,1752373.0
2020-09-15T00:00:00,150.1652895580731,150.820859002659,148.97708225656822,150.2882080078125,1909673.0
2020-09-16T00:00:00,149.79652404785156,150.49305750315162,148.28053869584988,149.79652404785156,2594682.0
2020-09-17T00:00:00,148.15762373894745,150.57501543072388,147.66594996177756,149.3867950439453,2493557.0
2020-09-18T00:00:00,150.69794206506927,152.33684598608798,150.0423726139052,151.68128967285156,4070985.0
2020-09-21T00:00:00,150.24723756288378,150.24723756288378,144.429106105749,144.51104736328125,2311659.0
2020-09-22T00:00:00,144.63395620482257,146.23189601701978,143.65060862808585,144.101318359375,1830268.0
2020-09-23T00:00:00,144.83885553603622,147.46110746171505,144.4291229248047,144.4291229248047,2098519.0
2020-09-24T00:00:00,142.29849904679702,143.0769868879025,140.24986273716743,141.72488403320312,3197805.0
2020-09-25T00:00:00,141.1922394084074,141.43807630210785,134.96437581397228,137.42274475097656,7128768.0
2020-09-28T00:00:00,139.30752139870185,143.32285360556938,139.30752139870185,141.88880920410156,4268094.0
2020-09-29T00:00:00,141.64295794338852,144.59300085116942,141.47906229142467,143.19992065429688,2676085.0
2020-09-30T00:00:00,141.76585855347219,145.33049328501838,141.4380672908044,144.14227294921875,2824114.0
2020-10-01T00:00:00,145.0027045692332,145.8221696023697,143.52768327509935,143.8964385986328,2859484.0
2020-10-02T00:00:00,142.46241796820001,142.46241796820001,139.3484923706274,141.76588439941406,2482958.0
2020-10-05T00:00:00,143.40476867133725,146.31384728234173,143.28185022687023,145.74021911621094,1972987.0
2020-10-06T00:00:00,146.55968800493764,147.50205839119283,145.69925887116156,146.10897827148438,1916631.0
2020-10-07T00:00:00,145.82218291230254,148.60833012066342,145.69926445990532,147.17428588867188,2181387.0
2020-10-08T00:00:00,147.58399992287235,148.7312431493866,146.06801449054095,146.88746643066406,1635160.0
2020-10-09T00:00:00,147.05135341751208,148.36247907211364,146.27286558056895,146.3138427734375,1483466.0
2020-10-12T00:00:00,146.60064951316036,146.84648640425038,145.12562816662006,146.3548126220703,2324915.0
2020-10-13T00:00:00,146.68260443901792,146.68260443901792,141.7658665992211,142.01170349121094,3853262.0
2020-10-14T00:00:00,142.54433691738848,142.95406943732473,140.6186190357488,141.5609893798828,3655565.0
2020-10-15T00:00:00,139.43044010472028,140.53670630893146,138.07833696623993,140.41378784179688,3091049.0
2020-10-16T00:00:00,141.92976045871782,143.69159603826412,134.7595259605585,143.11798095703125,7620300.0
2020-10-19T00:00:00,143.19991175334476,146.02703603090774,143.1179705014201,143.3228302001953,3152951.0
2020-10-20T00:00:00,142.91309518437586,146.7645441648251,142.91309518437586,146.51870727539062,3086625.0
2020-10-21T00:00:00,146.68261894461,146.846501463525,141.23322958729722,141.39712524414062,3434804.0
2020-10-22T00:00:00,140.94639489442878,141.84780116857146,139.47138674989984,141.11029052734375,2934751.0
2020-10-23T00:00:00,140.94638029119406,143.36378479003906,140.5366609582467,143.36378479003906,2912611.0
2020-10-26T00:00:00,141.3561382523163,141.39711544817035,137.2588653564453,137.2588653564453,2556789.0
2020-10-27T00:00:00,137.25886025584833,138.07831217698586,134.63659571511047,136.2755126953125,2475089.0
2020-10-28T00:00:00,134.22685871002835,134.75950966686733,132.09628115852564,132.874755859375,3050731.0
2020-10-29T00:00:00,132.5060035965955,134.47269869751062,130.86709977111747,131.23585510253906,2501862.0
2020-10-30T00:00:00,129.47402599963834,131.52267558812844,129.10527065026145,129.88375854492188,1919192.0
2020-11-02T00:00:00,130.25253585117028,135.45607567759492,129.55600223090732,135.04635620117188,3347565.0
2020-11-03T00:00:00,136.8491378504607,137.42275292390048,132.62894634956794,133.03866577148438,4542690.0
2020-11-04T00:00:00,128.8594312203799,132.4240661943612,127.34344579466118,131.6046142578125,6122758.0
2020-11-05T00:00:00,132.2601540225971,135.2511735809828,131.80945748451046,134.63658142089844,3268884.0
2020-11-06T00:00:00,134.3907597985875,137.38177969619514,133.77616756880013,136.1116180419922,2589105.0
2020-11-09T00:00:00,138.56999515954342,149.18194619643654,137.87346163721682,147.01039123535156,6844312.0
2020-11-10T00:00:00,146.68260364547788,149.63263319546948,145.04368666176964,148.5263671875,4072375.0
2020-11-11T00:00:00,148.44444431281244,149.96044303885913,147.1742956457869,148.3625030517578,2517449.0
2020-11-12T00:00:00,146.84650036561038,147.87082522184843,145.78121144891404,147.2152557373047,2709390.0
2020-11-13T00:00:00,146.31385108075563,150.94377489656782,145.9860597950492,150.53404235839844,3901468.0
2020-11-16T00:00:00,151.599338588057,157.37650590983222,150.86182786612824,155.69662475585938,4132323.0
2020-11-17T00:00:00,155.28689352067875,155.28689352067875,152.54172345761933,154.83619689941406,2723388.0
2020-11-18T00:00:00,154.1396507058002,154.95910262385092,153.0743487606146,154.59034729003906,2977802.0
2020-11-19T00:00:00,154.13967722437343,154.54939668492446,153.19729356166175,153.44313049316406,2029402.0
2020-11-20T00:00:00,152.50074912030976,155.00009545876978,152.29588940460684,153.89382934570312,2171702.0
2020-11-23T00:00:00,154.34453451153175,157.3765189060906,154.34453451153175,156.72096252441406,2461057.0
2020-11-24T00:00:00,157.74525851522156,161.18697515743406,157.74525851522156,160.36752319335938,3074393.0
2020-11-25T00:00:00,159.79389737765362,160.85919939855987,156.55705353162892,157.86817932128906,2495481.0
2020-11-26T00:00:00,160.2036168008651,162.088370643551,159.3022105042889,159.79388427734375,2294389.0
2020-11-27T00:00:00,159.01542971251078,160.81822939618846,158.68763839698505,160.77725219726562,2200891.0
2020-11-30T00:00:00,159.79388449995602,160.73626799157523,157.62232971191406,157.62232971191406,5635744.0
2020-12-01T00:00:00,158.15498479320627,159.22027361804282,157.3355197237069,158.7695770263672,1688477.0
2020-12-02T00:00:00,157.7862314372247,159.34319406816638,156.96676635742188,156.96676635742188,2747063.0
2020-12-03T00:00:00,156.51605655153708,157.33550842425825,155.32784936540247,155.4917449951172,2481012.0
2020-12-04T00:00:00,155.32786679163993,157.41748046875,155.00008863336328,157.41748046875,1797736.0
2020-12-07T00:00:00,157.49942303640844,158.72860756259934,156.51607541545573,156.5570526123047,1850318.0
2020-12-08T00:00:00,157.33553450057698,159.46612548828125,155.32787510897776,159.46612548828125,2675284.0
2020-12-09T00:00:00,160.36751274333596,162.04739375849775,159.71194333203843,160.57237243652344,2078237.0
2020-12-10T00:00:00,161.63768277916657,161.63768277916657,157.99110618198046,159.9168243408203,2490324.0
2020-12-11T00:00:00,157.7452679251876,160.90017065610567,157.7452679251876,160.77725219726562,2596232.0
2020-12-14T00:00:00,162.25226138187682,163.8911784212604,161.71962352597095,163.5634002685547,2721756.0
2020-12-15T00:00:00,163.1126839713792,168.0703989481162,162.49809174855753,167.08705139160156,3485210.0
2020-12-16T00:00:00,167.57872009277344,169.62735639413634,166.0217444168452,167.57872009277344,2915174.0
2020-12-17T00:00:00,168.31626158871015,168.88987670512802,165.1203815410854,166.10372924804688,2110775.0
2020-12-18T00:00:00,165.77592113746073,168.07040764669873,165.03841043190445,166.18565368652344,3357229.0
2020-12-21T00:00:00,163.03074263819326,164.54672802843223,160.40847810951007,162.6619873046875,2664620.0
2020-12-22T00:00:00,162.9897689764056,165.44813791972229,162.58004957780432,165.20230102539062,1264154.0
2020-12-23T00:00:00,165.20230769089522,165.20230769089522,163.80924065876044,164.62869262695312,1163007.0
2020-12-28T00:00:00,166.34954019085237,168.725954686192,165.61202952583102,168.48011779785156,1179654.0
2020-12-29T00:00:00,168.97181535130153,168.97181535130153,166.2676091990359,166.3495635986328,1533338.0
2020-12-30T00:00:00,165.6939620421624,166.92314641907373,164.95645141601562,164.95645141601562,1863945.0
2021-01-04T00:00:00,165.9398000016576,170.1190269104597,165.5300674940349,166.267578125,2570365.0
2021-01-05T00:00:00,164.95646004664704,167.74260706744369,164.30090376994602,165.5300750732422,1322681.0
2021-01-07T00:00:00,171.67601575879297,177.49416045283064,170.44683118525884,176.9205322265625,4701221.0
2021-01-08T00:00:00,179.46085577048524,179.46085577048524,175.52746513517602,176.9205322265625,2530412.0
2021-01-11T00:00:00,175.60940385251516,178.88722495519033,175.60940385251516,177.16636657714844,2102930.0
2021-01-12T00:00:00,178.31359107975055,182.73865501399942,178.23164983064746,180.526123046875,2772829.0
2021-01-13T00:00:00,178.64137678103577,180.85390884187933,177.90386609408793,178.3135986328125,2749230.0
2021-01-14T00:00:00,178.14969890065095,179.54277898999715,177.739979509258,178.64137268066406,1707811.0
2021-01-15T00:00:00,178.80528159461264,181.0997550257083,177.73999270480536,178.96917724609375,3819301.0
2021-01-18T00:00:00,178.23164874305778,179.13304189147172,177.16634682158434,177.73997497558594,1426234.0
2021-01-19T00:00:00,181.26364037889152,181.67335977742457,175.52745055808379,177.00247192382812,2410919.0
2021-01-20T00:00:00,177.4122084840671,179.9525320627571,176.75665212782906,178.14971923828125,2770748.0
2021-01-21T00:00:00,181.0997441586441,182.1650329845277,175.52744999779293,178.39553833007812,5449618.0
2021-01-22T00:00:00,178.80527649795548,180.44419355226705,178.0677657942044,179.46084594726562,2849964.0
2021-01-25T00:00:00,181.0997622551379,183.14839885975664,178.14971923828125,178.14971923828125,3378715.0
2021-01-26T00:00:00,177.73999448800416,182.8206152176828,177.4941575772801,181.5914306640625,2544019.0
2021-01-27T00:00:00,181.91921087160682,181.91921087160682,173.15103638278038,175.60940551757812,4912413.0
2021-01-28T00:00:00,174.54411515974985,175.5274628055259,169.46348127726426,174.21632385253906,3009231.0
2021-01-29T00:00:00,173.39687523894008,175.60940748504652,170.61072790093033,171.10240173339844,3158234.0
2021-02-01T00:00:00,172.41351471456642,174.29826864442947,171.75795841212246,173.8065948486328,1973402.0
2021-02-02T00:00:00,171.83990880244062,175.93718189331966,171.67601314915134,172.98715209960938,3004991.0
2021-02-03T00:00:00,174.87186787452282,175.6913197474133,172.5773947476737,175.19964599609375,1909327.0
2021-02-04T00:00:00,175.44549205135826,175.69132893988063,173.31491444278234,174.3802032470703,1847082.0
2021-02-05T00:00:00,174.9538131960622,175.5274413445821,173.31490941210225,174.8718719482422,2240021.0
2021-02-08T00:00:00,175.5274439924483,177.57608032226562,173.97046829489454,177.57608032226562,1941060.0
2021-02-09T00:00:00,177.65803333712702,177.8219289840204,175.691338126117,176.51080322265625,1769974.0
2021-02-10T00:00:00,177.00247546457842,178.47749685982902,175.3635584238797,176.59274291992188,2201512.0
2021-02-11T00:00:00,177.00248406166796,178.3136098751524,176.26497332822146,177.16636657714844,1581698.0
2021-02-12T00:00:00,176.83857472896156,177.90386354889205,175.19965773543788,177.08441162109375,2001080.0
2021-02-15T00:00:00,177.8219258493622,178.23165839040902,176.34690446710647,176.6746826171875,1517196.0
2021-02-16T00:00:00,176.34690193017053,179.4608402938889,176.34690193017053,178.39553833007812,1742324.0
2021-02-17T00:00:00,177.57609550666055,181.09975344835402,177.4941542505977,179.05111694335938,3041522.0
2021-02-18T00:00:00,178.6413843871893,180.44419712399534,177.73999115671415,179.05111694335938,2084758.0
2021-02-19T00:00:00,179.4608319486211,185.197021484375,179.4608319486211,185.197021484375,3667194.0
2021-02-22T00:00:00,183.8858821217351,185.6067402909544,183.148371477784,185.1150665283203,2570601.0
2021-02-23T00:00:00,186.59010482756514,187.49151118721733,182.410877464157,183.55812072753906,3083476.0
2021-02-24T00:00:00,183.55811802459684,190.2776555816243,183.14838547843786,189.70404052734375,2768273.0
2021-02-25T00:00:00,190.6054414507027,192.4901954738079,188.96653747558594,188.96653747558594,2356164.0
2021-02-26T00:00:00,188.06513388234552,189.37625970947286,185.44288222809087,185.77066040039062,2217682.0
2021-03-01T00:00:00,186.99983812545148,189.37625277903163,186.91789686985734,189.2943115234375,2526050.0
2021-03-02T00:00:00,188.63873445869933,190.93322090209594,188.22901505932137,190.0318145751953,1918599.0
2021-03-03T00:00:00,191.34294543829563,192.08045614248803,188.5567982684336,189.54014587402344,1931030.0
2021-03-04T00:00:00,188.39291325363214,190.11375840259777,186.83593747353922,188.3109588623047,2424552.0
2021-03-05T00:00:00,187.40956622290136,190.68738716178552,185.6887079308499,188.39291381835938,2071578.0
2021-03-08T00:00:00,190.03181697199568,198.79999090508477,189.3762475316243,198.6361083984375,3500146.0
2021-03-09T00:00:00,198.63611615182202,199.45556813082644,194.78466688843824,196.423583984375,2797307.0
2021-03-10T00:00:00,195.8499649202562,196.34163872522117,192.49018954035324,193.8013153076172,3442047.0
2021-03-11T00:00:00,193.80129864671844,197.32495623339938,192.5721142399778,196.83328247070312,2354394.0
2021-03-12T00:00:00,195.8499688310604,197.8986053466797,194.94856245798252,197.8986053466797,2205659.0
2021-03-15T00:00:00,197.8985977814274,198.8819453734018,193.71937051553624,194.21104431152344,2283593.0
2021-03-16T00:00:00,194.21103921656774,195.68606056583346,192.73601786730205,193.22769165039062,2984009.0
2021-03-17T00:00:00,192.7360093191938,195.60411063931522,192.7360093191938,194.12908935546875,3034909.0
2021-03-18T00:00:00,195.03050280618206,197.40693061254112,193.80131827494938,196.5874786376953,1986108.0
2021-03-19T00:00:00,193.8012898291934,196.4235541569084,191.8345948678886,193.3096160888672,4080167.0
2021-03-22T00:00:00,192.08046715878297,194.37495379537222,190.2776674911157,192.81797790527344,2166565.0
2021-03-23T00:00:00,190.52348058085528,191.09709559930548,184.7053497336309,186.34425354003906,3773008.0
2021-03-24T00:00:00,185.7706525688565,191.50684260088727,185.03314185882707,190.9332275390625,2996901.0
2021-03-25T00:00:00,190.68740014305553,190.93323705865566,184.21369907822805,187.1637420654297,3457085.0
2021-03-26T00:00:00,188.22899415330954,192.89989463568318,187.81926166151203,192.16238403320312,2652636.0
2021-03-29T00:00:00,192.16240694922178,192.3262894551437,189.212364187499,189.9498748779297,3537096.0
2021-03-30T00:00:00,190.93321744081604,196.3416290283203,190.68738055047493,196.3416290283203,2884628.0
2021-03-31T00:00:00,196.25969703447637,196.25969703447637,193.39160841184173,195.52218627929688,2429079.0
2021-04-01T00:00:00,195.93189344356412,198.06247103468337,194.29297648753433,197.98052978515625,1152397.0
2021-04-06T00:00:00,198.96387835641642,200.19306279529084,197.32496139194154,199.29165649414062,3201444.0
2021-04-07T00:00:00,199.45556654816164,200.11113600892003,196.17774552022533,196.50552368164062,2665954.0
2021-04-08T00:00:00,197.73468874828845,199.61944255126625,195.68605244969623,196.83328247070312,2365533.0
2021-04-09T00:00:00,197.24302419649115,198.96388244628906,196.6694091592009,198.96388244628906,1663584.0
2021-04-12T00:00:00,199.12777707392357,199.70139210829413,195.60411934062947,196.177734375,2359687.0
2021-04-13T00:00:00,197.32497721990146,198.88195305931615,195.6041320053706,196.423583984375,2540702.0
2021-04-14T00:00:00,196.91524603026326,197.32496542631367,192.6540776010199,193.0637969970703,3402002.0
2021-04-15T00:00:00,194.29296525410658,196.5054971047579,194.21102400931707,194.70269775390625,2728066.0
2021-04-16T00:00:00,194.37494578725276,199.45556640625,193.1457612604102,199.45556640625,3182082.0
2021-04-19T00:00:00,199.53751823374247,199.78335515213564,195.52218627929688,195.52218627929688,3032680.0
2021-04-20T00:00:00,195.5221567914329,198.88193188207467,182.90253459646695,185.1150665283203,7690632.0
2021-04-21T00:00:00,185.1970569464949,188.22904136000753,183.5581397062002,186.18040466308594,4375495.0
2021-04-22T00:00:00,187.32761192566713,188.96652896489832,182.08309579322582,183.9678497314453,3272955.0
2021-04-23T00:00:00,183.9678391320477,188.22900742302647,182.90253720585795,187.81927490234375,2597975.0
2021-04-26T00:00:00,188.4748545337251,188.55679578713676,185.52481175577637,186.8359375,2479916.0
2021-04-27T00:00:00,186.83593752688188,187.16372881643053,183.72201224166182,185.3609161376953,2467848.0
2021-04-28T00:00:00,186.23086533402966,187.2448270537789,181.83703573076465,184.20294189453125,4332057.0
2021-04-29T00:00:00,184.79444452664228,185.3859177318381,179.8936200940623,180.82308959960938,3087059.0
2021-04-30T00:00:00,181.2455911604657,182.1750471855221,176.8517608642578,176.8517608642578,2307842.0
2021-05-03T00:00:00,178.1191975616485,182.76653181979,178.1191975616485,181.9215545654297,3120416.0
2021-05-04T00:00:00,184.11846872277908,185.3014287009972,181.24558140075928,182.42852783203125,4843620.0
2021-05-05T00:00:00,184.54093918259386,191.30067498687268,183.94945247818447,190.9626922607422,4409625.0
2021-05-06T00:00:00,190.54023709350002,193.58212280273438,188.59680559695127,193.58212280273438,3783548.0
2021-05-07T00:00:00,194.9340400138616,196.45498265409117,191.63866429336417,193.15960693359375,2938434.0
2021-05-10T00:00:00,194.0890920670287,197.89144897460938,192.99063792048753,197.89144897460938,3139083.0
2021-05-11T00:00:00,196.5394943416722,196.5394943416722,190.62472133956413,193.41311645507812,3892287.0
2021-05-12T00:00:00,192.90613168437534,197.13097720002295,192.5681489200242,194.173583984375,1540953.0
2021-05-14T00:00:00,196.79297694539392,197.8069387650759,193.9200896386103,196.96197509765625,3003474.0
2021-05-17T00:00:00,194.34257835737708,196.70848475567809,192.65263747462146,192.9061279296875,2705027.0
2021-05-18T00:00:00,194.17358393661684,196.5394903803855,194.00459932795602,195.1875457763672,2387418.0
2021-05-19T00:00:00,190.54024673650827,190.62473905039175,182.2595664735934,183.61151123046875,5895880.0
2021-05-20T00:00:00,185.30141069141894,186.23086657609153,181.2455637853717,185.55490112304688,4938866.0
2021-05-21T00:00:00,186.73786990867632,187.160358527874,183.9494748252538,185.38592529296875,2697200.0
2021-05-24T00:00:00,185.63941963337228,185.89291010079737,183.61149589397147,184.62545776367188,1405213.0
2021-05-25T00:00:00,184.8789373441923,187.07584556787674,184.54095458984375,184.54095458984375,1747371.0
2021-05-26T00:00:00,185.04793496299516,185.72390046974945,181.07658003629356,181.83705139160156,3073635.0
2021-05-27T00:00:00,181.66804628798215,187.07583786975945,180.65408451971481,186.0618896484375,3594134.0
2021-05-28T00:00:00,186.73784962306289,187.66731906554955,185.63939558881137,186.8223419189453,1954397.0
2021-05-31T00:00:00,186.82236167471163,187.66733891066906,184.70994567871094,184.70994567871094,1696840.0
2021-06-01T00:00:00,185.9773790195334,190.70920499872057,185.9773790195334,189.5262451171875,2565239.0
2021-06-02T00:00:00,189.69523887341956,190.87818518067434,188.51227901922007,189.61073303222656,1564871.0
2021-06-03T00:00:00,189.77975453543954,191.89217052730814,188.00532130912495,191.80767822265625,2615071.0
2021-06-04T00:00:00,191.8076706103238,193.41310561667282,189.35725840320515,190.28672790527344,2171549.0
2021-06-07T00:00:00,190.28671326153636,192.0611462808749,189.86422469366465,190.9626922607422,1946712.0
2021-06-08T00:00:00,191.13170292799654,192.06117248535156,189.77975829207287,192.06117248535156,336360.0
2021-06-09T00:00:00,192.14566419794937,192.90613559335907,189.94875586473015,192.39915466308594,2447410.0
2021-06-10T00:00:00,192.65263870691592,193.41311007697837,190.20223999023438,190.20223999023438,3192571.0
2021-06-11T00:00:00,190.20222412762712,191.72316674090746,188.51228337500064,189.5262451171875,1906556.0
2021-06-14T00:00:00,190.28671570735472,190.8781888724217,186.3998668925882,186.8223419189453,2167565.0
2021-06-15T00:00:00,187.66733055503232,188.85027695758933,186.06189555330735,187.58282470703125,2208271.0
2021-06-16T00:00:00,187.92082158064665,188.5122947837365,184.7944438686775,187.24484252929688,3117428.0
2021-06-17T00:00:00,187.2448348849845,189.86423158824033,186.06188852709877,186.73785400390625,2641644.0
2021-06-18T00:00:00,186.9068519931004,188.5122869328814,180.99207956769294,181.6680450439453,5317707.0
2021-06-21T00:00:00,180.14711050126377,184.45644818063536,178.03469458584786,183.86497497558594,2327227.0
2021-06-22T00:00:00,184.96343678781108,184.96343678781108,181.92155124038376,183.35800170898438,2200047.0
2021-06-23T00:00:00,183.69598835714896,184.45645976007154,181.92155508366295,182.5975341796875,1514324.0
2021-06-24T00:00:00,183.02001840808643,184.62545348223335,182.42853163317986,182.68202209472656,1835618.0
2021-06-28T00:00:00,183.44249071337757,185.80841068343707,182.51303473301854,184.79444885253906,1929419.0
2021-06-29T00:00:00,184.6254494725057,187.83631955106526,183.9494704074134,187.4983367919922,2154611.0
2021-06-30T00:00:00,186.48437890849652,187.75183121548625,182.59752968271022,184.70994567871094,2350575.0
2021-07-01T00:00:00,185.6394189603725,187.75183499894126,185.13243802736025,185.97740173339844,1707005.0
2021-07-02T00:00:00,187.16034258711989,188.5967793855447,186.230873122828,186.73785400390625,2169828.0
2021-07-05T00:00:00,186.9068521762822,188.08979853435588,184.79443635376893,187.75181579589844,1415503.0
2021-07-06T00:00:00,187.92083384019818,189.18828617732368,184.62545776367188,184.62545776367188,2657865.0
2021-07-07T00:00:00,185.89288667421957,188.93477189997657,185.80839437804133,188.5122833251953,1729537.0
2021-07-08T00:00:00,188.5122882237866,188.59678052216043,184.4564411507173,186.0618896484375,1509195.0
2021-07-09T00:00:00,187.0758475751939,189.01927891417935,186.3153762095404,188.85028076171875,1844333.0
2021-07-12T00:00:00,189.27277371659193,190.03324509971185,187.1603577235743,189.77975463867188,1158560.0
2021-07-13T00:00:00,190.2022248236351,193.83558323078535,190.2022248236351,192.2301483154297,2242260.0
2021-07-14T00:00:00,191.3851670056246,196.03248705773132,190.96269198530703,195.3565216064453,2514933.0
2021-07-15T00:00:00,193.49760818043706,195.69451635247722,192.23015594774247,192.7371368408203,1959258.0
2021-07-16T00:00:00,194.25808290187678,195.35653700701977,179.6401290480014,183.18899536132812,6263571.0
2021-07-19T00:00:00,183.69598070012043,185.72390435671704,180.90758567230012,182.09054565429688,2974943.0
2021-07-20T00:00:00,184.11846978295833,185.80841068343707,181.83705566343778,184.79444885253906,2350597.0
2021-07-21T00:00:00,185.8929060499334,188.68130113084652,184.54096143544254,188.4278106689453,2209844.0
2021-07-22T00:00:00,189.86424635615026,191.89217003819803,189.2727731312018,190.11773681640625,1790388.0
2021-07-23T00:00:00,190.9627189074995,192.23017124102898,188.68130470714644,191.7231903076172,1519697.0
2021-07-26T00:00:00,190.87820052479933,192.48364907318683,189.69525412245108,191.638671875,1441145.0
2021-07-27T00:00:00,190.79371970361566,191.0472101689348,188.76579598106255,190.37123107910156,1348434.0
2021-07-28T00:00:00,190.54022923829652,190.96271786281065,189.10377875250586,190.37123107910156,1267699.0
2021-07-29T00:00:00,191.30067886604215,192.65262334492348,190.28671712014486,192.2301483154297,1268183.0
2021-07-30T00:00:00,190.8781895911217,191.46967630536074,188.9347719498935,189.5262451171875,1973756.0
2021-08-02T00:00:00,191.13170314546167,192.3146631700825,189.019287109375,189.019287109375,1351756.0
2021-08-03T00:00:00,189.4417839342103,190.0332571986457,188.08982569129043,189.18829345703125,1512949.0
2021-08-04T00:00:00,190.54022543248163,192.06116819401745,189.2727731312018,190.11773681640625,1705803.0
2021-08-05T00:00:00,189.9487303332803,190.03322262798682,187.6673164537013,187.92080688476562,1492627.0
2021-08-06T00:00:00,188.59677885328026,189.4417560173228,187.16034205890938,188.0897979736328,1132264.0
2021-08-09T00:00:00,187.58282851446975,188.34329988024018,186.48437439067226,187.83631896972656,993357.0
2021-08-10T00:00:00,187.7518343281079,188.51230572490908,186.48438200010585,187.329345703125,1191342.0
2021-08-11T00:00:00,187.07585239825667,190.62471886280082,187.07585239825667,190.4557342529297,1160606.0
2021-08-12T00:00:00,190.70921646101,194.51155967579987,190.54021831150644,194.3425750732422,2065524.0
2021-08-13T00:00:00,194.25807180722424,195.01852956970214,191.97665787895536,192.2301483154297,998005.0
2021-08-16T00:00:00,191.55417183353865,191.55417183353865,187.3293266541617,188.0897979736328,1421452.0
2021-08-17T00:00:00,187.92082598474394,188.17431644157264,186.39988324377168,187.1603546142578,1550388.0
2021-08-18T00:00:00,188.2588049565515,188.51229540827924,182.76652086708103,183.86497497558594,1919836.0
2021-08-19T00:00:00,181.24558985362978,181.24558985362978,175.8377977167545,178.54168701171875,3665367.0
2021-08-20T00:00:00,178.28818887007492,180.4851106812559,177.02073658419093,180.0626220703125,2234100.0
2021-08-23T00:00:00,181.4145747424189,182.93551755324432,180.4006128685353,182.25955200195312,1465242.0
2021-08-24T00:00:00,182.93550987581216,183.6114889456807,181.24558252156015,182.7665252685547,1246494.0
2021-08-25T00:00:00,182.93550858324804,187.92082540104315,182.175037215124,187.4983367919922,2469978.0
2021-08-26T00:00:00,186.8223620456068,189.10377620271754,186.3998869737358,188.4278106689453,1923539.0
2021-08-27T00:00:00,188.42779922634404,188.93478011935912,186.14638520777606,188.68128967285156,1325979.0
2021-08-30T00:00:00,189.1037786840474,192.0611719606823,188.9347940718602,191.38519287109375,2036290.0
2021-08-31T00:00:00,192.48363450365096,193.15959995470004,185.5549005752567,185.89288330078125,3978830.0
2021-09-01T00:00:00,186.6533743211206,188.00531891305278,184.54095835617412,185.80841064453125,1834399.0
2021-09-02T00:00:00,185.9773864837194,187.413836858451,185.2169151465578,186.99134826660156,1254500.0
2021-09-03T00:00:00,186.99135591217015,189.01927956085075,186.484375,186.484375,1786691.0
2021-09-06T00:00:00,186.82233945209697,190.87818635201893,186.82233945209697,189.94873046875,1446530.0
2021-09-07T00:00:00,189.4417572543016,192.14564626544635,189.1037609676995,191.4696807861328,1486420.0
2021-09-08T00:00:00,190.45571492816723,190.45571492816723,185.13241577148438,185.13241577148438,2435935.0
2021-09-09T00:00:00,183.78047943557488,186.48436850839465,182.85100994663614,185.30142211914062,1623535.0
2021-09-10T00:00:00,185.30141395879926,188.4277914883558,185.30141395879926,186.14637756347656,1898625.0
2021-09-13T00:00:00,186.73786281352818,188.4278036791628,184.20295828854927,184.54095458984375,2110626.0
2021-09-14T00:00:00,184.03397370289707,184.79444506046534,182.51303098776054,183.52699279785156,2024249.0
2021-09-15T00:00:00,183.52697747249078,184.456433356163,181.8370367478084,182.5130157470703,2209410.0
2021-09-16T00:00:00,182.51303098776054,185.72390102175146,182.17503468643292,183.52699279785156,1842228.0
2021-09-17T00:00:00,184.70995108574388,185.72391296101745,178.62617983410243,179.21766662597656,3595095.0
2021-09-20T00:00:00,176.76724367866703,176.76724367866703,171.10596139577993,172.03543090820312,3663370.0
2021-09-21T00:00:00,172.71140304700887,173.5563802896142,170.09200610760402,170.17649841308594,2498989.0
2021-09-22T00:00:00,171.35945067100457,175.33080560010606,171.35945067100457,174.73931884765625,2391518.0
2021-09-23T00:00:00,176.17576486594433,179.8091234039487,175.83778212078795,177.86569213867188,2511632.0
2021-09-24T00:00:00,177.61223115507633,177.61223115507633,175.92229018397495,176.51376342773438,1754527.0
2021-09-27T00:00:00,177.69671583872264,178.54167951454963,174.90832080685274,174.99281311035156,1730453.0
2021-09-28T00:00:00,174.0633662313478,174.40134900995963,170.00751870021784,170.7679901123047,2536963.0
2021-09-29T00:00:00,170.9369517489609,171.44393262219836,168.86678888120474,169.2470245361328,2458579.0
2021-09-30T00:00:00,170.51448823168553,170.68347283621046,168.3175664503475,170.00750732421875,2640751.0
2021-10-01T00:00:00,165.78268578995383,169.5005508291597,164.64197858386262,168.4443359375,2305176.0
2021-10-04T00:00:00,167.7260965434707,169.9230183680704,166.28964609504635,167.55709838867188,1878999.0
2021-10-05T00:00:00,167.5571025082851,171.52845764160156,166.88113696636282,171.52845764160156,1860367.0
2021-10-06T00:00:00,169.33151354894773,171.27494470765185,167.85282387966222,168.65554809570312,2551457.0
2021-10-07T00:00:00,171.44394297266342,175.66878835368746,171.44394297266342,174.73931884765625,2883681.0
2021-10-08T00:00:00,175.4998022347595,178.20370508961363,174.40134805010635,175.1618194580078,2702589.0
2021-10-11T00:00:00,175.1618188601441,176.17578073388518,173.13389511266195,175.4998016357422,1585444.0
2021-10-12T00:00:00,172.96489056421564,175.83779146502397,172.03543457890675,175.330810546875,2172903.0
2021-10-13T00:00:00,175.3308169402155,177.1052502184406,173.30289319367253,176.51376342773438,2236621.0
2021-10-14T00:00:00,177.44322523152013,179.38664303897662,176.76724616326132,179.0486602783203,1892889.0
2021-10-15T00:00:00,180.06262152211687,181.07658334773708,178.45718648053358,179.3866424560547,2288708.0
2021-10-18T00:00:00,178.964172301843,189.0192849837303,177.4432295216974,179.97813415527344,4837895.0
2021-10-19T00:00:00,183.35800165214843,184.87894442539064,181.83705887890622,184.37196350097656,3704805.0
2021-10-20T00:00:00,184.28746687593772,186.06190006979182,180.82309279133577,182.42852783203125,4049681.0
2021-10-21T00:00:00,181.66805636606853,185.7239036641371,181.24558130381712,185.4704132080078,2556297.0
2021-10-22T00:00:00,186.23086629483993,190.6246959207738,186.0618817053064,189.94873046875,3906849.0
2021-10-25T00:00:00,190.45572999431488,190.96271090648503,184.70994180740448,186.484375,2981644.0
2021-10-26T00:00:00,186.48436029595845,188.34328564502653,185.63939669128115,186.14637756347656,2798954.0
2021-10-27T00:00:00,185.047922819045,186.73785002197351,182.42851262469924,183.44247436523438,3181963.0
2021-10-28T00:00:00,182.93548974484472,184.3719400301377,182.5130147262457,184.20294189453125,2041830.0
2021-10-29T00:00:00,183.27352136168636,184.54097375581028,182.51304992521202,183.78050231933594,2263078.0
2021-11-01T00:00:00,184.54096545684575,186.31538518187472,183.86498636139657,184.62545776367188,1289090.0
2021-11-02T00:00:00,184.62545776367188,185.30143685912105,182.6820263310972,184.62545776367188,1359882.0
2021-11-03T00:00:00,184.202954480099,185.6394048635367,183.44248313832833,184.28746032714844,1470153.0
2021-11-04T00:00:00,185.5549195699914,187.58282967767488,184.7099423492649,187.1603546142578,1961859.0
2021-11-05T00:00:00,186.99134444444536,187.413833027659,186.1463808249634,186.73785400390625,685471.0
2021-11-08T00:00:00,186.48437172083084,189.61074944192336,185.80840621445435,188.93478393554688,1634166.0
2021-11-09T00:00:00,188.93481021038164,189.77977398433288,187.5828519157224,188.00534057617188,1556153.0
2021-11-10T00:00:00,188.4278134186912,188.596798031127,185.047945059668,187.329345703125,1807583.0
2021-11-11T00:00:00,187.24484569917377,190.87820437442804,186.90686294125007,189.86424255371094,2030775.0
2021-11-12T00:00:00,189.86424307183864,191.55418395996094,188.68129664240456,191.55418395996094,1372825.0
2021-11-15T00:00:00,190.87822400088518,191.46971082175202,190.11775255715426,190.79373168945312,1238612.0
2021-11-16T00:00:00,190.79370557412088,194.34257182577258,190.54021512757433,193.7510986328125,1605985.0
2021-11-17T00:00:00,195.10304152811392,199.83485412597656,195.01853568201048,199.83485412597656,4073857.0
2021-11-18T00:00:00,199.83485795473177,201.10231020111198,196.79297256341928,197.0464630126953,2176946.0
2021-11-19T00:00:00,197.04646416127233,197.9759336630176,193.41310554945227,196.37049865722656,2872427.0
2021-11-22T00:00:00,198.73638875736935,202.87672793199042,198.5673906217101,201.102294921875,3569886.0
2021-11-23T00:00:00,200.2573471189033,201.18681661785956,197.80693491998903,198.7364044189453,2416344.0
2021-11-24T00:00:00,199.41239920399832,201.94730390396347,198.9054182640053,200.42636108398438,2185969.0
2021-11-25T00:00:00,200.76431226894638,203.04572613990666,200.3418237031203,202.1162567138672,1647236.0
2021-11-26T00:00:00,194.7650708529964,195.7790191465564,191.554187175744,192.14566040039062,4640781.0
2021-11-29T00:00:00,194.17358457201462,196.28600056275818,192.23016673743123,193.83560180664062,2099205.0
2021-11-30T00:00:00,190.96269102186733,193.15959904788028,186.8223383056415,189.61073303222656,2508096.0
2021-12-01T00:00:00,191.46969525526927,196.03250999975066,190.87820848249032,195.863525390625,2198632.0
2021-12-02T00:00:00,192.9061084401073,195.44101273466268,191.46967170448903,195.01852416992188,2602614.0
2021-12-03T00:00:00,197.04644808552007,197.806919375739,193.58208790581924,193.6665802001953,2390614.0
2021-12-06T00:00:00,195.948001378496,198.98988665281513,194.5960568833359,198.56739807128906,2133156.0
2021-12-07T00:00:00,200.5108337627691,203.13023051399304,200.08834517181856,202.53875732421875,2578684.0
2021-12-08T00:00:00,202.36977455595826,204.2287001128931,199.32788898263948,200.51084899902344,2478520.0
2021-12-09T00:00:00,201.1023107618642,201.7782898108005,198.1449312100279,199.7503662109375,2178824.0
2021-12-10T00:00:00,198.4829145424708,200.25734769754905,197.72244319029443,198.39842224121094,1252854.0
2021-12-13T00:00:00,198.98991023357115,202.03179586836063,197.7224578857422,197.7224578857422,1744582.0
2021-12-14T00:00:00,198.9053871548549,200.3418238955427,196.37048285135324,196.70846557617188,2322008.0
2021-12-15T00:00:00,196.70849600747903,198.98991023357115,196.3705132303736,197.7224578857422,2343291.0
2021-12-16T00:00:00,201.69380509708444,202.53876877983117,199.91937188045387,202.2852783203125,2362122.0
2021-12-17T00:00:00,201.10230691846928,202.1162686990223,198.3984178682916,199.4968719482422,2543121.0
2021-12-20T00:00:00,194.68056148774303,199.66587829589844,193.75110551535278,199.66587829589844,2511016.0
2021-12-21T00:00:00,201.609275781908,202.45425291325944,199.91934861309454,201.102294921875,1543614.0
2021-12-22T00:00:00,201.1023182361936,204.31320190429688,200.42635270907968,204.31320190429688,1326868.0
2021-12-23T00:00:00,204.4821960416308,213.1853643711041,204.39770373354074,212.84738159179688,2468346.0
2021-12-27T00:00:00,211.91790119243302,213.69233440033332,211.74891658488286,212.76287841796875,1105049.0
2021-12-28T00:00:00,212.93185537835893,215.2977752685547,212.67836492919125,215.2977752685547,1143435.0
2021-12-29T00:00:00,214.87529372220138,215.80476324863255,213.6078414347708,215.1287841796875,1382683.0
2021-12-30T00:00:00,214.87529321142637,215.29778182188102,213.35435047012504,213.4388427734375,1876636.0
2022-01-03T00:00:00,213.60783010692919,217.41018676757812,213.60783010692919,217.41018676757812,1457089.0
2022-01-04T00:00:00,217.57919511497917,222.05751747177047,217.57919511497917,220.8745574951172,2440947.0
2022-01-05T00:00:00,221.38153190620005,222.39549370014367,219.26911601779938,219.6916046142578,1056241.0
2022-01-07T00:00:00,217.4101900099761,219.1001308444497,214.19930648856,214.95977783203125,2880519.0
2022-01-10T00:00:00,216.31175270938937,217.57920504689295,210.48147195687287,211.241943359375,2258132.0
2022-01-11T00:00:00,212.93184402338952,215.46674837988826,212.00238812396998,214.53729248046875,1902894.0
2022-01-12T00:00:00,216.31174031292235,217.32570212481676,212.25589306534474,215.88925170898438,2060192.0
2022-01-13T00:00:00,215.88924845833535,218.50864525064023,213.60783441592423,217.32569885253906,1870711.0
2022-01-14T00:00:00,214.53729279559917,215.88923727206932,208.4535223310658,209.12950134277344,2264342.0
2022-01-17T00:00:00,209.89000503583597,213.18536766563804,209.89000503583597,212.42489624023438,1202653.0
2022-01-18T00:00:00,210.90395252221788,211.57991804507998,206.59461473945058,208.0310516357422,2312453.0
2022-01-19T00:00:00,207.01709092532926,212.42488287223586,206.67910816206833,208.36904907226562,2814324.0
2022-01-20T00:00:00,211.24190900537744,215.12875769262638,207.35506031812852,210.98841857910156,3790620.0
2022-01-21T00:00:00,210.48147288149417,210.56596518871666,204.5666997961434,206.84811401367188,2339631.0
2022-01-24T00:00:00,204.9046720126589,206.17212429041484,197.2154660432549,199.66587829589844,2983427.0
2022-01-25T00:00:00,200.42635289173379,202.116280258005,197.72245013997497,200.25735473632812,2367083.0
2022-01-26T00:00:00,201.94728305750968,208.28453060629928,201.5247944688122,206.25660705566406,2920105.0
2022-01-27T00:00:00,202.79227285813485,208.45355565192693,202.28529190505057,207.01710510253906,1311018.0
2022-01-28T00:00:00,207.18608212373783,208.28453622766278,200.4263458038131,202.4542694091797,1189487.0
2022-01-31T00:00:00,205.32714344973306,206.76358021309898,203.8062008436198,204.73565673828125,2048582.0
2022-02-01T00:00:00,207.01709092532926,210.22797459062028,206.59461585798965,208.36904907226562,2024250.0
2022-02-02T00:00:00,209.63649368855567,210.90394593803646,207.4395719404737,208.8760223388672,1629760.0
2022-02-03T00:00:00,208.45353317868467,208.45353317868467,205.1581573389092,207.1860809326172,1866853.0
2022-02-04T00:00:00,207.18606959950458,208.2000313408947,197.97592163085938,197.97592163085938,2340889.0
2022-02-07T00:00:00,199.75035417408037,201.1868044864055,197.29994212292462,199.32786560058594,1534095.0
2022-02-08T00:00:00,198.39841784530557,200.59532600495223,196.53947888321005,197.4689483642578,1462730.0
2022-02-09T00:00:00,199.2433996921337,204.73568414022557,198.82091106268555,203.1302490234375,1522789.0
2022-02-10T00:00:00,203.13024200305924,203.97520568580597,200.3418469483541,202.2852783203125,1600476.0
2022-02-11T00:00:00,199.32786191175958,202.28525477760022,198.82088105172662,201.102294921875,1809025.0
2022-02-14T00:00:00,196.2859878612721,197.72243822831632,192.65262934103734,196.79296875,2989530.0
2022-02-15T00:00:00,196.20149564648122,203.383720390899,195.8635129028325,202.87673950195312,2037664.0
2022-02-16T00:00:00,203.97519306119943,207.2705688309817,203.13022943074992,206.25660705566406,2429008.0
2022-02-17T00:00:00,206.34111789425452,207.9465528950378,201.44030704395325,201.77828979492188,1654149.0
2022-02-18T00:00:00,201.35581710934036,202.70777531395302,199.24340104168502,200.42636108398438,1991084.0
2022-02-21T00:00:00,201.01782635493154,202.20078635028906,192.7371470282681,195.1875457763672,1986659.0
2022-02-22T00:00:00,189.3572578162642,195.35653631657144,188.2588037150035,192.6526336669922,2623726.0
2022-02-23T00:00:00,193.07512731704378,195.3565414272311,190.20223999023438,190.20223999023438,2021842.0
2022-02-24T00:00:00,179.21765784974875,185.21692295337087,177.52771695806635,179.3866424560547,4403240.0
2022-02-25T00:00:00,180.231623856444,184.70994632552546,176.68275738444544,183.35800170898438,2929937.0
2022-02-28T00:00:00,174.73933142558582,177.52772659744534,170.17650296254297,174.82383728027344,5882948.0
2022-03-01T00:00:00,173.13388259316963,174.7393175948534,164.64195251464844,164.64195251464844,4864559.0
2022-03-02T00:00:00,160.92409617291403,171.6129340931712,160.67060573137522,170.8524627685547,4955884.0
2022-03-03T00:00:00,169.58503190377385,171.44395752669627,165.3601997110459,165.6559295654297,3302413.0
2022-03-04T00:00:00,163.0787762072571,163.83924758448057,156.9105128854268,157.7977294921875,4653577.0
2022-03-07T00:00:00,151.16472458109536,166.83888011306942,150.40425320412174,163.50125122070312,4936045.0
2022-03-08T00:00:00,160.12137916016644,170.09199912886103,158.98067212170344,166.28964233398438,3801060.0
2022-03-09T00:00:00,171.69741896928696,174.73930413625928,168.19080586189767,174.4013214111328,4325595.0
2022-03-10T00:00:00,174.90831698229746,177.1052387477451,171.52844880594768,175.75328063964844,4343721.0
2022-03-11T00:00:00,175.75328063964844,179.38663926789812,174.0633533249465,175.75328063964844,4097469.0
2022-03-14T00:00:00,179.13314932841882,182.6820156651689,177.69671246150776,179.4711456298828,2313865.0
2022-03-15T00:00:00,177.86570842764726,180.56961127735906,174.739330494536,179.21766662597656,2029208.0
2022-03-16T00:00:00,185.04793808155665,188.17431585708448,180.4006040228346,187.4983367919922,3404320.0
2022-03-17T00:00:00,188.00532630704353,189.10378048450497,181.6680646160221,182.5975341796875,3270348.0
2022-03-18T00:00:00,183.27349032708167,184.4564366633183,181.33005913620002,183.1044921875,3031786.0
2022-03-21T00:00:00,183.10451171707012,185.38592588350127,182.00605755999283,185.04794311523438,1496273.0
2022-03-22T00:00:00,185.63941963337228,186.2308928750486,183.6959882007976,184.62545776367188,1605417.0
2022-03-23T00:00:00,184.87892523879998,186.06188512198165,179.55562608490004,183.1044921875,2037809.0
2022-03-24T00:00:00,183.01999584828155,184.0339575694832,179.2176393937754,179.80911254882812,2152379.0
2022-03-25T00:00:00,180.40060636808388,180.9920931378339,171.02147291956948,171.27496337890625,2726486.0
2022-03-28T00:00:00,172.5423965788446,174.7393046186485,171.69741944327868,173.04937744140625,1636168.0
2022-03-29T00:00:00,175.3308135695571,181.83705976667153,173.97885539988806,178.96417236328125,2607296.0
2022-03-30T00:00:00,175.9222794253549,177.10523938747602,169.07803719933563,172.3734130859375,5068474.0
2022-03-31T00:00:00,174.48583689807026,174.99281782661944,169.16255069525036,169.83851623535156,3809279.0
2022-04-01T00:00:00,169.83851230612206,174.06335779527197,169.24703908548065,172.6269073486328,2095421.0
2022-04-04T00:00:00,173.64087359899554,174.1478545287112,169.50053385529964,172.54241943359375,1920099.0
2022-04-05T00:00:00,172.5424183383285,173.30288972807472,167.93733707366098,168.52882385253906,2569440.0
2022-04-06T00:00:00,167.72608693442083,169.24702959963648,160.96635078698168,163.37449645996094,3845005.0
2022-04-07T00:00:00,163.29000338932954,165.02218356754761,162.27604161731009,163.07876586914062,2894278.0
2022-04-08T00:00:00,164.68420597806875,167.59934616382603,162.7407746719153,167.34585571289062,2607151.0
2022-04-11T00:00:00,167.3458453612935,167.3458453612935,161.7268164111015,162.48727416992188,1960068.0
2022-04-12T00:00:00,161.3888256096404,163.2477510156136,158.72717594913664,161.72682189941406,2864129.0
2022-04-13T00:00:00,161.68456897645598,162.19154986417098,158.93842701698154,161.72682189941406,1611753.0
2022-04-14T00:00:00,163.03650986101712,163.20550800213738,160.37486025983517,162.10704040527344,812364.0
2022-04-19T00:00:00,162.107050423519,166.58538629093388,160.67061354953285,165.95166015625,2289114.0
2022-04-20T00:00:00,165.95165579024768,174.9083137424918,165.23343737215012,172.1199188232422,5900812.0
2022-04-21T00:00:00,173.38737427089816,179.38663926789812,170.00750609454838,175.75328063964844,4800131.0
2022-04-22T00:00:00,172.71138815752434,173.47185948214081,169.83850100239937,170.8524627685547,2743502.0
2022-04-25T00:00:00,167.55708880477835,168.99353917104094,164.34621887587912,164.38845825195312,3391574.0
2022-04-26T00:00:00,166.83888907947687,167.64161342507185,162.86753382620037,163.332275390625,2872519.0
2022-04-27T00:00:00,163.07876778954193,167.64159581736092,161.8113155595922,164.72645568847656,2712095.0
2022-04-28T00:00:00,167.32002135736943,167.32002135736943,158.64834348100024,160.59947204589844,3384262.0
2022-04-29T00:00:00,162.29044928380173,163.89471517414415,161.4232856715761,163.2443389892578,2660481.0
2022-05-02T00:00:00,161.29322162192778,162.20374834392294,145.6841921020106,160.1658935546875,2685198.0
2022-05-03T00:00:00,161.24983888433775,162.16036549516122,159.2553473882447,160.7295379638672,2263024.0
2022-05-04T00:00:00,160.68617629100916,161.42327853654547,156.48041974988746,157.08743286132812,3044799.0
2022-05-05T00:00:00,160.77291264694156,160.90298788647567,155.52654001810976,155.9601287841797,2663804.0
2022-05-06T00:00:00,155.9601294983719,156.9140192269464,152.44809801486835,154.962890625,3203718.0
2022-05-09T00:00:00,154.48594476498636,154.87617050041953,150.62705045999243,152.75161743164062,2537627.0
2022-05-10T00:00:00,154.35587468915458,161.33657511139464,153.01177304622863,156.56715393066406,3634845.0
2022-05-11T00:00:00,157.99795494742568,163.98141541225854,156.30697698997292,162.9841766357422,5406839.0
2022-05-12T00:00:00,159.94909827877066,162.11701430496186,158.3448323557253,160.64283752441406,2803350.0
2022-05-13T00:00:00,162.16037243747223,162.8974608054054,158.77841630962737,162.55059814453125,2812407.0
2022-05-16T00:00:00,162.63730885587236,165.28217659174567,161.3365565108311,164.19821166992188,2763430.0
2022-05-17T00:00:00,165.2821842134858,171.09220698830126,164.37165752996935,167.36338806152344,3077491.0
2022-05-18T00:00:00,167.406732211512,170.91876360028664,166.79971907490216,166.92979431152344,2575946.0
2022-05-19T00:00:00,163.98143429566255,165.93256293279174,163.2009828408109,165.41226196289062,2044719.0
2022-05-20T00:00:00,167.45009512773245,169.3578606290709,165.71575400650855,166.5829315185547,2254101.0
2022-05-23T00:00:00,169.09771790338425,169.31451924276288,164.8485979500073,167.7536163330078,1769615.0
2022-05-24T00:00:00,166.49620802839186,167.5801729839605,164.80524383006502,164.97866821289062,1506865.0
2022-05-25T00:00:00,166.32277765425837,167.7536052268053,163.5044855547432,164.8485870361328,1479445.0
2022-05-27T00:00:00,169.1844450557199,175.25461844167913,168.10048006067146,174.82102966308594,2749195.0
2022-05-30T00:00:00,175.60146406858306,177.07565465033264,174.7343004984839,175.77490234375,1764640.0
2022-05-31T00:00:00,175.9483419746567,176.98894391016597,173.43356323242188,173.43356323242188,10292928.0
2022-06-01T00:00:00,174.04056971725888,177.50923806826762,172.91325563132645,176.2952117919922,2688539.0
2022-06-02T00:00:00,177.2490811517493,179.937311886223,176.38191757123374,179.50372314453125,1699290.0
2022-06-03T00:00:00,180.3709036386915,181.2380812033915,178.72328851035226,180.19747924804688,1897923.0
2022-06-07T00:00:00,180.37089351672012,180.8911944651944,176.29521202225044,178.98342895507812,1772639.0
2022-06-08T00:00:00,179.24356214260388,180.0240134900466,177.33579681647743,177.595947265625,1136802.0
2022-06-09T00:00:00,177.33581865772206,178.28969448683415,173.60699972830943,174.387451171875,1918720.0
2022-06-10T00:00:00,173.04331822483925,175.08115882051735,167.7969460836132,168.66412353515625,2298201.0
2022-06-13T00:00:00,165.88918702200456,168.05710292754523,164.58843469810657,165.4556121826172,2368612.0
2022-06-14T00:00:00,167.14656938350606,167.36337069709543,163.0275251625838,163.98141479492188,1905669.0
2022-06-15T00:00:00,164.97866389425968,166.79971718633905,163.28768583732884,165.54232788085938,2340518.0
2022-06-16T00:00:00,164.9353084947104,165.32554812111584,158.82178606217292,160.0358123779297,2185426.0
2022-06-17T00:00:00,160.42603967750884,161.9869425869896,156.04684448242188,156.04684448242188,4615457.0
2022-06-20T00:00:00,157.0874513803368,157.8245398099005,152.83833129358862,153.79222106933594,2216427.0
2022-06-21T00:00:00,154.96288066113127,158.0413231786404,154.31250450230064,156.09019470214844,1921919.0
2022-06-22T00:00:00,153.22854344231092,153.7922074283756,149.84658733165938,152.491455078125,2396897.0
2022-06-23T00:00:00,151.75435844123984,151.88443368109077,144.64358329701238,145.2506103515625,2426017.0
2022-06-27T00:00:00,147.85212635236306,153.70549868633645,147.85212635236306,151.8844451904297,2689213.0
2022-06-28T00:00:00,152.27465633531784,154.74608584273489,150.627041297996,150.88719177246094,2079697.0
2022-06-29T00:00:00,151.8844349962187,152.66488644208195,148.54584177875992,150.3235321044922,2657397.0
2022-06-30T00:00:00,148.0689138933159,148.5458518415849,142.21552765282013,143.81979370117188,3656589.0
2022-07-01T00:00:00,142.30223062671334,147.7220416184769,141.13155345450554,143.94985961914062,2307457.0
2022-07-04T00:00:00,145.20724069646064,147.418519673304,144.64357671513278,146.11776733398438,1302930.0
2022-07-05T00:00:00,147.20172317783127,148.63253676002236,142.73580245381464,142.90924072265625,2184119.0
2022-07-06T00:00:00,144.12328403102396,146.68143971339563,143.16940819615522,146.2912139892578,2217968.0
2022-07-07T00:00:00,146.98493465548665,151.27741748415835,145.98769580432716,150.88719177246094,2363224.0
2022-07-08T00:00:00,151.36412710599566,153.05510516132145,149.71651209663432,152.491455078125,1902620.0
2022-07-11T00:00:00,149.6731652069115,150.19346620317484,146.98494802717417,147.5052490234375,1878400.0
2022-07-12T00:00:00,144.34008155477397,150.23681640625,144.0799310788892,150.23681640625,2533206.0
2022-07-13T00:00:00,149.88994249082066,151.88442005434874,147.11499965533997,148.9794158935547,2141601.0
2022-07-14T00:00:00,147.93882565899773,150.06337861716372,144.21000679328577,146.55136108398438,2104592.0
2022-07-15T00:00:00,146.55136725673603,148.84935859714594,138.79021567458744,145.0338134765625,4996420.0
2022-07-18T00:00:00,145.81426825385608,147.33182206852183,143.25612636760076,144.4268035888672,3123596.0
2022-07-19T00:00:00,142.99596782682147,149.28292846679688,142.0854411504101,149.28292846679688,2868305.0
2022-07-20T00:00:00,149.1528312956565,152.44807484575443,147.85209299491433,149.80320739746094,2227339.0
2022-07-21T00:00:00,149.71651302409668,152.53480516614232,147.50523401497227,152.1879425048828,3230226.0
2022-07-22T00:00:00,151.88443395913242,154.35586352082416,149.97666840544943,152.6215362548828,2307700.0
2022-07-25T00:00:00,152.0145085555288,152.7949599927583,150.06337996245512,151.62428283691406,1360680.0
2022-07-26T00:00:00,151.6242752949646,155.17966963311721,151.14733740800398,152.79495239257812,1978640.0
2022-07-27T00:00:00,153.96562609872532,155.4398166753146,152.7949490268988,153.0550994873047,1622511.0
2022-07-28T00:00:00,154.0523556511955,157.30423647938537,153.74884213960846,156.783935546875,1669191.0
2022-07-29T00:00:00,158.69171394878768,162.16038248096797,158.21476211981863,161.4232940673828,1958699.0
2022-08-01T00:00:00,162.16038163817797,162.59397041602298,156.48043399189325,157.39096069335938,2140163.0
2022-08-02T00:00:00,155.65662284443715,157.39096409038092,154.78945917289997,157.1308135986328,1916463.0
2022-08-03T00:00:00,157.04407372516707,157.04407372516707,154.6593703618843,155.48318481445312,1988714.0
2022-08-04T00:00:00,156.26364593570807,157.65111055530193,155.6999819170282,156.39370727539062,2094512.0
2022-08-05T00:00:00,156.39369242822443,157.47765731420486,153.0550994873047,153.0550994873047,2046636.0
2022-08-08T00:00:00,154.3558678903857,158.82178922748855,154.3558678903857,156.74058532714844,1121568.0
2022-08-09T00:00:00,156.61051267140658,156.65387572100332,153.1851932278695,154.78945922851562,1257144.0
2022-08-10T00:00:00,153.87891047630313,159.38541916333924,152.79494561453083,158.9951934814453,1458083.0
2022-08-11T00:00:00,160.16587282897737,161.076399433149,156.74056772948157,158.6916961669922,991735.0
2022-08-12T00:00:00,158.69171396599543,160.51276737858967,158.25812518584996,159.08193969726562,1065489.0
2022-08-15T00:00:00,159.73231260186114,159.81902479494343,156.69721900955437,157.34759521484375,1094487.0
2022-08-16T00:00:00,158.17140464439254,160.90298461914062,157.26087798614319,160.90298461914062,1586970.0
2022-08-17T00:00:00,161.2498629126842,161.68345171197598,156.17692818216238,156.56715393066406,1959976.0
2022-08-18T00:00:00,157.3475993729786,164.15487513585583,157.3475993729786,163.4611358642578,2735360.0
2022-08-19T00:00:00,162.29046654485165,163.15763024930794,160.2959747314453,160.2959747314453,2391994.0
2022-08-22T00:00:00,160.2959583340758,161.16313585269464,155.91676330566406,155.91676330566406,2454717.0
2022-08-23T00:00:00,156.0902126972552,159.38544301331441,155.65662390709184,157.17416381835938,2586563.0
2022-08-24T00:00:00,157.08745988210882,157.69447309796246,153.70550328845098,157.00074768066406,3949636.0
2022-08-25T00:00:00,157.82453821793862,159.16865371981513,155.83006039267977,158.1280517578125,3965097.0
2022-08-26T00:00:00,162.00041295904612,162.18263786146272,155.2124345482272,155.2579803466797,3853667.0
2022-08-29T00:00:00,154.52908862505913,157.39916921751578,153.20792673364394,156.1235809326172,1559933.0
2022-08-30T00:00:00,156.71582173398835,161.22595452075876,155.75912353003824,156.488037109375,1793238.0
2022-08-31T00:00:00,157.1258087525851,157.90028192639218,152.1145477294922,152.1145477294922,3105910.0
2022-09-01T00:00:00,150.4744814878535,151.06672971199472,144.36985778808594,144.36985778808594,2733337.0
2022-09-02T00:00:00,146.51103338378067,152.38787231583603,145.5998951337607,152.2967529296875,2275863.0
2022-09-05T00:00:00,148.24221443083076,149.0166876295301,145.91880873760135,147.4221954345703,1955956.0
2022-09-06T00:00:00,147.3766357341406,149.74560112779974,146.19215303731104,147.4221954345703,1827340.0
2022-09-07T00:00:00,145.41768663837072,148.4699917779075,144.91655776385934,148.0599822998047,1629952.0
2022-09-08T00:00:00,147.96888140425426,149.56337372069177,144.64323156254673,148.606689453125,2298716.0
2022-09-09T00:00:00,149.24447869326147,152.29678411410103,148.97113438171203,150.7934112548828,2429705.0
2022-09-12T00:00:00,153.02569210314,155.07575351122784,152.02344820090715,154.7113037109375,1612463.0
2022-09-13T00:00:00,156.12357912964708,156.12357912964708,149.33558654785156,149.33558654785156,1861573.0
2022-09-14T00:00:00,147.51329483291258,148.88000237207928,143.6865165038194,144.825439453125,2515268.0
2022-09-15T00:00:00,145.64548243046775,146.5566208531723,143.1853975668703,143.73208618164062,1699784.0
2022-09-16T00:00:00,141.955356932583,142.91205497541335,139.95085535414228,141.27200317382812,2751465.0
2022-09-19T00:00:00,142.27426332903872,144.1420999310976,140.7253307454543,143.04873657226562,2092093.0
2022-09-20T00:00:00,143.73207363881724,144.87099656780947,140.3153048518406,140.7708740234375,1655007.0
2022-09-21T00:00:00,139.81417489402048,142.09202073427127,138.90303655792016,141.49978637695312,1588937.0
2022-09-22T00:00:00,140.08752187765884,140.77087564291574,135.5318301092797,136.032958984375,2979362.0
2022-09-23T00:00:00,137.08076280635262,138.7663743251988,135.8507343681309,136.53408813476562,2261336.0
2022-09-26T00:00:00,135.57741398242473,138.3563892372303,135.3040696470082,135.44073486328125,2065765.0
2022-09-27T00:00:00,136.39741351005335,137.536336491772,135.21293082849226,136.1240692138672,2345936.0
2022-09-28T00:00:00,134.25626018829226,139.81419655797572,133.80069094965248,139.35862731933594,2431772.0
2022-09-29T00:00:00,139.3586199215826,139.3586199215826,132.38841650155015,134.210693359375,2862755.0
2022-09-30T00:00:00,135.1218179572819,139.4952847489694,134.43846420554536,138.99415588378906,2783841.0
2022-10-03T00:00:00,139.13083940462204,141.90981447507704,136.12407972024232,141.81869506835938,2492602.0
2022-10-04T00:00:00,143.45873861239852,148.69778442382812,143.00316941140466,148.69778442382812,2222982.0
2022-10-05T00:00:00,146.96663398606347,148.33334165381444,143.27652050256194,144.55210876464844,1848944.0
2022-10-06T00:00:00,144.87101109196547,146.64772825874593,143.86875325282307,144.50656127929688,1519677.0
2022-10-07T00:00:00,144.50656169744306,144.68878660430462,138.85749226464938,139.49530029296875,1742078.0
2022-10-10T00:00:00,139.03972967508815,142.09203506719174,138.1741370461858,139.72308349609375,1492930.0
2022-10-11T00:00:00,138.3563761331442,140.7708874110864,137.21745309583767,139.9964141845703,2050156.0
2022-10-12T00:00:00,140.86202109951765,143.5498769595528,139.58641882665876,141.22647094726562,2114304.0
2022-10-13T00:00:00,140.49753198085656,145.14434316640904,138.2652457850002,144.32431030273438,2217628.0
2022-10-14T00:00:00,145.64548504985848,147.37664252298384,142.1831562007385,142.775390625,3040312.0
2022-10-17T00:00:00,143.2309531521741,151.43119872084287,142.00092465859495,149.92782592773438,5087481.0
2022-10-18T00:00:00,152.29677397433534,156.44245636535737,150.88452061394975,154.39239501953125,4575979.0
2022-10-19T00:00:00,155.34910511989423,156.0780186576289,151.06675720214844,151.06675720214844,2513543.0
2022-10-20T00:00:00,151.2489715132467,155.0301902399305,149.38113504832268,153.66348266601562,3356771.0
2022-10-21T00:00:00,151.79567281791063,155.66801126833823,151.34010358844856,155.12132263183594,2793201.0
2022-10-24T00:00:00,156.71579400424298,159.13030503676595,153.98237899254107,158.53807067871094,2860310.0
2022-10-25T00:00:00,159.44923788889204,159.44923788889204,155.25799521752165,157.7636260986328,2765490.0
2022-10-26T00:00:00,157.62694549567297,160.2692413330078,156.12357267492536,160.2692413330078,1747213.0
2022-10-27T00:00:00,160.17813443599172,160.95259373879327,158.2647382236703,160.4970245361328,2357126.0
2022-10-28T00:00:00,158.6292000092256,160.36035739725307,156.48801922146714,159.95034790039062,2024721.0
2022-10-31T00:00:00,161.2715004375188,161.2715004375188,156.85247353669908,157.2624969482422,2074765.0
2022-11-01T00:00:00,159.03921320454938,160.77037063283495,157.35360157474327,158.26473999023438,1758328.0
2022-11-02T00:00:00,159.0847617438683,159.90478069912695,157.26248504074437,157.5813751220703,1458657.0
2022-11-03T00:00:00,155.94131990517357,156.12355869380283,153.43568949306498,154.75685119628906,1754578.0
2022-11-04T00:00:00,155.85023791383102,161.6815185546875,155.80467820980394,161.6815185546875,1316817.0
2022-11-07T00:00:00,161.18038674227117,168.5150540680261,160.0414636762493,168.15060424804688,2575820.0
2022-11-08T00:00:00,167.74058058759044,170.56510121155102,166.41941882005764,169.92730712890625,1796421.0
2022-11-09T00:00:00,169.92730739113543,170.7928860691225,168.2416958317382,170.42843627929688,1589489.0
2022-11-10T00:00:00,169.56285374857717,175.89526254727622,168.01390741984198,174.11854553222656,3155918.0
2022-11-11T00:00:00,176.35084654372972,180.45096949353186,174.66523488099674,178.62869262695312,3188510.0
2022-11-14T00:00:00,179.08425855176486,181.17987969038361,175.98637959380312,178.08200073242188,1823570.0
2022-11-15T00:00:00,178.8564664460871,179.22091623627043,174.52855914903571,175.94082641601562,2437767.0
2022-11-16T00:00:00,175.84972396923712,177.12531226071584,172.7518587454347,173.20742797851562,1171010.0
2022-11-17T00:00:00,174.5285629070023,175.8497108034493,171.20289941278068,171.7495880126953,1818026.0
2022-11-18T00:00:00,172.66073680050758,175.6674964752328,172.38739248410175,173.9363250732422,2003390.0
2022-11-21T00:00:00,173.57185946145668,173.61741916052415,172.34181710097624,173.16184997558594,1225992.0
2022-11-22T00:00:00,172.93406727870388,176.7152859939909,172.84294787957018,176.2141571044922,1426642.0
2022-11-23T00:00:00,176.35086123325064,179.1298364668377,176.30530152721735,177.62644958496094,1525393.0
2022-11-24T00:00:00,177.58085266551117,178.53755068024572,175.98636060857606,176.76083374023438,824532.0
2022-11-25T00:00:00,177.03419967453104,177.62643409269927,175.71305173201563,177.12530517578125,939345.0
2022-11-28T00:00:00,175.8497121121871,176.4875062149218,174.02743530273438,174.02743530273438,1083348.0
2022-11-29T00:00:00,174.75635846358273,176.03194673953718,174.43745444315937,174.93858337402344,1108309.0
2022-11-30T00:00:00,176.21416191293014,177.8997735228214,173.84521040236285,174.02743530273438,4159794.0
2022-12-01T00:00:00,176.3508545160177,177.3075526947948,173.6629987968781,176.25973510742188,2196135.0
2022-12-02T00:00:00,176.0775101931,176.62419883893543,173.43521417825832,176.25973510742188,1729721.0
2022-12-05T00:00:00,176.2597187098027,178.12755518929225,174.7107862278608,176.98863220214844,1295757.0
2022-12-06T00:00:00,176.98863499795237,179.0842561079742,175.57636769101146,176.53306579589844,2218167.0
2022-12-07T00:00:00,175.8041505862204,175.98637548470012,170.4739993156288,170.74732971191406,2741999.0
2022-12-08T00:00:00,172.11402609963545,173.1162838303265,170.06396484375,170.06396484375,1888054.0
2022-12-09T00:00:00,170.92957089640328,173.07073781341256,170.3828822904735,172.52406311035156,2320047.0
2022-12-12T00:00:00,171.7495868721216,173.48074425557382,171.3851370765112,172.47850036621094,1349326.0
2022-12-13T00:00:00,172.9340686464047,178.99313335927093,171.97737055940783,175.9863739013672,2324276.0
2022-12-14T00:00:00,176.62417464110274,178.03642796076835,173.84519989409188,176.85195922851562,2078686.0
2022-12-15T00:00:00,174.84745492838118,175.5763684353313,171.9773745044218,172.52406311035156,2553019.0
2022-12-16T00:00:00,172.4329351213873,174.30077154528374,170.88400268554688,170.88400268554688,4039563.0
2022-12-19T00:00:00,171.38515950420194,172.84297278028347,171.0206957580288,171.84072875976562,1729402.0
2022-12-20T00:00:00,169.92731210816547,172.29627751639728,169.10729310686065,170.51954650878906,2037466.0
2022-12-21T00:00:00,171.2940159764097,174.89300980810634,170.33731789384012,174.71078491210938,1906174.0
2022-12-22T00:00:00,174.48300269365677,175.21191619044419,170.20065501647494,170.74732971191406,1594427.0
2022-12-23T00:00:00,170.74733070987824,173.2529613115075,170.74733070987824,172.75184631347656,1232321.0
2022-12-27T00:00:00,173.79963741189312,175.71303347665736,173.75407771456682,174.80189514160156,694041.0
2022-12-28T00:00:00,174.98413457030378,176.12305758377508,172.61516914113596,173.29852294921875,1103728.0
2022-12-29T00:00:00,172.3418135461217,175.1207882974971,172.3418135461217,174.61965942382812,1071731.0
2022-12-30T00:00:00,174.07300300848382,174.84746234639437,171.65847778320312,171.65847778320312,1670326.0
2023-01-02T00:00:00,173.70854439188918,175.75860595703125,172.25073117617669,175.75860595703125,897968.0
2023-01-03T00:00:00,175.07523080385437,176.98862692636774,174.6652213212781,175.895263671875,1242246.0
2023-01-04T00:00:00,176.25973489797326,177.94534663490464,175.303036720333,175.75860595703125,2045704.0
2023-01-05T00:00:00,175.94082767867488,180.72430419921875,175.3030196869743,180.72430419921875,1257637.0
2023-01-09T00:00:00,181.7721203180818,187.42117591330796,181.7721203180818,186.96560668945312,2396713.0
2023-01-10T00:00:00,185.69000356831802,185.78110906407878,182.13655556481,184.96109008789062,2014983.0
2023-01-11T00:00:00,184.96109695248032,187.33006237607339,184.96109695248032,186.3278045654297,2200568.0
2023-01-12T00:00:00,188.1500803536879,191.88575336979966,187.33006135155054,190.0634765625,2714921.0
2023-01-13T00:00:00,189.79013582119086,191.7946375662501,189.06122230402323,190.8834991455078,2014468.0
2023-01-16T00:00:00,191.33906632665216,192.61465454101562,188.60565109341425,192.61465454101562,1716366.0
2023-01-17T00:00:00,192.15909704228426,193.89026847052347,190.15459519636434,191.79464721679688,2676690.0
2023-01-18T00:00:00,192.34131633676154,196.80588880877627,192.159077539644,194.98361206054688,2643599.0
2023-01-19T00:00:00,193.61690262062447,193.7080220182991,186.05445140828058,186.69224548339844,4959409.0
2023-01-20T00:00:00,187.6945186210857,195.71253967285156,187.6945186210857,195.71253967285156,4780686.0
2023-01-23T00:00:00,195.8947550532174,197.8081512451172,194.52804745982286,197.8081512451172,2506084.0
2023-01-24T00:00:00,198.62817024000648,199.44818923489578,196.16809935247002,197.8081512451172,2088487.0
2023-01-25T00:00:00,198.08148754383978,198.5370567552128,195.62141658299927,197.17034912109375,1724404.0
2023-01-26T00:00:00,198.26371660359467,198.53704699468574,195.62140696581164,196.2592010498047,2384786.0
2023-01-27T00:00:00,196.89701363734167,200.2682229339633,196.5325499359237,199.083740234375,1721504.0
2023-01-30T00:00:00,198.08147667002083,198.35482096241302,195.80363073819967,196.9881134033203,1314298.0
2023-01-31T00:00:00,196.44143984768982,197.07923393168286,193.79913020990682,196.2592010498047,2235429.0
2023-02-01T00:00:00,196.98812631606592,198.71929767945076,196.71478200575578,198.44595336914062,1656372.0
2023-02-02T00:00:00,199.99489178435272,203.82167053222656,199.8126668730958,203.82167053222656,2261513.0
2023-02-03T00:00:00,203.3660973170824,205.0061492919922,201.5438204344869,205.0061492919922,1559387.0
2023-02-06T00:00:00,204.73279318827755,204.73279318827755,199.90375694693435,200.54156494140625,1660174.0
2023-02-07T00:00:00,201.361593608286,203.09275106911002,200.0860053637703,201.4527130126953,1045589.0
2023-02-08T00:00:00,203.63943403428493,204.09500323794106,201.9082766215392,202.3638458251953,1975162.0
2023-02-09T00:00:00,204.09501204055948,204.82392557842107,200.17711393956418,201.27047729492188,1762643.0
2023-02-10T00:00:00,200.3593237505906,201.27046212854302,194.8013879868018,196.2592010498047,1443878.0
2023-02-13T00:00:00,198.1726146969304,198.35483960803182,196.4414571871625,197.53482055664062,1963699.0
2023-02-14T00:00:00,197.62591474563135,198.08148394873595,195.25696323120863,196.35032653808594,1908703.0
2023-02-15T00:00:00,195.89477404248143,200.17712213632447,195.07475496810272,199.6304473876953,2063319.0
2023-02-16T00:00:00,200.35934258311414,201.1793755420703,198.44596015128909,199.8126678466797,2026148.0
2023-02-17T00:00:00,198.44595528186255,199.90376844611922,196.62367839938975,198.9926300048828,1687609.0
2023-02-20T00:00:00,199.9037672649952,200.2682309810579,197.71704058009573,199.72154235839844,1376332.0
2023-02-21T00:00:00,198.08148629048765,200.17710743011736,194.80139633107797,194.8925018310547,1783085.0
2023-02-22T00:00:00,194.71026499730283,195.80362825010988,192.6146439860829,195.43917846679688,1723532.0
2023-02-23T00:00:00,195.43918371490327,197.8992545754962,195.34806431519416,196.5325469970703,1492380.0
2023-02-24T00:00:00,196.71476857074177,197.35257655219485,192.61464590472278,193.70802307128906,1997331.0
2023-02-27T00:00:00,195.0747528076172,196.9881352609331,194.61918357070343,195.0747528076172,1222388.0
2023-02-28T00:00:00,194.80138054031607,197.44367617422628,193.89024219719286,196.6236572265625,2125026.0
2023-03-01T00:00:00,197.71703984260327,201.36159357242084,196.98812631606592,198.44595336914062,1930095.0
2023-03-02T00:00:00,197.07925014082448,198.9926325501732,196.71478641794656,198.26373291015625,1737250.0
2023-03-03T00:00:00,198.90150838072066,203.00163103395317,198.90150838072066,202.72828674316406,1503110.0
2023-03-06T00:00:00,203.18387639139252,204.36835916886693,201.90828810972442,203.82167053222656,1864034.0
2023-03-07T00:00:00,203.18386353918012,204.1861213420007,199.53930993309618,200.08599853515625,1864711.0
2023-03-08T00:00:00,199.90375529989265,200.99713247976823,199.08373631785432,200.26821899414062,2279382.0
2023-03-09T00:00:00,200.45045586252022,201.2704748935374,195.6214193725311,196.71478271484375,2708208.0
2023-03-10T00:00:00,193.16133821927585,193.3435631162675,188.51452688021192,189.51678466796875,3304516.0
2023-03-13T00:00:00,191.06570870085739,191.06570870085739,182.77435807986458,185.87222290039062,3121133.0
2023-03-14T00:00:00,185.87221922507504,193.25244525545298,185.05220028964087,192.06796264648438,2697819.0
2023-03-15T00:00:00,191.43018870264285,191.61241360711568,181.3621063232422,181.3621063232422,3427954.0
2023-03-16T00:00:00,184.50553936744976,185.78112765871884,181.13432982377893,185.50779724121094,3243754.0
2023-03-17T00:00:00,186.3278118333317,188.05896931611224,181.04320607655578,182.68325805664062,4926169.0
2023-03-20T00:00:00,181.9998865487017,187.1478126971924,178.67423711158727,186.14556884765625,2733396.0
2023-03-21T00:00:00,188.7878795684728,188.97010447356408,187.05672211580193,188.15008544921875,1741114.0
2023-03-22T00:00:00,188.33230755046674,189.69901517260783,187.51228853832964,188.60565185546875,1623444.0
2023-03-23T00:00:00,188.24119567871094,188.60564547113097,185.14331683166697,188.24119567871094,1815411.0
2023-03-24T00:00:00,188.05895817740364,188.05895817740364,181.9543337435961,182.5010223388672,1808236.0
2023-03-27T00:00:00,184.96109926154676,186.14558198813046,183.13882242153153,184.86997985839844,1770746.0
2023-03-28T00:00:00,187.14781685140255,188.42341891940185,185.59888439292396,187.9678497314453,2219562.0
2023-03-29T00:00:00,189.6078979876823,194.89248934532014,189.24343430251787,194.43692016601562,3037724.0
2023-03-30T00:00:00,194.3458165775004,197.71702575683594,193.89024739372888,197.71702575683594,2111644.0
2023-03-31T00:00:00,198.1725979365369,200.63266878552025,195.98587138252248,200.26821899414062,1894915.0
2023-04-03T00:00:00,199.53930385998007,201.45270000608608,198.081476900769,199.994873046875,1814797.0
2023-04-04T00:00:00,201.1793800297828,203.36610683003929,198.90153381998653,199.6304473876953,2413536.0
2023-04-05T00:00:00,199.08374044928752,199.17485985045752,192.34132184876574,194.07247924804688,2119211.0
2023-04-06T00:00:00,194.6191723065103,195.53031072760282,193.25246467487153,193.8902587890625,960816.0
2023-04-11T00:00:00,195.8947393629286,197.35256624026482,193.34354927902393,196.80587768554688,2392207.0
2023-04-12T00:00:00,199.53931953272968,204.0038923538211,199.0837503100522,200.9971466064453,2774357.0
2023-04-13T00:00:00,200.99713887674594,202.18160768786103,198.81039835026743,200.63267517089844,1838522.0
2023-04-14T00:00:00,199.08372807031756,202.27271227281693,199.08372807031756,201.63491821289062,1882290.0
2023-04-17T00:00:00,203.1838660933275,205.09726232172164,202.4549525823741,204.64169311523438,1854089.0
2023-04-18T00:00:00,204.91502071908255,207.19286672041903,204.09500171974886,205.09725952148438,1870664.0
2023-04-19T00:00:00,204.45945431034437,205.37059272331894,203.7305547022598,204.64169311523438,1614019.0
2023-04-20T00:00:00,204.82390582388612,206.19061336198652,204.09499235632563,204.45944213867188,2333597.0
2023-04-21T00:00:00,204.45945107705342,205.7350531767669,194.80139239397542,196.0769805908203,5286460.0
2023-04-24T00:00:00,197.53481493668622,199.7215416134291,196.07698788361154,198.44595336914062,1991810.0
2023-04-25T00:00:00,198.1725935502486,198.1725935502486,193.52578234723347,195.43917846679688,2660967.0
2023-04-26T00:00:00,195.2569519160193,195.2569519160193,192.15907317270955,195.16583251953125,3221013.0
2023-04-27T00:00:00,194.52805690900655,197.71704144849843,191.70352218430887,192.70578002929688,4254085.0
2023-04-28T00:00:00,194.57215881347656,194.94543303866206,192.14583363127392,194.57215881347656,3089007.0
2023-05-02T00:00:00,195.78533381219543,197.18513360459983,193.73229696456895,194.66549682617188,3004413.0
2023-05-03T00:00:00,195.59868863987856,196.34523710684434,193.7322889934656,194.01223754882812,2027917.0
2023-05-04T00:00:00,194.01225154064127,194.19890291034292,189.25294064275485,190.65274047851562,2605789.0
2023-05-05T00:00:00,191.39928526930532,192.51912218487803,188.22639739576724,192.42579650878906,1966869.0
2023-05-08T00:00:00,192.70576881587897,194.478842833155,191.77256896689167,193.45233154296875,1498706.0
2023-05-09T00:00:00,193.1723620048116,193.1723620048116,189.43956273901813,191.4925994873047,1628518.0
2023-05-10T00:00:00,191.95920505423058,193.26569337947132,187.85313143661585,189.62620544433594,1835464.0
2023-05-11T00:00:00,189.62619990460956,192.42579935469584,185.00686365986707,185.9400634765625,2633934.0
2023-05-12T00:00:00,186.6399689750605,187.5731688199358,185.1468435274602,187.47984313964844,1582843.0
2023-05-15T00:00:00,188.50637389986755,190.09281083231298,188.13309964735097,189.9061737060547,1631210.0
2023-05-16T00:00:00,188.69299579054092,188.97295857707337,186.03338491722954,186.919921875,1869347.0
2023-05-17T00:00:00,186.63997149267112,188.5996968891441,186.40667152830528,187.85313415527344,1430780.0
2023-05-19T00:00:00,192.79909883502162,194.38553576609877,190.74604772945125,192.8924102783203,2214114.0
2023-05-22T00:00:00,191.5859251647492,192.23916218836322,190.27943687802198,191.4925994873047,1784802.0
2023-05-23T00:00:00,190.55940262008244,191.2126396538064,187.75980312740884,188.4130401611328,2017626.0
2023-05-24T00:00:00,187.19988614415303,187.19988614415303,183.37376125673705,184.3069610595703,2243406.0
2023-05-25T00:00:00,184.49359678366983,184.7735595703125,181.27406033602628,182.20726013183594,2391230.0
2023-05-26T00:00:00,183.18714183927068,185.70677870240831,182.53390476208688,185.10020446777344,1711665.0
2023-05-29T00:00:00,185.94007761935742,186.45334040547903,183.98035215943864,184.6802520751953,563350.0
2023-05-30T00:00:00,184.8202294925104,186.36000351881924,182.8138413109117,182.86050415039062,1910595.0
2023-05-31T00:00:00,181.32073887460245,181.32073887460245,177.91455078125,177.91455078125,6367654.0
2023-06-01T00:00:00,179.64096634075287,181.8806402253054,178.7077665156061,181.1807403564453,1521803.0
2023-06-02T00:00:00,182.9071665945258,190.4660909097932,182.9071665945258,189.7195281982422,2714084.0
2023-06-05T00:00:00,189.53290095195538,192.79910052554743,189.2529381406046,190.27944946289062,2021017.0
2023-06-07T00:00:00,190.93268952384614,194.57216313855173,190.2794382560022,194.01223754882812,2363426.0
2023-06-08T00:00:00,192.70578227110948,197.83838179891143,192.70578227110948,196.90518188476562,2355036.0
2023-06-09T00:00:00,196.3452369823404,196.43856266040157,193.17236328125,193.17236328125,2108685.0
2023-06-12T00:00:00,194.47884974917082,195.13210105829245,191.77257578666755,193.2657012939453,1415596.0
2023-06-13T00:00:00,195.5987033625179,197.83837741099316,195.41205199222802,197.46510314941406,2291313.0
2023-06-14T00:00:00,197.55840499133342,199.4248046875,196.15860521920848,199.4248046875,2033180.0
2023-06-15T00:00:00,197.5584009680446,200.1713633373646,196.81183825688183,198.67823791503906,2529691.0
2023-06-16T00:00:00,199.7047686060876,200.35800565549732,198.5849316300282,200.2646942138672,3716727.0
2023-06-19T00:00:00,198.95821037977612,199.23817319000398,196.71853637695312,196.71853637695312,1664387.0
2023-06-20T00:00:00,195.97195127390003,196.4385511578855,189.81282710949236,190.93267822265625,4083935.0
2023-06-21T00:00:00,191.30596782749296,192.5191304713721,190.18613086371974,191.77256774902344,2357916.0
2023-06-22T00:00:00,190.37276675408697,190.55940387359306,188.59969275953006,190.09280395507812,1521891.0
2023-06-26T00:00:00,189.9994883246868,192.3324878658077,187.5731631061214,191.4925994873047,1914200.0
2023-06-27T00:00:00,190.93268814113517,192.42579930375305,188.87963715334945,191.4925994873047,2679479.0
2023-06-28T00:00:00,191.95919369365842,194.5721559499994,191.95919369365842,192.5191192626953,1210976.0
2023-06-29T00:00:00,191.95921032798262,193.45233581513608,191.58593607594423,192.0525360107422,1335401.0
2023-06-30T00:00:00,193.73228885856778,196.62519976479396,193.54563750245705,196.15859985351562,1884657.0
2023-07-03T00:00:00,197.46508241544444,198.21163086021454,196.53188261998298,197.18511962890625,1096620.0
2023-07-04T00:00:00,197.1851226575192,197.46508544835743,193.54563485562045,194.9454345703125,1151571.0
2023-07-05T00:00:00,193.91892612451576,194.2922003580262,191.0260009765625,191.0260009765625,2077661.0
2023-07-06T00:00:00,189.6262165886931,189.81285372055345,186.26670549670567,187.1999053955078,2182312.0
2023-07-07T00:00:00,186.9199329871855,189.9994953431216,184.2603077162635,189.15960693359375,2013996.0
2023-07-10T00:00:00,189.15960804549613,190.27944502528277,187.47984545606627,189.99949645996094,1246171.0
2023-07-11T00:00:00,191.67924751920384,192.42581026278057,189.15961071919483,192.0525360107422,1345352.0
2023-07-12T00:00:00,193.079045669847,194.66549682617188,191.58593443498222,194.66549682617188,1313895.0
2023-07-13T00:00:00,195.87862735232275,195.87862735232275,191.8658797057752,192.1458282470703,2161885.0
2023-07-14T00:00:00,190.9327022059784,192.70577629204215,188.78633962213792,189.81285095214844,1835022.0
2023-07-17T00:00:00,188.50636959103605,190.93269489543343,187.5731697415755,190.46609497070312,1271793.0
2023-07-18T00:00:00,190.37275549495175,195.22539151260963,190.18611838648388,195.132080078125,1859093.0
2023-07-19T00:00:00,195.78533291096912,198.7715696064525,188.22640837098018,191.6792449951172,2583766.0
2023-07-20T00:00:00,189.71952263679486,191.58592224121094,187.9464344689002,191.58592224121094,1596155.0
2023-07-21T00:00:00,190.83936246369066,192.05252507297337,188.7863257154041,191.4925994873047,1157252.0
2023-07-24T00:00:00,190.93269479860294,193.54564298416767,190.2794435127121,193.45233154296875,1127354.0
2023-07-25T00:00:00,193.6389821852553,197.27845615462368,192.61245658389464,196.90518188476562,1661120.0
2023-07-26T00:00:00,195.9719753265381,196.43857526779175,192.70577573776245,194.10557556152344,1852004.0
2023-07-27T00:00:00,194.6654995011154,197.55841056813674,194.19889956390227,196.71853637695312,1380908.0
2023-07-28T00:00:00,196.7185254428493,196.81183688140544,194.94543723629207,196.15859985351562,1203026.0
2023-07-31T00:00:00,196.15861734364552,200.26470547270642,195.22541743788173,199.5181427001953,2897465.0
2023-08-01T00:00:00,198.3049550867071,200.91791734280818,198.11831797687822,199.79808044433594,1342495.0
2023-08-02T00:00:00,197.65172245637604,198.21163379825305,194.01223465642988,197.091796875,1422548.0
2023-08-03T00:00:00,195.4120400070882,196.06529128403648,191.30596642355317,192.23916625976562,1633342.0
2023-08-04T00:00:00,193.6389561612704,193.6389561612704,190.74603112041095,192.5191192626953,1030565.0
2023-08-07T00:00:00,191.49260616429555,193.63896866486627,190.55940631530822,193.45233154296875,997552.0
2023-08-08T00:00:00,191.30597351224182,192.89241044468724,188.50637389986755,189.9061737060547,1171396.0
2023-08-09T00:00:00,191.77255949466323,194.3855217906655,191.77255949466323,192.42579650878906,1117239.0
2023-08-10T00:00:00,192.61245434316774,194.10557988423125,190.93270590884688,192.70578002929688,1289593.0
2023-08-11T00:00:00,192.14583511207798,192.42579790287417,190.6527239603301,191.95919799804688,717862.0
2023-08-14T00:00:00,190.37276230899002,194.38552436242247,190.27943663166636,192.79908752441406,1280304.0
2023-08-15T00:00:00,192.79908906037312,193.2656889717104,189.1596012082426,190.18612670898438,1068947.0
2023-08-16T00:00:00,188.87964533233654,191.399296337454,188.78633389035056,190.83937072753906,748869.0
2023-08-17T00:00:00,189.53289674660743,189.71953387020017,187.66649703168073,187.85313415527344,1136343.0
2023-08-18T00:00:00,187.10656470216787,189.62620137893563,186.26669055641173,188.879638671875,1608442.0
2023-08-21T00:00:00,188.7863200685448,189.62619418242687,186.82659481682165,187.3865203857422,955548.0
2023-08-22T00:00:00,188.03977106570946,190.74604495348552,187.47984545606627,189.99949645996094,1424273.0
2023-08-23T00:00:00,190.83937063492598,191.67924480989103,189.15960804549613,189.99949645996094,1085059.0
2023-08-24T00:00:00,191.30595383876118,192.61242782771427,187.94642895359817,188.31971740722656,1689036.0
2023-08-25T00:00:00,187.94644165039062,189.7195298860355,187.01324181252474,187.94644165039062,1421218.0
2023-08-28T00:00:00,189.5328923208429,192.42580326772733,189.5328923208429,191.3992919921875,1367358.0
2023-08-29T00:00:00,192.79909718968418,195.8786453427591,192.705771507682,195.50537109375,2779749.0
2023-08-30T00:00:00,196.25192976539125,196.43856688602912,193.17236743661772,194.75880432128906,1403305.0
2023-08-31T00:00:00,195.50534896351326,195.87862317026958,193.35898667591871,193.54562377929688,2211290.0
2023-09-01T00:00:00,193.17236201229167,195.87863578429705,192.89239921944647,194.4788360595703,1142239.0
2023-09-04T00:00:00,194.75879453757608,196.6251941291954,194.75879453757608,195.03875732421875,853987.0
2023-09-05T00:00:00,194.47883593976584,197.74503529544953,193.63896180124684,196.6251983642578,1331275.0
2023-09-06T00:00:00,196.43858192769272,197.55841897676754,194.5721820994011,196.90518188476562,1195760.0
2023-09-07T00:00:00,196.71852390052285,196.90516101567104,192.14583626214664,192.79908752441406,1347698.0
2023-09-08T00:00:00,193.35900749315672,193.82560742158591,189.4395709422515,190.83937072753906,988064.0
2023-09-11T00:00:00,192.4258034895201,194.10556604356623,191.77256645169646,193.07904052734375,824803.0
2023-09-12T00:00:00,191.11931948256378,191.77255648644265,189.2529199060534,189.5328826904297,2007851.0
2023-09-13T00:00:00,188.413047037199,189.25293545935213,185.1935103510284,188.22640991210938,1757340.0
2023-09-14T00:00:00,187.94645118176547,190.6527393925209,187.1065769808932,189.81285095214844,1691827.0
2023-09-15T00:00:00,191.3059553178687,195.41202866303811,191.02599253535743,192.9857177734375,3098435.0
2023-09-18T00:00:00,193.26568464500707,194.4788329957255,191.95919637881187,193.73228454589844,1233739.0
2023-09-19T00:00:00,192.98573039290258,193.82560455585758,190.6527307852502,191.77256774902344,1085361.0
2023-09-20T00:00:00,191.49261557994893,195.9719779232373,190.9327041867256,195.31874084472656,2434365.0
2023-09-21T00:00:00,193.54565159538768,193.8256144104399,190.3727776634634,190.65274047851562,1434504.0
2023-09-22T00:00:00,190.37277789622962,190.5594150266592,187.66650390625,187.66650390625,1722950.0
2023-09-25T00:00:00,187.1065576012819,188.039757389817,185.24015802421178,187.3865203857422,1544987.0
2023-09-26T00:00:00,186.6399775351141,186.73330321968174,183.00050366897946,184.6802520751953,1658475.0
2023-09-27T00:00:00,184.866885245693,187.01323338445613,184.1203225611455,184.7735595703125,1542189.0
2023-09-28T00:00:00,185.33348658905078,187.29319763183594,184.26029827180037,187.29319763183594,1330288.0
2023-09-29T00:00:00,187.85312436765093,189.71952398533352,187.57316157709874,188.13308715820312,1495796.0
2023-10-02T00:00:00,187.75981679108884,190.3727793556349,185.8001055473046,187.1999053955078,1499189.0
2023-10-03T00:00:00,184.54026665453014,187.1065661908131,183.7470411020611,185.84674072265625,1461660.0
2023-10-04T00:00:00,182.90716412959208,184.9602008790652,182.39390138234901,183.37376403808594,1663367.0
2023-10-05T00:00:00,183.8403680659124,186.8266046992862,182.72053110833465,184.54026794433594,1430386.0
2023-10-06T00:00:00,185.38013795458411,187.66648889787456,184.82022660807354,186.36000061035156,1833807.0
2023-10-09T00:00:00,184.82023373697453,185.94007071268928,180.90079720222306,181.040771484375,1438657.0
2023-10-10T00:00:00,181.97395609052893,189.06628007498483,181.83398182010484,188.31971740722656,2233754.0
2023-10-11T00:00:00,188.31973559440414,189.0662983342625,187.10657292207176,188.22640991210938,1427375.0
2023-10-12T00:00:00,190.3727736414504,192.42581050929152,189.43957377065897,189.9061737060547,3005230.0
2023-10-13T00:00:00,188.97295425820852,189.71951692539992,184.8202181112982,185.33348083496094,1742010.0
2023-10-16T00:00:00,185.10020051928362,186.36001180422844,183.79371215328524,185.19351196289062,1491392.0
2023-10-17T00:00:00,184.58692231137877,184.9601965336045,181.0874230798922,183.93368530273438,1840575.0
2023-10-18T00:00:00,181.97398557501324,183.74705973866176,178.61446014552035,178.9410858154297,2445670.0
2023-10-19T00:00:00,177.3079696025959,179.03439500242098,176.84136968258906,177.2613067626953,1900078.0
2023-10-20T00:00:00,175.161605996404,175.161605996404,172.40866933396453,173.01524353027344,3570175.0
2023-10-23T00:00:00,174.27505753495373,174.32172037148393,163.9165343631812,170.35562133789062,5202665.0
2023-10-24T00:00:00,168.20926723840103,173.6684918709255,168.20926723840103,173.1085662841797,2555803.0
2023-10-25T00:00:00,172.12870781487555,177.8212325404554,171.33549649376985,175.1149444580078,2860629.0
2023-10-26T00:00:00,173.06190732427524,177.16799516027783,171.94207036518344,176.00149536132812,2710004.0
2023-10-27T00:00:00,175.72153284474788,178.24116956663815,173.34187040315726,174.69500732421875,2644056.0
2023-10-30T00:00:00,175.25493555704492,176.84137246210315,174.64834710780227,175.90817260742188,1839275.0
2023-10-31T00:00:00,175.90816688028434,179.7809404553238,175.34824128990547,176.9346923828125,3822724.0
2023-11-01T00:00:00,177.82122957083047,178.75442939619353,174.04176743021023,175.20826721191406,3773815.0
2023-11-02T00:00:00,177.16798000238919,182.76717855829932,177.1213171665236,181.1340789794922,2876940.0
2023-11-03T00:00:00,181.97396157182686,183.23378700158523,181.74066162109375,181.74066162109375,742323.0
2023-11-06T00:00:00,183.70040383956814,184.7735780160837,181.36740411714285,182.11395263671875,2184687.0
2023-11-07T00:00:00,180.99410165104314,181.64733867501369,178.98772774038378,180.3875274658203,1792488.0
2023-11-08T00:00:00,179.73430710619394,181.41405554085893,179.50100713032376,180.34088134765625,1136598.0
2023-11-09T00:00:00,180.247536221446,185.00686091169527,179.78093632002938,184.3069610595703,2158992.0
2023-11-10T00:00:00,182.44056701660156,182.90716693224505,180.6674930329561,182.44056701660156,1140213.0
2023-11-13T00:00:00,182.44056000694948,183.4204226400528,180.90078604028628,181.78732299804688,811643.0
2023-11-14T00:00:00,182.86049856716855,187.57316042066208,181.9272987640807,187.29319763183594,2172688.0
2023-11-15T00:00:00,187.66649413535512,192.5191304713721,186.91993141300645,191.77256774902344,3463178.0
2023-11-16T00:00:00,191.11932252029578,191.9591966472753,187.0132348430098,187.29319763183594,2745779.0
2023-11-17T00:00:00,188.03976845410216,190.27944238256956,187.66649421252413,188.7863311767578,2774106.0
2023-11-20T00:00:00,189.43956691705714,190.6527295530958,188.31972996052122,190.09280395507812,1839184.0
2023-11-21T00:00:00,189.81283123530727,190.65271958843618,189.2529199060534,189.5328826904297,2294427.0
2023-11-22T00:00:00,190.09278988778334,193.0790262973907,190.09278988778334,190.93267822265625,2613572.0
2023-11-23T00:00:00,191.77256228013903,192.42579930375305,190.93268814113517,191.4925994873047,1115612.0
2023-11-24T00:00:00,191.30595674701766,191.30595674701766,189.71951995360067,190.3727569580078,1495476.0
2023-11-27T00:00:00,186.91993672796457,192.42581026278057,186.826611045205,192.0525360107422,1965263.0
2023-11-28T00:00:00,190.83936373695676,192.23916347096866,189.25292688630975,190.18612670898438,1664765.0
2023-11-29T00:00:00,190.1861213806253,192.98572077021402,189.62619580690804,190.74603271484375,2471932.0
2023-11-30T00:00:00,191.49260075264363,194.01223742580356,190.746038046652,193.17236328125,3894023.0
2023-12-01T00:00:00,194.47883871686747,196.71852685073216,194.38552727764355,195.69200134277344,1871382.0
2023-12-04T00:00:00,195.31874084472656,196.90517781810985,194.57217808092844,195.31874084472656,2109234.0
2023-12-05T00:00:00,195.0387657127419,196.1586026679774,194.19889155619018,195.22540283203125,1294365.0
2023-12-06T00:00:00,196.43854758489974,200.07802091798933,195.8786220385022,199.1448211669922,1665167.0
2023-12-07T00:00:00,198.77156764174163,200.45133021619148,198.5849305200249,199.4248046875,1752493.0
2023-12-08T00:00:00,196.9984893798828,198.02500064694823,195.505363959334,196.9984893798828,2841548.0
2023-12-11T00:00:00,196.71852517769526,200.63796157925054,196.06528815068592,200.45132446289062,3081061.0
2023-12-12T00:00:00,199.70477294921875,201.10457275961045,198.3982988219865,199.70477294921875,2762022.0
2023-12-13T00:00:00,199.7047702446413,199.8914073689326,197.6517333984375,197.6517333984375,2574060.0
2023-12-14T00:00:00,200.637961693398,204.74403521364925,200.4513245769319,204.27743530273438,3219880.0
2023-12-15T00:00:00,205.3039645935372,206.8904014720419,204.65072755409403,206.3304901123047,4619540.0
2023-12-18T00:00:00,205.30395786511843,206.14383199694885,204.37075805664062,204.37075805664062,3154509.0
2023-12-19T00:00:00,204.37077338817153,205.95721033369566,204.277447704523,205.2106475830078,2384158.0
2023-12-20T00:00:00,203.99748382904912,204.83735796087953,202.31772132588924,204.37075805664062,2624203.0
2023-12-21T00:00:00,203.4375639605179,203.62420107955427,202.22440132753235,203.34423828125,1514009.0
2023-12-22T00:00:00,203.0642991089427,204.3707732420875,202.4110478028702,203.53089904785156,1007243.0
2023-12-27T00:00:00,203.6241996742439,205.7705621270976,203.25092543874732,203.8108367919922,1108854.0
2023-12-28T00:00:00,203.9974782014306,204.37075241872472,202.59767852732975,203.25091552734375,875511.0
2023-12-29T00:00:00,203.2509362366062,204.27744755850568,202.78433629769734,203.53089904785156,842536.0
2024-01-02T00:00:00,204.4640880633602,205.4905993307255,201.7578000177623,203.8108367919922,1436783.0
2024-01-03T00:00:00,203.7175225381851,203.9041596533547,197.46508662325894,198.7715606689453,1619315.0
2024-01-04T00:00:00,198.8648848161929,199.79808462435992,197.27843375070972,198.39828491210938,1387339.0
2024-01-05T00:00:00,198.86490154683403,200.73130132018957,197.46510171681737,197.93170166015625,1406211.0
2024-01-08T00:00:00,198.7715799276842,199.79810551982456,197.0918172494093,199.5181427001953,1784985.0
2024-01-09T00:00:00,199.6114234339382,199.79807477797232,195.69198728069293,196.53187561035156,2112975.0
2024-01-10T00:00:00,196.43856659912902,196.81184083985963,193.82560419551623,196.06529235839844,1714830.0
2024-01-11T00:00:00,198.11834022692764,199.6114515127444,197.37177746426912,197.46510314941406,1771405.0
2024-01-12T00:00:00,198.02500899997625,201.47784566120512,198.02500899997625,201.01124572753906,2024095.0
2024-01-15T00:00:00,199.61143762586013,199.79808898316477,197.18512661539276,197.83836364746094,1180451.0
2024-01-16T00:00:00,197.1851264975766,197.65172641156067,195.87863819472153,196.9984893798828,1227840.0
2024-01-17T00:00:00,194.10555347312726,194.10555347312726,190.83935425603136,192.1458282470703,1912466.0
2024-01-18T00:00:00,192.612436298741,194.66548728524336,191.8658878376483,193.6389617919922,2683518.0
2024-01-19T00:00:00,195.22541692027863,195.87865400468124,191.95921725876514,192.70578002929688,2623456.0
2024-01-22T00:00:00,194.19889989263606,196.06529964464795,193.3590114605307,195.41204833984375,2301072.0
2024-01-23T00:00:00,197.0917981534206,199.8913975994621,195.22539852272627,198.7715606689453,2613274.0
2024-01-24T00:00:00,201.4778388292043,201.75780162781055,196.1586026136835,198.21163940429688,2176512.0
2024-01-25T00:00:00,192.89239494595677,205.58391786476767,192.89239494595677,205.303955078125,3574582.0
2024-01-26T00:00:00,205.49059921130004,205.5839248898696,202.69099972820464,202.97096252441406,1567514.0
2024-01-29T00:00:00,202.5043749106807,203.71753760827605,200.45133801294247,203.06430053710938,1632091.0
2024-01-30T00:00:00,203.43757336426975,204.65073605333285,201.8511364198796,203.53089904785156,1563815.0
2024-01-31T00:00:00,204.09079679056285,208.10355884488877,203.53088544499357,204.74403381347656,2782530.0
2024-02-01T00:00:00,203.7175224308272,205.86388485289436,203.06428540832826,203.90415954589844,1378463.0
2024-02-02T00:00:00,205.4905976619778,207.26368586493604,204.46408640294862,205.58392333984375,1152089.0
2024-02-05T00:00:00,205.58391943763348,205.86388222641807,200.5446319580078,200.5446319580078,1721708.0
2024-02-06T00:00:00,202.78432400817255,204.09079806213992,200.9179243656482,203.43756103515625,1242484.0
2024-02-07T00:00:00,203.43757075577105,205.4906076127458,201.2912082164111,202.31773376464844,2359402.0
2024-02-08T00:00:00,202.31773376464844,203.25093363050058,201.19789677352583,202.31773376464844,1179696.0
2024-02-09T00:00:00,201.94442041998363,202.78430873957996,199.05150973559137,199.1448211669922,1684317.0
2024-02-12T00:00:00,199.33150127468474,201.5711753044901,199.33150127468474,200.91793823242188,1075199.0
2024-02-13T00:00:00,200.6379603106328,202.22439714891007,199.798086172574,201.75779724121094,1656642.0
2024-02-14T00:00:00,198.77156467701434,203.34423816862005,198.67823899779813,202.50436401367188,1296944.0
2024-02-15T00:00:00,204.18413626037457,207.17037302362593,204.09081057672606,205.2106475830078,1359774.0
2024-02-16T00:00:00,205.58393408380468,209.96997062223585,205.49060840106148,209.13009643554688,2375546.0
2024-02-19T00:00:00,208.10356292051318,209.22339987308243,207.26368876596112,208.47683715820312,889703.0
2024-02-20T00:00:00,207.82359313964844,209.1300814066642,206.3304819995576,207.82359313964844,1223148.0
2024-02-21T00:00:00,208.75678889029112,212.20962524414062,208.38351467238795,212.20962524414062,1547982.0
2024-02-22T00:00:00,214.4493301229088,215.19589285688363,210.7165306925344,211.7430419921875,2104323.0
2024-02-23T00:00:00,211.92967781314897,215.9424255149212,211.74302646371876,215.1958770751953,1440295.0
2024-02-26T00:00:00,215.19589263988848,215.56916688674963,213.04953012168755,213.889404296875,875639.0
2024-02-27T00:00:00,214.63595442037519,215.849117010651,214.26268019544366,215.10255432128906,1281971.0
2024-02-28T00:00:00,214.82259711149345,216.4090339678984,214.07603440274426,216.22239685058594,1413885.0
2024-02-29T00:00:00,217.15560225777358,218.36876491073315,215.19589111637706,217.3422393798828,2824003.0
2024-03-01T00:00:00,218.46209859935288,219.2086471151549,216.96897308874853,217.99549865722656,840499.0
2024-03-04T00:00:00,217.99548365305915,218.55539500137314,215.7557955413056,216.68899536132812,1381640.0
2024-03-05T00:00:00,216.12907135280565,217.43554532850808,215.10254591511207,217.06227111816406,1293075.0
2024-03-06T00:00:00,217.06228912156428,219.11532592773438,216.22240071938137,219.11532592773438,1520225.0
2024-03-07T00:00:00,217.90216049049175,220.14183438859857,216.68899786255918,220.04852294921875,1489026.0
2024-03-08T00:00:00,219.7685686070342,222.66149388959343,219.20864299121632,221.07504272460938,1471053.0
2024-03-11T00:00:00,219.30195757575126,219.8618831632337,217.90215784654433,218.83535766601562,1431751.0
2024-03-12T00:00:00,220.3284801679036,222.47482833278823,219.9551917013374,221.9149169921875,1979419.0
2024-03-13T00:00:00,222.66148121815854,223.03475544779454,219.7685561002327,222.28819274902344,1982298.0
2024-03-14T00:00:00,222.56816797120172,224.5278933849871,221.63496810549438,223.22140502929688,2527846.0
2024-03-15T00:00:00,222.84812923314234,227.79409133498615,222.2882036218016,226.6742401123047,2899865.0
2024-03-18T00:00:00,226.48759474583218,227.5141202494321,223.78132094834052,224.3412322998047,1458266.0
2024-03-19T00:00:00,223.5946917894171,224.99449157714844,222.10156632003714,224.99449157714844,1717453.0
2024-03-20T00:00:00,224.99447924098487,226.20762759890346,224.0612794336635,224.90115356445312,2305741.0
2024-03-21T00:00:00,227.98072542532387,229.75379943847656,226.30096285315312,229.75379943847656,1862326.0
2024-03-22T00:00:00,228.7272881506775,230.78032496577526,227.42079982143375,229.75379943847656,1288177.0
2024-03-25T00:00:00,229.56715558555936,229.9404298175411,224.80783081054688,224.80783081054688,2350407.0
2024-03-26T00:00:00,224.24793184097507,226.39429439209636,223.22140628711273,225.7410430908203,1826181.0
2024-03-27T00:00:00,225.08779755396134,226.76756010635273,223.68799780021843,224.7145233154297,1754284.0
2024-03-28T00:00:00,224.99448216815247,226.11431910360736,221.82159423828125,221.82159423828125,1099150.0
2024-04-02T00:00:00,221.821599699369,226.02099899033536,221.448325458194,222.1015625,2324017.0
2024-04-03T00:00:00,221.91491838796352,222.84811820099995,219.58191885537244,221.4483184814453,1631263.0
2024-04-04T00:00:00,222.2881870012416,225.64771193909363,221.26167577653592,225.46107482910156,1787061.0
2024-04-05T00:00:00,223.03476775606282,226.67424153410656,222.56816782351873,226.2076416015625,1658946.0
2024-04-08T00:00:00,226.39429556508475,228.35400676056648,224.7145329407432,227.42080688476562,1239007.0
2024-04-09T00:00:00,227.51412407061068,229.753797993082,225.64772438871805,226.394287109375,1574635.0
2024-04-10T00:00:00,227.23416975750547,229.28720663636733,224.7145329407432,227.42080688476562,1501946.0
2024-04-11T00:00:00,227.0475246199378,228.26068726357815,219.5819258769197,222.94143676757812,2027105.0
2024-04-12T00:00:00,224.52788494629823,227.60743299579036,222.8481224032575,223.03475952148438,1546286.0
2024-04-15T00:00:00,223.87464334888878,228.44733126032105,223.87464334888878,225.7410430908203,1105134.0
2024-04-16T00:00:00,222.9414351384398,223.40803505646878,219.30196147361366,221.72828674316406,1929997.0
2024-04-17T00:00:00,221.16837208572133,225.554408684247,220.88840927315584,223.1280975341797,1421126.0
2024-04-18T00:00:00,224.4345593835322,225.55439633297217,222.1948854846522,223.8746337890625,1737469.0
2024-04-19T00:00:00,220.70174741125095,221.9149099700793,218.7420221824129,221.2616729736328,2953189.0
2024-04-22T00:00:00,222.1948871263927,223.68799832351178,210.80983771105002,211.4630889892578,5039840.0
2024-04-23T00:00:00,213.23616432777317,214.72928977378933,211.18312751912558,213.98272705078125,3770826.0
2024-04-24T00:00:00,216.03575124872432,216.03575124872432,211.92967787111394,213.0495147705078,2609258.0
2024-04-25T00:00:00,210.99650051350147,211.08981195866363,206.42381251554772,207.7303009033203,2340682.0
2024-04-26T00:00:00,209.50337052749828,213.23617000237576,209.0367705931386,212.1163330078125,1977836.0
2024-04-29T00:00:00,212.48960026737103,212.86288874627542,210.43656347164512,211.4630889892578,2306164.0
2024-04-30T00:00:00,211.8456383672424,213.7584658017096,210.98487185921823,212.9933319091797,2187568.0
2024-05-02T00:00:00,210.98487805470893,211.74999737599111,208.21126943705642,209.3589630126953,3315537.0
2024-05-03T00:00:00,210.60230661048536,211.9412946280269,209.45461301953245,210.1240997314453,1606956.0
2024-05-06T00:00:00,211.46309505244398,214.90617594421894,210.50668126133155,214.33233642578125,1403945.0
2024-05-07T00:00:00,217.29720887830197,219.6882433390969,215.19310147154565,219.49696350097656,2941003.0
2024-05-08T00:00:00,218.63619644957683,222.8444112537929,218.15798955847427,222.74876403808594,1531914.0
2024-05-10T00:00:00,224.2790369642355,224.37468418209065,221.8880024550219,222.9400634765625,1734359.0
2024-05-13T00:00:00,223.51390459133734,223.51390459133734,221.6967241889046,222.3662109375,952243.0
2024-05-14T00:00:00,222.36620202414557,224.0877497327531,220.54902169455292,223.6095428466797,1622883.0
2024-05-15T00:00:00,224.27902221679688,226.9569836097704,223.51388830541651,224.27902221679688,1251267.0
2024-05-16T00:00:00,224.8528812817756,224.8528812817756,218.82747166248365,219.5926055908203,2470239.0
2024-05-17T00:00:00,218.54054260253906,218.92310226632637,216.81899492806474,218.54054260253906,1857388.0
2024-05-20T00:00:00,219.3056760496517,228.29595947265625,218.9231017929759,228.29595947265625,2154330.0
2024-05-21T00:00:00,227.62647908528646,229.539306640625,226.47878547082655,229.539306640625,2025776.0
2024-05-22T00:00:00,228.86982093780875,229.44366045074514,226.5744191049148,227.62648010253906,1902205.0
2024-05-23T00:00:00,227.62648208403783,230.0175165597105,227.2439224054167,228.6785430908203,1965317.0
2024-05-24T00:00:00,226.67007640673407,227.72213745117188,225.42673551613944,227.72213745117188,1487032.0
2024-05-27T00:00:00,228.00903599028695,228.774169921875,226.9569896038548,228.774169921875,1114324.0
2024-05-28T00:00:00,228.77416292551894,229.15673717647107,224.5659483210538,226.1918487548828,1749874.0
2024-05-29T00:00:00,224.4703001582178,224.94850702459394,221.40977913215357,221.60105895996094,1984145.0
2024-05-30T00:00:00,220.453369140625,221.2185030585547,219.21002834820374,220.453369140625,1295687.0
2024-05-31T00:00:00,220.453369140625,221.2185030585547,219.30567556058833,220.453369140625,3156629.0
2024-06-03T00:00:00,223.4182733028095,224.66159958890174,215.48003570957053,215.57566833496094,1785763.0
2024-06-04T00:00:00,215.19308637756,215.48001341147312,212.9933319091797,212.9933319091797,1839091.0
2024-06-05T00:00:00,214.141036208509,215.00181735348977,213.37591687125843,214.42796325683594,1633279.0
2024-06-07T00:00:00,215.6713025080005,216.245156600497,214.236681870475,215.00181579589844,2548900.0
2024-06-10T00:00:00,212.61078035921855,212.8977074040622,209.26333222137933,212.03692626953125,2161873.0
2024-06-11T00:00:00,212.61079159055737,213.28027833474826,209.74155017798228,210.21975708007812,1720577.0
2024-06-12T00:00:00,211.3674440973309,216.72336707031528,211.3674440973309,215.4800262451172,2416111.0
2024-06-13T00:00:00,218.54054271321922,218.54054271321922,211.7499992246876,212.03692626953125,2696403.0
2024-06-14T00:00:00,212.32385630705468,212.70641597642785,205.43768010232583,206.29844665527344,3161260.0
2024-06-17T00:00:00,207.1592387714339,207.63744568033036,204.86383685250087,206.107177734375,2350879.0
2024-06-18T00:00:00,207.35050685438048,207.54178668834547,204.57689818388275,206.5853729248047,1916341.0
2024-06-19T00:00:00,207.25484870223514,208.0199825914294,206.20280237409375,206.77664184570312,1150266.0
2024-06-20T00:00:00,206.58536202183333,208.2112624152992,205.72459551756174,206.77664184570312,3298538.0
2024-06-24T00:00:00,201.13380877596924,208.40254431129938,200.36867487916732,207.82870483398438,2370701.0
2024-06-25T00:00:00,206.68102215488994,207.06358182655188,202.7597198486328,202.7597198486328,2732743.0
2024-06-26T00:00:00,204.28998693685662,204.8638264421421,201.80330529947153,203.04664611816406,2695124.0
2024-06-27T00:00:00,202.95100982310055,204.38563055407494,201.70766893751272,202.85537719726562,1832468.0
2024-06-28T00:00:00,204.00305407318837,204.4812609441552,202.66406607825195,203.14227294921875,1794787.0
2024-07-01T00:00:00,204.19433143083438,206.3940859293944,203.2379177004792,205.6289520263672,2928500.0
2024-07-02T00:00:00,204.57689715717834,204.86382420354374,203.0466438994225,203.6204833984375,1913708.0
2024-07-03T00:00:00,205.05510683871174,206.58537471109514,204.3856201171875,204.3856201171875,2146498.0
2024-07-04T00:00:00,205.1507576216833,205.91589157118344,203.90741677796015,204.86383056640625,1497805.0
2024-07-05T00:00:00,205.62896756230438,207.446147949787,203.81178717482177,204.00306701660156,1939138.0
2024-07-08T00:00:00,204.1943359375,204.9594698574141,203.0466423544867,204.1943359375,1421936.0
2024-07-09T00:00:00,203.71613543838166,203.9074152759186,200.0817601503152,200.55996704101562,1781611.0
2024-07-10T00:00:00,201.0381767026474,202.3771647712937,200.5599698053558,201.32510375976562,1805743.0
2024-07-11T00:00:00,203.14226706666946,204.2899751987272,201.89894091313215,203.52484130859375,2443787.0
2024-07-12T00:00:00,204.19434374161784,210.60231320258814,203.6204896313212,209.74154663085938,1949780.0
2024-07-15T00:00:00,208.49819946289062,209.26333338883705,207.54178570388655,208.49819946289062,1425926.0
2024-07-16T00:00:00,207.44613647460938,207.82871073072278,206.29844289370052,207.44613647460938,1194035.0
2024-07-17T00:00:00,206.7766499566346,206.7766499566346,204.3856155801848,205.8202362060547,1827333.0
2024-07-18T00:00:00,206.3941004535169,207.06358719313482,203.42921184328802,205.9158935546875,3022032.0
2024-07-19T00:00:00,205.62895656469556,211.17615924192816,198.93406030444964,204.1943359375,3998704.0
2024-07-22T00:00:00,204.67254539772316,208.01999357011584,204.09869130211237,206.5853729248047,2209770.0
2024-07-23T00:00:00,206.2984488852627,207.06358282599575,204.76819559751272,205.724609375,1046066.0
2024-07-24T00:00:00,203.62048421426667,208.88075990841716,202.3771579978947,208.21127319335938,2303717.0
2024-07-25T00:00:00,204.95946871780384,207.73306274414062,203.90740775955712,207.73306274414062,1669672.0
2024-07-26T00:00:00,207.82872284840036,209.55027061699818,207.15923610331137,208.59385681152344,1185655.0
2024-07-29T00:00:00,209.64589462164383,210.12410150471953,207.82871430344252,207.92434692382812,1187266.0
2024-07-30T00:00:00,208.01999258338859,209.0720535557794,207.92434537000184,208.49819946289062,839126.0
2024-07-31T00:00:00,209.9328163235075,212.32385067798936,208.88075537004926,209.64588928222656,1544336.0
2024-08-01T00:00:00,208.593853357305,208.6894859800389,202.56844356384897,203.23793029785156,1508967.0
2024-08-02T00:00:00,201.6120210358646,202.75971461494188,197.02123212583973,197.97764587402344,1919997.0
2024-08-05T00:00:00,191.28276385423737,194.24765253146475,188.7004494609485,193.38687133789062,2199490.0
2024-08-06T00:00:00,194.43893107799926,195.68227195349138,191.2349389673522,192.33482360839844,1903092.0
2024-08-07T00:00:00,194.43893207201148,196.25611248829367,193.67379809904966,195.0127716064453,1508451.0
2024-08-08T00:00:00,193.7694437439897,195.96918383202217,191.85661612398476,195.5866241455078,1102256.0
2024-08-09T00:00:00,196.2561081214964,197.2125219179888,193.6737937897102,194.8214874267578,898520.0
2024-08-12T00:00:00,195.49097284434396,196.35175401159938,193.29123280225136,193.76943969726562,1640954.0
2024-08-13T00:00:00,194.8214874267578,195.7779012232502,193.5781465725744,194.8214874267578,758534.0
2024-08-14T00:00:00,195.68226400742662,196.82995761753938,194.91713006944613,196.256103515625,1228325.0
2024-08-15T00:00:00,197.3081667937704,201.0381747183421,196.92559252348343,200.27304077148438,1736832.0
2024-08-16T00:00:00,200.8468913046813,201.42074540303818,198.6471367192678,199.79483032226562,1285187.0
2024-08-19T00:00:00,204.67254359078962,206.68101831397993,202.18586199005074,203.90740966796875,2299765.0
2024-08-20T00:00:00,204.0986976615868,204.57690455825755,202.75972418839527,202.9510040283203,1186406.0
2024-08-21T00:00:00,202.66406607825195,204.959467815122,202.47278624860832,203.14227294921875,926656.0
2024-08-22T00:00:00,203.14226488490115,204.86381247078302,203.0466322707335,204.0986785888672,1225209.0
2024-08-23T00:00:00,203.90741677796015,206.01152419379827,203.7161369390142,204.86383056640625,1496062.0
2024-08-26T00:00:00,204.67253472032525,205.43766860998537,203.14226694100498,205.15074157714844,742454.0
2024-08-27T00:00:00,205.53331013289076,206.29844405571163,203.8117770486885,203.90740966796875,887614.0
2024-08-28T00:00:00,204.00305456243748,206.39408892300588,203.2379206483125,204.7681884765625,1142961.0
2024-08-29T00:00:00,205.05510836392187,209.26333774741926,205.05510836392187,208.68948364257812,1099264.0
2024-08-30T00:00:00,208.97640556476776,209.26333261014446,208.40255147401436,208.78512573242188,2605448.0
2024-09-02T00:00:00,208.40255245401465,208.40255245401465,206.48972493412938,206.87229919433594,1138525.0
2024-09-03T00:00:00,206.77665272503376,207.25485960672611,201.70765686035156,201.70765686035156,2067111.0
2024-09-04T00:00:00,196.82995705926945,199.6991983732713,194.0563483661714,194.91712951660156,2808778.0
2024-09-05T00:00:00,194.24764021355915,194.72584709287003,192.4304453159484,192.52609252929688,1881468.0
2024-09-06T00:00:00,191.28275685347398,193.96071836816586,189.56120912304948,189.99159240722656,1972988.0
2024-09-09T00:00:00,191.37839816667528,193.3868582954598,191.18710374074897,192.81301879882812,1420204.0
2024-09-10T00:00:00,192.52609408753833,194.34327440614092,190.6132665548131,191.95223999023438,1487131.0
2024-09-11T00:00:00,192.43045398781067,194.63020865051556,191.28276034448703,192.90866088867188,1506864.0
2024-09-12T00:00:00,196.54302922315946,198.16892970918207,194.4389218533822,195.2040557861328,1694555.0
2024-09-13T00:00:00,195.77789430024822,197.69072182559253,195.77789430024822,197.11688232421875,1340055.0
2024-09-16T00:00:00,197.21250403665377,198.36019756963955,196.6386645670184,197.3081512451172,1251878.0
2024-09-17T00:00:00,198.26457606839608,203.0466448853197,198.16892885457125,201.70765686035156,2115716.0
2024-09-18T00:00:00,201.70766186643084,201.99458892131054,200.46433561814592,201.89895629882812,982039.0
2024-09-19T00:00:00,204.0030619633346,210.2197515263437,204.0030619633346,208.68948364257812,2522808.0
2024-09-20T00:00:00,208.4025511990736,209.64589199825514,205.05510305943176,205.53330993652344,2868299.0
2024-09-23T00:00:00,204.6725456081496,205.72460658661242,201.61202448041578,204.95947265625,1547275.0
2024-09-24T00:00:00,207.9243418019265,210.41102337015087,206.68101561152986,208.01998901367188,1596898.0
2024-09-25T00:00:00,207.54179578801464,208.97641649622673,206.77666182489156,208.59385681152344,1187798.0
2024-09-26T00:00:00,211.75000430923825,216.81900024414062,211.75000430923825,216.81900024414062,2611688.0
2024-09-27T00:00:00,217.10593203764904,219.49696653145574,215.9582383993651,218.63619995117188,3357501.0
2024-09-30T00:00:00,218.63619955161846,221.21851388146732,216.43644490259302,217.01028442382812,2172482.0
2024-10-01T00:00:00,216.723360653923,218.06233406066895,213.56719237377547,214.23667907714844,1822869.0
2024-10-02T00:00:00,215.0974491936049,215.67130328817728,213.28026888365204,214.7148895263672,1262262.0
2024-10-03T00:00:00,214.2366830664713,214.6192427344608,210.984882107413,211.4630889892578,1187749.0
2024-10-04T00:00:00,211.74999102779827,217.10591367849838,211.17615155404013,214.61923217773438,1257889.0
2024-10-07T00:00:00,215.28874663939172,215.4800264756924,212.03693104741586,213.8541259765625,847377.0
2024-10-08T00:00:00,210.2197499534089,211.6543706110613,207.92434814493546,209.26333618164062,1576685.0
2024-10-09T00:00:00,209.45461734855667,210.9848852305988,208.30692373388314,210.3153839111328,1158892.0
2024-10-10T00:00:00,209.93281572084013,210.41102259036367,206.77664746324155,208.30691528320312,1359120.0
2024-10-11T00:00:00,208.2112800352919,212.13258242818287,207.828720355178,210.79359436035156,1002684.0
2024-10-14T00:00:00,210.79359304144828,211.55872699060507,208.11564610997382,209.74154663085938,991646.0
2024-10-15T00:00:00,209.7415384209186,210.60230495895425,205.43767654330898,205.8202362060547,1748768.0
2024-10-16T00:00:00,203.9074071747831,207.54178231845773,203.3335676849706,206.3940887451172,1280670.0
2024-10-17T00:00:00,206.39408232363175,206.9679217955905,204.3856076874883,205.15074157714844,2116322.0
2024-10-18T00:00:00,205.62896467295914,209.6458996687574,205.62896467295914,208.1156463623047,1729885.0
2024-10-21T00:00:00,207.54179075023833,209.55026553046903,198.64713965648488,203.81178283691406,5137986.0
2024-10-22T00:00:00,203.42920657089923,204.00306067210818,200.27303820168203,202.7597198486328,3003411.0
2024-10-23T00:00:00,198.0732826485759,203.14226357185981,198.0732826485759,201.4207305908203,2272347.0
2024-10-24T00:00:00,201.13380958922698,203.90740355841896,199.31661475276044,199.41226196289062,2334381.0
2024-10-25T00:00:00,198.83842555610508,202.0902412711528,198.83842555610508,201.80331420898438,1817468.0
2024-10-28T00:00:00,201.99458196478807,206.10716402651977,201.99458196478807,205.53330993652344,1929371.0
2024-10-29T00:00:00,206.3940933030361,208.68948050040748,204.95947265625,204.95947265625,1951741.0
2024-10-30T00:00:00,204.38561732417332,205.05510403654876,201.80330309431622,203.6204833984375,2203846.0
2024-10-31T00:00:00,201.61202006933,201.9945797292832,198.55149900855756,199.89047241210938,2704240.0
2024-11-01T00:00:00,200.6556083556652,201.4207422770277,200.27303409812612,200.94253540039062,819464.0
2024-11-04T00:00:00,200.84690069065522,201.89896172223578,199.8904868778426,200.1774139404297,1238365.0
2024-11-05T00:00:00,200.17740736594175,200.65561425664217,198.26457980314004,200.55996704101562,2034397.0
2024-11-06T00:00:00,201.13382036259088,208.21127647985705,200.65561347375623,200.84689331054688,2801656.0
2024-11-07T00:00:00,200.84689304525097,209.5502642480316,200.55996599358596,207.3505096435547,2729168.0
2024-11-08T00:00:00,205.62895675775954,205.82023658948873,201.42074208485445,202.5684356689453,1727109.0
2024-11-11T00:00:00,204.4812667719518,205.5333131618332,202.377159398473,203.04664611816406,1485740.0
2024-11-12T00:00:00,200.75123659303526,200.94253101448737,194.05634046624323,194.2476348876953,2609029.0
2024-11-13T00:00:00,193.19559149277976,194.24765253146475,191.37841107365116,193.38687133789062,2125301.0
2024-11-14T00:00:00,194.15198767696927,195.8735353140303,192.43044003990823,194.2476348876953,2184913.0
2024-11-15T00:00:00,192.5261044364653,196.16047986274637,192.04789752757875,195.0127716064453,1811197.0
2024-11-18T00:00:00,194.8214836314046,196.92559102395407,193.29123034305772,195.96917724609375,1507509.0
2024-11-19T00:00:00,196.63867598271474,198.07329663066145,191.47403289387705,193.57814025878906,1744331.0
2024-11-20T00:00:00,195.0127706094995,195.49097751594135,192.33482360839844,192.33482360839844,1154521.0
2024-11-21T00:00:00,192.3348197937797,193.48251342773438,190.2306977721938,193.48251342773438,1717646.0
2024-11-22T00:00:00,194.53455905431542,195.58662006083333,191.95224473998167,193.76943969726562,2235621.0
2024-11-25T00:00:00,195.10841091949598,196.44738437263354,193.57814303558212,194.34327697753906,3030617.0
2024-11-26T00:00:00,192.7173731410088,193.3868598560061,191.2827524972792,192.23916625976562,1697865.0
2024-11-27T00:00:00,191.95224077052146,192.43044765564667,190.46979650789007,191.66531372070312,1513287.0
2024-11-28T00:00:00,192.43045043945312,194.34327800762605,191.9522435474099,192.43045043945312,833783.0
2024-11-29T00:00:00,192.3348213638683,193.0043081063307,191.37840756214587,192.90866088867188,2397414.0
2024-12-02T00:00:00,191.56966898647326,198.45584477810297,191.47402177800984,197.3081512451172,1996472.0
2024-12-03T00:00:00,197.49944157930435,201.80330350234001,197.49944157930435,200.36868286132812,1533847.0
2024-12-04T00:00:00,201.8032981803479,204.28997973000898,201.6120183520006,202.09022521972656,1704597.0
2024-12-05T00:00:00,201.8989548504651,202.75972141521302,201.32510074482235,202.1858673095703,982556.0
2024-12-06T00:00:00,201.70765588095583,203.81177782515832,201.70765588095583,203.6204833984375,1029209.0
2024-12-09T00:00:00,206.48972136322817,208.11563640198577,205.7246020434782,206.3940887451172,1490855.0
2024-12-10T00:00:00,205.1507606609967,206.01152724586393,204.00306701660156,204.00306701660156,1584290.0
2024-12-11T00:00:00,203.2379229581439,205.05510325534217,202.47278903532305,203.90740966796875,1220480.0
2024-12-12T00:00:00,204.38562216661902,204.76819643540907,199.89048031277824,200.55996704101562,1862165.0
2024-12-13T00:00:00,199.89046882611098,201.42073662590226,199.22098213634555,199.41226196289062,1490091.0
2024-12-16T00:00:00,198.93406579494717,199.12534563177604,195.68226478770853,195.96917724609375,1390887.0
2024-12-17T00:00:00,195.2040614365337,198.26458266241045,195.01276700252185,196.4473876953125,1079934.0
2024-12-18T00:00:00,196.92559459290936,197.88200838810315,194.82148716222636,196.4473876953125,959565.0
2024-12-19T00:00:00,192.62173410697142,193.29123544411502,190.9958335604437,191.2827606201172,1700323.0
2024-12-20T00:00:00,189.3221023471186,190.85237021251797,187.02671514273547,190.3263397216797,5014744.0
2024-12-23T00:00:00,190.23069328767892,190.80454738798633,188.27005673134659,190.03941345214844,1164669.0
2024-12-27T00:00:00,190.32633495110386,191.56967573636172,189.8481280793674,190.947998046875,1451292.0
2024-12-30T00:00:00,190.23069987803402,190.56545054709645,188.12659242687212,189.6568603515625,1558667.0
2025-01-02T00:00:00,191.043653371271,192.62173027752718,189.8959597491105,192.43045043945312,1105669.0
2025-01-03T00:00:00,192.14352720542112,192.81302854256472,190.8045537185669,191.2827606201172,735330.0
2025-01-07T00:00:00,196.63868517399717,196.63868517399717,193.86507636876001,195.5866241455078,1499015.0
2025-01-08T00:00:00,194.72584083396046,197.78636184443508,194.34326658657906,196.16046142578125,1381588.0
2025-01-09T00:00:00,196.63869033309606,199.31663739638955,195.77790912528005,198.7427978515625,1757566.0
2025-01-10T00:00:00,198.7427898298632,200.84689726340318,194.5345603690668,194.8214874267578,1532714.0
2025-01-13T00:00:00,193.76944562182914,194.34328515716183,191.95225060898386,193.38687133789062,1402176.0
2025-01-14T00:00:00,194.91712106829286,196.25609445263876,192.43043953311863,192.62171936035156,1838983.0
2025-01-15T00:00:00,192.71736401262393,197.4037853893406,192.71736401262393,196.7342987060547,1680548.0
2025-01-16T00:00:00,198.16892570491703,199.31661928399433,196.92558491353512,197.97764587402344,1155921.0
2025-01-17T00:00:00,197.69071635987729,201.61201851590408,197.2125094917626,200.46432495117188,2819817.0
2025-01-20T00:00:00,200.75125122070312,201.61203239881183,199.3166305175717,200.75125122070312,1270734.0
2025-01-21T00:00:00,200.55996954496658,202.9510040283203,200.27304248822088,202.9510040283203,1453532.0
2025-01-22T00:00:00,202.664069064338,205.5333103324148,201.51637547585042,202.28150939941406,2038412.0
2025-01-23T00:00:00,208.88076316832624,220.07081604003906,208.68948333156962,220.07081604003906,4715461.0
2025-01-24T00:00:00,221.4097935906772,221.88800048828125,217.58413840984477,221.88800048828125,3288754.0
2025-01-27T00:00:00,218.3492728931718,219.49696653145574,216.91465219688777,218.63619995117188,2866818.0
2025-01-28T00:00:00,219.97516660157265,221.6010670881454,219.11440004800937,220.6446533203125,2363337.0
2025-01-29T00:00:00,221.6967222262554,221.88800206791547,218.92311344417655,221.31414794921875,1792001.0
2025-01-30T00:00:00,221.8879925733964,223.51389304851003,218.92310407652417,221.218505859375,2017476.0
2025-01-31T00:00:00,222.7487526808987,222.7487526808987,218.9230977471351,219.97515869140625,1461672.0
2025-02-03T00:00:00,212.22821570658232,216.14951811157982,212.13258308311677,215.38438415527344,2172398.0
2025-02-04T00:00:00,215.48001738024993,217.01027059977926,212.99333583215605,216.72335815429688,1449001.0
2025-02-05T00:00:00,215.4800264756924,215.4800264756924,211.65437137481447,213.8541259765625,1785179.0
2025-02-06T00:00:00,214.23667479630575,220.83592367352725,213.8541151430842,220.54901123046875,1473792.0
2025-02-07T00:00:00,220.64466615041366,220.93159321619103,217.39286498818154,218.25363159179688,935648.0
2025-02-10T00:00:00,218.34926633235153,219.4969599361503,218.25361911798666,219.0187530517578,1362537.0
2025-02-11T00:00:00,218.6361933817302,219.3056801011365,217.010278299823,219.0187530517578,901286.0
2025-02-12T00:00:00,219.97515625170152,223.22695707184928,219.2100223546917,222.4618377685547,1421280.0
2025-02-13T00:00:00,224.757227825875,229.73057633136403,224.6615806148459,229.4436492919922,2486196.0
2025-02-14T00:00:00,229.53930385346305,231.83469105451132,227.91340336991087,228.774169921875,2297037.0
2025-02-17T00:00:00,228.39161760955992,229.06110434862055,227.33955659552436,228.1046905517578,1238550.0
2025-02-18T00:00:00,228.1046887254596,230.59137041487983,227.53083461444993,230.304443359375,1676007.0
2025-02-19T00:00:00,230.20878607874982,230.20878607874982,222.461843481096,223.70516967773438,2211493.0
2025-02-20T00:00:00,223.60953306517982,227.72211502425515,223.60953306517982,226.7657012939453,2036745.0
2025-02-21T00:00:00,227.05262623901902,228.67854134503685,225.52237294250057,226.00057983398438,2231738.0
2025-02-24T00:00:00,226.0005764888526,226.5744159939098,222.461848462994,223.89646911621094,1927669.0
2025-02-25T00:00:00,221.79235875872698,225.2354543441497,221.12287200426053,223.41827392578125,1899162.0
2025-02-26T00:00:00,224.94851584329555,227.14827043360629,224.6615887934783,226.86134338378906,1373136.0
2025-02-27T00:00:00,224.85288882477226,225.71365540195418,221.505440545506,223.51390075683594,1747655.0
2025-02-28T00:00:00,219.97516561556756,223.80082066975135,219.97516561556756,222.55747985839844,2761670.0
2025-03-03T00:00:00,222.55746819212237,226.670050078535,221.21849483083224,223.03567504882812,2045040.0
2025-03-04T00:00:00,219.97517098129066,220.64465771336003,210.1241060577331,211.36744689941406,2709415.0
2025-03-05T00:00:00,217.77541552814301,222.55748444441193,216.72336912279354,221.12286376953125,2704614.0
2025-03-06T00:00:00,223.32261203197723,225.8092936351301,220.1664437183496,224.75723266601562,2738294.0
2025-03-07T00:00:00,222.55748696275987,223.89647503069617,219.78389279742578,223.51390075683594,2731627.0
2025-03-10T00:00:00,223.51389664643395,224.47031042292167,220.5490226955517,221.69671630859375,1935091.0
2025-03-11T00:00:00,223.32261603939375,223.89647014079296,216.62771962707788,217.10592651367188,2251619.0
2025-03-12T00:00:00,219.68824768066406,221.8880023468111,217.48849301451705,219.68824768066406,2439866.0
2025-03-13T00:00:00,218.25361121195144,219.97515885214608,215.09744297054712,218.34925842285156,1919950.0
2025-03-14T00:00:00,218.82747475108394,224.08775051628444,218.34926786333844,223.32261657714844,2105881.0
2025-03-17T00:00:00,224.08774238738067,224.56594925777895,221.12285395342508,224.27902221679688,1313144.0
2025-03-18T00:00:00,225.33108976942788,226.9569902576639,222.17492141360742,223.89646911621094,2279880.0
2025-03-19T00:00:00,222.84441784274193,224.1833913399327,221.9836512507931,222.3662109375,2830794.0
2025-03-20T00:00:00,222.55747473660242,223.80081551934185,219.30567385286741,222.6531219482422,2241697.0
2025-03-21T00:00:00,220.35772952548206,221.79235019841803,216.91464866666536,218.15798950195312,3008079.0
2025-03-24T00:00:00,220.1664502312559,220.35773006937626,217.67978314825888,219.49696350097656,1569661.0
2025-03-25T00:00:00,219.11439554604402,222.0792694091797,216.24515430149722,222.0792694091797,1653266.0
2025-03-26T00:00:00,223.60953633394874,223.60953633394874,216.81899291199733,217.4884796142578,2070748.0
2025-03-27T00:00:00,214.33232193413795,215.09744124032287,211.845640407891,214.04539489746094,2502809.0
2025-03-28T00:00:00,211.3674451423099,212.6107859736549,207.73306986365364,208.68948364257812,2233187.0
2025-03-31T00:00:00,205.53331498363985,205.53331498363985,200.27303920645886,200.84689331054688,2866156.0
2025-04-01T00:00:00,202.66406625323225,203.33356754813627,199.02970570571895,201.51637268066406,2646144.0
2025-04-02T00:00:00,198.26456993976498,199.31661629073844,194.91712187139268,198.83840942382812,2638561.0
2025-04-03T00:00:00,189.27428564361065,192.90866101120776,184.87479090912277,185.8790283203125,3420835.0
2025-04-04T00:00:00,183.8227209524623,185.35298879928226,173.54127307725182,177.36692810058594,4862284.0
2025-04-07T00:00:00,162.35122600468722,179.61449625412007,160.77314923299656,168.3288116455078,6540116.0
2025-04-08T00:00:00,172.15448360166764,173.78038413916235,168.13754856970536,170.19383239746094,3065638.0
2025-04-09T00:00:00,162.78160833912574,168.32881070143884,162.6381521220366,166.1768798828125,3137818.0
2025-04-10T00:00:00,188.98736017462483,189.36991983174823,176.8887176513672,176.8887176513672,3302719.0
2025-04-11T00:00:00,178.41898459374724,178.41898459374724,167.65933011053204,174.73678588867188,4107953.0
2025-04-14T00:00:00,180.28399602635375,180.3318196336981,176.55398815295007,178.9450225830078,2841660.0
2025-04-15T00:00:00,178.7537314493751,182.4359303770404,178.03642110713247,181.04913330078125,2041789.0
2025-04-16T00:00:00,178.17988973693286,181.71861779632866,174.06730757332537,181.6229705810547,5553330.0
2025-04-17T00:00:00,180.28400865008697,181.90990925763083,176.9365602136132,178.17990112304688,1616649.0
2025-04-22T00:00:00,179.13630567251516,183.4879913330078,177.1756544855112,183.4879913330078,2745667.0
2025-04-23T00:00:00,186.50067838709427,192.43044062732545,185.78336808560545,189.08299255371094,3949927.0
2025-04-24T00:00:00,188.74826559476784,191.5696833311246,186.9310706538975,191.0914764404297,2159867.0
2025-04-25T00:00:00,193.2912348917222,195.20406249245684,191.76096697364792,194.53456115722656,2539574.0
2025-04-28T00:00:00,194.53456469755875,197.02124646125546,193.48251825423839,195.0127716064453,2332462.0
2025-04-29T00:00:00,196.0648218860497,196.92558843733136,193.29122780417242,193.57814025878906,2078541.0
2025-04-30T00:00:00,195.15315113048482,197.2695601282666,192.88907625956293,196.97425842285156,2190034.0
2025-05-02T00:00:00,201.6008376688314,203.07740628209856,198.0570669888171,201.2070770263672,1851647.0
2025-05-05T00:00:00,201.10864475538054,201.10864475538054,198.0570636643441,199.82894897460938,1470600.0
2025-05-06T00:00:00,199.2383083404941,199.533625051619,194.61172993431003,197.8601837158203,2041021.0
2025-05-07T00:00:00,197.26955005748192,201.20706614661674,196.87580445674118,199.43519592285156,2468457.0
2025-05-08T00:00:00,200.32113044552685,203.27426750369187,199.43519533625008,201.79769897460938,1611986.0
2025-05-09T00:00:00,202.38833416763416,204.75083782669245,201.9945735441698,202.88052368164062,1589335.0
2025-05-12T00:00:00,207.80242929720433,217.25245943025357,207.6055414653309,214.39776611328125,3416132.0
2025-05-13T00:00:00,214.20089330184052,215.97276362523976,212.03524731469443,214.39776611328125,2696106.0
2025-05-14T00:00:00,214.69307566143283,214.98837735850282,211.444621809773,212.4290008544922,2188306.0
2025-05-15T00:00:00,211.1493009707703,215.2836898738039,210.26336585598878,214.2008819580078,1495996.0
2025-05-16T00:00:00,214.29932063363717,216.07120596453996,211.64150014749927,212.52743530273438,1824177.0
2025-05-19T00:00:00,211.64149273299284,212.72431568072983,210.06648026727217,212.13368225097656,1450474.0
2025-05-20T00:00:00,212.4290088520564,214.29932309926394,210.1649339598775,211.2477569580078,1981148.0
2025-05-21T00:00:00,209.96805226854786,210.26336898467994,204.55396754771084,208.1961669921875,3816765.0
2025-05-22T00:00:00,207.11334303906233,207.70397646847252,202.5852084885018,203.9633331298828,2334436.0
2025-05-23T00:00:00,203.96333184940536,206.62115222420132,197.7617409612601,201.30551147460938,1489752.0
2025-05-26T00:00:00,205.5383434450149,206.22740575849866,203.47114148413164,205.24302673339844,972430.0
2025-05-27T00:00:00,205.2430305063393,207.11334468023858,204.35709537563588,205.8336639404297,1063422.0
2025-05-28T00:00:00,205.34147964959251,207.80242732027108,204.55397339088884,207.50711059570312,1339035.0
2025-05-30T00:00:00,204.16020918302323,207.7039797750356,202.58521171357617,206.12896728515625,7234806.0
2025-06-02T00:00:00,204.35709173957386,205.73521636735467,201.99457306568002,204.4555206298828,2003720.0
2025-06-03T00:00:00,204.4555338440207,205.73522966420038,201.6008404932169,204.94772338867188,2718612.0
2025-06-04T00:00:00,205.63678450111797,210.1649342926455,205.63678450111797,209.67274475097656,2169438.0
2025-06-05T00:00:00,210.5586797504881,212.0352483743216,208.58992158537671,210.4602508544922,2505279.0
2025-06-09T00:00:00,211.5430470578262,212.33055328412198,210.06647851618357,211.0508575439453,1916545.0
2025-06-10T00:00:00,211.1493013325135,211.83836364746094,208.98367047677922,211.83836364746094,1484368.0
2025-06-11T00:00:00,211.83837351204647,212.8227525850768,210.65712162849655,210.9524383544922,1125495.0
2025-06-12T00:00:00,209.18055349728718,210.26337648826976,207.1133514310233,208.5899200439453,1139596.0
2025-06-13T00:00:00,204.35709872825907,208.39304385931538,204.35709872825907,207.2117919921875,2786913.0
2025-06-16T00:00:00,207.21179687797186,211.54305883304377,207.0149240655473,210.4602508544922,1773260.0
2025-06-17T00:00:00,208.88523848021967,211.93681964674033,207.99930331338865,209.67274475097656,2419926.0
2025-06-18T00:00:00,209.9680504896714,210.75555671920773,206.12896325334384,207.11334228515625,1325095.0
2025-06-19T00:00:00,204.65240445805978,208.29461906567607,204.65240445805978,206.2274169921875,3033168.0
2025-06-23T00:00:00,206.2274171563627,207.605541859497,203.86491337372303,205.43991088867188,1756629.0
2025-06-24T00:00:00,211.149309986906,213.11806812198205,207.900856059944,208.29461669921875,2062049.0
2025-06-25T00:00:00,209.278997252268,210.65712194843047,207.40866799841018,209.37742614746094,1478984.0
2025-06-26T00:00:00,210.2633721098447,212.03524239210842,208.2946140002785,211.14930725097656,1824864.0
2025-06-27T00:00:00,212.92119694107538,215.97276306152344,212.33056348786212,215.97276306152344,1402588.0
2025-06-30T00:00:00,217.44932650948232,217.44932650948232,211.93681283229458,213.51181030273438,1964836.0
2025-07-01T00:00:00,213.01962280273438,213.61025624753648,210.65711906439083,213.01962280273438,1150739.0
2025-07-02T00:00:00,215.18526351358113,220.10715869897476,213.9055677612924,219.5165252685547,2040822.0
2025-07-03T00:00:00,220.50090038478538,220.99308989457285,218.6305862557657,219.71339416503906,1286800.0
2025-07-04T00:00:00,218.23682775977863,219.41807959067933,217.3508926417111,218.43370056152344,944390.0
2025-07-07T00:00:00,218.3352813720703,218.6305980980252,216.7602688472662,218.3352813720703,581001.0
2025-07-08T00:00:00,219.41808122696395,220.3040313720703,216.56338802929605,220.3040313720703,1254721.0
2025-07-09T00:00:00,220.8946567692309,225.9149960223449,220.10716553146852,223.060302734375,1792068.0
2025-07-10T00:00:00,224.63530422255693,229.9509602945181,224.0446857837387,229.45877075195312,1751591.0
2025-07-11T00:00:00,228.27749306364504,229.65563273006794,226.1118621826172,226.1118621826172,1433230.0
2025-07-14T00:00:00,224.73373614716047,225.6196712683296,223.55248431212428,224.24154663085938,1249256.0
2025-07-15T00:00:00,225.521240234375,227.98218779249595,225.4227963238774,225.521240234375,1663761.0
2025-07-16T00:00:00,224.14310873252367,233.59315370719403,218.33527829253677,230.93533325195312,3716076.0
2025-07-17T00:00:00,234.77440811430773,237.82598923843193,232.21501652501436,235.46347045898438,2064273.0
2025-07-18T00:00:00,237.3337924670781,240.1884856738817,232.90408678866635,233.4947052001953,2010316.0
2025-07-21T00:00:00,234.7743967926153,236.15252141551034,233.98689057077593,235.26658630371094,1321956.0
2025-07-22T00:00:00,235.26658690305794,235.26658690305794,231.7228164059688,232.90408325195312,1059123.0
2025-07-23T00:00:00,234.28221054813784,237.62909326208126,233.88846494194405,237.43222045898438,1352731.0
2025-07-24T00:00:00,240.28692651397174,240.77911602750265,238.02285174764307,238.7119140625,1025839.0
2025-07-25T00:00:00,238.12128776614125,240.97599604233417,236.25097356690952,240.68067932128906,1478765.0
2025-07-28T00:00:00,245.11037786431368,245.70101128902698,235.95564990384932,237.92440795898438,1022106.0
2025-07-29T00:00:00,238.21972706032741,244.02755737304688,238.12128314841064,244.02755737304688,633941.0
2025-07-30T00:00:00,238.8103694827565,240.87755652695455,237.4322297661918,238.1212921142578,929256.0
2025-07-31T00:00:00,238.5150515831086,240.38536580729271,234.87285202944693,235.46347045898438,1452589.0
2025-08-01T00:00:00,233.10096638763693,233.69158481638303,227.88375432133415,229.6556396484375,1503148.0
2025-08-04T00:00:00,231.4275192732741,231.4275192732741,228.08062151111542,228.76968383789062,1197462.0
2025-08-05T00:00:00,229.85250438357835,232.80564148486627,229.1634420640309,231.6243896484375,1276156.0
2025-08-06T00:00:00,232.8056456996746,234.47908708328137,228.5728127737759,229.85250854492188,1407112.0
2025-08-07T00:00:00,230.73844062539519,237.13690437589943,230.73844062539519,235.06971740722656,1481061.0
2025-08-08T00:00:00,235.06971878298677,237.2353496763609,234.57752926083666,236.94003295898438,981470.0
2025-08-11T00:00:00,233.8884625199746,235.56190385961747,231.32907104492188,231.32907104492188,1410449.0
2025-08-12T00:00:00,231.91971350239885,234.28221724798706,231.6243967790922,233.59315490722656,973333.0
2025-08-13T00:00:00,234.77440866735162,234.9712814776612,233.69158568,233.8884735107422,835100.0
2025-08-14T00:00:00,233.39628194731264,235.5619128827711,233.1009652241973,234.3806610107422,949421.0
2025-08-15T00:00:00,236.0540963142539,238.0228543902353,235.36503399174686,235.8572235107422,1513486.0
2025-08-18T00:00:00,235.8572259521776,236.1525276502859,232.2150114575646,233.0025177001953,1195671.0
2025-08-19T00:00:00,233.8884759516658,238.51505463417192,232.90409686941206,238.41661071777344,1137774.0
2025-08-20T00:00:00,236.4478453167123,238.7119201406898,235.85722689769574,237.2353515625,1025107.0
2025-08-21T00:00:00,237.03847154774158,238.12127945989286,234.38065119191154,235.26658630371094,1393872.0
2025-08-22T00:00:00,234.47909222930588,239.69630432128906,234.47909222930588,239.69630432128906,1803118.0
2025-08-25T00:00:00,238.41660327845798,239.69629904954405,237.23535142069863,238.02285766601562,802665.0
2025-08-26T00:00:00,236.84161173145293,239.4009883172005,235.66034482371887,237.33380126953125,2481635.0
2025-08-27T00:00:00,237.23535751570915,238.416609403817,235.16815544619587,236.54629516601562,2205295.0
2025-08-28T00:00:00,237.6291046142578,238.90880042617022,236.2509799063108,237.6291046142578,1047159.0
2025-08-29T00:00:00,236.25097114436068,237.03847738559497,234.67595866189203,235.3650360107422,1704584.0
2025-09-01T00:00:00,235.26658630371094,236.54628203664595,234.7743967926153,235.26658630371094,749414.0
2025-09-02T00:00:00,235.56190385961747,236.74315568639875,231.13219824386363,231.32907104492188,1672244.0
2025-09-03T00:00:00,232.3134589693672,235.3650400741717,232.11658616076778,234.3806610107422,1716638.0
2025-09-04T00:00:00,234.7744005607796,237.43222095926805,234.38065495375616,235.8572235107422,933880.0
2025-09-05T00:00:00,237.23535142069863,239.7947429628708,236.5462890887084,238.02285766601562,1508999.0
2025-09-08T00:00:00,240.18848350935377,243.7322540283203,238.7119149631897,243.7322540283203,1087106.0
2025-09-09T00:00:00,243.7322634951522,245.0119442685197,241.96037816684694,243.63381958007812,1788937.0
2025-09-10T00:00:00,245.3072494409792,245.99631175274976,243.24006250566754,244.2244415283203,2097686.0
2025-09-11T00:00:00,244.8150653626422,246.09476112457642,242.35411775139642,245.11038208007812,1687494.0
2025-09-12T00:00:00,245.60256756591798,246.39007379266062,244.32287182501517,246.09475708007812,1147126.0
2025-09-15T00:00:00,251.90259963473386,253.57605608090785,249.54009585962058,251.31198120117188,3193576.0
2025-09-16T00:00:00,252.09948042296057,252.69011386045355,248.5557098388672,248.5557098388672,1460507.0
2025-09-17T00:00:00,248.75259048156676,249.73696956144664,248.16197204589844,248.16197204589844,1384622.0
2025-09-18T00:00:00,251.410401767417,254.8557284205672,251.016656158087,253.2807159423828,2058948.0
2025-09-19T00:00:00,254.36353687210428,255.4463598197829,252.7885244064684,253.7729034423828,2709844.0
2025-09-22T00:00:00,255.15106599321692,255.15106599321692,251.50885143167636,253.37916564941406,1394204.0
2025-09-23T00:00:00,253.37916067351608,259.0885771702717,252.49322553944532,258.3010559082031,2942859.0
2025-09-24T00:00:00,257.7104172928358,257.7104172928358,254.46197851956984,255.84010314941406,2691699.0
2025-09-25T00:00:00,255.8401075678215,256.52918491507603,252.09947921637664,254.0682373046875,2278892.0
2025-09-26T00:00:00,254.65887747827213,258.6948076334188,254.46198964788513,256.8244934082031,2894308.0
2025-09-29T00:00:00,258.3995021402167,259.77762681012496,256.2338562011719,256.2338562011719,2258863.0
2025-09-30T00:00:00,254.36353599872757,257.7104187011719,254.06823430531284,257.7104187011719,3039999.0
2025-10-01T00:00:00,256.922941072949,258.59639753306544,255.15107073706804,257.4151306152344,2175304.0
2025-10-02T00:00:00,259.08857662278103,261.94326984469427,258.8916887974638,261.4510803222656,2859108.0
2025-10-03T00:00:00,262.8292191767657,265.78235647088667,262.14014179179105,265.38861083984375,1316444.0
2025-10-06T00:00:00,264.0104615197699,266.56982290359275,262.6323068781875,265.4870300292969,1443509.0
2025-10-07T00:00:00,265.5854423000976,265.9792179329607,259.1869787972923,262.8291931152344,2274665.0
2025-10-08T00:00:00,269.91674072080457,269.91674072080457,265.2901472861113,267.16046142578125,2437380.0
2025-10-09T00:00:00,268.04640673045856,270.0151648556646,264.60108001134796,264.69952392578125,1384584.0
2025-10-10T00:00:00,264.8964028964788,268.9323629263612,262.238567499983,262.4354553222656,2335720.0
2025-10-13T00:00:00,263.61671284857755,265.1917254280125,262.2385881068968,263.3214111328125,1605896.0
2025-10-14T00:00:00,260.565153901444,263.71514892578125,259.08858528479254,263.71514892578125,1683681.0
2025-10-15T00:00:00,266.7667352111846,267.7511143079048,265.191722648259,266.963623046875,2193203.0
2025-10-16T00:00:00,267.3573605319346,268.932373046875,265.88079193184024,268.932373046875,1739658.0
2025-10-17T00:00:00,266.5698262280639,270.2120406133322,264.6995121008438,266.07763671875,2981143.0
2025-10-20T00:00:00,266.27453029134404,276.80739803455623,258.5963857965161,275.1339416503906,4459302.0
2025-10-21T00:00:00,277.5948869619611,279.2683433323327,274.8386376893227,277.2011413574219,3077272.0
2025-10-22T00:00:00,277.20113376548863,278.57925836406406,275.133931847194,276.0198669433594,2257129.0
2025-10-23T00:00:00,276.41361389411713,280.74490556927947,276.31520002584256,280.2527160644531,1989641.0
2025-10-24T00:00:00,282.4183387396193,283.5996055963182,280.64646849543504,283.00897216796875,1867695.0
2025-10-27T00:00:00,284.38709680687475,285.76522144578075,283.00897216796875,283.00897216796875,1501021.0
2025-10-28T00:00:00,281.5324180586167,285.3714904785156,281.2371163497266,285.3714904785156,1844225.0
2025-10-29T00:00:00,284.48555939651465,284.5840033145136,280.5480430034833,284.3871154785156,1443835.0
2025-10-30T00:00:00,284.2886624894482,284.8792959377302,282.71368001518294,283.69805908203125,973873.0
2025-10-31T00:00:00,284.19023498824345,284.4855366777919,282.12303303881345,283.99334716796875,971390.0
2025-11-03T00:00:00,282.91053054411276,282.91053054411276,279.7605356355509,280.9417724609375,1653173.0
2025-11-04T00:00:00,275.9214457110461,278.5792812588371,274.54332099921083,276.41363525390625,1575187.0
2025-11-05T00:00:00,274.64176677486023,284.7808594100589,273.85427551730015,283.3042907714844,2352915.0
2025-11-06T00:00:00,282.5167962494833,285.1746317845529,281.92616279270504,282.71368408203125,1302982.0
2025-11-07T00:00:00,283.0089665944624,285.1746124421393,279.4651961350199,281.33551025390625,1503045.0
2025-11-10T00:00:00,284.6824431441502,286.1590117703318,284.19025360208974,285.3714904785156,1098772.0
2025-11-11T00:00:00,285.86368341336464,288.12777335823387,284.38711476965835,287.5371398925781,1370674.0
2025-11-12T00:00:00,288.52149549287407,290.1949217949475,287.34022865775813,288.7183532714844,1189427.0
2025-11-13T00:00:00,288.91525945543026,290.1949402407606,283.59961844125473,284.2886657714844,1634783.0
2025-11-14T00:00:00,282.91053780403354,283.796472956024,279.0714654514981,283.69805908203125,1521451.0
2025-11-17T00:00:00,283.10741455776696,283.30427233891595,279.56364404758256,280.35113525390625,1474781.0
2025-11-18T00:00:00,275.4292593954897,276.51208241064296,271.68863084226865,272.7714538574219,2519077.0
2025-11-19T00:00:00,272.67299806879066,276.11832475919056,271.1964294871907,274.1495666503906,1938571.0
2025-11-20T00:00:00,277.98864276512643,278.0870866800889,274.7402038574219,274.7402038574219,1384249.0
2025-11-21T00:00:00,269.4245709349295,273.36208732394783,268.4401918376749,272.7714538574219,2153908.0
2025-11-24T00:00:00,275.6261251320618,278.1855165878894,272.8698758970867,276.6105041503906,2654837.0
2025-11-25T00:00:00,277.2011391063296,279.8589444460338,275.62612666009915,279.2683410644531,1106378.0
2025-11-26T00:00:00,281.23711953439727,282.1230547119652,279.9574086860294,281.72930908203125,1667837.0
2025-11-27T00:00:00,281.7293094375896,282.31991286280305,279.5636634089206,280.154296875,1066319.0
2025-11-28T00:00:00,280.15429483033705,280.7449282921057,279.46521745146254,280.646484375,1840903.0
2025-12-01T00:00:00,279.66209346164555,282.02459716796875,277.6933353662322,282.02459716796875,1636390.0
2025-12-02T00:00:00,281.8277258490801,284.09181581593475,280.7449328658738,283.8949279785156,1518898.0
2025-12-03T00:00:00,284.5840029578861,286.8480628646955,283.6980677787375,285.9621276855469,1527649.0
2025-12-04T00:00:00,287.93087595609614,289.4074445507428,285.96211782990065,286.8480529785156,1613638.0
2025-12-05T00:00:00,287.6355821098748,287.6355821098748,284.38711308840584,286.4543151855469,1942235.0
2025-12-08T00:00:00,287.04494050682644,289.8011898642673,286.2574192326541,288.4230651855469,1255403.0
2025-12-09T00:00:00,288.4230522891531,289.1121296181347,286.4542942530496,287.14337158203125,1900338.0
2025-12-10T00:00:00,287.7339711565288,288.2261606590482,284.5839763649222,286.552734375,1683350.0
2025-12-11T00:00:00,288.0293311304881,289.4074558645269,286.0605729273281,288.6199645996094,1407534.0
2025-12-12T00:00:00,290.2933625778026,291.6714871766844,285.6667992786376,286.552734375,1884063.0
2025-12-15T00:00:00,287.24180609701455,288.816818647276,285.96212529791404,288.0293273925781,2887217.0
2025-12-16T00:00:00,286.35586922759217,287.0449466020169,284.7808566866682,286.9465026855469,2459409.0
2025-12-17T00:00:00,286.94648882528463,287.83242394899094,279.6620899713405,279.85894775390625,2126290.0
2025-12-18T00:00:00,280.6464743509175,290.8840105060716,280.252728737424,290.4902648925781,2919786.0
2025-12-19T00:00:00,290.8840142698827,292.06528116651253,288.9152561360764,291.0809020996094,3213548.0
2025-12-22T00:00:00,291.76994333798905,293.7387014307432,289.5058835476676,292.5574645996094,1327377.0
2025-12-23T00:00:00,292.6558878670423,293.3449652379743,291.4746509979858,291.6715087890625,1124009.0
2025-12-29T00:00:00,293.0496571246298,295.11682911050497,292.2621358549426,294.72308349609375,1233415.0
2025-12-30T00:00:00,294.2309014552426,297.1840386997734,293.44341020638063,295.90435791015625,1571854.0
2026-01-02T00:00:00,295.9043345091851,297.6762046994328,294.0340204103986,297.0855712890625,1091000.0
2026-01-05T00:00:00,298.6606078886054,302.0074907639163,298.26686226342747,300.1371765136719,1083963.0
2026-01-07T00:00:00,308.89814526933736,313.42629507456,303.4840602946042,311.75286865234375,3266227.0
2026-01-08T00:00:00,309.4887530296785,310.0793864405951,304.76374582407186,306.0434265136719,2152489.0
2026-01-09T00:00:00,304.46842635348145,311.45752357544603,303.1887456123724,310.47314453125,1928565.0
2026-01-12T00:00:00,310.4731404998359,312.6387863852925,308.7012702596361,311.45751953125,1635836.0
2026-01-13T00:00:00,314.80439570647405,317.75753273952114,311.26065529950824,316.0841064453125,2785858.0
2026-01-14T00:00:00,317.7575589542257,319.72631713867787,316.28099031588664,318.6435241699219,3166237.0
2026-01-15T00:00:00,319.9232034668712,324.6482110709587,318.84038046234866,323.3685302734375,2244708.0
2026-01-16T00:00:00,324.1560139887714,324.64820352112054,320.5138294739071,322.187255859375,2173197.0
2026-01-19T00:00:00,314.8044223734316,316.5763227678748,312.04817292545215,315.4934997558594,1890814.0
2026-01-20T00:00:00,312.83564868212216,316.2809753417969,309.4887659351824,316.2809753417969,3022829.0
2026-01-21T00:00:00,316.2809685834739,322.58101837352206,316.1825547137062,322.4825744628906,2548230.0
2026-01-22T00:00:00,325.0419901385566,327.9951274322169,322.18726672199216,325.5341796875,3037794.0
2026-01-23T00:00:00,325.5341637692376,327.99511139361687,324.64819859176936,327.89666748046875,1796007.0
2026-01-26T00:00:00,324.0575956075032,333.7044982910156,322.97477264322373,333.7044982910156,3592820.0
2026-01-27T00:00:00,337.54356898568426,340.0045166015625,330.5544717484172,340.0045166015625,5631707.0
2026-01-28T00:00:00,344.5326621345478,345.22173947516256,338.42950010324734,340.9888916015625,3858288.0
2026-01-29T00:00:00,342.85921741352684,352.7030080948324,342.85921741352684,348.5686340332031,7846369.0
2026-01-30T00:00:00,346.5014174143343,348.47017546782484,340.8904449455407,346.20611572265625,4441812.0
2026-02-02T00:00:00,339.7092130942959,349.4545595930851,333.31074932709856,347.8795471191406,4293171.0
2026-02-03T00:00:00,354.37645945024644,361.26711282844565,351.6202101153126,360.0858459472656,3206603.0
2026-02-04T00:00:00,364.2202602158584,372.8827841181596,362.2515020525294,365.00775146484375,5322072.0
2026-02-05T00:00:00,362.5467895117297,364.61399151015223,357.5264804252434,361.0702209472656,2388438.0
2026-02-06T00:00:00,361.56242064675513,367.4686950708733,359.2983608005226,365.99212646484375,1915667.0
2026-02-09T00:00:00,368.9452564089327,374.0640394920113,366.1890070816532,373.76873779296875,2645619.0
2026-02-10T00:00:00,374.35934621033783,376.8202938715703,373.17810935746525,375.4421691894531,2565190.0
2026-02-11T00:00:00,375.3437333195478,385.9750454684513,373.9656086078934,380.85626220703125,2689244.0
2026-02-12T00:00:00,382.9234447523777,383.9078237877309,374.654666863584,375.24530029296875,2262235.0
2026-02-13T00:00:00,373.76872464587706,374.0640263345326,362.34992204433445,370.91400146484375,2534988.0
2026-02-16T00:00:00,370.9140188425818,374.06404385985286,370.22497152314844,371.2093505859375,1588092.0
2026-02-17T00:00:00,368.05933024717683,368.649963700531,361.4640084671738,367.074951171875,2403830.0
2026-02-18T00:00:00,367.37027918417164,373.9656008971243,366.9765035253619,373.8671569824219,1598544.0
2026-02-19T00:00:00,372.78435524572797,373.6702903754121,369.14214077374794,371.60308837890625,2487311.0
2026-02-20T00:00:00,371.7015300138734,376.32809345870555,369.7327719418093,373.6702880859375,2155174.0
2026-02-23T00:00:00,375.0484290298238,379.67502271661664,373.1781147882419,377.1156311035156,1919754.0
2026-02-24T00:00:00,378.49375372837636,385.384407242287,378.1984520226977,384.99066162109375,2053729.0
2026-02-25T00:00:00,386.17190247119066,393.6531895145544,386.17190247119066,391.3891296386719,1661607.0
2026-02-26T00:00:00,389.51880760101983,393.9485133885635,387.8453511760462,391.7828674316406,1992295.0
2026-02-27T00:00:00,392.76723461912894,397.6891297897947,390.0109853399017,393.1609802246094,3005163.0
2026-03-02T00:00:00,386.860977574016,390.89693780115465,381.7421943531281,386.073486328125,2078347.0
2026-03-03T00:00:00,374.3593452594651,377.6078141885598,365.20463199927923,372.78436279296875,3021029.0
2026-03-04T00:00:00,371.7999661596688,377.5093524330541,366.18899375513985,374.06402587890625,3968917.0
2026-03-05T00:00:00,373.867166328915,381.4468973375165,368.7484130859375,368.7484130859375,1848735.0
2026-03-06T00:00:00,369.83122053580746,371.99683641797714,355.0655348083869,360.5780334472656,2413676.0
2026-03-09T00:00:00,347.87956501356217,354.08117131605826,345.32017336685897,352.40771484375,2382848.0
2026-03-10T00:00:00,367.96089197447066,376.03281253208155,363.137440439693,374.5562438964844,2661464.0
2026-03-11T00:00:00,371.79997593621306,376.22968162231155,368.8468388121474,373.1781005859375,2012055.0
2026-03-12T00:00:00,372.09527937549575,378.789044871725,367.8624614941838,374.26092529296875,1559426.0
2026-03-13T00:00:00,368.94526025236087,369.43744978313555,349.25767902137335,350.6358337402344,3020949.0
2026-03-16T00:00:00,352.8014496511241,355.06553951720656,349.651454678685,350.6358337402344,1757300.0
2026-03-17T00:00:00,349.35612558362385,352.6045945358773,346.89517791109785,346.9936218261719,2056989.0
2026-03-18T00:00:00,354.17958313925,361.4640124086057,350.8327002549022,352.89990234375,2456338.0
2026-03-19T00:00:00,344.5326545303646,345.02484403683656,330.9482361680842,332.4248046875,3035698.0
2026-03-20T00:00:00,337.24826430032664,338.62638894483626,327.1091421882156,328.88104248046875,3472823.0
2026-03-23T00:00:00,319.43099052027657,344.13890981676644,316.5762973835839,336.6576232910156,2600333.0
2026-03-24T00:00:00,336.65764936897426,339.217041015625,329.66855180957384,339.217041015625,1461967.0
2026-03-25T00:00:00,344.04049406851317,350.2420703572644,344.04049406851317,347.6827087402344,2220554.0
2026-03-26T00:00:00,345.91078269378744,347.19049344827874,340.6935858879349,341.9732666015625,1686509.0
2026-03-27T00:00:00,341.9732655345187,343.0560884646746,336.55918092460274,339.3154602050781,1676697.0
2026-03-30T00:00:00,338.33110752938865,344.2373821091915,335.9685736647747,340.29986572265625,2014530.0
2026-03-31T00:00:00,341.0873516590795,352.7030128016861,340.29986041041195,351.81707763671875,2440486.0
2026-04-01T00:00:00,365.49993692950056,367.76402681659835,361.46400677237864,365.99212646484375,2143747.0
2026-04-02T00:00:00,346.8951762539842,360.6764831542969,346.8951762539842,360.6764831542969,1569354.0
2026-04-07T00:00:00,361.56241568375265,368.35465521094676,360.0858470979913,364.3186950683594,2923872.0
2026-04-08T00:00:00,383.71095373428614,389.51881434452787,380.1672130755925,387.1562805175781,2593346.0
2026-04-09T00:00:00,385.8765826159782,390.60158997860367,382.6281438092812,388.43597412109375,1667165.0
2026-04-10T00:00:00,391.78284934855395,398.6735024777999,389.026600113201,396.2125549316406,1553145.0
2026-04-13T00:00:00,389.125017145151,392.5703437377774,385.97502228498223,390.995361328125,2296357.0
2026-04-14T00:00:00,395.6219394675465,397.4922536793383,391.19223368341926,393.3578796386719,1762929.0
2026-04-15T00:00:00,393.9485047879543,395.8188189603563,386.86096366627226,387.94378662109375,2657551.0
2026-04-16T00:00:00,390.40473321419904,391.0937805175781,385.3843941027717,391.0937805175781,2603576.0
2026-04-17T00:00:00,389.7156580620464,397.98443603515625,385.1875084450758,397.98443603515625,3218874.0
2026-04-20T00:00:00,391.9797396354739,394.735988888173,388.82971474022025,392.5703430175781,1404645.0
2026-04-21T00:00:00,393.7516231410298,395.3266356417669,383.51408694753604,386.46722412109375,1842003.0
2026-04-22T00:00:00,390.2078658002583,395.2282051742816,371.5046630647381,386.1719055175781,3120077.0
2026-04-23T00:00:00,384.59691565660046,395.0313097928018,383.4156487532098,393.9485168457031,1875269.0
2026-04-24T00:00:00,391.4875680747637,395.03130869334217,385.4828497408267,389.7156677246094,1360779.0
2026-04-27T00:00:00,390.5031925089105,392.76725237341356,383.2187632943553,384.49847412109375,1472850.0
2026-04-28T00:00:00,386.4672281832095,386.5656720982024,373.57185638162593,378.1000061035156,1964681.0
2026-04-29T00:00:00,379.6000061035156,387.79998779296875,377.29998779296875,380.29998779296875,1867615.0
2026-04-30T00:00:00,376.1000061035156,387.70001220703125,373.5,383.1000061035156,2317109.0
2026-05-04T00:00:00,385.0,385.20001220703125,371.8999938964844,373.1000061035156,2047708.0
2026-05-05T00:00:00,374.0,382.3999938964844,373.3999938964844,381.79998779296875,1705877.0
2026-05-06T00:00:00,386.20001220703125,404.6000061035156,386.20001220703125,404.1000061035156,1905226.0
2026-05-07T00:00:00,404.8999938964844,408.79998779296875,383.8999938964844,384.29998779296875,2430959.0
2026-05-08T00:00:00,382.6000061035156,383.0,367.3999938964844,369.0,3367997.0
2026-05-11T00:00:00,369.0,371.29998779296875,358.8999938964844,368.1000061035156,3231362.0
2026-05-12T00:00:00,365.0,365.3999938964844,357.3999938964844,360.0,2696034.0
2026-05-13T00:00:00,365.0,366.3999938964844,358.70001220703125,360.29998779296875,1827896.0
2026-05-15T00:00:00,358.0,360.29998779296875,349.20001220703125,353.70001220703125,3882604.0
2026-05-18T00:00:00,350.0,362.79998779296875,348.20001220703125,361.70001220703125,2262921.0
2026-05-19T00:00:00,360.29998779296875,367.29998779296875,356.5,360.6000061035156,2030852.0
2026-05-20T00:00:00,361.8999938964844,374.6000061035156,360.3999938964844,370.3999938964844,1939601.0
2026-05-21T00:00:00,368.6000061035156,377.6000061035156,367.3999938964844,376.3999938964844,2567996.0
2026-05-22T00:00:00,374.5,382.3999938964844,370.20001220703125,382.3999938964844,2533615.0
2026-05-25T00:00:00,386.1000061035156,391.5,385.1000061035156,389.70001220703125,846886.0
2026-05-26T00:00:00,389.70001220703125,389.70001220703125,385.8999938964844,387.70001220703125,1750587.0
2026-05-27T00:00:00,387.0,391.8999938964844,383.3999938964844,387.29998779296875,1721495.0
2026-05-28T00:00:00,383.6000061035156,385.1000061035156,374.3999938964844,376.20001220703125,1588036.0
2026-05-29T00:00:00,377.0,380.20001220703125,371.70001220703125,376.5,3681769.0
2026-06-01T00:00:00,376.5,376.8999938964844,365.3999938964844,369.29998779296875,1686133.0
2026-06-02T00:00:00,373.1000061035156,383.70001220703125,373.1000061035156,382.6000061035156,1517595.0
2026-06-03T00:00:00,381.5,383.29998779296875,377.20001220703125,380.5,1362212.0
2026-06-04T00:00:00,379.79998779296875,385.8999938964844,378.0,382.29998779296875,1326544.0
2026-06-05T00:00:00,382.79998779296875,385.8999938964844,375.1000061035156,379.79998779296875,1862617.0
2026-06-08T00:00:00,372.0,378.29998779296875,371.3999938964844,376.20001220703125,1161922.0
2026-06-09T00:00:00,376.6000061035156,380.79998779296875,369.8999938964844,369.8999938964844,1594231.0
2026-06-10T00:00:00,369.0,373.6000061035156,365.0,365.0,1284256.0
2026-06-11T00:00:00,364.1000061035156,370.5,363.29998779296875,369.0,788596.0
2026-06-12T00:00:00,380.8999938964844,389.29998779296875,376.20001220703125,378.6000061035156,1919997.0
2026-06-15T00:00:00,389.8999938964844,394.3999938964844,388.29998779296875,388.29998779296875,2307181.0
2026-06-16T00:00:00,389.5,397.20001220703125,389.5,390.70001220703125,1999624.0
2026-06-17T00:00:00,389.5,398.79998779296875,387.29998779296875,397.29998779296875,2257539.0
2026-06-18T00:00:00,399.70001220703125,406.70001220703125,397.1000061035156,406.70001220703125,3855348.0
2026-06-22T00:00:00,406.70001220703125,406.70001220703125,396.3999938964844,405.0,1435685.0
2026-06-23T00:00:00,398.79998779296875,398.8999938964844,390.29998779296875,393.0,1706448.0
2026-06-24T00:00:00,394.20001220703125,398.3999938964844,383.5,386.8999938964844,2110223.0
2026-06-25T00:00:00,389.6000061035156,398.70001220703125,389.0,396.5,2142229.0
2026-06-26T00:00:00,393.5,393.5,384.20001220703125,385.70001220703125,2480383.0
2026-06-29T00:00:00,387.0,391.0,385.70001220703125,389.79998779296875,1245846.0
2026-06-30T00:00:00,394.79998779296875,402.1000061035156,393.79998779296875,399.8999938964844,1488966.0
2026-07-01T00:00:00,400.79998779296875,401.1000061035156,392.5,395.6000061035156,1179298.0
2026-07-02T00:00:00,391.79998779296875,403.0,387.20001220703125,394.6000061035156,1271990.0
2026-07-03T00:00:00,400.6000061035156,413.1000061035156,399.20001220703125,411.79998779296875,1759291.0
2026-07-06T00:00:00,411.0,412.3999938964844,404.6000061035156,406.6000061035156,828167.0
2026-07-07T00:00:00,404.0,404.0,387.8999938964844,387.8999938964844,1628693.0
2026-07-08T00:00:00,386.70001220703125,387.79998779296875,378.1000061035156,378.6000061035156,1340727.0
2026-07-09T00:00:00,385.0,389.8999938964844,383.3999938964844,389.0,1176385.0
2026-07-10T00:00:00,389.0,393.5,387.20001220703125,390.8999938964844,885084.0
2026-07-13T00:00:00,381.5,390.79998779296875,381.5,389.29998779296875,988651.0
2026-07-14T00:00:00,386.0,394.8999938964844,383.3999938964844,390.79998779296875,1539629.0
2026-07-15T00:00:00,389.79998779296875,391.8999938964844,383.29998779296875,384.1000061035156,1409279.0
2026-07-16T00:00:00,384.1000061035156,384.20001220703125,372.8999938964844,372.8999938964844,3374203.0
2026-07-17T00:00:00,365.20001220703125,373.8999938964844,338.1000061035156,338.1000061035156,5383367.0
2026-07-20T00:00:00,340.0,342.8999938964844,335.5,335.5,5174062.0
2026-07-21T00:00:00,337.29998779296875,347.0,334.8999938964844,346.8999938964844,1667295.0
2026-07-22T00:00:00,342.0,351.5,340.5,349.3999938964844,1788390.0
2026-07-23T00:00:00,349.3999938964844,349.8999938964844,340.29998779296875,343.8999938964844,2015999.0
2026-07-24T00:00:00,342.0,350.8999938964844,339.79998779296875,349.70001220703125,1594183.0
2026-07-27T00:00:00,353.20001220703125,357.79998779296875,350.70001220703125,352.5,2089289.0
2026-07-28T00:00:00,351.5,351.8999938964844,344.5,348.3999938964844,1572550.0
2026-07-29T00:00:00,348.1000061035156,351.6000061035156,345.3999938964844,346.79998779296875,1936070.0
2026-07-30T00:00:00,346.8999938964844,358.0,346.3999938964844,355.0,1645315.0
2026-08-03T00:00:00,360.20001220703125,360.79998779296875,354.20001220703125,357.0,1186856.0
2026-08-04T00:00:00,361.20001220703125,370.6000061035156,360.6000061035156,369.5,1639683.0
2026-08-05T00:00:00,373.0,379.0,371.70001220703125,374.5,1799388.0
2026-08-06T00:00:00,372.8999938964844,373.20001220703125,367.1000061035156,367.70001220703125,1921821.0
2026-08-07T00:00:00,366.5,370.5,364.8999938964844,365.29998779296875,1425520.0
2026-08-10T00:00:00,365.0,369.79998779296875,364.3999938964844,367.1000061035156,1059888.0
2026-08-11T00:00:00,365.70001220703125,369.20001220703125,364.70001220703125,368.70001220703125,189943.0
