timestamp,open,high,low,close,volume
2018-01-02T00:00:00,54.70507625304343,55.02030899775742,54.29285089731972,54.65658187866211,4893740.0
2018-01-03T00:00:00,54.82631897559821,54.82631897559821,53.68663167668591,54.0261116027832,3876901.0
2018-01-04T00:00:00,54.29285049956458,55.3840395733505,54.09886141671924,54.94756317138672,4483822.0
2018-01-05T00:00:00,55.238549982639526,55.48103730727097,54.97181547044379,55.38404083251953,1839637.0
2018-01-08T00:00:00,55.675028610690156,55.990261372809556,55.43254127640642,55.79627227783203,5515794.0
2018-01-09T00:00:00,55.91751041624862,57.008703312636044,55.82051394722652,56.960205078125,6317675.0
2018-01-10T00:00:00,56.911712854985275,57.46943295515491,56.64497833037072,57.372440338134766,5222936.0
2018-01-11T00:00:00,57.445179862045094,57.542172469096,56.30548872790674,56.86320877075195,6892341.0
2018-01-12T00:00:00,56.98445683292659,56.98445683292659,56.256998705925355,56.47523498535156,3427223.0
2018-01-15T00:00:00,56.37823640274241,56.37823640274241,55.33554555846233,55.96601104736328,4171578.0
2018-01-16T00:00:00,55.772024117438484,55.990260397142556,55.57803502584134,55.820518493652344,3869281.0
2018-01-17T00:00:00,55.699272901691934,56.01450562555406,55.33554194440944,55.86901092529297,4928862.0
2018-01-18T00:00:00,56.03875029327137,56.790459359648175,55.91750664629145,56.305484771728516,4499769.0
2018-01-19T00:00:00,56.23274738678136,56.37823823903665,55.772023779808166,56.01451110839844,3725090.0
2018-01-22T00:00:00,56.087252465357004,57.12994713019753,55.89326338900827,56.86320877075195,3532362.0
2018-01-23T00:00:00,57.22694991298024,57.396691833310406,56.741975204749814,57.081459045410156,4025084.0
2018-01-24T00:00:00,57.08144619710822,57.251188079231675,56.66921701545035,56.74196243286133,3173219.0
2018-01-25T00:00:00,56.42673509526234,56.49948051960838,55.45678580465617,55.675025939941406,6159754.0
2018-01-26T00:00:00,55.8932673231635,56.281245503169565,55.214303577029284,56.11150360107422,3546892.0
2018-01-29T00:00:00,56.03874954101674,56.64496776777854,55.94175307983621,56.135746002197266,3089193.0
2018-01-30T00:00:00,55.917511545661334,56.11150062537676,55.359791493136846,55.52953338623047,9111680.0
2018-01-31T00:00:00,55.62653066644127,56.37823986180919,55.52953804956168,55.6022834777832,4205699.0
2018-02-01T00:00:00,55.990261583418594,56.66922534951754,55.86901791582066,56.25699996948242,4399770.0
2018-02-02T00:00:00,56.30549200450889,56.30549200450889,55.38404094154492,55.9417610168457,3798374.0
2018-02-05T00:00:00,55.844766571688425,56.01450846614418,55.214301091992205,55.238548278808594,7878287.0
2018-02-06T00:00:00,53.492635396551876,54.85056264268151,53.44413716728014,53.73512268066406,7088194.0
2018-02-07T00:00:00,53.6866351757151,54.317100695448566,52.134718564737604,54.2201042175293,10098903.0
2018-02-08T00:00:00,54.31710373787348,54.63233651539712,52.983423334140966,53.49264907836914,6282610.0
2018-02-09T00:00:00,53.37140080823441,53.44414623335904,52.5711934073691,52.76518249511719,6309110.0
2018-02-12T00:00:00,53.34715100991256,53.80787848358941,52.91067458667763,53.20166015625,5100756.0
2018-02-13T00:00:00,53.78362655639649,54.02611388337936,53.12891386334048,53.783626556396484,6427828.0
2018-02-14T00:00:00,54.38984613578558,55.43254089355469,54.19585704214786,55.43254089355469,6641700.0
2018-02-15T00:00:00,55.820518493652344,56.20850053909386,55.505285737026085,55.820518493652344,5339146.0
2018-02-16T00:00:00,56.20849780141114,56.37823583438689,55.89326506013856,56.35398864746094,3614257.0
2018-02-19T00:00:00,56.52372811329342,56.863208026901106,56.40248445938063,56.6934700012207,3806119.0
2018-02-20T00:00:00,56.741968647678696,56.8874633606831,55.89326686859859,56.402488708496094,4396938.0
2018-02-21T00:00:00,56.135750125019364,56.863208188314196,55.99025542256289,56.596473693847656,4555379.0
2018-02-22T00:00:00,55.86901360494088,56.06300268567981,55.238548126977584,55.990257263183594,5103979.0
2018-02-23T00:00:00,55.94176182002359,56.16000196065372,55.626529065305675,56.01451110839844,2942511.0
2018-02-26T00:00:00,56.18425046778709,56.40249061354137,55.69927966146691,55.79627227783203,2954751.0
2018-02-27T00:00:00,55.941756300033525,56.13574923356148,55.190047200476606,55.214298248291016,4352361.0
2018-02-28T00:00:00,55.06880808294808,55.99025914409815,55.06880808294808,55.38404083251953,3955479.0
2018-03-01T00:00:00,55.16580801182885,55.91751722035469,55.04456434192163,55.57803726196289,3146248.0
2018-03-02T00:00:00,55.238551044177605,55.38404189685356,53.929121783352336,54.05036544799805,4580412.0
2018-03-05T00:00:00,53.9048665397047,54.60808128484415,53.88061935356068,54.34134292602539,3848081.0
2018-03-06T00:00:00,54.802073580470484,55.14155351766642,54.55958625579604,54.72932815551758,2838444.0
2018-03-07T00:00:00,54.55958966229273,55.57803726196289,54.34134951156078,55.57803726196289,4470400.0
2018-03-08T00:00:00,55.57803231886598,56.499479493510734,55.50528303359405,56.35398864746094,4716133.0
2018-03-09T00:00:00,56.42673801432168,56.45098906518965,55.6265305806248,56.25699996948242,5068729.0
2018-03-12T00:00:00,56.475239644427575,56.81472347898237,56.305497727150176,56.5479850769043,3242428.0
2018-03-13T00:00:00,56.66921582111005,56.8632048841998,56.15999404771863,56.208492279052734,3933090.0
2018-03-14T00:00:00,56.523734493298946,56.814720067983444,56.1357563018845,56.25699996948242,4541797.0
2018-03-15T00:00:00,56.35399506583103,56.499485928451335,55.74777670116731,55.917518615722656,4101907.0
2018-03-16T00:00:00,55.990254690076526,56.28124022893581,55.626523732064136,55.77201843261719,5428437.0
2018-03-19T00:00:00,55.7720239183464,55.7720239183464,54.65658374895925,54.705078125,4271511.0
2018-03-20T00:00:00,54.68082497784701,54.80206862923015,53.929115884170265,54.19585037231445,4784096.0
2018-03-21T00:00:00,54.14735869747433,54.389846029609934,53.41990056331479,53.662384033203125,4591444.0
2018-03-22T00:00:00,53.651294519275865,53.651294519275865,51.31318368147167,52.06471633911133,8227915.0
2018-03-23T00:00:00,51.93946405471381,52.711878082482365,51.70982756419658,52.55530548095703,5570986.0
2018-03-26T00:00:00,52.65968891270283,52.81625736295831,51.845524658740935,51.97077941894531,5067219.0
2018-03-27T00:00:00,52.71187791698176,52.894539717046285,52.15866387055898,52.24216842651367,4879222.0
2018-03-28T00:00:00,51.918582967013364,53.077201843261726,51.772451043717005,53.07720184326172,5243976.0
2018-03-29T00:00:00,53.181585085840744,54.43414505784812,53.12939422110786,54.381954193115234,2752379.0
2018-04-03T00:00:00,54.22539383403897,54.22539383403897,52.81626510620117,52.81626510620117,5880486.0
2018-04-04T00:00:00,52.99892061176401,53.025013966698126,51.89771286995355,52.89453887939453,4773666.0
2018-04-05T00:00:00,53.23377474425925,53.83396348747293,53.07720629770058,53.57301330566406,3332563.0
2018-04-06T00:00:00,53.39035057896345,53.39035057896345,52.55530911536496,52.659690856933594,4100362.0
2018-04-09T00:00:00,52.97282809181586,53.10330318117608,52.189977555654565,52.450927734375,2801905.0
2018-04-10T00:00:00,52.6857872318439,52.92064408566675,52.179543653242014,52.477027893066406,3529427.0
2018-04-11T00:00:00,52.24217368168113,52.34655126988666,50.47814963094283,51.334068298339844,6464503.0
2018-04-12T00:00:00,51.49063593967722,51.57414050270341,51.062676612786824,51.30274963378906,4779824.0
2018-04-13T00:00:00,51.605449683106855,51.824645505111874,51.05223563819592,51.187931060791016,5025126.0
2018-04-16T00:00:00,51.323623639953055,52.26826297606813,51.323623639953055,51.74114227294922,5574154.0
2018-04-17T00:00:00,51.78289364014779,52.555303482224225,51.78289364014779,52.18997573852539,4392920.0
2018-04-18T00:00:00,52.97283116725302,52.97283116725302,51.605452816382886,51.7933349609375,2652527.0
2018-04-19T00:00:00,51.668075399255834,52.346544177779684,51.501066293173636,52.18997573852539,5607138.0
2018-04-20T00:00:00,52.18998355264962,52.39874288835057,51.89771965140489,52.085601806640625,4835983.0
2018-04-23T00:00:00,52.18998035060563,52.68578322293645,52.06472143181652,52.58140563964844,4104262.0
2018-04-24T00:00:00,53.468635916681414,53.49472927445669,51.75158657335445,51.84552764892578,5412155.0
2018-04-25T00:00:00,49.95624658177774,50.258951131110955,48.45317697175281,49.9875602722168,18427502.0
2018-04-26T00:00:00,50.06062563718145,51.36537652325406,49.716170904500295,51.177490234375,8474058.0
2018-04-27T00:00:00,51.17749087847815,51.93946424176587,51.17749087847815,51.82464599609375,6083381.0
2018-04-30T00:00:00,51.70982978246658,51.70982978246658,51.052238128063564,51.14617919921875,3963482.0
2018-05-02T00:00:00,51.39669584077451,51.699396250714614,51.15661865889696,51.438446044921875,6921350.0
2018-05-03T00:00:00,51.40712522545343,51.553257154184394,51.04179332546779,51.240116119384766,4254602.0
2018-05-04T00:00:00,51.40712836499637,51.709828751455504,51.22968273758009,51.542823791503906,3160679.0
2018-05-07T00:00:00,51.595008178200445,51.626326022866344,51.06267131994377,51.480194091796875,2399957.0
2018-05-08T00:00:00,51.49063438743412,51.908153033661605,51.16705681316031,51.8977165222168,4262702.0
2018-05-09T00:00:00,51.77245477591194,52.894539713146486,51.762018265037085,52.450927734375,2230023.0
2018-05-11T00:00:00,52.45093274301875,52.65969207466663,52.06472361533738,52.2160758972168,3587746.0
2018-05-14T00:00:00,52.32045715197926,52.503123124082,51.876840978677436,52.14822769165039,3716900.0
2018-05-15T00:00:00,52.04385341374083,52.21607872870231,51.55326667179128,52.137794494628906,3487338.0
2018-05-16T00:00:00,52.08559938499098,52.106476564485526,51.156616851444085,51.386253356933594,5701659.0
2018-05-17T00:00:00,51.459313642554925,52.116905212402344,51.32361823079005,52.116905212402344,3329995.0
2018-05-18T00:00:00,52.0751611566601,52.18997940561969,51.82464747993463,51.97077941894531,3316550.0
2018-05-21T00:00:00,52.242169790020995,52.242169790020995,51.5115101017432,51.542823791503906,3561429.0
2018-05-22T00:00:00,51.75158860176861,51.782902294853066,51.229688175271534,51.58457946777344,2733328.0
2018-05-23T00:00:00,51.4906334459359,51.4906334459359,50.9896102483607,51.1357421875,3734909.0
2018-05-24T00:00:00,51.33406914092053,51.89771976416951,50.98961436592287,51.25056457519531,3495804.0
2018-05-25T00:00:00,51.26099512241083,51.26099512241083,50.2589487629433,51.08354949951172,3394885.0
2018-05-28T00:00:00,51.54282214500194,51.80377232221647,50.906103546345854,51.177490234375,2033585.0
2018-05-29T00:00:00,50.88522136462632,50.88522136462632,49.6013477827486,50.519893646240234,4194145.0
2018-05-30T00:00:00,50.67647087159876,50.91654388893441,50.258952219161365,50.75997543334961,6192257.0
2018-05-31T00:00:00,50.98961213956515,51.177494287005636,50.39464369336989,50.446834564208984,6526191.0
2018-06-01T00:00:00,50.87478968489574,51.75158127984437,50.509457775508885,51.490631103515625,4210868.0
2018-06-04T00:00:00,51.77245768539394,51.876839425274724,50.8643523424349,50.94785690307617,3164619.0
2018-06-05T00:00:00,50.81216735017694,50.96873580898541,50.25895325396446,50.36333084106445,5246478.0
2018-06-06T00:00:00,50.36333084106446,50.36333084106446,50.36333084106445,50.36333084106445,0.0
2018-06-07T00:00:00,51.12529619709309,51.29230529766915,50.4677046175888,50.780845642089844,4418355.0
2018-06-08T00:00:00,50.43639093077033,50.833032349243126,50.16500425957143,50.780845642089844,2630426.0
2018-06-11T00:00:00,51.15661009257345,51.918583402124845,51.09398271868105,51.8350830078125,5014786.0
2018-06-12T00:00:00,52.18997974293358,52.60749838385783,51.824647814887314,51.87683868408203,4742464.0
2018-06-13T00:00:00,51.929031004085495,51.970781206817655,50.540775457567605,50.55121612548828,5154346.0
2018-06-14T00:00:00,50.62428382658562,51.79333946680802,50.311146891752585,51.6054573059082,5376887.0
2018-06-15T00:00:00,51.386254284566625,51.386254284566625,50.29026676422892,50.46771240234375,7234715.0
2018-06-18T00:00:00,50.352897991296885,50.62428472507452,50.06063407605413,50.25895690917969,3609591.0
2018-06-19T00:00:00,49.76835755896437,50.958290100097656,49.64310281452387,50.958290100097656,3740449.0
2018-06-20T00:00:00,51.15661688784505,51.62633056706399,50.822602797278805,50.96873474121094,3566701.0
2018-06-21T00:00:00,51.07311166489189,51.08354817550373,50.405079390455725,50.62427520751953,3033442.0
2018-06-22T00:00:00,50.62427520751953,50.62427520751953,50.62427520751953,50.62427520751953,0.0
2018-06-25T00:00:00,50.36332832041823,51.24011995849675,50.36332832041823,50.822601318359375,3322378.0
2018-06-26T00:00:00,50.92698089928696,51.12529954334557,50.55121247655417,50.864349365234375,2385466.0
2018-06-27T00:00:00,50.74953650411296,51.636768866335075,50.57209086293194,51.438446044921875,3751344.0
2018-06-28T00:00:00,51.30273985451759,51.490626124591074,50.968725822399115,51.459312438964844,3323829.0
2018-06-29T00:00:00,51.772456112412975,52.04384696533075,51.417564857707674,51.96034240722656,5948707.0
2018-07-02T00:00:00,51.66806989280093,51.908142859510875,51.010474205382415,51.40711975097656,2051998.0
2018-07-03T00:00:00,51.60545084480041,51.80377364957568,50.937418540267025,51.42800521850586,2908448.0
2018-07-04T00:00:00,51.240117940332304,51.63676354226207,51.093986006408166,51.29230880737305,1703270.0
2018-07-05T00:00:00,51.35494378906801,51.67852139378733,51.00005249075116,51.501075744628906,2378575.0
2018-07-06T00:00:00,51.59501132806694,51.887275208048536,51.25056073519463,51.6680793762207,2588888.0
2018-07-09T00:00:00,51.782898271056716,51.991657594170455,51.62632981780061,51.8977165222168,1700497.0
2018-07-10T00:00:00,51.99165939127599,52.76406932912706,51.960345699542394,52.158668518066406,2601060.0
2018-07-11T00:00:00,51.9707797675171,52.1064751961931,51.54282461517623,51.6680793762207,3010260.0
2018-07-12T00:00:00,51.835083174233205,52.002088119710365,51.417560419749535,51.7307014465332,1952141.0
2018-07-13T00:00:00,51.76202078414787,51.960343594637855,51.334065629019584,51.57413864135742,3022990.0
2018-07-16T00:00:00,51.6158845340656,52.320450823342775,51.39668871910958,52.18997573852539,2880140.0
2018-07-17T00:00:00,53.051121972332794,53.938350247715704,52.81626510620117,52.81626510620117,5591883.0
2018-07-18T00:00:00,53.259870619482875,53.259870619482875,50.7912846354766,51.480194091796875,7091785.0
2018-07-19T00:00:00,51.62633099012212,51.85596334133994,51.37581730290694,51.720272064208984,3850733.0
2018-07-20T00:00:00,51.66807605237549,53.703486569992435,51.45931674529209,53.52082061767578,5273316.0
2018-07-23T00:00:00,53.54691851543629,55.112619685872694,53.259874963383005,54.74728775024414,5272999.0
2018-07-24T00:00:00,54.87775867727414,55.764990935621796,54.695092723341794,55.58232498168945,4995570.0
2018-07-25T00:00:00,55.634516019828524,56.36517568149804,55.477943420410156,55.477943420410156,4162332.0
2018-07-26T00:00:00,55.843279766123466,56.33908264621497,55.55623205587558,56.18251419067383,4532885.0
2018-07-27T00:00:00,56.339076823401655,56.678311212891124,56.13031751881709,56.23469924926758,3116446.0
2018-07-30T00:00:00,56.20860273467536,56.286891112058925,55.973750071474115,56.104225158691406,1982952.0
2018-07-31T00:00:00,55.97375465074616,56.730507724727374,55.94765713737774,56.70441436767578,3442077.0
2018-08-01T00:00:00,56.83488765301785,56.991456102967845,56.28689392187618,56.44346237182617,2381721.0
2018-08-02T00:00:00,56.443465198133225,56.52174942702817,56.286896740343344,56.36518096923828,3496125.0
2018-08-03T00:00:00,56.6522216796875,56.756603417178646,56.41736484849077,56.6522216796875,1833679.0
2018-08-06T00:00:00,56.65221969303031,56.65221969303031,56.052035114294995,56.28689193725586,1648606.0
2018-08-07T00:00:00,56.600032644369975,56.62613015774648,56.33908244850593,56.49565505981445,1891677.0
2018-08-08T00:00:00,56.521739796044294,56.73049908963171,56.18250542442522,56.626121520996094,2031199.0
2018-08-09T00:00:00,56.67831564688107,57.356788635253906,56.52174719527328,57.356788635253906,1991070.0
2018-08-10T00:00:00,57.14801601558671,57.14801601558671,56.31297886551053,56.678306579589844,1849953.0
2018-08-13T00:00:00,56.52174841687413,56.730507742302,56.18251399351423,56.49565505981445,3206262.0
2018-08-14T00:00:00,56.6261263377309,56.887072359674626,56.15641684812572,56.28689193725586,3795477.0
2018-08-15T00:00:00,56.469554719638914,57.17412104446546,56.36517714030841,56.78269577026367,2958458.0
2018-08-16T00:00:00,57.27849860249558,57.59163965300389,56.78269574914766,57.408973693847656,2347009.0
2018-08-17T00:00:00,57.38287999086704,57.852589485628876,57.22631154471863,57.61773681640625,3059553.0
2018-08-20T00:00:00,57.80040059454101,58.08744829738374,57.61773878656088,57.98306655883789,3845954.0
2018-08-21T00:00:00,58.06135096241493,58.19182605783848,57.696023189019016,57.878684997558594,2143289.0
2018-08-22T00:00:00,57.85258848167848,58.139632013408196,57.69602003824709,57.95697021484375,3290942.0
2018-08-23T00:00:00,57.87868001622679,58.270105268809424,57.8525866619145,57.90477752685547,2539324.0
2018-08-24T00:00:00,57.8003959693674,58.29620295331074,57.77430261497729,58.0091552734375,1993502.0
2018-08-27T00:00:00,58.08744249735524,58.92247969707669,58.03525163329357,58.4527702331543,1675041.0
2018-08-28T00:00:00,58.50496592772042,58.6354410204892,57.90478133224733,58.11354064941406,2461482.0
2018-08-29T00:00:00,58.113535851227915,58.58324531515031,57.930869905170226,58.4527702331543,2521733.0
2018-08-30T00:00:00,58.27011274070703,58.426685355607006,57.95697582354091,58.217926025390625,2462583.0
2018-08-31T00:00:00,58.139632186147004,58.47886658546726,57.80039778682675,57.85258865356445,3290596.0
2018-09-03T00:00:00,57.748207744884596,58.03525543788348,57.748207744884596,57.82649612426758,1413423.0
2018-09-04T00:00:00,57.93087305167206,58.035254785464865,57.33068847315476,57.53944778442383,4479025.0
2018-09-05T00:00:00,57.408968868324315,57.61773232199328,57.1219253540039,57.121925354003906,5012234.0
2018-09-06T00:00:00,57.017550062909116,57.74820976427339,56.80879074199314,57.356788635253906,2959291.0
2018-09-07T00:00:00,57.40898062258206,57.53945572968127,56.26080217389921,56.60003662109375,4229758.0
2018-09-10T00:00:00,56.44345558048854,57.09583097064682,56.208598777505074,56.626121520996094,3312151.0
2018-09-11T00:00:00,56.60003101041771,56.60003101041771,55.869371314354716,56.13032150268555,3072996.0
2018-09-12T00:00:00,56.10422716922911,56.130320525081046,55.37356748589178,55.634517669677734,3479084.0
2018-09-13T00:00:00,55.634515846935486,56.05203446478727,55.45184989300664,55.79108428955078,2973706.0
2018-09-14T00:00:00,55.79108891374355,55.9737548828125,55.269188520013344,55.9737548828125,3229432.0
2018-09-17T00:00:00,55.79109007995326,56.182515383432936,55.556233235338674,55.94765853881836,2417433.0
2018-09-18T00:00:00,55.94765457314608,56.052036309202,55.08651979779298,55.425758361816406,3421543.0
2018-09-19T00:00:00,55.26918411083551,55.86936868448131,55.26918411083551,55.477943420410156,2501340.0
2018-09-20T00:00:00,55.477948542292296,57.38288417204434,55.477948542292296,57.200218200683594,5008736.0
2018-09-21T00:00:00,57.27849825589037,57.826496130043004,57.27849825589037,57.61773681640625,4862199.0
2018-09-24T00:00:00,57.435069041981684,57.565544128417976,56.991452916835,57.56554412841797,2035288.0
2018-09-25T00:00:00,57.64383214303897,58.0613507845889,57.4611661787421,57.98306655883789,2556845.0
2018-09-26T00:00:00,57.9830695687498,58.061353798564575,57.56555090552639,57.8004035949707,2803408.0
2018-09-27T00:00:00,57.56554787923698,58.81810795937559,57.43507278429928,58.609344482421875,3171541.0
2018-09-28T00:00:00,58.348391316990025,58.81810495986545,57.983063563584885,58.583248138427734,4233858.0
2018-10-01T00:00:00,58.58324433515361,58.97466957459379,57.98305979927525,58.7920036315918,4988358.0
2018-10-02T00:00:00,58.635444685823394,58.635444685823394,58.06135341049064,58.217926025390625,2856017.0
2018-10-03T00:00:00,58.40058906949034,58.87029861143197,56.652226005391874,57.77431106567383,7113615.0
2018-10-04T00:00:00,57.72211374040298,57.93087305167206,57.06973829498928,57.53944778442383,3687197.0
2018-10-05T00:00:00,57.40897469690323,57.72211575288277,56.62612829142942,57.278499603271484,2973970.0
2018-10-08T00:00:00,56.93926423906426,57.06973933051445,55.60841996879888,56.15641784667969,4085017.0
2018-10-09T00:00:00,56.156416024841626,56.41736204295974,55.138708682020095,56.104225158691406,3370612.0
2018-10-10T00:00:00,56.130325266307565,56.96536675622036,56.02594767776658,56.54784393310547,3042982.0
2018-10-11T00:00:00,55.84327923490368,56.10422942920114,54.64291000366211,54.64291000366211,4916113.0
2018-10-12T00:00:00,54.95604707503897,55.24309478340906,54.51243506846877,54.74728775024414,4495955.0
2018-10-15T00:00:00,55.3996583675479,55.3996583675479,54.04272079751627,54.46023941040039,3561336.0
2018-10-16T00:00:00,54.40806149477374,55.1387213193889,54.355870616661775,55.03434371948242,3579829.0
2018-10-17T00:00:00,54.74729079287857,54.9299567708447,54.27758124690644,54.355865478515625,4649815.0
2018-10-18T00:00:00,54.30367113647588,54.59071466417599,53.52082061767578,53.52082061767578,3710913.0
2018-10-19T00:00:00,53.416437908182296,54.538522799992585,53.416437908182296,54.27757263183594,5076534.0
2018-10-22T00:00:00,54.72119178274161,55.06042618888933,53.54691596093416,53.677391052246094,3954074.0
2018-10-23T00:00:00,53.41643057232431,53.78176242009791,52.65967768238729,53.2337646484375,3949812.0
2018-10-24T00:00:00,52.71188351886915,53.990537036790855,52.18998310592551,52.9206428527832,5038776.0
2018-10-25T00:00:00,52.633599314205036,53.207686443673175,52.16910595142346,52.711883544921875,4903897.0
2018-10-26T00:00:00,52.659688405492886,52.659688405492886,51.72026940037494,51.96034240722656,4988327.0
2018-10-29T00:00:00,52.450933920456464,52.97283433945044,51.970783706202496,52.09604263305664,3300643.0
2018-10-30T00:00:00,52.18997890293391,52.37264486401703,51.62632833112648,51.96034240722656,3525380.0
2018-10-31T00:00:00,52.45092473150101,52.633590677410794,51.866397029642755,51.94990158081055,5737409.0
2018-11-01T00:00:00,51.78289031982422,52.21606574486348,51.37580824754876,51.78289031982422,3710765.0
2018-11-02T00:00:00,52.398741540129556,52.529216641125146,51.960345699542394,52.158668518066406,2437871.0
2018-11-05T00:00:00,52.02296846501448,52.47702111116291,51.7515817753083,51.91858673095703,3855246.0
2018-11-06T00:00:00,52.09603867217314,52.1586660526801,51.73070674412687,51.87683868408203,3191383.0
2018-11-07T00:00:00,52.17953987588384,52.65969006099863,52.04384860147578,52.26826477050781,2124829.0
2018-11-08T00:00:00,52.68578057073652,53.1293967072501,52.372643680319,52.55530548095703,2771728.0
2018-11-09T00:00:00,52.42483882990234,52.659695691836504,52.10648155462698,52.52922058105469,2337230.0
2018-11-12T00:00:00,52.63359790279322,52.79016636002839,52.01253609523224,52.033409118652344,2240754.0
2018-11-13T00:00:00,52.17953905015835,52.294357299804695,51.80377476729765,52.29435729980469,2797054.0
2018-11-14T00:00:00,52.07515783228908,52.07515783228908,51.50106662413995,51.56369400024414,2711423.0
2018-11-15T00:00:00,51.54283142441552,51.69939989640512,50.45727616423002,50.69735336303711,4014521.0
2018-11-16T00:00:00,50.8017256177694,51.292312320180905,50.6138434711353,50.96873474121094,4371999.0
2018-11-19T00:00:00,50.96872993350768,51.45931658964385,50.62427520751953,50.62427520751953,3965431.0
2018-11-20T00:00:00,50.50945494681398,50.51989561332499,49.65354057767428,49.72660446166992,4743364.0
2018-11-21T00:00:00,49.93537589609323,49.99800327990241,49.58048046064627,49.8414306640625,3583392.0
2018-11-22T00:00:00,49.8414306640625,50.091944355616185,49.36128461731413,49.8414306640625,3293000.0
2018-11-23T00:00:00,49.84142501604352,50.3842025414106,49.61179268687072,49.904056549072266,3071820.0
2018-11-26T00:00:00,50.11282047220917,50.561652817528234,50.08150678096909,50.446834564208984,3781892.0
2018-11-27T00:00:00,50.499024330996676,52.054284816307835,50.499024330996676,51.88727569580078,5810736.0
2018-11-28T00:00:00,52.0960413400996,52.45093261869147,51.60545462591563,51.84552764892578,4311125.0
2018-11-29T00:00:00,51.99165475481639,52.450927734375,51.85595933186047,52.450927734375,4203680.0
2018-11-30T00:00:00,52.39873786764607,52.39873786764607,51.80377361009038,52.32045364379883,5239597.0
2018-12-03T00:00:00,52.71188474688927,52.89454657062138,52.32045942806257,52.477027893066406,3004514.0
2018-12-04T00:00:00,52.816263398354614,52.816263398354614,52.137794494628906,52.137794494628906,4611031.0
2018-12-05T00:00:00,51.887282561511164,52.106482580720744,51.44888667940933,51.55326843261719,3266388.0
2018-12-06T00:00:00,51.31319521463368,51.31319521463368,49.96669387817383,49.96669387817383,3785984.0
2018-12-07T00:00:00,50.22763393110395,51.39668937598767,50.14412937699562,50.843475341796875,3487525.0
2018-12-10T00:00:00,50.44682607804833,50.926976190153525,50.11281204223633,50.11281204223633,4182505.0
2018-12-11T00:00:00,50.3320100452949,51.782892798633576,50.13368725458476,51.3236198425293,5692878.0
2018-12-12T00:00:00,51.49063140005162,52.97282791137695,51.30274511072829,52.97282791137695,5102549.0
2018-12-13T00:00:00,53.33815945330044,53.860059846015965,52.764068190050004,53.5991096496582,6028632.0
2018-12-14T00:00:00,53.49472392962847,53.96443757318842,53.02501444238506,53.703487396240234,4228203.0
2018-12-17T00:00:00,53.625198193059255,53.93833923184258,53.364248020125885,53.52082061767578,3531585.0
2018-12-18T00:00:00,53.65130252133036,53.70349339381195,53.02502036418533,53.54692077636719,5327540.0
2018-12-19T00:00:00,53.599104838292504,54.14709853892598,53.494723106592566,53.52082061767578,4929336.0
2018-12-20T00:00:00,52.92064227830571,53.155494967790716,52.21607589721679,52.2160758972168,3885232.0
2018-12-21T00:00:00,52.2421686420509,52.268261997505896,50.258948937973784,50.770408630371094,9019553.0
2018-12-27T00:00:00,50.65558973029308,51.114862705844445,50.10237568873799,50.33201217651367,4938843.0
2018-12-28T00:00:00,50.36333057329899,51.636767885893825,50.36333057329899,51.30274963378906,4610723.0
2019-01-02T00:00:00,50.72865464590671,51.67851007077601,49.78923573117751,51.511505126953125,3690664.0
2019-01-03T00:00:00,51.37582277721768,51.876846048717304,51.18794060902432,51.55326843261719,2728862.0
2019-01-04T00:00:00,51.84551726313939,52.84234733774912,51.501062565396026,52.60749053955078,4492450.0
2019-01-07T00:00:00,52.842361265257715,52.842361265257715,51.60545788972263,52.043853759765625,3675693.0
2019-01-08T00:00:00,51.98121342553104,52.32044779515888,51.5115039786374,51.68894958496094,4904133.0
2019-01-09T00:00:00,51.991651609466885,52.09603333716688,51.37581022245932,51.7307014465332,3691181.0
2019-01-10T00:00:00,51.68896286265206,52.659695691836504,51.64720849966423,52.52922058105469,4160447.0
2019-01-11T00:00:00,52.529210127787316,52.76406278666877,52.054280320294055,52.18997573852539,3073394.0
2019-01-14T00:00:00,52.189985369450234,52.37265135316628,51.75158950232201,52.137794494628906,3499716.0
2019-01-15T00:00:00,52.555305345649565,52.685780435093136,51.21924491856926,51.29230880737305,5005146.0
2019-01-16T00:00:00,51.323625401962,52.47702409417289,50.9687341360997,52.26826477050781,4872387.0
2019-01-17T00:00:00,52.18998253937966,52.71188294665784,51.89771864380925,52.2160758972168,3154679.0
2019-01-18T00:00:00,52.55530232402392,52.86844335194801,52.4509247522601,52.63359069824219,4963759.0
2019-01-21T00:00:00,52.711878082482365,52.711878082482365,52.34654616857316,52.55530548095703,1617958.0
2019-01-22T00:00:00,52.17953987588384,52.71188093099409,52.15866685293909,52.26826477050781,3895854.0
2019-01-23T00:00:00,52.346548803696045,52.946733415631655,52.18998035060563,52.58140563964844,5738268.0
2019-01-24T00:00:00,52.737970266568325,52.84235199860016,52.12734918749986,52.372642517089844,3262205.0
2019-01-25T00:00:00,52.71187908715673,52.9467317594461,52.398738034454254,52.42483139038086,3789025.0
2019-01-28T00:00:00,52.659684876770825,52.659684876770825,51.887270883304005,52.075157165527344,3470467.0
2019-01-29T00:00:00,52.07516169838093,52.07516169838093,51.02092442428818,51.35493850708008,7451441.0
2019-01-30T00:00:00,51.4906329231305,51.793333309589634,50.66603216557055,51.542823791503906,6695250.0
2019-01-31T00:00:00,51.5637015012686,51.866406071562174,50.66603677143577,51.25056457519531,7987718.0
2019-02-01T00:00:00,51.35492889134849,51.626319698888054,51.093978749524126,51.40711975097656,6524751.0
2019-02-04T00:00:00,51.40711924855504,51.84551498377745,51.17748279348865,51.39668273925781,4417171.0
2019-02-05T00:00:00,51.41756977757728,52.26826812857596,51.41756977757728,51.991661071777344,6642719.0
2019-02-06T00:00:00,50.44683522247232,51.0417995201142,49.01682944945945,50.46771240234375,9788597.0
2019-02-07T00:00:00,50.44683540453462,51.490636213436204,50.332017149302764,50.36333084106445,6003178.0
2019-02-08T00:00:00,50.36333265546403,50.812169180746395,50.08150941945577,50.415523529052734,5901915.0
2019-02-11T00:00:00,50.624273567871185,51.292305820670734,50.300696029903385,51.20880126953125,6109114.0
2019-02-12T00:00:00,51.490627328913554,52.21606660464341,51.375809093493174,52.116905212402344,7161265.0
2019-02-13T00:00:00,52.18998133250847,52.94673441177205,52.05428589973262,52.659690856933594,5799012.0
2019-02-14T00:00:00,52.81626012154792,53.0511169655144,52.42483481914841,52.84235763549805,6055691.0
2019-02-15T00:00:00,52.81625611589171,53.67739088459764,52.65968766933304,53.57301330566406,8202916.0
2019-02-18T00:00:00,53.44253656767448,53.78177096230756,53.1554888827415,53.62519836425781,3315515.0
2019-02-19T00:00:00,53.468634338365966,54.225387410997136,53.44254098136093,54.121009826660156,3072928.0
2019-02-20T00:00:00,54.17320069698705,54.355862508655974,53.703491176678604,54.121009826660156,6699729.0
2019-02-21T00:00:00,54.225387609025844,54.460244448196164,53.80786895751953,53.80786895751953,5414057.0
2019-02-22T00:00:00,53.86005682427856,54.564618989862645,53.7556750890649,54.19929122924805,3254018.0
2019-02-25T00:00:00,54.59070703502393,54.69508459582044,54.14709097177008,54.56460952758789,2705735.0
2019-02-26T00:00:00,54.303681513767245,54.87776867887403,54.277583997696865,54.69510269165039,3332595.0
2019-02-27T00:00:00,54.43414129853672,55.19089423779365,54.43414129853672,55.00822830200195,3146424.0
2019-02-28T00:00:00,54.92995634402395,55.243097424344526,54.77338788202217,54.982147216796875,3607905.0
2019-03-01T00:00:00,55.24310038459578,55.399668854987425,55.03434103863451,55.217002868652344,2803114.0
2019-03-04T00:00:00,55.34747016510523,55.50404276970818,55.00823575627381,55.11261749267578,3362191.0
2019-03-05T00:00:00,55.190906551571594,55.34747501357337,54.77338788202217,54.982147216796875,2718582.0
2019-03-06T00:00:00,55.06041829368928,55.06041829368928,54.48632714297326,54.61680221557617,3353256.0
2019-03-07T00:00:00,54.43414904215821,55.13871122051532,54.1731988557099,54.48633575439453,4591691.0
2019-03-08T00:00:00,54.277574281660506,54.434146881103516,53.938339884008755,54.434146881103516,2305534.0
2019-03-11T00:00:00,54.642905362155865,54.7994738029083,54.408048544710766,54.46023941040039,2282898.0
2019-03-12T00:00:00,54.61681292166337,54.721194662733204,53.52082542201424,53.5991096496582,4401423.0
2019-03-13T00:00:00,53.416440862708555,54.01662545140247,53.416440862708555,53.88615036010742,3135545.0
2019-03-14T00:00:00,53.86005402073033,54.19928840804183,53.781769801553274,54.06881332397461,3820010.0
2019-03-15T00:00:00,54.251490487631365,54.64291582074726,53.72959004347684,54.59072494506836,6355203.0
2019-03-18T00:00:00,54.642904220775705,55.53013229370117,54.642904220775705,55.53013229370117,2706771.0
2019-03-19T00:00:00,55.5562302801095,56.05203730067017,55.32137760430449,55.71280288696289,3394095.0
2019-03-20T00:00:00,55.68670438932293,55.921561217290424,55.37356749378844,55.425758361816406,2631139.0
2019-03-21T00:00:00,55.321377829665714,55.347471186089216,54.6690023559108,54.77338409423828,2576394.0
2019-03-22T00:00:00,54.7994729587902,55.06042312690227,53.807863151227586,53.86005401611328,3901304.0
2019-03-25T00:00:00,53.833968471071884,54.460246471599945,53.494729878262575,53.755680084228516,2786555.0
2019-03-26T00:00:00,53.938351370227245,54.61682031001129,53.599116900335225,54.538536071777344,3940054.0
2019-03-27T00:00:00,54.90385998736752,55.8693723775113,54.512434697422705,55.16481018066406,6347205.0
2019-03-28T00:00:00,55.46341738248636,55.46341738248636,54.21617754480001,54.65768051147461,6198573.0
2019-03-29T00:00:00,54.98880871521944,55.04399714192883,53.90713401085324,54.13892364501953,6070154.0
2019-04-01T00:00:00,54.08373030177767,54.45900453723436,53.53737503559713,53.98991394042969,7108602.0
2019-04-02T00:00:00,54.116844429491,56.263637632060274,54.061656005806185,56.07048034667969,5731143.0
2019-04-03T00:00:00,56.37400662049604,56.8430971688411,56.31881820450488,56.64994430541992,3737996.0
2019-04-04T00:00:00,56.732731276433064,57.25701030124877,56.18085584292236,57.119041442871094,4093438.0
2019-04-05T00:00:00,57.174223086586274,57.36738034442056,56.20844119244677,56.291221618652344,3342068.0
2019-04-08T00:00:00,56.31882284173369,56.31882284173369,55.96010470080258,56.01529312133789,3808897.0
2019-04-09T00:00:00,55.84972664637503,56.981069465124826,55.79453822703871,56.870697021484375,4196759.0
2019-04-10T00:00:00,56.8431021513583,57.47775800330689,56.6775412839047,57.39497756958008,3525387.0
2019-04-11T00:00:00,57.39498169383593,57.83648030212538,57.063859935135156,57.36738967895508,3177126.0
2019-04-12T00:00:00,57.25700365961037,58.33316238813808,57.14663122273056,57.64331817626953,4553217.0
2019-04-15T00:00:00,57.86407890101204,58.2503890991211,57.67092160444111,58.250389099121094,5213045.0
2019-04-16T00:00:00,58.415948962636676,58.66429026802728,58.00204239195329,58.52632141113281,3790763.0
2019-04-17T00:00:00,57.06385691869984,57.83647724484881,56.070478510010304,56.92588806152344,6262867.0
2019-04-18T00:00:00,56.84310474289207,57.67091790796557,56.787920714579855,57.45016860961914,2398402.0
2019-04-23T00:00:00,57.753697775193544,58.19520076255942,57.14663830949324,58.05723190307617,4761709.0
2019-04-24T00:00:00,58.05723126684611,58.167603716203686,57.50535583496094,57.50535583496094,3304883.0
2019-04-25T00:00:00,57.64332469293223,57.8364775780661,57.22941811901836,57.50535583496094,4480284.0
2019-04-26T00:00:00,57.50535655084669,57.97444715776286,56.98107312601599,57.86407470703125,4972321.0
2019-04-29T00:00:00,57.94684989201788,58.0848187392024,57.31219407397549,57.753692626953125,3751425.0
2019-04-30T00:00:00,57.78129605383245,57.89166850797106,57.06385971931731,57.20182418823242,2689201.0
2019-05-02T00:00:00,57.063852786062604,58.02963032132217,57.03625637960645,57.753692626953125,5350342.0
2019-05-03T00:00:00,57.78128903340929,58.19519557496285,57.50535133904024,57.753692626953125,3708502.0
2019-05-06T00:00:00,57.201816730086605,57.56053924560547,56.567160917681925,57.56053924560547,2082514.0
2019-05-07T00:00:00,57.45017276756232,57.67092208188543,56.07048405925184,56.263641357421875,3460290.0
2019-05-08T00:00:00,56.01529583440225,56.4843864440918,55.76695012748102,56.4843864440918,3108449.0
2019-05-09T00:00:00,56.01529510560949,56.07047913306734,55.35304282579083,55.51860809326172,2898335.0
2019-05-10T00:00:00,55.62897484916699,56.23603864435782,55.297848743150894,55.8221321105957,3396748.0
2019-05-13T00:00:00,55.73935699462891,55.96010628799899,55.408230857057575,55.739356994628906,4847055.0
2019-05-14T00:00:00,55.739353920679335,56.09807205200195,55.40822780136916,56.09807205200195,2838504.0
2019-05-15T00:00:00,56.12566382965636,56.208444260380205,55.380635558109624,55.9325065612793,2189746.0
2019-05-16T00:00:00,55.794543724129014,56.31882716693021,55.35304511600469,56.20845031738281,3406496.0
2019-05-17T00:00:00,56.07048457636877,56.20845344847225,55.38064461088423,55.849735260009766,4427387.0
2019-05-20T00:00:00,55.8497298381386,55.96010668311919,55.17644163183486,55.51860809326172,2688842.0
2019-05-21T00:00:00,55.73935699462891,55.90491786589837,55.546199714792934,55.739356994628906,2855001.0
2019-05-22T00:00:00,55.49100854942033,55.62897740033501,54.31551763145431,54.52522659301758,4004193.0
2019-05-23T00:00:00,54.4700457479084,54.668718795205955,53.85194596293942,53.97335433959961,4199272.0
2019-05-24T00:00:00,53.95128248658819,54.216179882984925,53.76364536579635,53.97335433959961,3536534.0
2019-05-27T00:00:00,54.52522814246928,54.59145688461741,53.443553551169096,53.64223098754883,1953757.0
2019-05-28T00:00:00,53.71949548484932,53.71949548484932,52.240470299525,52.83649826049805,5855655.0
2019-05-29T00:00:00,52.704040914277876,52.85856585559202,52.361878858156,52.48329162597656,2630332.0
2019-05-31T00:00:00,52.16321122992952,52.383960541136965,51.57822357746505,51.61133575439453,6602221.0
2019-06-03T00:00:00,51.500959077468,51.500959077468,50.84974272945794,51.22502136230469,4752222.0
2019-06-04T00:00:00,51.20294454137007,51.86519241333008,50.9601190031417,51.86519241333008,5835873.0
2019-06-05T00:00:00,51.64444370073089,51.721708370592175,50.88285490367495,51.22502136230469,4643977.0
2019-06-07T00:00:00,51.291247705204334,51.33539580753291,50.41928642519621,50.73937225341797,7201439.0
2019-06-11T00:00:00,51.24708437880505,51.478873953390135,50.993222955235986,51.31330871582031,5459650.0
2019-06-12T00:00:00,51.21397699570339,51.21397699570339,50.78351436985032,51.04841613769531,5457702.0
2019-06-13T00:00:00,50.93803930233521,51.36850192818829,50.80559061592876,51.04841613769531,4739293.0
2019-06-14T00:00:00,50.960118327589484,50.960118327589484,50.45239540532068,50.70625686645508,3656554.0
2019-06-18T00:00:00,50.80559097726824,51.14775301627317,50.70625446175689,50.84973907470703,6648421.0
2019-06-19T00:00:00,50.96012414635137,51.51199962619956,50.81663511518034,51.4016227722168,4921568.0
2019-06-20T00:00:00,51.57822743660267,51.71067615423053,50.904939130272524,51.03738784790039,6256467.0
2019-06-24T00:00:00,50.86078604110718,51.83208386696484,50.6731489111684,51.070499420166016,4876685.0
2019-06-25T00:00:00,50.783525370371876,50.91597848050186,50.264766437897755,50.69522476196289,3701696.0
2019-06-26T00:00:00,50.69521854484517,51.09256903643915,50.397208972424046,50.81663131713867,2826436.0
2019-06-27T00:00:00,50.98219881871847,51.225024373941054,50.57381238267716,51.070499420166016,3960950.0
2019-06-28T00:00:00,50.960118327589484,51.16983168919142,50.68418061917269,50.70625686645508,5275831.0
2019-07-01T00:00:00,51.02634591914906,51.68859821947464,51.02634591914906,51.32435989379883,3036598.0
2019-07-02T00:00:00,51.26916577801996,51.26916577801996,50.62898979744889,50.84973907470703,3704992.0
2019-07-03T00:00:00,50.849743911254194,51.2912469027959,50.673147109670026,51.180870056152344,2917074.0
2019-07-04T00:00:00,51.213982080018745,52.17424394186061,51.08153338046332,52.15217208862305,3405697.0
2019-07-05T00:00:00,52.37292123347811,53.78571761302471,52.26254438748217,53.75260543823242,7083028.0
2019-07-08T00:00:00,53.73053839195107,54.21618513069612,53.620161536080495,54.083736419677734,4702668.0
2019-07-09T00:00:00,53.95127726188804,54.23825087853781,53.60911522798929,53.829864501953125,3478772.0
2019-07-10T00:00:00,53.78571761302471,54.13892000418572,53.631192665649884,53.75260543823242,3165143.0
2019-07-11T00:00:00,53.7636435264814,53.995428740398914,52.94686632712528,53.47666549682617,2171088.0
2019-07-12T00:00:00,53.973356157485235,54.172033606506936,53.46563320060249,53.86298370361328,3029491.0
2019-07-15T00:00:00,53.82986081394698,54.62456166179564,53.78570832515998,54.41484832763672,3813352.0
2019-07-16T00:00:00,54.29344154705545,54.48107865745665,53.89609107943167,54.11684036254883,3933497.0
2019-07-17T00:00:00,52.64885696646461,52.64885696646461,50.673144899947694,50.904930114746094,7198941.0
2019-07-18T00:00:00,50.606929515609835,51.280213426906876,50.19853864453541,51.03738784790039,5023032.0
2019-07-19T00:00:00,51.048416131362956,51.23605323542619,50.7393662664315,51.059452056884766,4414906.0
2019-07-22T00:00:00,50.93804325277528,51.08153227086512,50.05504608154297,50.05504608154297,5561563.0
2019-07-23T00:00:00,50.20956801715337,50.430317296732824,49.889477825985836,50.220603942871094,4632729.0
2019-07-24T00:00:00,50.27579594173273,50.286831868236334,49.19412131824335,49.44798278808594,4533704.0
2019-07-25T00:00:00,49.591472388924245,49.801181365144934,48.763659225576866,48.82988357543945,4778264.0
2019-07-26T00:00:00,48.84092172163608,49.07271135172127,48.49875963510823,48.50979995727539,3740413.0
2019-07-29T00:00:00,48.56498336791992,48.99544605112553,48.311121886807044,48.56498336791992,2051983.0
2019-07-30T00:00:00,48.5870610509412,48.77469818556541,47.9358490434161,48.07933807373047,3119956.0
2019-07-31T00:00:00,47.847544037598965,48.17867017207262,47.79236001104701,48.12348175048828,4342454.0
2019-08-01T00:00:00,48.06829355384057,48.82988234818412,48.002069205642414,48.28904724121094,3523167.0
2019-08-02T00:00:00,47.84754924716549,48.34423630543829,47.516427471672195,47.659912109375,5321270.0
2019-08-06T00:00:00,47.29566611927078,47.527455719696405,46.931432225081025,47.07491683959961,4288265.0
2019-08-07T00:00:00,47.141142227857166,47.7150938837371,46.95350511623016,47.406044006347656,4041261.0
2019-08-08T00:00:00,47.72613285774484,48.035182754871826,47.46123545736886,47.836509704589844,3341471.0
2019-08-09T00:00:00,47.56057580084488,47.63784047884598,47.13011309564229,47.25152587890625,3304731.0
2019-08-12T00:00:00,47.395012289136005,47.79236279464099,47.08596238430242,47.19633483886719,2556569.0
2019-08-13T00:00:00,47.0197330300976,47.04180927873841,46.25814859983152,46.6334228515625,4682438.0
2019-08-14T00:00:00,46.63341974739982,46.71068001995096,45.529668919286514,45.61796951293945,3402998.0
2019-08-15T00:00:00,45.71730705963472,46.00428509421139,45.26477255016727,45.96013259887695,4017455.0
2019-08-16T00:00:00,46.09257880928557,47.07491683959961,46.09257880928557,47.07491683959961,5053885.0
2019-08-19T00:00:00,47.53850322082901,47.78132880610387,46.986627689755814,47.0528564453125,3442790.0
2019-08-20T00:00:00,46.920397711312674,46.964550209730625,46.54512344992359,46.5782356262207,2525713.0
2019-08-21T00:00:00,46.5782356262207,46.76587275691524,46.42371067182327,46.5782356262207,2261786.0
2019-08-22T00:00:00,46.512008882377216,46.997659969810464,46.47889670778245,46.6886100769043,5088909.0
2019-08-23T00:00:00,47.019733015655696,47.24048671193089,46.03739928438091,46.04843521118164,3306062.0
2019-08-26T00:00:00,46.07050922217105,46.236070091303574,45.6952349887824,45.783531188964844,2922376.0
2019-08-27T00:00:00,46.247110455224856,46.50097191980617,45.88287214776523,46.3685188293457,4348610.0
2019-08-28T00:00:00,46.44578050884346,46.776906621132845,46.18087874000553,46.51200485229492,3974523.0
2019-08-29T00:00:00,46.688612286937484,47.152187148240316,46.55615918725619,46.96455001831055,3961138.0
2019-08-30T00:00:00,47.22944126426587,47.97999408107205,47.030768233219355,47.67094421386719,5751845.0
2019-09-02T00:00:00,47.461240280869944,47.659913351343135,46.931441031241796,47.019737243652344,3332797.0
2019-09-03T00:00:00,46.953507473662455,47.10803242011554,46.589273553119995,46.6886100769043,3421939.0
2019-09-04T00:00:00,47.40604498141953,47.604718023099615,47.01973042922068,47.17425537109375,3400411.0
2019-09-05T00:00:00,47.46123488768496,48.45460891723633,47.39501053838587,48.45460891723633,4261132.0
2019-09-06T00:00:00,48.56497994137991,48.71950488355026,48.09036918865398,48.34423065185547,3806424.0
2019-09-09T00:00:00,48.34422978538679,49.779106734127026,48.20074516703535,49.75703048706055,5134889.0
2019-09-10T00:00:00,49.86741176699206,51.478885650634766,49.70184649180182,51.478885650634766,6526408.0
2019-09-11T00:00:00,51.434732958108626,52.08594494430993,51.01531059828425,51.87623596191406,4598679.0
2019-09-12T00:00:00,52.10802079015377,52.61574814184412,51.5892575115909,52.09698486328125,5500122.0
2019-09-13T00:00:00,52.16320463024212,52.79234030733674,52.16320463024212,52.53847885131836,3533385.0
2019-09-16T00:00:00,52.42810261858476,52.737156892787716,52.262541752969135,52.49433135986328,10268315.0
2019-09-17T00:00:00,52.42810455753033,52.42810455753033,51.29124591320486,51.4236946105957,3810805.0
2019-09-18T00:00:00,51.4236877013725,51.58924855086651,50.9711488527131,50.99322509765625,5091710.0
2019-09-19T00:00:00,51.20294792035035,51.73274713188728,51.10361139225579,51.478885650634766,6702037.0
2019-09-20T00:00:00,51.65547740379027,51.86518634861817,51.33538723399429,51.567176818847656,7799983.0
2019-09-23T00:00:00,51.43473272498859,51.567185823046216,49.71288640056561,49.944671630859375,5588957.0
2019-09-24T00:00:00,50.01089475989616,50.39720932765279,49.34864686592661,49.41487121582031,5060917.0
2019-09-25T00:00:00,49.39278995009399,49.58042705407644,48.708465877330696,49.49212646484375,3331144.0
2019-09-26T00:00:00,49.30449298975075,49.88948059082031,49.22723271538071,49.88948059082031,2659958.0
2019-09-27T00:00:00,50.49655008632601,51.01531339736523,50.11023988121211,50.96012496948242,4706426.0
2019-09-30T00:00:00,50.86078643004964,51.567186851999324,50.80559800434381,50.871822357177734,3823107.0
2019-10-01T00:00:00,50.960115910852146,51.633404063260336,50.73936663359401,50.84973907470703,5180807.0
2019-10-02T00:00:00,50.772481103403535,50.93804197008243,49.52524565268049,49.54731750488281,3390036.0
2019-10-03T00:00:00,49.55835558587054,49.71288051946341,48.64224190991562,49.26034164428711,3376900.0
2019-10-04T00:00:00,49.27138822654648,49.44798944457225,48.84092550450431,49.10582733154297,2927865.0
2019-10-07T00:00:00,49.17204906380678,49.66873611732776,48.862999146281155,49.62458801269531,2620055.0
2019-10-08T00:00:00,49.679773807379185,49.878446860247365,48.81884845488524,48.98440933227539,2899365.0
2019-10-09T00:00:00,48.862988826250735,49.613537211713776,48.862988826250735,49.3707160949707,2264323.0
2019-10-10T00:00:00,49.39279438796574,50.04400634765625,49.08374449539966,50.04400634765625,2404948.0
2019-10-11T00:00:00,50.28682609105961,51.78792727968716,49.944664063399905,51.51198959350586,4816239.0
2019-10-14T00:00:00,51.169834520444425,51.236058870923515,50.41928602163802,50.97115707397461,2568205.0
2019-10-15T00:00:00,50.89389720195688,51.567185428908985,50.72833192940845,51.346431732177734,5266937.0
2019-10-16T00:00:00,51.33539643038964,51.89830781582986,50.89389782161684,51.87623596191406,3506432.0
2019-10-17T00:00:00,51.843121972336824,52.41706926465607,51.74378105306053,51.98660659790039,4647290.0
2019-10-18T00:00:00,51.876233946940694,52.11905509581125,51.357470684514475,51.787933349609375,2913828.0
2019-10-21T00:00:00,51.721709199916894,52.18528404142051,51.68859702516896,51.98660659790039,3163000.0
2019-10-22T00:00:00,52.1411280190845,52.88064053016723,51.48991609970253,52.73715591430664,5417370.0
2019-10-23T00:00:00,52.979980031582805,54.34863268748044,50.971155741105775,51.99764633178711,8083240.0
2019-10-24T00:00:00,52.17423856735095,54.16099083118797,51.99764178447925,54.02853775024414,5222545.0
2019-10-25T00:00:00,53.80778952802902,54.348628997802734,53.62015242097254,54.348628997802734,3891276.0
2019-10-28T00:00:00,54.42589430654821,54.87843322753906,54.28240967906352,54.87843322753906,3901334.0
2019-10-29T00:00:00,54.51419006729048,54.62456690482053,53.62015262640635,54.5583381652832,4278161.0
2019-10-30T00:00:00,54.492118826205946,54.66872002446305,53.609121624985534,53.896095275878906,3403656.0
2019-10-31T00:00:00,53.97335492607456,53.97335492607456,53.02413338529541,53.34421920776367,3999023.0
2019-11-01T00:00:00,53.487704337759496,53.487704337759496,52.394989460148565,52.75922775268555,564958.0
2019-11-04T00:00:00,53.28903198242187,53.520821607030356,53.134507031027084,53.289031982421875,5818485.0
2019-11-05T00:00:00,53.53186239845941,53.53186239845941,52.659901035287376,53.03517532348633,4083081.0
2019-11-06T00:00:00,53.03516562278767,53.47666418755716,52.29565310953107,52.339805603027344,3855079.0
2019-11-07T00:00:00,52.38396328307644,53.38837775593216,52.33981517653721,53.03517532348633,2941327.0
2019-11-08T00:00:00,52.77027651693174,53.00206176152107,52.372925988317135,52.89168930053711,2018649.0
2019-11-11T00:00:00,52.77027571276415,52.89168849451932,52.07491119952706,52.748199462890625,2321225.0
2019-11-12T00:00:00,52.74819626812526,53.36629606688539,52.73716034137332,53.300071716308594,2994401.0
2019-11-13T00:00:00,53.17866557864233,53.311114296325606,52.30670419550559,52.96895217895508,4197217.0
2019-11-14T00:00:00,53.17866114132037,53.17866114132037,52.31773575815001,52.42810821533203,3261129.0
2019-11-15T00:00:00,52.803382687120724,53.432518388745876,52.31773160795329,53.22280502319336,5184813.0
2019-11-18T00:00:00,53.068277410695686,53.47666379989863,52.36187707516596,52.56055450439453,2147070.0
2019-11-19T00:00:00,52.84753680011722,53.355259789715774,52.527450949720986,52.89168930053711,2584309.0
2019-11-20T00:00:00,52.31772846002868,52.50536556659293,51.169829574273244,51.60029220581055,3812914.0
2019-11-21T00:00:00,51.324358502621756,51.953494215348634,51.25813415339076,51.79896926879883,2611165.0
2019-11-22T00:00:00,51.78793436110039,52.538482860527196,51.644445338255395,52.130096435546875,2308199.0
2019-11-25T00:00:00,52.4281032121016,52.52744412762784,52.05282898243634,52.47225570678711,1763724.0
2019-11-26T00:00:00,52.42811044164298,52.472262942416876,51.84312716416875,52.11906051635742,3675076.0
2019-11-27T00:00:00,52.119051759290144,52.803380246040916,52.09697990764465,52.75922775268555,2727125.0
2019-11-28T00:00:00,52.54952142578435,52.54952142578435,51.48992297397552,51.61133575439453,2097078.0
2019-11-29T00:00:00,51.50096170495392,51.94246031372672,51.291248327525416,51.87623596191406,3319446.0
2019-12-02T00:00:00,51.92038075516863,52.10801787168798,50.551732518196395,50.684181213378906,3734483.0
2019-12-03T00:00:00,50.794559240918666,51.092568812030876,49.889481415972796,50.021934509277344,4970248.0
2019-12-04T00:00:00,50.0660858077067,50.77248623532452,50.03297363102404,50.65107345581055,3289786.0
2019-12-05T00:00:00,50.772490241019305,51.24710107427023,50.64004152383916,50.838714599609375,2759206.0
2019-12-06T00:00:00,50.91596745128885,51.22501731625864,50.41928048223255,51.04841613769531,4247679.0
2019-12-09T00:00:00,51.14775671358691,51.90934551095768,51.026343943063566,51.83208084106445,3478249.0
2019-12-10T00:00:00,51.71066670750912,52.295654296875,51.379544973930166,52.295654296875,5429226.0
2019-12-11T00:00:00,52.29565912409864,53.211772926638936,52.07490981632533,53.20073699951172,5141478.0
2019-12-12T00:00:00,53.222806271670514,54.55834237567697,52.83649610056718,54.33759307861328,6204677.0
2019-12-13T00:00:00,55.12125721517972,56.48438531037388,54.889467600370054,55.739356994628906,5839639.0
2019-12-16T00:00:00,55.684173685511354,55.98770344238661,54.92258481767708,55.49101638793945,4291714.0
2019-12-17T00:00:00,55.4358190685537,56.539569854736335,55.18747777868188,56.53956985473633,5270855.0
2019-12-18T00:00:00,56.45680181424947,56.64995912322631,55.849737869622146,55.90492630004883,5785126.0
2019-12-19T00:00:00,55.96010485835994,56.208446158919635,55.49100987503744,55.62897872924805,4417951.0
2019-12-20T00:00:00,55.51860770125883,55.877325852364265,55.408230857057575,55.739356994628906,9898580.0
2019-12-23T00:00:00,55.739353920679335,56.125664064014394,55.57378866350816,56.09807205200195,1885497.0
2019-12-27T00:00:00,56.29123389272776,56.539579620527185,55.766954815754254,55.849735260009766,1894377.0
2019-12-30T00:00:00,55.79454604308649,56.26364108061072,55.463424270747325,55.684173583984375,2809550.0
2020-01-02T00:00:00,55.84972962128024,57.505355919365826,55.794541199004236,57.312198638916016,3184995.0
2020-01-03T00:00:00,56.870697479882644,56.870697479882644,56.34641408450993,56.456790924072266,2211722.0
2020-01-07T00:00:00,56.8982952513998,57.17423298320331,56.56716909422905,56.76032638549805,3072708.0
2020-01-08T00:00:00,56.29122643394989,56.29122643394989,55.68416699315829,56.01529312133789,3575195.0
2020-01-09T00:00:00,56.56716239020496,56.62235080903158,55.71175728100499,55.9325065612793,3288094.0
2020-01-10T00:00:00,56.01529366964703,56.09807410374415,55.353041406805325,55.40822982788086,2555821.0
2020-01-13T00:00:00,55.40823179925886,55.62898109638272,54.19410846756137,54.315521240234375,3806591.0
2020-01-14T00:00:00,54.35966909114053,54.503158111374425,53.432519410473404,53.56496810913086,4138327.0
2020-01-15T00:00:00,53.53185546452069,53.53185546452069,51.78793296406552,51.99764633178711,12814913.0
2020-01-16T00:00:00,52.229428814588125,52.94686508178711,52.152168543443594,52.94686508178711,6030929.0
2020-01-17T00:00:00,53.05725037091644,53.46563682851573,52.8806491586989,53.090362548828125,6284869.0
2020-01-20T00:00:00,53.20073032918055,53.26695467370603,52.83649203925823,52.979976654052734,2592752.0
2020-01-21T00:00:00,52.924789783645025,53.057238465572,52.538475267982136,52.726112365722656,3401935.0
2020-01-22T00:00:00,52.88064292938545,53.355253686899175,52.49433276757873,52.62678146362305,2589522.0
2020-01-23T00:00:00,52.207354866626865,52.60470535081097,51.55614291602949,51.64444351196289,3263452.0
2020-01-24T00:00:00,52.25150920986975,52.64885970810528,52.05283176323571,52.130096435546875,2776761.0
2020-01-27T00:00:00,51.65549211857432,51.98661391264398,50.86079102274094,51.03738784790039,3573571.0
2020-01-28T00:00:00,51.16983066451357,52.75922814133941,51.16983066451357,52.527442932128906,4225158.0
2020-01-29T00:00:00,52.75922792104869,52.825452266260896,52.14112817235853,52.339805603027344,3766024.0
2020-01-30T00:00:00,51.75481937253825,52.20735387493134,51.53407008441416,51.88726806640625,4484669.0
2020-01-31T00:00:00,52.31773115290631,52.79234190658037,51.90934474671866,52.25150680541992,5424509.0
2020-02-03T00:00:00,52.26254533305514,52.560559306610074,51.931419184108826,52.32876968383789,3195377.0
2020-02-04T00:00:00,52.42810644096634,53.20073559025548,52.42810644096634,53.079322814941406,4429028.0
2020-02-05T00:00:00,56.23605195012859,56.84311149392117,54.8011747479134,56.31883239746094,12438767.0
2020-02-06T00:00:00,56.89829688785409,59.2989517075638,56.87070487189324,59.21617126464844,8983501.0
2020-02-07T00:00:00,59.24376499487288,60.51307678222656,58.38835540336705,60.51307678222656,5440028.0
2020-02-10T00:00:00,60.485482646528105,61.616825612789576,60.319921761964444,61.202919006347656,5161153.0
2020-02-11T00:00:00,61.53404727027685,61.754796588905435,61.120140649710905,61.67201614379883,3882671.0
2020-02-12T00:00:00,61.80998191184479,61.86517033748737,61.36848329676952,61.42367172241211,4404284.0
2020-02-13T00:00:00,61.20291719761939,61.34088606235598,60.375108404232535,60.70623016357422,4564873.0
2020-02-14T00:00:00,60.89938432867977,60.9269807372308,60.375105306599245,60.4578857421875,2069126.0
2020-02-17T00:00:00,60.154353117742325,60.70622856213006,60.12676110353595,60.37510681152344,2302375.0
2020-02-18T00:00:00,60.07156976798946,61.09254016961949,59.65766320476369,60.34750747680664,3698417.0
2020-02-19T00:00:00,60.84419726116438,61.97554016113281,60.45788708814145,61.97554016113281,3554749.0
2020-02-20T00:00:00,62.08591200657751,62.803348266566594,60.95456919774114,61.230506896972656,4046270.0
2020-02-21T00:00:00,61.0373558269889,61.0373558269889,60.016389752176536,60.51307678222656,5050439.0
2020-02-24T00:00:00,58.664293199861774,59.51970279237724,58.41595188205995,58.55392074584961,4802105.0
2020-02-25T00:00:00,58.55392144708277,59.13338892392592,56.95348348696262,57.14664077758789,5799526.0
2020-02-26T00:00:00,56.64994919295991,58.08482176233385,55.463417924424235,57.588134765625,4737293.0
2020-02-27T00:00:00,56.843105181628395,56.9534820291698,54.37070598901347,55.270263671875,5840738.0
2020-02-28T00:00:00,53.78571577609415,54.24929060238626,52.5053681394441,53.24488067626953,7473087.0
2020-03-02T00:00:00,54.293444951560545,54.62457109451588,52.41706933485699,53.75260543823242,4703097.0
2020-03-03T00:00:00,54.757016526344024,55.29785161236813,53.70845413208008,53.70845413208008,5403313.0
2020-03-04T00:00:00,54.31551801937397,55.132290809801624,53.542893327740146,54.29344177246094,4550127.0
2020-03-05T00:00:00,54.93362345778108,54.97777156114382,52.991023404199645,54.20514678955078,5638034.0
2020-03-06T00:00:00,53.25591940004891,53.553933373688835,52.29565752336007,52.91375732421875,5765489.0
2020-03-09T00:00:00,50.397204000740146,52.03075390724017,49.249305135504684,50.882850646972656,13786002.0
2020-03-10T00:00:00,51.23605967045108,52.59367206155528,49.39279617487834,49.944671630859375,8599551.0
2020-03-11T00:00:00,50.573810312362525,51.08153325611067,48.80780714577094,49.22723388671875,7751999.0
2020-03-12T00:00:00,46.90935658077992,47.51642040394263,43.2449061851079,43.30009460449219,12425908.0
2020-03-13T00:00:00,44.40385300702611,46.75483964062059,42.95793990501818,43.697452545166016,10510755.0
2020-03-16T00:00:00,42.08597009608873,42.19634253652826,39.62460709936701,41.20296859741211,9435066.0
2020-03-17T00:00:00,41.556173023408185,44.90053329024435,39.73498591269925,44.05064392089844,10331829.0
2020-03-18T00:00:00,42.84755521676526,45.20958174147212,41.379570527535684,42.32879638671875,9548199.0
2020-03-19T00:00:00,42.58265985025913,45.67315870517651,42.21842154342264,45.18750762939453,9559160.0
2020-03-20T00:00:00,47.38396739471896,47.825470355472,43.874046325683594,43.874046325683594,9692073.0
2020-03-23T00:00:00,42.31775394053031,44.59147976006437,41.53409337692061,41.6555061340332,7034646.0
2020-03-24T00:00:00,43.38840023782602,44.19413719035259,41.810038509244336,43.22283935546875,10903406.0
2020-03-25T00:00:00,44.977797655870816,47.16322326660156,43.542924962936425,47.16322326660156,6688928.0
2020-03-26T00:00:00,45.805604468111866,47.538490901185305,45.3420296695502,47.49434280395508,4480936.0
2020-03-27T00:00:00,47.03077106047421,47.40604529392086,45.17647174577379,45.77249526977539,6189169.0
2020-03-30T00:00:00,45.66212270392061,45.66212270392061,43.289060145285575,43.995460510253906,8327588.0
2020-03-31T00:00:00,44.7239305116765,46.20295551582109,44.60251774894629,45.882869720458984,8786708.0
2020-04-01T00:00:00,44.701862754807614,45.62901253990021,44.43696532765714,44.48111343383789,5628401.0
2020-04-02T00:00:00,44.55837386472047,44.79015909137598,42.472284849658166,43.52084732055664,5975464.0
2020-04-03T00:00:00,43.81885855236329,43.81885855236329,42.108048288693304,42.284645080566406,4031160.0
2020-04-06T00:00:00,43.48773595695741,43.863010213330085,42.73718744421206,43.664337158203125,5047741.0
2020-04-07T00:00:00,44.48110945146623,46.0594711303711,43.84093779647819,46.059471130371094,8500204.0
2020-04-08T00:00:00,45.78353340591008,45.9711749267228,44.955724625130635,45.45241165161133,5263706.0
2020-04-09T00:00:00,46.103618925060005,46.15880734349046,44.96675596452751,45.297882080078125,2314748.0
2020-04-14T00:00:00,45.81664597074783,45.94909906862566,44.834312231268996,45.25373458862305,6826675.0
2020-04-15T00:00:00,45.032982294582915,45.032982294582915,42.56058323217419,42.637847900390625,4963191.0
2020-04-16T00:00:00,43.01312536510408,43.211798421118246,41.73277324290393,42.085975646972656,4208588.0
2020-04-17T00:00:00,43.32217665483276,44.03961301784196,43.01312673891808,43.98442459106445,5553442.0
2020-04-20T00:00:00,44.24932239854603,44.37073516845703,43.322172734697865,44.37073516845703,3656429.0
2020-04-21T00:00:00,44.05064589052246,44.08375806528626,42.95793533325195,42.95793533325195,3726466.0
2020-04-22T00:00:00,44.646674359681576,46.29126037603822,44.08375859190739,46.24711227416992,8400366.0
2020-04-23T00:00:00,46.35748593289735,46.865208895243654,45.75042204745488,46.776912689208984,4475824.0
2020-04-24T00:00:00,45.96013621077867,46.75483723892837,45.6069381955081,46.357486724853516,4301178.0
2020-04-27T00:00:00,47.185297531797005,47.65990830211218,46.78794703791413,47.64887237548828,3885149.0
2020-04-28T00:00:00,47.73717029460178,49.27137936581759,46.9866174504846,49.17204284667969,4758277.0
2020-04-29T00:00:00,49.17204651028956,51.40162017165168,49.06167405692369,51.32435989379883,4846679.0
2020-04-30T00:00:00,51.31331456275635,51.31331456275635,49.80117737850062,49.83428955078125,4671138.0
2020-05-04T00:00:00,47.8475445329581,47.8475445329581,46.13673421135848,46.33540725708008,6189102.0
2020-05-05T00:00:00,47.074924244095314,48.211787388501534,46.73276214753091,48.046226501464844,4459946.0
2020-05-06T00:00:00,47.92480761758497,48.233857497394304,47.18529509125319,47.207366943359375,3133766.0
2020-05-07T00:00:00,47.339820150238324,48.41045441117873,46.98661777526361,48.35527038574219,3972425.0
2020-05-08T00:00:00,48.609134246667445,48.92922006914407,48.00207038159193,48.25593185424805,3163622.0
2020-05-11T00:00:00,48.27800576985142,48.96232987830842,48.06829240886433,48.94025802612305,4304479.0
2020-05-12T00:00:00,48.840919735296545,49.59147262573242,48.39942113741605,49.59147262573242,4852180.0
2020-05-13T00:00:00,48.840915795870785,48.840915795870785,46.18087970639114,46.26918029785156,6188366.0
2020-05-14T00:00:00,45.96013135511644,46.236069060875955,44.50318255412298,45.41929626464844,5155837.0
2020-05-15T00:00:00,46.08154898994134,46.94247437126472,45.882875930420276,46.357486724853516,4760852.0
2020-05-18T00:00:00,47.01972935796684,48.443570371030695,46.909356913447745,48.399417877197266,3432912.0
2020-05-19T00:00:00,48.829887436205595,48.84092336371109,46.78795077552123,47.659912109375,4831727.0
2020-05-20T00:00:00,47.26255558598731,47.97999626358736,46.85416918468248,47.383968353271484,1866880.0
2020-05-22T00:00:00,46.92039416984335,48.134521859206274,46.18088162997042,47.93584442138672,3635410.0
2020-05-25T00:00:00,48.289046196394246,48.38838271654216,47.417080577231985,47.968955993652344,2526697.0
2020-05-26T00:00:00,48.399417877197266,48.741579926761254,47.88065464236405,48.399417877197266,5563461.0
2020-05-27T00:00:00,48.71951007360124,51.567188078414766,48.62017354198785,50.805599212646484,6391066.0
2020-05-28T00:00:00,51.20294098052808,51.29124156965514,50.23163889516252,50.474464416503906,4918872.0
2020-05-29T00:00:00,50.055051541534084,50.264764930838574,48.82988777852146,49.19412612915039,10174034.0
2020-06-01T00:00:00,49.779111552657405,49.999860859593525,49.061675206356846,49.51420974731445,3443277.0
2020-06-02T00:00:00,49.66873528461234,51.00427146402169,49.481098151762794,50.662109375,3707456.0
2020-06-03T00:00:00,51.21398403772862,51.73274732419434,50.96012255553242,51.67755889892578,4951467.0
2020-06-04T00:00:00,51.31331957193943,51.60029761976239,50.51862296459435,51.32435989379883,5177241.0
2020-06-05T00:00:00,51.9755696551676,52.152170847058905,50.91597129388456,51.63340759277344,7622179.0
2020-06-08T00:00:00,51.633407905543095,54.19410762334889,51.633407905543095,53.57600784301758,7563896.0
2020-06-09T00:00:00,53.300070442773304,53.45459538877117,51.50095951330518,52.20735549926758,6470374.0
2020-06-10T00:00:00,52.593671318435234,53.75260624359419,52.28462141905517,53.300071716308594,6596637.0
2020-06-11T00:00:00,52.09698162948667,52.09698162948667,49.32656860351562,49.326568603515625,8210949.0
2020-06-12T00:00:00,48.564978436012055,50.441353931356346,48.49875409071071,49.183082580566406,3956591.0
2020-06-15T00:00:00,48.20074335537373,49.56939151147285,47.82546914450991,49.26034164428711,5661055.0
2020-06-16T00:00:00,50.496541337804175,51.18086541889985,49.60250390410637,51.02634048461914,7185821.0
2020-06-17T00:00:00,51.14775807363179,51.567184818416564,50.65107105193182,50.772483825683594,4764610.0
2020-06-18T00:00:00,50.739370833318176,50.904931706207314,49.977782027963215,50.62899398803711,5070462.0
2020-06-22T00:00:00,50.3640965765019,50.6400342945904,49.65769619399663,50.021934509277344,4180300.0
2020-06-23T00:00:00,50.308911358763424,51.51199883146315,50.16542232980617,50.662109375,3686698.0
2020-06-24T00:00:00,50.353056620264205,50.816631462612186,49.22723388671875,49.22723388671875,2886324.0
2020-06-25T00:00:00,48.67535867987966,49.98882293701172,48.4987574833674,49.98882293701172,3176386.0
2020-06-26T00:00:00,50.110234252213885,50.44135599224931,49.28242111206055,49.28242111206055,3664132.0
2020-06-29T00:00:00,49.271378085150495,50.253716115056406,48.98440446120042,50.220603942871094,2605807.0
2020-06-30T00:00:00,50.24268104182684,50.364093806910425,48.653279169835294,48.807804107666016,5357009.0
2020-07-01T00:00:00,48.45460494908622,49.28241803759677,48.222815350489135,48.86299133300781,4819652.0
2020-07-02T00:00:00,49.21619538992191,49.83429075240808,49.03959420347885,49.76806640625,3781242.0
2020-07-03T00:00:00,49.70184283427842,49.84533184987752,49.1168552407269,49.326568603515625,1696707.0
2020-07-06T00:00:00,49.94467145022736,51.22502355828061,49.922595201458826,50.92700958251953,2792921.0
2020-07-07T00:00:00,50.77248138646671,50.89389415438556,50.231641893913235,50.29787063598633,2179506.0
2020-07-08T00:00:00,49.7570339024047,50.264761249590705,49.60250895239723,49.977783203125,2406540.0
2020-07-09T00:00:00,50.40824813039034,50.44136030722644,49.07271194458008,49.07271194458008,2434622.0
2020-07-10T00:00:00,48.664319985237775,49.75703048706055,48.664319985237775,49.75703048706055,2366348.0
2020-07-13T00:00:00,50.330989989710325,51.33540005483801,50.22061313220784,51.103614807128906,4045652.0
2020-07-14T00:00:00,50.75040937991238,51.78793595700168,50.41928761703936,51.26917266845703,3817151.0
2020-07-15T00:00:00,52.284618157193364,52.284618157193364,49.69080634957045,49.95570373535156,8286920.0
2020-07-16T00:00:00,49.95569988730293,51.511989489016266,49.70183844714002,50.93803787231445,5699182.0
2020-07-17T00:00:00,51.081531432097265,51.081531432097265,49.624582607461384,49.911556243896484,6694286.0
2020-07-20T00:00:00,49.80118321286453,49.87844788725922,48.719508536567524,48.73054885864258,5358261.0
2020-07-21T00:00:00,49.09478213151751,49.436944179926094,48.68639134258243,48.807804107666016,4832314.0
2020-07-22T00:00:00,48.84092011287165,49.01752131140211,48.43253368692345,48.785736083984375,2949962.0
2020-07-23T00:00:00,48.91818660102753,49.10582373329333,47.91377219151701,48.112449645996094,2583901.0
2020-07-24T00:00:00,47.73717598653045,48.01311372483637,47.383973571883146,47.50538635253906,2766625.0
2020-07-27T00:00:00,47.51642528271243,47.72613426585315,46.92039732421627,47.361900329589844,4271604.0
2020-07-28T00:00:00,47.38397236719669,47.64887417144733,47.18529931028321,47.57160949707031,3348609.0
2020-07-29T00:00:00,47.65990486037747,47.81442979711563,47.27359471604818,47.43915557861328,3718292.0
2020-07-30T00:00:00,47.439154994505266,47.494343413024836,45.805605055525156,45.882869720458984,4993918.0
2020-07-31T00:00:00,46.04843479368056,46.54512181573136,45.617972121898866,45.68419647216797,4406084.0
2020-08-03T00:00:00,45.684198289037504,46.412674961034355,45.37514837880236,46.1588134765625,2850982.0
2020-08-04T00:00:00,46.445782903153784,46.95350582580982,46.20295736795922,46.390594482421875,2030898.0
2020-08-05T00:00:00,46.63342123525225,46.73275775814406,46.09258173000947,46.31333541870117,2432835.0
2020-08-06T00:00:00,46.35748389923734,46.52304477208017,45.92702123481353,46.11465835571289,2709699.0
2020-08-07T00:00:00,45.93805936135568,46.16984898946878,45.640049775966546,45.80561065673828,1938261.0
2020-08-10T00:00:00,46.213996295589446,47.21841067503485,46.08154759325646,46.832096099853516,3447510.0
2020-08-11T00:00:00,47.18529775592217,48.432533271647024,46.98662031052078,48.4214973449707,5110743.0
2020-08-12T00:00:00,48.34423308765821,49.07270973532196,48.13452410881492,48.785736083984375,4223209.0
2020-08-13T00:00:00,48.56498218464374,49.227234478839485,48.36630913340454,48.59809875488281,2379054.0
2020-08-14T00:00:00,48.564982576888724,48.564982576888724,47.836510321428804,48.38838577270508,2433502.0
2020-08-17T00:00:00,48.24489551935095,48.71950628573656,47.70406040370525,47.86962127685547,2892174.0
2020-08-18T00:00:00,47.604722482311566,48.28905105616505,47.35086099581883,47.7150993347168,3260811.0
2020-08-19T00:00:00,47.748209910303075,48.28904943690048,47.670949632236365,47.99103546142578,2221467.0
2020-08-20T00:00:00,47.58264981914284,47.79236319812885,47.317748014892196,47.57160949707031,3163970.0
2020-08-21T00:00:00,47.693022489369405,48.013112720325836,47.53849753495231,47.73717498779297,3251508.0
2020-08-24T00:00:00,48.11244625860591,48.58705701944539,47.858584791064615,48.4766845703125,2647998.0
2020-08-25T00:00:00,48.88507015407351,49.514205849061234,48.28904663276764,48.333194732666016,3907170.0
2020-08-26T00:00:00,48.20074604494796,48.74158114518525,47.99103268157744,48.32215881347656,2115264.0
2020-08-27T00:00:00,48.36630554101601,48.97336936643393,48.34422929417385,48.807804107666016,2860955.0
2020-08-28T00:00:00,49.11685783743829,49.4921320880411,48.54291053476313,48.785736083984375,4323879.0
2020-08-31T00:00:00,48.885072378662215,49.282422875958936,48.00207078522144,48.024147033691406,3232999.0
2020-09-01T00:00:00,48.686391071941976,48.6974313928178,47.70405742586121,48.01310729980469,5254316.0
2020-09-02T00:00:00,47.737172338728115,48.178670928267664,46.832094516629844,47.09699630737305,6441732.0
2020-09-03T00:00:00,47.483311866872775,47.637836815960625,46.01532265302187,46.24711227416992,5521291.0
2020-09-04T00:00:00,46.19192927868924,46.67757603644025,45.69524219789937,45.982215881347656,4006306.0
2020-09-07T00:00:00,46.28022899575792,47.13011410171499,46.08155153025176,47.019737243652344,2873400.0
2020-09-08T00:00:00,47.18529789201332,47.48331186345866,46.83209549696216,46.86520767211914,3939504.0
2020-09-09T00:00:00,46.743792038307205,47.68197751386366,46.55615054816406,47.615753173828125,2952194.0
2020-09-10T00:00:00,47.626800138904976,47.9468859882845,47.1632252561659,47.825477600097656,3041256.0
2020-09-11T00:00:00,47.79235771643498,48.05725509526972,47.15218172586409,47.26255416870117,2592929.0
2020-09-14T00:00:00,47.57160931273056,47.72613426585315,47.26255940648538,47.361900329589844,1993371.0
2020-09-15T00:00:00,47.19633188509083,47.693018887128815,44.72393280115693,45.18750762939453,13154725.0
2020-09-16T00:00:00,46.08154640303503,46.776910862388114,45.78353243545049,46.28022384643555,11958518.0
2020-09-17T00:00:00,45.80560898527767,45.83872116022375,43.71952438354492,43.71952438354492,19612555.0
2020-09-18T00:00:00,43.664338793809,43.80782782457513,42.361914774658246,42.79237747192383,18133157.0
2020-09-21T00:00:00,42.648886823065794,42.78133552642003,41.313350677490234,41.313350677490234,10992241.0
2020-09-22T00:00:00,41.94248276132032,42.08597177414821,41.24712273422632,41.50098419189453,7745803.0
2020-09-23T00:00:00,41.46787380934481,42.24049853671469,41.40164946057488,41.42372131347656,5936850.0
2020-09-24T00:00:00,40.949112148091096,41.57824788098139,40.871851869856286,41.12571334838867,5491387.0
2020-09-25T00:00:00,41.52306568369085,41.6224022151041,40.761476819456995,41.0263786315918,5509680.0
2020-09-28T00:00:00,41.754844886301264,41.99767041355637,41.41268284199602,41.942481994628906,6865745.0
2020-09-29T00:00:00,42.052861424229384,42.052861424229384,41.1698598520665,41.41268539428711,5529173.0
2020-09-30T00:00:00,41.28023371409638,42.08597055777547,41.15882095175854,41.56720733642578,7315297.0
2020-10-01T00:00:00,41.9424874179018,42.05286427002874,41.42372412396411,41.66654968261719,6249074.0
2020-10-02T00:00:00,41.48995066828513,41.62239936777551,40.91599897877267,41.379573822021484,5499298.0
2020-10-05T00:00:00,41.776922930282716,42.16323308933117,41.5892858138822,41.84314727783203,6542309.0
2020-10-06T00:00:00,41.94248363129972,42.49435905204519,41.898335531454315,42.24049758911133,7740851.0
2020-10-07T00:00:00,42.16323632453905,42.33983752824283,41.876262664794915,41.87626266479492,5360146.0
2020-10-08T00:00:00,42.11908902516838,42.25153773295827,41.821075037608345,42.03078842163086,5593640.0
2020-10-09T00:00:00,42.0859758366954,42.28464889360518,41.633436902579554,41.69966125488281,3758214.0
2020-10-12T00:00:00,42.273609376543185,43.03519815341925,42.229461277101116,42.461246490478516,7322576.0
2020-10-13T00:00:00,42.737187627143555,42.737187627143555,42.09701156616211,42.09701156616211,9244932.0
2020-10-14T00:00:00,42.49436248028849,43.43254813422474,42.48332655319489,43.04623794555664,10499678.0
2020-10-15T00:00:00,43.44358641569514,43.46565826884555,42.70407385437652,42.968971252441406,7586626.0
2020-10-16T00:00:00,43.36632277793244,43.50981180199173,42.869635749692904,43.2890625,7172077.0
2020-10-19T00:00:00,43.35528585151429,43.81886069351872,43.167648729395765,43.54292297363281,5695797.0
2020-10-20T00:00:00,43.58707227537785,43.92923435425424,43.00208464471189,43.487735748291016,6532746.0
2020-10-21T00:00:00,43.59811320110211,44.0064996370256,42.56058662818362,42.86963653564453,10311062.0
2020-10-22T00:00:00,43.11246007174125,43.156608172868395,42.08597386896866,42.77029800415039,6888289.0
2020-10-23T00:00:00,42.94689559936524,43.189716727762494,42.65991758347667,42.946895599365234,7055755.0
2020-10-26T00:00:00,42.56058318330038,42.71510812452348,41.93144749226073,42.052860260009766,5350031.0
2020-10-27T00:00:00,42.251532409767385,42.40605734773155,41.20297001679399,41.32438278198242,4886939.0
2020-10-28T00:00:00,41.114674041767664,41.114674041767664,39.9778153237388,40.286865234375,7981022.0
2020-10-29T00:00:00,40.28686320513481,40.64006120162879,39.712911516420526,40.22063446044922,6866048.0
2020-10-30T00:00:00,40.17648270670121,40.419308230043,39.80120849609375,39.80120849609375,5729290.0
2020-11-02T00:00:00,40.2868640408135,40.93807601928711,39.569423316280506,40.93807601928711,7486892.0
2020-11-03T00:00:00,41.36853771496511,41.77692413330078,40.96014690159695,41.77692413330078,7225260.0
2020-11-04T00:00:00,40.97118879222513,42.39502554516079,40.77251134121512,42.09701156616211,5616310.0
2020-11-05T00:00:00,42.15219758781855,42.52747182440092,41.92040797402802,42.218421936035156,5323102.0
2020-11-06T00:00:00,42.28464645922274,42.5164360739724,41.7217351020199,41.82107162475586,4349934.0
2020-11-09T00:00:00,42.28464775156065,44.87845971856856,41.964561925729036,44.70185852050781,15165804.0
2020-11-10T00:00:00,44.867420527764416,46.47889425649599,44.35969321903459,46.23606872558594,11927871.0
2020-11-11T00:00:00,46.12569989151035,46.53408631862835,45.47448351944297,46.03739929199219,7444817.0
2020-11-12T00:00:00,45.640049390075724,46.05947174949544,45.54071286245258,46.00428771972656,8006199.0
2020-11-13T00:00:00,45.717308681555096,46.24711227416992,45.27581008274194,46.24711227416992,6629302.0
2020-11-16T00:00:00,46.512010270871265,47.42812405041715,46.41267374412152,46.832096099853516,6894446.0
2020-11-17T00:00:00,46.96455320965399,47.15219035233411,46.545126423055514,47.019737243652344,5853836.0
2020-11-18T00:00:00,46.854173950316074,47.152187935785626,46.48993561141612,47.14114761352539,5343259.0
2020-11-19T00:00:00,46.63342963528625,47.2404935984734,46.56720527476278,47.0528564453125,4971932.0
2020-11-20T00:00:00,47.05284800426018,47.84754458301031,46.89832305908203,46.89832305908203,5301170.0
2020-11-23T00:00:00,47.00869412531395,47.56056954114524,46.97558195196666,47.383968353271484,4623822.0
2020-11-24T00:00:00,47.46123744839022,48.53187181154429,47.38397277335092,48.50979995727539,5308553.0
2020-11-25T00:00:00,48.99544122498674,49.028557792770656,48.02414349921662,48.79676818847656,5357442.0
2020-11-26T00:00:00,48.85196022223756,48.962332674564706,48.531870001913965,48.609134674072266,2811547.0
2020-11-27T00:00:00,48.079330510409264,49.006480110361885,48.03517801801223,48.6863899230957,5492589.0
2020-11-30T00:00:00,48.46564501739697,48.69743463580664,47.96895800084198,48.068294525146484,6822424.0
2020-12-01T00:00:00,47.90273369157144,48.66432250194443,47.41708260118678,48.63121032714844,4706901.0
2020-12-02T00:00:00,48.56498059091227,48.98440732314098,48.01310955723634,48.88507080078125,4423787.0
2020-12-03T00:00:00,48.67536063942205,48.907150268554695,48.00207239626771,48.90715026855469,4133337.0
2020-12-04T00:00:00,48.89610853679149,48.97337320928578,48.52083428618868,48.785736083984375,4549949.0
2020-12-07T00:00:00,48.74158479210402,48.75262511418053,47.99103627233904,48.134525299072266,4686964.0
2020-12-08T00:00:00,48.14556081675025,48.17867299263288,47.6267975345454,47.770286560058594,5665180.0
2020-12-09T00:00:00,48.01311332827477,48.15659796238645,47.46123785622112,47.704063415527344,5268621.0
2020-12-10T00:00:00,47.825472730150885,47.84754458301031,46.44578414997733,46.89832305908203,9229115.0
2020-12-11T00:00:00,46.74379908111532,46.90935995614892,45.77249689416481,46.07051086425781,6502091.0
2020-12-14T00:00:00,46.280221992787325,46.61134372680506,45.79457092285156,45.79457092285156,6212624.0
2020-12-15T00:00:00,45.75042184464612,46.1919248480256,45.43033601284956,46.00428771972656,7472191.0
2020-12-16T00:00:00,46.00428932346939,46.36852327078505,45.48552602330944,45.73938751220703,5528642.0
2020-12-17T00:00:00,45.80561146583613,46.048437025279,45.27581224297566,45.37514877319336,6131726.0
2020-12-18T00:00:00,45.19855078172888,46.247113272827114,45.06609768319873,46.00428771972656,8751240.0
2020-12-21T00:00:00,45.25373336568009,45.41929863479497,44.18309905489321,44.723934173583984,6687879.0
2020-12-22T00:00:00,45.01091485401106,45.13232323876704,44.55837591161371,44.768089294433594,3456325.0
2020-12-23T00:00:00,44.768089850336615,45.927024841308594,44.679789246209005,45.927024841308594,3235999.0
2020-12-28T00:00:00,46.48993380598448,46.48993380598448,45.794573726936754,46.059471130371094,2446506.0
2020-12-29T00:00:00,46.191926653691425,46.213998508448725,45.81664798739088,45.927024841308594,2876648.0
2020-12-30T00:00:00,45.860791813551344,46.125693575834646,45.58485412597656,45.58485412597656,4279449.0
2021-01-04T00:00:00,45.78353804498691,46.26918919387774,45.44137593418647,45.60694122314453,4270784.0
2021-01-05T00:00:00,45.44137433915307,45.83872486565885,45.30892562866211,45.30892562866211,2714740.0
2021-01-07T00:00:00,46.35748593677669,47.40604843261087,45.684197699235554,47.361900329589844,8792398.0
2021-01-08T00:00:00,47.483311057243704,47.59368350754878,46.556156983492755,46.6886100769043,4569572.0
2021-01-11T00:00:00,46.68860866050898,46.99765854403948,46.258146008803486,46.567195892333984,3731138.0
2021-01-12T00:00:00,46.633420711967375,47.516422271728516,46.53408419019024,47.516422271728516,4193988.0
2021-01-13T00:00:00,47.516420030040145,47.516420030040145,47.01972865452222,47.240482330322266,3740594.0
2021-01-14T00:00:00,47.494348639386416,48.322161823177616,47.37293586329573,48.16763687133789,5156081.0
2021-01-15T00:00:00,48.0131121132197,48.38838636991135,47.49434883101485,47.770286560058594,4219190.0
2021-01-18T00:00:00,47.461234652838414,47.7040601957552,47.29566938537745,47.681983947753906,3486766.0
2021-01-19T00:00:00,48.06829755618395,48.962335121364674,47.891700744628906,47.891700744628906,5338143.0
2021-01-20T00:00:00,47.90273104701402,48.20074499875812,47.858582948067465,48.00206756591797,4192122.0
2021-01-21T00:00:00,48.12348437365076,48.465646453079245,48.03518377330912,48.16763687133789,4533865.0
2021-01-22T00:00:00,47.95792247060704,48.046223069062734,47.52745980003086,47.8475456237793,5036270.0
2021-01-25T00:00:00,47.94687842646658,47.94687842646658,46.53408214595792,46.84313201904297,4554266.0
2021-01-26T00:00:00,46.81002267092055,47.35085778393534,46.53408495365751,47.085960388183594,5368227.0
2021-01-27T00:00:00,47.185297476149096,47.58264796956336,46.37956056270969,46.489933013916016,5040582.0
2021-01-28T00:00:00,46.44578393441587,46.96454718975607,45.551746441817954,46.72172164916992,4150302.0
2021-01-29T00:00:00,46.346448799648,46.68861087298307,45.81664520703317,46.24711227416992,5404522.0
2021-02-01T00:00:00,46.24711247066068,46.721723246649674,45.982210673227776,46.44578552246094,4696453.0
2021-02-02T00:00:00,46.854172556620604,46.854172556620604,46.26918492534242,46.41267395019531,4015489.0
2021-02-03T00:00:00,47.04180741972606,47.06388366749446,45.717307269172935,46.147769927978516,8008246.0
2021-02-04T00:00:00,46.40163604922604,46.99765958204675,46.258147030477616,46.89832305908203,6869385.0
2021-02-05T00:00:00,47.01973465973451,47.29567239469429,46.324374556258114,46.34645080566406,4438933.0
2021-02-08T00:00:00,46.42370426268228,46.76586630053622,46.31333182194054,46.51200485229492,3518555.0
2021-02-09T00:00:00,46.51200945349738,46.61134597850144,45.82768531009271,46.081546783447266,4484726.0
2021-02-10T00:00:00,46.19192504508425,46.97558573749795,46.02635976997339,46.78794860839844,4121965.0
2021-02-11T00:00:00,46.99766641902251,47.019738275092834,46.45682683470427,46.76587677001953,3599480.0
2021-02-12T00:00:00,46.765869966763326,46.89832305908204,46.42370790208547,46.89832305908203,4210039.0
2021-02-15T00:00:00,47.074922656127235,47.79236339749494,46.89832584758947,47.759246826171875,4154252.0
2021-02-16T00:00:00,47.80340195552531,48.11245188126636,47.52746420789701,47.79236602783203,4544797.0
2021-02-17T00:00:00,47.53849209615234,47.91376631465469,47.22944222267603,47.43915557861328,4472086.0
2021-02-18T00:00:00,47.350858021539985,47.924809706936266,47.30670992037064,47.858585357666016,5633537.0
2021-02-19T00:00:00,47.89169453539602,48.01310729980469,47.461231897043874,48.01310729980469,5909742.0
2021-02-22T00:00:00,48.01311031793976,48.46564483642578,47.792361021965434,48.46564483642578,5188381.0
2021-02-23T00:00:00,48.53186640475171,48.95129311959176,48.02414349260743,48.807804107666016,5035811.0
2021-02-24T00:00:00,48.7636608347319,49.84533550659095,48.12348477321415,49.72392272949219,6274194.0
2021-02-25T00:00:00,49.94467303589699,51.20294893513011,49.94467303589699,50.06608581542969,6153269.0
2021-02-26T00:00:00,49.635625986472434,50.16542523906852,49.03960237668096,49.12790298461914,7151672.0
2021-03-01T00:00:00,49.47006084833134,50.09919658273276,49.459020526390844,49.944671630859375,4133631.0
2021-03-02T00:00:00,49.88947902624587,50.55173127594911,49.67977006237103,50.14334487915039,5713888.0
2021-03-03T00:00:00,50.386172441346204,50.805599212646484,50.14335127352441,50.805599212646484,6575272.0
2021-03-04T00:00:00,51.103610396890026,51.865194825813894,51.07049822150345,51.73274612426758,6476205.0
2021-03-05T00:00:00,51.76585691652158,52.30669642510594,51.50095952050675,52.196319580078125,5453626.0
2021-03-08T00:00:00,52.42810372225417,54.17203058859021,52.40603186972896,54.01750564575195,6712255.0
2021-03-09T00:00:00,54.08373543585249,54.31552507095112,53.25592221698037,53.73053741455078,4758903.0
2021-03-10T00:00:00,53.80779228153594,54.050617819572125,53.46563022203924,54.01750564575195,5119343.0
2021-03-11T00:00:00,54.08373259022065,54.23825754047842,53.32214376572428,53.49874496459961,5856860.0
2021-03-12T00:00:00,53.47666539090876,54.447967529296875,53.42148136534495,54.447967529296875,5911310.0
2021-03-15T00:00:00,54.52522570373055,54.79012747537787,53.708452932457526,53.77467727661133,4851050.0
2021-03-16T00:00:00,53.84090162726659,54.1389155710268,53.45459148797874,53.763641357421875,5863214.0
2021-03-17T00:00:00,53.84090410842055,55.08814396438476,53.70845541399332,54.83427810668945,7772931.0
2021-03-18T00:00:00,55.0881512273706,55.176447438608434,54.61353601804445,55.032962799072266,5453650.0
2021-03-19T00:00:00,54.85635396781482,55.09917950257636,54.45900349229887,55.05502700805664,7897825.0
2021-03-22T00:00:00,54.80117556774947,55.62898884352328,54.42590127087329,54.91155242919922,5368507.0
2021-03-23T00:00:00,54.91154670175514,55.38064172143886,54.75702174886279,55.2150764465332,4618479.0
2021-03-24T00:00:00,54.76804961054435,55.84972412150038,54.62456500079525,55.8221321105957,6301384.0
2021-03-25T00:00:00,55.458934053945605,55.458934053945605,54.075917635573305,54.4101448059082,8892742.0
2021-03-26T00:00:00,54.61759702410672,54.95182417749932,54.22573864424796,54.65217208862305,6098928.0
2021-03-29T00:00:00,54.45624595852724,54.80199660854911,54.13354229237065,54.352516174316406,4362353.0
2021-03-30T00:00:00,54.50234243676159,55.21689987182618,54.38708916501383,55.21689987182617,4146433.0
2021-03-31T00:00:00,55.0901289942172,55.136232143523436,54.58302188707614,54.663700103759766,4267854.0
2021-04-01T00:00:00,54.66369158276174,55.22842524390239,54.47928819269085,55.14774703979492,2140507.0
2021-04-06T00:00:00,55.5511390521692,56.01214302254267,54.87115200044195,55.113182067871094,6984511.0
2021-04-07T00:00:00,55.11317598571167,55.88536007493344,55.05554934847335,55.862308502197266,4461384.0
2021-04-08T00:00:00,55.896887705469084,56.13891776410898,55.19385369319692,55.35520553588867,3801540.0
2021-04-09T00:00:00,55.45893565647695,55.74706427651375,55.05555375274361,55.58571243286133,3882743.0
2021-04-12T00:00:00,55.58570798618004,55.862308502197266,55.37825300996292,55.862308502197266,3399280.0
2021-04-13T00:00:00,55.88536413452478,55.98908933556598,55.40130860712795,55.666385650634766,4609126.0
2021-04-14T00:00:00,55.643330965455114,55.65485904661824,54.709795029865006,55.37825393676758,5060784.0
2021-04-15T00:00:00,55.401311178972286,55.43588624759107,54.88268056048582,55.02098083496094,3838730.0
2021-04-16T00:00:00,55.28605705142432,55.91994094848633,55.15928027201192,55.91994094848633,5009648.0
2021-04-19T00:00:00,55.91993920153851,56.06976755140106,55.48198223375849,55.666385650634766,2772261.0
2021-04-20T00:00:00,55.643336640119294,55.78164150375149,53.684067455048016,53.995243072509766,4995916.0
2021-04-21T00:00:00,54.6982756825491,55.56266155347458,53.672537965952394,53.97219467163086,6784150.0
2021-04-22T00:00:00,54.35252251358372,54.35252251358372,53.26916270181985,53.71864318847656,4980434.0
2021-04-23T00:00:00,53.764740360365884,54.28337097167969,53.61491200562012,54.28337097167969,5439575.0
2021-04-26T00:00:00,54.283365519241094,54.76742101379383,53.98371342905252,54.755897521972656,4095681.0
2021-04-27T00:00:00,55.055553845866235,55.14775555513851,54.02981614036847,54.97488021850586,4645378.0
2021-04-28T00:00:00,55.21690772876051,55.51655985305708,54.67522553503631,55.32063293457031,4649795.0
2021-04-29T00:00:00,55.47045622512803,56.680597283332816,55.389782602156686,56.311790466308594,6821354.0
2021-04-30T00:00:00,56.323312616539944,56.818896191458904,56.081287164187614,56.576866149902344,4226594.0
2021-05-03T00:00:00,56.703643798828125,56.78432201033698,56.04671297158933,56.703643798828125,5230285.0
2021-05-04T00:00:00,56.70364498285056,56.980250099108304,55.6433322543358,55.7240104675293,5240392.0
2021-05-05T00:00:00,56.18500874953586,56.703639274757144,55.98908186619467,56.692115783691406,4019412.0
2021-05-06T00:00:00,56.64602810505351,57.06093355633808,55.90842351299782,56.79585647583008,3885087.0
2021-05-07T00:00:00,57.049402810365144,57.107029452508314,56.3233172156113,56.71517562866211,3048310.0
2021-05-10T00:00:00,56.95720218355816,57.245330810546875,56.53077328416037,57.245330810546875,3046442.0
2021-05-11T00:00:00,56.95719828442668,57.060923481632756,56.196537659840075,56.21958923339844,5324535.0
2021-05-12T00:00:00,55.83926050948744,56.06976707321922,55.28605485278107,55.75858688354492,3831880.0
2021-05-14T00:00:00,56.53076998141594,57.74090647270396,56.09281302543473,57.45277786254883,6416970.0
2021-05-17T00:00:00,57.418200962972996,57.452776027951195,56.40399140827195,56.91109848022461,4210548.0
2021-05-18T00:00:00,57.10702497324435,57.24532523217652,56.49619271068827,56.99177169799805,3930854.0
2021-05-19T00:00:00,56.53077070430595,56.968723076683084,55.97756505071119,56.26569366455078,5023155.0
2021-05-20T00:00:00,56.4039959072872,56.69212453122405,55.79316359167743,56.62297439575195,3635697.0
2021-05-21T00:00:00,56.62297485435467,56.99177710959445,56.265696092052025,56.83042526245117,4496257.0
2021-05-24T00:00:00,56.88804241958305,57.14159593555792,56.41551044988407,56.5883903503418,2842759.0
2021-05-25T00:00:00,56.58839757959935,56.79584797960605,56.265693897897044,56.36941909790039,3639550.0
2021-05-26T00:00:00,56.185016835978345,56.23111998528458,54.041344301762294,54.663700103759766,8373607.0
2021-05-27T00:00:00,54.536918814099145,55.020974306531976,54.22573864424796,54.65217208862305,18968346.0
2021-05-28T00:00:00,54.94029781045311,55.1707997582335,54.52539246876682,54.767417907714844,3978921.0
2021-05-31T00:00:00,54.62911906198035,54.62911906198035,53.58032989501953,53.58032989501953,5347721.0
2021-06-01T00:00:00,53.93761643407292,54.29489517211914,53.81083966355287,54.29489517211914,4566309.0
2021-06-02T00:00:00,54.444718049660246,54.894198485315165,54.271842724102314,54.467769622802734,3303773.0
2021-06-03T00:00:00,54.4447189276925,54.66369740306688,53.93761643480973,54.594547271728516,3747604.0
2021-06-04T00:00:00,54.744375677931416,54.744375677931416,53.684067455048016,53.995243072509766,3394157.0
2021-06-07T00:00:00,53.99524220283546,54.1911691181869,53.68406659038567,53.868465423583984,2900416.0
2021-06-08T00:00:00,53.93761409066109,54.28336473232645,53.545755714766756,53.70710754394531,998665.0
2021-06-09T00:00:00,53.64949108146057,53.71864121699227,53.10780890085606,53.36136245727539,3380864.0
2021-06-10T00:00:00,53.4996571589461,54.16811604817272,53.326781838113426,53.70710754394531,4219018.0
2021-06-11T00:00:00,53.59186275825649,54.31794374777563,53.545759609877955,54.133544921875,3667808.0
2021-06-14T00:00:00,54.2948942972448,54.698271586614744,54.156589447594165,54.467769622802734,3345880.0
2021-06-15T00:00:00,54.467773830576384,54.72132738711853,54.26031883467615,54.68675231933594,3453676.0
2021-06-16T00:00:00,54.75589751250002,54.974875981494044,54.15658874302232,54.45624542236328,3716563.0
2021-06-17T00:00:00,54.9518279265943,56.20806759427262,54.732849443581564,55.26300811767578,6442567.0
2021-06-18T00:00:00,54.74436938481029,55.666381816481355,54.74436938481029,55.06707763671875,7383756.0
2021-06-21T00:00:00,54.709792377419895,55.89688179218613,54.24878847255683,55.6087532043457,3742943.0
2021-06-22T00:00:00,55.81620499234009,56.43856068735009,55.29757448163112,55.63180160522461,4547365.0
2021-06-23T00:00:00,55.908414522145996,56.40399353162604,55.700959535262776,55.74706268310547,4314171.0
2021-06-24T00:00:00,56.012139641820376,56.669070489412476,55.94298950935852,56.65754699707031,4166735.0
2021-06-28T00:00:00,56.76127203012959,56.76127203012959,56.17349131671454,56.24264144897461,2554087.0
2021-06-29T00:00:00,56.21959186393936,56.738222463441055,56.11586666187993,56.300270080566406,3151038.0
2021-06-30T00:00:00,56.05823882364709,56.20806717178319,55.02097764677809,55.643333435058594,4705808.0
2021-07-01T00:00:00,55.90841434958274,56.150439812794296,55.44740581860098,55.931461334228516,3910652.0
2021-07-02T00:00:00,56.18501687750515,56.28874207971396,55.850789696208565,55.98908996582031,2853233.0
2021-07-05T00:00:00,55.989088133571336,56.646018981933594,55.804684720653896,56.646018981933594,2831703.0
2021-07-06T00:00:00,56.646020433988454,56.7266986501596,55.608759240846666,55.770111083984375,2932064.0
2021-07-07T00:00:00,55.954521982970434,56.380950927734375,55.66639332532882,56.380950927734375,3252846.0
2021-07-08T00:00:00,56.19653583014318,56.27721404036847,55.60875514257522,55.977561950683594,2816447.0
2021-07-09T00:00:00,56.127382995349805,56.818893432617195,55.885357554749014,56.81889343261719,3606939.0
2021-07-12T00:00:00,56.93414925387322,57.74090847240667,56.41551865547348,57.510406494140625,2968636.0
2021-07-13T00:00:00,57.602609573740125,57.71209881913221,57.06092738786497,57.245330810546875,2028949.0
2021-07-14T00:00:00,57.256854216588636,57.85616304479262,57.153129012439294,57.55651092529297,2291585.0
2021-07-15T00:00:00,57.85616258081288,58.54766852546761,57.654471626003506,57.94260025024414,3796922.0
2021-07-16T00:00:00,57.29142778956686,58.11547912779474,56.20806803693719,57.10702896118164,6640292.0
2021-07-19T00:00:00,57.10702024972094,57.199221944450805,54.98639503854559,55.032493591308594,4861229.0
2021-07-20T00:00:00,55.493510817608396,55.75858786351332,54.29489777547798,54.97488021850586,3986750.0
2021-07-21T00:00:00,55.3206286457978,55.96603599529612,54.755899509588964,55.71248245239258,3639282.0
2021-07-22T00:00:00,55.82773413153196,55.850785704554625,55.18232680053159,55.27452850341797,2975963.0
2021-07-23T00:00:00,55.27453143497088,55.643333676872004,55.12470308618366,55.44740676879883,2616437.0
2021-07-26T00:00:00,55.26301114671701,56.20807067511386,54.836577649875046,56.15044403076172,4133240.0
2021-07-27T00:00:00,56.231113966024,56.4155127758962,55.63180521362807,56.127384185791016,2210162.0
2021-07-28T00:00:00,55.654853175914994,56.35788248453564,55.60875003453422,55.63180160522461,3280150.0
2021-07-29T00:00:00,55.67790510947872,56.450089198849746,55.67790510947872,56.16196060180664,3127695.0
2021-07-30T00:00:00,56.127392709135776,56.50772305653498,55.68944030632849,55.95451736450195,3056192.0
2021-08-02T00:00:00,56.185020862264096,56.56535121987482,56.092819146248935,56.104347229003906,2598311.0
2021-08-03T00:00:00,56.21958717316638,56.334840447530226,55.51655321363699,56.17348861694336,2731716.0
2021-08-04T00:00:00,56.23111415972814,56.59991636994709,56.046710760016616,56.54228973388672,2540414.0
2021-08-05T00:00:00,56.34636053482333,57.14159614795462,56.34636053482333,57.0032958984375,2212461.0
2021-08-06T00:00:00,57.037879763557314,57.41820550842563,56.71517607207807,57.2222785949707,2407857.0
2021-08-09T00:00:00,57.22227448108804,57.45277644568678,56.795845617120165,57.42972946166992,2469295.0
2021-08-10T00:00:00,57.41819246098168,57.41819246098168,56.81888836396311,57.38361740112305,2004529.0
2021-08-11T00:00:00,56.934149187795846,57.60260813643477,56.934149187795846,57.521934509277344,3082598.0
2021-08-12T00:00:00,57.521929116431984,58.08665822120272,57.36057728803976,57.68328094482422,2361767.0
2021-08-13T00:00:00,57.71209547451112,58.77816766122293,57.68328444916383,58.49004364013672,4317604.0
2021-08-16T00:00:00,58.490048310053155,58.57648598220075,57.568035765667645,57.591087341308594,2475183.0
2021-08-17T00:00:00,57.395156054512306,57.475829679310486,56.784323765537565,56.95719909667969,3225448.0
2021-08-18T00:00:00,56.957197809593474,57.107026152667196,56.323313961055774,56.61144256591797,2184895.0
2021-08-19T00:00:00,56.127392709135776,56.30027264297439,55.67791222388304,55.95451736450195,3875800.0
2021-08-20T00:00:00,55.96602871172557,56.703637670758425,55.908406668822906,56.55381393432617,3668331.0
2021-08-23T00:00:00,56.89957069780125,56.9456738441504,56.42704327755044,56.703643798828125,3016777.0
2021-08-24T00:00:00,56.7497471125176,56.784322177779266,56.30026667491167,56.51924514770508,2082108.0
2021-08-25T00:00:00,56.496188900350205,56.749742417427974,56.11585862473355,56.692115783691406,2011786.0
2021-08-26T00:00:00,56.50771817756719,57.09549888777705,56.24264114228091,57.049400329589844,2674687.0
2021-08-27T00:00:00,57.10702975190869,57.10702975190869,56.56534757349122,56.807373046875,1797446.0
2021-08-30T00:00:00,56.876525542682614,57.01482580776847,56.646018981933594,56.646018981933594,1345491.0
2021-08-31T00:00:00,56.622971836098955,56.703645460767994,55.747062511040234,55.931461334228516,5918785.0
2021-09-01T00:00:00,56.31178753742947,56.68059433527137,56.219585837968985,56.43856430053711,2853163.0
2021-09-02T00:00:00,56.473146727593196,57.16465267990457,56.40399659128253,56.93415069580078,3489118.0
2021-09-03T00:00:00,57.02634746645496,57.10702567796381,56.66906873366842,56.703643798828125,2739059.0
2021-09-06T00:00:00,56.87652273790241,57.82734619188813,56.76126946321145,57.79853057861328,3071056.0
2021-09-07T00:00:00,57.798538494937084,58.05785610390685,57.176182658296426,57.30295944213867,3771262.0
2021-09-08T00:00:00,57.014823252982865,57.014823252982865,56.380939417735746,56.3924674987793,5281723.0
2021-09-09T00:00:00,55.70096016031576,56.70364627209047,55.1592779969145,56.36941909790039,5922630.0
2021-09-10T00:00:00,56.24264411919058,56.24264411919058,54.98640441894531,54.98640441894531,4514389.0
2021-09-13T00:00:00,55.14775196731246,55.43588056909141,54.95182506880729,55.0786018371582,3960290.0
2021-09-14T00:00:00,55.147750885030554,55.32062620702351,54.12201326639591,54.237266540527344,4913191.0
2021-09-15T00:00:00,54.21421456587411,54.74436860885766,54.00676418102076,54.31793975830078,4246733.0
2021-09-16T00:00:00,54.45624252194873,55.216898493198286,54.41013937871907,54.88267135620117,3738340.0
2021-09-17T00:00:00,55.25148578844425,55.643339646631084,54.76743021258903,54.89420700073242,5055877.0
2021-09-20T00:00:00,54.37557109960743,54.732849852792235,53.776266876486595,54.14506912231445,3981615.0
2021-09-21T00:00:00,54.3640447265159,54.96334891788293,54.087439614897356,54.26031494140625,3455791.0
2021-09-22T00:00:00,55.724019388708705,56.127396751641975,54.85963342487367,55.044036865234375,6875448.0
2021-09-23T00:00:00,55.44740157472354,56.10433696013986,55.42435459184176,56.023658752441406,4723673.0
2021-09-24T00:00:00,56.058240742059674,56.09281580985823,55.654863421341666,56.012142181396484,3809270.0
2021-09-27T00:00:00,56.277216745303164,56.89957252739396,56.18501503884445,56.646018981933594,3922197.0
2021-09-28T00:00:00,56.64602485313502,57.037883293500705,56.092819146248935,56.104347229003906,3969366.0
2021-09-29T00:00:00,56.20806591000797,56.81889819210604,56.138915778329604,56.63449478149414,3716098.0
2021-09-30T00:00:00,56.87652547600249,56.922624034575584,56.39246995956504,56.65754699707031,3783976.0
2021-10-01T00:00:00,55.82774528590115,56.830431547670024,55.35521318514828,56.79585647583008,4196948.0
2021-10-04T00:00:00,56.795840723846375,56.94566905306896,56.24263513863025,56.5883903503418,3118577.0
2021-10-05T00:00:00,56.657546992965194,56.980250670566775,56.323315233817844,56.95719909667969,3590468.0
2021-10-06T00:00:00,57.00329950438079,58.20191245082745,56.49619243846728,57.79853057861328,5621263.0
2021-10-07T00:00:00,58.20192064530845,58.77817333228355,57.856165361759494,58.43242263793945,5429889.0
2021-10-08T00:00:00,59.210367575347604,59.32562086876861,58.63411487585746,59.06630325317383,3860555.0
2021-10-11T00:00:00,59.00867236320823,59.58492956564874,58.662917123903064,59.15273666381836,3532402.0
2021-10-12T00:00:00,58.63410743708374,59.930681582949404,58.403600879485566,59.786617279052734,3907389.0
2021-10-13T00:00:00,59.78661389862348,59.95949380704721,58.979854760258426,59.70017623901367,3429981.0
2021-10-14T00:00:00,59.93068710974221,60.47813335071666,59.700185120091575,60.04594039916992,3964628.0
2021-10-15T00:00:00,60.218808341419304,60.881503201151716,60.13237067957669,60.449310302734375,3667817.0
2021-10-18T00:00:00,61.08320009078542,62.06283466914048,60.93913577727397,61.227264404296875,8651419.0
2021-10-19T00:00:00,61.48657036131149,62.32214511950206,61.22725738026226,61.861141204833984,4909105.0
2021-10-20T00:00:00,59.93067986521823,60.881503325842914,57.94259528194922,58.9222297668457,12015128.0
2021-10-21T00:00:00,58.51885239142546,59.35442257527516,57.79853089369077,59.239173889160156,7630497.0
2021-10-22T00:00:00,60.30200021476868,60.692986670161694,59.574166149414665,59.76665115356445,6824154.0
2021-10-25T00:00:00,59.85086061496317,60.42229915701225,59.75461582221149,59.947105407714844,3939115.0
2021-10-26T00:00:00,59.94710754491454,60.21177155600868,59.18919583718953,60.079437255859375,3928164.0
2021-10-27T00:00:00,59.93507305043399,60.06740734704978,59.165133058346896,59.79071044921875,4013939.0
2021-10-28T00:00:00,59.79070962539984,59.971161727131474,59.225282943724636,59.55010223388672,3459207.0
2021-10-29T00:00:00,59.53807363811839,59.62228553635527,58.50346507211754,59.153099060058594,4990687.0
2021-11-01T00:00:00,59.15310234730906,60.04334836426281,58.97265023643236,59.40574264526367,3165869.0
2021-11-02T00:00:00,59.273408839573264,59.99522646752695,59.273408839573264,59.959136962890625,2671396.0
2021-11-03T00:00:00,59.81476840745484,61.08396787194735,59.46588793331288,61.053890228271484,3737354.0
2021-11-04T00:00:00,61.17420206618461,61.565188554686486,60.27192767235177,60.512535095214844,3239641.0
2021-11-05T00:00:00,60.392221118682635,61.38472366333008,60.211764441763485,61.38472366333008,1584187.0
2021-11-08T00:00:00,61.324574923380155,61.71556137229892,60.813287069811494,60.84336471557617,2713574.0
2021-11-09T00:00:00,60.6328365937005,61.2042751649643,60.27192319163438,60.42230224609375,3170514.0
2021-11-10T00:00:00,60.42230673799058,61.08397829816524,60.39223367838575,60.512535095214844,2780865.0
2021-11-11T00:00:00,60.51253355717933,61.23435580742212,60.51253355717933,61.08397674560547,2341210.0
2021-11-12T00:00:00,61.08396787194735,61.4448766500372,60.723054504653405,61.053890228271484,2077257.0
2021-11-15T00:00:00,60.96366943482969,61.775715433378544,60.81329037623899,61.7155647277832,1813423.0
2021-11-16T00:00:00,61.74563898406507,62.136625432768554,61.50503158569336,61.50503158569336,2206344.0
2021-11-17T00:00:00,61.4749542361941,61.7155616357253,60.57267992985541,61.14412307739258,3514715.0
2021-11-18T00:00:00,61.114043229714284,61.114043229714284,60.51252704715961,60.72305679321289,2736369.0
2021-11-19T00:00:00,60.873434354835084,60.96366269785948,59.17715894495209,59.92304229736328,5041514.0
2021-11-22T00:00:00,59.97116898472424,60.66291359808644,59.9471123729455,60.57268524169922,4030447.0
2021-11-23T00:00:00,60.42230448484235,60.69298954642129,59.83883758685337,60.18170166015625,2640129.0
2021-11-24T00:00:00,60.6929915772821,61.053900415592416,60.07944242187019,60.21177673339844,4652037.0
2021-11-25T00:00:00,60.39222564633038,60.813285138436946,60.332074945915764,60.72305679321289,1780092.0
2021-11-26T00:00:00,59.40574078916919,59.40574078916919,57.25231170654297,57.25231170654297,8319396.0
2021-11-29T00:00:00,57.54103523507229,58.40721534216242,57.38463975619612,57.9500617980957,3550301.0
2021-11-30T00:00:00,57.31246725076776,58.178652114553195,56.50643768301558,57.649314880371094,2781070.0
2021-12-01T00:00:00,58.16661479382431,58.900465293226254,58.15458648905574,58.46737289428711,3359241.0
2021-12-02T00:00:00,58.08239802421931,58.28691590177711,57.504943070438976,58.070369720458984,3117057.0
2021-12-03T00:00:00,58.50346732051057,58.61174042086258,57.34855272035426,57.44479751586914,2616938.0
2021-12-06T00:00:00,57.92601413903497,58.96061818817132,57.73352913114861,58.8884391784668,2918442.0
2021-12-07T00:00:00,59.32153159351226,59.41777180285315,58.8884391784668,58.8884391784668,3144309.0
2021-12-08T00:00:00,58.70797841450238,58.888435104689236,57.56509675146222,57.92601013183594,5717288.0
2021-12-09T00:00:00,58.70797979914105,58.88843649358402,56.87937001298955,57.25231170654297,10092588.0
2021-12-10T00:00:00,57.16810145218877,57.24028504988508,56.747037349433754,56.927494049072266,2880063.0
2021-12-13T00:00:00,56.93953061661791,57.300439449973645,55.98913383705744,56.0131950378418,3337042.0
2021-12-14T00:00:00,56.121468146769,56.49440528591452,55.760554724208454,56.0131950378418,3383316.0
2021-12-15T00:00:00,55.64025170716391,56.145523141470186,55.110919072766194,55.483856201171875,7350761.0
2021-12-16T00:00:00,56.00114941023293,56.63875961303712,55.784603241613205,56.63875961303711,5143441.0
2021-12-17T00:00:00,56.5425196867088,56.566580884088495,55.97709302129638,56.27785110473633,4498895.0
2021-12-20T00:00:00,55.459790359681975,56.37409752982024,54.81015636839922,55.953033447265625,3739962.0
2021-12-21T00:00:00,56.39816333199309,57.035769070890396,56.21770662628024,56.99967956542969,2917004.0
2021-12-22T00:00:00,56.99967876453045,57.08389066889195,56.60267585322232,56.807193756103516,2275817.0
2021-12-23T00:00:00,57.04778818368669,58.11849076160384,57.04778818368669,58.034278869628906,2781229.0
2021-12-27T00:00:00,57.97412465878101,58.57564080643503,57.86585156863513,58.383155822753906,1886938.0
2021-12-28T00:00:00,58.3470800986046,59.02077999515593,58.226778676351366,58.96062469482422,1845398.0
2021-12-29T00:00:00,58.94859043580613,59.03280234072091,58.52753091123222,58.78016662597656,2128385.0
2021-12-30T00:00:00,58.6478298676215,59.15310127597058,58.599707469910804,58.864376068115234,1962271.0
2022-01-03T00:00:00,59.00873511914998,59.82679747415897,58.996706815048746,59.7786750793457,2806857.0
2022-01-04T00:00:00,60.10350011035445,60.13959420451944,58.840316955490174,59.75461959838867,3940544.0
2022-01-05T00:00:00,59.94710347240726,60.4222972063637,59.62228419116314,59.82679748535156,2336089.0
2022-01-07T00:00:00,59.646343658815084,60.72305352921262,59.646343658815084,60.66290283203125,4802452.0
2022-01-10T00:00:00,60.75313568115235,61.23435047272441,60.24184783335976,60.753135681152344,3421809.0
2022-01-11T00:00:00,60.60276055983555,60.90351867675781,59.92304886770492,60.90351867675781,3273796.0
2022-01-12T00:00:00,61.20427703857422,61.32457845014261,60.69298915560151,61.20427703857422,2974274.0
2022-01-13T00:00:00,61.23435418360592,62.07647323608399,61.08397512577703,62.076473236083984,4393947.0
2022-01-14T00:00:00,61.80579020613331,62.196776658124925,61.68548880053795,62.10654830932617,2836239.0
2022-01-17T00:00:00,62.25692214726963,62.4073011862727,61.74563433250002,61.92608642578125,1780610.0
2022-01-18T00:00:00,61.92608538984624,62.2869987487793,61.44487522660883,62.2869987487793,3787786.0
2022-01-19T00:00:00,61.89601530444531,62.97874166555726,61.83586460480645,62.04639434814453,4763881.0
2022-01-20T00:00:00,62.34715515179319,62.617835606562736,60.963666053804715,62.16669845581055,4947446.0
2022-01-21T00:00:00,61.6554128393727,62.07647235966707,60.90351756084377,61.02381896972656,3011569.0
2022-01-24T00:00:00,60.51252141826561,61.20426588169805,59.24933847024332,59.62228012084961,4577144.0
2022-01-25T00:00:00,59.333557891378376,61.02381695310898,59.23731768529345,60.993743896484375,3078727.0
2022-01-26T00:00:00,61.234351331312624,61.565182489603295,60.18169797554294,60.33207702636719,6233237.0
2022-01-27T00:00:00,59.87492585181444,60.93359569747039,59.81477514688953,60.10350036621094,5654703.0
2022-01-28T00:00:00,60.33207511898713,60.39222581957429,58.5395548705822,59.59822463989258,5164349.0
2022-01-31T00:00:00,59.99522346498316,60.1816966044158,59.33355657427223,59.393707275390625,4523913.0
2022-02-01T00:00:00,60.019289078733614,60.90351867675781,59.8508652675299,60.90351867675781,4823320.0
2022-02-02T00:00:00,61.05389133377629,61.20427037647032,60.57267656147372,60.933589935302734,3298160.0
2022-02-03T00:00:00,60.96366543151349,61.11404448022921,60.13959118164212,60.753135681152344,4469587.0
2022-02-04T00:00:00,60.8734351686599,60.99374115736888,58.96061354562725,59.35761642456055,3775684.0
2022-02-07T00:00:00,59.95913677760888,60.57268130055312,59.694468173214936,60.42230224609375,3042651.0
2022-02-08T00:00:00,60.42230708072795,61.2945084199034,60.21177730548039,60.96367263793945,3134009.0
2022-02-09T00:00:00,59.55009844503774,60.632829343356384,58.21473186684607,59.64634323120117,8755531.0
2022-02-10T00:00:00,59.586195294488896,59.586195294488896,58.7079821638485,59.20122528076172,5540566.0
2022-02-11T00:00:00,58.64783635065238,59.24935262091549,58.45535132773639,59.032806396484375,4365650.0
2022-02-14T00:00:00,57.745558827546546,58.70798389016472,57.071858989111476,58.26286315917969,5357995.0
2022-02-15T00:00:00,58.19068137947822,59.29747367802722,58.1064694706892,59.044837951660156,3252805.0
2022-02-16T00:00:00,59.12904825540672,59.574168988238114,58.45534841417714,58.563621520996094,2939732.0
2022-02-17T00:00:00,58.44331662630077,58.587679230389355,57.468858722992834,57.492919921875,2855479.0
2022-02-18T00:00:00,57.504947416358625,57.75758311725464,57.16809981516395,57.30043411254883,3460900.0
2022-02-21T00:00:00,57.589156848984636,57.673368745674864,55.76054714090345,56.72297668457031,3893977.0
2022-02-22T00:00:00,55.45979305882789,56.77109858805802,54.73797543818202,56.21770477294922,3771760.0
2022-02-23T00:00:00,56.12146622659038,56.66282716349909,55.73649620562191,55.941009521484375,4162665.0
2022-02-24T00:00:00,53.91991348839472,54.70188640854988,52.355972237288945,53.01763916015625,6604655.0
2022-02-25T00:00:00,53.546971393188976,55.03873362433347,52.88530447510893,54.798126220703125,5905830.0
2022-02-28T00:00:00,53.47479028606148,54.858274771536706,52.945453101006315,54.617671966552734,7227488.0
2022-03-01T00:00:00,54.14849132649594,54.882341892826155,53.05373192453584,53.12591552734375,5334684.0
2022-03-02T00:00:00,52.331907009345194,53.65524075321018,51.44166105476396,53.426666259765625,6967503.0
2022-03-03T00:00:00,53.42666351821997,54.136452748940904,52.95748166200178,53.21011734008789,4352607.0
2022-03-04T00:00:00,52.560481761629966,53.05372484195822,51.67024039186883,52.30784606933594,7783978.0
2022-03-07T00:00:00,51.18903208428413,52.28379147843471,49.87772647245938,51.91085433959961,8086936.0
2022-03-08T00:00:00,51.04466517874609,52.74094068182344,50.92436377424023,51.16496658325195,7121186.0
2022-03-09T00:00:00,52.5364216682502,53.37854524946976,51.9228771756099,52.897335052490234,6034529.0
2022-03-10T00:00:00,53.18605831803942,53.34245380624048,52.09129907904034,52.82514953613281,4979654.0
2022-03-11T00:00:00,52.825153803843655,55.12294556097137,52.825153803843655,54.04021453857422,6116504.0
2022-03-14T00:00:00,54.52143223524037,55.51995140760792,54.32894721985931,55.267311096191406,4689397.0
2022-03-15T00:00:00,55.267308634676816,55.89288605410428,54.66579241475093,55.35152053833008,4248157.0
2022-03-16T00:00:00,56.54252482950658,57.39667676275599,56.43425172605211,57.07185745239258,6452837.0
2022-03-17T00:00:00,57.26434057584993,57.54104206717865,56.13349176857613,56.38612747192383,4323358.0
2022-03-18T00:00:00,56.229736297236414,56.95155390029646,56.21770340330292,56.89140319824219,7306473.0
2022-03-21T00:00:00,57.13201624323684,58.08240844373236,56.92749832899019,57.529014587402344,4250883.0
2022-03-22T00:00:00,57.66134372484576,58.058342033390474,56.95155442003726,57.492919921875,4598791.0
2022-03-23T00:00:00,58.04631375787519,58.22677045498041,56.78313064575195,56.78313064575195,6826349.0
2022-03-24T00:00:00,56.65609782389657,56.79583337443437,56.03364562988281,56.03364562988281,6267707.0
2022-03-25T00:00:00,55.79228106843523,56.54176776506443,55.62714346362658,56.249595642089844,2862067.0
2022-03-28T00:00:00,56.30040549576243,56.8847497006771,56.14796893053927,56.28770446777344,3182652.0
2022-03-29T00:00:00,56.74501863266849,57.430990499006285,56.236895093281234,56.8847541809082,4682094.0
2022-03-30T00:00:00,56.84664871733068,57.02449220613482,55.74147500413948,56.211490631103516,6060414.0
2022-03-31T00:00:00,56.24959994998517,56.36392860215472,55.00469065184545,55.19524002075195,5160519.0
2022-04-01T00:00:00,55.5636328828396,55.69066256486277,54.87766096982228,55.19524002075195,4902191.0
2022-04-04T00:00:00,55.30956308167061,55.33496998468121,54.10276184095919,54.28060531616211,5515883.0
2022-04-05T00:00:00,54.140872846237244,54.21709355959625,53.696264132988524,53.74707794189453,5655031.0
2022-04-06T00:00:00,53.79788779707949,54.02654509507689,53.23895042745895,53.785186767578125,7346773.0
2022-04-07T00:00:00,53.78518380570527,55.411186861148174,53.78518380570527,55.119014739990234,8778655.0
2022-04-08T00:00:00,55.70336195043697,58.00263595581055,55.63984711130025,58.00263595581055,6842526.0
2022-04-11T00:00:00,58.24399310130289,58.77752840014524,57.81208541971488,58.52346420288086,4345325.0
2022-04-12T00:00:00,58.16777618069809,59.73026442364771,57.799383343630645,59.41268539428711,6440720.0
2022-04-13T00:00:00,59.2729554051709,59.61594137055318,58.5361745078056,58.663204193115234,2990085.0
2022-04-14T00:00:00,58.66319822851619,58.841041708216146,58.29480539435406,58.345619201660156,1508644.0
2022-04-19T00:00:00,58.39643962433723,59.285657123570964,57.82479634206417,59.17133331298828,3891822.0
2022-04-20T00:00:00,59.51431132118191,60.74651957115102,59.32376680097963,59.70486068725586,4684961.0
2022-04-21T00:00:00,59.730269986321254,60.11136388787093,59.145925680886954,59.920814514160156,3230423.0
2022-04-22T00:00:00,59.41267690834332,60.517850415821734,59.19672067937012,59.80647659301758,4308475.0
2022-04-25T00:00:00,58.72670875096179,59.84458820022554,58.53616425636738,59.438087463378906,4702390.0
2022-04-26T00:00:00,59.857291917664135,61.00057832008431,59.52701187133789,59.52701187133789,6036855.0
2022-04-27T00:00:00,60.07325546843029,63.27445293827623,59.80649022407775,62.55037307739258,9366929.0
2022-04-28T00:00:00,63.26173945574953,65.10369873046875,62.37251723562253,65.10369873046875,11582219.0
2022-04-29T00:00:00,65.73885546037,65.73885546037,63.27444407264946,63.50310134887695,7835303.0
2022-05-02T00:00:00,62.99497554068831,66.18346681686552,56.846645427942974,62.791725158691406,4431497.0
2022-05-03T00:00:00,63.198223872443215,64.11920107595446,62.982272468646,63.70635223388672,3688501.0
2022-05-04T00:00:00,63.801626233576116,63.992175593045445,62.270897803759425,62.30900573730469,3582364.0
2022-05-05T00:00:00,63.198230430196276,63.47770154257659,62.423336779230276,62.49955749511719,4138065.0
2022-05-06T00:00:00,62.677393202729384,63.03308014095397,61.82627894157201,62.13115692138672,4325540.0
2022-05-09T00:00:00,62.0295390606294,62.41063293111072,60.683002215999196,60.81003189086914,3692961.0
2022-05-10T00:00:00,61.038686120210926,61.61032932019107,59.857291788875706,60.02243423461914,4334134.0
2022-05-11T00:00:00,60.55596990761885,61.5214129170394,60.40353332303148,61.49600601196289,4440013.0
2022-05-12T00:00:00,60.911657454618165,61.407079954134296,60.352715273936326,61.29275131225586,4050120.0
2022-05-13T00:00:00,61.73735264146004,62.385216483454286,61.5595091854995,62.0295295715332,2695803.0
2022-05-16T00:00:00,62.05494268584488,62.956870845333235,62.04224165638576,62.22008514404297,3332389.0
2022-05-17T00:00:00,62.48685175047058,62.93146532526834,62.11846373759114,62.43604278564453,2681577.0
2022-05-18T00:00:00,62.639294127545995,62.88065246319391,61.902508398928504,62.04224395751953,3549712.0
2022-05-19T00:00:00,61.838990377421084,62.4868494797235,61.69925482601605,62.181976318359375,3656500.0
2022-05-20T00:00:00,62.74091430643822,63.0839002508114,62.10575622705193,62.321712493896484,3465488.0
2022-05-23T00:00:00,62.867943829614774,63.70635223388672,62.70280138526496,63.70635223388672,3178088.0
2022-05-24T00:00:00,63.8016190883841,64.46853692596662,63.547559765372625,63.99216842651367,3212704.0
2022-05-25T00:00:00,64.46853717081876,64.81787601009277,63.86513900756836,63.86513900756836,2558639.0
2022-05-27T00:00:00,63.8651453819703,63.960415215034864,61.43248882971131,62.537662506103516,10333067.0
2022-05-30T00:00:00,62.715506773682364,62.98227684721539,61.966020053677546,62.181976318359375,4683851.0
2022-05-31T00:00:00,62.10575633088398,62.194678074477,61.0259895324707,61.0259895324707,11569824.0
2022-06-01T00:00:00,61.61033238587044,62.00413213120108,61.140316773997505,61.241939544677734,3771307.0
2022-06-02T00:00:00,61.54682513739951,61.86440420947497,61.064103591000624,61.67385482788086,2229540.0
2022-06-03T00:00:00,61.927914461692474,61.991429302222436,61.153020807960544,61.572227478027344,1960629.0
2022-06-07T00:00:00,61.69926173515155,61.940620085414956,61.3562757558054,61.67385482788086,2560768.0
2022-06-08T00:00:00,61.61033238587044,61.63573929000837,60.8608456743518,61.241939544677734,3362312.0
2022-06-09T00:00:00,61.22923934596598,62.804428656909074,61.14031760321298,62.143863677978516,5389740.0
2022-06-10T00:00:00,61.699253882384596,62.309005041658814,60.59408020906704,60.911659240722656,3619744.0
2022-06-13T00:00:00,60.3400134980355,60.632185613468806,59.628634752281855,60.32731246948242,3475069.0
2022-06-14T00:00:00,60.65759201718781,61.0894996725063,59.81918360931912,60.14946365356445,4320342.0
2022-06-15T00:00:00,60.886251836640014,62.042239308537745,60.70840835571289,60.70840835571289,5236830.0
2022-06-16T00:00:00,60.759221913239344,61.280051324898125,57.34206847339901,57.41828918457031,6781041.0
2022-06-17T00:00:00,57.69776034893845,58.56157576564762,56.96097946166992,56.96097946166992,10533205.0
2022-06-20T00:00:00,57.32937411519626,58.01534121207011,56.56718145241026,57.83749771118164,4395362.0
2022-06-21T00:00:00,58.091560334503335,58.37103145442617,57.2658576965332,57.2658576965332,3374238.0
2022-06-22T00:00:00,55.932012687758004,56.33851342560047,55.00468257668795,56.28770446777344,4349293.0
2022-06-23T00:00:00,56.28770871157156,56.47825322099881,55.258750915527344,55.258750915527344,2949220.0
2022-06-27T00:00:00,56.04635076499796,56.88475928377451,55.89391417409455,56.732322692871094,4101695.0
2022-06-28T00:00:00,56.77042248325449,57.291251869490914,56.38932863774243,56.5290641784668,3123060.0
2022-06-29T00:00:00,56.135266496064375,56.59258106562439,55.83039334693859,56.04634475708008,2645808.0
2022-06-30T00:00:00,55.83039451136557,56.36392495639894,55.0427998728476,55.525516510009766,5256740.0
2022-07-01T00:00:00,55.334974740404114,56.89746306580826,55.284160930015766,55.98283386230469,2689829.0
2022-07-04T00:00:00,56.22418479021533,56.4528420609856,55.60173265546264,56.28770446777344,1705261.0
2022-07-05T00:00:00,56.47825177508379,56.84664460143179,55.88120651245117,55.88120651245117,4037791.0
2022-07-06T00:00:00,56.49095587135559,57.40558012531743,56.186077889454225,57.12611389160156,5471523.0
2022-07-07T00:00:00,57.79938520006597,58.104263210227835,56.986383634129766,57.735870361328125,3408486.0
2022-07-08T00:00:00,57.837489924619824,58.87914872890586,57.367474328995954,58.739418029785156,3489310.0
2022-07-11T00:00:00,58.12966474016863,58.269400291643535,57.392883894943935,57.96452713012695,2408659.0
2022-07-12T00:00:00,57.48180925075096,59.29836184236709,57.15152916403523,59.26025390625,4214658.0
2022-07-13T00:00:00,59.2221324508906,59.2221324508906,57.10070698928719,57.12611389160156,4673131.0
2022-07-14T00:00:00,57.03719744962351,57.64694862414146,55.932018902805126,56.071754455566406,5359047.0
2022-07-15T00:00:00,55.56363464901397,55.639850522301806,51.37158716679427,53.64545440673828,16781020.0
2022-07-18T00:00:00,54.78873431019176,55.79228033827657,54.24249800390532,54.85224914550781,6797914.0
2022-07-19T00:00:00,54.85224936024971,56.8085373092193,54.62359207551968,56.47825241088867,4446837.0
2022-07-20T00:00:00,56.84664641773941,56.84664641773941,55.51281545979355,55.95742416381836,3628979.0
2022-07-21T00:00:00,55.665250263323244,56.567173517525575,55.36037711767209,56.33851623535156,3192881.0
2022-07-22T00:00:00,56.40203769252085,56.73231775169068,55.868502402020134,56.38933181762695,3535079.0
2022-07-25T00:00:00,56.465551244592994,56.89745890960091,56.36392363123993,56.51636505126953,2463471.0
2022-07-26T00:00:00,56.55447614253463,56.99908486111233,56.47825542826206,56.80854034423828,1793180.0
2022-07-27T00:00:00,57.02448460882052,57.13881324294439,56.503655241338684,56.57987594604492,2057473.0
2022-07-28T00:00:00,56.79583052470225,57.303958892822266,56.402035642986924,57.303958892822266,2801232.0
2022-07-29T00:00:00,57.07530599171606,58.05345002559358,57.07530599171606,57.875606536865234,3547882.0
2022-08-01T00:00:00,57.79938254247535,58.231290210253974,57.164224492558034,57.21503829956055,2044630.0
2022-08-02T00:00:00,56.910160177884634,57.51991132295571,56.910160177884634,57.2785530090332,2165644.0
2022-08-03T00:00:00,57.278552108754,57.939117050333024,57.176924496570486,57.6723518371582,2182615.0
2022-08-04T00:00:00,57.862906049599346,57.926420894935106,57.265860688396664,57.62154769897461,1963139.0
2022-08-05T00:00:00,57.71046404952006,58.409136974557,57.558027465808934,58.332916259765625,2175297.0
2022-08-08T00:00:00,58.777522768991766,58.94266520827295,57.91370748857319,58.04073715209961,1783167.0
2022-08-09T00:00:00,58.040743982714034,58.396435805016026,57.812086684759755,58.371028900146484,2034406.0
2022-08-10T00:00:00,58.37103067114108,58.81563940516862,58.09155955496848,58.421844482421875,2317760.0
2022-08-11T00:00:00,58.701305400357725,58.80293301365294,58.15506909357424,58.2693977355957,1797420.0
2022-08-12T00:00:00,58.28210600869405,58.929965109562964,58.231292199955284,58.4599494934082,2342542.0
2022-08-15T00:00:00,58.56157524546722,58.65049699234991,57.92641714152127,57.98993682861328,1462175.0
2022-08-16T00:00:00,57.964527787847366,59.361873626708984,57.901012948966674,59.361873626708984,2869579.0
2022-08-17T00:00:00,59.501610833121575,59.539718768334566,58.02804423913465,58.243995666503906,3540816.0
2022-08-18T00:00:00,58.24398994280197,58.61238276656425,57.799381256103516,57.799381256103516,3181643.0
2022-08-19T00:00:00,57.79937986735177,58.29480234801826,57.79937986735177,58.01533126831055,2138514.0
2022-08-22T00:00:00,57.86289219743195,58.040735660145835,56.338512044944316,56.50365447998047,3191378.0
2022-08-23T00:00:00,56.503666057744525,56.745024400043974,56.10986627685098,56.44015121459961,2433077.0
2022-08-24T00:00:00,56.402038445987735,56.70691160531396,56.160675278493684,56.465553283691406,1970622.0
2022-08-25T00:00:00,56.63068962769594,57.01178345866763,56.27499785236752,56.64339065551758,2361038.0
2022-08-26T00:00:00,56.84664781546044,57.024491301443106,56.10986212110764,56.17338180541992,2575634.0
2022-08-29T00:00:00,56.08446025793639,56.08446025793639,54.4838591867697,55.24605178833008,3297869.0
2022-08-30T00:00:00,55.39849144553692,56.28771377378347,55.10631929477496,55.16983413696289,2475417.0
2022-08-31T00:00:00,55.10631822533225,55.88121188425351,54.712518458014564,55.62714767456055,4579798.0
2022-09-01T00:00:00,55.43659365045834,55.43659365045834,54.560077288789614,54.7506217956543,2962403.0
2022-09-02T00:00:00,55.03009336389495,55.36037826538086,54.68710743352329,55.36037826538086,3534829.0
2022-09-05T00:00:00,54.598185209474835,55.04279875047467,54.2170913499545,54.7252197265625,2748430.0
2022-09-06T00:00:00,54.75062446024121,55.36038048032335,54.56007994410317,54.83954620361328,2545604.0
2022-09-07T00:00:00,54.496565105390495,54.94117382225083,54.43304542080624,54.83954620361328,3177111.0
2022-09-08T00:00:00,55.10631659765925,55.6906608705831,54.71251684197321,55.5128173828125,3030451.0
2022-09-09T00:00:00,55.766878133916435,56.071751280978766,55.58902981128023,55.779579162597656,3190162.0
2022-09-12T00:00:00,56.14797281062328,57.97722625732422,56.14797281062328,57.97722625732422,4283216.0
2022-09-13T00:00:00,58.16778265215049,58.53617553020346,57.59613936652898,57.83749771118164,3014407.0
2022-09-14T00:00:00,57.41828966262046,58.19318327209711,57.39288275868516,58.05344772338867,3601102.0
2022-09-15T00:00:00,58.345618784434286,59.62863591157448,58.231290141748815,59.374576568603516,5168084.0
2022-09-16T00:00:00,59.06970240922788,59.61593875466036,58.94267272949218,58.94267272949219,6570631.0
2022-09-19T00:00:00,58.942669322828344,58.942669322828344,57.40558314998289,58.345619201660156,3108056.0
2022-09-20T00:00:00,58.95537167603363,61.1784249139623,58.95537167603363,59.8827018737793,5128581.0
2022-09-21T00:00:00,59.74296413254176,61.58492343130713,59.34916924619372,61.29275131225586,5241471.0
2022-09-22T00:00:00,60.49245220270954,61.59763071476955,59.90810795124169,61.07680130004883,3969838.0
2022-09-23T00:00:00,61.102207004265416,61.86439962832833,59.61593938303106,60.34001922607422,5554699.0
2022-09-26T00:00:00,59.76837494413019,60.04784605274592,58.79023090984675,59.133216857910156,5223558.0
2022-09-27T00:00:00,59.997025431648346,60.60677654369269,59.742961256828764,60.035133361816406,4637897.0
2022-09-28T00:00:00,59.476200400955136,59.95892188380677,58.129663568104334,58.485355377197266,6360714.0
2022-09-29T00:00:00,58.65049057844918,58.790226121375575,56.59257990355743,56.999080657958984,4148862.0
2022-09-30T00:00:00,57.100707504214284,58.47264632046457,57.02448679658381,58.193180084228516,4916238.0
2022-10-03T00:00:00,57.79938238910062,58.25669695916698,55.576329220289054,58.14236831665039,5627173.0
2022-10-04T00:00:00,58.12965979696888,60.00973179855455,58.00263013145117,59.78107452392578,4522507.0
2022-10-05T00:00:00,59.70485612615024,59.70485612615024,58.86644770204341,59.19672775268555,2789615.0
2022-10-06T00:00:00,59.311050710983636,59.67944350415101,58.11695544739761,58.256690979003906,3170963.0
2022-10-07T00:00:00,58.10426383547929,58.523465652357295,57.659650267786795,57.875606536865234,2019773.0
2022-10-10T00:00:00,57.73586450001058,58.23128697609092,57.32936375831024,57.35477066040039,2295744.0
2022-10-11T00:00:00,57.21503538817735,57.92640926652886,56.98637811417262,57.68505096435547,3248071.0
2022-10-12T00:00:00,57.79938467421374,58.16777751976185,56.83394653491584,57.96452713012695,4009910.0
2022-10-13T00:00:00,57.79938565526079,58.637794132469274,57.48180661319892,58.371028900146484,3271581.0
2022-10-14T00:00:00,59.06969987559802,59.311058195092116,58.35832110032441,58.815635681152344,6208755.0
2022-10-17T00:00:00,59.00618645750621,60.46704713042636,58.71401432292218,60.28920364379883,4751141.0
2022-10-18T00:00:00,60.81003071109309,61.9533171462276,60.81003071109309,61.76276779174805,4675130.0
2022-10-19T00:00:00,63.61108145474222,66.31050324269692,63.57932161300592,65.58007049560547,10807543.0
2022-10-20T00:00:00,65.64358668431143,66.78687316814893,63.83338712312837,64.5638198852539,8109649.0
2022-10-21T00:00:00,64.30975553472352,65.86589089079536,64.27799569240712,65.67534637451172,5819859.0
2022-10-24T00:00:00,65.67534517377646,66.78687179232631,65.4530408192408,66.62808227539062,4049835.0
2022-10-25T00:00:00,66.69159181067961,66.94565598675166,65.1989714393291,65.77061462402344,4284675.0
2022-10-26T00:00:00,66.24699072852415,66.59632477051791,64.27799677273245,64.78612518310547,4327928.0
2022-10-27T00:00:00,64.81787967700494,65.51655254920767,64.34151114879334,65.0401840209961,3329093.0
2022-10-28T00:00:00,64.65909454412875,65.86589102058454,64.62733470174976,65.61183166503906,3484369.0
2022-10-31T00:00:00,65.7388579811084,65.77061782186325,64.91315058019521,65.198974609375,2700149.0
2022-11-01T00:00:00,65.26249575494087,65.96116870625737,64.91315685634673,65.16722106933594,2871680.0
2022-11-02T00:00:00,65.51655578613281,66.1199540133306,64.91315271306351,65.51655578613281,3088684.0
2022-11-03T00:00:00,65.4847970123565,66.27874461155061,65.32600749251768,65.67534637451172,2885792.0
2022-11-04T00:00:00,66.40578341524605,66.62808778817511,65.8341401378057,66.31050872802734,2137236.0
2022-11-07T00:00:00,65.96116518344624,66.85038745848159,65.7388608261553,65.86589050292969,2779952.0
2022-11-08T00:00:00,65.86588849903025,66.62808107410231,65.86588849903025,66.53280639648438,3086248.0
2022-11-09T00:00:00,66.50104356062494,66.59631823395243,65.45303669163606,65.92940521240234,2626737.0
2022-11-10T00:00:00,65.86588540905355,66.88214212814049,65.61182607515298,65.992919921875,4946007.0
2022-11-11T00:00:00,66.3105051374881,66.3105051374881,65.23073348392936,66.0246810913086,4759311.0
2022-11-14T00:00:00,66.18346537959403,66.75510858088101,65.61182702417827,66.21522521972656,3267787.0
2022-11-15T00:00:00,66.43753491429077,67.26324236553143,66.11995587087075,67.0091781616211,5377691.0
2022-11-16T00:00:00,67.10445576165985,68.2477374601611,67.10445576165985,67.61257934570312,2427397.0
2022-11-17T00:00:00,67.4537856776991,67.70784987706568,66.40577872985322,66.91390228271484,2915836.0
2022-11-18T00:00:00,67.00918147127355,67.58082474683793,66.65984256790868,67.42203521728516,3333987.0
2022-11-21T00:00:00,67.4855421329864,68.12070017659097,66.43753039186458,66.50104522705078,3213483.0
2022-11-22T00:00:00,66.5010486927056,67.19972645377877,65.96116529668033,66.85038757324219,3075850.0
2022-11-23T00:00:00,67.00917696321125,67.4537856776991,66.75511276384468,66.91390228271484,2272694.0
2022-11-24T00:00:00,66.91390108259623,67.45378446789755,66.43753253452952,66.8186264038086,2377130.0
2022-11-25T00:00:00,67.00917410892258,67.04093394969242,65.86588768340759,66.24698638916016,3375792.0
2022-11-28T00:00:00,66.05643111884466,66.15170578674794,65.48478795729585,65.70709228515625,2509639.0
2022-11-29T00:00:00,65.67534317640266,66.53280557260322,65.38951914708824,66.24698638916016,2330690.0
2022-11-30T00:00:00,67.07268657148668,67.64432976401882,66.65983288544285,67.10444641113281,9264847.0
2022-12-01T00:00:00,66.91390638897371,68.05719293334681,66.85039154670228,67.61257934570312,4933090.0
2022-12-02T00:00:00,67.45378229245765,67.51730197351515,66.21522604577724,66.50104522705078,4594009.0
2022-12-05T00:00:00,66.50104522705078,66.75510941366687,66.21522604577724,66.50104522705078,2581139.0
2022-12-06T00:00:00,66.50105361866993,66.65984314960838,64.881403310621,65.13546752929688,4614874.0
2022-12-07T00:00:00,65.10370207537571,65.35776627216123,64.30975448909064,64.46854400634766,3712213.0
2022-12-08T00:00:00,64.78612544432977,64.9131551244994,64.40503155794923,64.65909576416016,3314521.0
2022-12-09T00:00:00,64.72260607328002,65.3260042806518,64.46854188485509,65.198974609375,2996356.0
2022-12-12T00:00:00,65.13545832101696,65.73885651493111,64.81787930403661,65.23072814941406,2718429.0
2022-12-13T00:00:00,65.26249348851313,65.9611664155662,64.91315460205078,64.91315460205078,4200039.0
2022-12-14T00:00:00,65.0401880395744,66.1517146740783,64.62733432044149,65.80237579345703,6061479.0
2022-12-15T00:00:00,65.58007262815912,66.40578008143859,65.35776826639054,65.89765167236328,6482196.0
2022-12-16T00:00:00,65.89764832235088,66.24698719156491,65.32600510266946,65.48479461669922,6589444.0
2022-12-19T00:00:00,65.86588955918383,66.24698827578959,65.38952100929811,65.64358520507812,2921957.0
2022-12-20T00:00:00,65.35776839564231,65.83413696289062,64.976674511018,65.83413696289062,3118753.0
2022-12-21T00:00:00,65.92941018718842,66.27874422125376,65.54831146512217,65.86589050292969,3745331.0
2022-12-22T00:00:00,66.02467813923577,67.3267540954684,65.96116330265961,66.46929168701172,4080660.0
2022-12-23T00:00:00,66.50104843649379,67.10445151456207,66.37401875999075,66.9774169921875,2539626.0
2022-12-27T00:00:00,67.07268644771406,67.51729997258356,67.00917161441018,67.16796112060547,1779700.0
2022-12-28T00:00:00,67.2314815799736,67.2314815799736,66.59632350204117,66.78687286376953,2329825.0
2022-12-29T00:00:00,66.7233621247573,67.48554992675781,66.34226337788517,67.48554992675781,3002366.0
2022-12-30T00:00:00,67.48554443861049,67.48554443861049,66.75511169433594,66.75511169433594,3782511.0
2023-01-02T00:00:00,67.07269047727192,68.08894240880136,67.04093548164781,67.9301528930664,2442980.0
2023-01-03T00:00:00,67.80312373037356,68.47004163984057,67.45378485477245,67.67609405517578,3074688.0
2023-01-04T00:00:00,67.83488438577852,68.2159782618145,67.35851582926567,67.9619140625,3738539.0
2023-01-05T00:00:00,67.96191311958536,68.7876205444336,67.7078489237958,68.7876205444336,2180246.0
2023-01-09T00:00:00,68.78761817528628,69.96265958873745,68.72409849412298,69.64508056640625,4573656.0
2023-01-10T00:00:00,69.6133228694937,70.28024077527478,69.13695432132764,69.96266174316406,3879297.0
2023-01-11T00:00:00,69.96266068888585,71.07418728452357,69.96266068888585,70.85188293457031,3466408.0
2023-01-12T00:00:00,71.10594107226669,71.39176509952843,70.2802385227658,70.75660705566406,3291778.0
2023-01-13T00:00:00,70.88364241300924,70.94715725331716,69.26399217873507,69.32750701904297,3330886.0
2023-01-16T00:00:00,69.48629212755307,70.24847985456151,69.2639877776649,69.80387115478516,2513138.0
2023-01-17T00:00:00,69.86738948632998,69.86738948632998,68.47004363495203,69.1052017211914,3753513.0
2023-01-18T00:00:00,69.10519690746075,69.39101608801022,68.56530869506753,68.7240982055664,3255431.0
2023-01-19T00:00:00,68.72409978785045,69.35925784446967,68.21597625007792,68.62882995605469,4355377.0
2023-01-20T00:00:00,68.97816719642056,69.42278076431109,68.75586283541111,69.1052017211914,3233767.0
2023-01-23T00:00:00,69.16871604216149,69.5180500794516,68.91465184039585,69.35926055908203,2834315.0
2023-01-24T00:00:00,69.67683568710817,70.1214492266986,69.20046715275,69.5815658569336,3411454.0
2023-01-25T00:00:00,69.5498045051523,69.77210884718174,68.43827794913388,68.5653076171875,4285081.0
2023-01-26T00:00:00,68.56531657191873,68.97817031581911,67.3585200301863,68.59707641601562,4603730.0
2023-01-27T00:00:00,68.78761947020949,69.13695349382722,68.501795437208,68.62882995605469,3418729.0
2023-01-30T00:00:00,68.43828260540906,69.2004703573295,67.99367389110073,69.00992584228516,4109310.0
2023-01-31T00:00:00,69.23222994133322,70.1214522125063,68.91465090490507,69.13695526123047,4088500.0
2023-02-01T00:00:00,69.20046822133925,69.7403564453125,68.47004033407454,69.7403564453125,4067867.0
2023-02-02T00:00:00,69.58156344460673,69.99441228337368,68.40651722389723,69.3910140991211,5910165.0
2023-02-03T00:00:00,69.39101528570797,71.64582824707031,69.32750045141704,71.64582824707031,5680557.0
2023-02-06T00:00:00,71.48703830629383,71.48703830629383,70.5343012600751,70.78836059570312,4624861.0
2023-02-07T00:00:00,70.9471547805696,71.70934737531455,70.75661026628701,71.23297882080078,3953144.0
2023-02-08T00:00:00,68.2159740779776,68.31124875261108,65.10369873046875,65.10369873046875,32284504.0
2023-02-09T00:00:00,65.42128110660907,66.50104788555403,65.29425143115844,65.51655578613281,11226538.0
2023-02-10T00:00:00,65.73886205412272,65.9611664155662,64.62733540103369,64.91315460205078,7735419.0
2023-02-13T00:00:00,65.35776183976144,67.10444641113281,65.13545749985204,67.10444641113281,9107981.0
2023-02-14T00:00:00,67.32675062680075,67.77135930579908,67.07268644771406,67.16796112060547,8882630.0
2023-02-15T00:00:00,66.94565917835219,67.4537827088497,66.46929064270813,67.35851287841797,8894532.0
2023-02-16T00:00:00,67.42203487250823,68.85114063117523,67.42203487250823,68.59707641601562,6657543.0
2023-02-17T00:00:00,68.59706758186391,68.75585709015526,68.2159737311389,68.50179290771484,4098399.0
2023-02-20T00:00:00,68.3430059230532,68.91464914318477,68.21597625007792,68.62882995605469,5224767.0
2023-02-21T00:00:00,68.66059112548828,69.07344486858985,68.02543301175412,68.66059112548828,4272606.0
2023-02-22T00:00:00,68.69234655826678,68.81937623450733,67.93015396320885,68.08894348144531,6258714.0
2023-02-23T00:00:00,67.96191705851794,69.70860184273218,67.96191705851794,69.54981231689453,4490927.0
2023-02-24T00:00:00,69.67683757960378,70.18496596840234,69.58156774684157,70.02617645263672,4974300.0
2023-02-27T00:00:00,70.12145113774028,71.64583145840513,70.12145113774028,71.07418823242188,5284912.0
2023-02-28T00:00:00,70.82011947590797,71.20121332005702,70.40726579230021,70.56605529785156,5915342.0
2023-03-01T00:00:00,71.13770429238505,71.13770429238505,68.91465103324802,69.07344055175781,6193528.0
2023-03-02T00:00:00,68.85112883332474,69.61331650232854,68.66057949313827,68.94640350341797,5265793.0
2023-03-03T00:00:00,68.755855952843,69.64507815373992,68.755855952843,69.45452880859375,3527693.0
2023-03-06T00:00:00,69.54981231689453,69.96266605324679,69.13695858054226,69.54981231689453,4497292.0
2023-03-07T00:00:00,69.67683783134787,69.77211251032575,68.62883090020549,68.85113525390625,5403633.0
2023-03-08T00:00:00,68.66059112548828,69.04168502455441,68.50180159705474,68.66059112548828,5341071.0
2023-03-09T00:00:00,68.72410086108259,69.48629344845129,68.66058602360306,68.7876205444336,3771379.0
2023-03-10T00:00:00,67.07268650265569,67.10444634226923,65.38951676643269,66.05643463134766,13778354.0
2023-03-13T00:00:00,66.15171631257577,66.69159972210419,63.67459878229471,64.65909576416016,14929868.0
2023-03-14T00:00:00,64.34151114879334,66.08819575223583,63.865142620581764,65.0401840209961,12698455.0
2023-03-15T00:00:00,65.04018737838378,65.10370221624972,62.13116225293145,62.30900573730469,12538843.0
2023-03-16T00:00:00,63.41417342875947,63.89689487348028,59.85728953989327,61.064090728759766,13720974.0
2023-03-17T00:00:00,61.36897735507864,62.156572042087795,59.806489010874394,60.212989807128906,12648010.0
2023-03-20T00:00:00,59.23484011508821,61.49600118481847,58.14236751191071,61.089500427246094,11695923.0
2023-03-21T00:00:00,60.9624687399062,62.245485804926496,60.92435596360879,62.004127502441406,7341908.0
2023-03-22T00:00:00,62.0041272565554,62.8171287415665,61.61032754218454,62.13115692138672,8728431.0
2023-03-23T00:00:00,61.563946056951465,62.04815475764374,60.01447293725715,60.15281677246094,12970188.0
2023-03-24T00:00:00,59.83461645131892,60.069802005914745,58.28514346830825,58.893863677978516,10007793.0
2023-03-27T00:00:00,59.80694969892667,60.36033557426911,58.04995561381509,58.2021369934082,7693564.0
2023-03-28T00:00:00,58.82470000037627,59.613271512308565,58.78319790316277,59.32274627685547,7733745.0
2023-03-29T00:00:00,59.336577563263596,60.8583861913605,59.336577563263596,60.44334411621094,8339124.0
2023-03-30T00:00:00,60.87221353281541,62.988904723686005,60.73386970395961,62.69837951660156,10321617.0
2023-03-31T00:00:00,62.69837869146712,62.961234073825366,62.020486550524744,62.14499282836914,6396807.0
2023-04-03T00:00:00,62.338681574688536,62.67070887056435,61.92363953862569,62.14499282836914,4855141.0
2023-04-04T00:00:00,62.32484636297015,62.93357189070372,62.20033480297728,62.28334426879883,5498532.0
2023-04-05T00:00:00,62.380182874879225,62.43552251598177,60.51251484623655,61.17657470703125,5253796.0
2023-04-06T00:00:00,61.68845960300746,62.10349639944193,61.31492490297268,61.97898483276367,2016594.0
2023-04-11T00:00:00,62.40785661629268,62.905902862548835,61.85447072545719,62.90590286254883,4790556.0
2023-04-12T00:00:00,62.87822507113896,63.18258252279345,62.42168097743975,62.58769989013672,4559338.0
2023-04-13T00:00:00,62.435527762711345,62.75372280957237,61.7853001188115,62.643043518066406,4506080.0
2023-04-14T00:00:00,63.1134150770485,65.17477186355312,62.96123370172202,64.75973510742188,8199799.0
2023-04-17T00:00:00,64.91191501725021,65.16093814104869,64.45537614193901,64.82891082763672,6220010.0
2023-04-18T00:00:00,65.02258882226322,65.78349040192164,64.70439380813254,64.98108673095703,3513734.0
2023-04-19T00:00:00,64.98109281152836,65.46530151367188,64.63522794500325,65.46530151367188,4290150.0
2023-04-20T00:00:00,65.82499676946186,66.5305586983276,65.64514558073982,65.83882904052734,5536554.0
2023-04-21T00:00:00,65.71432096538689,66.06018581257314,65.38228838999744,65.65898132324219,4231113.0
2023-04-24T00:00:00,65.5898107090902,66.51673126220703,65.40995950729521,66.51673126220703,4672518.0
2023-04-25T00:00:00,66.40605502592359,66.97327320150418,65.60364599450371,65.82500457763672,4825873.0
2023-04-26T00:00:00,66.75192225805857,66.89026609993331,62.96124082742716,64.5107192993164,15443996.0
2023-04-27T00:00:00,65.02259349063841,65.18860714526083,63.888157175340474,64.34469604492188,6715512.0
2023-04-28T00:00:00,64.41387559729884,64.69056327264119,62.504700028057854,62.68455123901367,9092798.0
2023-05-02T00:00:00,62.684550939311215,62.864396871928044,60.5955241691023,60.70620346069336,7796214.0
2023-05-03T00:00:00,60.761529839019744,61.55010649421243,60.055967919083216,60.66468811035156,5643530.0
2023-05-04T00:00:00,60.52634527576877,60.67852664543012,59.806945795765074,59.87611770629883,5776164.0
2023-05-05T00:00:00,60.11130971059664,60.88604356769059,59.91762624632316,60.67852783203125,4902462.0
2023-05-08T00:00:00,60.80304530408593,61.31492383485545,60.706203562520855,61.10740280151367,4622024.0
2023-05-09T00:00:00,61.10739752324058,61.20424453391939,59.6824360683135,59.77927780151367,6661171.0
2023-05-10T00:00:00,59.91763042292914,60.55402050061027,58.71401690679606,59.46108627319336,5267219.0
2023-05-11T00:00:00,59.51642062004637,60.60935475018215,59.032206691231,59.668601989746094,4847049.0
2023-05-12T00:00:00,60.00063556707832,61.13507190708229,60.00063556707832,60.13898468017578,5264675.0
2023-05-15T00:00:00,60.18048752038528,61.024398649550555,59.87612474528197,60.89988708496094,5261167.0
2023-05-16T00:00:00,60.706202668234134,60.9967278886495,60.05597503232248,60.15281677246094,5246823.0
2023-05-17T00:00:00,59.696277774732586,60.31883030938167,59.696277774732586,59.8207893371582,2525190.0
2023-05-19T00:00:00,60.58168960102716,60.844544992378005,60.028303718997165,60.36033630371094,5742289.0
2023-05-22T00:00:00,60.2081517782052,60.969053368152935,60.09747249658732,60.85837936401367,4821735.0
2023-05-23T00:00:00,60.872208668645,62.08965431971184,60.76152939242149,61.68844985961914,5354937.0
2023-05-24T00:00:00,61.34258548850724,61.70228258392071,60.58168393005221,60.66468811035156,3855447.0
2023-05-25T00:00:00,60.31882675331361,61.01055644212445,60.18048292654292,60.41566848754883,4558613.0
2023-05-26T00:00:00,60.70619962875416,60.94138519232097,59.972962561945046,60.84454345703125,3644178.0
2023-05-29T00:00:00,61.34259107900021,61.49477246005603,60.014471298387534,60.16665267944336,2889454.0
2023-05-30T00:00:00,60.30499567523936,61.03822747109845,59.599433700777816,59.751609802246094,4246283.0
2023-05-31T00:00:00,59.37807847382607,60.78920777970409,59.239734636525505,59.30890655517578,18441736.0
2023-06-01T00:00:00,59.48875388549646,60.9137153711698,59.419581971357914,60.84454345703125,4671650.0
2023-06-02T00:00:00,61.06589654508602,62.255672463224236,60.87221307515259,62.186500549316406,6705448.0
2023-06-05T00:00:00,62.47702492094889,62.93356904611332,61.633113861083984,61.633113861083984,3786891.0
2023-06-07T00:00:00,62.117331220646435,63.4731208440853,62.117331220646435,62.919734954833984,6104634.0
2023-06-08T00:00:00,63.36243739347878,63.79131169335322,62.53236389160156,62.53236389160156,3285293.0
2023-06-09T00:00:00,62.72604913772472,63.97116470336914,62.68454704469616,63.97116470336914,5720118.0
2023-06-12T00:00:00,63.97116868181031,63.99883322723066,62.366355895996094,62.366355895996094,5677136.0
2023-06-13T00:00:00,62.532365866478855,62.79522125229638,62.24184065939442,62.69837951660156,6190179.0
2023-06-14T00:00:00,62.21416838187993,62.97506996550358,61.77146181404513,62.089656829833984,7092020.0
2023-06-15T00:00:00,61.978984832763665,62.64304476255466,61.78530134625953,61.97898483276367,5041812.0
2023-06-16T00:00:00,62.94740357389664,63.86048657947379,62.76755237170572,63.58379364013672,12184319.0
2023-06-19T00:00:00,63.556121512164744,64.04033545780345,63.16875457763671,63.16875457763672,3223645.0
2023-06-20T00:00:00,63.22410062265309,63.97117002417731,63.22410062265309,63.763648986816406,5968353.0
2023-06-21T00:00:00,63.76364970846536,64.60756086298123,63.417784827268974,64.52455139160156,4917384.0
2023-06-22T00:00:00,63.36243792635291,63.70830276795689,61.14890505107892,61.30108642578125,12933697.0
2023-06-26T00:00:00,60.74770056822342,61.41176043080562,59.72393831498504,61.30108642578125,6157675.0
2023-06-27T00:00:00,61.480934152408935,61.7576270893282,60.55401888283005,61.41176223754883,3263065.0
2023-06-28T00:00:00,61.55010951929311,61.85446699114672,61.14890503653306,61.439430236816406,3008370.0
2023-06-29T00:00:00,61.63311651018457,62.43552551224301,61.550112322026045,62.02048873901367,3003624.0
2023-06-30T00:00:00,62.241842142971386,62.836724843213766,62.10349303333916,62.49085998535156,4035293.0
2023-07-03T00:00:00,62.83672052877609,64.22017986523504,62.71221425487419,63.4454460144043,3467706.0
2023-07-04T00:00:00,63.722142898389855,64.09567757575147,63.61146361140321,63.7774772644043,2370805.0
2023-07-05T00:00:00,63.54229552485681,64.01267196793734,63.23793274478141,63.639137268066406,3488794.0
2023-07-06T00:00:00,62.94740708854838,63.79131822578053,62.809063249894876,63.12725830078125,4243836.0
2023-07-07T00:00:00,63.18258835779023,63.320937464481105,62.546198299448626,62.82289123535156,3548976.0
2023-07-10T00:00:00,62.60153682379407,62.6707087371644,61.66078402501721,61.74379348754883,4665664.0
2023-07-11T00:00:00,61.743797921250064,62.25567644992195,61.17657974691661,62.241844177246094,3011110.0
2023-07-12T00:00:00,62.186501672643125,63.16875658932239,62.117329757485784,63.058082580566406,3385211.0
2023-07-13T00:00:00,62.93357147981137,63.818984666211435,62.44935751523211,63.56996154785156,3074624.0
2023-07-14T00:00:00,63.56996303415313,63.81898615833531,62.89206557888409,63.43161392211914,3795804.0
2023-07-17T00:00:00,63.500788272496536,64.31702952575883,63.03041186760846,64.17868041992188,3707958.0
2023-07-18T00:00:00,64.78740823749015,65.11943554836357,63.500790533528026,64.59371948242188,7657507.0
2023-07-19T00:00:00,63.085743286540385,64.23401706271146,62.117325978297934,63.33476638793945,10932296.0
2023-07-20T00:00:00,63.50078632682128,63.62529787952009,62.04814978617562,62.40785217285156,6938129.0
2023-07-21T00:00:00,62.518530134681036,62.87823254412963,61.81296814303792,62.670711517333984,5426902.0
2023-07-24T00:00:00,62.46319442339016,63.14108657836914,62.158831664636196,63.14108657836914,4425653.0
2023-07-25T00:00:00,63.22409877771905,64.02650252530935,62.864396360453796,63.99883270263672,4225984.0
2023-07-26T00:00:00,63.88815655139094,63.88815655139094,63.224096661907716,63.7774772644043,3169500.0
2023-07-27T00:00:00,63.860487531991396,64.33086395263672,63.7913156154951,64.33086395263672,2968770.0
2023-07-28T00:00:00,64.3308616603182,64.38620130253489,63.76364352129413,63.84665298461914,2814219.0
2023-07-31T00:00:00,63.95733080022856,64.41387495948521,63.915828704833984,63.915828704833984,3616044.0
2023-08-01T00:00:00,63.639132126704375,64.19251799531939,63.639132126704375,63.97116470336914,2357717.0
2023-08-02T00:00:00,63.63913540796028,64.09567956472907,62.864396207449175,63.87432098388672,4403453.0
2023-08-03T00:00:00,63.874325874863565,64.85658618138837,63.860493601241274,64.53839111328125,6176548.0
2023-08-04T00:00:00,64.77356965131118,65.85266631060288,64.48304443957554,65.31311798095703,4327683.0
2023-08-07T00:00:00,65.2162740898343,65.57597648270433,64.9534187084898,65.16093444824219,2523510.0
2023-08-08T00:00:00,64.49686978502676,64.8842419698845,63.95732151332589,64.20634460449219,2957310.0
2023-08-09T00:00:00,64.71822936966683,65.20244332859664,64.6905595482298,64.81507110595703,3080883.0
2023-08-10T00:00:00,64.8842516583057,66.18470166831675,64.8842516583057,66.10169219970703,4230154.0
2023-08-11T00:00:00,66.10168606558689,66.24003516709786,65.60363985510456,65.75582122802734,2567242.0
2023-08-14T00:00:00,65.465300018754,65.97717853182812,65.31311863656141,65.67282104492188,3189572.0
2023-08-15T00:00:00,65.57597752818914,65.58980980006835,64.13717848872746,64.30319213867188,4689937.0
2023-08-16T00:00:00,63.95732730703996,64.70439664821376,63.708304193315364,64.16484832763672,3507361.0
2023-08-17T00:00:00,64.16484816543426,64.57988492809984,63.80514576763968,64.04033660888672,2960521.0
2023-08-18T00:00:00,63.639131296411875,63.77747512302129,63.08574543501681,63.4869499206543,3251642.0
2023-08-21T00:00:00,63.48695329819502,63.62530240964338,62.87823304025916,62.90590286254883,2692541.0
2023-08-22T00:00:00,63.04424487029018,63.41777954416196,62.82289157586381,62.933570861816406,2824768.0
2023-08-23T00:00:00,62.87823408772237,62.89206636035814,62.089662610506636,62.25567626953125,3952683.0
2023-08-24T00:00:00,62.3248405456543,62.83671901007855,62.214166545701296,62.3248405456543,3400445.0
2023-08-25T00:00:00,62.10348959841414,63.00274029011013,62.03431768616336,62.463191986083984,2619063.0
2023-08-28T00:00:00,62.83672428717027,63.69447292686309,62.83672428717027,63.58379364013672,2549119.0
2023-08-29T00:00:00,63.61146196510807,64.23401974459865,63.23792729741372,63.8604850769043,3023000.0
2023-08-30T00:00:00,63.98500016670592,64.31703275993203,63.45928409304751,63.473121643066406,3668447.0
2023-08-31T00:00:00,63.45927794954693,63.77747296194965,63.16875275702426,63.1964225769043,6437760.0
2023-09-01T00:00:00,63.30709822387804,63.55612133179037,62.90589901888921,63.182586669921875,2375931.0
2023-09-04T00:00:00,63.9988295433856,65.07793146443329,63.708304335883014,64.42770385742188,6982770.0
2023-09-05T00:00:00,64.33085734832807,65.72814891702922,64.20634580042572,65.07792663574219,5053697.0
2023-09-06T00:00:00,64.87041042526744,65.00875953176252,63.99882952552415,64.56604766845703,4510593.0
2023-09-07T00:00:00,64.33085814830997,65.03642007687833,64.06800277834891,64.23401641845703,3970717.0
2023-09-08T00:00:00,64.28935770749628,64.48304117217262,63.05807972992931,64.15100860595703,3783653.0
2023-09-11T00:00:00,64.48304350003536,64.80123852884468,64.08183900730582,64.42770385742188,2909813.0
2023-09-12T00:00:00,64.3862014399379,64.64905682480996,64.02649904224062,64.17868041992188,4672875.0
2023-09-13T00:00:00,64.17867893595422,64.67672515049365,64.17867893595422,64.38619995117188,4233648.0
2023-09-14T00:00:00,64.40002991087134,65.93567059141543,64.28935591021258,65.8526611328125,5980640.0
2023-09-15T00:00:00,65.92184147793714,66.61357116699219,65.79732992280809,66.61357116699219,8572539.0
2023-09-18T00:00:00,66.54439061704399,66.54439061704399,65.49296386484538,65.7281494140625,4079417.0
2023-09-19T00:00:00,65.74199418820503,66.82109087846956,65.74199418820503,66.80725860595703,3990763.0
2023-09-20T00:00:00,66.82108668702797,68.32905761529794,66.82108668702797,68.23221588134766,5808949.0
2023-09-21T00:00:00,67.927859502373,68.95162185692595,67.73417601630386,68.82711029052734,5901383.0
2023-09-22T00:00:00,68.49507010798291,68.92394440644767,68.287554371935,68.68875885009766,5138171.0
2023-09-25T00:00:00,68.68876017263732,69.24214075689851,67.85868138002749,68.35672760009766,5002891.0
2023-09-26T00:00:00,68.48124099044509,68.48124099044509,67.41597660840736,68.2598876953125,4390785.0
2023-09-27T00:00:00,68.17688341057892,68.17688341057892,67.41598173059072,67.85868835449219,3305540.0
2023-09-28T00:00:00,67.92785461403217,68.23221737165443,67.67883149915558,68.02469635009766,2735625.0
2023-09-29T00:00:00,66.64123451889223,67.84484795611323,66.55823033527602,67.48514556884766,6601635.0
2023-10-02T00:00:00,67.88635529622157,68.19071806628757,66.54439793090765,66.80725860595703,4191299.0
2023-10-03T00:00:00,66.76573965918618,67.18078164731834,64.84273218708923,65.13326263427734,6954707.0
2023-10-04T00:00:00,64.8427431000793,65.52064055430381,64.17868319577637,64.82891082763672,4823886.0
2023-10-05T00:00:00,65.11944030987424,65.64515641425609,64.9672589156469,65.27162170410156,3840319.0
2023-10-06T00:00:00,65.65898015426,66.32304001573732,65.36845495439091,66.25386810302734,3463143.0
2023-10-09T00:00:00,66.04636177294009,66.36455683871452,65.65898950712301,66.29537963867188,3381159.0
2023-10-10T00:00:00,66.71041433312247,68.25988739216936,66.71041433312247,67.87252044677734,5074918.0
2023-10-11T00:00:00,67.99703080876122,68.75793241417644,67.67883050638082,68.60575103759766,4008544.0
2023-10-12T00:00:00,68.93778924990214,69.14530500790806,68.55041700216194,68.7164306640625,7425485.0
2023-10-13T00:00:00,68.67491695900323,68.8409305928405,67.87251333089121,68.52273559570312,4585763.0
2023-10-16T00:00:00,68.89627671311094,69.34590207131346,68.66109114950028,69.11763000488281,6795210.0
2023-10-17T00:00:00,69.07612710936802,69.07612710936802,68.13537431089743,68.35672760009766,9306231.0
2023-10-18T00:00:00,71.59402317072042,73.35793599751227,70.729361055132,71.80154418945312,19211187.0
2023-10-19T00:00:00,72.49327214298862,72.49327214298862,68.97928412293435,69.55342102050781,10618730.0
2023-10-20T00:00:00,69.0069596878861,69.55342681061875,68.67492709373344,68.78560638427734,6842094.0
2023-10-23T00:00:00,68.78559720468701,69.2075527079864,67.51281192068342,67.66499328613281,5104199.0
2023-10-24T00:00:00,67.52665813441175,67.7480114368861,66.83492840449452,66.94560241699219,4443937.0
2023-10-25T00:00:00,67.12545317499243,67.12545317499243,65.94950947551986,66.43372344970703,5183363.0
2023-10-26T00:00:00,66.11553268692109,66.11553268692109,64.48305000743075,65.28545379638672,8010620.0
2023-10-27T00:00:00,65.47913459888778,66.2400361978635,64.8427392769915,64.89807891845703,4190937.0
2023-10-30T00:00:00,64.953418380466,65.56213860246903,64.66289317979265,64.91191101074219,3881109.0
2023-10-31T00:00:00,64.85658155581913,66.17086911033839,64.78740963768213,65.71432495117188,4540082.0
2023-11-01T00:00:00,66.06018128933528,66.06018128933528,65.0640889088496,65.09175872802734,3241564.0
2023-11-02T00:00:00,65.23010900892088,66.12935439988138,65.00875572895599,65.96334075927734,3577653.0
2023-11-03T00:00:00,66.18469780701896,67.54048738367138,66.18469780701896,67.49898529052734,3239114.0
2023-11-06T00:00:00,67.51281723747236,67.80334244303982,66.75191562778097,67.24996185302734,4094378.0
2023-11-07T00:00:00,67.15312347103966,67.58199252615556,66.68274704342812,66.80725860595703,3255478.0
2023-11-08T00:00:00,66.40605165466272,66.5720653061053,65.94950751634707,66.26770782470703,3185610.0
2023-11-09T00:00:00,66.35071018039125,66.59973328942144,65.88033378305408,66.36454772949219,3685136.0
2023-11-10T00:00:00,66.39221554437927,66.83492210761821,66.25386644494303,66.4752197265625,3254261.0
2023-11-13T00:00:00,66.7519134962251,67.08394606161296,66.62740194388948,66.95943450927734,2399996.0
2023-11-14T00:00:00,66.95944058755413,67.44364929199219,66.43372451025061,67.44364929199219,4630806.0
2023-11-15T00:00:00,67.4436480869658,68.38440093376178,67.22229478639491,68.03853607177734,6201098.0
2023-11-16T00:00:00,68.0661973967837,68.28755066972128,67.11160711928927,67.41596984863281,4255242.0
2023-11-17T00:00:00,67.69266938733948,68.30138962815141,67.59582765078937,68.1353759765625,3739130.0
2023-11-20T00:00:00,68.3982280436067,68.61958132747034,67.76183801218356,68.43973541259766,3328278.0
2023-11-21T00:00:00,68.20454623990254,68.5504110841997,67.80334175392295,68.2183837890625,4807903.0
2023-11-22T00:00:00,68.13537993118561,68.5780865461036,68.01086836589748,68.32906341552734,3856204.0
2023-11-23T00:00:00,68.45357259314218,69.44966508070337,68.3013912100449,69.3804931640625,4669564.0
2023-11-24T00:00:00,69.3804923758159,69.96846157680169,69.31131518248202,69.76094055175781,2304625.0
2023-11-27T00:00:00,69.83011091151627,70.21056435645905,69.0761280737845,69.24214172363281,3252848.0
2023-11-28T00:00:00,69.03462536282309,69.13146709749108,68.12154238061143,68.4674072265625,3593385.0
2023-11-29T00:00:00,68.14920870824275,68.86860823995218,68.03853469892992,68.64725494384766,3897879.0
2023-11-30T00:00:00,68.63342301079618,69.08996187737011,68.14920904490872,68.7579345703125,6764213.0
2023-12-01T00:00:00,69.10380124728157,69.10380124728157,68.21838803516684,68.7994384765625,3712659.0
2023-12-04T00:00:00,68.88244843533288,69.1453038353412,68.70259722612766,69.03462982177734,2746521.0
2023-12-05T00:00:00,68.96545485675773,69.83011705545067,68.91012048692559,69.5880126953125,3902118.0
2023-12-06T00:00:00,69.65717548539307,70.27973324234604,69.34589924565586,69.93386840820312,3845765.0
2023-12-07T00:00:00,69.93387531222041,70.90229799892099,69.93387531222041,70.76395416259766,5061624.0
2023-12-08T00:00:00,70.59102245139756,70.90229872505249,69.41507872068972,70.79853820800781,5995976.0
2023-12-11T00:00:00,70.79853671856118,71.90530322963589,70.79853671856118,71.87071990966797,4466062.0
2023-12-12T00:00:00,71.870720659988,72.42410128256306,71.62861630776897,71.76696014404297,5254725.0
2023-12-13T00:00:00,71.73237079735925,72.11282425935947,71.35192261283804,71.87071990966797,5194249.0
2023-12-14T00:00:00,72.38951346411494,73.80755616898622,72.35492486845617,73.6692123413086,12125735.0
2023-12-15T00:00:00,73.77296986582115,74.74139245281667,73.63462076626263,74.3609390258789,7889045.0
2023-12-18T00:00:00,74.22259906416319,75.46770936007766,73.9459061281337,75.15643310546875,7486091.0
2023-12-19T00:00:00,74.98349985140128,75.26019278437269,74.43011398545845,74.6722183227539,4911090.0
2023-12-20T00:00:00,74.77598116642795,75.53688279774175,73.87673570304942,74.8105697631836,5782233.0
2023-12-21T00:00:00,74.63763651541727,74.63763651541727,73.94590680772569,74.32635498046875,2738928.0
2023-12-22T00:00:00,74.32635579599923,75.01808551128067,74.25718387996687,74.8105697631836,2859583.0
2023-12-27T00:00:00,74.81056151964698,75.77898406982422,74.81056151964698,75.77898406982422,4554300.0
2023-12-28T00:00:00,75.77899321821714,75.88274845461903,75.22560732917188,75.4331283569336,2480532.0
2023-12-29T00:00:00,75.57147214556426,75.84816508992252,75.50230022884443,75.7098159790039,2907451.0
2024-01-02T00:00:00,75.98651048014871,76.98952176431193,75.88274996420368,76.09027099609375,5282071.0
2024-01-03T00:00:00,76.36695772138054,76.47071822886797,74.7759773465165,74.8797378540039,4058326.0
2024-01-04T00:00:00,74.8797447145461,76.8165901068378,74.8797447145461,76.71282958984375,4576045.0
2024-01-05T00:00:00,76.36695934532875,76.88575661631947,76.29778743135908,76.40154266357422,1627099.0
2024-01-08T00:00:00,76.85117111639467,77.23162457477186,76.26320190774909,76.4361343383789,4417186.0
2024-01-09T00:00:00,75.7443992834701,76.29778513351886,75.2947739399903,75.84815979003906,5426925.0
2024-01-10T00:00:00,75.60605768456479,76.02109444557539,75.19101564607544,75.53688049316406,4140628.0
2024-01-11T00:00:00,75.8827392937003,76.57446893275856,75.53687447417116,75.77898406982422,4161247.0
2024-01-12T00:00:00,76.09026114868962,77.05868370971407,76.09026114868962,76.53988647460938,4865826.0
2024-01-15T00:00:00,76.78199537550891,76.98951639292069,76.12485428283613,76.36695861816406,2589287.0
2024-01-16T00:00:00,76.09026786608574,76.09026786608574,73.84214631549685,74.1880111694336,6551858.0
2024-01-17T00:00:00,73.70380100668366,74.56846312418357,72.94289412130075,74.3955307006836,4291197.0
2024-01-18T00:00:00,74.60304568200479,75.57146829922979,73.98048790825453,74.63763427734375,4527858.0
2024-01-19T00:00:00,74.8797431790842,75.26019664110119,74.39553447967988,74.6030502319336,4826082.0
2024-01-22T00:00:00,75.12184453456516,76.57447585235786,75.0180840238345,76.15943908691406,4943349.0
2024-01-23T00:00:00,76.33236845072278,76.47071755197426,75.50229495312824,75.84815979003906,4554096.0
2024-01-24T00:00:00,76.47072144237566,76.9895187241354,75.60605930610944,76.6436538696289,4824577.0
2024-01-25T00:00:00,76.36695883372627,79.96395111083984,76.19402641122122,79.96395111083984,8443112.0
2024-01-26T00:00:00,79.96395416396035,80.03312608010769,78.26921846969528,79.13388061523438,4695379.0
2024-01-29T00:00:00,79.2030517509965,79.34139558192808,78.23462910203875,78.37297821044922,3901108.0
2024-01-30T00:00:00,78.47673268004732,78.9955299572027,78.02711259516236,78.61508178710938,2873323.0
2024-01-31T00:00:00,78.92636497891512,79.0647140981361,77.85418701171875,77.85418701171875,5180940.0
2024-02-01T00:00:00,76.98951793871369,78.47673257593642,76.85116883183517,77.02410125732422,5566891.0
2024-02-02T00:00:00,77.95793536096248,78.40756072308442,77.16245042506844,77.75041961669922,4351375.0
2024-02-05T00:00:00,77.81959073543386,78.2000441789097,76.8511681063416,76.98951721191406,5796390.0
2024-02-06T00:00:00,77.75041357117598,78.85717995362593,76.95492341965688,78.40755462646484,8329338.0
2024-02-07T00:00:00,81.27823572651407,84.11432630062438,80.9323708936353,82.38500213623047,17688334.0
2024-02-08T00:00:00,83.14590990419923,84.04516064763463,82.24666443824276,82.592529296875,8176349.0
2024-02-09T00:00:00,81.554933211374,83.49177321737577,81.17447976292928,83.07673645019531,8556505.0
2024-02-12T00:00:00,83.00756229376941,83.52635955810547,82.55793694251575,83.52635955810547,6603266.0
2024-02-13T00:00:00,83.6992973554771,85.22110065094871,83.49177632542232,84.84065246582031,7199249.0
2024-02-14T00:00:00,84.84064473861106,84.87522805548436,83.87222214902354,84.11432647705078,4127926.0
2024-02-15T00:00:00,83.97598495709828,84.77147515169486,83.28425527092362,84.52936553955078,4773822.0
2024-02-16T00:00:00,84.87523196069732,85.39402923497416,83.9413979224948,84.90982055664062,5597278.0
2024-02-19T00:00:00,84.90982210105247,86.05117718071718,84.87523350448004,85.42861938476562,5128365.0
2024-02-20T00:00:00,85.42861711991978,86.01658630371094,85.25568469660011,86.01658630371094,3985046.0
2024-02-21T00:00:00,86.01658783330468,86.08575974836687,85.39403004278745,85.53237915039062,4642291.0
2024-02-22T00:00:00,86.05117716992181,86.25869291689371,84.25268097543763,84.42561340332031,6017842.0
2024-02-23T00:00:00,84.39102325336245,84.4947837636779,82.76545951668277,83.90681457519531,5881860.0
2024-02-26T00:00:00,83.90681379856036,84.49478298160075,83.8722252029491,84.28726196289062,3438803.0
2024-02-27T00:00:00,84.287261220075,84.49478223695625,83.94139637692534,84.39102172851562,4061744.0
2024-02-28T00:00:00,84.32185290167334,85.7053123249084,84.32185290167334,85.42861938476562,4071544.0
2024-02-29T00:00:00,85.60155032004631,85.80907134090461,84.59854436668172,85.63613891601562,5945902.0
2024-03-01T00:00:00,86.12034605392654,86.74290382788439,85.98200222748198,86.2586898803711,3956866.0
2024-03-04T00:00:00,86.4662139627876,87.12335507791323,86.32787013143869,86.43162536621094,4066456.0
2024-03-05T00:00:00,85.77448192904366,85.9474143522877,84.77147598521972,85.01358032226562,6932452.0
2024-03-06T00:00:00,85.15193024141584,85.35945127514569,84.46020049895515,84.63313293457031,4850471.0
2024-03-07T00:00:00,84.6331298781003,84.97899473683997,84.25268169997403,84.46019744873047,5564516.0
2024-03-08T00:00:00,84.66772379503867,85.60155791681719,84.56396327540122,85.04817199707031,4520352.0
2024-03-11T00:00:00,84.73688889501125,85.15192566267471,83.5263619107968,84.66771697998047,5222833.0
2024-03-12T00:00:00,85.04816444941005,85.67072223450614,84.84064870603055,85.63613891601562,4896839.0
2024-03-13T00:00:00,85.63614042962155,85.67072374872333,84.2180924094766,85.29027557373047,6388861.0
2024-03-14T00:00:00,85.42861940509535,85.73989566440576,84.90982212125874,85.29027557373047,4499238.0
2024-03-15T00:00:00,85.29026998927483,85.53237431705081,82.69628373993531,83.24966430664062,15366081.0
2024-03-18T00:00:00,83.28425290095656,83.66470105103924,82.90379947339535,83.24966430664062,4231735.0
2024-03-19T00:00:00,83.24967120326119,84.42561490020047,83.07673877231237,84.21809387207031,6246670.0
2024-03-20T00:00:00,84.32185593905055,84.80606464363306,83.63012620251605,84.59854888916016,8803494.0
2024-03-21T00:00:00,84.59854886568253,85.87564937238345,83.82454569547565,85.449951171875,12411248.0
2024-03-22T00:00:00,85.44994761086332,85.87564579363138,84.36634203669638,84.40504455566406,7049530.0
2024-03-25T00:00:00,84.36634203669638,84.5985453401519,83.90194133496063,84.40504455566406,5579032.0
2024-03-26T00:00:00,84.25024416618673,87.11405944824219,84.25024416618673,87.11405944824219,7720157.0
2024-03-27T00:00:00,87.11406255215685,88.00416150832363,83.90194809001233,83.9793472290039,11111194.0
2024-03-28T00:00:00,84.13413429775923,84.6759400088668,83.28273207193303,83.78583526611328,4422335.0
2024-04-02T00:00:00,83.70844161421239,84.28894397505273,83.08923673391254,83.63104248046875,6027529.0
2024-04-03T00:00:00,83.63103948111502,84.17283930306468,83.36013366496502,83.90193939208984,3827665.0
2024-04-04T00:00:00,83.82454401666166,83.82454401666166,83.05054086195629,83.74713897705078,4634923.0
2024-04-05T00:00:00,83.01183430277182,84.21154149625723,82.27653370365182,83.94063568115234,7374065.0
2024-04-08T00:00:00,83.97934711816326,85.72085431646619,83.55364299650779,85.6821517944336,4482485.0
2024-04-09T00:00:00,85.52734535109664,86.14655021344615,85.17904630675955,85.21774291992188,3576707.0
2024-04-10T00:00:00,85.37254653312904,85.75954809328796,84.21154185265226,84.75334167480469,4282432.0
2024-04-11T00:00:00,84.75334882992128,84.75334882992128,82.85704338712115,83.43754577636719,4927578.0
2024-04-12T00:00:00,83.4762353452452,85.21774236596036,83.4762353452452,84.75334167480469,4883536.0
2024-04-15T00:00:00,84.63723843464066,85.75954648110857,83.74713368197303,85.06294250488281,4669562.0
2024-04-16T00:00:00,84.36634332261697,84.36634332261697,82.7409378891796,83.2827377319336,5492790.0
2024-04-17T00:00:00,83.32144078506809,84.7146429204325,83.28273826526265,83.74713897705078,3810686.0
2024-04-18T00:00:00,83.90194559275616,84.71464538574219,83.01184075790665,84.71464538574219,6471504.0
2024-04-19T00:00:00,83.97933907465104,84.59854393681071,83.4762358622932,84.36634063720703,4562378.0
2024-04-22T00:00:00,84.86945197833103,85.95305763831021,84.55984951759757,85.6821517944336,4664223.0
2024-04-23T00:00:00,85.72085188678666,87.81065810344622,85.21774864050178,87.57846069335938,5518636.0
2024-04-24T00:00:00,80.49632746250785,80.80592990301412,76.93591415962432,77.01331329345703,34316891.0
2024-04-25T00:00:00,77.40031631449939,77.4777154497788,74.22690452664003,74.64486694335938,21882364.0
2024-04-26T00:00:00,74.93898936195761,75.71299255962509,74.62938690185547,74.62938690185547,9708231.0
2024-04-29T00:00:00,75.09378648370307,75.6046314207859,73.9482650756836,73.9482650756836,9035787.0
2024-04-30T00:00:00,74.3042979794955,75.07830108344858,73.70057650324011,74.44361877441406,5961434.0
2024-05-02T00:00:00,74.56746515899283,75.0473492669607,73.87086700588485,74.02566528320312,8966520.0
2024-05-03T00:00:00,74.42814937480821,75.29502916584897,74.28882856479443,74.30430603027344,7468174.0
2024-05-06T00:00:00,74.53650505084656,75.697509765625,74.3352625801692,75.697509765625,5921110.0
2024-05-07T00:00:00,75.77490997314453,75.88326994231267,75.07830595336686,75.77490997314453,5383571.0
2024-05-08T00:00:00,75.66654332547135,75.89874070811933,73.99469382556627,74.14949798583984,6794394.0
2024-05-10T00:00:00,74.36622289258221,76.45602900244609,74.28882375984193,76.08451080322266,8164939.0
2024-05-13T00:00:00,76.08451241584298,76.48699145772817,75.66655000397638,75.77490997314453,5831321.0
2024-05-14T00:00:00,75.77490464658416,76.5334243774414,75.77490464658416,76.5334243774414,7647543.0
2024-05-15T00:00:00,76.62630687527444,77.09070755408958,76.1619061964593,76.5334243774414,5729947.0
2024-05-16T00:00:00,76.53342803110112,76.62631053336831,75.96066736339169,76.33219146728516,5276031.0
2024-05-17T00:00:00,76.19286777563995,76.59534679317673,76.09998527689682,76.5024642944336,3435995.0
2024-05-20T00:00:00,76.62631064975193,77.55511205313334,76.59534981561583,76.9359130859375,4819092.0
2024-05-21T00:00:00,76.05355567882833,76.1154714465637,75.07830999859327,75.72846984863281,6024728.0
2024-05-22T00:00:00,75.66655364413204,76.06903270537963,74.84610624573484,75.86779022216797,3502516.0
2024-05-23T00:00:00,75.8677820762265,77.23002920026445,75.85230461233776,76.2547836303711,4913474.0
2024-05-24T00:00:00,74.84610636547318,75.68203123075823,74.62938641636424,75.62010955810547,4771135.0
2024-05-27T00:00:00,75.62010900223177,76.02259396634037,75.31051245159524,76.00711059570312,2675777.0
2024-05-28T00:00:00,76.02259148664538,76.59535217285156,76.02259148664538,76.59535217285156,3661913.0
2024-05-29T00:00:00,76.19287369059604,76.28575029137426,75.1092680751713,75.35694885253906,4200655.0
2024-05-30T00:00:00,75.26406441669927,75.83683099763071,75.15570444845287,75.55818939208984,3140978.0
2024-05-31T00:00:00,75.65106748121015,76.34767150878906,75.4033867053127,76.34767150878906,9591248.0
2024-06-03T00:00:00,76.6263109716349,77.43901663188903,76.53342846883645,77.04427337646484,8086362.0
2024-06-04T00:00:00,77.04427412781867,77.26099406461985,75.80587027097232,76.16191101074219,4678563.0
2024-06-05T00:00:00,76.45602534035655,76.85851025960824,76.1619062879611,76.2857437133789,3828383.0
2024-06-07T00:00:00,76.65726660460203,77.82601292185282,76.62630577243662,77.55510711669922,7148945.0
2024-06-10T00:00:00,77.32291377691286,77.32291377691286,75.9451891519645,76.36315155029297,4395576.0
2024-06-11T00:00:00,76.4250696739388,77.43901781989031,76.1309506016613,76.87399291992188,4787596.0
2024-06-12T00:00:00,76.92043163707712,78.63871959089822,76.85851587243413,78.29042053222656,6139353.0
2024-06-13T00:00:00,78.01952062205723,78.09691975675625,76.73467254638672,76.73467254638672,6345064.0
2024-06-14T00:00:00,76.70371382801208,78.13561852756966,76.70371382801208,77.59381866455078,7070626.0
2024-06-17T00:00:00,77.7873166581145,78.71611807703675,77.24551681460576,77.36935424804688,4870559.0
2024-06-18T00:00:00,78.17431583233771,78.21301835076045,76.51794961285864,76.85851287841797,4809558.0
2024-06-19T00:00:00,76.7811155885347,77.15263972528273,76.28575400965454,76.61083984375,4336473.0
2024-06-20T00:00:00,76.84302898579035,77.67121208989117,76.62630905651913,77.24551391601562,10568557.0
2024-06-24T00:00:00,77.01331467662776,77.94211610965257,76.08451324360296,77.9034194946289,6901538.0
2024-06-25T00:00:00,77.90341591890426,78.05821418224474,76.85851287841797,76.85851287841797,3671649.0
2024-06-26T00:00:00,77.01330815113415,77.86471037679512,76.81206569246612,77.2764663696289,4693387.0
2024-06-27T00:00:00,77.30743000352119,77.55511076732823,76.9823501082448,77.35387420654297,3229572.0
2024-06-28T00:00:00,77.7873210417574,78.44522257600079,77.51642110473666,78.1356201171875,5324129.0
2024-07-01T00:00:00,78.87092483238229,79.56752887196708,78.32911906596051,78.79352569580078,4049704.0
2024-07-02T00:00:00,78.79352755660663,78.87092669501602,77.74861851996482,78.1356201171875,3472838.0
2024-07-03T00:00:00,78.4839239845814,79.2192246468047,78.2130240514031,78.90962219238281,3901243.0
2024-07-04T00:00:00,79.14182035732478,80.22542592467038,79.06442122505193,79.87712097167969,3029762.0
2024-07-05T00:00:00,80.07062640803855,80.26412720255307,79.18052747741224,79.29662322998047,2101632.0
2024-07-08T00:00:00,79.29662490885552,79.6836265060782,77.90342270195934,78.1356201171875,3792986.0
2024-07-09T00:00:00,78.5613190460205,79.2192205367994,77.18359439575579,77.40031433105469,4793727.0
2024-07-10T00:00:00,77.51641684200146,78.67742156982422,76.99783614748273,78.67742156982422,3992108.0
2024-07-11T00:00:00,78.98702752114686,79.99322812019528,78.71612168181105,79.72232818603516,3884227.0
2024-07-12T00:00:00,79.68362158407585,80.10932567679563,79.37402504956187,79.91582489013672,2421816.0
2024-07-15T00:00:00,79.52882579818157,79.60622493422498,78.44522017804715,79.18052673339844,3367285.0
2024-07-16T00:00:00,78.9483198810278,79.21921979762372,78.56131831298356,78.98702239990234,3615902.0
2024-07-17T00:00:00,85.06294679672513,85.56605002189303,83.36013633501648,84.5211410522461,18747260.0
2024-07-18T00:00:00,85.14034680509626,85.6821466499676,82.97313561526,83.2440414428711,7107618.0
2024-07-19T00:00:00,83.08923500205616,83.16663413418654,82.31523187040183,82.77963256835938,4876251.0
2024-07-22T00:00:00,82.97313561526,83.59234049954905,82.97313561526,83.2440414428711,3273239.0
2024-07-23T00:00:00,83.01183727300055,83.51494049811441,82.50873404788669,82.8183364868164,3349191.0
2024-07-24T00:00:00,82.62484174210293,82.81834254243572,82.00563681896767,82.27654266357422,3049503.0
2024-07-25T00:00:00,81.73473355842356,82.58613586425781,81.50253615056452,82.58613586425781,2923444.0
2024-07-26T00:00:00,82.58613126090333,83.16663360595703,82.2765347343482,83.16663360595703,2370509.0
2024-07-29T00:00:00,83.32143864585507,84.28894256439688,83.32143864585507,83.59233856201172,3223643.0
2024-07-30T00:00:00,83.66974069637824,84.17284393310547,83.66974069637824,84.17284393310547,2283758.0
2024-07-31T00:00:00,84.36634386288526,84.63724378599704,83.51494157374444,83.74713897705078,3712487.0
2024-08-01T00:00:00,83.74713590097085,83.74713590097085,81.46382904052734,81.46382904052734,4343694.0
2024-08-02T00:00:00,80.57372495478268,80.65112408703851,78.63871712251039,79.02571868896484,4914561.0
2024-08-05T00:00:00,76.3012337194658,77.86471752056461,74.96994732566404,77.51641845703125,8543031.0
2024-08-06T00:00:00,78.17431900396332,78.21302152395626,75.49626878432979,76.48699188232422,6405535.0
2024-08-07T00:00:00,77.21455715234748,78.40652273134047,76.75015643583508,77.9034194946289,4506690.0
2024-08-08T00:00:00,77.4003157204068,78.60002297614328,76.62631256320273,78.29042053222656,3539855.0
2024-08-09T00:00:00,78.48391532341577,79.1418167757242,78.25171203193044,78.83221435546875,3270219.0
2024-08-12T00:00:00,79.02572008802115,79.3353225277009,78.60002190048992,79.06442260742188,3310347.0
2024-08-13T00:00:00,79.3353209188841,79.41272005094064,78.79352108931305,79.3740234375,2484514.0
2024-08-14T00:00:00,79.56752722850409,79.99322542349744,79.56752722850409,79.95452880859375,1953798.0
2024-08-15T00:00:00,80.14803034605593,80.41893027360986,79.02572221022459,80.07062530517578,2955809.0
2024-08-16T00:00:00,80.0706226232226,80.4963267131024,79.9158243569983,80.30282592773438,2580072.0
2024-08-19T00:00:00,80.341527916041,81.07682853351108,80.341527916041,80.68982696533203,2824175.0
2024-08-20T00:00:00,80.68982770258619,80.88332848844371,78.98702314911014,79.10311889648438,3117545.0
2024-08-21T00:00:00,79.2192184221728,80.45762223737745,79.18052180914542,79.79972076416016,3499830.0
2024-08-22T00:00:00,79.79972163603621,80.38022398436603,79.64492337188503,80.22542572021484,1988369.0
2024-08-23T00:00:00,80.38023050759807,81.27033536164168,80.38023050759807,80.99943542480469,2460372.0
2024-08-26T00:00:00,80.99943101553791,81.57993337937812,80.65112605412854,81.23162841796875,1902544.0
2024-08-27T00:00:00,81.23162981610014,81.73473305445597,81.11553406547422,81.27033233642578,1857344.0
2024-08-28T00:00:00,81.30903485675142,81.50253564802863,80.61243082711839,81.27033233642578,2415808.0
2024-08-29T00:00:00,81.07682961495902,82.0056310289075,81.07682961495902,81.6186294555664,2115546.0
2024-08-30T00:00:00,81.61862924588416,82.04433333753586,81.61862924588416,81.96693420410156,3774648.0
2024-09-02T00:00:00,82.23784088056904,82.97314156637202,82.16044174077544,82.39263916015625,3096292.0
2024-09-03T00:00:00,82.39262934075926,82.54743350707304,81.07682640555538,81.38642883300781,3167392.0
2024-09-04T00:00:00,80.49632651547086,81.69603374387734,80.38022486350002,81.50253295898438,4369957.0
2024-09-05T00:00:00,81.3864353594859,82.35393933212559,81.03813038623025,82.16043853759766,3211102.0
2024-09-06T00:00:00,81.81212700372664,82.23783107962062,81.19292805399694,81.38642883300781,4119847.0
2024-09-09T00:00:00,81.69602915264676,82.19912644095466,81.46382586175466,82.0830307006836,2436794.0
2024-09-10T00:00:00,82.08303443568055,82.66353678415021,80.99942887083546,81.07682800292969,3090086.0
2024-09-11T00:00:00,81.11552997077175,81.38642988384973,80.18672267642194,80.6124267578125,4087395.0
2024-09-12T00:00:00,81.30903399867579,81.77343471180502,80.34153005250009,80.8446273803711,2726632.0
2024-09-13T00:00:00,80.57372138260172,80.72852554542551,79.45141925171039,79.6836166381836,4431204.0
2024-09-16T00:00:00,79.56752615912389,80.88332915167426,79.25792371817809,80.72853088378906,2795166.0
2024-09-17T00:00:00,81.11553213436328,81.81213024223695,81.11553213436328,81.6186294555664,2642073.0
2024-09-18T00:00:00,81.65733230044555,82.12173300927083,81.0768299381201,81.5799331665039,2603959.0
2024-09-19T00:00:00,81.92822659572813,83.12793375755234,81.73472582157423,82.93443298339844,4018204.0
2024-09-20T00:00:00,82.93443598436025,83.20533589694317,82.3539336408932,82.66353607177734,4209309.0
2024-09-23T00:00:00,82.6635368036514,82.93443671863277,81.5412287199068,81.92823028564453,2586309.0
2024-09-24T00:00:00,81.96694093870352,82.74094414699123,81.92823841621879,82.39263916015625,4071636.0
2024-09-25T00:00:00,82.12173193772873,82.77963342541138,81.96693367186528,82.35393524169922,3419530.0
2024-09-26T00:00:00,82.66354015839752,82.93444008437285,82.1604369214859,82.47003936767578,4643054.0
2024-09-27T00:00:00,81.7347294834936,82.23783269986902,80.99942887083546,81.07682800292969,4862775.0
2024-09-30T00:00:00,81.07682853351108,81.77343253726843,80.49632618124251,80.68982696533203,4093714.0
2024-10-01T00:00:00,80.61243031371107,81.34773095381124,79.60622384340778,79.95452880859375,4874748.0
2024-10-02T00:00:00,79.91582542519825,80.41892865491496,79.33532306133482,80.3802261352539,3795117.0
2024-10-03T00:00:00,80.22542809165944,80.22542809165944,78.09691941819858,78.32911682128906,5988553.0
2024-10-04T00:00:00,78.40651865785841,79.29661752444044,78.40651865785841,78.94831848144531,4083517.0
2024-10-07T00:00:00,79.56752906644128,79.60622568223882,78.63872170966621,79.29662322998047,3007371.0
2024-10-08T00:00:00,79.0257190136016,79.68362049824177,78.75481909700568,78.98702239990234,3023666.0
2024-10-09T00:00:00,78.94832471362642,79.29662378411626,78.32911980478261,78.90962219238281,3871848.0
2024-10-10T00:00:00,79.1031194332277,79.41272187373558,78.60002211072474,78.71611785888672,5850754.0
2024-10-11T00:00:00,78.67741909401154,78.71611570728268,78.05821422992098,78.56131744384766,3542707.0
2024-10-14T00:00:00,78.56132153169608,78.79352484410629,78.17431994779609,78.3678207397461,4794460.0
2024-10-15T00:00:00,78.67741909401154,78.71611570728268,78.09691674836735,78.56131744384766,4089450.0
2024-10-16T00:00:00,78.36781880384893,78.63871872485186,77.86471557617188,77.86471557617188,6054474.0
2024-10-17T00:00:00,78.9483185102804,80.49632475558002,78.9483185102804,79.79972076416016,6941306.0
2024-10-18T00:00:00,79.72232604201719,80.225429280599,79.2579253237784,79.5675277709961,3185876.0
2024-10-21T00:00:00,79.56752444258831,80.14802679239754,79.49011940514019,79.87712097167969,3845828.0
2024-10-22T00:00:00,79.87712076811181,80.45762311644161,79.1031176370054,80.22542572021484,5437478.0
2024-10-23T00:00:00,84.05674150935393,86.92055672791444,83.74713906610747,86.61095428466797,21757150.0
2024-10-24T00:00:00,86.5335534078675,86.5335534078675,84.90814208984375,84.90814208984375,7031344.0
2024-10-25T00:00:00,84.90814274655318,86.53355407714844,84.83074361299516,86.53355407714844,5319552.0
2024-10-28T00:00:00,86.84315114901584,87.23015272437719,85.79824807657529,86.99795532226562,4690532.0
2024-10-29T00:00:00,87.2688541661996,87.69455825590973,86.64964929119856,86.9205551147461,4313872.0
2024-10-30T00:00:00,86.4948520953141,87.03665193876267,85.87564721265107,86.14655303955078,3630977.0
2024-10-31T00:00:00,85.72084948210322,86.1852501944249,85.37255042415582,85.75955200195312,4133270.0
2024-11-01T00:00:00,85.75955040300065,86.9205551147461,85.75955040300065,86.9205551147461,2149282.0
2024-11-04T00:00:00,87.19146100261996,88.54596659239158,87.1527584808419,88.0815658569336,4448853.0
2024-11-05T00:00:00,88.23636218181585,88.46856549699613,87.5397581414506,88.42986297607422,3040816.0
2024-11-06T00:00:00,88.62336021236341,89.4747624918838,87.23015218756616,87.38495635986328,4180007.0
2024-11-07T00:00:00,87.92675173023241,88.77815396647199,86.14654812812692,86.7657470703125,5446075.0
2024-11-08T00:00:00,86.68835288299937,86.84315115107741,85.79824807861206,86.14655303955078,3099299.0
2024-11-11T00:00:00,86.72705432945519,87.2688541661996,86.57225015811726,86.9205551147461,3046276.0
2024-11-12T00:00:00,86.49485339047001,87.11405828240487,85.56605195774323,85.87564849853516,3509335.0
2024-11-13T00:00:00,85.87564937238345,85.91435189296402,84.83074627363926,85.449951171875,3906784.0
2024-11-14T00:00:00,85.52734815688777,86.34005382723605,85.25644823516348,86.14655303955078,2491059.0
2024-11-15T00:00:00,85.83695059821927,86.1852496539826,85.41124650324153,86.14655303955078,3503709.0
2024-11-18T00:00:00,86.30134638737955,86.99795036436652,85.95304735147361,86.7657470703125,3493816.0
2024-11-19T00:00:00,86.76575528620585,87.34625767113386,84.28894747258322,85.52735137939453,4180982.0
2024-11-20T00:00:00,85.91434724066889,86.41745045509523,85.10164159388977,85.17904663085938,2974678.0
2024-11-21T00:00:00,85.10164074809336,85.83694725577014,84.48244179471706,85.60474395751953,4244233.0
2024-11-22T00:00:00,85.72084948210322,86.14655357975043,84.63724388323567,85.75955200195312,4161733.0
2024-11-25T00:00:00,85.95305353890863,86.53355591065676,85.41124778217176,85.87564849853516,7493743.0
2024-11-26T00:00:00,85.44994977336512,85.72084969746875,85.14034732931434,85.41124725341797,3135619.0
2024-11-27T00:00:00,85.25644770532732,86.64964982489778,84.90814274655318,86.53355407714844,5868470.0
2024-11-28T00:00:00,86.64965522360586,88.35246579385277,86.61095860700354,88.0815658569336,3869005.0
2024-11-29T00:00:00,87.77195847094508,88.42985996800897,87.6558568173043,87.84935760498047,6089595.0
2024-12-02T00:00:00,87.61715482213746,89.86176515365136,87.3075582841428,89.1651611328125,5388451.0
2024-12-03T00:00:00,89.3973650686652,91.06147304535078,89.3973650686652,90.79057312011719,6287819.0
2024-12-04T00:00:00,90.75186866205145,90.98407196739336,90.21006882315412,90.28746795654297,4707504.0
2024-12-05T00:00:00,90.3261616035045,91.4097671508789,90.1713633418118,91.4097671508789,3260715.0
2024-12-06T00:00:00,91.33237765704868,91.40977679606186,89.97787205620261,90.21007537841797,3211341.0
2024-12-09T00:00:00,90.44226589785863,90.71316581633243,90.05526432713165,90.32616424560547,3724731.0
2024-12-10T00:00:00,90.09396577370815,90.67446812288775,89.9391616041551,90.24876403808594,2329160.0
2024-12-11T00:00:00,90.17136956507863,90.51966863051301,88.58466069993192,88.81686401367188,3936658.0
2024-12-12T00:00:00,88.89426154453375,89.16516146888786,87.96546011669813,88.27506256103516,5822389.0
2024-12-13T00:00:00,88.19765719575257,88.66206381313289,87.4623565601928,88.31375885009766,5072737.0
2024-12-16T00:00:00,88.23635756767939,88.5459600033379,87.88805851829815,88.1589584350586,3266169.0
2024-12-17T00:00:00,87.69455826437218,88.23635810116886,87.69455826437218,87.77195739746094,3637000.0
2024-12-18T00:00:00,87.77196093784238,88.31376079649318,87.53975762403456,87.96546173095703,5303214.0
2024-12-19T00:00:00,87.0753525256947,88.12025557496798,86.84314922355607,87.34625244140625,5576783.0
2024-12-20T00:00:00,86.84315416314203,86.8818566840916,85.33385032891847,86.72705841064453,7917318.0
2024-12-23T00:00:00,87.46235356492636,88.19765417530476,87.11405451899454,87.7332534790039,3875756.0
2024-12-27T00:00:00,88.0815589782049,88.50725715863993,87.88805819477753,88.1976547241211,2878630.0
2024-12-30T00:00:00,88.23636078672823,88.85556568063512,87.92675833977478,88.39115905761719,3147716.0
2025-01-02T00:00:00,88.62335916265653,90.05526378468622,88.35245924581447,89.86176300048828,3942029.0
2025-01-03T00:00:00,89.9391640676006,90.82926887509113,89.70696666467401,90.3648681640625,3950449.0
2025-01-07T00:00:00,91.10016771997356,92.22247582228832,90.86797031979404,91.13887023925781,5414788.0
2025-01-08T00:00:00,91.10016472231834,91.64197044859313,90.71316316291143,91.4097671508789,3489517.0
2025-01-09T00:00:00,90.98407304386356,91.37107462056196,89.51346587137456,91.21627044677734,3236255.0
2025-01-10T00:00:00,91.13887517328516,91.75808008430344,90.36487198710014,91.37107849121094,3979851.0
2025-01-13T00:00:00,91.37108006624896,92.02898160481188,91.0227750833563,91.91287994384766,3704685.0
2025-01-14T00:00:00,92.06767497651623,92.91908319012659,91.87417418345488,92.5320816040039,4863609.0
2025-01-15T00:00:00,92.88037273417406,93.61567332291625,92.76427108722133,93.42217254638672,3929429.0
2025-01-16T00:00:00,93.5769797188855,94.1187795485151,92.80297658788591,93.15127563476562,4122280.0
2025-01-17T00:00:00,93.46088460928854,94.42838859075115,93.42218208795977,93.92528533935547,6144149.0
2025-01-20T00:00:00,94.04137663259861,94.2348774075628,92.88037198281344,93.30607604980469,4877263.0
2025-01-21T00:00:00,93.65438080026912,94.62188473415621,93.5382791471676,94.50578308105469,5445165.0
2025-01-22T00:00:00,94.58317898262008,94.97018054295023,93.96398002919693,94.2735824584961,4321315.0
2025-01-23T00:00:00,95.16367897749906,96.71168518066406,94.93148159012932,96.71168518066406,7211132.0
2025-01-24T00:00:00,96.7116859752529,96.7116859752529,95.12498314707734,95.43458557128906,4381541.0
2025-01-27T00:00:00,95.4732821835811,96.05378451453743,95.12498314707734,95.43458557128906,3889678.0
2025-01-28T00:00:00,95.7441894172215,96.05379186512579,95.20238956227067,95.4732894897461,4243418.0
2025-01-29T00:00:00,95.43459179173567,96.40209573972497,94.08008626455063,96.2472915649414,5389660.0
2025-01-30T00:00:00,96.2472896252174,96.59559458257925,95.3184882159365,95.74418640136719,3901113.0
2025-01-31T00:00:00,95.86029195296972,96.01509613093015,94.73798971234066,95.04759216308594,4394080.0
2025-02-03T00:00:00,93.6543813335818,94.50578361921563,93.30608227746922,94.11878204345703,4946853.0
2025-02-04T00:00:00,94.27359115723745,94.50578857175557,93.5769871033316,94.35099029541016,4080902.0
2025-02-05T00:00:00,96.98260007050557,97.25350000038787,94.58318550681084,95.89899444580078,15355624.0
2025-02-06T00:00:00,96.32469048450453,97.64049939393504,95.5119907131148,96.59559631347656,9005399.0
2025-02-07T00:00:00,96.75039478848788,97.91139952594973,96.24729155455265,97.09869384765625,5974098.0
2025-02-10T00:00:00,97.4469985961914,98.8789032548548,97.36959946156712,97.4469985961914,7964416.0
2025-02-11T00:00:00,97.60179473308122,98.99500274658203,97.33089481522698,98.99500274658203,5725502.0
2025-02-12T00:00:00,99.30460485778556,99.76899965386225,98.4918992017131,99.03369903564453,6453457.0
2025-02-13T00:00:00,99.30460519353362,100.31081163729434,98.76279945259503,99.84640502929688,6135332.0
2025-02-14T00:00:00,99.92381039979955,100.89131432772035,99.49810630944427,100.65911102294922,7949119.0
2025-02-17T00:00:00,100.81390718415665,102.67150996283395,100.81390718415665,102.20711517333984,6886775.0
2025-02-18T00:00:00,102.20711517333984,102.71021248121274,101.93620935503878,102.20711517333984,6533121.0
2025-02-19T00:00:00,102.12971260353066,102.67151244286954,101.0461129248529,101.47181701660156,9231966.0
2025-02-20T00:00:00,101.43311257065791,102.28450892763301,101.2783143066943,101.82011413574219,4815367.0
2025-02-21T00:00:00,101.78141324535555,104.60651999152361,101.70400820696025,104.0647201538086,14335511.0
2025-02-24T00:00:00,104.60652214810123,104.99352372735481,103.90992402958517,104.21952056884766,6322829.0
2025-02-25T00:00:00,104.21951713865904,105.10962782785651,103.98732564702979,104.33562469482422,5821674.0
2025-02-26T00:00:00,104.76133285192994,105.92233759660436,104.29692622991976,105.84493255615234,6595332.0
2025-02-27T00:00:00,105.72883454587864,105.96102604156964,104.6839255738661,105.38052368164062,6896386.0
2025-02-28T00:00:00,105.26442750406504,105.41922577067736,104.06472026970593,104.37432861328125,7547363.0
2025-03-03T00:00:00,104.60651904531177,105.53533225625108,103.90992094745788,105.14833068847656,6844717.0
2025-03-04T00:00:00,104.37432628869698,104.64522029664761,102.20711517333984,102.20711517333984,8573576.0
2025-03-05T00:00:00,104.2969275569075,104.56783339158538,103.1359227974614,103.87122344970703,8088179.0
2025-03-06T00:00:00,104.49042694355352,105.0322267952647,103.29071967953881,103.83251953125,8327171.0
2025-03-07T00:00:00,103.8325209289886,104.91613245734898,103.21332783889827,103.87122344970703,7540479.0
2025-03-10T00:00:00,104.4904245663522,104.76133039122007,102.74891749024633,103.17462158203125,8025176.0
2025-03-11T00:00:00,103.60032534043151,103.67771856846562,101.8975089787715,102.3619155883789,5421246.0
2025-03-12T00:00:00,102.82631839139094,103.17461743052725,101.08481138535923,101.66531372070312,5464318.0
2025-03-13T00:00:00,101.4718232492299,102.40062471805288,101.08482165302438,101.43312072753906,4360665.0
2025-03-14T00:00:00,101.5105068803556,103.0198224485657,101.20091034912568,102.74891662597656,3943302.0
2025-03-17T00:00:00,103.29071699724301,103.4068245548202,102.20711732196,102.3619155883789,5612535.0
2025-03-18T00:00:00,102.86500904830717,103.60032145432871,102.67150826995417,103.05850982666016,4532939.0
2025-03-19T00:00:00,103.05851530986396,103.40682617771132,102.59412050331893,102.90371704101562,6131151.0
2025-03-20T00:00:00,103.13592089242202,103.44551743174858,101.2783180357608,102.51671600341797,8368245.0
2025-03-21T00:00:00,102.5167165472068,102.67151481769119,101.66532015436715,102.12971496582031,8792316.0
2025-03-24T00:00:00,102.78762237831772,102.78762237831772,101.97491669533593,102.12971496582031,7018328.0
2025-03-25T00:00:00,102.63281843691858,103.48421478271484,102.24581687691565,103.48421478271484,9322966.0
2025-03-26T00:00:00,103.90992602435026,104.14212933843021,101.93621557019739,102.16841888427734,10509681.0
2025-03-27T00:00:00,101.12053789117675,102.47404710281454,100.37828338225532,100.90222930908203,13887085.0
2025-03-28T00:00:00,100.46560912497225,100.8585618960312,99.11209329177092,100.2036361694336,8054162.0
2025-03-31T00:00:00,99.54871299229569,99.63603509229524,98.10787502443105,98.80646514892578,7713560.0
2025-04-01T00:00:00,99.1120989585507,99.767024722594,98.19520022399035,99.2867431640625,7465945.0
2025-04-02T00:00:00,99.28674180705899,99.8980098424945,98.2388632638114,99.33040618896484,9076664.0
2025-04-03T00:00:00,96.8416861670848,98.89378546007586,96.36140463240115,98.28252410888672,11119481.0
2025-04-04T00:00:00,96.92901204021004,97.36562921156234,89.55018450925594,90.33609008789062,21455477.0
2025-04-07T00:00:00,84.70373099190849,91.95157867982718,83.34148755323675,88.63328552246094,20476644.0
2025-04-08T00:00:00,90.51073893046362,92.03889899603548,88.15300226051752,91.16566467285156,11918605.0
2025-04-09T00:00:00,88.1966675509996,91.47129629670503,87.97835896795257,90.55439758300781,12079683.0
2025-04-10T00:00:00,98.67547999570567,98.67547999570567,92.51917526027744,92.65016174316406,9485810.0
2025-04-11T00:00:00,92.91213124611589,95.05155262528096,92.0825546602516,94.65859985351562,6494127.0
2025-04-14T00:00:00,97.27830655599179,97.62760162353516,96.05577715071465,97.62760162353516,6002657.0
2025-04-15T00:00:00,98.06421798702611,99.54871368408203,97.75858064152999,99.54871368408203,4739402.0
2025-04-16T00:00:00,98.67548234576374,99.9416694985751,97.7585836059697,98.71914672851562,5535273.0
2025-04-17T00:00:00,98.67547607421875,99.11209322498964,98.32618102115225,98.67547607421875,2415101.0
2025-04-22T00:00:00,98.80646255189981,99.33040180037507,97.97688596808574,98.67547607421875,3390460.0
2025-04-23T00:00:00,99.76702009642489,100.02899305479434,98.67547720696727,99.9853286743164,5396267.0
2025-04-24T00:00:00,99.98532759390106,100.64025332049867,99.81068339837464,100.2036361694336,4579981.0
2025-04-25T00:00:00,100.42194437805814,101.73179582646759,100.37827999821157,101.16419219970703,4892450.0
2025-04-28T00:00:00,101.20786325474829,102.34306392089292,101.20786325474829,101.77546691894531,4160123.0
2025-04-29T00:00:00,101.77546043825392,103.08531188964844,101.38250100548615,103.08531188964844,7546073.0
2025-04-30T00:00:00,106.88387994156557,111.25005145337585,106.01064563920352,110.3331527709961,14518814.0
2025-05-02T00:00:00,110.37682368958932,111.38104452924419,109.19795864401596,110.55146789550781,11540341.0
2025-05-05T00:00:00,111.0754078408336,111.29371643066406,110.15851576089538,111.29371643066406,4409316.0
2025-05-06T00:00:00,111.73033310699827,111.8176618723366,108.89232145198719,109.41626739501953,7423478.0
2025-05-07T00:00:00,109.67823111541881,111.0754047186106,109.59090901439106,110.81343841552734,5537412.0
2025-05-08T00:00:00,110.37681758491044,111.29370960864554,110.11484462827238,110.9007568359375,4389801.0
2025-05-09T00:00:00,111.29371535691178,111.5556883270806,109.11062947966948,109.9838638305664,4505958.0
2025-05-12T00:00:00,110.20217295853375,111.64301097702693,109.63457595746773,110.94442749023438,7397137.0
2025-05-13T00:00:00,110.9880835661487,111.16273443194613,109.54724556900422,110.2021713256836,5060970.0
2025-05-14T00:00:00,110.02752944362634,110.55146872757467,109.59091226329448,110.15851593017578,4741163.0
2025-05-15T00:00:00,109.89653930039412,111.77399444580078,109.89653930039412,111.77399444580078,4822714.0
2025-05-16T00:00:00,111.77399743657088,112.47258758544922,111.51202446517915,112.47258758544922,4312016.0
2025-05-19T00:00:00,112.55990300058744,114.17539188671913,112.55990300058744,114.00074768066406,4915787.0
2025-05-20T00:00:00,114.21905138210523,115.52890285821998,114.0880582397948,115.44157409667969,5140737.0
2025-05-21T00:00:00,114.13172312526284,114.48102484847035,112.7345562059277,113.34581756591797,5866365.0
2025-05-22T00:00:00,112.73455754036877,112.86553736031055,110.9880822149039,111.77399444580078,4425310.0
2025-05-23T00:00:00,112.03596589719673,112.99651565429454,109.28527645732885,111.42469787597656,4052650.0
2025-05-26T00:00:00,111.94863620476545,112.60356193918237,111.25005275207019,112.03596496582031,1884864.0
2025-05-27T00:00:00,112.25427218622184,112.38525200172172,111.51201769972778,112.07962799072266,3785443.0
2025-05-28T00:00:00,112.03596823399033,112.3852566394024,111.25005599731458,111.38104248046875,1662227.0
2025-05-30T00:00:00,111.33737592924594,112.4725832114634,111.16273172994285,111.81765747070312,8483824.0
2025-06-02T00:00:00,111.77399446050096,113.60779188691794,111.73033007901513,113.30215454101562,4724697.0
2025-06-03T00:00:00,113.69511088494066,113.82610403349925,112.07963531537574,112.8218765258789,3620957.0
2025-06-04T00:00:00,113.1275094986872,113.34581807999517,111.6866715296048,112.16694641113281,4318191.0
2025-06-05T00:00:00,112.12328040237699,112.55989755865494,111.73032762662648,112.03596496582031,2714462.0
2025-06-09T00:00:00,112.21061106204736,112.99651662684599,111.90497371768211,112.34159088134766,3705849.0
2025-06-10T00:00:00,112.07962918900783,112.51624634467285,111.25005259589487,111.64300537109375,3724997.0
2025-06-11T00:00:00,111.51202106332636,111.94863822749326,111.11906828047584,111.20639038085938,3332820.0
2025-06-12T00:00:00,110.59512751344347,110.85709381103516,109.59090671705253,110.85709381103516,3968108.0
2025-06-13T00:00:00,109.59091077315405,109.98386356520983,109.19795798109827,109.80921936035156,3262084.0
2025-06-16T00:00:00,109.80921894305608,110.94442625706893,109.76555456088276,110.769775390625,3069825.0
2025-06-17T00:00:00,110.33315466780932,110.5951276279213,109.24161177109129,109.72189331054688,2934702.0
2025-06-18T00:00:00,109.7218953512578,110.50780758396175,109.50358676785389,110.42047882080078,4236616.0
2025-06-19T00:00:00,110.15851360967552,110.28950009346573,108.28105844134747,108.67401123046875,8939111.0
2025-06-23T00:00:00,108.06274712434583,108.67400848358389,107.01486860500941,107.2331771850586,4543880.0
2025-06-24T00:00:00,108.93598109246007,110.07118836994647,108.80499461240407,109.72189331054688,4942800.0
2025-06-25T00:00:00,109.85288197031817,109.94020407133844,109.19795621929222,109.2852783203125,3249806.0
2025-06-26T00:00:00,109.416263292845,109.98386027276766,108.3247203895335,108.93598175048828,3129681.0
2025-06-27T00:00:00,109.76555348165213,111.16273375046892,109.02330562774901,110.98808288574219,2824938.0
2025-06-30T00:00:00,110.9007603691891,111.3810419175774,109.63457325034608,110.42047882080078,4993533.0
2025-07-01T00:00:00,110.63878905901524,110.81343992570015,109.28527981901624,109.63457489013672,2923099.0
2025-07-02T00:00:00,110.11484608846571,110.55146324715294,109.15428967180367,109.72189331054688,4322191.0
2025-07-03T00:00:00,110.02752471388433,112.12328175958756,109.85288051415878,111.99230194091797,3171486.0
2025-07-04T00:00:00,111.94864042456182,111.94864042456182,110.63878890635438,110.769775390625,3597915.0
2025-07-07T00:00:00,110.90075861653725,111.55568435639869,110.81343651700554,111.42469787597656,2824728.0
2025-07-08T00:00:00,110.46414538845946,110.50780977090406,109.2852803471985,109.9838638305664,5609114.0
2025-07-09T00:00:00,109.94020219719029,111.468362256867,109.8528800976586,111.42469787597656,3198612.0
2025-07-10T00:00:00,111.55568299934835,111.86132033736499,110.6824486901558,111.4683609008789,3535027.0
2025-07-11T00:00:00,111.2500515503985,111.38103802831685,109.11062351039624,109.19795227050781,5786959.0
2025-07-14T00:00:00,109.11063070002967,110.28950241672523,108.36838282591542,110.15851593017578,2647657.0
2025-07-15T00:00:00,110.15851155994511,110.42047786040177,109.32893495287605,109.50358581542969,4783602.0
2025-07-16T00:00:00,103.08531538775831,103.17263748836469,99.54871368408203,99.54871368408203,22324294.0
2025-07-17T00:00:00,99.67969831411844,102.2120791581481,99.67969831411844,101.6881332397461,9171096.0
2025-07-18T00:00:00,102.1684158684582,102.21208024954097,100.55293370213327,101.4698257446289,4791776.0
2025-07-21T00:00:00,101.51349352273168,102.86700943460119,101.1641984491283,102.73602294921875,4511777.0
2025-07-22T00:00:00,102.77967889897685,103.39094693281507,101.9501089429277,102.21208190917969,3021984.0
2025-07-23T00:00:00,103.04164750970234,103.4346002802211,102.51770826159434,103.08531188964844,3481656.0
2025-07-24T00:00:00,103.91488279654787,104.43882204962688,103.60925212077255,104.00220489501953,2836529.0
2025-07-25T00:00:00,103.82756301775325,104.22051580077944,103.56559005423632,103.95854949951172,2535934.0
2025-07-28T00:00:00,104.52614371204285,104.70079457050663,103.12897015557782,103.43460083007812,3036137.0
2025-07-29T00:00:00,103.3909450432239,105.00642720625491,103.25995856249183,104.35150146484375,3085601.0
2025-07-30T00:00:00,104.43882656426881,105.26840319123282,104.1331958752818,105.05009460449219,2732043.0
2025-07-31T00:00:00,104.96276309713026,105.13741395930845,104.22051525405826,104.5261459350586,3115614.0
2025-08-01T00:00:00,103.91488360784899,104.35150076586517,103.04164929181665,103.6092529296875,3070141.0
2025-08-04T00:00:00,103.91488513782615,105.48670959472656,103.91488513782615,105.48670959472656,2891259.0
2025-08-05T00:00:00,105.96698296056607,105.96698296056607,104.87544006508796,105.13741302490234,2194109.0
2025-08-06T00:00:00,105.39938368366703,106.27261803618208,105.39938368366703,105.79234313964844,2428193.0
2025-08-07T00:00:00,106.09797164725117,106.44726671351913,105.83599868198789,106.22895812988281,2338308.0
2025-08-08T00:00:00,106.22895812988281,106.70923301653316,106.09797164725117,106.22895812988281,2158896.0
2025-08-11T00:00:00,106.66557187916992,107.01486693424508,106.31627682409474,106.49092102050781,2632071.0
2025-08-12T00:00:00,106.79655787269448,107.8881007509426,106.79655787269448,107.66979217529297,2172398.0
2025-08-13T00:00:00,107.93176502023525,108.23739571224685,107.49514784243313,107.88810729980469,2306625.0
2025-08-14T00:00:00,107.93175880450285,109.54724093688607,107.84443670642113,109.37259674072266,3689967.0
2025-08-15T00:00:00,109.85288182226212,110.15851250654579,108.84866100625928,108.89231872558594,3043909.0
2025-08-18T00:00:00,108.8049970321067,109.02330561630525,107.58246762814497,107.9317626953125,2823986.0
2025-08-19T00:00:00,108.58668735443001,108.97964679937982,108.06274809007947,108.15007019042969,2914796.0
2025-08-20T00:00:00,107.88810645791315,110.07119232988833,107.66979787071564,109.80921936035156,3944124.0
2025-08-21T00:00:00,109.80921459950306,110.2458317549683,109.45991954268108,110.1148452758789,1966433.0
2025-08-22T00:00:00,110.1148470533521,110.98808137837828,109.89653847209554,110.63878631591797,2556069.0
2025-08-25T00:00:00,110.63878646649842,111.5556851739235,110.5514643663268,111.03174591064453,2577566.0
2025-08-26T00:00:00,110.85709791399991,110.85709791399991,109.59091077315405,109.80921936035156,4964327.0
2025-08-27T00:00:00,109.67822817684466,109.67822817684466,107.01486752448592,107.45148468017578,4107515.0
2025-08-28T00:00:00,107.53880771038678,108.45569974792836,106.70923111004063,106.84021759033203,3655660.0
2025-08-29T00:00:00,106.75289739816013,106.88388388079177,105.53036799734689,106.22895812988281,3829380.0
2025-09-01T00:00:00,105.44304197353193,106.66557132886327,104.87543834474428,106.14163208007812,4115971.0
2025-09-02T00:00:00,106.09796862396466,106.8838808351105,105.53036499023438,105.53036499023438,3777477.0
2025-09-03T00:00:00,105.53036949797198,106.05430877369962,104.65713515100944,105.05009460449219,2565002.0
2025-09-04T00:00:00,105.0937475629005,105.79233767371854,104.78811688776102,105.35572052001953,2742900.0
2025-09-05T00:00:00,105.57403194829841,105.92332701314146,104.00220748762926,104.13319396972656,4070832.0
2025-09-08T00:00:00,104.26417720525254,105.05008941111542,104.13319072723388,104.78811645507812,2319301.0
2025-09-09T00:00:00,104.83178083516735,105.61768637878122,103.95854653137503,104.78811645507812,2590309.0
2025-09-10T00:00:00,105.05009243028191,106.0106488596103,105.00642804893776,105.48670959472656,2999506.0
2025-09-11T00:00:00,105.48670656301158,105.66135075887044,104.61347225921926,104.78811645507812,2826678.0
2025-09-12T00:00:00,104.8317821914841,104.96276200894835,104.13319207451225,104.74445343017578,2452793.0
2025-09-15T00:00:00,105.22473757201153,105.87966332453443,104.78812040366294,104.87544250488281,4603269.0
2025-09-16T00:00:00,104.96276309713026,105.57403112138012,104.08952877298692,104.5261459350586,3224167.0
2025-09-17T00:00:00,104.83178046693969,106.18528963571408,104.70079398938113,105.74867248535156,4070914.0
2025-09-18T00:00:00,106.05430308799636,106.84021529057878,103.95854609744191,104.22051239013672,5595812.0
2025-09-19T00:00:00,104.74445213762722,106.88388018054721,104.5261435615486,106.31627655029297,8444846.0
2025-09-22T00:00:00,106.35994130597705,106.35994130597705,105.05008984488003,105.35572052001953,3578303.0
2025-09-23T00:00:00,105.39937759352942,106.35994065559268,105.09374692025884,106.14163208007812,5534685.0
2025-09-24T00:00:00,106.1416380733821,106.44726876391016,105.39938354492188,105.39938354492188,4056802.0
2025-09-25T00:00:00,105.31206144223519,105.96698720575935,104.61347795849238,105.39938354492188,4499725.0
2025-09-26T00:00:00,106.09797446511008,108.41204684556443,105.8796658756757,108.06275177001953,5338090.0
2025-09-29T00:00:00,108.28105379791879,108.76133533047046,107.32049739506446,107.84443664550781,4045641.0
2025-09-30T00:00:00,107.71345054280735,108.23738979507706,106.57824993993113,106.88388061523438,5123528.0
2025-10-01T00:00:00,107.23317963197562,107.669796802037,106.49092511307182,106.97120666503906,3971855.0
2025-10-02T00:00:00,107.23317742428272,107.58246582334131,105.8796615600586,105.8796615600586,4163986.0
2025-10-03T00:00:00,106.18529142629544,106.70923068311573,105.70501655014729,106.27261352539062,3509232.0
2025-10-06T00:00:00,106.35994746810641,107.27683954664647,105.83600152351275,106.53459167480469,4201773.0
2025-10-07T00:00:00,106.49092702816431,106.97120858876876,106.18529633607486,106.35994720458984,3588357.0
2025-10-08T00:00:00,106.40360082089565,106.9275400817327,104.35150149630516,105.8796615600586,6398123.0
2025-10-09T00:00:00,105.74867484337466,107.53880786467762,105.66135274380481,107.2331771850586,4313781.0
2025-10-10T00:00:00,107.10219556976094,109.24161708652778,107.01487346622443,108.23739624023438,4554969.0
2025-10-13T00:00:00,108.23739023061827,108.71767176677676,106.92753876354868,107.45148468017578,4333963.0
2025-10-14T00:00:00,107.14584680868448,108.2373896924822,106.70922965516539,108.01908111572266,3196763.0
2025-10-15T00:00:00,108.45570264490152,109.50358785297382,108.45570264490152,108.67401123046875,3727831.0
2025-10-16T00:00:00,109.11062676934051,110.28949844356745,108.1500703396642,108.54302978515625,6111278.0
2025-10-17T00:00:00,107.36416161892973,108.54303333167495,106.66557813008937,108.06275177001953,4494203.0
2025-10-20T00:00:00,108.71767274569372,108.71767274569372,107.71345194611499,108.36837768554688,3270275.0
2025-10-21T00:00:00,108.71767358956133,109.50358581542969,108.28105642655105,109.50358581542969,5730749.0
2025-10-22T00:00:00,110.8134364811709,111.77399290020722,109.19795432248492,109.89653778076172,10277898.0
2025-10-23T00:00:00,110.02752937847654,110.02752937847654,106.5782563207971,106.70923614501953,8610771.0
2025-10-24T00:00:00,106.88388061523438,106.97120271357116,105.35572057646907,106.88388061523438,5150381.0
2025-10-27T00:00:00,107.10218989468439,107.66979353096994,106.44726415948931,107.62612915039062,3951613.0
2025-10-28T00:00:00,107.71345260662771,107.75711698775724,107.18951334431917,107.58246612548828,2949660.0
2025-10-29T00:00:00,107.66979422750235,108.4993641658831,107.23317706788109,108.36837768554688,4589965.0
2025-10-30T00:00:00,108.36838068556223,109.28527941104949,108.10641437988681,109.06697082519531,3315537.0
2025-10-31T00:00:00,109.06696958964037,109.8092174406862,108.67401014220485,108.89231872558594,2208318.0
2025-11-03T00:00:00,108.49936431923076,109.41626302063096,107.97542505939457,108.76133728027344,3614418.0
2025-11-04T00:00:00,108.36838243229582,109.59091186523438,107.53881245757827,109.59091186523438,3692953.0
2025-11-05T00:00:00,109.32893453078076,109.416263292845,108.19373390868628,108.93598175048828,3061192.0
2025-11-06T00:00:00,109.15429009361502,110.55146367436346,109.06696799398996,110.28949737548828,4479892.0
2025-11-07T00:00:00,110.46414071655273,110.76977139399061,108.41204141118517,109.15428924560547,4180958.0
2025-11-10T00:00:00,109.85288374269082,110.02752794754909,109.32893780361728,109.80921936035156,3081194.0
2025-11-11T00:00:00,109.98386463112048,111.20639406372463,109.85288480733207,111.11907196044922,4587539.0
2025-11-12T00:00:00,111.33737673471624,112.73455698824539,111.33737673471624,112.34159088134766,3719739.0
2025-11-13T00:00:00,112.60356140136719,113.08384293587865,112.34158844395202,112.60356140136719,3124396.0
2025-11-14T00:00:00,112.34158948413543,112.3852538648586,109.89653739536739,110.85709381103516,6841706.0
2025-11-17T00:00:00,110.85709489717452,111.25005434078581,109.94020285324653,110.63878631591797,4018279.0
2025-11-18T00:00:00,109.63457654581623,109.80922075288923,107.53881274969291,108.23739624023438,5787585.0
2025-11-19T00:00:00,108.10641329139725,108.2373931117915,107.36415877716713,107.75711822509766,3325380.0
2025-11-20T00:00:00,108.7176742553711,109.1106270395872,108.19373498899988,108.7176742553711,4080070.0
2025-11-21T00:00:00,107.88810779213222,110.02752930822572,106.9712090496639,109.76555633544922,5144455.0
2025-11-24T00:00:00,110.50781097132395,112.34159513342816,110.42048220548611,111.68667602539062,8600404.0
2025-11-25T00:00:00,111.81765505351339,113.34581508225274,111.77399067350694,112.99651336669922,6613321.0
2025-11-26T00:00:00,113.38948547508646,114.78665243789557,113.1275125056539,114.3936996459961,6688770.0
2025-11-27T00:00:00,114.39369773763246,115.13595225122566,113.86975180750804,115.00495910644531,3292044.0
2025-11-28T00:00:00,115.0922848413043,115.26692903858434,114.30636596679688,114.30636596679688,5862900.0
2025-12-01T00:00:00,114.48102568732268,115.39791107177734,114.17538834283886,115.39791107177734,4174050.0
2025-12-02T00:00:00,115.79087965321236,116.09650367972878,115.26693371561463,115.7472152709961,3462014.0
2025-12-03T00:00:00,116.1401644883707,116.40213744910878,115.35425893065472,115.61621856689453,3753524.0
2025-12-04T00:00:00,115.92185700676345,115.92185700676345,113.5641269867798,114.48102569580078,5016368.0
2025-12-05T00:00:00,114.87398037534304,115.83453015701397,114.56834302578947,114.78665161132812,3019425.0
2025-12-08T00:00:00,114.78665270382739,114.78665270382739,113.82610291301428,114.56834411621094,3457622.0
2025-12-09T00:00:00,114.56833896684923,115.31059346118344,114.48102353042636,114.91764068603516,2544353.0
2025-12-10T00:00:00,114.78665052297654,115.00495910644531,114.21905353575715,115.00495910644531,2490490.0
2025-12-11T00:00:00,114.65567286318138,116.27114841659197,114.21905568801657,116.09650421142578,4076216.0
2025-12-12T00:00:00,116.31480642900985,116.75142358026326,113.6077880859375,113.6077880859375,5915563.0
2025-12-15T00:00:00,114.04440988005754,114.4810270490861,112.64722960936675,112.9092025756836,7230895.0
2025-12-16T00:00:00,112.99651662684599,113.47679817177779,112.16694668078112,112.34159088134766,5329798.0
2025-12-17T00:00:00,112.42891805872121,113.73876953125,112.42891805872121,113.73876953125,3889822.0
2025-12-18T00:00:00,113.69510976574516,114.56834411621094,113.38948573778138,114.56834411621094,4701190.0
2025-12-19T00:00:00,114.61200795586682,115.79087965321236,114.61200795586682,115.7472152709961,6583809.0
2025-12-22T00:00:00,115.74721035251851,115.79087473287932,114.96129147951818,115.65988159179688,2997451.0
2025-12-23T00:00:00,116.05283900469425,116.75142914489568,115.57257077502327,116.48945617675781,3171158.0
2025-12-29T00:00:00,116.79509272241954,116.83875710422483,115.74721418158539,115.96552276611328,2716418.0
2025-12-30T00:00:00,116.00918688689319,117.66832679577257,115.834529360065,117.31903839111328,4312636.0
2026-01-02T00:00:00,117.6246588947024,119.1964833176368,117.27537050049393,118.71620178222656,5472876.0
2026-01-05T00:00:00,118.84719957726432,118.97817939909689,117.58099911855574,118.62889099121094,2743785.0
2026-01-07T00:00:00,119.02184406973515,119.58944106505044,115.39791353776471,115.7472152709961,8897331.0
2026-01-08T00:00:00,116.05283686893536,117.6683257056396,115.8781926682237,117.53734588623047,3957865.0
2026-01-09T00:00:00,117.31903622093284,118.67253875732422,116.70776153733873,118.67253875732422,4995187.0
2026-01-12T00:00:00,118.62888715729096,118.89084679248994,117.45001550090268,118.32324981689453,4046470.0
2026-01-13T00:00:00,119.10915892608136,121.11760057770049,119.10915892608136,120.8992919921875,6782126.0
2026-01-14T00:00:00,121.2049285428211,121.90351867675781,120.6373182295294,121.90351867675781,7596313.0
2026-01-15T00:00:00,122.25280328845302,123.51899037189808,121.99083033079242,123.12603759765625,4834730.0
2026-01-16T00:00:00,123.30068698267624,123.4753311869657,122.34013719683485,123.38801574707031,4184668.0
2026-01-19T00:00:00,121.37956892523775,122.9077289656634,119.58943592726807,121.5978775024414,6626856.0
2026-01-20T00:00:00,121.20492743243206,121.8598531786543,120.02605575943262,121.51055145263672,5218342.0
2026-01-21T00:00:00,120.59366851502762,122.29647282486499,120.02605819541603,121.85985565185547,4721737.0
2026-01-22T00:00:00,123.25702422025655,124.21758734321985,122.90773580708748,123.51899719238281,5042036.0
2026-01-23T00:00:00,123.51899611701383,123.56266049940453,121.99083600483038,122.20914459228516,3560319.0
2026-01-26T00:00:00,122.29647281463781,124.04294150652981,122.20914405024372,123.38801574707031,4550605.0
2026-01-27T00:00:00,123.99927846201649,125.09082140622438,123.56266128433333,124.87251281738281,4581258.0
2026-01-28T00:00:00,124.95983448174933,124.95983448174933,123.3443456863239,124.3049087524414,4145419.0
2026-01-29T00:00:00,124.30491033936545,124.4795545378442,122.25280436487012,122.90773010253906,5744080.0
2026-01-30T00:00:00,123.4753254418809,124.43588850752771,122.47111132056673,122.77674865722656,5283325.0
2026-02-02T00:00:00,122.42745395745736,124.95984158271897,121.72886380826455,124.87251281738281,4976544.0
2026-02-03T00:00:00,125.00348883694731,126.4879978554945,124.34856309035241,125.17814636230469,8771859.0
2026-02-04T00:00:00,128.4964261918546,130.72317639586552,127.62319186279137,128.23446655273438,15151324.0
2026-02-05T00:00:00,127.49221280258602,127.49221280258602,122.5584441437922,122.64575958251953,12735686.0
2026-02-06T00:00:00,123.56265668992884,125.92038669685114,123.56265668992884,124.04293823242188,10281403.0
2026-02-09T00:00:00,124.69786451699429,125.30912588078135,123.51899284615622,124.39222717285156,5604059.0
2026-02-10T00:00:00,124.47955376828783,125.87672067197842,124.43588938781352,124.82884216308594,6151834.0
2026-02-11T00:00:00,124.91617746381569,126.26969338239122,124.74153325727342,125.04715728759766,7350398.0
2026-02-12T00:00:00,125.52743639264789,125.70208059577271,123.73730333049649,123.78096771240234,6912041.0
2026-02-13T00:00:00,123.78096382940225,125.30912387667883,121.55421366704248,121.9471664428711,8932881.0
2026-02-16T00:00:00,122.38378472222651,124.08660230727253,122.38378472222651,123.25701904296875,4628005.0
2026-02-17T00:00:00,123.25702340744266,124.78518352285303,123.0823792020098,124.52322387695312,5383094.0
2026-02-18T00:00:00,124.91617309866812,125.65841428166013,124.26124735364662,124.39222717285156,6145592.0
2026-02-19T00:00:00,124.56687575638892,124.87251311128603,123.34435298579827,123.51899719238281,5476252.0
2026-02-20T00:00:00,123.99927656136332,125.96405383082154,123.69363921187036,125.48377227783203,16601880.0
2026-02-23T00:00:00,126.0950350165012,126.96826936792986,125.44010925292969,125.44010925292969,5886092.0
2026-02-24T00:00:00,125.44010627088741,125.74574361642115,124.26124791918254,125.35279083251953,6647372.0
2026-02-25T00:00:00,125.52743290554652,127.62318993382245,125.52743290554652,127.31756591796875,7196228.0
2026-02-26T00:00:00,127.88516398403235,128.23446570805586,126.61897688013072,127.09925842285156,5932518.0
2026-02-27T00:00:00,127.14292581125117,127.79785156922568,126.09503393889304,126.26969146728516,7493799.0
2026-03-02T00:00:00,123.69364084592381,125.35279411230593,122.51478246337476,124.69786834716797,8763448.0
2026-03-03T00:00:00,123.91194697294885,123.99927573636543,120.76831135743026,122.82040405273438,12940556.0
2026-03-04T00:00:00,122.25280923282963,125.22180069868456,121.94717187994806,124.52322387695312,7890226.0
2026-03-05T00:00:00,124.61053298144067,124.872505938519,122.77674893088854,122.9513931274414,5046659.0
2026-03-06T00:00:00,123.518990594206,123.69363479146135,120.46267050649395,121.77252197265625,6383899.0
2026-03-09T00:00:00,120.50633785096316,121.37957218321651,118.49789622188075,120.94295501708984,5945371.0
2026-03-10T00:00:00,122.99505723355556,124.04293573503513,122.03449416790875,122.77674865722656,6124511.0
2026-03-11T00:00:00,122.25280897467586,122.9513991194309,121.42323900724746,122.20914459228516,4686389.0
2026-03-12T00:00:00,122.2528062258987,122.29647060730763,118.8471976679766,119.24015045166016,8811355.0
2026-03-13T00:00:00,119.10915649266587,121.07393372214203,118.67253933056007,119.63310241699219,4503915.0
2026-03-16T00:00:00,119.6330997681895,121.55421257401993,119.15281823560737,121.24858856201172,4562821.0
2026-03-17T00:00:00,121.42323389028417,123.64998405338395,121.11759655092801,122.55844116210938,4999344.0
2026-03-18T00:00:00,123.38801055531685,124.65419763876191,122.60209168233506,123.12603759765625,5392196.0
2026-03-19T00:00:00,122.07816176997672,122.07816176997672,119.89507594907047,120.59366607666016,7394015.0
2026-03-20T00:00:00,121.5978782220094,122.51477691659025,118.14860534667969,118.14860534667969,12836431.0
2026-03-23T00:00:00,116.14016296499122,120.37535468862662,114.65566730627818,118.54155731201172,9611891.0
2026-03-24T00:00:00,119.19648796627374,119.28381673048072,116.88242228427374,118.01761627197266,8004062.0
2026-03-25T00:00:00,118.89084981450141,120.6809828726866,118.6725412299544,120.55000305175781,12443858.0
2026-03-26T00:00:00,120.0,120.5999984741211,116.80000305175781,117.6500015258789,17140305.0
2026-03-27T00:00:00,118.1500015258789,119.80000305175781,117.55000305175781,119.0999984741211,6956413.0
2026-03-30T00:00:00,118.0,122.3499984741211,116.8499984741211,122.0,11548870.0
2026-03-31T00:00:00,122.44999694824219,124.4000015258789,122.44999694824219,123.05000305175781,8324932.0
2026-04-01T00:00:00,125.05000305175781,125.8499984741211,123.9000015258789,125.8499984741211,12411856.0
2026-04-02T00:00:00,125.5,127.0,124.55000305175781,126.9000015258789,5519679.0
2026-04-07T00:00:00,127.75,127.9000015258789,124.80000305175781,125.19999694824219,7724456.0
2026-04-08T00:00:00,128.85000610351562,129.35000610351562,127.3499984741211,127.69999694824219,8382381.0
2026-04-09T00:00:00,126.9000015258789,127.4000015258789,125.5999984741211,127.3499984741211,6317617.0
2026-04-10T00:00:00,127.5,129.14999389648438,127.4000015258789,128.8000030517578,6661429.0
2026-04-13T00:00:00,128.39999389648438,129.64999389648438,127.94999694824219,129.60000610351562,4305484.0
2026-04-14T00:00:00,130.5500030517578,132.35000610351562,130.39999389648438,132.3000030517578,6309413.0
2026-04-15T00:00:00,132.0,133.0,131.5,133.0,6380151.0
2026-04-16T00:00:00,132.8000030517578,132.85000610351562,131.25,131.85000610351562,6821080.0
2026-04-17T00:00:00,131.6999969482422,132.75,131.10000610351562,132.39999389648438,7244277.0
2026-04-20T00:00:00,131.5,132.89999389648438,130.89999389648438,132.5500030517578,6410585.0
2026-04-21T00:00:00,132.5500030517578,133.85000610351562,132.1999969482422,132.4499969482422,6889707.0
2026-04-22T00:00:00,134.25,134.89999389648438,131.1999969482422,131.8000030517578,7732051.0
2026-04-23T00:00:00,131.6999969482422,131.6999969482422,129.5500030517578,129.75,6430276.0
2026-04-24T00:00:00,129.10000610351562,130.25,128.5,129.35000610351562,6669851.0
2026-04-27T00:00:00,129.5,130.9499969482422,129.5,129.89999389648438,4640924.0
2026-04-28T00:00:00,130.39999389648438,132.1999969482422,130.14999389648438,130.9499969482422,5635769.0
2026-04-29T00:00:00,130.5,131.10000610351562,128.75,130.5,4257464.0
2026-04-30T00:00:00,129.89999389648438,131.3000030517578,129.1999969482422,130.5500030517578,3054944.0
2026-05-04T00:00:00,131.0,131.6999969482422,129.60000610351562,129.60000610351562,4528808.0
2026-05-05T00:00:00,129.3000030517578,130.60000610351562,128.75,129.5500030517578,4235621.0
2026-05-06T00:00:00,130.1999969482422,131.85000610351562,129.85000610351562,130.5,6656248.0
2026-05-07T00:00:00,130.6999969482422,130.8000030517578,129.1999969482422,129.1999969482422,5340817.0
2026-05-08T00:00:00,128.5,129.5,127.94999694824219,129.4499969482422,3830780.0
2026-05-11T00:00:00,129.35000610351562,130.25,128.64999389648438,129.64999389648438,2821755.0
2026-05-12T00:00:00,129.10000610351562,129.8000030517578,128.35000610351562,129.75,3231491.0
2026-05-13T00:00:00,130.0,130.60000610351562,128.75,128.9499969482422,1771214.0
2026-05-15T00:00:00,130.6999969482422,131.1999969482422,129.4499969482422,130.1999969482422,4822387.0
2026-05-18T00:00:00,130.0,132.64999389648438,129.8000030517578,131.5500030517578,4884346.0
2026-05-19T00:00:00,131.64999389648438,133.4499969482422,131.64999389648438,133.0,3644952.0
2026-05-20T00:00:00,132.4499969482422,135.75,132.10000610351562,135.0,4328309.0
2026-05-21T00:00:00,135.0,136.8000030517578,134.8000030517578,136.1999969482422,4468194.0
2026-05-22T00:00:00,136.1999969482422,137.75,136.1999969482422,137.64999389648438,4593903.0
2026-05-25T00:00:00,137.89999389648438,139.0,137.60000610351562,138.64999389648438,4040852.0
2026-05-26T00:00:00,138.64999389648438,138.6999969482422,136.89999389648438,136.89999389648438,3825877.0
2026-05-27T00:00:00,136.89999389648438,137.1999969482422,135.60000610351562,136.35000610351562,4092654.0
2026-05-28T00:00:00,135.5,136.14999389648438,134.8000030517578,135.6999969482422,3588127.0
2026-05-29T00:00:00,136.0,136.6999969482422,135.8000030517578,136.4499969482422,16966585.0
2026-06-01T00:00:00,136.4499969482422,136.4499969482422,134.3000030517578,135.6999969482422,3844889.0
2026-06-02T00:00:00,135.89999389648438,136.4499969482422,134.0500030517578,134.64999389648438,3453092.0
2026-06-03T00:00:00,134.4499969482422,134.6999969482422,133.6999969482422,133.8000030517578,3491632.0
2026-06-04T00:00:00,133.89999389648438,134.89999389648438,133.64999389648438,134.5500030517578,2893721.0
2026-06-05T00:00:00,134.8000030517578,135.6999969482422,134.35000610351562,134.60000610351562,2694390.0
2026-06-08T00:00:00,133.35000610351562,134.9499969482422,133.14999389648438,133.8000030517578,3098250.0
2026-06-09T00:00:00,134.14999389648438,135.5,133.9499969482422,133.9499969482422,3414377.0
2026-06-10T00:00:00,135.0,135.6999969482422,133.5500030517578,134.39999389648438,2455899.0
2026-06-11T00:00:00,134.5,135.75,134.5,135.0500030517578,2370670.0
2026-06-12T00:00:00,136.9499969482422,138.6999969482422,136.6999969482422,138.35000610351562,6462893.0
2026-06-15T00:00:00,139.5,140.5,138.14999389648438,138.5500030517578,5050555.0
2026-06-16T00:00:00,139.0,139.8000030517578,138.6999969482422,139.35000610351562,6013960.0
2026-06-17T00:00:00,139.1999969482422,140.39999389648438,138.0,140.39999389648438,5795846.0
2026-06-18T00:00:00,141.0,142.25,140.35000610351562,141.0500030517578,9257580.0
2026-06-22T00:00:00,142.25,142.25,140.89999389648438,142.10000610351562,5391367.0
2026-06-23T00:00:00,141.89999389648438,142.25,141.10000610351562,141.3000030517578,4879188.0
2026-06-24T00:00:00,141.14999389648438,141.35000610351562,140.0,140.1999969482422,4208921.0
2026-06-25T00:00:00,140.1999969482422,141.25,139.5500030517578,141.14999389648438,3623319.0
2026-06-26T00:00:00,140.5500030517578,141.60000610351562,140.5,141.60000610351562,2130024.0
2026-06-29T00:00:00,141.60000610351562,141.8000030517578,140.89999389648438,141.60000610351562,2370783.0
2026-06-30T00:00:00,141.85000610351562,143.0,141.14999389648438,142.60000610351562,4616127.0
2026-07-01T00:00:00,142.8000030517578,142.9499969482422,141.0,141.64999389648438,3301877.0
2026-07-02T00:00:00,141.60000610351562,143.75,141.3000030517578,143.0,4221221.0
2026-07-03T00:00:00,143.1999969482422,144.0500030517578,142.60000610351562,143.64999389648438,3945832.0
2026-07-06T00:00:00,143.85000610351562,144.75,143.64999389648438,144.75,3738830.0
2026-07-07T00:00:00,144.8000030517578,146.10000610351562,144.60000610351562,145.5,4333882.0
2026-07-08T00:00:00,143.0,143.25,141.39999389648438,141.89999389648438,5086418.0
2026-07-09T00:00:00,142.5,144.25,142.25,144.25,3679268.0
2026-07-10T00:00:00,144.0,144.0500030517578,142.60000610351562,143.39999389648438,2469510.0
2026-07-13T00:00:00,143.1999969482422,143.6999969482422,142.5,142.60000610351562,3200861.0
2026-07-14T00:00:00,142.5500030517578,144.35000610351562,141.25,143.85000610351562,5216848.0
2026-07-15T00:00:00,135.25,140.35000610351562,135.0,138.75,12055558.0
2026-07-16T00:00:00,137.5,140.3000030517578,136.75,139.85000610351562,6901888.0
2026-07-17T00:00:00,138.64999389648438,139.85000610351562,137.39999389648438,139.0500030517578,4186395.0
2026-07-20T00:00:00,139.0500030517578,139.9499969482422,138.5500030517578,139.10000610351562,4837459.0
2026-07-21T00:00:00,139.10000610351562,141.60000610351562,138.9499969482422,141.39999389648438,6140957.0
2026-07-22T00:00:00,141.39999389648438,143.39999389648438,141.25,142.75,5047112.0
2026-07-23T00:00:00,142.75,143.0500030517578,141.0500030517578,141.39999389648438,3754271.0
2026-07-24T00:00:00,141.5,143.4499969482422,141.3000030517578,143.4499969482422,3815440.0
2026-07-27T00:00:00,144.0,145.64999389648438,144.0,144.4499969482422,4188913.0
2026-07-28T00:00:00,144.4499969482422,144.89999389648438,143.35000610351562,143.5,3449534.0
2026-07-29T00:00:00,143.5,144.35000610351562,142.8000030517578,143.1999969482422,2831004.0
2026-07-30T00:00:00,143.0,144.4499969482422,142.5,144.14999389648438,4664655.0
2026-08-03T00:00:00,145.85000610351562,146.89999389648438,145.1999969482422,146.8000030517578,4330308.0
2026-08-04T00:00:00,147.0,148.25,146.60000610351562,148.10000610351562,3608038.0
2026-08-05T00:00:00,148.0500030517578,148.1999969482422,146.5500030517578,147.6999969482422,3609026.0
2026-08-06T00:00:00,147.6999969482422,149.4499969482422,147.4499969482422,148.89999389648438,2992597.0
2026-08-07T00:00:00,148.89999389648438,149.60000610351562,147.3000030517578,147.3000030517578,4088247.0
2026-08-10T00:00:00,147.0,147.10000610351562,145.60000610351562,146.85000610351562,2652174.0
2026-08-11T00:00:00,146.60000610351562,146.85000610351562,145.85000610351562,146.25,543045.0
