timestamp,open,high,low,close,volume
2018-01-02T00:00:00,90.5056537607345,92.19707451890345,89.46706429134902,91.87065887451172,5738651.0
2018-01-03T00:00:00,92.2860921500879,93.88848550809713,92.16739802278748,93.384033203125,4373407.0
2018-01-04T00:00:00,94.00717163085938,94.86772435602114,93.6807650725215,94.00717163085938,4707102.0
2018-01-05T00:00:00,94.6006535464108,95.28316058429608,94.18521959835677,94.83805084228516,2910478.0
2018-01-08T00:00:00,95.01610859163331,95.22382106409329,93.74012173602769,94.24458312988281,4735177.0
2018-01-09T00:00:00,94.18523042685385,95.2831715390237,93.85881476736158,94.30392456054688,5855492.0
2018-01-10T00:00:00,94.18523805211014,94.60067208156033,93.68078567912872,94.39295959472656,4740561.0
2018-01-11T00:00:00,94.2445831298828,94.54132299549592,93.71044593830997,94.24458312988281,4640316.0
2018-01-12T00:00:00,94.48197872084631,94.54133032088052,93.44338911072694,93.91817474365234,4499834.0
2018-01-15T00:00:00,93.85881404829024,95.3721891446824,93.65110157986426,94.86773681640625,4401645.0
2018-01-16T00:00:00,94.95675512042828,96.08436296517063,94.68969105780845,95.90632629394531,4200749.0
2018-01-17T00:00:00,95.55022399470026,97.18229303808799,95.13479004935773,96.26239776611328,4678571.0
2018-01-18T00:00:00,96.67784771377343,97.30100326282364,95.99534962315512,96.82621765136719,4223290.0
2018-01-19T00:00:00,96.82620895753873,98.57698130857253,96.64817229303765,98.1021957397461,4906149.0
2018-01-22T00:00:00,98.51764215294754,98.57699375246118,97.53840415145119,97.7461166381836,4243148.0
2018-01-23T00:00:00,98.3692605154855,99.49686832592957,98.22089059012278,98.66600036621094,5049170.0
2018-01-24T00:00:00,98.90339120550034,98.99241859651022,97.56806184238856,97.65708923339844,3930620.0
2018-01-25T00:00:00,97.44937509419368,98.04285485610202,96.05470308717858,96.2920913696289,5866938.0
2018-01-26T00:00:00,96.67783829889089,96.94491140517682,95.43153637794278,96.49980163574219,3373594.0
2018-01-29T00:00:00,96.44045405721293,97.33067363312566,95.2238188256425,95.57991027832031,3923576.0
2018-01-30T00:00:00,95.01610818697954,96.203067644377,94.66001672744751,94.95675659179688,5420629.0
2018-01-31T00:00:00,98.28024069749738,99.22980277200132,95.28316643930194,95.46121215820312,9348105.0
2018-02-01T00:00:00,96.05469476569735,96.91523853475668,95.28316933089936,95.72827911376953,6073303.0
2018-02-02T00:00:00,95.72827022167348,96.14370416927342,93.59173984004394,93.71043395996094,6685963.0
2018-02-05T00:00:00,93.47304665715207,93.47304665715207,91.09912801189105,91.4848861694336,9113984.0
2018-02-06T00:00:00,88.16140756257055,91.57391569498813,87.89434351988541,90.23858642578125,10573581.0
2018-02-07T00:00:00,91.57393738087214,92.76089701236553,90.20893199349807,92.46415710449219,6543615.0
2018-02-08T00:00:00,92.16739645909931,92.49381209547366,89.70445034443954,90.00119018554688,5842945.0
2018-02-09T00:00:00,89.61544008970138,90.47598389530037,88.25043488645018,88.33946228027344,6662280.0
2018-02-12T00:00:00,89.7637964721759,90.38695191173393,89.14064103261786,89.7044448852539,4059733.0
2018-02-13T00:00:00,89.73413526011296,90.38696659921419,89.08131297679395,89.14065551757812,4080540.0
2018-02-14T00:00:00,89.61544282293185,90.80240233052035,88.13174343844622,90.68370819091797,6498556.0
2018-02-15T00:00:00,91.425546143069,91.66293439179037,90.00118948339716,90.4759750366211,4420503.0
2018-02-16T00:00:00,91.01012662291947,92.07838296747556,90.83208088023257,91.98936462402344,4154914.0
2018-02-19T00:00:00,92.10806242711456,92.43447812571348,91.51458263176487,91.78164672851562,2810305.0
2018-02-20T00:00:00,91.81132469558852,94.09622558390679,91.78164889396429,93.88850402832031,3823892.0
2018-02-21T00:00:00,94.36327071439521,94.48196484124446,92.46413751746304,94.09620666503906,6950515.0
2018-02-22T00:00:00,93.17631599294764,94.92707935490716,92.70153040603103,94.86773681640625,4799217.0
2018-02-23T00:00:00,94.98643466319872,95.2534987363498,93.14664383787846,93.62142944335938,4822048.0
2018-02-26T00:00:00,93.59174235473603,94.0665279029418,91.78162754607841,92.7905502319336,6659760.0
2018-02-27T00:00:00,93.11697166484596,93.44338734730864,92.40479775678902,93.41371154785156,4366962.0
2018-02-28T00:00:00,93.05761863033796,93.79946825421536,92.87957290945107,93.14663696289062,6393075.0
2018-03-01T00:00:00,92.79055129641607,93.74011334793975,92.49381145735593,92.55315399169922,5292071.0
2018-03-02T00:00:00,91.24751528833863,91.36620943202873,88.0723948738785,88.87359619140625,10053490.0
2018-03-05T00:00:00,88.51750031916137,89.88250554342804,88.339463640338,89.46707153320312,5216457.0
2018-03-06T00:00:00,90.20892121424129,90.65403102286419,89.43739573480515,89.46707153320312,5442427.0
2018-03-07T00:00:00,89.34837123634559,89.34837123634559,87.65695045786032,88.60652160644531,7118893.0
2018-03-08T00:00:00,88.75488828636477,90.00119018554689,88.48782424052442,90.00119018554688,4629447.0
2018-03-09T00:00:00,90.06053388508316,90.98042912307207,89.79346986264264,90.80238342285156,4655984.0
2018-03-12T00:00:00,91.33651471890245,91.66293033829558,90.06053709083393,90.3572769165039,4345716.0
2018-03-13T00:00:00,90.44629849325067,91.54423951001057,89.64510636860905,89.91217041015625,5023568.0
2018-03-14T00:00:00,90.03087107805287,91.42555203253197,90.03087107805287,90.060546875,4769124.0
2018-03-15T00:00:00,90.32761018840262,91.69261533463771,90.11989772305532,91.57392120361328,5954470.0
2018-03-16T00:00:00,91.69260613201874,91.69260613201874,90.35727691650389,90.3572769165039,8619655.0
2018-03-19T00:00:00,90.32761059415263,90.35728639098747,88.39880152505108,88.69554138183594,3668819.0
2018-03-20T00:00:00,89.2593420321961,90.44630141589967,88.84390805905613,90.17923736572266,3760992.0
2018-03-21T00:00:00,90.23858749190153,90.32760582192122,89.31869217331248,90.00119018554688,3507385.0
2018-03-22T00:00:00,89.6154434496525,90.17924740854349,87.2118486188199,87.89435577392578,5471884.0
2018-03-23T00:00:00,86.76672766219251,88.3987967870332,85.93585973004066,87.92401123046875,5404753.0
2018-03-26T00:00:00,87.8053192708017,88.19108650692876,86.35129582578499,86.58868408203125,4111978.0
2018-03-27T00:00:00,88.93293906237619,89.43739138749272,88.0723862295753,89.02195739746094,5847623.0
2018-03-28T00:00:00,88.13174218299405,88.42848205566406,86.73706115913208,88.42848205566406,5502861.0
2018-03-29T00:00:00,89.14064182010088,90.59466515472755,89.02194770098906,90.3572769165039,3265050.0
2018-04-03T00:00:00,89.17033363119396,89.40772191205888,87.44924595546725,87.89435577392578,8047817.0
2018-04-04T00:00:00,88.04271549601776,88.96260176945293,86.1732490419748,86.82608032226562,6894305.0
2018-04-05T00:00:00,88.42848416295108,89.46707374204614,87.47891292546547,89.17033386230469,5933853.0
2018-04-06T00:00:00,89.01763911863371,89.01763911863371,87.5823595628921,88.193115234375,6191377.0
2018-04-09T00:00:00,88.55957875854578,89.07872484454259,87.76559446441823,88.59011840820312,4728241.0
2018-04-10T00:00:00,90.66668270141292,91.58281626050984,90.0253873461666,91.55227661132812,6293749.0
2018-04-11T00:00:00,91.67443477173009,92.52948902839393,90.72776156795715,91.15528869628906,6342582.0
2018-04-12T00:00:00,91.49120069350359,92.43787384033203,91.15528321309455,92.43787384033203,4447753.0
2018-04-13T00:00:00,93.17078748724438,94.91143570764802,92.9570192562544,94.6671371459961,7634217.0
2018-04-16T00:00:00,94.66712767375265,95.186273714559,93.81207347413354,94.81981658935547,5660116.0
2018-04-17T00:00:00,95.09466487064788,96.71317313952501,95.03359488955746,96.49940490722656,6277398.0
2018-04-18T00:00:00,96.49940448269747,97.9041445130963,96.49940448269747,97.69037628173828,3403710.0
2018-04-19T00:00:00,98.05683097471385,98.69812633324435,97.6293038421577,98.42327880859375,6211795.0
2018-04-20T00:00:00,98.45381431187856,98.94242072253495,97.50714113861785,98.3316650390625,5533489.0
2018-04-23T00:00:00,98.33165998718789,99.27833311181243,97.90413289460018,99.18671417236328,5426844.0
2018-04-24T00:00:00,97.140699690141,97.32392827107631,94.6671371459961,94.6671371459961,13495211.0
2018-04-25T00:00:00,94.05637496621448,94.2701431825309,91.94926972857706,92.68217468261719,7948794.0
2018-04-26T00:00:00,92.83486589815452,93.99529799412451,92.46840875237855,92.92647552490234,4987472.0
2018-04-27T00:00:00,93.26239071625763,93.35400966013272,92.0714190010184,92.68217468261719,4160764.0
2018-04-30T00:00:00,92.68217712294299,92.80432639860052,91.12474822998047,91.12474822998047,3194252.0
2018-05-02T00:00:00,92.74325584177545,93.68991971175868,92.10196049933447,93.35401153564453,6932563.0
2018-05-03T00:00:00,93.56776436826179,93.84260254879901,92.56002126649477,92.59056091308594,4375305.0
2018-05-04T00:00:00,93.0486341197559,93.38454229742614,92.13250057470832,92.92647552490234,4089674.0
2018-05-07T00:00:00,92.89593771637537,94.81981427832385,92.59055989261265,94.57551574707031,4213278.0
2018-05-08T00:00:00,94.66713468033589,96.34671287627734,93.90369004581706,96.22456359863281,5878556.0
2018-05-09T00:00:00,95.91917961853444,97.11015130843879,95.33896359723661,96.43831634521484,2807092.0
2018-05-11T00:00:00,97.17123117802231,97.23230115360917,95.24734521889287,95.85810089111328,6791506.0
2018-05-14T00:00:00,96.16347558831144,96.16347558831144,95.03358322322018,95.58325958251953,3811073.0
2018-05-15T00:00:00,95.2778830906347,97.07961042622668,95.2778830906347,96.83531188964844,4965727.0
2018-05-16T00:00:00,96.74369769179955,97.65983122796959,96.40778951738434,97.17123413085938,4695420.0
2018-05-17T00:00:00,97.17123273261677,97.72090911865234,96.52993740264719,97.72090911865234,3949664.0
2018-05-18T00:00:00,97.69037133236888,98.42327630084739,97.44607278267348,98.39274597167969,17629262.0
2018-05-21T00:00:00,98.54544086361628,99.82802230628675,98.48436156279693,99.15619659423828,3687082.0
2018-05-22T00:00:00,99.55318267815414,99.70587160864211,98.36221088422654,98.88134765625,3618034.0
2018-05-23T00:00:00,98.36220795918459,98.57596686387546,96.52994084781596,97.62930297851562,5358289.0
2018-05-24T00:00:00,97.44607254306997,98.08736788368395,96.2856311363894,96.95746612548828,4696247.0
2018-05-25T00:00:00,97.72091075429118,99.12565071026258,97.4460725566732,97.78199005126953,5688098.0
2018-05-28T00:00:00,98.3316629007833,98.4232725235552,96.7436944305294,97.049072265625,2322363.0
2018-05-29T00:00:00,96.34671123906506,96.52993981211449,94.97251092028283,96.16348266601562,4076855.0
2018-05-30T00:00:00,96.3161746776546,96.68263183549993,94.14799001908715,94.8503646850586,3854479.0
2018-05-31T00:00:00,95.3389656253288,95.36949595389504,92.31571754590107,92.68217468261719,7840990.0
2018-06-01T00:00:00,93.20132246455243,94.75874202593788,92.95701459575639,94.33121490478516,3318682.0
2018-06-04T00:00:00,94.69766596931936,95.12519306302767,92.89593865479685,93.56776428222656,3437106.0
2018-06-05T00:00:00,93.50671037128971,94.91144116058321,93.44563106767117,93.59832000732422,5693738.0
2018-06-06T00:00:00,93.59832000732423,93.59832000732423,93.59832000732422,93.59832000732422,0.0
2018-06-07T00:00:00,92.59057600527431,93.04864282063143,91.33852484608624,91.97982025146484,7773016.0
2018-06-08T00:00:00,91.39958746938679,92.19357174927788,90.66668248771518,90.94152069091797,5297983.0
2018-06-11T00:00:00,90.94152333785631,91.67443766025254,90.3307676154546,91.6438980102539,5008749.0
2018-06-12T00:00:00,91.73550310435891,92.01034130196985,90.94151884062221,91.09420776367188,4376853.0
2018-06-13T00:00:00,91.00261088001763,91.52175701883556,90.17808685234057,91.06369018554688,4578420.0
2018-06-14T00:00:00,90.26968522237989,91.79657431843033,89.68946922975901,91.52173614501953,5617237.0
2018-06-15T00:00:00,91.24689683530325,91.88819217703454,90.11700439453125,90.11700439453125,5714595.0
2018-06-18T00:00:00,89.96432373043022,89.99486338177205,88.52904399190314,89.53679656982422,4512525.0
2018-06-19T00:00:00,87.97936865148925,88.92604193862925,87.27699393936908,88.52904510498047,4971427.0
2018-06-20T00:00:00,88.71227036761198,89.50625468572736,88.16259393474365,88.46797180175781,4166584.0
2018-06-21T00:00:00,88.2541916806933,89.04817589187198,86.66622325833592,86.72730255126953,4504321.0
2018-06-22T00:00:00,86.72730255126953,86.72730255126953,86.72730255126953,86.72730255126953,0.0
2018-06-25T00:00:00,86.81891218550845,86.87999147845207,84.92557525634766,84.92557525634766,4812430.0
2018-06-26T00:00:00,84.86449486753428,85.32256160052138,84.00944069371494,84.2842788696289,7323748.0
2018-06-27T00:00:00,83.97891010301157,86.26924401491189,83.06277653825146,85.32257080078125,5474905.0
2018-06-28T00:00:00,85.01719828531355,85.99441121018795,84.28429325135431,85.07827758789062,4821658.0
2018-06-29T00:00:00,85.87224601857822,87.73504325002816,85.68901746417897,87.460205078125,6225572.0
2018-07-02T00:00:00,86.54408576279094,86.54408576279094,85.04773607631428,85.23096466064453,4241817.0
2018-07-03T00:00:00,85.71956096726434,86.29977698281265,84.8950370950592,85.13933563232422,3731021.0
2018-07-04T00:00:00,85.07827758789062,85.3531158107012,84.46752183969241,85.07827758789062,4742133.0
2018-07-05T00:00:00,85.41419401827405,87.91828696214856,85.2004257813879,86.8494644165039,6579391.0
2018-07-06T00:00:00,87.03268967232368,87.58236608986552,86.14709574655402,86.78839111328125,5268852.0
2018-07-09T00:00:00,87.09376000278145,88.16258239746094,86.69676323597977,88.16258239746094,4192971.0
2018-07-10T00:00:00,88.34580623907641,88.65118408203125,87.67398057621108,88.65118408203125,4039972.0
2018-07-11T00:00:00,87.94882492429906,87.94882492429906,86.91054204948799,87.61290740966797,4303157.0
2018-07-12T00:00:00,88.00990173842898,89.44517206854971,87.06322852190272,89.17033386230469,4083233.0
2018-07-13T00:00:00,89.44516940426185,90.26969331782955,89.17033120620337,90.11700439453125,3618029.0
2018-07-16T00:00:00,90.2391647837399,91.49121597287521,89.50625972551714,90.7888412475586,4756429.0
2018-07-17T00:00:00,90.88044840149678,91.12474694937865,89.32301953042123,89.87269592285156,3900650.0
2018-07-18T00:00:00,90.5750713912607,91.55227491118171,89.93377604792337,90.7277603149414,4603219.0
2018-07-19T00:00:00,93.44562678550606,93.84261428265467,90.05593061666305,92.07142639160156,8418443.0
2018-07-20T00:00:00,92.07141260344099,92.7432475342741,89.78107895658923,90.48344421386719,7466202.0
2018-07-23T00:00:00,90.48345715276052,92.89594972793758,90.20861893971548,92.65164184570312,5455904.0
2018-07-24T00:00:00,92.83486451598111,95.27788726640166,92.71271524233852,94.30067443847656,5495577.0
2018-07-25T00:00:00,94.23959626542435,94.5144344370658,93.07915496826172,93.07915496826172,4279664.0
2018-07-26T00:00:00,94.0563725715608,94.63658859042907,93.72045509135543,94.2396011352539,3482100.0
2018-07-27T00:00:00,94.54498289554762,94.57552254399702,93.2318525673613,93.720458984375,3037593.0
2018-07-30T00:00:00,94.45336002673596,95.15573463432756,94.0563725715608,94.2396011352539,2941273.0
2018-07-31T00:00:00,94.27013832186296,94.60604647390882,93.68991299874743,94.14797973632812,3541489.0
2018-08-01T00:00:00,94.23959205740273,94.57550950525007,92.98754119873047,92.98754119873047,3912740.0
2018-08-02T00:00:00,92.40734332428563,92.46841330532703,89.53679327234191,90.2391586303711,7653101.0
2018-08-03T00:00:00,90.81937405725452,92.10196480205518,90.81937405725452,91.6438980102539,3838332.0
2018-08-06T00:00:00,91.6133556905483,92.28519069336932,91.24689854002912,91.76604461669922,2214224.0
2018-08-07T00:00:00,92.04087077124782,93.26238202055275,92.04087077124782,92.86539459228516,3524742.0
2018-08-08T00:00:00,92.86541381637495,92.89595346780784,91.94928018974723,92.34626770019531,2657573.0
2018-08-09T00:00:00,92.25463651782513,92.98754138406765,92.25463651782513,92.77377319335938,2521360.0
2018-08-10T00:00:00,92.25465313604253,92.31572311625212,91.03314169913867,91.39958953857422,2797972.0
2018-08-13T00:00:00,91.24689854323051,91.24689854323051,90.26969500746586,90.94152069091797,2418043.0
2018-08-14T00:00:00,91.18582856440348,92.31572102632441,90.42238393362213,90.94152069091797,3273193.0
2018-08-15T00:00:00,90.97205733487469,91.643892315526,88.5595742451776,88.86495208740234,4007685.0
2018-08-16T00:00:00,89.53679656982423,90.42239054237805,89.23141869519235,89.53679656982422,3203111.0
2018-08-17T00:00:00,89.9643089444285,90.91098206407636,89.29247400289992,90.75829315185547,3432215.0
2018-08-20T00:00:00,90.75829159699433,91.67442505462458,90.63613301379712,91.52173614501953,2303726.0
2018-08-21T00:00:00,91.52173843398265,94.14798028935867,91.36904952055885,93.56776428222656,4839096.0
2018-08-22T00:00:00,93.35400672732507,95.52218187337175,93.17077816472332,94.81981658935547,6264845.0
2018-08-23T00:00:00,95.27788957893559,96.56048028179362,95.2168102809357,95.36949920654297,5122552.0
2018-08-24T00:00:00,95.55273501827288,95.67488430413175,94.51445210938284,94.97251892089844,3297103.0
2018-08-27T00:00:00,95.15573688454593,97.44607068639127,94.91142902071384,97.11015319824219,3373632.0
2018-08-28T00:00:00,97.17122119831411,97.65981823039682,96.68261484684041,97.41551971435547,3434792.0
2018-08-29T00:00:00,97.4155444709622,97.69038270120224,96.65209976507693,97.26285552978516,3384778.0
2018-08-30T00:00:00,97.11015160332977,98.17897402663685,96.49939593286857,97.87359619140625,3889325.0
2018-08-31T00:00:00,97.41553453717913,97.59876311178586,96.19402313232422,96.19402313232422,3680695.0
2018-09-03T00:00:00,96.16348801785878,96.65209446671919,95.67488156899837,95.919189453125,2251039.0
2018-09-04T00:00:00,96.19402291129641,96.2551022091558,94.39229545715379,94.75874328613281,3202516.0
2018-09-05T00:00:00,94.66713737212561,95.21681379685181,93.9953023468889,94.453369140625,3777839.0
2018-09-06T00:00:00,94.453369140625,95.98025845307863,94.11746094739942,94.453369140625,5312665.0
2018-09-07T00:00:00,94.60605347118967,94.60605347118967,93.04863390373829,93.14024353027344,4556938.0
2018-09-10T00:00:00,93.17078706966507,94.30067956148211,92.80432990943685,94.27014923095703,3390534.0
2018-09-11T00:00:00,94.63658879726678,94.63658879726678,92.9264710647133,94.02583312988281,2611116.0
2018-09-12T00:00:00,93.90367860684808,95.76648515203293,92.46839914103563,93.29292297363281,5334690.0
2018-09-13T00:00:00,93.29292244335609,94.48389405747812,93.29292244335609,93.87313842773438,3548697.0
2018-09-14T00:00:00,94.14798530435372,94.72821066178447,93.75099783606213,94.51444244384766,2948185.0
2018-09-17T00:00:00,94.0563758911914,94.69767122705522,93.44562020358624,94.30067443847656,2924891.0
2018-09-18T00:00:00,94.05638125283009,94.78928625585672,92.46841264677846,93.23185729980469,4294805.0
2018-09-19T00:00:00,93.53722408622053,94.72820505944364,93.47615411284475,94.14797973632812,3440526.0
2018-09-20T00:00:00,94.14798860110608,96.65209073008486,94.14798860110608,96.22456359863281,3914135.0
2018-09-21T00:00:00,97.11015160332977,99.0645678849272,96.86585306290206,97.87359619140625,7693088.0
2018-09-24T00:00:00,97.41553267941448,97.6293008989444,96.8353166370519,97.17123413085938,3226985.0
2018-09-25T00:00:00,97.23230119436651,97.87359651434514,96.40778662815853,96.68262481689453,3248889.0
2018-09-26T00:00:00,96.80477675842336,96.95746568075526,95.82756392774232,96.56047821044922,2809511.0
2018-09-27T00:00:00,96.16347876753278,97.01854230063495,95.49165311944392,96.68262481689453,3382634.0
2018-09-28T00:00:00,96.49941402755674,96.56049333381267,95.46113105696176,95.94973754882812,3470719.0
2018-10-01T00:00:00,95.88864528111048,96.46886133453809,95.33896887668276,96.19402313232422,2455762.0
2018-10-02T00:00:00,95.70541834608242,95.88864692382813,94.42283694064767,95.43058013916016,3647643.0
2018-10-03T00:00:00,96.13294426069167,98.5148971023586,95.98025533440762,98.24005889892578,4950250.0
2018-10-04T00:00:00,97.93468459404687,97.93468459404687,96.22456669383772,96.49940490722656,3435926.0
2018-10-05T00:00:00,96.285630659369,96.37724960436984,94.6060525143351,94.91143035888672,4797418.0
2018-10-08T00:00:00,94.72821460244559,94.85036388089421,93.78154138553182,93.99530029296875,2594066.0
2018-10-09T00:00:00,94.0869153273662,95.33896634801289,93.68991853968242,94.51444244384766,4318699.0
2018-10-10T00:00:00,94.72821266792432,94.91143192215928,91.55227557676328,91.73550415039062,5062485.0
2018-10-11T00:00:00,89.59785913075874,89.78108770423769,87.46021418541974,88.49849700927734,10185853.0
2018-10-12T00:00:00,89.17033028182361,89.59785739874845,87.52129179117517,87.67398071289062,6395237.0
2018-10-15T00:00:00,87.52129758521548,87.55183723545878,86.36085611171977,87.00215148925781,4435861.0
2018-10-16T00:00:00,79.39823871577552,84.28428417520786,78.94017195395374,83.21546173095703,21672483.0
2018-10-17T00:00:00,84.28427997241982,84.62019744488389,82.42147337002062,83.12384796142578,7787599.0
2018-10-18T00:00:00,83.18492003364811,84.4675106629086,82.54362471901788,83.58191680908203,7174787.0
2018-10-19T00:00:00,85.81117047047684,86.02493867983262,78.48210252993789,81.74964904785156,18047467.0
2018-10-22T00:00:00,83.12385621381628,84.10105976235484,81.44427800414206,81.7191162109375,11622226.0
2018-10-23T00:00:00,80.9251249187672,81.68856949347254,79.88684216104627,81.1388931274414,7330030.0
2018-10-24T00:00:00,81.56642287431238,81.81072141839512,79.64253689194058,80.19222259521484,5990245.0
2018-10-25T00:00:00,79.39824586593917,82.23825631723288,79.36770621518906,81.78018951416016,7015913.0
2018-10-26T00:00:00,81.322112311795,81.59695981400611,79.48984533381035,80.31436920166016,8431824.0
2018-10-29T00:00:00,80.8640487295091,83.12385221290712,80.65028983202019,81.41373443603516,5136612.0
2018-10-30T00:00:00,81.53588990635629,81.99395670358301,80.40598807877323,81.96341705322266,4180073.0
2018-10-31T00:00:00,82.63524285068029,84.192671651117,82.51309358227955,83.55137634277344,7347972.0
2018-11-01T00:00:00,83.5208366401554,83.79567482372178,82.02448713461231,82.72685241699219,5325663.0
2018-11-02T00:00:00,83.73460351893961,85.90277862548828,83.55137495967575,85.90277862548828,4115078.0
2018-11-05T00:00:00,85.29203028269693,85.29203028269693,83.70407104492188,83.70407104492188,5174488.0
2018-11-06T00:00:00,84.10105748597606,84.2537464099954,83.18492394185999,83.88729858398438,3532284.0
2018-11-07T00:00:00,84.10106081727449,84.8034354872204,83.58192404668077,83.94837188720703,3781985.0
2018-11-08T00:00:00,84.40644905184868,84.74236660316342,83.45977570519584,83.82623291015625,3287948.0
2018-11-09T00:00:00,83.64298004666892,83.70405933624397,82.23824026096332,82.57415771484375,3344615.0
2018-11-12T00:00:00,82.8795506476761,83.49030637731173,81.81072812081375,81.96341705322266,2896929.0
2018-11-13T00:00:00,81.96341058256444,82.60470591193291,80.13114353830714,80.802978515625,9114858.0
2018-11-14T00:00:00,79.39824653285446,80.28384049568845,78.11566040541688,79.61201477050781,5987882.0
2018-11-15T00:00:00,79.64254285248263,80.5892160905895,78.20727248964312,78.5431900024414,5279328.0
2018-11-16T00:00:00,79.09285977886769,79.85630437132781,77.71865951243949,78.35995483398438,4631236.0
2018-11-19T00:00:00,78.42103156828627,79.06232694509976,76.4055404663086,76.4055404663086,6694943.0
2018-11-20T00:00:00,76.00854290269531,76.2528461078899,73.90143765974626,75.06187438964844,8847444.0
2018-11-21T00:00:00,75.73370774713645,76.64984130859375,74.93972346332829,76.64984130859375,5360066.0
2018-11-22T00:00:00,76.46661679027154,76.4971564411526,75.2451053101733,75.64209747314453,3105680.0
2018-11-23T00:00:00,75.48940328803998,76.16123362343066,74.72595866607416,75.39778900146484,2913398.0
2018-11-26T00:00:00,75.64209061825082,77.16897983000274,75.61155562983343,76.98575592041016,3498500.0
2018-11-27T00:00:00,77.16897959184296,77.19951923986218,75.91693323788812,76.375,4853471.0
2018-11-28T00:00:00,76.61929536303147,77.35220494778714,76.25284290050156,76.58876037597656,4473932.0
2018-11-29T00:00:00,77.44382210236728,78.29887632677043,77.29113318233871,77.56597137451172,5515608.0
2018-11-30T00:00:00,77.65758036788824,77.779729631711,76.25284053544776,77.32166290283203,7241555.0
2018-12-03T00:00:00,79.12340322052671,81.29158783095943,79.06232392244426,80.4670639038086,8644347.0
2018-12-04T00:00:00,80.13113464736753,80.2227535810501,76.80251841683805,77.04682159423828,7044866.0
2018-12-05T00:00:00,75.82532622500649,75.94747550940507,74.20682257839438,74.32897186279297,5765458.0
2018-12-06T00:00:00,73.29067914913863,73.38229343001423,71.45841217041016,71.45841217041016,7043714.0
2018-12-07T00:00:00,72.37454648937705,73.04637679067258,71.27518442566003,71.48895263671875,5966099.0
2018-12-10T00:00:00,70.84766473339887,70.96981401561237,69.96207078810997,70.05368041992188,4845841.0
2018-12-11T00:00:00,70.66443102817338,72.19132024364555,70.48120711813438,71.7332534790039,4639332.0
2018-12-12T00:00:00,72.06917326419429,72.95476717347749,71.30572863215833,72.80207824707031,4674237.0
2018-12-13T00:00:00,72.92421872205963,73.04636797675789,71.88593141834286,72.16077423095703,4960936.0
2018-12-14T00:00:00,71.76380023520075,72.61885921249564,70.51174909062287,71.82487487792969,4016411.0
2018-12-17T00:00:00,71.64165077497229,71.82487470271215,70.78659179976333,71.21411895751953,3969337.0
2018-12-18T00:00:00,70.90873063809121,72.46615942275834,70.54227817690362,71.5500259399414,5028779.0
2018-12-19T00:00:00,71.42787535870542,72.83261529536661,71.3362657338895,72.43562316894531,5533118.0
2018-12-20T00:00:00,71.33626897654167,71.4278786055218,70.54228468760783,70.90873718261719,5169704.0
2018-12-21T00:00:00,70.72551574741763,70.87820468067225,69.74830284683092,70.17583465576172,7150345.0
2018-12-27T00:00:00,70.45066495544413,71.30572381752927,69.22915362666417,69.56507110595703,5155006.0
2018-12-28T00:00:00,70.08421841769446,71.183580570478,70.08421841769446,70.81712341308594,4174087.0
2019-01-02T00:00:00,70.51173615779066,70.72550435767874,68.92377243960993,70.481201171875,3435741.0
2019-01-03T00:00:00,69.62615255961332,70.5117464958351,69.47346362856153,69.53453826904297,3143939.0
2019-01-04T00:00:00,69.71776857561976,72.71047263024005,69.71776857561976,72.61885833740234,5896522.0
2019-01-07T00:00:00,72.52724574127073,72.83262361807608,71.36680887747107,71.85541534423828,4762419.0
2019-01-08T00:00:00,71.76378695544766,75.03132866360762,71.61109804703182,74.29842376708984,6443797.0
2019-01-09T00:00:00,74.72594849789728,75.42831838647155,73.87088970570667,74.542724609375,4074105.0
2019-01-10T00:00:00,73.96250367374442,74.05411794747423,72.98529562658284,73.93196868896484,3611206.0
2019-01-11T00:00:00,73.96251998808164,74.29843751262096,72.86316243991908,73.7487564086914,3470357.0
2019-01-14T00:00:00,73.41282451220111,74.11519441529242,73.1379863438894,73.77928161621094,2716065.0
2019-01-15T00:00:00,73.38229887542288,74.6038102852187,73.38229887542288,74.11520385742188,4967359.0
2019-01-16T00:00:00,74.3594952411339,74.97025084886396,74.11519206610278,74.5121841430664,5095006.0
2019-01-17T00:00:00,74.0541236971684,74.90918255220889,73.80982050148597,74.5732650756836,3899718.0
2019-01-18T00:00:00,75.33671874911239,76.52769522452532,75.1229551744577,76.43608093261719,7595323.0
2019-01-21T00:00:00,75.64209747314453,76.28339286407471,75.0313417330954,75.64209747314453,4142148.0
2019-01-22T00:00:00,75.42832924979074,75.79478173930796,74.32896712154283,74.81757354736328,3426071.0
2019-01-23T00:00:00,74.51219203776553,74.69542060337614,73.56551888160405,73.80982208251953,3986630.0
2019-01-24T00:00:00,73.56551755502858,74.39004142571203,72.92422690634756,73.87089538574219,4613774.0
2019-01-25T00:00:00,74.45112270280708,76.74145663751385,74.39004806315417,76.46661376953125,5058742.0
2019-01-28T00:00:00,76.52768413838649,77.01628585828816,75.67262530393887,76.03907775878906,4274024.0
2019-01-29T00:00:00,76.52769224169819,77.99350221630962,75.85585723368897,77.2605972290039,5861889.0
2019-01-30T00:00:00,76.3444649859988,78.02404321569077,75.09241389634988,77.19952392578125,10083434.0
2019-01-31T00:00:00,79.30662270987743,80.77243250200605,78.54317816827056,79.42877197265625,10593026.0
2019-02-01T00:00:00,79.70361491912259,80.25329129425631,78.81802106167738,79.76469421386719,6272831.0
2019-02-04T00:00:00,80.22275746770623,80.58920526201703,79.24554471076104,79.8563003540039,5411165.0
2019-02-05T00:00:00,80.13114084321128,80.68082652963585,79.61200412310075,80.10060119628906,4789335.0
2019-02-06T00:00:00,79.76470083471825,80.92513297605173,79.45932297443127,80.71136474609375,4035085.0
2019-02-07T00:00:00,81.04728057460453,81.50534735553039,79.06232452392578,79.06232452392578,5111099.0
2019-02-08T00:00:00,78.81801726574895,79.42877290621287,78.298871243598,78.4210205078125,3998791.0
2019-02-11T00:00:00,79.0623294744155,79.88685345946666,78.60426266480778,79.18447875976562,3091837.0
2019-02-12T00:00:00,80.00898752434085,81.16941949350225,79.55092080187326,80.83351135253906,4203471.0
2019-02-13T00:00:00,80.92512696812419,81.38319372454754,80.37545058817298,80.7724380493164,3853502.0
2019-02-14T00:00:00,81.3832018291259,81.93287826381685,80.55867785769652,81.16943359375,3871319.0
2019-02-15T00:00:00,81.16941873638505,82.8489967030998,80.43651385115142,82.60469818115234,5676957.0
2019-02-18T00:00:00,82.63524253453875,83.03222998517028,81.93286793498602,82.11609649658203,3641135.0
2019-02-19T00:00:00,81.90234707189481,82.11610598563156,81.35266132358703,81.96341705322266,3339229.0
2019-02-20T00:00:00,81.96341118011809,84.55912284507326,81.96341118011809,84.43697357177734,6480006.0
2019-02-21T00:00:00,84.77288544812535,85.07826327083517,83.55137415728605,84.07051086425781,5142394.0
2019-02-22T00:00:00,84.28428280826941,85.13933702204578,84.13159389013848,84.58966064453125,3658953.0
2019-02-25T00:00:00,85.20041631705494,85.38364488269045,84.16213353764306,84.58966064453125,3404845.0
2019-02-26T00:00:00,84.37589509268246,84.95612045539437,83.94836797230968,84.46751403808594,3713231.0
2019-02-27T00:00:00,84.16212952540094,84.31481843625276,83.33760567904451,83.45975494384766,3120638.0
2019-02-28T00:00:00,83.30707320885269,83.30707320885269,82.08556181682027,83.06277465820312,4253792.0
2019-03-01T00:00:00,83.58190936662237,83.88728717312169,83.18491262653859,83.3681411743164,3746320.0
2019-03-04T00:00:00,83.7040686126096,84.86450068800917,83.67352896443758,84.43697357177734,3376467.0
2019-03-05T00:00:00,84.43697378475746,84.46751343300652,83.21546240993275,84.22320556640625,3642087.0
2019-03-06T00:00:00,84.31482382320773,84.31482382320773,82.84900459374276,83.21546173095703,4144099.0
2019-03-07T00:00:00,83.15439281430874,83.24601176974427,81.74966202489681,82.268798828125,3374045.0
2019-03-08T00:00:00,81.35265824217436,81.6885757446289,80.43652468242152,81.6885757446289,3769056.0
2019-03-11T00:00:00,81.841263479535,82.84900665283203,81.71911420389178,82.84900665283203,3116605.0
2019-03-12T00:00:00,83.4902983946081,83.55137768948886,81.90233924101967,82.17717742919922,3310450.0
2019-03-13T00:00:00,82.08556181682027,83.06277465820312,81.81072361749146,83.06277465820312,4463958.0
2019-03-14T00:00:00,83.06276418628751,83.7651294204004,82.6046974720249,83.398681640625,3984617.0
2019-03-15T00:00:00,83.67352029502402,84.1621266569754,82.72684721612909,83.79566955566406,6005904.0
2019-03-18T00:00:00,84.16214116288876,84.49805867708993,83.18492827055677,83.76514434814453,4636912.0
2019-03-19T00:00:00,84.03998114907758,86.20815625058236,83.73460332414545,86.11654663085938,6802736.0
2019-03-20T00:00:00,85.99440080541066,86.17762937157926,85.10880694155311,85.2004165649414,4004082.0
2019-03-21T00:00:00,85.2309522592017,85.59740005514966,84.55911732087641,84.89503479003906,3586845.0
2019-03-22T00:00:00,85.44471191296073,85.47525155941258,82.26878438919267,82.29932403564453,4489713.0
2019-03-25T00:00:00,82.11610849755046,82.11610849755046,80.89459700091336,81.23051452636719,4234292.0
2019-03-26T00:00:00,81.8107262500127,83.15438696060646,81.19997053434349,82.94062805175781,6725760.0
2019-03-27T00:00:00,83.61244401075626,85.81116805888283,83.49029474572512,85.10880279541016,9157782.0
2019-03-28T00:00:00,85.10880763322866,86.63569683138927,84.89503941772935,86.20816040039062,6790979.0
2019-03-29T00:00:00,86.75784272774197,88.55957004759047,86.57461416721344,87.94881439208984,7686613.0
2019-04-01T00:00:00,89.35356356684811,90.69722428496912,89.21919656309674,90.67279815673828,8593251.0
2019-04-02T00:00:00,91.64389594407146,92.2241120033931,90.84991165897169,91.18582916259766,9862571.0
2019-04-03T00:00:00,92.04087006717494,93.65937805175781,91.55226370731233,93.65937805175781,8816500.0
2019-04-04T00:00:00,93.10402368419261,93.8880555739477,92.22198157727665,93.75738525390625,8700328.0
2019-04-05T00:00:00,93.75739051792914,95.58680500974133,93.75739051792914,95.26012420654297,5226952.0
2019-04-08T00:00:00,95.19478946109278,95.26012961324376,94.2800871480242,94.9334487915039,5116372.0
2019-04-09T00:00:00,94.54141985574724,95.39079191464195,93.46337722259676,93.59404754638672,5094559.0
2019-04-10T00:00:00,93.75738874252909,94.99877178337312,93.56137827042036,94.44342041015625,5343555.0
2019-04-11T00:00:00,94.57409197326736,95.45613412455135,94.28008124600832,94.80277252197266,3572596.0
2019-04-12T00:00:00,94.80278137255675,96.5995259473884,94.70477114131579,96.10950469970703,4350081.0
2019-04-15T00:00:00,96.10950450566453,96.33817510574947,95.52147302792945,95.71748352050781,3617481.0
2019-04-16T00:00:00,95.78281759248377,96.50150939362496,95.71747744260404,96.14215850830078,3724861.0
2019-04-17T00:00:00,96.04415244929281,97.28553546593683,95.94615219990227,96.95885467529297,4839722.0
2019-04-18T00:00:00,96.92620681525673,98.82095165252686,96.5341858291626,98.0042495727539,3426730.0
2019-04-23T00:00:00,98.00424333756345,98.00424333756345,96.46883953747209,96.5341796875,5654242.0
2019-04-24T00:00:00,98.52693453961356,100.97704062082325,96.82819033550531,99.31096649169922,10608069.0
2019-04-25T00:00:00,99.67029901071804,101.27103269489761,99.47428856643975,99.96430969238281,6739953.0
2019-04-26T00:00:00,100.61768428614883,100.61768428614883,99.114950643818,99.63764190673828,3865616.0
2019-04-29T00:00:00,99.63763821911161,100.32366985321002,99.11494697553633,99.83364868164062,3715599.0
2019-04-30T00:00:00,99.60497722754295,100.06232836880066,98.98428568087127,99.31096649169922,2295323.0
2019-05-02T00:00:00,99.31096790549353,99.57230857007347,96.92620194030269,97.84090423583984,5880342.0
2019-05-03T00:00:00,97.84089139154219,98.26557240811042,97.25286998867755,97.28553009033203,4135719.0
2019-05-06T00:00:00,94.73743493152656,95.22745614668963,93.49605184091632,95.19478607177734,5177819.0
2019-05-07T00:00:00,95.06411248065055,95.12945262823379,91.73196434404153,92.12398529052734,8042238.0
2019-05-08T00:00:00,91.92797185054457,93.72471618652344,91.8626416745765,93.72471618652344,5543699.0
2019-05-09T00:00:00,92.74467226092489,92.74467226092489,91.17660849098466,91.47061920166016,4127228.0
2019-05-10T00:00:00,92.38532809432074,92.90801937864434,90.78459413630416,91.5032958984375,4119310.0
2019-05-13T00:00:00,91.50329548136546,91.73196606317866,89.05318944367897,89.2165298461914,4333878.0
2019-05-14T00:00:00,90.09856761450247,91.89531215334468,89.90256709496214,91.73197174072266,4848584.0
2019-05-15T00:00:00,92.54865927440615,92.58132934570312,90.71925491584801,92.58132934570312,4938555.0
2019-05-16T00:00:00,92.77734723211118,93.46337890625,91.76463475785931,93.46337890625,4005617.0
2019-05-17T00:00:00,93.30003171377444,93.52870227550183,91.50328744395895,92.48332977294922,4418324.0
2019-05-20T00:00:00,92.31999759207247,92.31999759207247,89.51054067197053,90.16390228271484,3972824.0
2019-05-21T00:00:00,90.52324163193443,91.89529485802507,90.45790149138004,91.79729461669922,5380906.0
2019-05-22T00:00:00,91.82997661212895,92.05864719475329,90.13123243217109,90.55592346191406,3382460.0
2019-05-23T00:00:00,89.70654353962337,89.77187371345188,88.33448028564453,88.33448028564453,5207930.0
2019-05-24T00:00:00,88.9551721992368,90.09855492657664,88.92251209691777,89.67387390136719,4572260.0
2019-05-27T00:00:00,90.163907980588,90.555928959611,88.36716343749657,88.95518493652344,2528834.0
2019-05-28T00:00:00,89.28186012040722,90.16390228271484,88.72650873297876,90.16390228271484,9345176.0
2019-05-29T00:00:00,89.37986674359861,89.37986674359861,88.3344842207118,88.5304946899414,1999004.0
2019-05-31T00:00:00,87.55045136130238,88.5304937272871,85.81904716919861,86.73374938964844,7036782.0
2019-06-03T00:00:00,86.2437251295999,87.3871078491211,85.55769350398593,87.3871078491211,5381859.0
2019-06-04T00:00:00,87.35443976756578,89.28185440190929,86.37439741422098,89.15118408203125,5429024.0
2019-06-05T00:00:00,88.85718415235311,88.92252430497406,87.71380126803975,88.49783325195312,5123383.0
2019-06-07T00:00:00,88.79182974991095,90.84992459308471,88.66115943514737,90.29456329345703,4995152.0
2019-06-11T00:00:00,91.8299707909376,93.39803457341527,91.8299707909376,92.8753433227539,4446871.0
2019-06-12T00:00:00,92.28731905289631,92.94068060371328,91.43794704293303,92.09130859375,4681606.0
2019-06-13T00:00:00,91.89530474349282,92.38532594184669,91.40528354513894,92.12398529052734,4805761.0
2019-06-14T00:00:00,92.12397866519207,92.15664873663412,90.71925531873802,92.09130859375,4020832.0
2019-06-18T00:00:00,92.05864461026245,94.54142066145725,90.849931643021,94.44342041015625,5857632.0
2019-06-19T00:00:00,94.77010132548277,95.84814396916651,94.67209110455268,95.39079284667969,4358571.0
2019-06-20T00:00:00,96.37083669623982,98.00424070804048,95.97881574560489,97.64488983154297,7907311.0
2019-06-24T00:00:00,97.35088060985943,97.84090182098288,95.61947631835938,95.61947631835938,4582874.0
2019-06-25T00:00:00,95.42346716967457,96.30549938028311,95.32545694437994,95.65213775634766,3248958.0
2019-06-26T00:00:00,95.39079083553617,96.33816313417955,94.73742925447084,95.45613098144531,3175464.0
2019-06-27T00:00:00,96.04414702644101,96.66483849971749,94.77009400876697,95.78280639648438,3786731.0
2019-06-28T00:00:00,95.7828135827691,96.27283477783203,95.09678191577966,96.27283477783203,4410526.0
2019-07-01T00:00:00,97.64488304491428,98.91893609166671,97.54688279882033,98.49425506591797,5824204.0
2019-07-02T00:00:00,98.39626905522455,99.08229081614427,97.90624781484894,98.52693939208984,3238901.0
2019-07-03T00:00:00,98.26557821792358,99.18029041696806,98.00423757220034,98.29824829101562,2492250.0
2019-07-04T00:00:00,98.00422730229768,98.95159950565211,98.00422730229768,98.46157836914062,1722378.0
2019-07-05T00:00:00,98.23291656521758,98.33091681344169,95.2274493392633,96.04415130615234,5355667.0
2019-07-08T00:00:00,95.68479902653797,96.99152215416433,95.68479902653797,96.56684112548828,3089280.0
2019-07-09T00:00:00,96.04416435163581,96.24017484421418,95.03145178123742,95.71748352050781,3284780.0
2019-07-10T00:00:00,95.71746868048483,96.14214970730565,95.09677719147508,95.22744750976562,2554886.0
2019-07-11T00:00:00,95.55413142387113,95.88081221506386,93.98606761394869,94.57408905029297,3358388.0
2019-07-12T00:00:00,94.47608818264877,96.56684323870256,94.31274778812102,95.94615173339844,4089542.0
2019-07-15T00:00:00,96.207490018295,96.99152189890617,95.26011774716041,96.17481994628906,3584145.0
2019-07-16T00:00:00,95.782819278574,96.24017042726148,95.42346838692407,96.01148986816406,3603095.0
2019-07-17T00:00:00,95.97881202559911,98.0369069824032,95.0641098022461,95.0641098022461,6131119.0
2019-07-18T00:00:00,93.20202209244471,95.6847980022586,92.18931965498003,92.94068145751953,7101633.0
2019-07-19T00:00:00,93.75738953338606,98.06958007812501,93.59404913350211,98.069580078125,7565160.0
2019-07-22T00:00:00,97.22020268930144,98.23291510711313,96.37083066244307,96.56684112548828,5493689.0
2019-07-23T00:00:00,97.05687127293793,98.06958378439242,96.82819071665533,97.87357330322266,4173116.0
2019-07-24T00:00:00,97.93890922481759,99.31097270392493,96.95886673102886,97.61222839355469,3663147.0
2019-07-25T00:00:00,97.90624252879493,98.29825351822576,94.80277484064203,96.07682800292969,4121549.0
2019-07-26T00:00:00,96.63217442776755,96.86085497030616,95.84814251971699,95.91348266601562,2625958.0
2019-07-29T00:00:00,95.8808179868474,96.20749879770548,95.03144588471496,95.58680725097656,2953048.0
2019-07-30T00:00:00,95.71746884681379,95.71746884681379,93.72471408852495,94.34540557861328,3415751.0
2019-07-31T00:00:00,94.28008371013809,94.96611540467741,94.18207348548553,94.2474136352539,2681545.0
2019-08-01T00:00:00,93.75738316251483,94.73742549522404,93.10402160737534,94.3780746459961,2111543.0
2019-08-02T00:00:00,92.12398415927902,92.22198440994366,90.5559203316046,91.20928192138672,4547000.0
2019-08-06T00:00:00,89.21653382651947,89.44520441853464,87.84447039639868,88.13848114013672,3404746.0
2019-08-07T00:00:00,88.69383767887595,88.8245080056801,86.57041246741115,87.41978454589844,4573754.0
2019-08-08T00:00:00,88.53048745687906,88.6284876987338,87.38710477754668,88.04046630859375,3179097.0
2019-08-09T00:00:00,87.90980266209755,88.0731430572447,85.98238799326249,86.24372863769531,3088554.0
2019-08-12T00:00:00,86.66841068815765,87.45245256961411,85.65570820203861,86.2110595703125,2409309.0
2019-08-13T00:00:00,85.52502591445452,87.32177024013218,83.82629180642675,86.27639770507812,4797601.0
2019-08-14T00:00:00,86.37438954483648,86.53772992217901,83.79361357672536,83.9896240234375,4339888.0
2019-08-15T00:00:00,84.02229919228037,84.51232035404833,82.02954447385616,83.27092742919922,3887311.0
2019-08-16T00:00:00,83.4015976680538,84.34897484749219,83.27092237532813,83.9896240234375,3363942.0
2019-08-19T00:00:00,84.54498483437052,85.32902670940861,84.4796546577884,84.80633544921875,2892670.0
2019-08-20T00:00:00,84.8063313227707,85.0350018839415,83.40160299101987,83.66294860839844,2851576.0
2019-08-21T00:00:00,83.92429041731164,85.2636836096791,83.7936200991674,84.57765197753906,2777270.0
2019-08-22T00:00:00,84.51232718493743,85.32902918722904,83.82629550911112,84.2509765625,3503722.0
2019-08-23T00:00:00,84.93699699592221,85.45968820210592,83.00958251953125,83.00958251953125,4096247.0
2019-08-26T00:00:00,82.1928893258039,83.14026162944836,81.86620853354674,82.25822448730469,4064902.0
2019-08-27T00:00:00,82.51956604414515,83.2055926831647,82.12754512498762,82.7809066772461,3548983.0
2019-08-28T00:00:00,82.97691672603965,83.4669378878076,81.96420433115135,83.27092742919922,3618795.0
2019-08-29T00:00:00,83.95695894087312,85.98238372802734,83.95695894087312,85.98238372802734,5163643.0
2019-08-30T00:00:00,86.43973961367436,89.37986674359861,86.11305882146056,88.5304946899414,6573057.0
2019-09-02T00:00:00,88.59582799885061,88.8898386952516,87.28910493084105,87.55044555664062,3278547.0
2019-09-03T00:00:00,87.55044992003847,88.23648155883556,86.89708835347102,87.25643920898438,2485937.0
2019-09-04T00:00:00,88.26915304157195,88.62849393332112,87.81179196206122,88.56316375732422,3548001.0
2019-09-05T00:00:00,89.51053351174721,90.03322475243237,88.79183180961682,89.67387390136719,5586445.0
2019-09-06T00:00:00,89.77188380318493,90.26190502475147,89.18386232510801,89.6085433959961,3094649.0
2019-09-09T00:00:00,89.60853475153813,91.56861944871656,89.37986418523776,91.47061920166016,3246779.0
2019-09-10T00:00:00,91.37262679391793,92.28732907660888,91.14394623849161,91.8626480102539,3668457.0
2019-09-11T00:00:00,92.22197809519749,94.01872234406926,92.22197809519749,93.07135009765625,3501443.0
2019-09-12T00:00:00,93.69203720260121,94.57407923508296,92.54865455209071,93.3653564453125,4499005.0
2019-09-13T00:00:00,93.36536857981457,95.48879377816836,93.36536857981457,95.29279327392578,3835473.0
2019-09-16T00:00:00,94.63943144336997,95.32545314555773,93.98606984547169,94.90077209472656,3115891.0
2019-09-17T00:00:00,94.63943804583953,94.9334487915039,93.59405542846899,94.9334487915039,3379711.0
2019-09-18T00:00:00,94.8680997684651,95.45613117431594,94.57408905029297,94.57408905029297,2698693.0
2019-09-19T00:00:00,94.5414172977351,95.3907893336483,93.98606594427727,94.70475769042969,3892014.0
2019-09-20T00:00:00,94.54141815742292,95.06410941269988,93.4633755436382,93.72471618652344,5617827.0
2019-09-23T00:00:00,93.43070664516716,93.43070664516716,90.75192015914644,91.30728149414062,3740463.0
2019-09-24T00:00:00,91.27461747246821,91.40528780421654,88.39983029597602,88.66117095947266,5618122.0
2019-09-25T00:00:00,88.20380681640107,88.33447712889458,86.04771176698789,87.1584243774414,5360875.0
2019-09-26T00:00:00,87.15843783160902,88.23649050748156,87.0931076500305,87.61579895019531,2786181.0
2019-09-27T00:00:00,88.00780544541064,89.90256006537759,87.68112464571016,89.73921966552734,3897187.0
2019-09-30T00:00:00,89.80454113808752,90.98059389690378,89.41253019815267,90.32723236083984,5719698.0
2019-10-01T00:00:00,90.32724573863345,90.7845968877124,87.51778872356653,87.61579895019531,5491722.0
2019-10-02T00:00:00,87.19110560962837,87.22377568431043,85.00235017902969,85.06768035888672,4913898.0
2019-10-03T00:00:00,84.93700495025992,85.00234509571655,83.00959029336686,83.95696258544922,5168446.0
2019-10-04T00:00:00,84.38163327433855,84.6103137858863,83.33626086177594,84.12029266357422,4574602.0
2019-10-07T00:00:00,84.34897959889943,85.65570269124795,82.51956527571029,85.59036254882812,4222470.0
2019-10-08T00:00:00,85.72104437001798,86.04772518695366,84.28365076940251,84.8390121459961,3592252.0
2019-10-09T00:00:00,84.28364225456578,87.45244984651285,83.95696147063336,86.37439727783203,5050849.0
2019-10-10T00:00:00,86.43974685992389,88.39983177752077,86.24373637426271,88.13848114013672,3934318.0
2019-10-11T00:00:00,88.3998279276066,90.42524293920977,88.30181770429076,90.16390228271484,5660206.0
2019-10-14T00:00:00,90.00055819252972,90.35990905761719,88.56316470168647,90.35990905761719,4450417.0
2019-10-15T00:00:00,90.62124325984529,91.66662570767643,90.29456249108628,91.27460479736328,5084113.0
2019-10-16T00:00:00,91.14393448376086,91.53595539407401,90.26189242030921,91.27460479736328,4332361.0
2019-10-17T00:00:00,90.9805960299486,92.41798944908787,90.9805960299486,91.53595733642578,4613995.0
2019-10-18T00:00:00,88.04047246296433,94.14940719309506,86.9624298491796,93.72471618652344,16770933.0
2019-10-21T00:00:00,93.20202309496958,94.7374267578125,92.87534231304608,94.7374267578125,7929620.0
2019-10-22T00:00:00,94.73743338021252,97.08953916228266,94.50875282907818,94.77010345458984,7849432.0
2019-10-23T00:00:00,94.24739960208764,95.81546326797697,93.82271860034844,95.16210174560547,3917027.0
2019-10-24T00:00:00,95.16210736586723,96.0441494609643,94.2800752402764,95.22744750976562,3817709.0
2019-10-25T00:00:00,95.1294528740524,96.14215537766182,94.80277207430566,95.29279327392578,2982156.0
2019-10-28T00:00:00,95.39077358040123,97.15484753627483,95.39077358040123,96.63215637207031,3392660.0
2019-10-29T00:00:00,96.50150939362496,96.99153060920143,95.61947718729161,96.14215850830078,4786899.0
2019-10-30T00:00:00,95.71747219662633,96.73018464721551,95.52146172723704,95.91348266601562,3902065.0
2019-10-31T00:00:00,96.04414962786093,96.10948977187287,93.95339462306045,94.34540557861328,4151779.0
2019-11-01T00:00:00,94.41074371337892,94.73742448747365,94.08406293928418,94.4107437133789,744586.0
2019-11-04T00:00:00,95.39078467681733,99.14761352539062,95.39078467681733,99.14761352539062,8286522.0
2019-11-05T00:00:00,99.6703092944252,100.2910007907599,99.0496177980905,99.80097961425781,4751582.0
2019-11-06T00:00:00,99.63763805246442,100.78102078421402,98.4615852487636,98.88627624511719,4676787.0
2019-11-07T00:00:00,99.34363975085547,100.87903362925516,98.49426762157718,98.65760803222656,4426358.0
2019-11-08T00:00:00,98.46159431054257,98.85361527102404,97.2855413986053,98.36359405517578,3734779.0
2019-11-11T00:00:00,98.2655810169877,99.80098477049029,97.67755956260753,99.08228302001953,4607535.0
2019-11-12T00:00:00,99.04962225507914,100.6830262502519,98.7556015603426,100.454345703125,4196356.0
2019-11-13T00:00:00,99.96433356256767,100.06233382335535,97.84090817643471,98.98429107666016,3729311.0
2019-11-14T00:00:00,98.886279367273,99.04961976268012,97.41621580860892,98.23291778564453,2589544.0
2019-11-15T00:00:00,99.21295126978808,99.96431303354514,98.1675688450337,99.70297241210938,3116959.0
2019-11-18T00:00:00,99.70298556330083,100.19300677025774,97.41621993083528,97.54689025878906,3680102.0
2019-11-19T00:00:00,97.74289893199553,98.42892063347166,96.59951613685959,96.73018646240234,3598956.0
2019-11-20T00:00:00,96.37083209290797,96.59951263143948,95.48878998086522,96.04415130615234,3258589.0
2019-11-21T00:00:00,95.32544212619834,95.45612240627716,94.44341005270023,95.16210174560547,5103943.0
2019-11-22T00:00:00,95.26012630196743,97.08954083402102,94.99877567195568,96.14215850830078,3601419.0
2019-11-25T00:00:00,96.8281897200215,98.00424262542806,96.69751939042234,97.90624237060547,3100738.0
2019-11-26T00:00:00,98.00423857523487,98.26557922363281,96.9915261160561,98.26557922363281,3623236.0
2019-11-27T00:00:00,98.52693492745043,98.78827558933865,97.54689249110876,97.87357330322266,3818749.0
2019-11-28T00:00:00,97.67756260475717,97.93890326606402,96.73019024563588,97.48155212402344,2068083.0
2019-11-29T00:00:00,96.79551664042032,97.38354805962288,96.20749519072454,96.73018646240234,2997751.0
2019-12-02T00:00:00,97.02418158507828,97.87355351878135,96.24014978839283,96.33815002441406,3694162.0
2019-12-03T00:00:00,96.66484367786714,97.1548648624148,94.93343948026802,95.0641098022461,3905559.0
2019-12-04T00:00:00,94.83544028867264,96.1748336760759,94.83544028867264,95.75015258789062,4068492.0
2019-12-05T00:00:00,95.91347726811591,96.1421478282786,94.28007339764223,94.4107437133789,4795775.0
2019-12-06T00:00:00,94.4760883685915,95.16211005135301,93.92072703830155,95.0641098022461,4608344.0
2019-12-09T00:00:00,95.06410499616675,95.88080692912351,94.01872253417969,94.01872253417969,4661903.0
2019-12-10T00:00:00,93.88804994280531,93.9860601540878,92.54865681132414,93.6920394897461,5085753.0
2019-12-11T00:00:00,93.43069940545598,94.83542271640701,93.20201888064729,94.47608184814453,3608221.0
2019-12-12T00:00:00,94.50874215296737,95.78280512321085,93.52869984939908,95.42345428466797,5801977.0
2019-12-13T00:00:00,97.31820824121893,98.88628206155536,96.76285686340739,96.79551696777344,8299259.0
2019-12-16T00:00:00,97.35086882853574,97.8735600510465,96.50149683814399,97.80821990966797,3703990.0
2019-12-17T00:00:00,97.57955887847316,98.75560178203213,97.35087833083291,98.069580078125,7733702.0
2019-12-18T00:00:00,102.74110868773332,103.72115105995336,100.81369401626857,101.56505584716797,9316514.0
2019-12-19T00:00:00,101.5323794174429,102.12041078566331,100.9443580187284,101.92440032958984,4261305.0
2019-12-20T00:00:00,101.82640905910955,103.39447290686113,101.72839883768333,103.23113250732422,5487225.0
2019-12-23T00:00:00,103.10044950510736,104.11316185162171,102.70842860661612,103.94982147216797,2865190.0
2019-12-27T00:00:00,104.14583510114318,104.6685263752902,103.98249470106641,104.57052612304688,3044809.0
2019-12-30T00:00:00,104.34183494263958,104.7991860223488,102.51242065429688,102.51242065429688,3819644.0
2020-01-02T00:00:00,102.83911244715179,105.15854813447179,102.83911244715179,105.02787780761719,3251859.0
2020-01-03T00:00:00,104.21117637888933,104.21117637888933,102.08775115486807,102.70844268798828,4346445.0
2020-01-07T00:00:00,102.6104497674128,104.37452423953151,102.54510961420158,103.59049224853516,4889908.0
2020-01-08T00:00:00,102.70844035447126,104.30917426230982,101.82640818623697,104.21117401123047,4038628.0
2020-01-09T00:00:00,105.19122225525483,105.41990281317786,102.18575477444463,102.44710540771484,6003067.0
2020-01-10T00:00:00,102.8391014863627,102.87177155697104,101.66305870050931,101.95706939697266,2780611.0
2020-01-13T00:00:00,102.0877423936456,102.5450934856679,101.1077000666666,101.79373168945312,3251236.0
2020-01-14T00:00:00,101.79373987462036,102.44710147847606,100.38900644462645,102.25109100341797,3897243.0
2020-01-15T00:00:00,102.12042044687738,102.28376084747396,101.20570822183247,101.85906982421875,2951410.0
2020-01-16T00:00:00,101.79373385982743,102.9044465268509,101.5323832520237,102.67576599121094,5299236.0
2020-01-17T00:00:00,103.29647276709478,104.96253686857469,103.29647276709478,104.17850494384766,5008844.0
2020-01-20T00:00:00,104.01516242716745,105.28921552510711,103.62315145753573,104.7991943359375,2185922.0
2020-01-21T00:00:00,104.53785715561611,105.61589981973063,103.23113394117091,105.4852294921875,3732440.0
2020-01-22T00:00:00,105.9752315060983,106.75926329888038,103.13311501107515,103.29645538330078,4466640.0
2020-01-23T00:00:00,102.90444406832754,103.10045452712079,100.8463591747634,101.4017105102539,3916180.0
2020-01-24T00:00:00,102.34908924212817,103.72115257102791,102.28375906473234,102.3164291381836,3581901.0
2020-01-27T00:00:00,99.735640511816,100.0623212995645,97.74289568215528,97.93889617919922,7149736.0
2020-01-28T00:00:00,98.29823948558388,100.16032382045516,97.28552712748731,99.76830291748047,5921211.0
2020-01-29T00:00:00,100.4870008872898,100.87901180634104,99.53962870436763,99.96430969238281,4707796.0
2020-01-30T00:00:00,105.19120827456511,108.85003689800455,103.65580466287933,107.08595275878906,17396853.0
2020-01-31T00:00:00,108.49070023672223,110.67945570707117,107.0859667559389,108.00067901611328,7869935.0
2020-02-03T00:00:00,108.06601194878787,109.24206490209605,107.05330937601592,108.78471374511719,5970358.0
2020-02-04T00:00:00,109.50341686447659,111.9861831665039,109.30740637497243,111.9861831665039,6664616.0
2020-02-05T00:00:00,112.24751076141139,113.7502442463793,111.59414924355627,112.86820220947266,4986121.0
2020-02-06T00:00:00,113.84827009462599,114.40363149752486,110.90814260294268,111.36549377441406,4258061.0
2020-02-07T00:00:00,111.33282369727158,111.85551502302795,110.74480218673804,111.36549377441406,4192985.0
2020-02-10T00:00:00,111.23480527039828,113.16221987295916,110.67944395819146,112.9662094116211,4242261.0
2020-02-11T00:00:00,113.97892546047615,114.37094639567128,112.34552151300728,113.09689331054688,5024327.0
2020-02-12T00:00:00,113.19490051269533,114.30561327129942,112.90088977799235,113.19490051269531,3968956.0
2020-02-13T00:00:00,112.96620908016686,113.29288985826973,111.10413462668426,112.90087890625,3723100.0
2020-02-14T00:00:00,113.03155048304386,113.97892275619702,112.9335502363235,113.2602310180664,2937169.0
2020-02-17T00:00:00,113.26023235310043,113.9789240997025,112.96621167046109,113.29289245605469,2521492.0
2020-02-18T00:00:00,112.80286642018113,113.39089779063181,111.65948371983957,112.5741958618164,3113163.0
2020-02-19T00:00:00,112.96620653852277,113.16221699487565,111.7574936684409,112.18217468261719,3385414.0
2020-02-20T00:00:00,112.21484130155316,113.58690448430892,111.92083061082141,113.32555389404297,3437501.0
2020-02-21T00:00:00,112.60687648126503,113.19489793729237,110.87546224828341,111.52882385253906,4873967.0
2020-02-24T00:00:00,108.29468490530051,108.62136570441153,105.77923876434299,106.00791931152344,7381732.0
2020-02-25T00:00:00,106.46527779702186,107.18397959255738,103.52515040175241,103.72116088867188,6475680.0
2020-02-26T00:00:00,103.1984696268934,105.02788422312618,100.6503632043064,104.66853332519531,8094628.0
2020-02-27T00:00:00,102.77377674560506,102.90444706543768,98.16757569258421,99.80097961425781,9024971.0
2020-02-28T00:00:00,96.04416188795516,98.39626779954483,95.4888005014803,97.22021484375,10517582.0
2020-03-02T00:00:00,100.32367235381231,100.3890025299462,94.8354291137349,97.4488754272461,8455266.0
2020-03-03T00:00:00,99.18028359623592,101.4343789114787,98.5595921281989,99.14761352539062,6770565.0
2020-03-04T00:00:00,99.27829658665276,99.67031754812021,97.12220123759614,97.48155212402344,7024221.0
2020-03-05T00:00:00,98.52693783064232,99.01695906325212,93.85539609805788,94.9334487915039,7300054.0
2020-03-06T00:00:00,92.25465448333411,93.36536719206237,90.58858043548835,91.20928192138672,8522109.0
2020-03-09T00:00:00,85.98239181267738,88.07314696953281,83.36894038947786,85.49237060546875,13007530.0
2020-03-10T00:00:00,86.30906762629687,89.6738757334091,84.87166419266988,85.32902526855469,9422554.0
2020-03-11T00:00:00,86.40707310562428,87.41978559717194,84.12030746577788,84.6103286743164,6847334.0
2020-03-12T00:00:00,79.25276130878946,80.75548994550752,75.69193772217378,76.96599578857422,14936506.0
2020-03-13T00:00:00,78.92608282369054,83.8262947957387,76.5739770893047,77.29267883300781,13838976.0
2020-03-16T00:00:00,73.47050841122835,75.00591212737297,69.2889982452486,73.4378433227539,13594937.0
2020-03-17T00:00:00,73.43784682498487,75.78994765170785,67.55759226580064,70.23637390136719,13794285.0
2020-03-18T00:00:00,67.49225479223976,68.50496227416048,62.565907765226456,63.67662048339844,14808292.0
2020-03-19T00:00:00,64.23850372091626,67.19823057550175,63.49367199531539,67.16556549072266,13490635.0
2020-03-20T00:00:00,69.58301332365969,70.8897365785641,66.2835351111246,66.47954559326172,12156572.0
2020-03-23T00:00:00,62.57897871926631,67.29625068107302,62.069357424290644,65.16629028320312,10411009.0
2020-03-24T00:00:00,68.60297208317678,71.51042938232422,67.03490315289629,71.51042938232422,9972389.0
2020-03-25T00:00:00,75.03857476247389,75.65927124023438,69.68101192200614,75.65927124023438,10536445.0
2020-03-26T00:00:00,73.63384775702941,76.96599578857422,72.45779990891353,76.96599578857422,8318936.0
2020-03-27T00:00:00,75.98595130014102,75.98595130014102,73.40517015142461,74.09120178222656,8242834.0
2020-03-30T00:00:00,74.6465584052788,74.87523395486514,72.26178770872846,74.31987762451172,7290271.0
2020-03-31T00:00:00,75.43059700805885,78.07671356201172,74.74457029815692,78.07671356201172,9764647.0
2020-04-01T00:00:00,75.78993954287859,76.05128515894256,73.24182850957257,73.73184967041016,7669453.0
2020-04-02T00:00:00,74.35254296398314,75.72460115892338,73.04581992408714,75.1039047241211,8284853.0
2020-04-03T00:00:00,75.00590809817238,75.07124325636487,73.17649376026455,73.24182891845703,3922249.0
2020-04-06T00:00:00,75.78994700534284,79.87345708106174,75.43059612477818,79.05675506591797,7492310.0
2020-04-07T00:00:00,81.34351627928739,83.95696258544922,80.5268143086118,83.95696258544922,11647423.0
2020-04-08T00:00:00,82.9769272222911,83.23827287191047,81.08217749349278,82.38890075683594,9545960.0
2020-04-09T00:00:00,82.0295487796314,84.51232479014581,81.96420863349684,82.97692108154297,4607067.0
2020-04-14T00:00:00,84.93700876855138,85.23101949731037,81.60486557535121,82.09488677978516,6511973.0
2020-04-15T00:00:00,82.09488214350333,82.09488214350333,76.60664396683886,76.83531951904297,9448244.0
2020-04-16T00:00:00,77.75002318862926,79.25275672315101,77.22733196320789,77.97869873046875,5774078.0
2020-04-17T00:00:00,81.01685255956065,82.5522515909563,79.77546430564878,81.2781982421875,8724536.0
2020-04-20T00:00:00,82.19288677375678,82.19288677375678,79.64477567631779,81.70286560058594,4662611.0
2020-04-21T00:00:00,80.78816812810238,81.04951378216968,78.82808319972831,78.86074829101562,5013916.0
2020-04-22T00:00:00,79.710115484526,82.78091302158587,79.2854294460594,82.58490753173828,6476311.0
2020-04-23T00:00:00,83.07492915507713,84.05496657879547,75.7899462551527,78.20738220214844,16240664.0
2020-04-24T00:00:00,76.80265058227275,77.45601211854132,75.43058736830638,75.92060852050781,9274655.0
2020-04-27T00:00:00,76.99866312383288,77.78270003021262,76.44330676395144,77.29267883300781,4970143.0
2020-04-28T00:00:00,77.45601406514693,80.75548691537306,77.22733353390345,80.3961410522461,6972423.0
2020-04-29T00:00:00,80.59215258918432,85.00234838631239,80.13480146180241,84.2509765625,7686280.0
2020-04-30T00:00:00,84.34898179712063,85.39435431653932,82.19288664465431,82.42156219482422,5538537.0
2020-05-04T00:00:00,79.38343163006914,79.84078274020939,78.24004886996526,78.63206481933594,7296347.0
2020-05-05T00:00:00,80.6901523474491,81.83353507302024,79.84078032883788,80.8534927368164,6619512.0
2020-05-06T00:00:00,80.88616520892006,81.04950560313456,79.3834315882454,80.46147918701172,5213615.0
2020-05-07T00:00:00,80.46148532327237,80.7554960613794,79.12209199466561,79.87345886230469,4112513.0
2020-05-08T00:00:00,81.0495135982014,83.1075987805197,80.7881679447273,82.74825286865234,4882285.0
2020-05-11T00:00:00,83.10759520529044,83.49961616101398,80.49414875248567,81.1148452758789,4321553.0
2020-05-12T00:00:00,80.6901609672765,81.73553857395041,80.46148539468433,80.82083129882812,5547542.0
2020-05-13T00:00:00,79.57944879015344,79.6121138809089,76.90066211052265,77.55402374267578,7347166.0
2020-05-14T00:00:00,77.09667627163647,77.39068702622843,74.28721912546341,76.41064453125,7454726.0
2020-05-15T00:00:00,77.29267210495027,78.99141111044032,76.99865642136838,77.97869873046875,6667207.0
2020-05-18T00:00:00,79.4487641556815,82.3888911555733,79.41609906875676,82.29088592529297,5080878.0
2020-05-19T00:00:00,82.9769203631951,83.46694154644231,81.37618649182217,83.23826599121094,6836708.0
2020-05-20T00:00:00,82.65023465713178,84.28363850411067,81.80086266280158,83.07492065429688,3242071.0
2020-05-22T00:00:00,81.89887434214705,82.94425188961246,81.14750751639731,81.99687957763672,5312654.0
2020-05-25T00:00:00,83.20559493212181,85.81904619654748,82.81357898712159,84.93700408935547,5093146.0
2020-05-26T00:00:00,86.14572185635954,88.31814695318992,85.94971140314426,88.04046630859375,6281485.0
2020-05-27T00:00:00,88.26915385084706,89.73921741259281,87.71379251749605,89.41253662109375,6213654.0
2020-05-28T00:00:00,90.16390545698847,90.62125660670941,88.75918193223688,89.51054382324219,6765741.0
2020-05-29T00:00:00,88.53049602114909,89.18385761540111,86.50507109116512,87.06043243408203,8290693.0
2020-06-01T00:00:00,88.13848014890257,90.75192667630675,87.77913922699037,90.39258575439453,5766065.0
2020-06-02T00:00:00,90.9152566435778,93.3653624816495,90.9152566435778,92.94068145751953,7692465.0
2020-06-03T00:00:00,94.67208635957235,96.17481994628906,94.31274547602582,96.17481994628906,7747385.0
2020-06-04T00:00:00,95.91348914175478,97.28554258110282,94.57409580825455,96.50151062011719,7325364.0
2020-06-05T00:00:00,97.3508636873532,100.42166074936193,97.3508636873532,99.96430969238281,9367146.0
2020-06-08T00:00:00,99.63763628532175,100.87901924140202,98.82093434855682,99.57229614257812,6475203.0
2020-06-09T00:00:00,100.29100828668804,100.87902975463777,95.97881762336637,97.90624237060547,9524063.0
2020-06-10T00:00:00,98.2655809131155,99.3763036116702,95.2601235268394,95.35812377929688,6513151.0
2020-06-11T00:00:00,92.38532464137211,92.38532464137211,88.95517630117997,88.98784637451172,10750688.0
2020-06-12T00:00:00,87.55045310683104,90.8826012054161,87.41978278266248,89.37986755371094,6840737.0
2020-06-15T00:00:00,87.28910860876746,89.70654439254264,86.0477156601488,89.18385314941406,7446320.0
2020-06-16T00:00:00,94.41075648002479,95.75014982883319,92.7446823129464,94.96611785888672,10173124.0
2020-06-17T00:00:00,95.65213918689587,97.48155375517683,95.19478803720247,96.40351104736328,9677790.0
2020-06-18T00:00:00,95.16212063226813,96.73019457887604,94.47609887322902,96.24017333984375,6713392.0
2020-06-22T00:00:00,94.41075254036348,97.54689025878906,93.59405052876863,97.54689025878906,6491896.0
2020-06-23T00:00:00,98.00423675666983,99.34362998624562,96.86085399450867,97.4488754272461,4847201.0
2020-06-24T00:00:00,96.99152233263534,97.71022404195482,93.82272472401442,93.85538482666016,5171665.0
2020-06-25T00:00:00,93.49604394150673,94.90076731848731,92.90801255128908,93.85538482666016,4711825.0
2020-06-26T00:00:00,95.12944742873142,97.12219221751401,94.1820651880897,94.34540557861328,4336496.0
2020-06-29T00:00:00,94.34541591948195,96.73019186421676,94.34541591948195,96.40351104736328,3895783.0
2020-06-30T00:00:00,96.95885873349934,97.22020935865717,94.18207189680437,95.32545471191406,4082367.0
2020-07-01T00:00:00,95.16211607714784,97.51422189971777,94.57409460625894,96.14215850830078,5163182.0
2020-07-02T00:00:00,96.73019360962778,97.77556626071733,95.78282121755966,97.22021484375,4371758.0
2020-07-03T00:00:00,98.00424682444404,99.40897037445806,97.05687443237592,97.22021484375,2986396.0
2020-07-06T00:00:00,98.98427790059768,100.51968157860752,98.65759711544719,100.19300079345703,4755643.0
2020-07-07T00:00:00,99.63763632012666,102.4144229060974,99.53963607548306,101.4017105102539,7827146.0
2020-07-08T00:00:00,100.6176905002046,101.49973268395085,99.63764806026754,100.16033935546875,5000892.0
2020-07-09T00:00:00,100.61768871448744,100.97703959665489,98.95161460226173,99.34363555908203,3389705.0
2020-07-10T00:00:00,98.65760562033049,100.25833961165957,98.03691406893846,100.16033935546875,3694986.0
2020-07-13T00:00:00,101.17304746096193,103.2964726549417,101.10770731334445,103.23113250732422,5057656.0
2020-07-14T00:00:00,102.54509960036837,103.59048213261724,101.79373775935034,102.87178039550781,5357477.0
2020-07-15T00:00:00,103.75382621151029,105.7792412315352,103.59048580814503,105.45256042480469,4429346.0
2020-07-16T00:00:00,104.53786294291339,105.09322432760061,102.90445883443037,103.72116088867188,6522083.0
2020-07-17T00:00:00,107.2166415665103,109.43806699837613,104.0805039213122,104.60319519042969,8011954.0
2020-07-20T00:00:00,104.60319394494701,105.32188570810787,103.78649196214607,104.24384307861328,5459901.0
2020-07-21T00:00:00,104.76652824152255,104.92986862857231,101.95707159036536,102.83910369873047,4650838.0
2020-07-22T00:00:00,102.5777702611645,104.83186576663269,102.12041913925174,104.60319519042969,4390386.0
2020-07-23T00:00:00,105.22388647357951,105.6485675209323,103.78649296387768,104.21117401123047,3114205.0
2020-07-24T00:00:00,102.57776039877078,103.16578178905058,101.10769695356547,103.00244140625,2952002.0
2020-07-27T00:00:00,102.9697963070467,104.27651955982898,102.15309427405778,103.8844985961914,2630681.0
2020-07-28T00:00:00,103.88448495131273,103.88448495131273,101.49971931601893,101.92440032958984,3982928.0
2020-07-29T00:00:00,101.27104794011166,103.68848386478071,101.27104794011166,103.62315368652344,4527251.0
2020-07-30T00:00:00,103.6231547150675,104.30917642586567,100.06232598622367,100.8136978149414,4308504.0
2020-07-31T00:00:00,100.8136977081533,101.59772964073994,98.55960216340162,98.5922622680664,4064232.0
2020-08-03T00:00:00,98.59225833802769,101.89173630771059,98.26557754834634,101.49972534179688,3083636.0
2020-08-04T00:00:00,102.25108807433976,102.44709854378296,101.17304544666216,102.02240753173828,3777605.0
2020-08-05T00:00:00,103.10045682133928,104.14582934232183,102.64310572031528,103.55780792236328,2804515.0
2020-08-06T00:00:00,103.55779862590131,104.57051095336799,102.9371071895525,103.68846893310547,2832194.0
2020-08-07T00:00:00,103.16579235970673,103.94983425308932,102.28376018391153,103.23113250732422,3272936.0
2020-08-10T00:00:00,103.98248811338999,104.79919006203272,103.5904771597452,104.53784942626953,2452593.0
2020-08-11T00:00:00,105.2565597751726,107.70666582236464,104.73386849120357,107.28197479248047,5120789.0
2020-08-12T00:00:00,107.02062325724506,107.57597458978958,105.90991062265003,106.98795318603516,3902390.0
2020-08-13T00:00:00,106.43260552604703,107.57598837840575,106.07326460519725,106.56328582763672,2831823.0
2020-08-14T00:00:00,106.04058343089686,106.17125374930245,103.91715835591081,104.0478286743164,3930777.0
2020-08-17T00:00:00,104.14583630128432,106.43260192871094,104.14583630128432,106.43260192871094,3537155.0
2020-08-18T00:00:00,105.74657754311843,107.11863090318866,105.06054587832996,106.59593963623047,4882637.0
2020-08-19T00:00:00,106.49793386748344,107.80465698242189,106.36726354989082,107.80465698242188,2297621.0
2020-08-20T00:00:00,106.49794197728392,106.66128237908957,105.12587861431368,105.4852294921875,3077322.0
2020-08-21T00:00:00,106.13857076982292,106.75926218389691,103.72113528003185,104.76651763916016,3634067.0
2020-08-24T00:00:00,105.84457858322907,107.67399304647019,105.84457858322907,107.4453125,3237635.0
2020-08-25T00:00:00,107.57598270821826,108.4253547762455,106.49794006347656,106.49794006347656,3050655.0
2020-08-26T00:00:00,106.20392316052352,107.80465698242189,105.84457231001421,107.80465698242188,2796721.0
2020-08-27T00:00:00,107.80465856880751,109.43806248651671,107.34730746575019,108.22933959960938,4288008.0
2020-08-28T00:00:00,108.65404064359188,108.98072145733119,107.02063657489539,108.00067901611328,3852367.0
2020-08-31T00:00:00,108.45803016144686,110.05876415486796,108.00067901611328,108.00067901611328,4091848.0
2020-09-01T00:00:00,108.55602578416082,109.307397605394,106.56328088101522,107.90266418457031,2968433.0
2020-09-02T00:00:00,108.45801730077541,110.02608103298418,108.45801730077541,109.27471923828125,3366240.0
2020-09-03T00:00:00,110.74478628583945,112.93355153651848,109.27472275107168,109.96075439453125,5618938.0
2020-09-04T00:00:00,109.83009285431598,112.77022015889247,109.50341204269637,111.82283782958984,5305202.0
2020-09-07T00:00:00,111.72483656740343,112.86821939777158,111.3981557587268,111.85550689697266,4176242.0
2020-09-08T00:00:00,111.88816987071236,112.57420151929539,109.66674450049788,110.81012725830078,4495419.0
2020-09-09T00:00:00,110.5487708288531,112.18217468261719,109.27471781681828,112.18217468261719,4227293.0
2020-09-10T00:00:00,112.18216796995766,113.32555059917578,111.85548721875247,113.03153991699219,4177117.0
2020-09-11T00:00:00,112.96620573157072,113.75024755138159,112.37818433621844,113.16221618652344,3822515.0
2020-09-14T00:00:00,114.07694019657811,114.63229157900604,112.37819603613607,112.4761962890625,2855831.0
2020-09-15T00:00:00,112.47618747787416,112.73753808104907,111.00612398209856,111.56148529052734,3821107.0
2020-09-16T00:00:00,111.65950032932217,112.47620237962298,111.26748932688226,112.05152130126953,3476564.0
2020-09-17T00:00:00,111.03880433071897,111.65949587025911,110.0587619094955,111.39815521240234,3147513.0
2020-09-18T00:00:00,111.23480184454667,113.48889715674643,111.00612131844422,111.72482299804688,6720474.0
2020-09-21T00:00:00,110.81012516728889,110.87545534194095,107.18396649563911,107.77198791503906,5585644.0
2020-09-22T00:00:00,108.52335644676123,110.12409023566828,108.52335644676123,109.30738830566406,4202095.0
2020-09-23T00:00:00,110.32011176698069,111.8555055678117,109.63408008301037,110.54878234863281,3264399.0
2020-09-24T00:00:00,109.11139117557408,110.09143361128284,107.87000807814589,109.04605102539062,4325262.0
2020-09-25T00:00:00,109.14405529952536,109.69940666777515,107.31464085871742,108.91537475585938,3022624.0
2020-09-28T00:00:00,112.50886316757257,115.12230951278683,112.21485244763728,114.95896911621094,6467101.0
2020-09-29T00:00:00,114.27292672231016,115.31830914999911,113.45622481614869,113.78290557861328,3520635.0
2020-09-30T00:00:00,113.16222449308108,114.04426662036079,112.44353273150745,113.06422424316406,3830442.0
2020-10-01T00:00:00,113.68489702019774,114.46892879884983,112.5088443674671,114.20758819580078,3098831.0
2020-10-02T00:00:00,113.16221886708269,113.48889964324026,111.398144669733,112.9988784790039,3303102.0
2020-10-05T00:00:00,114.46895028685695,117.86642861179088,114.46895028685695,117.50708770751953,4757927.0
2020-10-06T00:00:00,117.70308821184688,120.0225238849531,117.08239668596103,117.50708770751953,5010473.0
2020-10-07T00:00:00,117.47442651060027,118.91182014482298,117.47442651060027,118.8138198852539,3846389.0
2020-10-08T00:00:00,120.08786526813357,120.51254632455415,118.78114205513867,119.3691635131836,3807129.0
2020-10-09T00:00:00,119.23847710019628,120.05517899814282,117.73574361407351,117.96442413330078,3131315.0
2020-10-12T00:00:00,118.0297721151009,119.89185671122522,117.70309130662345,119.6305160522461,3392430.0
2020-10-13T00:00:00,120.21853218722501,120.21853218722501,117.83376637892239,118.12777709960938,3889119.0
2020-10-14T00:00:00,118.6177879432241,119.27114947420357,117.86641620089424,118.29110717773438,3245916.0
2020-10-15T00:00:00,118.12777462982828,118.22577487817277,114.79562661302556,115.57965850830078,4693648.0
2020-10-16T00:00:00,119.49983283291188,120.21853458180148,115.64500337488512,119.4018325805664,12060147.0
2020-10-19T00:00:00,120.8065520034281,123.19132774915576,119.76117945843666,121.03523254394531,5854888.0
2020-10-20T00:00:00,122.14594363604286,122.30928402870124,120.51253970945895,120.61054992675781,4668824.0
2020-10-21T00:00:00,121.36189387013859,121.39456393775966,117.34372479036934,117.57239532470703,4458638.0
2020-10-22T00:00:00,117.6051037128155,119.0098273526931,116.78840160369873,118.91182708740234,3937597.0
2020-10-23T00:00:00,118.25845032916814,120.2512052153566,118.02976977995539,119.85918426513672,2875963.0
2020-10-26T00:00:00,118.22577454079152,118.94447625828828,115.35098760981737,115.51432800292969,3587322.0
2020-10-27T00:00:00,115.64498656532558,116.06966755643563,113.03154054125044,113.4888916015625,4547319.0
2020-10-28T00:00:00,110.77746730332711,110.81013737900666,108.19669083676129,110.25477600097656,6163447.0
2020-10-29T00:00:00,110.0587546177202,113.55424300963183,109.89541422500483,111.79016876220703,5349595.0
2020-10-30T00:00:00,111.92083424697273,114.37094003184733,111.3654729479321,113.12954711914062,3395099.0
2020-11-02T00:00:00,114.1422527653829,118.12776192795113,113.4888912613229,117.24571990966797,5348060.0
2020-11-03T00:00:00,118.87913268652886,120.87188741895888,117.50707940563896,117.6050796508789,5095601.0
2020-11-04T00:00:00,116.29836290717066,121.10057457681437,115.18765019914959,120.02252197265625,6060115.0
2020-11-05T00:00:00,121.19857763718915,123.77935398111471,120.67588635967725,123.58334350585938,5225349.0
2020-11-06T00:00:00,123.94269091697217,125.47809463245301,122.66863781769372,124.17137145996094,5421091.0
2020-11-09T00:00:00,126.68680715135213,130.99899759360767,125.73943484844182,129.26759338378906,9465516.0
2020-11-10T00:00:00,128.7122400698328,130.05163339441015,126.26213397713293,126.55614471435547,6199468.0
2020-11-11T00:00:00,126.6541454765419,127.5688476950031,125.47809264601574,125.73943328857422,4850698.0
2020-11-12T00:00:00,124.5960548687708,127.50351198886467,123.81202294429143,125.44542694091797,4085854.0
2020-11-13T00:00:00,124.62873377259245,127.11151001727168,124.40005320905992,126.75215911865234,4527733.0
2020-11-16T00:00:00,127.60151660609986,130.54164367089706,127.2748358211224,129.9862823486328,4989990.0
2020-11-17T00:00:00,129.82294344948585,130.73765563964844,128.74490083446213,130.73765563964844,3546712.0
2020-11-18T00:00:00,129.9536065184152,131.97903128333812,129.5615955755148,130.802978515625,4319897.0
2020-11-19T00:00:00,129.496257759011,131.12966164085904,129.20224705417957,130.57431030273438,3701637.0
2020-11-20T00:00:00,130.11694749820927,131.65235111439293,129.88827693951563,131.2603302001953,3180645.0
2020-11-23T00:00:00,131.32567014927145,132.30571246381825,130.2149575200196,130.31295776367188,3138095.0
2020-11-24T00:00:00,130.80298997463177,132.95908524273972,130.7376597965114,132.8284149169922,3246441.0
2020-11-25T00:00:00,135.1151925209293,135.83388436117696,130.80300160141257,131.1950225830078,4420572.0
2020-11-26T00:00:00,131.32568248295655,131.97904408734937,129.8556188730727,130.41098022460938,2681706.0
2020-11-27T00:00:00,129.33292624872118,131.32568111526714,129.03891552370777,130.6069793701172,3214629.0
2020-11-30T00:00:00,129.95361787920095,130.63964955113326,127.27484130859375,127.27484130859375,13082047.0
2020-12-01T00:00:00,130.99900121839588,131.32568201943926,128.8429059376082,129.62693786621094,4829641.0
2020-12-02T00:00:00,129.3655799005301,129.3655799005301,127.20948490828681,127.3074951171875,5213392.0
2020-12-03T00:00:00,129.30025661337635,129.30025661337635,126.5561398881016,127.34017181396484,3917399.0
2020-12-04T00:00:00,127.3401691249826,127.92820053409297,126.68680753897549,127.50350952148438,2502821.0
2020-12-07T00:00:00,127.43817025027855,127.7975210908396,125.96810678666998,126.19677734375,3652252.0
2020-12-08T00:00:00,125.77210541443554,127.04615851434278,124.7920630345828,126.94815826416016,4664532.0
2020-12-09T00:00:00,127.50351899408666,127.66685940272346,126.26213587624989,126.81749725341797,3990095.0
2020-12-10T00:00:00,127.30749871506511,127.34015881611614,124.6940525826091,125.28207397460938,3692741.0
2020-12-11T00:00:00,124.69405917600952,126.29479302287905,123.7466769272952,125.31475067138672,4692531.0
2020-12-14T00:00:00,126.26211755528017,127.17681972311762,125.2820752456661,125.64142608642578,3662665.0
2020-12-15T00:00:00,125.6414379703225,128.6795654296875,124.92273622082416,128.6795654296875,5479091.0
2020-12-16T00:00:00,128.90824936343918,129.59428105697575,126.94816450733875,128.41822814941406,5297418.0
2020-12-17T00:00:00,129.16959940628558,129.43095005445502,127.862876073962,128.28756713867188,3600008.0
2020-12-18T00:00:00,128.28756078996088,129.8556247233455,127.9608799730468,129.5942840576172,7401977.0
2020-12-21T00:00:00,127.34016098208593,127.99352252631317,125.57608680657358,126.49079895019531,3637907.0
2020-12-22T00:00:00,126.62148999208569,127.83020306505934,126.5234797627045,127.11151123046875,1588574.0
2020-12-23T00:00:00,127.40551635248626,127.56885675806637,126.55614424956825,127.0461654663086,1353578.0
2020-12-28T00:00:00,127.73220655192297,128.12422754193153,126.81750420124689,127.86287689208984,1834874.0
2020-12-29T00:00:00,128.058884187651,129.16959700558112,127.86287369754388,128.5162353515625,2034488.0
2020-12-30T00:00:00,128.51622754284634,128.61423776669858,126.6214828491211,126.6214828491211,2886433.0
2021-01-04T00:00:00,127.37284898796605,130.86833772956737,127.14417839699209,129.10426330566406,3238421.0
2021-01-05T00:00:00,128.5488850967579,131.1296612280521,128.38554470908733,131.0643310546875,2562518.0
2021-01-07T00:00:00,133.93911040606702,138.18596024821062,133.3510890311109,137.66326904296875,8105176.0
2021-01-08T00:00:00,139.03534955961499,139.03534955961499,137.33660542298307,137.9246368408203,4884731.0
2021-01-11T00:00:00,138.251303745657,138.77398499408963,136.42188946762545,137.4019317626953,3347564.0
2021-01-12T00:00:00,137.46728472883115,141.3874545591534,137.46728472883115,141.12611389160156,4476559.0
2021-01-13T00:00:00,141.19144956999307,142.75951346463935,140.47274780273438,140.47274780273438,3196521.0
2021-01-14T00:00:00,140.4727379147545,141.45278027229932,139.68870602261995,140.14605712890625,3216778.0
2021-01-15T00:00:00,139.68870112928,140.60340330981026,136.94458461818311,137.5979461669922,3035845.0
2021-01-18T00:00:00,137.92463461257304,139.81937922169996,137.92463461257304,139.10067749023438,1892560.0
2021-01-19T00:00:00,139.81938261144302,140.0807232640355,138.57799955736846,138.83934020996094,2697050.0
2021-01-20T00:00:00,140.14606075023175,142.36748616359827,140.08072060357117,141.7794647216797,3702319.0
2021-01-21T00:00:00,142.62882742049572,143.54352959667514,140.99542355624246,141.91012573242188,3043058.0
2021-01-22T00:00:00,141.71412121540814,142.3674827884981,140.73407885577322,142.04080200195312,2409720.0
2021-01-25T00:00:00,143.282189415855,144.26223173748258,138.839328897242,139.03533935546875,4092962.0
2021-01-26T00:00:00,139.03534979161603,140.93009443451524,138.51265852027964,139.8193817138672,3002637.0
2021-01-27T00:00:00,139.49268279393857,139.55802293293232,133.93910994265764,135.76852416992188,6316044.0
2021-01-28T00:00:00,134.59248714309803,136.87925270135455,131.52168967305488,136.22589111328125,4601086.0
2021-01-29T00:00:00,134.13513099449116,137.00991788638956,133.48176943092278,135.11517333984375,3818725.0
2021-02-01T00:00:00,136.2258804066369,137.46726333860727,135.637859011389,136.87924194335938,2910194.0
2021-02-02T00:00:00,138.0552956362869,139.5580291748047,137.46726426755947,139.5580291748047,4600021.0
2021-02-03T00:00:00,143.73954665492957,143.73954665492957,137.98996279483111,139.166015625,12076720.0
2021-02-04T00:00:00,141.38742536496073,142.1714671447393,139.0353299341411,140.6033935546875,8259325.0
2021-02-05T00:00:00,140.79942478880483,140.86476493660237,136.48723424134496,136.94459533691406,6903286.0
2021-02-08T00:00:00,138.05529844194305,138.9046704565847,137.8592879817171,138.5126495361328,3611298.0
2021-02-09T00:00:00,138.51264479120258,139.62335740175916,137.79394311816287,139.2966766357422,4871549.0
2021-02-10T00:00:00,139.95004153451876,139.95004153451876,137.59794594431617,139.03533935546875,5643107.0
2021-02-11T00:00:00,139.23134840423586,140.21139071594234,138.51264672118208,139.5580291748047,3122780.0
2021-02-12T00:00:00,139.2966937232642,139.2966937232642,137.33660888671875,137.33660888671875,5071506.0
2021-02-15T00:00:00,138.25131032295272,139.0353422024077,137.9246295423876,137.98995971679688,3144644.0
2021-02-16T00:00:00,137.98998430645383,138.5780157979613,136.879271448506,137.85931396484375,3536182.0
2021-02-17T00:00:00,137.85930116330817,140.01539649293906,137.5979605043559,138.5780029296875,4731450.0
2021-02-18T00:00:00,138.5126711890811,139.16603284563337,136.6832565568332,137.20594787597656,4825776.0
2021-02-19T00:00:00,137.66327510486244,141.45277404785156,137.2712641607983,141.45277404785156,5965841.0
2021-02-22T00:00:00,140.99544355782564,141.77947552998862,140.146071434021,141.12611389160156,3737072.0
2021-02-23T00:00:00,141.5834554616552,141.77946593380605,138.38198763804937,139.36203002929688,4662564.0
2021-02-24T00:00:00,139.36202629856896,144.98092987626563,139.36202629856896,144.71958923339844,8776323.0
2021-02-25T00:00:00,145.1116194489411,145.895651397198,142.30216249563898,142.36749267578125,4421489.0
2021-02-26T00:00:00,140.7994065720866,143.08617187604162,139.81936429896305,141.3220977783203,4908301.0
2021-03-01T00:00:00,142.49817648467953,144.0009002685547,142.30216600041098,144.0009002685547,3589207.0
2021-03-02T00:00:00,143.87020794212413,146.2223134547661,143.3475167204808,144.85025024414062,3978975.0
2021-03-03T00:00:00,145.69964077143155,148.11707676342382,145.69964077143155,147.9210662841797,5430337.0
2021-03-04T00:00:00,146.94100550816685,147.92104781249745,146.61432474005665,147.07168579101562,4731237.0
2021-03-05T00:00:00,146.35299145670936,148.37841630842172,145.83030020760555,146.67967224121094,3831499.0
2021-03-08T00:00:00,147.65971512475878,151.12253344680704,146.61433262279863,150.7958526611328,5472389.0
2021-03-09T00:00:00,150.92652828055225,153.8013153076172,150.79585795559598,153.8013153076172,4690779.0
2021-03-10T00:00:00,153.8013242210453,155.63073878497553,152.88662192383384,155.10804748535156,5200426.0
2021-03-11T00:00:00,155.50004860350447,155.50004860350447,152.69059194996012,154.4546661376953,5804710.0
2021-03-12T00:00:00,154.19332802220393,155.17337036132812,153.14794553933567,155.17337036132812,4599421.0
2021-03-15T00:00:00,154.97735475289397,157.32946027648242,153.60530150538895,154.06265258789062,4834242.0
2021-03-16T00:00:00,154.84670682029324,156.21877023561777,154.781366669275,155.10804748535156,4444078.0
2021-03-17T00:00:00,155.10806022411865,155.76142190993127,153.93201716526238,154.71604919433594,4879189.0
2021-03-18T00:00:00,155.8267556217423,156.41477712685145,154.781372979873,156.02276611328125,5206128.0
2021-03-19T00:00:00,154.8467066913271,155.82674913874058,152.23326016489122,153.2133026123047,7994832.0
2021-03-22T00:00:00,152.55991258874866,153.801295469977,151.84121093992883,153.14793395996094,3436673.0
2021-03-23T00:00:00,142.4328328254306,143.73955606236117,141.19144973814943,142.36749267578125,14403167.0
2021-03-24T00:00:00,141.779466760142,147.2677001953125,141.191445309769,147.2677001953125,8103925.0
2021-03-25T00:00:00,147.00636493026755,147.52905622169882,144.9156097340496,146.94102478027344,4833407.0
2021-03-26T00:00:00,148.0517290950092,150.01181371690515,147.7250483246932,149.4237823486328,4212302.0
2021-03-29T00:00:00,150.33850653111585,150.4038367087092,146.28765667907177,146.35299682617188,5588226.0
2021-03-30T00:00:00,145.04627653290115,146.09165909031043,142.4328301088849,145.3076171875,7928538.0
2021-03-31T00:00:00,145.3076334611482,146.02633529604606,143.87023976086056,144.3275909423828,5626391.0
2021-04-01T00:00:00,144.60796516668245,149.37449250500353,144.04719535703387,147.4468536376953,5375745.0
2021-04-06T00:00:00,150.35581353738743,150.35581353738743,148.3230352550594,148.8487548828125,5752892.0
2021-04-07T00:00:00,149.19926205812067,149.51469175359122,145.79960356212797,147.20152282714844,6099571.0
2021-04-08T00:00:00,149.16421053994335,150.9166096048022,147.97258131499837,148.21791076660156,6800975.0
2021-04-09T00:00:00,148.3580925816223,148.6034327158389,146.57065418813815,148.3931427001953,4368091.0
2021-04-12T00:00:00,148.39313252740018,148.5333222962873,144.5028049399684,144.95843505859375,6297912.0
2021-04-13T00:00:00,144.95842592747172,146.185105045603,144.2574664313967,146.15005493164062,4752053.0
2021-04-14T00:00:00,146.15009114518386,146.43047073477,142.85558283646597,143.03082275390625,6948144.0
2021-04-15T00:00:00,143.6967260080217,147.06133441468566,143.6967260080217,146.8159942626953,6048944.0
2021-04-16T00:00:00,147.02625944212457,151.8278364364303,146.5355899168757,151.7577362060547,7910926.0
2021-04-19T00:00:00,152.1082388297472,152.59890842874864,148.07772098057185,148.21791076660156,4265951.0
2021-04-20T00:00:00,148.21788985160418,150.1104784354299,142.50507398461673,143.276123046875,7636495.0
2021-04-21T00:00:00,143.4163227902803,144.9233814875285,141.278394104389,142.99574279785156,7339263.0
2021-04-22T00:00:00,150.14553622529024,151.4072655775957,146.5355987548828,146.5355987548828,11201439.0
2021-04-23T00:00:00,148.11277110102804,149.97030983146038,146.07998176831475,148.21791076660156,6986980.0
2021-04-26T00:00:00,149.23430148311004,149.2693516038946,146.11503325759855,147.20152282714844,4287703.0
2021-04-27T00:00:00,147.5870427757462,148.42819213867188,146.43045304290325,148.42819213867188,6164178.0
2021-04-28T00:00:00,148.60343474518726,148.67353498329058,146.22017639079928,147.65713500976562,3737246.0
2021-04-29T00:00:00,147.90248739690526,148.11277743283722,144.6079791532897,144.7481689453125,5126365.0
2021-04-30T00:00:00,145.09863941914952,146.7458987826607,144.99349975585938,144.99349975585938,3313001.0
2021-05-03T00:00:00,145.23882517730846,147.41180418864292,144.15233567164123,147.09637451171875,4088785.0
2021-05-04T00:00:00,147.55198187637106,149.02400117578298,145.02852327617742,145.34396362304688,5409185.0
2021-05-05T00:00:00,146.5706450874138,149.5847625732422,146.2552047356372,149.5847625732422,5219248.0
2021-05-06T00:00:00,149.79506446077824,150.39088439941406,148.60343527930127,150.39088439941406,4188326.0
2021-05-07T00:00:00,152.00309162134144,153.5452005827343,151.6175617070446,152.38861083984375,4721249.0
2021-05-10T00:00:00,153.33491901498226,154.70178815389966,152.24842944965994,154.63169860839844,3566370.0
2021-05-11T00:00:00,153.01948961111225,153.08957915674645,150.2857406322947,150.91661071777344,4865779.0
2021-05-12T00:00:00,150.70629692518133,153.36994524255255,150.25067751512026,151.7577362060547,2652509.0
2021-05-14T00:00:00,153.8606249273576,154.98216451266285,151.86288588346832,154.87701416015625,5092368.0
2021-05-17T00:00:00,155.613016390172,155.613016390172,153.0545183719844,153.75547790527344,3389905.0
2021-05-18T00:00:00,154.6316940402537,156.45418260637172,152.8792950175663,154.00082397460938,4586504.0
2021-05-19T00:00:00,152.10821229656446,152.42364193405768,147.83235504585528,148.8487548828125,6182854.0
2021-05-20T00:00:00,149.654884672614,150.60118447462315,148.28801549977496,149.79507446289062,3984066.0
2021-05-21T00:00:00,150.11050416496187,150.8114638121404,148.88382478239947,149.79507446289062,4012633.0
2021-05-24T00:00:00,149.7950532246605,150.25068334820367,148.9188537899166,149.23428344726562,2154752.0
2021-05-25T00:00:00,149.23428474922298,150.7764043244612,148.5333251953125,148.5333251953125,3612543.0
2021-05-26T00:00:00,148.60342477926838,149.54972445122752,147.6220856864021,148.88380432128906,3503721.0
2021-05-27T00:00:00,148.91886549209735,154.77188245443966,148.25295600852297,154.0709228515625,10943715.0
2021-05-28T00:00:00,154.98217521658694,155.19245454453483,153.05453627456868,153.61529541015625,3184853.0
2021-05-31T00:00:00,153.6152726507738,154.03585263594695,152.17831420898438,152.17831420898438,2618181.0
2021-06-01T00:00:00,153.3349052522072,155.4027338353067,153.01947558627575,154.87701416015625,2892977.0
2021-06-02T00:00:00,158.20659048522575,160.6949993758982,157.1902011343301,160.2393798828125,7562452.0
2021-06-03T00:00:00,160.48469542229296,160.65993531917158,159.04772612872927,160.1692657470703,4815740.0
2021-06-04T00:00:00,160.58986178130573,161.22072119461865,159.64356196554084,159.8188018798828,3073288.0
2021-06-07T00:00:00,159.99402923366176,160.5197489354153,159.0477294921875,159.0477294921875,2536254.0
2021-06-08T00:00:00,159.0477062403059,159.39818599023675,158.2416070937822,158.9075164794922,626183.0
2021-06-09T00:00:00,159.04771280174026,159.39819256612998,157.71589397537673,158.48695373535156,2870657.0
2021-06-10T00:00:00,158.662197628552,158.662197628552,157.40046830569358,157.6457977294922,2140390.0
2021-06-11T00:00:00,157.71588134765625,158.62713080126792,156.7345423642546,157.71588134765625,2377953.0
2021-06-14T00:00:00,158.59211731846182,159.9940365875753,157.33038783710063,158.2766876220703,2489153.0
2021-06-15T00:00:00,159.18793935962302,159.99403867154487,157.47057967595373,157.85610961914062,2579677.0
2021-06-16T00:00:00,157.9261945787293,158.55705391867886,156.69951532098742,157.54066467285156,3399488.0
2021-06-17T00:00:00,157.01494834850186,158.45191764888588,156.41912841796875,156.41912841796875,2899390.0
2021-06-18T00:00:00,156.3840849992526,157.61076425188205,154.2461561626538,154.49148559570312,5292921.0
2021-06-21T00:00:00,152.73908333445834,155.47283202678483,151.44231457027513,154.98216247558594,3653870.0
2021-06-22T00:00:00,155.26256888118385,155.5429484744342,151.61758068994953,153.05455017089844,5295578.0
2021-06-23T00:00:00,153.05452492183218,153.5101443596505,150.5661163330078,150.5661163330078,4595970.0
2021-06-24T00:00:00,150.70632795529752,152.00310761369627,150.42594836765244,151.09185791015625,3142418.0
2021-06-28T00:00:00,152.10823065725017,152.10823065725017,148.3931427001953,148.3931427001953,4732467.0
2021-06-29T00:00:00,148.5333343766112,151.33717276556695,147.97257525545578,150.74136352539062,4370561.0
2021-06-30T00:00:00,152.24473067823035,153.41809372293838,149.78798326972665,150.99801635742188,7576583.0
2021-07-01T00:00:00,152.02471475406372,152.79474086156225,150.99800954735719,152.4647216796875,4040761.0
2021-07-02T00:00:00,152.79473492262687,153.3447519508723,151.14468383789062,151.14468383789062,3652003.0
2021-07-05T00:00:00,152.6847374597642,153.9681106320559,150.6680081890201,153.82144165039062,3730867.0
2021-07-06T00:00:00,154.00478458166577,155.36149787426908,152.61141243531077,152.6480712890625,3448529.0
2021-07-07T00:00:00,153.74811300956316,155.61817343784998,153.38143493304128,155.25149536132812,3903754.0
2021-07-08T00:00:00,154.59146779179085,154.73813677345612,152.6480674168164,153.82144165039062,4346953.0
2021-07-09T00:00:00,154.44480564923876,156.13151579826925,152.97809338738512,155.43482971191406,3792639.0
2021-07-12T00:00:00,156.20484968008986,156.27818976631872,153.60143328072982,155.76483154296875,3129498.0
2021-07-13T00:00:00,156.13152393165598,157.78157531219776,155.61817685129063,156.64488220214844,3885395.0
2021-07-14T00:00:00,156.20485213812094,157.74490445215292,155.32482704015678,156.8648681640625,2517853.0
2021-07-15T00:00:00,157.04820623675573,157.6348933618706,155.32482609500565,155.6181640625,3102044.0
2021-07-16T00:00:00,155.6915129573884,157.04821512146032,152.72141831044442,153.30810546875,4573983.0
2021-07-19T00:00:00,152.61141199704088,152.79475102577825,147.58791813358633,147.88125610351562,5523548.0
2021-07-20T00:00:00,143.00444105118794,144.76449123422904,140.92171239022656,144.19247436523438,10977717.0
2021-07-21T00:00:00,145.93785350642014,151.0713458408168,145.21916771283966,150.81466674804688,7158725.0
2021-07-22T00:00:00,151.0713636902059,153.19809200396887,150.70468562299666,150.96136474609375,4358740.0
2021-07-23T00:00:00,151.80471115477349,153.63810138611132,151.21802404272017,153.27142333984375,2534645.0
2021-07-26T00:00:00,152.61141967773438,153.45477477632053,152.13473146495048,152.61141967773438,2363662.0
2021-07-27T00:00:00,152.17138808252705,152.57473616848182,149.82465084168916,149.89797973632812,3409369.0
2021-07-28T00:00:00,149.89798106444158,150.6680072007912,148.57794904798615,149.49464416503906,3167765.0
2021-07-29T00:00:00,150.26467140859296,150.8513585695452,149.27464731522997,149.78799438476562,2380606.0
2021-07-30T00:00:00,148.944621604246,149.67797767085457,147.91791639691874,148.6879425048828,3990545.0
2021-08-02T00:00:00,149.53130301762042,152.17138943078317,149.31130514162848,149.49464416503906,3889755.0
2021-08-03T00:00:00,149.49464974161154,149.71464762581002,147.91792736738878,148.4312744140625,4144005.0
2021-08-04T00:00:00,149.42130258159563,150.26465760477885,149.0546245384506,149.6413116455078,2932957.0
2021-08-05T00:00:00,149.64131233128086,150.044660418614,148.24792904686873,148.50460815429688,2662131.0
2021-08-06T00:00:00,148.5046217502023,149.09130891366058,147.69792550168128,148.39462280273438,2312745.0
2021-08-09T00:00:00,148.1012713817197,148.17461147233823,146.52456014456192,147.55125427246094,2283760.0
2021-08-10T00:00:00,147.55123307386972,147.9179110940285,147.00121604363153,147.18455505371094,1954077.0
2021-08-11T00:00:00,148.17461854674306,148.72463568226166,147.33125222487146,148.46795654296875,3028351.0
2021-08-12T00:00:00,148.46796226668818,149.45799762484035,148.1012841622063,148.57797241210938,2765728.0
2021-08-13T00:00:00,148.7246447243615,149.5313298580903,148.17462755540313,148.7979736328125,2149271.0
2021-08-16T00:00:00,148.21128030647097,148.2479391613539,146.81789692699272,147.00123596191406,3145493.0
2021-08-17T00:00:00,146.6712427203209,147.00125077841608,145.86454640930802,146.06988525390625,2794871.0
2021-08-18T00:00:00,145.95253811874326,145.98186743988427,142.7697640538156,144.28048706054688,5253811.0
2021-08-19T00:00:00,142.47644411507233,142.93112138612756,139.6896882686513,140.1737060546875,5262451.0
2021-08-20T00:00:00,140.14434959479968,141.50839233398438,138.98564566021264,141.50839233398438,4277237.0
2021-08-23T00:00:00,142.63776118354966,143.51778626388054,141.52305678039664,143.26844787597656,3304711.0
2021-08-24T00:00:00,144.28049775568675,144.61783532938293,143.44447216461617,143.70848083496094,2637340.0
2021-08-25T00:00:00,143.73779254225545,144.30980939287682,142.44708986215804,144.1778106689453,1843035.0
2021-08-26T00:00:00,143.13645362552737,144.63250649694507,142.78444579289325,144.3978271484375,2447072.0
2021-08-27T00:00:00,144.47115110729817,145.48318610198658,144.03113297305296,145.27784729003906,2415494.0
2021-08-30T00:00:00,145.42453396685485,146.39255831380837,143.70848317671405,144.8085174560547,2174696.0
2021-08-31T00:00:00,145.26317005236672,145.48317910891396,142.59375443523646,143.1071014404297,3740201.0
2021-09-01T00:00:00,143.3711270808604,145.39518602296806,142.60844160981492,143.0191192626953,3132421.0
2021-09-02T00:00:00,142.65243306965675,142.9311007810364,140.8043725467454,141.0537109375,4471918.0
2021-09-03T00:00:00,141.53772185674737,144.0311280248056,141.00970458984375,141.00970458984375,4928822.0
2021-09-06T00:00:00,141.53774237338817,142.32976838855194,141.28840395846456,141.75775146484375,2115899.0
2021-09-07T00:00:00,141.7577447525785,143.92847267050007,141.22972743413774,142.72576904296875,3549001.0
2021-09-08T00:00:00,142.2710922121063,142.2710922121063,139.58700603422687,139.704345703125,4092163.0
2021-09-09T00:00:00,138.6776339044898,139.83632661929974,137.19625154626556,138.6042938232422,4637236.0
2021-09-10T00:00:00,139.11765351594585,140.423026512365,138.2962982436263,139.5723419189453,2725945.0
2021-09-13T00:00:00,139.41101903045805,140.36437314474588,138.7363214746236,139.308349609375,2930999.0
2021-09-14T00:00:00,139.46966921312838,141.09772078442091,139.20567173790718,140.36436462402344,4122768.0
2021-09-15T00:00:00,140.36435474098033,140.7603733061824,139.14699210493143,139.60166931152344,3284061.0
2021-09-16T00:00:00,140.01234938791828,142.05107851068135,139.51367259650922,140.7017059326172,3516632.0
2021-09-17T00:00:00,141.3910473286344,142.7697490801913,139.95366456069718,140.2030029296875,6106950.0
2021-09-20T00:00:00,138.88298612810775,138.88298612810775,135.56821331954418,136.11090087890625,4566823.0
2021-09-21T00:00:00,136.18422003867425,137.18158474204833,134.23349020573113,134.2921600341797,3301513.0
2021-09-22T00:00:00,134.29215889377295,140.08567851495528,133.47080368271943,139.64566040039062,5427121.0
2021-09-23T00:00:00,141.53774299711836,143.72314128425273,141.14173558285495,142.94578552246094,5133765.0
2021-09-24T00:00:00,141.80172707812363,142.82842107788406,140.8190326511922,141.74305725097656,3925142.0
2021-09-27T00:00:00,142.65244272238527,145.80587643395242,142.57910263067077,145.453857421875,4965750.0
2021-09-28T00:00:00,145.45385590796602,146.74456989189545,143.97248454386775,144.03114318847656,5697034.0
2021-09-29T00:00:00,144.5445084426636,145.30719395089636,142.96045639849484,143.12179565429688,3874076.0
2021-09-30T00:00:00,143.94313511197066,145.0431692673139,143.3271186706087,144.51515197753906,3486473.0
2021-10-01T00:00:00,141.7283907877401,143.12177404197254,140.58435710308387,142.63775634765625,2980788.0
2021-10-04T00:00:00,142.2710894389656,144.99917514197443,141.17105524227256,143.1951141357422,3170179.0
2021-10-05T00:00:00,142.63777699264878,143.44447326660156,139.95369068854475,143.44447326660156,3808384.0
2021-10-06T00:00:00,143.7378082582745,144.94051192058558,141.44974060561609,142.16842651367188,5368509.0
2021-10-07T00:00:00,143.7378008740331,146.74456547040782,143.28312365619038,145.08717346191406,3973976.0
2021-10-08T00:00:00,145.46851693585873,146.02586354529936,144.25114312010896,144.45648193359375,2579763.0
2021-10-11T00:00:00,143.73778703694452,143.9724663462242,143.0191012349949,143.37110900878906,3680076.0
2021-10-12T00:00:00,141.90440190504054,143.6204524517504,141.2883854816256,143.50311279296875,5409002.0
2021-10-13T00:00:00,143.4444879002478,145.86455458873735,142.41778242955584,144.8965301513672,4168677.0
2021-10-14T00:00:00,145.86455377905355,146.09923315052447,143.44448710399763,144.66184997558594,4179835.0
2021-10-15T00:00:00,145.5418805201241,147.7712785079526,144.9258527900851,147.2946014404297,4304812.0
2021-10-18T00:00:00,146.89124003967058,148.6512903350824,146.37789296935273,146.70790100097656,3837122.0
2021-10-19T00:00:00,147.62460479248784,148.9446481859929,146.8912485949992,147.47793579101562,3273249.0
2021-10-20T00:00:00,146.85457133307733,147.77126653490677,145.057850975517,147.51458740234375,4438347.0
2021-10-21T00:00:00,147.51458302166853,148.76129741123503,143.91381288030942,147.00123596191406,6281900.0
2021-10-22T00:00:00,148.13795421068002,149.93467468461571,146.85458084499345,148.57797241210938,4472560.0
2021-10-25T00:00:00,148.65130516069024,149.05465332407005,145.02852360436125,145.71788024902344,4204522.0
2021-10-26T00:00:00,146.45122177087433,147.4045870094584,145.277858638109,145.8938751220703,3058346.0
2021-10-27T00:00:00,145.6298584300999,146.0845356398432,144.69116349958875,145.4978485107422,3114853.0
2021-10-28T00:00:00,145.32185190394782,147.73458862304688,144.5004854375539,147.73458862304688,3182492.0
2021-10-29T00:00:00,147.1479109574985,148.1379462625316,145.46853025273268,146.61256408691406,3342647.0
2021-11-01T00:00:00,147.0379058506054,147.77126198951115,146.45121870145545,146.74456787109375,1940777.0
2021-11-02T00:00:00,146.5245508611748,148.0645919554506,145.8791939130253,147.9179229736328,2027988.0
2021-11-03T00:00:00,147.91792036667587,149.6413116455078,147.07456534349268,149.6413116455078,3084705.0
2021-11-04T00:00:00,150.59468273566685,152.09805381975872,149.71464644530656,150.00799560546875,2760519.0
2021-11-05T00:00:00,150.00801785478055,151.21805114830966,149.64133974278653,150.92471313476562,1328713.0
2021-11-08T00:00:00,150.8880293430364,151.80472453953115,150.00800419242682,150.7780303955078,2145579.0
2021-11-09T00:00:00,150.26466942975352,151.65805281743144,150.0446715386546,150.3746795654297,2511023.0
2021-11-10T00:00:00,150.26466596632395,151.291371258337,149.38464085183168,151.1080322265625,2535401.0
2021-11-11T00:00:00,150.70466908609166,152.2813801260274,150.48466003188253,151.36468505859375,2984505.0
2021-11-12T00:00:00,151.36470257395092,152.90475494149868,151.2180335842146,152.20806884765625,2221510.0
2021-11-15T00:00:00,152.17138372927164,152.86806975410346,151.91470463006362,152.4647216796875,1368791.0
2021-11-16T00:00:00,152.53807626448184,156.16818689909684,152.20806824135803,155.72817993164062,2531303.0
2021-11-17T00:00:00,155.43482747295812,156.71820068359375,154.44480342454358,156.71820068359375,2446772.0
2021-11-18T00:00:00,156.57153227273466,156.9382103342633,154.92148099585572,155.3248291015625,2005451.0
2021-11-19T00:00:00,155.47150982784692,157.56157941243254,152.42808616339985,153.67478942871094,3318931.0
2021-11-22T00:00:00,154.0047956194891,155.17816996692653,153.6381175346808,154.5181427001953,2429939.0
2021-11-23T00:00:00,153.30811369415233,154.15146883625275,151.6213922198241,152.39141845703125,2647830.0
2021-11-24T00:00:00,152.3914240431018,153.67479742211472,149.97134629036617,151.07138061523438,2617357.0
2021-11-25T00:00:00,151.51138275381385,153.01475388626923,150.88802555977625,152.20806884765625,1894724.0
2021-11-26T00:00:00,147.40457310671133,147.8812500859812,144.82315655389587,145.7471923828125,6572105.0
2021-11-29T00:00:00,146.6125722066688,147.3312581594599,144.7058527741435,145.439208984375,4051410.0
2021-11-30T00:00:00,142.5644430135923,145.38053936973665,140.8337219071623,143.31246948242188,8750819.0
2021-12-01T00:00:00,145.1752000501226,149.05464947188474,144.0898248039643,148.57797241210938,4020987.0
2021-12-02T00:00:00,147.2579079212219,147.33123681754626,145.54185732349222,146.6418914794922,3866620.0
2021-12-03T00:00:00,147.9179377046539,148.3212858374164,144.55916509293695,144.60316467285156,2803035.0
2021-12-06T00:00:00,145.71788199716065,147.84462179770978,144.6765174838413,147.2579345703125,3345278.0
2021-12-07T00:00:00,148.57797017307018,150.74136871888578,148.21129207411408,150.11801147460938,3511627.0
2021-12-08T00:00:00,150.33800435183673,151.21802945635878,148.0645959075389,148.8712921142578,3594844.0
2021-12-09T00:00:00,150.3380060356155,151.2180311499938,147.9912686672312,148.98129272460938,6746113.0
2021-12-10T00:00:00,148.13794005896403,148.8712961978698,146.4365484454419,146.74456787109375,4129629.0
2021-12-13T00:00:00,147.40458395954792,148.57795825816214,145.8205320134567,146.1872100830078,3390634.0
2021-12-14T00:00:00,146.70788365990683,147.14789058668694,144.1484669538192,144.4124755859375,4646301.0
2021-12-15T00:00:00,144.76448358150748,145.76184828320712,144.32447665407048,144.4711456298828,4591118.0
2021-12-16T00:00:00,146.6712208126822,147.8812539083364,145.98186428444242,146.08453369140625,4016079.0
2021-12-17T00:00:00,145.67385951412479,146.23120613796945,144.42715634571158,145.35118103027344,5136436.0
2021-12-20T00:00:00,144.9111656738046,144.9111656738046,142.1977392296408,143.88446044921875,4313433.0
2021-12-21T00:00:00,145.20450625648365,147.11123657226562,145.05783727606794,147.11123657226562,3735886.0
2021-12-22T00:00:00,147.6246103864448,148.7979736328125,146.46590620769055,148.7979736328125,2187714.0
2021-12-23T00:00:00,149.60466269815774,152.39141845703125,149.56799265064743,152.39141845703125,3178446.0
2021-12-27T00:00:00,152.1347206487038,153.63810289115318,151.6580436599368,153.124755859375,2136498.0
2021-12-28T00:00:00,153.2347712456001,154.15146646864164,153.19810119865298,153.67478942871094,1949638.0
2021-12-29T00:00:00,153.45476360116442,153.9314405891081,152.97808661322077,153.82144165039062,1473917.0
2021-12-30T00:00:00,153.82144799907886,154.188126063439,153.12476191481989,153.74810791015625,1854840.0
2022-01-03T00:00:00,153.74810599815126,157.3415576982685,153.5647669682512,156.46153259277344,3226339.0
2022-01-04T00:00:00,157.3049045562744,161.8883807962591,157.08489545872965,161.33836364746094,5021640.0
2022-01-05T00:00:00,158.80826957564102,160.23831176757812,158.51492041439346,160.23831176757812,2415201.0
2022-01-07T00:00:00,158.58827143270625,160.67834098891066,158.58827143270625,159.9816436767578,3803570.0
2022-01-10T00:00:00,160.60498864861864,161.92503188923527,155.98484290152354,156.6082000732422,4316984.0
2022-01-11T00:00:00,157.19489249948077,160.4949951171875,156.2048572381181,160.4949951171875,4706662.0
2022-01-12T00:00:00,161.33834097580825,161.66834898068814,159.2482716280258,161.1183319091797,3368360.0
2022-01-13T00:00:00,161.04500164447663,163.46506778643698,160.56831347247999,163.39173889160156,3649182.0
2022-01-14T00:00:00,161.63170699964832,164.1617949199501,160.64168281312527,162.1450653076172,3383926.0
2022-01-17T00:00:00,162.145055224601,163.09840930268066,161.2283600032727,161.52169799804688,2455972.0
2022-01-18T00:00:00,160.78832192263278,160.93499090186887,157.59821847115052,158.6249237060547,3737612.0
2022-01-19T00:00:00,157.67158812737523,162.58507258913295,157.2682399662331,160.01832580566406,4708084.0
2022-01-20T00:00:00,160.8983315866717,161.30167969905662,157.74490915741603,158.8082733154297,4203215.0
2022-01-21T00:00:00,157.6715634774829,157.92824259175254,155.94817214481807,157.74490356445312,3409483.0
2022-01-24T00:00:00,156.57154094799822,157.63490514732456,150.26467346420606,151.584716796875,5087378.0
2022-01-25T00:00:00,153.41808981769776,154.4447950445744,150.96135366185604,152.17138671875,4882708.0
2022-01-26T00:00:00,153.30811513139545,158.734946509977,152.97810708096355,157.01156616210938,4425557.0
2022-01-27T00:00:00,154.51813040346252,160.20164026569094,153.67477535156942,157.3048858642578,4477988.0
2022-01-28T00:00:00,155.28815049532435,155.32482053748063,150.11798787481024,151.7313690185547,8945455.0
2022-01-31T00:00:00,154.00479356781776,154.00479356781776,151.51138710038958,152.72142028808594,4384573.0
2022-02-01T00:00:00,154.51814856143895,155.76485185905224,153.1614463102615,154.88482666015625,3487135.0
2022-02-02T00:00:00,156.93820836557703,157.30488642250594,155.5081661815795,155.91151428222656,3348033.0
2022-02-03T00:00:00,155.47149958657968,155.47149958657968,151.8047189359528,153.05142211914062,3055688.0
2022-02-04T00:00:00,153.82143449099317,154.18811252315288,149.6779772036388,150.08131408691406,3741069.0
2022-02-07T00:00:00,151.1447004818636,152.06139562988528,149.71464709884873,151.95138549804688,2231794.0
2022-02-08T00:00:00,151.76804408841775,153.5281054590939,151.2180270082301,152.97808837890625,2985586.0
2022-02-09T00:00:00,154.00477756963713,157.41487888262876,153.71143961222145,156.93820190429688,3165453.0
2022-02-10T00:00:00,157.34156836744106,159.32162778660242,156.90155018979317,159.02828979492188,3098527.0
2022-02-11T00:00:00,157.34156836744106,159.6516358247748,156.64488224460447,159.02828979492188,3096530.0
2022-02-14T00:00:00,154.73815027295797,155.5815053837029,150.81469032790088,154.66481018066406,6548709.0
2022-02-15T00:00:00,154.44478526346776,157.4148682495873,154.18810617547285,156.75485229492188,2913698.0
2022-02-16T00:00:00,157.8915746660573,160.34831095074557,156.86486938533383,157.41488647460938,3221551.0
2022-02-17T00:00:00,157.59822416335828,158.62492943534548,153.27142757392477,153.52810668945312,3875491.0
2022-02-18T00:00:00,153.2714310234024,153.6014390435615,150.08132738490303,150.6680145263672,4292739.0
2022-02-21T00:00:00,150.8513551027541,151.62138128442461,144.98450600831444,146.62722778320312,4212600.0
2022-02-22T00:00:00,142.53509858332026,147.7345908852502,141.65507346096865,146.4512176513672,4185436.0
2022-02-23T00:00:00,146.61257222456214,148.68797164258595,142.87246226600158,143.25379943847656,4359725.0
2022-02-24T00:00:00,135.77355764044336,139.44033840332682,134.57085399782267,135.80288696289062,7369649.0
2022-02-25T00:00:00,137.13760222155852,139.2643306141843,134.04283832434314,138.85365295410156,5635491.0
2022-02-28T00:00:00,135.6708947854263,136.85892822919305,130.97741965808953,134.7761993408203,7515737.0
2022-03-01T00:00:00,132.97213980949815,135.80288374892896,128.80667114257812,128.80667114257812,6016235.0
2022-03-02T00:00:00,127.06127243225082,129.76002866884318,124.0838484900701,129.08534240722656,7158420.0
2022-03-03T00:00:00,128.13197721291684,129.9066976116817,125.78523995794372,126.0052490234375,4465416.0
2022-03-04T00:00:00,124.23052470227219,124.23052470227219,119.17037185051629,120.40240478515625,7394428.0
2022-03-07T00:00:00,114.38888162035983,122.08912068891188,111.91014560567356,118.3636703491211,12119996.0
2022-03-08T00:00:00,115.78227069614516,123.49716921420335,115.16624303547427,120.57841491699219,7508397.0
2022-03-09T00:00:00,125.3452266439273,126.50393065593889,123.21849837271857,126.07858276367188,6343661.0
2022-03-10T00:00:00,126.87061283870615,127.31063100090263,122.76381395862799,123.95185852050781,5808511.0
2022-03-11T00:00:00,123.9518587954468,128.20532667564956,123.9518587954468,126.59193420410156,5653288.0
2022-03-14T00:00:00,129.01200803341925,131.5200846355036,128.131982922357,128.83599853515625,5404308.0
2022-03-15T00:00:00,127.19329004267058,128.67467257091033,124.347864653604,127.57463836669922,5006114.0
2022-03-16T00:00:00,133.06013073240868,135.6708766218468,130.31737492793252,135.12818908691406,6719893.0
2022-03-17T00:00:00,136.4629113267234,136.53624022635333,133.9108351029941,135.1428680419922,4863192.0
2022-03-18T00:00:00,135.67088245690294,135.90556178700797,133.0307959438532,134.48284912109375,5394451.0
2022-03-21T00:00:00,134.6148531143988,135.8175567528904,133.7494982285901,134.67352294921875,3608437.0
2022-03-22T00:00:00,135.02552376623578,135.45087165402867,134.20416850160188,134.5708465576172,3709061.0
2022-03-23T00:00:00,134.98152106128776,135.72954741145634,131.9747677857295,133.2947998046875,2658732.0
2022-03-24T00:00:00,133.4854793371494,134.673512628358,132.165436130181,133.2361297607422,3550578.0
2022-03-25T00:00:00,133.23613324610412,133.617481558121,129.7453621764724,129.98004150390625,3534430.0
2022-03-28T00:00:00,131.03607064194864,133.76415639707113,130.78673223823222,131.85743713378906,2761285.0
2022-03-29T00:00:00,134.2041612790817,138.01761061838567,132.92811768437636,136.47756958007812,4877261.0
2022-03-30T00:00:00,136.47758065365585,136.91758761881994,131.68142528346905,131.76942443847656,5078064.0
2022-03-31T00:00:00,132.64945973722592,133.32414603076566,128.77734028466008,129.5106964111328,4566663.0
2022-04-01T00:00:00,129.80403302164618,129.87737310957334,127.70663407436933,128.1466522216797,4037851.0
2022-04-04T00:00:00,128.1466563741783,128.5133344454434,125.00789297935904,127.03195190429688,4986363.0
2022-04-05T00:00:00,126.225252997273,127.67730618561109,124.2011941152166,124.30386352539062,6006252.0
2022-04-06T00:00:00,125.46256558092716,126.76793857129013,124.12785207947388,124.89054870605469,11072259.0
2022-04-07T00:00:00,124.0171869096138,126.46259773052714,123.47729715022106,123.68372344970703,8051309.0
2022-04-08T00:00:00,123.3820125686589,126.93898035201073,121.00012034057721,126.27204132080078,7344308.0
2022-04-11T00:00:00,126.09738283245073,126.24029055376,123.27086049005126,123.2867431640625,4733565.0
2022-04-12T00:00:00,122.19106338688475,124.44593051353837,121.30182752083716,123.62020111083984,4649402.0
2022-04-13T00:00:00,123.63608269447907,123.73135450359305,121.6670552449005,122.12755584716797,4918301.0
2022-04-14T00:00:00,122.3975139042259,122.57218698304197,120.79370296006527,121.09541320800781,2468697.0
2022-04-19T00:00:00,121.47651393921296,125.68452632218505,120.41260489464915,125.28754425048828,5581495.0
2022-04-20T00:00:00,125.28755831530526,128.0505504523083,124.20776647447504,127.59004974365234,4516648.0
2022-04-21T00:00:00,127.82822718105524,132.67141330531624,127.51064636943511,130.35302734375,6234849.0
2022-04-22T00:00:00,132.98899153258904,133.354220362293,129.05092412439757,129.41615295410156,8655759.0
2022-04-25T00:00:00,129.13032048670362,131.52809545619195,126.17677307128905,126.17677307128906,6259804.0
2022-04-26T00:00:00,128.225200910146,128.225200910146,124.2712631225586,124.2712631225586,5435066.0
2022-04-27T00:00:00,124.65237093800526,126.70079988874005,122.00053359760831,125.1922607421875,5437745.0
2022-04-28T00:00:00,126.43084677755151,126.93898331346642,123.4931699357712,125.001708984375,3665633.0
2022-04-29T00:00:00,126.31969641214975,126.76431438122187,125.16050346569939,125.7956771850586,3797407.0
2022-05-02T00:00:00,125.28754246131447,125.84331493076695,117.69724729725469,124.98583221435547,3686293.0
2022-05-03T00:00:00,125.66863219955857,126.78017705308264,124.90643347569359,125.63687896728516,3277344.0
2022-05-04T00:00:00,125.95446725907719,126.51023971897408,124.44594028008123,125.06523132324219,2927591.0
2022-05-05T00:00:00,127.1930430294329,127.36771609600268,123.08031491548881,123.52493286132812,3438132.0
2022-05-06T00:00:00,123.46141519028859,125.73215295748533,122.41337678315294,125.14461517333984,5223507.0
2022-05-09T00:00:00,124.27126043489035,124.82703286451031,121.01600288079713,121.52413940429688,3829266.0
2022-05-10T00:00:00,123.5408151699348,125.9068247261181,122.19106654771585,122.79448699951172,4248773.0
2022-05-11T00:00:00,123.38201590193025,125.95446393913028,122.98503385319181,125.60511779785156,4650027.0
2022-05-12T00:00:00,124.11247372209813,126.38319941401276,122.96916348159829,125.76390838623047,4408419.0
2022-05-13T00:00:00,127.11365783631265,130.14659441239561,127.08189248780641,129.3208770751953,3906511.0
2022-05-16T00:00:00,129.70198411210498,129.87665719441196,128.01878398979935,128.6221923828125,3309414.0
2022-05-17T00:00:00,131.2740193814088,133.78294880667215,129.87664694812656,132.43321228027344,4077582.0
2022-05-18T00:00:00,132.59202024121421,135.29149365164932,132.1474022314891,132.22679138183594,4742053.0
2022-05-19T00:00:00,131.79805604815306,132.84609459816122,130.575356521409,132.22679138183594,4152846.0
2022-05-20T00:00:00,133.8146987902017,133.90998271658552,129.49554443359375,129.49554443359375,5025072.0
2022-05-23T00:00:00,131.70276267841615,132.13149794196846,129.40025962621263,131.22637939453125,3338833.0
2022-05-24T00:00:00,130.65473551447926,132.71904710192877,130.21011753931936,131.4169464111328,3733100.0
2022-05-25T00:00:00,132.9413507750185,133.54475912933765,131.03582966702572,132.1950225830078,1930593.0
2022-05-27T00:00:00,134.97388738000726,137.86391601342905,134.38634962650778,137.72100830078125,4670450.0
2022-05-30T00:00:00,138.34030319389126,138.9278288490599,136.95880135794926,137.24462890625,2450581.0
2022-05-31T00:00:00,137.11759130180343,137.64161049113747,135.81549072265625,135.81549072265625,14611957.0
2022-06-01T00:00:00,137.8162960646405,140.49989871883912,137.8162960646405,139.46774291992188,4503302.0
2022-06-02T00:00:00,140.02351278722074,142.08782434665892,139.64241340153083,141.7543487548828,3205437.0
2022-06-03T00:00:00,142.91353193741273,143.23111271796822,141.02389358279592,142.11956787109375,3470986.0
2022-06-07T00:00:00,142.9135488509345,143.94570468228866,139.8647293830315,141.27798461914062,3079229.0
2022-06-08T00:00:00,142.2942461126379,142.89765446362208,140.21406405996686,141.0556640625,2533360.0
2022-06-09T00:00:00,140.59516327180424,141.2620902034299,138.9595991759425,139.37245178222656,2910510.0
2022-06-10T00:00:00,138.94371107028462,139.2771745230617,135.6884535649516,135.81549072265625,3173882.0
2022-06-13T00:00:00,134.68805756051148,134.83097738567056,130.68648418000208,131.14697265625,4522086.0
2022-06-14T00:00:00,132.49674028559122,132.79843842229013,130.4483113393813,130.63885498046875,2914836.0
2022-06-15T00:00:00,133.71944626562015,135.70435672339553,132.1950364878405,134.4657745361328,3520016.0
2022-06-16T00:00:00,134.41811781975488,134.9103716603192,130.40066161338498,130.6229705810547,3560143.0
2022-06-17T00:00:00,131.00407620539315,133.78295054914392,130.28951336297237,131.33753967285156,5318066.0
2022-06-20T00:00:00,131.7980386527159,131.94094637343773,129.63845536342876,131.60748291015625,2432875.0
2022-06-21T00:00:00,132.59200283533653,134.7992220331016,132.1156195360637,133.00486755371094,2804122.0
2022-06-22T00:00:00,131.79803762369602,131.79803762369602,127.87585311987907,130.11483764648438,4314085.0
2022-06-23T00:00:00,130.21011162549374,130.4483032770631,124.68411619179355,124.87467193603516,3252647.0
2022-06-27T00:00:00,127.43123184244332,131.8933059903045,127.25655877975771,131.1946258544922,4372061.0
2022-06-28T00:00:00,132.0679966034217,133.70356084870866,130.4165496826172,130.4165496826172,3003108.0
2022-06-29T00:00:00,128.79685815466118,131.32165819481298,128.4951479178138,130.4641876220703,2960521.0
2022-06-30T00:00:00,128.62218543850278,129.3049950556748,124.4141732449977,125.74803924560547,4814756.0
2022-07-01T00:00:00,125.16049632406892,129.05091544639458,124.25537776298053,126.81194305419922,2588600.0
2022-07-04T00:00:00,127.30421422043989,128.54279640778182,126.44673144883424,127.55828857421875,1463854.0
2022-07-05T00:00:00,128.33635910697913,128.82861298166605,123.06443786621094,123.06443786621094,3752280.0
2022-07-06T00:00:00,124.57295276218834,126.52610962695805,123.93779122349783,126.00209045410156,3423894.0
2022-07-07T00:00:00,127.43124147350994,131.75040823193564,126.49436962550712,131.6868896484375,3795270.0
2022-07-08T00:00:00,131.7980490277187,134.70396072711821,131.09935669826356,134.38636779785156,3056558.0
2022-07-11T00:00:00,131.8456675598737,131.8456675598737,128.76508318416046,129.7178497314453,4031099.0
2022-07-12T00:00:00,128.653930373911,134.03701782226562,128.4792694272313,134.03701782226562,3659942.0
2022-07-13T00:00:00,133.70356271439655,133.70356271439655,129.95605082545768,131.00408935546875,3246171.0
2022-07-14T00:00:00,129.92428619494916,131.36930668719233,128.00289450669428,129.95603942871094,3252140.0
2022-07-15T00:00:00,130.19422548633446,132.21090101902712,129.41614408585156,131.52809143066406,4123915.0
2022-07-18T00:00:00,132.40146680272647,134.6086863290716,132.0362500518554,134.56105041503906,3837319.0
2022-07-19T00:00:00,137.4669632130997,139.6583000773544,131.95684964214715,139.16604614257812,8642564.0
2022-07-20T00:00:00,140.61106098610202,140.84924054792293,137.30816709295686,139.0548858642578,5052896.0
2022-07-21T00:00:00,139.08661858177288,141.21444856793795,137.40341864691956,140.65867614746094,4678681.0
2022-07-22T00:00:00,140.65866658124813,141.5002664914375,139.0231026629663,140.48399353027344,2753695.0
2022-07-25T00:00:00,140.05525186381112,140.89686392307536,138.49908912917422,140.309326171875,1989973.0
2022-07-26T00:00:00,140.43636273245224,140.89686332767468,137.8797975642796,138.5943603515625,2470373.0
2022-07-27T00:00:00,140.05525556519405,140.83334906800576,139.26129150390625,139.26129150390625,2371865.0
2022-07-28T00:00:00,138.1497587855066,142.58008009000596,138.1497587855066,142.34188842773438,4262011.0
2022-07-29T00:00:00,142.91353285514168,144.45382509208036,142.56418672532914,144.15211486816406,3033202.0
2022-08-01T00:00:00,144.46971129295656,144.88256389742375,141.80199146326362,143.358154296875,2648584.0
2022-08-02T00:00:00,142.5165575989806,143.5645960382736,140.38873960152753,141.7067108154297,2669044.0
2022-08-03T00:00:00,141.18270583866405,143.83454309573295,140.00763021660666,143.43756103515625,2744456.0
2022-08-04T00:00:00,144.0409683355947,145.75593373212683,143.72338753546546,144.882568359375,3029251.0
2022-08-05T00:00:00,144.914327105689,145.04135215099453,142.46891628833387,143.02468872070312,2103278.0
2022-08-08T00:00:00,144.48557261158155,145.3430552286002,143.67573801350545,144.3267822265625,1941286.0
2022-08-09T00:00:00,144.1044880906346,144.1044880906346,141.51616941523034,142.61183166503906,1782981.0
2022-08-10T00:00:00,141.8496156137343,146.29580688476562,141.65905988636013,146.29580688476562,3137184.0
2022-08-11T00:00:00,146.8039522215566,147.12154511964954,144.19975103184626,145.0095977783203,2290565.0
2022-08-12T00:00:00,145.45423850663212,146.35935720685887,144.59675571984906,144.850830078125,1783919.0
2022-08-15T00:00:00,144.85081082424307,145.23191019606827,143.34227178109526,143.9298095703125,1884992.0
2022-08-16T00:00:00,144.50146561416918,146.69280215991012,144.183884821429,146.24818420410156,2244257.0
2022-08-17T00:00:00,146.3434710124487,146.70868771979067,143.4057941046297,143.9933319091797,2771081.0
2022-08-18T00:00:00,143.70748931830306,145.6765167189923,143.5804521660187,144.56497192382812,2285104.0
2022-08-19T00:00:00,143.78689891636208,144.24738741900487,141.83374196009888,141.84962463378906,3344854.0
2022-08-22T00:00:00,141.32559994564156,141.45263710036687,137.46693420410156,137.46693420410156,3598838.0
2022-08-23T00:00:00,137.3557782941707,139.57888001902765,137.133469333178,138.30853271484375,2329003.0
2022-08-24T00:00:00,137.60987139785837,138.1973971114797,136.02194310818965,137.8004150390625,2722891.0
2022-08-25T00:00:00,138.89608124323894,139.3883351072237,137.1493626506159,137.60986328125,2910290.0
2022-08-26T00:00:00,138.32441602357062,138.76903394759978,135.73609761444104,136.00604248046875,2608090.0
2022-08-29T00:00:00,135.08504281333325,135.95840811321213,132.75078657086596,135.4502716064453,2175423.0
2022-08-30T00:00:00,135.79961593990913,138.80081141914886,135.67259088975382,136.26011657714844,1947241.0
2022-08-31T00:00:00,136.92706452886694,137.22876267187632,133.97351688091987,134.40225219726562,3605359.0
2022-09-01T00:00:00,133.33833435843354,133.5447606653281,130.2418670654297,130.2418670654297,2827887.0
2022-09-02T00:00:00,131.32166208634752,134.91038334149127,130.5276979573734,134.60867309570312,2087983.0
2022-09-05T00:00:00,131.0040854116215,132.09975982093314,130.01956549927394,131.48046875,2875486.0
2022-09-06T00:00:00,131.41694468631778,132.97310757895318,130.09896133801257,131.40106201171875,2830267.0
2022-09-07T00:00:00,129.81313959122846,132.41734105542372,129.81313959122846,132.08387756347656,2654465.0
2022-09-08T00:00:00,132.25852773167853,133.8940916723416,130.57532788826674,132.49671936035156,2017231.0
2022-09-09T00:00:00,132.49673905524975,135.3867680292433,132.35381921082987,134.30697631835938,2144338.0
2022-09-12T00:00:00,134.97388749402782,137.6098539355481,134.95800482096578,137.1811065673828,1967360.0
2022-09-13T00:00:00,137.64161635830152,137.81628942885854,135.49791571911067,135.92665100097656,3951632.0
2022-09-14T00:00:00,134.95801623921582,135.21209056998475,132.25854310691574,133.06838989257812,3520209.0
2022-09-15T00:00:00,133.06839504902138,137.593988235566,133.06839504902138,135.5137939453125,3595849.0
2022-09-16T00:00:00,133.624163732544,133.89410862558591,131.05171562403294,131.65513610839844,4760297.0
2022-09-19T00:00:00,131.65512388483648,133.7353058079777,130.4641778161807,132.90957641601562,2044425.0
2022-09-20T00:00:00,133.5447584265909,134.8627417325708,130.734130859375,130.734130859375,2281291.0
2022-09-21T00:00:00,130.7341277462753,132.60788345144408,129.24147140565245,131.84567260742188,2825022.0
2022-09-22T00:00:00,130.4324276818656,131.0040828306849,128.86038208007812,128.86038208007812,3023483.0
2022-09-23T00:00:00,129.3367467121449,129.41614796791345,125.68451913047507,125.89094543457031,3228059.0
2022-09-26T00:00:00,125.50984980370431,127.35184026616055,124.79527482526365,125.9544677734375,3243420.0
2022-09-27T00:00:00,127.3359659080291,127.97112749445466,125.52572873386868,125.89094543457031,2855820.0
2022-09-28T00:00:00,125.04935525430356,126.52612907714213,122.74686403527635,126.38320922851562,4053201.0
2022-09-29T00:00:00,126.3990809490805,126.95485339016754,122.46102583943755,123.2867431640625,3608795.0
2022-09-30T00:00:00,124.3189033682929,125.6845226239412,122.73097512823028,125.50984954833984,4286463.0
2022-10-03T00:00:00,124.39829115851305,126.92310333251953,122.61981930253958,126.92310333251953,3317223.0
2022-10-04T00:00:00,128.62219700889602,132.30619031517082,127.8599860664214,132.14739990234375,4075761.0
2022-10-05T00:00:00,132.35382224360703,132.84608825796496,130.0513310395909,130.94056701660156,2930262.0
2022-10-06T00:00:00,131.24227708081074,132.79844003830834,130.7976590929543,131.48046875,2979875.0
2022-10-07T00:00:00,131.4169400708296,131.79803944330436,128.36810874623964,129.30499267578125,2399687.0
2022-10-10T00:00:00,128.30461198604738,130.84529485296355,127.9235004698113,129.22560119628906,2023543.0
2022-10-11T00:00:00,128.62219274444553,129.622583215527,127.08190034973411,128.9397735595703,3220177.0
2022-10-12T00:00:00,129.95603747408782,130.9246746408195,128.4792758852252,130.19422912597656,2966262.0
2022-10-13T00:00:00,130.36890340198465,134.52927966666573,129.55905662404598,133.65591430664062,3887206.0
2022-10-14T00:00:00,134.17993124236204,135.13268572760572,132.06798385486934,132.75079345703125,3397944.0
2022-10-17T00:00:00,132.7508184633679,135.67261316541638,131.73454520568134,135.49794006347656,3254759.0
2022-10-18T00:00:00,137.292265895371,140.86510421986344,135.87901081621067,139.8488311767578,5823437.0
2022-10-19T00:00:00,140.2934583155076,141.3097314252337,139.0389935455482,139.7059326171875,4100585.0
2022-10-20T00:00:00,132.7190479822083,136.05369493295635,131.43281784275752,134.02114868164062,8240973.0
2022-10-21T00:00:00,133.27481581591192,135.9742889404297,132.33793186756603,135.9742889404297,3145441.0
2022-10-24T00:00:00,137.06997522695906,138.16564966955022,135.3550096946247,137.9115753173828,2541720.0
2022-10-25T00:00:00,138.46733901255107,139.76943969726562,136.6888671202177,139.76943969726562,4418351.0
2022-10-26T00:00:00,139.97586898340305,141.02389526367188,138.48321264415463,141.02389526367188,4159940.0
2022-10-27T00:00:00,140.67457202288185,142.86592098217855,140.57930019506279,142.58009338378906,3514009.0
2022-10-28T00:00:00,141.38914553183054,144.21565613228807,140.05527938227297,143.70751953125,3173917.0
2022-10-31T00:00:00,143.88218480401005,144.37443870218829,142.32600973325566,143.54872131347656,2725729.0
2022-11-01T00:00:00,144.5014703915862,146.66105377542416,144.37443322431784,144.86669921875,3122611.0
2022-11-02T00:00:00,145.37482706110575,146.15290846286754,144.6761347979309,145.61300659179688,2558164.0
2022-11-03T00:00:00,144.42206916783582,145.00960698039418,142.50067744343394,143.75514221191406,3097417.0
2022-11-04T00:00:00,143.97744479778828,147.6296844482422,143.96157423877966,147.6296844482422,1735137.0
2022-11-07T00:00:00,146.5975385448927,149.2335053088136,145.83532763877963,148.1219482421875,2905312.0
2022-11-08T00:00:00,148.12194640673036,149.99570224131946,147.6455751968776,148.93179321289062,3753968.0
2022-11-09T00:00:00,148.59832277354167,150.66262214944058,148.59832277354167,149.69398498535156,2476574.0
2022-11-10T00:00:00,148.94766633206308,154.01314892696615,148.5824375245022,153.63204956054688,5349321.0
2022-11-11T00:00:00,154.74360346066953,155.1405855240524,150.72614691762388,152.6316680908203,4819628.0
2022-11-14T00:00:00,152.63166088198977,154.5054166172562,151.34543081922507,152.536376953125,2763414.0
2022-11-15T00:00:00,153.10805070644068,153.33035970930547,149.8845580499691,151.71067810058594,3617577.0
2022-11-16T00:00:00,151.6471362982977,152.59989075257846,149.50343574743346,150.15447998046875,2952697.0
2022-11-17T00:00:00,150.3609217640465,151.7582941873457,147.91551093707506,149.90042114257812,3031589.0
2022-11-18T00:00:00,151.05960466731608,153.42562639808415,150.91669694508573,152.5205078125,2938459.0
2022-11-21T00:00:00,152.1235125759745,153.3462118482458,151.77416646534567,152.56813049316406,1560353.0
2022-11-22T00:00:00,152.63165698671477,153.52089286722165,152.01236598208604,153.01275634765625,2732323.0
2022-11-23T00:00:00,153.7908588385548,153.83849475084043,152.5046407471157,152.83810424804688,2246200.0
2022-11-24T00:00:00,152.83807719656443,153.53676942624054,151.66301381341535,152.0441131591797,2148940.0
2022-11-25T00:00:00,153.10804243179246,155.1088354643758,152.52051671951605,155.02943420410156,2922198.0
2022-11-28T00:00:00,154.1719407128105,154.42601503600557,151.18664010485193,151.39306640625,3637868.0
2022-11-29T00:00:00,152.1235240279705,152.74281504709523,151.2501586856507,151.39306640625,2797744.0
2022-11-30T00:00:00,152.44111460854623,153.72733263627782,151.50424274018158,152.42523193359375,6484283.0
2022-12-01T00:00:00,153.63204397984074,154.10842725675798,151.7900415650194,153.26681518554688,2922453.0
2022-12-02T00:00:00,153.266820752986,153.96551302053004,152.04412139971433,153.63204956054688,2714240.0
2022-12-05T00:00:00,153.23508249129992,154.41014605293836,152.36171707154267,153.88613891601562,2299817.0
2022-12-06T00:00:00,154.02903694955867,154.48953758598307,152.74281897139693,153.13980102539062,3145614.0
2022-12-07T00:00:00,152.8063222303158,152.96511261300353,151.05959167596203,152.02822875976562,2496662.0
2022-12-08T00:00:00,152.09176832452314,152.88573246245858,151.39307600636195,151.85357666015625,2205766.0
2022-12-09T00:00:00,152.44109997589973,154.42601013183594,152.44109997589973,154.42601013183594,2929538.0
2022-12-12T00:00:00,153.75908867548466,153.75908867548466,152.0123700993518,153.39385986328125,2555643.0
2022-12-13T00:00:00,153.7908415322587,158.09412543849504,153.7908415322587,157.12548828125,5215621.0
2022-12-14T00:00:00,157.20488851050263,157.4113148108081,154.9817866540347,155.63284301757812,3694915.0
2022-12-15T00:00:00,154.6165823385902,154.99768173694582,151.5677508069509,151.8694610595703,3922973.0
2022-12-16T00:00:00,151.64713994948238,152.9492405618336,150.15448359571496,150.75790405273438,4559148.0
2022-12-19T00:00:00,151.01195505478444,151.6471286974455,150.1544724544314,150.85316467285156,2562580.0
2022-12-20T00:00:00,149.32876228844543,150.21799816142752,148.07429761624275,149.83689880371094,3457801.0
2022-12-21T00:00:00,150.0592274291353,151.66303843722545,149.40817099760886,151.64715576171875,2110109.0
2022-12-22T00:00:00,151.86945065340169,152.5205070244578,149.43992246859347,149.6622314453125,1824945.0
2022-12-23T00:00:00,149.66224312090307,151.07549834669638,149.42405145157048,150.45620727539062,990662.0
2022-12-27T00:00:00,151.3930776662825,152.37759756949228,151.25016993505423,151.58363342285156,959778.0
2022-12-28T00:00:00,151.8694720747799,152.0441451689728,149.88456156343562,150.34506225585938,1336930.0
2022-12-29T00:00:00,149.88452961630446,150.91668528519116,149.05881235015292,150.9008026123047,1533024.0
2022-12-30T00:00:00,150.64674954453022,151.1548860733051,149.50343932605415,149.64634704589844,2297679.0
2023-01-02T00:00:00,150.3609150780708,152.3458251953125,150.17035934544083,152.3458251953125,1244821.0
2023-01-03T00:00:00,152.34583699013376,154.68009340712007,152.04412675217662,153.42562866210938,1876402.0
2023-01-04T00:00:00,151.86946698179977,153.9020133388652,151.45660221710463,152.83810424804688,2336073.0
2023-01-05T00:00:00,153.52088918809665,153.52088918809665,151.47246048536508,153.2350616455078,1395938.0
2023-01-09T00:00:00,154.9500300298521,159.46768750383072,154.8229928717074,156.71263122558594,4424953.0
2023-01-10T00:00:00,156.8079275306081,156.82381020658966,153.50503359250627,154.88653564453125,2555862.0
2023-01-11T00:00:00,155.2199772514539,158.1100060108224,155.15645867142126,157.90357971191406,3657640.0
2023-01-12T00:00:00,158.1100209217265,160.42045951421719,157.60188434847475,159.62649536132812,3189950.0
2023-01-13T00:00:00,159.62648487862464,159.90436504492843,157.9988560491025,158.60226440429688,2915702.0
2023-01-16T00:00:00,159.18981265425285,160.3013576223249,158.3323299153409,159.62649536132812,3078406.0
2023-01-17T00:00:00,159.86468977209543,160.46016289697545,158.44348712968667,159.66619873046875,5331127.0
2023-01-18T00:00:00,160.3013415635588,162.68323378361129,160.0631620334978,161.92897033691406,3951926.0
2023-01-19T00:00:00,158.9913164016296,160.34105299428768,157.53836059570312,157.53836059570312,5905327.0
2023-01-20T00:00:00,158.3958298987528,160.42044067382812,158.31642864681646,160.42044067382812,3522345.0
2023-01-23T00:00:00,160.97623180363288,162.56416010749118,160.65865098883384,162.20687866210938,2875754.0
2023-01-24T00:00:00,162.44505506933598,164.1520729896406,161.57168973829198,163.67568969726562,3530175.0
2023-01-25T00:00:00,164.35056951349432,166.49427017111896,163.0008329597996,163.75509643554688,4689190.0
2023-01-26T00:00:00,159.07071466551966,161.33350511548153,155.69636718993652,160.6189422607422,7710520.0
2023-01-27T00:00:00,161.57168160315643,164.74753775260422,161.45259184352406,163.19931030273438,3287621.0
2023-01-30T00:00:00,163.19931892032042,164.50935480517091,162.56414523390515,163.63600158691406,2844062.0
2023-01-31T00:00:00,163.5566015118483,164.42996685133036,162.64354766006016,164.23147583007812,3761316.0
2023-02-01T00:00:00,164.62845943581598,166.01789659777512,164.3505671574519,165.14453125,3304795.0
2023-02-02T00:00:00,165.9385117913397,169.789242867877,165.9385117913397,169.74954223632812,4447848.0
2023-02-03T00:00:00,166.65304960226925,167.36762451774186,165.3033131373943,167.28822326660156,4242014.0
2023-02-06T00:00:00,167.20884114886178,167.20884114886178,164.07267332113193,164.23147583007812,3409038.0
2023-02-07T00:00:00,164.3902674003765,165.77970455908422,164.1123751226627,164.8269500732422,3109269.0
2023-02-08T00:00:00,163.75510310809742,164.46966598477843,162.68324667814466,163.31842041015625,4143368.0
2023-02-09T00:00:00,164.11236652590566,165.8193965004278,163.19931271541307,164.3902587890625,2659410.0
2023-02-10T00:00:00,163.8741767130728,164.39026061969258,160.9762127475598,161.57168579101562,2267565.0
2023-02-13T00:00:00,162.2862548964271,163.8741830739457,162.24656638393358,163.39781188964844,1514802.0
2023-02-14T00:00:00,163.79479079061,164.6681440025262,162.7626350720451,163.04052734375,2219474.0
2023-02-15T00:00:00,162.3259693578506,165.62092787596814,161.33351416232088,165.3827362060547,2765758.0
2023-02-16T00:00:00,165.8194169400621,167.16915356692,164.3505784222003,165.6209259033203,2950851.0
2023-02-17T00:00:00,164.35056445491614,166.97064834022697,163.71539076833616,166.2163848876953,2889082.0
2023-02-20T00:00:00,166.7324661653173,167.05004696918357,164.3902744207431,164.70785522460938,1974436.0
2023-02-21T00:00:00,164.46965534461523,165.6209129596895,163.1199188232422,163.1199188232422,2637022.0
2023-02-22T00:00:00,163.0802119707813,164.15206829047588,161.49228386156267,163.87417602539062,2549809.0
2023-02-23T00:00:00,163.95358432749998,165.7400035271943,163.95358432749998,164.86663818359375,2029044.0
2023-02-24T00:00:00,165.54151647380385,166.17669018302044,162.2862587859006,162.9214324951172,2170489.0
2023-02-27T00:00:00,163.15962373663646,165.06513274452266,163.0802224800867,164.0726776123047,1912525.0
2023-02-28T00:00:00,163.55660345178822,166.57366943359375,163.3581124281817,166.57366943359375,6265320.0
2023-03-01T00:00:00,167.12944538555809,169.27314606252918,166.65306207292855,167.24853515625,3865891.0
2023-03-02T00:00:00,167.32792746804915,169.23343638683775,166.57366402581744,169.07464599609375,3022835.0
2023-03-03T00:00:00,169.35253110485007,173.08415964672471,169.35253110485007,172.9253692626953,3340018.0
2023-03-06T00:00:00,173.08416399672694,174.1560203169906,172.5680922069289,173.8781280517578,3225084.0
2023-03-07T00:00:00,174.07663123591908,174.47361329118914,172.25051135869066,172.4093017578125,3043692.0
2023-03-08T00:00:00,172.09170920749878,173.28265529197975,171.57563741686238,171.61532592773438,3413736.0
2023-03-09T00:00:00,171.6550406636133,172.52840604332883,169.90832201911329,171.01986694335938,2779882.0
2023-03-10T00:00:00,168.32038327927316,169.27313774277354,165.50180840043134,166.77215576171875,3590728.0
2023-03-13T00:00:00,166.73244195943684,166.9706335852219,159.66616712236578,160.53952026367188,5266333.0
2023-03-14T00:00:00,160.49982460050632,165.10481841992845,159.78526181599673,164.03297424316406,3810414.0
2023-03-15T00:00:00,163.63600234542122,163.6756908576252,155.34701538085938,155.34701538085938,7400655.0
2023-03-16T00:00:00,158.15763060882043,158.95159463006442,153.8384643948643,157.7130126953125,4509440.0
2023-03-17T00:00:00,158.31642758019794,160.53952935520638,154.21958226738911,155.80751037597656,6535348.0
2023-03-20T00:00:00,154.72772485152603,158.71341583779306,151.31367686105523,157.06198120117188,3502101.0
2023-03-21T00:00:00,159.26919757245867,162.36565260501746,158.4752335010405,161.61138916015625,3567096.0
2023-03-22T00:00:00,161.69079119287866,162.76264762074388,160.77773728390554,161.8892822265625,2072538.0
2023-03-23T00:00:00,161.37319708047747,161.37319708047747,158.83251448177825,160.1822509765625,2483408.0
2023-03-24T00:00:00,159.34858967623674,159.34858967623674,155.87103521685788,156.52207946777344,3100820.0
2023-03-27T00:00:00,158.79280873534438,159.78526378994027,156.99845435800975,158.95159912109375,2139452.0
2023-03-28T00:00:00,160.73803514546947,161.53199927275253,160.4998434842983,160.97622680664062,2435897.0
2023-03-29T00:00:00,162.12746254050055,162.56414520702197,161.53198948113416,162.52444458007812,2713449.0
2023-03-30T00:00:00,163.8741853928236,167.68521549578173,163.51690397081236,167.1691436767578,4125290.0
2023-03-31T00:00:00,167.1691463517864,170.42439194489424,166.21639183953363,169.7892303466797,4116147.0
2023-04-03T00:00:00,169.8686108635775,170.9007665806628,168.32038334541468,169.3525390625,4497117.0
2023-04-04T00:00:00,171.09927915670707,173.4414710423624,170.66259643888918,171.17868041992188,6008486.0
2023-04-05T00:00:00,171.0088343595168,171.0512919754784,160.4460350942889,161.5328826904297,9417057.0
2023-04-06T00:00:00,162.6027502355879,163.8084714240997,161.61779051891773,162.77256774902344,3628580.0
2023-04-11T00:00:00,165.52365355082745,166.57652987888017,164.19905884376405,165.0311737060547,4907323.0
2023-04-12T00:00:00,179.79704233979513,180.85841803247396,176.1459073657307,177.16482543945312,12395683.0
2023-04-13T00:00:00,177.97147649473825,178.90547930516755,176.18836019699322,178.2261962890625,5683775.0
2023-04-14T00:00:00,179.16021460140354,179.41494735559314,177.37709827832242,178.7781219482422,4230841.0
2023-04-17T00:00:00,179.4574028375406,180.9008711524356,179.20267008638362,180.22158813476562,3809414.0
2023-04-18T00:00:00,180.47632580588456,181.28296874299994,179.1602173525667,179.8819580078125,2690915.0
2023-04-19T00:00:00,180.39139969434376,180.56121720409308,176.95254005787623,177.5469207763672,3995964.0
2023-04-20T00:00:00,181.7075164637062,181.7075164637062,177.63183126018694,179.3300323486328,5887395.0
2023-04-21T00:00:00,179.75458500583485,182.34434429132648,178.7781245495207,179.24513244628906,5207024.0
2023-04-24T00:00:00,180.00929833320842,183.15096745815222,179.75456560280867,182.2169647216797,4426217.0
2023-04-25T00:00:00,183.3632495244067,183.3632495244067,179.33002216830872,179.62721252441406,4526179.0
2023-04-26T00:00:00,178.8205797958467,179.3300323486328,176.74027309750366,179.3300323486328,5195236.0
2023-04-27T00:00:00,179.75458215462058,180.05177252682637,176.57045512204138,177.4195556640625,5225211.0
2023-04-28T00:00:00,179.16020447066586,179.62721233423184,176.82517810908138,178.99038696289062,4356586.0
2023-05-02T00:00:00,180.00931717324232,180.13667707364942,176.40063982425045,176.6978302001953,3557527.0
2023-05-03T00:00:00,176.10344847413205,176.10344847413205,171.2211203230924,172.15513610839844,6040317.0
2023-05-04T00:00:00,171.51829773012284,173.42877381870093,170.07482949889064,171.34848022460938,4392646.0
2023-05-05T00:00:00,172.11266886856706,174.36279296875,170.41446786748352,174.36279296875,2904933.0
2023-05-08T00:00:00,174.065613158985,176.61291481497017,173.34387250729074,176.06100463867188,3402081.0
2023-05-09T00:00:00,175.80626155921541,175.80626155921541,172.57967705983654,174.8297882080078,3578255.0
2023-05-10T00:00:00,175.55154387745552,176.18836930869173,171.6881336700397,173.55615234375,3305440.0
2023-05-11T00:00:00,173.55614483460081,175.38171876557328,171.77304147803576,174.2354278564453,3644871.0
2023-05-12T00:00:00,175.42416381835938,175.9336163310669,173.8957803677466,175.42416381835938,2754593.0
2023-05-15T00:00:00,175.76380920410156,176.57045211403062,174.87225105891852,175.76380920410156,2710848.0
2023-05-16T00:00:00,175.50907348105588,175.8911661207334,173.513695048853,174.0231475830078,2920079.0
2023-05-17T00:00:00,173.2165019249491,173.72596740722656,171.2635681845462,173.72596740722656,2223617.0
2023-05-19T00:00:00,176.14590462139643,177.63183056799622,175.63645207059554,176.86764526367188,4015274.0
2023-05-22T00:00:00,177.07991290737237,178.0988309221139,176.61290503837756,177.5469207763672,2803469.0
2023-05-23T00:00:00,177.0374600874578,177.71674310110487,176.14590194181133,176.4855499267578,1716720.0
2023-05-24T00:00:00,175.12697728468947,175.6364427647431,170.49938217314312,171.1786651611328,3590931.0
2023-05-25T00:00:00,171.17867782042018,172.11268066126422,168.63137614426063,170.711669921875,4059870.0
2023-05-26T00:00:00,171.68813094667124,173.72598006805015,171.17867838351128,173.25897216796875,2129432.0
2023-05-29T00:00:00,174.06561264355588,175.29680584905375,172.494771444518,173.4287872314453,1527255.0
2023-05-30T00:00:00,173.42877655595134,174.74488491788205,171.43338520500038,171.73057556152344,2343594.0
2023-05-31T00:00:00,170.58428930595852,171.6456649560858,168.88608826575486,170.03237915039062,7426237.0
2023-06-01T00:00:00,170.41447731837602,172.57968630608536,170.41447731837602,172.24005126953125,2366346.0
2023-06-02T00:00:00,173.47124046111787,176.9101001907565,173.47124046111787,176.4855499267578,3408423.0
2023-06-05T00:00:00,176.61291533039974,179.41494975141015,176.52800009245394,177.88656616210938,2371693.0
2023-06-07T00:00:00,178.56583709211097,180.68858833439415,177.67427897910295,180.2640380859375,3842905.0
2023-06-08T00:00:00,180.22158091553163,182.8113400287707,180.00930579077837,181.45277404785156,3207683.0
2023-06-09T00:00:00,181.70751423007445,182.13206449696716,180.26404591388848,180.85841369628906,2110335.0
2023-06-12T00:00:00,181.79243223776226,182.72643506541948,180.47632379907884,181.96224975585938,2413668.0
2023-06-13T00:00:00,183.32079608871285,185.10391235351562,182.5990684243846,185.10391235351562,4226083.0
2023-06-14T00:00:00,185.57091788731245,186.33510315901904,183.9576191546884,185.99546813964844,2736657.0
2023-06-15T00:00:00,185.95301346363777,187.56629926552722,185.35864569221775,186.92947387695312,3700084.0
2023-06-16T00:00:00,187.4814092712437,188.37296746491145,185.35865783691406,185.35865783691406,8320523.0
2023-06-19T00:00:00,185.103906814487,185.31618193698068,183.61798095703125,183.61798095703125,3091182.0
2023-06-20T00:00:00,182.7688873474309,183.36325512153925,180.8584111730675,181.11314392089844,3933796.0
2023-06-21T00:00:00,181.70749683191883,183.32078250914358,180.6036636524386,182.38677978515625,2492604.0
2023-06-22T00:00:00,181.1980511862497,181.28296642327894,179.20267267852333,180.6885986328125,2629749.0
2023-06-26T00:00:00,180.6886015290549,182.76889530715536,178.39603261122485,181.6226043701172,2632570.0
2023-06-27T00:00:00,182.85379523903765,183.5755228799553,179.96684580663143,182.4292449951172,2491428.0
2023-06-28T00:00:00,182.68396568874266,185.6982750268795,182.59906341328173,184.8067169189453,3084677.0
2023-06-29T00:00:00,184.80673495012232,187.01440162742827,184.38218466265937,186.63230895996094,2641444.0
2023-06-30T00:00:00,186.802124570838,190.41080197732012,186.71720933171633,189.34942626953125,3775482.0
2023-07-03T00:00:00,189.90133925839842,192.0240907053121,189.90133925839842,190.36834716796875,2462153.0
2023-07-04T00:00:00,190.19851605413177,190.8353414427059,186.42002133984124,186.92947387695312,2972767.0
2023-07-05T00:00:00,185.86809536201653,187.09930145926302,185.18882532301288,185.91055297851562,2369518.0
2023-07-06T00:00:00,184.97653927131773,185.61336461245438,182.72641529222147,183.5755157470703,2497962.0
2023-07-07T00:00:00,183.83026165287635,185.57092030134672,182.64152611336988,185.0189971923828,1757074.0
2023-07-10T00:00:00,184.04254683910634,185.91056548451698,182.8538112346395,185.61338806152344,1962933.0
2023-07-11T00:00:00,187.65121728894897,188.11822517209373,184.97655579968176,188.03330993652344,2626605.0
2023-07-12T00:00:00,188.500313199539,189.85887919788976,187.3540223286652,189.73150634765625,2121801.0
2023-07-13T00:00:00,189.94378365655083,190.02869889101507,188.0757651045494,188.203125,2188850.0
2023-07-14T00:00:00,188.20311913360416,188.50030948871964,185.5709153784548,186.2501983642578,2480729.0
2023-07-17T00:00:00,185.74072580882125,187.56628661713003,184.9340829622719,187.39646911621094,1836342.0
2023-07-18T00:00:00,187.65120504167845,190.1560488525695,187.35401469282485,189.85887145996094,3351223.0
2023-07-19T00:00:00,190.11360144024675,190.19851667483204,182.72642949992877,189.5616912841797,6875663.0
2023-07-20T00:00:00,190.19851510220533,194.35910243756783,187.69367117759953,192.91563415527344,4646558.0
2023-07-21T00:00:00,192.74581357085876,192.83072880338815,190.62306232007836,191.2598876953125,2679180.0
2023-07-24T00:00:00,191.0900759910329,194.18928772881546,189.8588828194308,194.01947021484375,3423305.0
2023-07-25T00:00:00,194.868565498793,195.1232982410209,192.91563175003967,193.89210510253906,3066922.0
2023-07-26T00:00:00,193.89210028870096,194.40155280426293,192.19389932433745,194.14682006835938,1885524.0
2023-07-27T00:00:00,194.44401107188497,197.1186724172316,193.34017785009686,196.86395263671875,3151936.0
2023-07-28T00:00:00,196.26957232397456,198.56215400312811,195.33556956232425,198.13760375976562,2120118.0
2023-07-31T00:00:00,198.13761625257382,198.22251853285238,196.90641010419748,197.03378295898438,2337275.0
2023-08-01T00:00:00,196.6516899930376,197.20360016082785,194.35910817299563,195.7601318359375,2196266.0
2023-08-02T00:00:00,194.0194681138698,196.0148595111059,192.83073257269447,195.4629364013672,2921892.0
2023-08-03T00:00:00,194.5289380121095,195.29312331213688,192.91563921969646,193.21282958984375,2787729.0
2023-08-04T00:00:00,194.01948047621283,195.92995676098954,193.08546466560117,194.44403076171875,1911352.0
2023-08-07T00:00:00,194.23173562711534,195.5903015833987,193.34017752806972,195.50538635253906,2380965.0
2023-08-08T00:00:00,194.953475487342,195.7601183524937,192.3637164308065,192.8731689453125,2328587.0
2023-08-09T00:00:00,194.35909978733633,195.2931155223326,192.36372138074674,192.44862365722656,2602614.0
2023-08-10T00:00:00,192.74582943196373,194.019480287241,192.70337181220518,193.08546447753906,1691113.0
2023-08-11T00:00:00,192.8307340840799,192.95809398011633,190.92025790605896,192.19390869140625,1749081.0
2023-08-14T00:00:00,191.47216569758137,192.8731763616508,190.41079005624223,192.27880859375,1732518.0
2023-08-15T00:00:00,192.40619368791585,192.44863835127381,189.64661684483286,190.70799255371094,2133095.0
2023-08-16T00:00:00,189.81641479086687,193.38263421365673,189.64659728620927,192.23634338378906,2016838.0
2023-08-17T00:00:00,191.38725263813222,191.59952776881173,190.36833460211983,190.75042724609375,2375711.0
2023-08-18T00:00:00,190.36833173008714,190.45324696357613,188.0333053278406,189.73150634765625,2965846.0
2023-08-21T00:00:00,190.0287118628035,191.72691301804528,188.79751861650254,189.09469604492188,1944411.0
2023-08-22T00:00:00,189.77395386061352,190.92024467045746,188.9673110103968,189.9437713623047,2265106.0
2023-08-23T00:00:00,189.8164161594834,190.28342401784283,188.67012532135072,188.96731567382812,2046233.0
2023-08-24T00:00:00,189.47676962539114,190.4957005808847,184.3821666729048,184.8067169189453,3010953.0
2023-08-25T00:00:00,184.4246165748127,186.58982533030408,183.83024884646568,184.93408203125,1751726.0
2023-08-28T00:00:00,186.54737908094782,189.0522229891661,186.42001918720194,188.45785522460938,1783119.0
2023-08-29T00:00:00,188.83996055069866,190.19852663775262,187.35403456134122,187.99085998535156,2828272.0
2023-08-30T00:00:00,188.16068009323783,189.39187325388656,187.22666434033425,187.65121459960938,2412988.0
2023-08-31T00:00:00,187.56631215768743,189.4767884547242,187.35403701357225,187.821044921875,3394429.0
2023-09-01T00:00:00,187.8210421086797,188.41540991205045,186.20775622006676,186.8021240234375,2779889.0
2023-09-04T00:00:00,187.65120899552718,187.905941734734,186.2501983642578,186.2501983642578,1801716.0
2023-09-05T00:00:00,186.1652860848217,187.77857186497417,184.7642754313338,187.1842041015625,2548796.0
2023-09-06T00:00:00,186.71719926044406,189.47677595184726,186.33510661749892,188.83995056152344,2154840.0
2023-09-07T00:00:00,188.2880266865293,189.39185987391124,185.61336542455115,186.20773315429688,2045884.0
2023-09-08T00:00:00,187.1417591443529,187.9059574257875,184.12746250680772,186.7172088623047,2020787.0
2023-09-11T00:00:00,187.22666485178777,190.19851667483204,187.22666485178777,189.5616912841797,3524380.0
2023-09-12T00:00:00,189.56168639404478,190.45324450920762,188.58522600273264,189.9013214111328,2163934.0
2023-09-13T00:00:00,188.92486562420876,190.2409740209299,186.37756406523064,188.203125,2524353.0
2023-09-14T00:00:00,189.05221604905907,191.59951748042968,187.60874782919805,191.1325225830078,3189060.0
2023-09-15T00:00:00,192.57601196432398,195.25067357867366,192.36373682171697,193.8072052001953,4976263.0
2023-09-18T00:00:00,194.69874341494406,197.0762273594698,194.44401067870112,195.59030151367188,2746366.0
2023-09-19T00:00:00,195.5903042898226,197.54322506416577,194.91102130228154,195.88748168945312,2292551.0
2023-09-20T00:00:00,196.05729950451178,198.0951484703284,195.76012210441556,197.2460479736328,2750725.0
2023-09-21T00:00:00,196.56677255112368,198.5197063599434,195.76012963946326,197.28851318359375,2843956.0
2023-09-22T00:00:00,196.77904964901452,196.86396488529888,193.9345576646857,194.4015655517578,2399503.0
2023-09-25T00:00:00,194.40155280426293,195.4629284069901,192.91562696044485,194.14682006835938,1727772.0
2023-09-26T00:00:00,194.14681650384622,194.23173173300341,190.7079699791431,191.21742248535156,2979264.0
2023-09-27T00:00:00,191.42971801757812,192.70336885329885,189.60415700221026,191.42971801757812,2375067.0
2023-09-28T00:00:00,191.51461614951705,193.89210008841914,190.9202484038528,193.50999450683594,2122145.0
2023-09-29T00:00:00,193.6373768195339,194.9534852211485,191.1325328684746,191.5570831298828,4588841.0
2023-10-02T00:00:00,191.8967309768078,193.5100168954416,190.7079953479457,191.72691345214844,2727422.0
2023-10-03T00:00:00,191.04761999248578,192.53354592576068,190.15606184127168,190.66552734375,2098800.0
2023-10-04T00:00:00,189.816436639004,190.83535474047355,187.73614281595226,189.1796112060547,2199063.0
2023-10-05T00:00:00,189.26450581937232,190.58061425204326,188.75505326740836,189.22206115722656,2846858.0
2023-10-06T00:00:00,189.77395428339352,191.38723998742105,188.96731143137976,191.21742248535156,1913167.0
2023-10-09T00:00:00,190.92025447240937,190.92025447240937,187.9484026933803,188.45785522460938,1810698.0
2023-10-10T00:00:00,189.81642246222236,193.04300700609818,189.51923209987692,192.91563415527344,2505585.0
2023-10-11T00:00:00,192.61845172860964,194.31665271204463,191.4721608822929,193.4250946044922,2891551.0
2023-10-12T00:00:00,194.52893336010032,197.6281450603967,193.7647351221022,194.91102600097656,4154366.0
2023-10-13T00:00:00,195.16576589368486,195.7601336852846,192.83073938963543,193.0430145263672,2528728.0
2023-10-16T00:00:00,193.51000430737975,194.06192742192766,191.34480833539,192.8307342529297,2761015.0
2023-10-17T00:00:00,191.93917609046642,193.3826443903859,190.41079255562695,192.02407836914062,3618379.0
2023-10-18T00:00:00,193.5949176826724,200.0480867879264,189.9013252549126,194.82611083984375,8452739.0
2023-10-19T00:00:00,194.27420679595102,194.44402431327234,188.6276804122328,189.22206115722656,5794965.0
2023-10-20T00:00:00,188.330486767725,188.41538904094668,185.27371989435545,186.0379180908203,4569001.0
2023-10-23T00:00:00,186.46248834054907,187.09931376117083,183.23590361814956,184.33973693847656,3675901.0
2023-10-24T00:00:00,183.1934485997438,184.55201469885696,181.19805707096754,184.00009155273438,2831778.0
2023-10-25T00:00:00,184.00008937369856,186.88703906106346,183.70291195045638,185.4435577392578,2336904.0
2023-10-26T00:00:00,184.00007919334794,186.25020333409665,182.30187816164886,185.82565307617188,2472037.0
2023-10-27T00:00:00,185.95301297105104,188.41539928451647,184.55200230239757,185.82565307617188,2232691.0
2023-10-30T00:00:00,185.91054287844642,187.14173595255969,184.8916249190508,186.12281799316406,1632537.0
2023-10-31T00:00:00,186.2077312337444,189.3069426930391,186.2077312337444,187.5662841796875,2449583.0
2023-11-01T00:00:00,188.5003141618548,188.92486441897609,183.8727189504818,184.552001953125,2829535.0
2023-11-02T00:00:00,185.91055604342318,189.3918733538144,185.61337863552123,188.37295532226562,3771511.0
2023-11-03T00:00:00,188.5003286586342,192.7458315563512,188.5003286586342,191.72691345214844,1786627.0
2023-11-06T00:00:00,191.85427034866368,192.49109577333698,188.24559294218156,189.34942626953125,2540660.0
2023-11-07T00:00:00,188.0757592421234,188.24557674951282,185.6133729943635,186.2501983642578,2817690.0
2023-11-08T00:00:00,185.4435579389503,187.90595734755254,184.63691499464383,186.8021240234375,2169600.0
2023-11-09T00:00:00,186.92946404868027,189.4767654690461,186.2926386935888,188.58522033691406,4083545.0
2023-11-10T00:00:00,187.09931460181215,188.1606903076172,185.44355813575916,188.1606903076172,2672726.0
2023-11-13T00:00:00,188.54277315311978,189.60414880365946,187.9484053800667,188.83995056152344,2802648.0
2023-11-14T00:00:00,189.47676935483398,192.78826904296875,188.54276658862568,192.78826904296875,4372413.0
2023-11-15T00:00:00,192.78827801933352,198.0526987165852,192.44863003342465,197.84042358398438,6019168.0
2023-11-16T00:00:00,197.84042061534777,198.264970874179,195.29311906236046,196.09976196289062,4322916.0
2023-11-17T00:00:00,196.14222503048643,198.22251876531814,195.88749227685997,197.585693359375,3371238.0
2023-11-20T00:00:00,197.58569603248753,199.3688123757503,196.99132823681538,198.77444458007812,2329170.0
2023-11-21T00:00:00,198.09515642345954,199.92071738214958,197.92533890855165,198.56216430664062,3311244.0
2023-11-22T00:00:00,199.41127825300566,202.4680325957312,198.986727959051,201.1943817138672,4173319.0
2023-11-23T00:00:00,202.0434494350272,202.93500749855014,201.3641664839505,202.00099182128906,2113343.0
2023-11-24T00:00:00,202.08592248956947,203.14729813289705,201.9161049778862,202.63783264160156,2144394.0
2023-11-27T00:00:00,202.51047788305854,204.84550435760113,202.3831179851273,202.85011291503906,3427189.0
2023-11-28T00:00:00,202.8501178282928,203.27466810667454,201.0670144328373,202.51048278808594,2347382.0
2023-11-29T00:00:00,202.1708409930749,205.90687813550952,202.08592575773716,205.6521453857422,3783433.0
2023-11-30T00:00:00,205.65214303599905,207.73243671554576,205.39741028914224,206.543701171875,7279245.0
2023-12-01T00:00:00,207.18052439298447,208.96364064607803,206.67105890460184,208.07208251953125,2711490.0
2023-12-04T00:00:00,208.072087496504,209.34573829168002,207.3503468634059,207.6475372314453,2169184.0
2023-12-05T00:00:00,207.8598110150523,212.48740628291148,207.81735339757276,212.36004638671875,3799239.0
2023-12-06T00:00:00,210.83165835393666,215.07716088641124,209.98255784744174,213.97332763671875,3273476.0
2023-12-07T00:00:00,213.9733322009738,215.50171573651562,212.10531363808747,212.36004638671875,3224667.0
2023-12-08T00:00:00,212.23267676881397,215.62907891900502,211.93549935441985,214.5677032470703,2640583.0
2023-12-11T00:00:00,214.73751370242368,216.5206299551407,213.6336934049037,216.4357147216797,2836514.0
2023-12-12T00:00:00,216.52063509814604,217.4546508634207,215.88380970079857,216.6479949951172,3072161.0
2023-12-13T00:00:00,216.64799442342684,217.66692542149076,214.8224334716797,214.8224334716797,4930559.0
2023-12-14T00:00:00,216.7753534074568,219.19528198242188,216.64798056272494,219.19528198242188,4198227.0
2023-12-15T00:00:00,219.91703334530652,222.76152525254136,219.8745886845607,221.615234375,5298272.0
2023-12-18T00:00:00,221.31803364943178,222.37940924329294,220.2142133968122,220.38401794433594,2561103.0
2023-12-19T00:00:00,220.3840125173112,221.5303033129515,219.91701763250822,220.5113983154297,2368684.0
2023-12-20T00:00:00,220.89349872905072,222.5492551352834,219.66231850229352,221.99734497070312,2920512.0
2023-12-21T00:00:00,221.44539346901794,221.6152239289787,219.40755751193916,220.46893310546875,2007782.0
2023-12-22T00:00:00,220.17174268805414,221.7425837484856,220.00193814063647,220.55384826660156,1608410.0
2023-12-27T00:00:00,220.93596968607793,223.1436103482243,220.76613921399348,222.37942504882812,2151781.0
2023-12-28T00:00:00,222.46435049653053,222.84645612001418,221.40297477851274,222.08224487304688,1740901.0
2023-12-29T00:00:00,222.03979476842207,222.80398008417055,221.57279982893482,222.20962524414062,1950418.0
2024-01-02T00:00:00,222.4219054110298,224.88429188966305,220.5114291222206,220.97842407226562,3149576.0
2024-01-03T00:00:00,220.97841030654305,221.19068543652054,215.50171454437356,216.90272521972656,3598078.0
2024-01-04T00:00:00,216.43572393022262,216.52063916729648,210.61939296555468,212.40249633789062,5208497.0
2024-01-05T00:00:00,211.38357265124947,212.6572234360004,210.2797393798828,210.2797393798828,1777789.0
2024-01-08T00:00:00,210.74674768951257,212.95441423675697,210.23729514831865,212.27513122558594,3640623.0
2024-01-09T00:00:00,213.12422628437318,213.20914151718387,209.00608366171878,210.70428466796875,2479703.0
2024-01-10T00:00:00,211.34110990163927,212.48740076257693,209.94009925493364,210.87411499023438,1853314.0
2024-01-11T00:00:00,212.27513822930973,213.5912466775807,208.9211936365359,209.77029418945312,2756734.0
2024-01-12T00:00:00,210.57693024907547,212.6572239445611,209.64291448885947,212.19021606445312,2605473.0
2024-01-15T00:00:00,213.97332671473754,214.52523685908292,206.92578994994747,210.78919982910156,3422547.0
2024-01-16T00:00:00,209.94011193187424,211.08640286202908,208.53910120057054,210.32220458984375,2376447.0
2024-01-17T00:00:00,208.28435564146656,209.98255664472967,207.5626150325816,209.43063354492188,2472581.0
2024-01-18T00:00:00,209.515551331263,211.34111224952346,208.32681579698811,209.98255920410156,2428259.0
2024-01-19T00:00:00,210.57691381221392,211.51092949952408,207.94469720706334,208.36924743652344,2669349.0
2024-01-22T00:00:00,209.26082068625666,210.661844318831,207.52016202798018,208.53909301757812,3710984.0
2024-01-23T00:00:00,209.77029418945312,210.91657216214367,207.77490270759913,209.77029418945312,3024903.0
2024-01-24T00:00:00,211.80812327197668,213.08177405888725,210.15237984024213,212.36004638671875,2552169.0
2024-01-25T00:00:00,212.06285382286634,213.08177185058594,209.89764491630865,213.08177185058594,3656843.0
2024-01-26T00:00:00,202.76520395247283,215.9262618297717,200.8122701923342,215.1620635986328,9320555.0
2024-01-29T00:00:00,215.3743476231864,215.4592628600139,209.8127494296292,209.85519409179688,5904982.0
2024-01-30T00:00:00,210.91656747969495,211.93549848557188,209.64291667859476,211.46849060058594,4785622.0
2024-01-31T00:00:00,211.42603077427336,213.29404933845953,211.29867087799198,212.19021606445312,4663224.0
2024-02-01T00:00:00,212.19020667034852,216.39326444899652,211.6382965359024,215.03469848632812,3566787.0
2024-02-02T00:00:00,217.36974603470122,219.28022231820933,216.8178358464086,218.5160369873047,3079512.0
2024-02-05T00:00:00,219.4075712137171,219.49248644900035,214.73751831054688,214.73751831054688,2394147.0
2024-02-06T00:00:00,216.60554596987075,219.06793227417523,215.58661498964554,218.89810180664062,4037276.0
2024-02-07T00:00:00,219.06793728261232,220.42650331647573,218.09147685319206,220.0868682861328,2656694.0
2024-02-08T00:00:00,220.42649890919995,222.54925019701486,220.38402833594887,221.5303192138672,2273808.0
2024-02-09T00:00:00,222.03977961517046,224.6295257619381,220.34157862384984,221.23312377929688,3038379.0
2024-02-12T00:00:00,222.46434533652703,223.56816569266545,221.99735039642826,223.4832763671875,2011150.0
2024-02-13T00:00:00,223.73800187892775,224.62954711914062,223.14362111045705,224.62954711914062,2589919.0
2024-02-14T00:00:00,224.12009733923153,226.3277380077339,223.90782220476075,225.73338317871094,2396912.0
2024-02-15T00:00:00,227.00702974243313,230.1911566999785,226.83719927303412,228.6203155517578,3035780.0
2024-02-16T00:00:00,229.72413603573762,230.44587666248142,228.32312535587698,229.25714111328125,3118134.0
2024-02-19T00:00:00,228.83259094739472,230.23360162783965,228.62031581664576,229.9788818359375,1778723.0
2024-02-20T00:00:00,229.46942215244266,232.9507395674111,229.2995916785448,232.65354919433594,2519462.0
2024-02-21T00:00:00,232.73845963849544,234.52157592773438,231.37989361276618,234.52157592773438,2491658.0
2024-02-22T00:00:00,236.09238185904115,237.87549807793735,235.3281965973687,236.30465698242188,3004067.0
2024-02-23T00:00:00,237.0688890200153,239.48880490952953,236.85661387795312,238.42742919921875,2625224.0
2024-02-26T00:00:00,238.42741876894377,239.95581527242567,237.32359844350557,238.17269897460938,2253278.0
2024-02-27T00:00:00,238.17268385037133,240.55015482149307,237.66321838156236,238.89442443847656,2655582.0
2024-02-28T00:00:00,238.89442049798475,243.0974522432283,238.89442049798475,242.5880126953125,2416571.0
2024-02-29T00:00:00,242.8427374962763,243.2672877366544,240.80490152495943,242.07855224609375,3960848.0
2024-03-01T00:00:00,244.96551013874,250.9941292622612,244.92306547598332,246.19671630859375,4529340.0
2024-03-04T00:00:00,246.23916597028182,247.17318178232287,244.83815520846676,245.7721710205078,2037980.0
2024-03-05T00:00:00,246.66370193950144,249.76291366605366,246.4089821475898,248.7864532470703,3225755.0
2024-03-06T00:00:00,248.4468285395855,250.18747431909298,247.6401726442083,249.93275451660156,2408935.0
2024-03-07T00:00:00,248.78645351046927,252.0130251363934,248.23454335241533,250.14501953125,1987322.0
2024-03-08T00:00:00,250.48465037505898,253.37158692569702,249.635549865313,253.03195190429688,2409770.0
2024-03-11T00:00:00,252.0555011989428,253.4140672493082,250.5695752497133,251.63095092773438,2056873.0
2024-03-12T00:00:00,252.69230806732432,257.8293556070769,251.50357257764912,256.9802551269531,4423798.0
2024-03-13T00:00:00,256.85294108206654,258.67850225767154,255.3670149766331,258.3388671875,2609873.0
2024-03-14T00:00:00,258.3388367581671,260.58894798457305,257.6595666978342,259.0605773925781,3019222.0
2024-03-15T00:00:00,258.8482978139977,264.32498060166176,258.80582724064897,261.3955993652344,5926881.0
2024-03-18T00:00:00,262.41450918501795,263.0513345843466,258.9756623936401,259.61248779296875,2951188.0
2024-03-19T00:00:00,259.5700481143027,260.7587837000379,257.19255103034,259.9945983886719,4363161.0
2024-03-20T00:00:00,259.9946038910344,261.73524968778895,258.3812920842946,260.5889587402344,3121634.0
2024-03-21T00:00:00,262.3720457811562,265.1316223144531,262.03241077494073,265.1316223144531,3749917.0
2024-03-22T00:00:00,265.1316127795733,268.6129297711864,264.6646179018827,267.4241943359375,2847501.0
2024-03-25T00:00:00,267.5090989840833,269.0374954134324,265.59862288176487,267.33929443359375,2584962.0
2024-03-26T00:00:00,267.5515906186657,270.77816236936985,267.21195557845886,270.01397705078125,3423456.0
2024-03-27T00:00:00,270.26866100749197,272.6461577986014,269.2072854523062,269.97149658203125,4056798.0
2024-03-28T00:00:00,270.0165274615593,271.2316073286366,261.1059875488281,261.1059875488281,6086699.0
2024-04-02T00:00:00,261.91604524324987,265.87628235823826,259.9359129520042,263.1761169433594,4711601.0
2024-04-03T00:00:00,261.0159615631324,261.0159615631324,255.16560380395873,258.8558349609375,4375661.0
2024-04-04T00:00:00,259.5758822371096,262.2760475047651,259.03584369007825,261.46600341796875,2346966.0
2024-04-05T00:00:00,259.3058621589705,261.73599428311053,257.6857466087106,261.5559997558594,2702154.0
2024-04-08T00:00:00,264.25618040358415,266.1463015895612,263.3561253119285,264.34619140625,2699464.0
2024-04-09T00:00:00,264.6161659292372,265.78622642423784,261.55598446981367,262.0060119628906,2991085.0
2024-04-10T00:00:00,263.62611404555264,264.16615255961744,258.315794836832,262.2760314941406,2182384.0
2024-04-11T00:00:00,258.31581180424234,258.76583935093964,250.12530496085142,254.71559143066406,4883259.0
2024-04-12T00:00:00,257.14573500099726,259.7558891142197,254.80558641181514,255.97564697265625,3340538.0
2024-04-15T00:00:00,255.975647306206,261.46598853134526,255.88563630890866,258.3157958984375,2814699.0
2024-04-16T00:00:00,256.15565441063876,256.15565441063876,252.55543446802264,254.26553344726562,4054978.0
2024-04-17T00:00:00,262.1860066449786,263.6261001172327,254.71556124218932,259.30584716796875,4797897.0
2024-04-18T00:00:00,264.5261837159096,265.8762663420209,257.3257430433159,263.0860900878906,4049958.0
2024-04-19T00:00:00,247.5151523254023,253.63551601408426,247.5151523254023,252.19544982910156,11952420.0
2024-04-22T00:00:00,253.27548326558897,254.71557682594948,250.93533466344067,254.35556030273438,3657773.0
2024-04-23T00:00:00,255.25561534452217,257.4157419513129,252.28541722612238,254.35556030273438,5794591.0
2024-04-24T00:00:00,255.07557865307794,256.24566662048795,252.73543018575643,254.445556640625,3563861.0
2024-04-25T00:00:00,253.81550687207167,255.25560034782424,247.69514393449626,249.40524291992188,3455729.0
2024-04-26T00:00:00,251.38536050947238,254.17553661392495,250.4853054736812,253.1854705810547,2883612.0
2024-04-29T00:00:00,253.54553055600877,257.05573992342124,253.54553055600877,256.065673828125,2616132.0
2024-04-30T00:00:00,256.51570093892707,257.32574502733917,254.7155907568995,255.0756072998047,1746439.0
2024-05-02T00:00:00,252.91546669350015,253.00547769116153,248.77520800857627,249.76527404785156,3981479.0
2024-05-03T00:00:00,247.5151371121626,247.78514263837582,242.29482884370614,244.3649444580078,5955017.0
2024-05-06T00:00:00,245.62501688087184,248.7752095459884,244.5449673047606,247.24513244628906,2525634.0
2024-05-07T00:00:00,248.3251816780404,249.94529724121094,244.81497249242116,249.94529724121094,2901931.0
2024-05-08T00:00:00,250.12529062616238,251.92540070978714,249.31524658203125,249.31524658203125,2000400.0
2024-05-10T00:00:00,252.28541722612238,256.15567038630996,250.48530714254676,254.35556030273438,3290108.0
2024-05-13T00:00:00,254.35557488680658,254.9855969716818,253.36550879057222,254.71559143066406,2134243.0
2024-05-14T00:00:00,254.7155608593578,256.1556543294475,254.1755223746369,255.61561584472656,2204068.0
2024-05-15T00:00:00,256.5157003848151,258.9458601123034,254.98559574639629,258.2257995605469,2904537.0
2024-05-16T00:00:00,258.85583413068423,259.6658781704717,255.2556139827401,255.52561950683594,2483410.0
2024-05-17T00:00:00,254.715562063538,256.4256610503235,253.63548508899004,255.79563903808594,2264780.0
2024-05-20T00:00:00,256.33566318125,258.6758117675781,255.61563013968748,258.6758117675781,1944781.0
2024-05-21T00:00:00,258.31581275692594,258.49583476326944,254.89561437641333,256.2456970214844,2215533.0
2024-05-22T00:00:00,256.5156695415731,258.13575752009956,255.16558707030165,256.7856750488281,2273581.0
2024-05-23T00:00:00,257.2357183207976,259.7558889022837,256.60569627605105,257.7757568359375,2496784.0
2024-05-24T00:00:00,257.4157403150109,258.3157953510774,255.07559172773807,257.7757568359375,1609181.0
2024-05-27T00:00:00,258.4057917118255,258.4057917118255,256.51567074964424,256.9656982421875,1371352.0
2024-05-28T00:00:00,257.59577847244657,258.49583356498835,254.5355691838034,256.065673828125,2217942.0
2024-05-29T00:00:00,255.43560811808774,259.575866775377,253.36549252319304,253.635498046875,2140456.0
2024-05-30T00:00:00,253.81550650193344,255.88562198640375,253.0954734988564,255.25559997558594,1795962.0
2024-05-31T00:00:00,255.88563684491004,255.97564784239594,252.9154662003754,253.81552124023438,16500827.0
2024-06-03T00:00:00,256.42567623513884,260.2959294002059,255.7056431878008,256.6957092285156,3030906.0
2024-06-04T00:00:00,256.60569835807195,256.60569835807195,249.04524148727032,250.75534057617188,2958827.0
2024-06-05T00:00:00,253.09547217230036,258.1357581024187,252.5554336890739,257.3257141113281,3006324.0
2024-06-07T00:00:00,257.9557660631493,257.9557660631493,245.44500717452016,247.6951446533203,5455027.0
2024-06-10T00:00:00,245.80503730897217,246.43505935747558,243.64491070303194,245.17498779296875,3462313.0
2024-06-11T00:00:00,246.25506620501776,248.0551762979382,242.65484601917686,244.0049285888672,2815815.0
2024-06-12T00:00:00,244.81495715347714,248.05516060930228,244.6349351685708,246.705078125,2855099.0
2024-06-13T00:00:00,246.5250726346765,246.5250726346765,241.8448028564453,241.8448028564453,5249990.0
2024-06-14T00:00:00,242.2948303735343,242.65484689992508,235.90443402697184,237.2545166015625,4486521.0
2024-06-17T00:00:00,238.5145887184766,239.68464929877467,236.98448414347115,237.7945556640625,2769785.0
2024-06-18T00:00:00,239.8646705742059,241.3947751446062,236.80448890090557,238.60459899902344,2798872.0
2024-06-19T00:00:00,238.24458127725578,240.0446913663397,237.3445262327138,238.42457580566406,1986998.0
2024-06-20T00:00:00,238.784591994564,242.56483416333023,238.784591994564,241.12474060058594,4118337.0
2024-06-24T00:00:00,238.33456350705274,244.27493226211143,238.06455798216368,244.18492126464844,2465314.0
2024-06-25T00:00:00,243.01486355325824,243.46489107835686,240.9447479248047,240.9447479248047,1991965.0
2024-06-26T00:00:00,241.57476746731032,243.28486655140173,240.04469037838643,241.48475646972656,2719631.0
2024-06-27T00:00:00,241.39477490880245,242.654846482754,239.95468133821484,240.4047088623047,2097349.0
2024-06-28T00:00:00,242.5648350210308,245.35501115855755,241.8448019708627,244.0049285888672,3004837.0
2024-07-01T00:00:00,246.43505924752213,247.7851418090699,244.90498215826798,246.07504272460938,2015109.0
2024-07-02T00:00:00,244.54496702680095,244.90498355176217,239.14463674988227,239.8646697998047,2827335.0
2024-07-03T00:00:00,240.76472598710998,242.02479756419666,238.06456083585266,240.49472045898438,3038087.0
2024-07-04T00:00:00,241.84480225801855,244.2749344058465,241.3947747342541,241.75479125976562,1533077.0
2024-07-05T00:00:00,242.1148068107813,244.90498294039068,239.23461968328124,239.774658203125,1786401.0
2024-07-08T00:00:00,240.31469732288124,241.124741370919,237.7945541806526,239.8646697998047,2772579.0
2024-07-09T00:00:00,239.68464942031673,239.86467141776174,236.35446220758723,236.89450073242188,1863898.0
2024-07-10T00:00:00,237.3445260650782,239.774658203125,236.35446002328132,239.774658203125,1849846.0
2024-07-11T00:00:00,241.2147526225477,242.65484619140625,239.77465905368916,242.65484619140625,2396118.0
2024-07-12T00:00:00,242.65485919882,248.3251953125,242.38482618971514,248.3251953125,2740091.0
2024-07-15T00:00:00,246.70509409835753,246.79510509663862,244.81497300445545,245.89505004882812,2009251.0
2024-07-16T00:00:00,244.8149715361275,248.14518618005278,244.0049274914565,247.9651641845703,2059086.0
2024-07-17T00:00:00,243.73488095579768,245.08496344440255,237.97453449791666,244.0949249267578,4628296.0
2024-07-18T00:00:00,248.4151916327435,263.2660998281792,244.54496593850874,258.4958190917969,7284469.0
2024-07-19T00:00:00,258.49581787818164,260.83593900277873,253.09548765064997,253.27548217773438,2992961.0
2024-07-22T00:00:00,254.80557052280528,259.84588390808915,254.71555953123806,257.68572998046875,2771376.0
2024-07-23T00:00:00,257.8657696406015,259.9358852510653,250.57531830385935,253.00547790527344,3387608.0
2024-07-24T00:00:00,249.49526992458465,250.48530850192412,243.1048735997107,243.55490112304688,5150628.0
2024-07-25T00:00:00,241.21475132179827,243.3748779296875,239.68464676298086,243.3748779296875,2078694.0
2024-07-26T00:00:00,243.37487771010188,246.0750428344022,243.28486671245852,245.17498779296875,1574295.0
2024-07-29T00:00:00,245.9850332105796,247.42512677841597,243.19488454055303,244.0049285888672,1639639.0
2024-07-30T00:00:00,244.72496141040511,247.60514854338717,244.18492288953348,245.80503845214844,2496087.0
2024-07-31T00:00:00,247.51513568095743,249.04524023398514,245.44502007862576,245.9850311279297,2481811.0
2024-08-01T00:00:00,241.84480068042384,243.28486677307612,237.79455299296419,239.6846466064453,3551987.0
2024-08-02T00:00:00,237.61453299990967,237.70454399833395,231.94419717668467,233.5642852783203,4113298.0
2024-08-05T00:00:00,219.97344971622798,227.17389014862496,219.3434139251433,226.6338653564453,5611547.0
2024-08-06T00:00:00,228.88400257062142,229.96406588674455,223.21365299378726,225.1937713623047,3104037.0
2024-08-07T00:00:00,226.90388464269262,230.68409938958865,226.36384611670735,228.70399475097656,2182590.0
2024-08-08T00:00:00,226.99388043067268,230.9541308833758,225.46378959533857,230.77410888671875,2191837.0
2024-08-09T00:00:00,230.95413154158814,233.11425817012787,229.69404623014816,230.41409301757812,1663717.0
2024-08-12T00:00:00,231.6741643242329,232.48420837555008,229.60404869670003,230.14407348632812,1332604.0
2024-08-13T00:00:00,231.22413695068008,232.03418100252748,229.60404884698528,231.31414794921875,1197718.0
2024-08-14T00:00:00,232.3942241058178,234.28431773038278,232.3942241058178,233.47427368164062,1286300.0
2024-08-15T00:00:00,234.2843184569629,238.33456618073484,233.56428540418133,237.2545166015625,1755964.0
2024-08-16T00:00:00,237.6145318154416,239.5046529029281,235.7244107279551,237.97454833984375,1995657.0
2024-08-19T00:00:00,237.97453431911242,238.8745893108394,237.16449032005787,237.70452880859375,1808769.0
2024-08-20T00:00:00,238.5145887184766,238.96461624436054,236.89450061229465,237.7945556640625,2391546.0
2024-08-21T00:00:00,237.6145337872011,239.14463836298248,235.81442368275262,236.89450073242188,1816367.0
2024-08-22T00:00:00,237.0744938913025,238.96461498354242,236.71447736599495,238.06455993652344,1647882.0
2024-08-23T00:00:00,238.42457606267783,241.84480171612424,238.33456506462656,241.21475219726562,1745228.0
2024-08-26T00:00:00,240.7647246177858,242.56483470838606,239.86466957248567,241.66477966308594,1322140.0
2024-08-27T00:00:00,241.6647811573338,242.20481968135306,239.1446380019111,239.59466552734375,1632865.0
2024-08-28T00:00:00,240.04469299316406,241.5747700987549,238.96461594539377,240.04469299316406,1502985.0
2024-08-29T00:00:00,240.3146969825306,243.55490063759282,240.13467498655484,242.56483459472656,1670739.0
2024-08-30T00:00:00,247.15512107798497,247.15512107798497,243.91491741950261,245.35501098632812,4259831.0
2024-09-02T00:00:00,245.35501199719016,246.07504504981938,240.94474774796066,242.29483032226562,2129499.0
2024-09-03T00:00:00,242.11480686756852,244.45495547577366,238.60459768901086,239.3246307373047,2312983.0
2024-09-04T00:00:00,234.9143670772289,237.61453221604762,233.65429550594686,234.82435607910156,2510863.0
2024-09-05T00:00:00,234.19433443278805,235.63440053531846,231.58415282007618,231.67416381835938,1949026.0
2024-09-06T00:00:00,231.13412591998517,233.2042690160853,228.79399102955708,229.2440185546875,2120947.0
2024-09-09T00:00:00,229.6940457506992,231.2241365872002,227.80393838810977,229.4240264892578,1757206.0
2024-09-10T00:00:00,229.15402201851728,229.15402201851728,223.84368896484375,223.84368896484375,2922670.0
2024-09-11T00:00:00,224.11370777836788,227.71392798364286,223.6636802527085,224.9237518310547,1846046.0
2024-09-12T00:00:00,228.2539668689031,230.5941154995327,225.37377971312816,226.81387329101562,1712604.0
2024-09-13T00:00:00,227.26390078361786,230.05407694020394,227.26390078361786,229.3340301513672,1463299.0
2024-09-16T00:00:00,228.88400268554688,229.9640660022123,227.62391737131202,228.88400268554688,1193922.0
2024-09-17T00:00:00,229.5140380270562,235.90443438327037,229.33402976358892,234.55435180664062,2732451.0
2024-09-18T00:00:00,234.46434068908832,235.45440673828125,232.75424158639157,235.45440673828125,2146312.0
2024-09-19T00:00:00,237.16450364101922,239.23461925126526,234.01431099303605,238.33456420898438,4393297.0
2024-09-20T00:00:00,237.52452176412385,237.7945547591268,232.3042134707366,235.36439514160156,5124474.0
2024-09-23T00:00:00,235.18437183654737,236.5344544015505,232.39422317620762,236.0844268798828,1998099.0
2024-09-24T00:00:00,237.70454323938452,241.12474142858423,237.3445267143372,239.41464233398438,2159350.0
2024-09-25T00:00:00,239.41464347071468,241.3047645705625,238.15457189331624,240.04469299316406,1898128.0
2024-09-26T00:00:00,242.4748226144761,246.16505377702845,240.94474552488126,245.62501525878906,2625298.0
2024-09-27T00:00:00,245.62501591360112,247.2451314726383,242.56483425875322,245.26499938964844,3175890.0
2024-09-30T00:00:00,243.91491854355831,244.5449680655418,240.67471487014384,241.394775390625,3140151.0
2024-10-01T00:00:00,242.11480686756852,244.45495547577366,236.2644490808057,239.3246307373047,3881452.0
2024-10-02T00:00:00,239.77465957579994,241.48475867551187,236.9844834302172,238.60459899902344,1886217.0
2024-10-03T00:00:00,241.66477868509227,245.62501537488615,238.06455851846147,239.6846466064453,3146647.0
2024-10-04T00:00:00,239.59466227405494,246.7951025832076,239.1446347547329,246.43505859375,3085331.0
2024-10-07T00:00:00,246.61508189889537,247.06510942060868,244.36494429032882,245.71502685546875,1920726.0
2024-10-08T00:00:00,243.19488519528488,244.72496229788644,242.38481367728963,243.64491271972656,1931625.0
2024-10-09T00:00:00,243.10487294586108,245.35501055649013,239.5946637667798,243.9149169921875,2415185.0
2024-10-10T00:00:00,243.91491661573784,245.08497718445906,241.30476248493662,242.02479553222656,1913164.0
2024-10-11T00:00:00,241.21475345286373,241.84480297500193,237.1645057269761,240.9447479248047,2235792.0
2024-10-14T00:00:00,240.76472391050035,242.47482299804688,240.67471291273472,242.47482299804688,1758541.0
2024-10-15T00:00:00,242.11480796034613,243.01486300852585,239.594664812443,240.4047088623047,2024597.0
2024-10-16T00:00:00,238.60459811520528,242.11480730003288,238.60459811520528,240.7647247314453,2048778.0
2024-10-17T00:00:00,240.8547360175272,241.57476906796813,238.33456540598343,238.51458740234375,2918772.0
2024-10-18T00:00:00,232.03417792516123,248.6851961364684,231.314144881402,246.8850860595703,8540393.0
2024-10-21T00:00:00,245.7150275684422,246.43506061827273,241.8448018574778,244.9049835205078,2773628.0
2024-10-22T00:00:00,245.1749874652868,248.68519662868573,240.85473425918042,242.8348388671875,2912210.0
2024-10-23T00:00:00,241.75478978581268,246.1650539983154,241.57476779040437,243.8249053955078,3353840.0
2024-10-24T00:00:00,243.82490495955858,246.3450755532685,242.294827871324,242.3848114013672,1970567.0
2024-10-25T00:00:00,242.2048332211189,249.58526857029622,241.9348002102637,249.4952850341797,3004334.0
2024-10-28T00:00:00,250.57531662620443,252.8254542170782,248.59521202673542,251.83538818359375,2620307.0
2024-10-29T00:00:00,252.0154101778636,255.25561380222183,251.20536613864903,251.83538818359375,2780118.0
2024-10-30T00:00:00,251.11537254805393,251.6554111007974,247.24514661047888,249.8553009033203,2108418.0
2024-10-31T00:00:00,247.9651500743473,250.5753040553144,246.79508957279262,249.04522705078125,2647634.0
2024-11-01T00:00:00,250.21530124091868,250.66532876113618,247.4251251220703,247.4251251220703,1158076.0
2024-11-04T00:00:00,247.78512696909974,249.67524793556638,246.61506647283383,247.51512145996094,1916196.0
2024-11-05T00:00:00,247.51513509939778,250.93533325195312,245.98503054996516,250.93533325195312,2460688.0
2024-11-06T00:00:00,251.56536810020725,257.6857310061647,250.5753021240234,250.57530212402344,3283114.0
2024-11-07T00:00:00,250.5753032027229,263.53608953833816,250.5753032027229,262.5460510253906,4221281.0
2024-11-08T00:00:00,261.5559848887545,261.5559848887545,254.3555449879904,255.25559997558594,3359665.0
2024-11-11T00:00:00,257.05572471369675,257.50575223333993,254.17553760098025,255.1656036376953,2238510.0
2024-11-12T00:00:00,252.4654392283746,254.6255658352243,248.86521906112506,249.31524658203125,2762377.0
2024-11-13T00:00:00,248.59519973547995,248.95521623871954,243.7348808055007,246.34506225585938,2826908.0
2024-11-14T00:00:00,246.97508417960515,249.31523265105702,244.8149576934567,247.6951446533203,1936720.0
2024-11-15T00:00:00,245.445021984411,248.59521464481048,244.0049284175855,245.35501098632812,3431172.0
2024-11-18T00:00:00,245.6250019333442,246.97508442194905,242.2048039492113,244.0949249267578,2502288.0
2024-11-19T00:00:00,244.27493525068024,244.81497377456537,235.99444526527603,240.04469299316406,3395572.0
2024-11-20T00:00:00,241.48475752089,241.66477951684118,237.97454833984375,237.97454833984375,1825665.0
2024-11-21T00:00:00,237.9745477847665,242.6548449935781,235.90443217365754,242.47482299804688,2735782.0
2024-11-22T00:00:00,243.01486189194148,244.72496098212548,239.23461971995565,244.3649444580078,2379183.0
2024-11-25T00:00:00,245.26500093917645,246.70509451158543,242.74485778808594,242.74485778808594,8932594.0
2024-11-26T00:00:00,240.6747143315325,241.84480237438322,237.34452713457335,240.854736328125,2606764.0
2024-11-27T00:00:00,241.75478995092203,242.9248505193749,238.78459182965693,242.47482299804688,2623608.0
2024-11-28T00:00:00,243.91491622846195,246.2550648296889,243.55489970538858,245.17498779296875,1839182.0
2024-11-29T00:00:00,244.5449670528124,245.1749891046865,242.6548459621898,244.4549560546875,2572668.0
2024-12-02T00:00:00,243.10485861539155,251.11534254353137,240.94473213002217,249.04522705078125,2881185.0
2024-12-03T00:00:00,249.49526835847178,253.36549404786908,249.49526835847178,251.1153564453125,2522631.0
2024-12-04T00:00:00,254.71557595771657,259.1258401539438,253.63549892425274,256.51568603515625,3044442.0
2024-12-05T00:00:00,256.3356638278955,258.675812420127,255.16560326552974,258.3157958984375,2011586.0
2024-12-06T00:00:00,258.4958166925955,259.4858552557689,256.96571214814605,258.1357727050781,1674034.0
2024-12-09T00:00:00,259.2158654945401,260.6559591296767,257.865782861756,259.1258544921875,2319960.0
2024-12-10T00:00:00,257.6857613300099,260.0259100579643,256.4256896972656,256.4256896972656,2403042.0
2024-12-11T00:00:00,255.79563782879964,257.95576430018497,254.7155608593578,255.61561584472656,1873029.0
2024-12-12T00:00:00,255.88565206507636,257.5957787165274,254.2655638839668,254.71559143066406,2142559.0
2024-12-13T00:00:00,254.35557469586504,256.4256904221179,251.29539287412106,252.3754425048828,2786083.0
2024-12-16T00:00:00,251.38536180648413,251.92540032424512,246.43505908409185,247.4251251220703,2635785.0
2024-12-17T00:00:00,246.79510480779405,249.49526994806533,246.07504428988824,248.1451873779297,1884602.0
2024-12-18T00:00:00,248.1451715148826,250.12527601066697,247.1551055332412,248.05516052246094,1989492.0
2024-12-19T00:00:00,244.81497154651305,246.70509262915894,242.65484493813207,242.9248504638672,3338258.0
2024-12-20T00:00:00,241.21475345286373,241.66478097796235,236.98448372993653,240.9447479248047,5105675.0
2024-12-23T00:00:00,241.03473163472796,241.48475916016062,237.974549955286,239.59466552734375,1881639.0
2024-12-27T00:00:00,240.31469649960871,242.38481211166896,239.594663452153,241.57476806640625,1787730.0
2024-12-30T00:00:00,240.94474721048965,242.74485730554747,240.04469216296073,241.75479125976562,1774074.0
2025-01-02T00:00:00,242.11480582200312,243.82490490494106,239.41464070131164,242.8348388671875,2580692.0
2025-01-03T00:00:00,242.6548469077257,243.91491848388407,240.58470381278664,241.8448028564453,1699576.0
2025-01-07T00:00:00,246.9750830219256,256.6056823730469,246.0750280346245,256.6056823730469,4350974.0
2025-01-08T00:00:00,255.16560418197156,258.31579682619343,253.63549962492093,255.7056427001953,2724772.0
2025-01-09T00:00:00,258.04578982725735,259.21585038714386,256.1556687580178,257.7757568359375,2358340.0
2025-01-10T00:00:00,256.51568791449307,256.60569891252453,250.66533011995202,251.29537963867188,3768237.0
2025-01-13T00:00:00,250.75532482325642,251.925385319131,247.96514887059578,248.86520385742188,2165680.0
2025-01-14T00:00:00,252.0154264490597,252.73545953762778,249.67527770996094,249.67527770996094,2366370.0
2025-01-15T00:00:00,250.0352932966272,256.0656733934202,249.4052712134185,255.0756072998047,2653085.0
2025-01-16T00:00:00,256.5156875700893,257.23572061837376,253.0954893894882,253.99554443359375,3095218.0
2025-01-17T00:00:00,254.71557564205594,260.8359389107662,254.53555364753507,259.2158508300781,3241224.0
2025-01-20T00:00:00,260.0258801703466,260.74594064022284,257.685731711371,259.30584716796875,2108567.0
2025-01-21T00:00:00,258.49580311870017,261.28595160294753,258.04577562543466,260.2059020996094,2499060.0
2025-01-22T00:00:00,260.2059334558957,262.4560711933775,257.9557957184139,258.94586181640625,3346385.0
2025-01-23T00:00:00,259.57586703656875,261.916015625,257.95577895784703,261.916015625,1998155.0
2025-01-24T00:00:00,262.7260733960552,266.32629373027316,262.6360623941995,263.98614501953125,2504079.0
2025-01-27T00:00:00,261.8260045233725,263.80613658990876,260.20591644529725,262.8160705566406,2866350.0
2025-01-28T00:00:00,262.8160716428781,264.5261707251366,258.8558349609375,258.8558349609375,3827932.0
2025-01-29T00:00:00,264.61620666685974,279.28709421274925,262.81609641742534,278.8370666503906,10152646.0
2025-01-30T00:00:00,279.9171279694734,282.2572766550014,277.5769792839455,281.98724365234375,4648783.0
2025-01-31T00:00:00,282.70730765213875,282.7973186541263,275.86688351360294,276.0469055175781,3703729.0
2025-02-03T00:00:00,268.5764305297467,277.48697033326437,267.67637544923986,276.7669372558594,4750796.0
2025-02-04T00:00:00,277.2169654676369,278.6570590934366,274.15678368000096,276.40692138671875,2593941.0
2025-02-05T00:00:00,274.60679686426516,275.9568794177104,273.526719834509,274.6968078613281,2412954.0
2025-02-06T00:00:00,276.13687224290186,279.7370923632395,274.42677317924137,279.0170593261719,2918686.0
2025-02-07T00:00:00,279.46710257133395,281.53721827004705,278.56704749058895,280.00714111328125,1739064.0
2025-02-10T00:00:00,280.72717337368726,281.98724498956204,280.72717337368726,281.2672119140625,2052174.0
2025-02-11T00:00:00,281.3571928672612,283.69734131396547,280.7271433928606,283.6073303222656,2227582.0
2025-02-12T00:00:00,285.31744329435526,286.667525833603,283.78733876287464,284.77740478515625,2316269.0
2025-02-13T00:00:00,287.11756805560555,292.9679260253906,286.84756252092353,292.9679260253906,5061550.0
2025-02-14T00:00:00,292.96792640850845,295.0380420904468,291.3478382632959,294.40802001953125,3005937.0
2025-02-17T00:00:00,294.40801945914006,298.36825628128895,293.77796992192276,298.00823974609375,3223352.0
2025-02-18T00:00:00,298.2782289519812,302.7785040643149,297.468184925261,302.4184875488281,4598951.0
2025-02-19T00:00:00,301.8784484644018,302.2384649792,294.58799730286677,295.9380798339844,3971430.0
2025-02-20T00:00:00,295.9380974045465,298.5482790936796,294.67802579418975,296.7481689453125,2409023.0
2025-02-21T00:00:00,297.0181740964086,297.4682016329183,293.68795933923633,295.3080749511719,4073182.0
2025-02-24T00:00:00,298.7282564525711,300.79839948467054,294.9480418388451,296.4781188964844,3487826.0
2025-02-25T00:00:00,295.8480963273977,302.4184869923143,295.1280358302497,301.8784484863281,4014591.0
2025-02-26T00:00:00,308.5388642008259,309.1689137310919,303.8585943599241,308.0888366699219,5222393.0
2025-02-27T00:00:00,307.5488278706454,309.9789600749147,303.4085690623522,305.20867919921875,4662587.0
2025-02-28T00:00:00,301.51846350134315,302.5985406262593,299.7183532714844,299.7183532714844,11125356.0
2025-03-03T00:00:00,300.6183767741509,307.45880042179306,299.8983437449251,303.6785583496094,4161140.0
2025-03-04T00:00:00,299.44833565125464,300.25837972853236,287.2975920895852,287.74761962890625,4953190.0
2025-03-05T00:00:00,291.5278032024872,296.29811108801465,290.3577427127814,294.0479736328125,5249216.0
2025-03-06T00:00:00,295.6680894798439,301.5184474147571,292.8779132789236,300.52838134765625,3778300.0
2025-03-07T00:00:00,297.46820027181235,300.97840954702644,294.13798552987794,300.1683654785156,4316158.0
2025-03-10T00:00:00,298.6382615675801,298.998305569977,293.23793114163834,295.6680908203125,3834469.0
2025-03-11T00:00:00,294.58801717283336,294.58801717283336,281.0871909510262,282.3472900390625,5947199.0
2025-03-12T00:00:00,284.14739990234375,287.6576092228119,281.62722919642977,284.14739990234375,3658434.0
2025-03-13T00:00:00,274.51678308741054,279.5570967294006,270.01650795483005,277.9369812011719,8697117.0
2025-03-14T00:00:00,279.0170582976025,283.15731691422815,278.65704178039584,282.977294921875,3363232.0
2025-03-17T00:00:00,283.87733447952706,287.1175378928202,282.61726300421805,286.1274719238281,3118836.0
2025-03-18T00:00:00,287.29760517821626,291.0778202002308,285.4074839334578,289.2777099609375,3743575.0
2025-03-19T00:00:00,288.7376258657178,289.63768084343826,284.59739494220224,286.1274719238281,3560777.0
2025-03-20T00:00:00,281.3571911766019,283.51731762692646,276.40688880533804,281.087158203125,5305563.0
2025-03-21T00:00:00,278.29701051328027,280.27711498672,275.9568620742168,278.0269775390625,4482944.0
2025-03-24T00:00:00,280.54718047927753,281.267213558988,277.5769822235938,278.7470703125,2503566.0
2025-03-25T00:00:00,276.3169092740414,279.46710205078125,273.1667164973015,279.46710205078125,3506907.0
2025-03-26T00:00:00,280.99720682091225,281.17720135632055,277.12695349836855,278.5670471191406,2855260.0
2025-03-27T00:00:00,272.7166750492128,277.4869557379912,271.8166200160471,275.9568786621094,3271550.0
2025-03-28T00:00:00,273.97676191457657,274.8768169980459,270.0165250408116,271.3666076660156,3236181.0
2025-03-31T00:00:00,269.0264459284921,269.7465064409011,262.5460661218113,263.8961486816406,5075169.0
2025-04-01T00:00:00,263.8961316580431,264.7061756481858,260.83592274584004,262.7260437011719,4531896.0
2025-04-02T00:00:00,261.10595692259676,262.90606689453125,257.05570948574416,262.90606689453125,5859567.0
2025-04-03T00:00:00,253.4891009094821,258.966322427276,244.64870972389414,245.8018035888672,10256262.0
2025-04-04T00:00:00,242.53469548425682,244.2643436719975,229.85063321146595,235.52003479003906,9234244.0
2025-04-07T00:00:00,214.47600743410965,239.26759221003607,212.16981963920765,224.8538818359375,12533136.0
2025-04-08T00:00:00,229.75455408913822,232.5411989554689,222.93205850276357,227.54444885253906,6823075.0
2025-04-09T00:00:00,219.56885329199403,225.3343374046941,217.45484538314756,220.4336700439453,7494794.0
2025-04-10T00:00:00,249.83765029907227,249.83765029907227,230.61936950683594,230.61936950683594,7040028.0
2025-04-11T00:00:00,231.96463729181391,233.598202846769,224.85387944773663,232.25291442871094,4756749.0
2025-04-14T00:00:00,239.4597767907845,239.5558740601217,235.61612061545125,238.78713989257812,4161229.0
2025-04-15T00:00:00,241.6698775066627,246.76271011387368,240.51678360809385,246.090087890625,4099412.0
2025-04-16T00:00:00,242.15032517316706,243.20733642578125,239.55586033593133,243.20733642578125,4753055.0
2025-04-17T00:00:00,243.11124452604585,244.26433840555026,240.6128622351328,241.5737762451172,1654740.0
2025-04-22T00:00:00,240.22849793924343,241.5737716627496,237.63403309397637,241.381591796875,6046875.0
2025-04-23T00:00:00,238.1144891891135,248.49236319330808,234.7512902306864,241.95814514160156,7324429.0
2025-04-24T00:00:00,240.70896505784307,249.3571913473464,239.45977388354902,248.68453979492188,4668895.0
2025-04-25T00:00:00,252.81647903559212,254.7383070338486,251.18291350716692,253.29693603515625,5309226.0
2025-04-28T00:00:00,253.58521181071833,258.4858793283662,253.58521181071833,256.3718566894531,2847958.0
2025-04-29T00:00:00,257.4288576068549,258.0054118782404,252.14383054789653,254.06565856933594,4437063.0
2025-04-30T00:00:00,255.50703360812645,255.60313087566504,250.51029826857626,252.33602905273438,3538682.0
2025-05-02T00:00:00,256.66014849917923,258.00542230359224,251.37512122666615,256.3718566894531,4157330.0
2025-05-05T00:00:00,255.6031346520339,255.6992319209923,251.85557576081135,254.3539581298828,2855357.0
2025-05-06T00:00:00,254.06566064581006,254.16175791262108,245.22525460741312,249.1649932861328,4302796.0
2025-05-07T00:00:00,249.26108962336454,251.18291765334385,247.1470963852484,249.74154663085938,2895124.0
2025-05-08T00:00:00,250.99075923641942,254.83441540037825,250.6063701602081,252.5281982421875,2485628.0
2025-05-09T00:00:00,253.68130399324693,256.5640460840793,252.62429269498793,254.2578582763672,1890759.0
2025-05-12T00:00:00,257.8132252646573,268.6715715141539,257.3327682445407,265.02008056640625,4597997.0
2025-05-13T00:00:00,265.21226832881524,268.86372985850744,264.0591597800869,268.4793701171875,5610527.0
2025-05-14T00:00:00,267.99891616910963,269.7285790119499,264.15526006248984,267.3262939453125,2977826.0
2025-05-15T00:00:00,265.30836091694164,267.5184513841354,263.290435654635,267.0379943847656,2827218.0
2025-05-16T00:00:00,266.84584070266476,269.2481258032477,263.0982524859399,265.02008056640625,2921073.0
2025-05-19T00:00:00,263.963106296265,265.3083801269531,262.42563792200565,265.3083801269531,2557675.0
2025-05-20T00:00:00,265.6927119231355,267.13408287389393,262.80997002161865,265.4044494628906,1914037.0
2025-05-21T00:00:00,264.92400792628007,265.69272741493296,260.4077002873303,263.5787048339844,3272869.0
2025-05-22T00:00:00,262.233414590534,262.233414590534,256.1796683546307,257.9093017578125,3584967.0
2025-05-23T00:00:00,258.48586794295403,261.17641543327073,248.97282513640118,254.6422119140625,3226078.0
2025-05-26T00:00:00,258.4858776132367,260.59990023812264,258.1015178609219,260.0233459472656,1891330.0
2025-05-27T00:00:00,259.5428939382708,262.5217333945883,257.6210658148105,257.7171630859375,4509129.0
2025-05-28T00:00:00,257.7171395599496,258.77412147154905,255.8913795495128,256.7562255859375,2678780.0
2025-05-30T00:00:00,255.60313156955732,257.0445026122428,254.06566325907235,255.5070343017578,5666490.0
2025-06-02T00:00:00,252.33602667260743,254.7383117145691,246.7627077803952,248.49237060546875,4397282.0
2025-06-03T00:00:00,248.87673339318417,250.51029897161845,246.5705455896297,249.26109313964844,3552453.0
2025-06-04T00:00:00,249.8376495191726,251.85557486101206,248.97283275117545,250.6063690185547,3061356.0
2025-06-05T00:00:00,252.52819074534537,254.25785356263967,249.64544870795663,252.8164825439453,2692266.0
2025-06-09T00:00:00,252.81648465910212,255.02657517634987,252.52819285809022,254.16175842285156,2722976.0
2025-06-10T00:00:00,255.50704517829772,259.06243896484375,254.35396588992592,259.06243896484375,5133635.0
2025-06-11T00:00:00,258.87023340135727,259.35069041558575,254.54612027330083,255.5070343017578,3032220.0
2025-06-12T00:00:00,253.39304103401383,255.98749131598632,251.95166999132834,255.5070343017578,4912938.0
2025-06-13T00:00:00,250.22200761929432,254.35395554434874,250.02984240810022,254.2578582763672,5902605.0
2025-06-16T00:00:00,253.10473983330408,256.7562306007289,252.3360203689872,252.62428283691406,2407257.0
2025-06-17T00:00:00,250.7985621620913,254.25785853962566,250.5102996826172,250.5102996826172,2278675.0
2025-06-18T00:00:00,250.70246466950346,251.18292168470938,247.14710035184092,248.0119171142578,3347222.0
2025-06-19T00:00:00,245.22525599566373,249.0689267541005,245.22525599566373,247.33926391601562,4828904.0
2025-06-23T00:00:00,247.33926485283442,248.78063589431338,244.4565227698765,246.76271057128906,2429603.0
2025-06-24T00:00:00,253.20083753601358,255.60312252212378,250.51029008147734,251.37510681152344,3490440.0
2025-06-25T00:00:00,252.52818661923826,253.10474088224925,247.7236166354265,248.3001708984375,3598265.0
2025-06-26T00:00:00,248.39627944999336,248.8767364702061,245.9939943489296,248.10801696777344,1777742.0
2025-06-27T00:00:00,251.2790177536092,258.87023269268417,250.8946580082324,258.58197021484375,4248838.0
2025-06-30T00:00:00,259.44679126746496,260.0233455574577,254.35395857619653,255.02658081054688,3581268.0
2025-07-01T00:00:00,255.02657986741295,256.0835911743623,251.37511825224533,255.60313415527344,2293428.0
2025-07-02T00:00:00,257.33275047107344,261.94515514048464,254.35394061190655,260.5037841796875,2991675.0
2025-07-03T00:00:00,261.36862674098785,261.46472401283194,256.27579390572225,256.5640563964844,2820913.0
2025-07-04T00:00:00,254.64221162661602,255.98748537025583,251.08681807399748,252.14382934570312,3162113.0
2025-07-07T00:00:00,252.1438335847652,252.91258239746094,249.64545126184927,252.91258239746094,2576887.0
2025-07-08T00:00:00,252.91257106679066,256.852294921875,250.79854858254805,256.852294921875,3912511.0
2025-07-09T00:00:00,257.1405987027805,262.42562583509755,255.69922766669401,259.8311462402344,2838819.0
2025-07-10T00:00:00,260.7920628037835,266.1731872558594,260.11944057525466,266.1731872558594,2864179.0
2025-07-11T00:00:00,265.1161736159657,266.07708764090563,261.752974528676,262.32952880859375,2074672.0
2025-07-14T00:00:00,259.7350560380348,260.5038048730533,258.38978223271454,258.8702392578125,1628111.0
2025-07-15T00:00:00,258.8702186942105,261.94515514048464,258.8702186942105,260.5037841796875,1553139.0
2025-07-16T00:00:00,258.1015171707368,262.23343581541906,257.8132253636945,258.7741394042969,2626171.0
2025-07-17T00:00:00,264.251361995667,267.0380068572129,251.66338215928317,253.77740478515625,5603348.0
2025-07-18T00:00:00,252.72038332335265,255.50702807299112,248.58846483162338,249.64544677734375,3575200.0
2025-07-21T00:00:00,249.6454482550716,255.1226698460813,248.97282604242886,254.06565856933594,2422375.0
2025-07-22T00:00:00,253.68131366407277,258.9663410320743,252.43213710699862,257.813232421875,2099937.0
2025-07-23T00:00:00,263.29042735150125,276.2627659253891,262.3295133830651,275.39794921875,6918646.0
2025-07-24T00:00:00,277.8963340159555,278.5689562053283,273.9565808433506,275.4940490722656,3526256.0
2025-07-25T00:00:00,272.22693616199103,277.70415792713993,270.59339988669296,276.2627868652344,3215468.0
2025-07-28T00:00:00,282.0282546909768,282.41261442015065,272.3230175743065,273.0917663574219,2444821.0
2025-07-29T00:00:00,273.2839449631764,276.5510468085448,269.9207458496094,269.9207458496094,1354955.0
2025-07-30T00:00:00,271.7464794427538,275.59013561209844,270.30510837924965,272.5152282714844,1628495.0
2025-07-31T00:00:00,272.4191360183157,273.0917875902442,269.8246563263286,270.20904541015625,1969745.0
2025-08-01T00:00:00,266.65364858711314,267.71065990592587,260.4077072688564,262.6177978515625,2650836.0
2025-08-04T00:00:00,263.2904407059538,263.7708977145413,259.35068737058253,260.9842529296875,1882724.0
2025-08-05T00:00:00,262.3295262215782,264.44354878550564,260.599892723651,262.2334289550781,1952048.0
2025-08-06T00:00:00,263.4826487347496,267.90282998033933,263.4826487347496,266.55755615234375,2307401.0
2025-08-07T00:00:00,266.36538880503093,274.82142079179357,266.07709699255525,273.95660400390625,3387795.0
2025-08-08T00:00:00,274.9175151382732,278.0885197683862,274.9175151382732,277.6080627441406,1863930.0
2025-08-11T00:00:00,278.95331290006885,279.3377019466961,276.0705709989668,276.6471252441406,2221089.0
2025-08-12T00:00:00,277.7041606961793,279.4337942578048,275.78233259447563,278.8572692871094,1968965.0
2025-08-13T00:00:00,279.6259862063916,280.2986377656618,277.992420605175,278.76116943359375,1911630.0
2025-08-14T00:00:00,278.3767956787271,282.1243543888525,278.0885038857833,280.6829833984375,2207228.0
2025-08-15T00:00:00,282.79698134283126,284.71880936235374,281.1634451210981,282.1243591308594,2024855.0
2025-08-18T00:00:00,281.3556190488041,282.5087276261656,277.511962890625,277.511962890625,1881944.0
2025-08-19T00:00:00,278.8572482425706,285.8719085545053,278.8572482425706,285.487548828125,2568769.0
2025-08-20T00:00:00,283.85399944109065,286.0641193115239,282.9891826764729,284.9110107421875,1708542.0
2025-08-21T00:00:00,284.14228441631167,285.48755816502376,281.5478048600489,282.1243591308594,2780559.0
2025-08-22T00:00:00,282.22045396013186,288.2742004394531,281.8360648997314,288.2742004394531,3099014.0
2025-08-25T00:00:00,288.0820060580992,288.0820060580992,284.5266418457031,284.5266418457031,1580179.0
2025-08-26T00:00:00,283.4696232483221,285.19925667721844,281.54779529409615,282.9891662597656,2842928.0
2025-08-27T00:00:00,284.04620401515155,284.7188262670592,279.43379889958265,280.29864501953125,2735019.0
2025-08-28T00:00:00,281.1634443849252,283.18136966509394,280.1064331120017,280.8751525878906,2128970.0
2025-08-29T00:00:00,279.62597397392904,280.7790825037288,277.31978623909765,279.5298767089844,2182994.0
2025-09-01T00:00:00,279.91424136479714,280.9712526482341,276.8393341058888,277.22369384765625,1655586.0
2025-09-02T00:00:00,276.8393216540528,277.4158759031557,267.90280410487577,267.9989013671875,3251102.0
2025-09-03T00:00:00,266.8458362164677,268.76766426462444,264.34745388891025,266.07708740234375,2669735.0
2025-09-04T00:00:00,266.1731898401467,268.1911151948634,264.5396242375738,266.269287109375,2241800.0
2025-09-05T00:00:00,267.2301959611453,270.88165752273557,264.8279109009494,266.07708740234375,1969875.0
2025-09-08T00:00:00,265.02007186442864,265.11616913025046,259.73504481668084,263.38653564453125,4018120.0
2025-09-09T00:00:00,263.38653564453125,265.5966261345912,260.79205609118407,263.38653564453125,2009915.0
2025-09-10T00:00:00,263.86699050231374,265.02006970849015,261.08034576476064,262.041259765625,2467379.0
2025-09-11T00:00:00,262.4256358857175,265.1161835262165,259.15853394374875,263.9631042480469,2336948.0
2025-09-12T00:00:00,264.34743784315833,265.2122545473812,261.94515292877986,262.90606689453125,1730453.0
2025-09-15T00:00:00,263.6747973760849,265.8849171847009,261.46470689223713,262.1373291015625,1710991.0
2025-09-16T00:00:00,263.0982529816772,267.23020095732704,263.0021850372883,263.7709045410156,2309348.0
2025-09-17T00:00:00,264.0591482487863,265.8849082586711,263.3865260620415,264.2513427734375,2323142.0
2025-09-18T00:00:00,265.0200604162081,267.80673438082135,265.0200604162081,265.4044494628906,2009438.0
2025-09-19T00:00:00,265.6927229426038,267.7106482223114,264.34744919772146,264.6357116699219,4057698.0
2025-09-22T00:00:00,264.2513516446268,264.3474489101785,261.17641509558206,262.1373291015625,2072196.0
2025-09-23T00:00:00,262.6177866705325,268.5754652503583,262.521718729542,267.13409423828125,2260410.0
2025-09-24T00:00:00,265.98097845071226,266.17317297699253,260.88814607672737,261.84906005859375,2582872.0
2025-09-25T00:00:00,262.3295408098885,262.80999784433885,256.5640563964844,256.5640563964844,2841796.0
2025-09-26T00:00:00,262.2334408257022,266.4614568201798,259.6389904613674,265.2122802734375,4339835.0
2025-09-29T00:00:00,265.21225863665006,265.30835589966034,257.62104405511974,259.3506774902344,3618942.0
2025-09-30T00:00:00,260.0233504420426,260.599904742866,256.7562485037368,258.9663391113281,3164747.0
2025-10-01T00:00:00,258.48586335358794,260.31159406994226,257.42885209945615,259.44677734375,3005303.0
2025-10-02T00:00:00,260.5037975546041,264.2513563801322,260.5037975546041,263.5787048339844,3338328.0
2025-10-03T00:00:00,265.88492666243155,269.3441937474556,263.194349754917,265.02008056640625,2541041.0
2025-10-06T00:00:00,264.92401123046875,266.36538228324656,262.71389135468127,264.92401123046875,2513154.0
2025-10-07T00:00:00,264.2513690744424,264.2513690744424,256.0835994848687,259.06243896484375,4305835.0
2025-10-08T00:00:00,255.79533444395452,260.0233504420426,255.21878014313117,258.9663391113281,4370593.0
2025-10-09T00:00:00,259.44679146382344,260.59990004468153,257.2367008960764,257.52496337890625,2782688.0
2025-10-10T00:00:00,258.29368999059756,259.8311583657927,256.5640563964844,256.5640563964844,2741679.0
2025-10-13T00:00:00,257.5249556134079,259.4467836403736,250.7985575190278,255.3148651123047,3507053.0
2025-10-14T00:00:00,253.39303238205923,255.31486037335353,252.14382659285718,253.8734893798828,3123809.0
2025-10-15T00:00:00,256.0835881259469,256.6601424069441,253.48910852384404,254.83441162109375,3409174.0
2025-10-16T00:00:00,254.834420900747,257.7171630859375,254.25786659875493,257.7171630859375,3555755.0
2025-10-17T00:00:00,240.99723419614511,247.24316053541116,235.3278327972169,237.73011779785156,16454887.0
2025-10-20T00:00:00,240.22850141514988,246.37834518642407,239.45976727814457,245.89788818359375,4597145.0
2025-10-21T00:00:00,245.70570603965595,249.4532794244595,244.36043230914225,248.3001708984375,4115975.0
2025-10-22T00:00:00,248.10800445520192,249.93373517498134,245.60962221114005,246.3783416748047,3484069.0
2025-10-23T00:00:00,246.3783489631637,249.74154803453035,245.70571208136724,247.9158172607422,2156651.0
2025-10-24T00:00:00,248.87672895845205,250.8946542473932,248.30017468664482,250.31809997558594,2158601.0
2025-10-27T00:00:00,251.66337279670273,252.23992706637955,249.9337393124406,250.8946533203125,2085260.0
2025-10-28T00:00:00,250.22200787837406,250.70246489401023,248.97283136762758,250.5102996826172,1677919.0
2025-10-29T00:00:00,250.51029055796695,253.77739228033752,249.26108476795284,252.0477294921875,1852489.0
2025-10-30T00:00:00,252.04773912803444,252.72039068104752,250.60636807852276,251.18292236328125,1758877.0
2025-10-31T00:00:00,251.1829214254021,251.7594757080078,249.74155038127228,251.7594757080078,1365368.0
2025-11-03T00:00:00,250.22201026184797,252.91258716990095,248.10801696777344,248.10801696777344,2360198.0
2025-11-04T00:00:00,245.60962296351244,250.4141929380539,245.0330687016139,247.62754821777344,2572236.0
2025-11-05T00:00:00,246.85879798727976,254.54610990171287,245.99398126185957,253.20083618164062,2936358.0
2025-11-06T00:00:00,254.2578549693236,255.41093419579744,250.89465590709648,250.99075317382812,2733164.0
2025-11-07T00:00:00,251.75947006244357,254.3539496136051,248.01191129669675,250.8946533203125,2512494.0
2025-11-10T00:00:00,253.29694776334597,255.5070383337656,253.20085049403002,253.77740478515625,1953103.0
2025-11-11T00:00:00,254.45002160240023,258.19760975253246,254.06566185809066,257.332763671875,2381404.0
2025-11-12T00:00:00,258.4858560004621,259.6389644857613,256.8522905337494,257.9093017578125,2667611.0
2025-11-13T00:00:00,257.90931655364346,259.254590313824,257.2366943359375,257.2366943359375,2274151.0
2025-11-14T00:00:00,255.6992279014622,256.0835876464844,251.9516690691503,256.0835876464844,2463954.0
2025-11-17T00:00:00,255.50703312619683,256.27578194028683,253.585205078125,253.585205078125,2580651.0
2025-11-18T00:00:00,249.9337367335891,251.37510773052472,245.51352647803296,250.79855346679688,4163550.0
2025-11-19T00:00:00,250.70246277703674,259.06242650842114,250.70246277703674,257.332763671875,4174980.0
2025-11-20T00:00:00,258.1976009903805,259.3506801841785,254.06565323615985,255.69921875,2557765.0
2025-11-21T00:00:00,252.14384090644143,259.0624337977595,250.5103046159702,258.8702392578125,2858381.0
2025-11-24T00:00:00,260.69595882536225,266.5575401432726,260.69595882536225,263.38653564453125,5601908.0
2025-11-25T00:00:00,266.3653706727271,271.93866010396124,264.34744542184313,270.6894836425781,4523054.0
2025-11-26T00:00:00,271.55429993621846,274.052682179747,271.0738429403387,271.93865966796875,3329049.0
2025-11-27T00:00:00,271.9386643877348,275.1096688856703,271.36211011771877,273.3800354003906,1979976.0
2025-11-28T00:00:00,273.3800254457045,273.7643851701299,270.5933807876613,271.7464599609375,3774348.0
2025-12-01T00:00:00,270.5933833669716,272.8995710602739,269.24810965627586,271.8425598144531,1985990.0
2025-12-02T00:00:00,272.7074005749822,272.8995951183539,270.4973099500585,271.5543212890625,1734037.0
2025-12-03T00:00:00,269.72858112678057,271.7464771387623,266.9419069678169,268.67156982421875,2581408.0
2025-12-04T00:00:00,270.97775273843695,278.08851059782523,269.72857624650055,277.22369384765625,3228454.0
2025-12-05T00:00:00,282.3165336844353,286.06412190638804,281.1634544294085,285.0071105957031,3484316.0
2025-12-08T00:00:00,283.9500901618215,285.7758209171976,282.70091367781896,284.62274169921875,1938222.0
2025-12-09T00:00:00,282.31653117570255,282.8930854604772,277.0315039940114,278.6650695800781,3865407.0
2025-12-10T00:00:00,277.5119610105288,278.8572641165927,276.9354360505232,278.6650695800781,1833714.0
2025-12-11T00:00:00,280.01033175843645,286.1601754500707,277.9924065077275,284.4305419921875,2446342.0
2025-12-12T00:00:00,285.5836597028412,288.1781099731445,284.33445387660436,284.8149108886719,2234877.0
2025-12-15T00:00:00,284.430554214496,285.5836627858138,282.60482341388376,283.6618347167969,2756908.0
2025-12-16T00:00:00,282.50871151440765,285.19925894178067,280.2986210794061,280.5868835449219,2588429.0
2025-12-17T00:00:00,281.1634396341454,282.50871335660423,279.1455143880732,279.43377685546875,1663326.0
2025-12-18T00:00:00,278.6650508106284,283.46962065219094,278.6650508106284,282.89306640625,2671576.0
2025-12-19T00:00:00,282.2204707051356,284.3344640389271,281.54781913429247,282.700927734375,4335808.0
2025-12-22T00:00:00,282.700924464014,284.14229553505805,280.87516431420926,281.3556213378906,1631500.0
2025-12-23T00:00:00,281.45169766727594,281.83605739267034,280.2986184910927,280.49078369140625,1354086.0
2025-12-29T00:00:00,281.25954635448,284.43055090151506,280.8751572853386,282.3165283203125,1997249.0
2025-12-30T00:00:00,282.02825444090587,285.3914533865385,281.83605991410553,284.3344421386719,2316483.0
2026-01-02T00:00:00,285.29537000443344,286.1601867675781,283.1813767306096,286.1601867675781,2571070.0
2026-01-05T00:00:00,286.2562756168336,290.2921261591729,285.00709914289286,287.0250244140625,1809469.0
2026-01-07T00:00:00,293.4631255987696,296.53806208533643,290.77257816659926,293.0787658691406,6753658.0
2026-01-08T00:00:00,295.86542053634236,296.153712336856,291.25304497581067,294.71234130859375,3375403.0
2026-01-09T00:00:00,295.4810598608288,298.3638019082515,292.3100553385712,297.210693359375,3931159.0
2026-01-12T00:00:00,297.0185197534025,299.6129699278683,295.1927890399411,298.0755310058594,2755224.0
2026-01-13T00:00:00,295.7693084537982,295.9615029778466,291.2530303863343,295.38494873046875,3776432.0
2026-01-14T00:00:00,296.24977980927235,298.9403566526243,293.84749476597705,295.9615173339844,3667484.0
2026-01-15T00:00:00,297.88333850503915,303.8410170050471,297.88333850503915,303.1683654785156,3439756.0
2026-01-16T00:00:00,301.91920757021734,302.2074700565796,297.69116227177216,300.1895446777344,4809166.0
2026-01-19T00:00:00,293.5592275995998,296.34587234033796,291.0608453295432,294.5201416015625,3682550.0
2026-01-20T00:00:00,292.1178493004128,293.5592202673556,289.3312046292768,292.982666015625,3239676.0
2026-01-21T00:00:00,292.11785212680576,299.42080429492944,291.63739513317614,299.32470703125,5556483.0
2026-01-22T00:00:00,303.2644693131464,305.47455982002873,302.2074580305976,303.4566345214844,3729500.0
2026-01-23T00:00:00,302.7840270996094,304.12930092278145,301.43875327643735,302.7840270996094,3128193.0
2026-01-26T00:00:00,302.3996485939419,304.8019336023946,301.2465400599773,303.26446533203125,4051567.0
2026-01-27T00:00:00,303.64881988213483,305.57064785607236,302.01525437438085,303.072265625,3830895.0
2026-01-28T00:00:00,305.6667576672067,313.35406987851763,303.8410268819741,311.0478820800781,6695484.0
2026-01-29T00:00:00,313.2579555452424,314.41106404402746,308.16512321260393,310.3752136230469,4622063.0
2026-01-30T00:00:00,309.79868278341127,311.3361511230469,307.97295195968064,311.3361511230469,2951167.0
2026-02-02T00:00:00,308.3573090665751,318.1586439884479,307.7807547785645,317.4859924316406,4899374.0
2026-02-03T00:00:00,321.42573903625754,327.57558288679576,320.46482501821197,327.19122314453125,5005246.0
2026-02-04T00:00:00,328.63258686851196,338.433921364673,327.6716728718204,335.6472473144531,5778017.0
2026-02-05T00:00:00,332.57236115055815,335.07074356489835,330.4583384942465,332.7645263671875,3337307.0
2026-02-06T00:00:00,332.66844529101473,333.82152451958893,329.30524622266154,332.18798828125,2556406.0
2026-02-09T00:00:00,332.86060501883065,333.1488968148034,326.51856672941693,329.4974060058594,3170803.0
2026-02-10T00:00:00,329.68961227439183,330.6505263123092,328.34433848626145,329.9778747558594,2199473.0
2026-02-11T00:00:00,331.51533836803304,337.37691978094335,329.88177279689177,334.7824401855469,3891995.0
2026-02-12T00:00:00,336.704264229451,340.1635605405801,334.59027099609375,334.59027099609375,3851615.0
2026-02-13T00:00:00,332.1879717422027,332.5723314659242,326.23029338783465,330.2661437988281,3316514.0
2026-02-16T00:00:00,330.2661625795713,331.41924181630617,328.92085948289406,329.78570556640625,2206092.0
2026-02-17T00:00:00,329.6896172696861,330.266171566126,325.26940676333965,327.67169189453125,2750666.0
2026-02-18T00:00:00,328.056040402412,332.3801534902947,328.056040402412,332.18798828125,2737522.0
2026-02-19T00:00:00,331.32314687447575,334.0137237619482,329.401318808325,333.6293640136719,2380175.0
2026-02-20T00:00:00,334.59027777868965,338.1456421033587,332.5723524458943,337.3769226074219,3433534.0
2026-02-23T00:00:00,337.3769296774423,337.95348397386164,334.78245000594023,336.416015625,2134517.0
2026-02-24T00:00:00,336.41599716174153,339.5870016308615,335.5511804269605,339.39483642578125,2508459.0
2026-02-25T00:00:00,338.6260984081529,340.06746945358327,335.93555085325715,336.1277160644531,2631031.0
2026-02-26T00:00:00,336.41599168507906,339.9713558312481,335.74334016632855,336.7042541503906,2508362.0
2026-02-27T00:00:00,336.8003535719187,338.2417245572479,335.16678805863853,338.0495300292969,2903537.0
2026-03-02T00:00:00,329.6896078218348,332.4762526292067,326.1342141996496,331.0348815917969,3357252.0
2026-03-03T00:00:00,329.3052529085864,329.40132085267487,316.62117586336336,319.984375,3541672.0
2026-03-04T00:00:00,322.3866414687213,330.0739533368279,321.2335329585983,326.71075439453125,7056633.0
2026-03-05T00:00:00,325.74985682662304,329.5935129543708,322.38665771484375,322.38665771484375,2649377.0
2026-03-06T00:00:00,322.38666303088485,324.2123938567169,313.25797957695517,316.3329162597656,2295985.0
2026-03-09T00:00:00,305.955022475918,311.81660394664857,303.84102919656493,308.6455993652344,3780894.0
2026-03-10T00:00:00,317.0055221513161,322.38664640636097,316.3328999474155,320.6570129394531,3173817.0
2026-03-11T00:00:00,319.5039184771278,320.3687352486534,314.8915428124785,318.7351989746094,2164629.0
2026-03-12T00:00:00,317.96644522393734,321.61793611628366,315.4680628922833,321.0413818359375,2987857.0
2026-03-13T00:00:00,317.1016354031033,319.407823250172,311.3361511230469,311.3361511230469,2571033.0
2026-03-16T00:00:00,311.81661250106,312.2970695311078,307.5885965015928,307.78076171875,3530144.0
2026-03-17T00:00:00,308.3573002636844,312.0087911003305,307.1081237792969,307.1081237792969,2888317.0
2026-03-18T00:00:00,305.47457197602114,307.7807598412287,296.05762597443623,300.1895446777344,5257382.0
2026-03-19T00:00:00,294.03968382628335,294.7123353557932,282.70091036288943,283.2774353027344,5204467.0
2026-03-20T00:00:00,285.39145355295676,286.3523675379836,275.87841096614505,276.8393249511719,6858486.0
2026-03-23T00:00:00,266.5575354466926,289.1390142528343,265.69271871907057,285.6797180175781,5817919.0
2026-03-24T00:00:00,286.3523672907739,288.0820007324219,281.06734037768916,288.0820007324219,3057024.0
2026-03-25T00:00:00,291.54129944765674,294.4240414250392,289.7155687269348,291.9256591796875,4001394.0
2026-03-26T00:00:00,290.1960376520279,291.8296032362681,287.3132955561468,288.6585693359375,2705166.0
2026-03-27T00:00:00,288.6585627660884,290.0999337812234,284.7188094597656,288.37030029296875,1772423.0
2026-03-30T00:00:00,285.9680178328861,290.2921309170786,284.71881201370263,288.4664001464844,2880889.0
2026-03-31T00:00:00,289.1390242394633,294.9045083891027,287.409390724479,293.5592346191406,4024456.0
2026-04-01T00:00:00,301.7270066494765,303.26447496869514,297.787253245469,302.399658203125,4891628.0
2026-04-02T00:00:00,295.00061757054965,299.32473085741435,294.23189804945946,296.5380859375,2057436.0
2026-04-07T00:00:00,300.66997778323736,303.07226272769395,294.61623145311364,296.730224609375,4550525.0
2026-04-08T00:00:00,314.2188817739319,319.6000061035156,312.20095648474194,319.6000061035156,6308532.0
2026-04-09T00:00:00,316.5,322.3999938964844,314.79998779296875,322.3999938964844,5879517.0
2026-04-10T00:00:00,322.3999938964844,327.8999938964844,320.70001220703125,326.29998779296875,4585819.0
2026-04-13T00:00:00,320.20001220703125,323.0,318.5,320.6000061035156,3247637.0
2026-04-14T00:00:00,323.8999938964844,325.5,320.8999938964844,322.79998779296875,3375300.0
2026-04-15T00:00:00,322.6000061035156,324.29998779296875,318.6000061035156,318.6000061035156,3709452.0
2026-04-16T00:00:00,318.6000061035156,319.1000061035156,314.20001220703125,316.1000061035156,3744574.0
2026-04-17T00:00:00,316.1000061035156,328.70001220703125,315.29998779296875,328.29998779296875,6060040.0
2026-04-20T00:00:00,324.29998779296875,324.29998779296875,321.5,322.79998779296875,2465163.0
2026-04-21T00:00:00,324.0,326.5,319.6000061035156,320.1000061035156,2188443.0
2026-04-22T00:00:00,322.0,322.5,317.5,317.8999938964844,2302704.0
2026-04-23T00:00:00,315.0,318.8999938964844,314.29998779296875,317.20001220703125,1924948.0
2026-04-24T00:00:00,325.0,325.8999938964844,318.20001220703125,322.1000061035156,4290865.0
2026-04-27T00:00:00,322.0,324.8999938964844,318.6000061035156,319.5,2785521.0
2026-04-28T00:00:00,319.5,323.8999938964844,316.79998779296875,320.5,3379663.0
2026-04-29T00:00:00,319.79998779296875,322.3999938964844,317.5,318.20001220703125,2550144.0
2026-04-30T00:00:00,314.0,320.20001220703125,312.5,319.1000061035156,1797939.0
2026-05-04T00:00:00,320.6000061035156,322.29998779296875,312.1000061035156,312.70001220703125,2809358.0
2026-05-05T00:00:00,313.0,318.0,312.6000061035156,318.0,2516232.0
2026-05-06T00:00:00,321.70001220703125,332.6000061035156,321.0,330.6000061035156,4295861.0
2026-05-07T00:00:00,332.0,334.8999938964844,327.3999938964844,327.79998779296875,3999139.0
2026-05-08T00:00:00,325.6000061035156,325.6000061035156,322.0,323.79998779296875,4280379.0
2026-05-11T00:00:00,322.6000061035156,324.20001220703125,319.29998779296875,324.20001220703125,2233877.0
2026-05-12T00:00:00,320.8999938964844,322.20001220703125,318.29998779296875,319.0,2332654.0
2026-05-13T00:00:00,320.3999938964844,321.79998779296875,316.8999938964844,318.0,1528453.0
2026-05-15T00:00:00,322.0,322.3999938964844,313.8999938964844,317.20001220703125,2820184.0
2026-05-18T00:00:00,313.20001220703125,317.29998779296875,310.3999938964844,313.3999938964844,2183165.0
2026-05-19T00:00:00,312.20001220703125,315.29998779296875,307.8999938964844,310.20001220703125,2777731.0
2026-05-20T00:00:00,308.79998779296875,315.5,308.20001220703125,312.79998779296875,3447258.0
2026-05-21T00:00:00,313.5,315.20001220703125,310.0,313.1000061035156,3027585.0
2026-05-22T00:00:00,314.5,317.6000061035156,311.5,314.79998779296875,2801298.0
2026-05-25T00:00:00,318.29998779296875,323.6000061035156,318.29998779296875,322.0,2517715.0
2026-05-26T00:00:00,320.79998779296875,322.79998779296875,319.5,320.6000061035156,2118391.0
2026-05-27T00:00:00,320.8999938964844,328.79998779296875,320.5,325.20001220703125,3241260.0
2026-05-28T00:00:00,322.1000061035156,324.6000061035156,319.29998779296875,323.3999938964844,2388566.0
2026-05-29T00:00:00,324.0,327.5,321.8999938964844,325.5,7788139.0
2026-06-01T00:00:00,323.5,324.20001220703125,314.0,314.6000061035156,3190490.0
2026-06-02T00:00:00,319.1000061035156,328.6000061035156,319.1000061035156,327.20001220703125,3358504.0
2026-06-03T00:00:00,326.70001220703125,329.6000061035156,323.79998779296875,327.79998779296875,2749718.0
2026-06-04T00:00:00,327.3999938964844,332.3999938964844,324.1000061035156,325.79998779296875,1866679.0
2026-06-05T00:00:00,325.20001220703125,325.3999938964844,321.20001220703125,321.5,2095767.0
2026-06-08T00:00:00,317.3999938964844,323.8999938964844,315.6000061035156,323.6000061035156,2432606.0
2026-06-09T00:00:00,323.3999938964844,325.8999938964844,318.8999938964844,318.8999938964844,3410603.0
2026-06-10T00:00:00,319.1000061035156,323.0,305.29998779296875,306.0,4213424.0
2026-06-11T00:00:00,310.0,313.6000061035156,308.1000061035156,310.20001220703125,2345341.0
2026-06-12T00:00:00,317.5,321.5,314.29998779296875,315.1000061035156,3139176.0
2026-06-15T00:00:00,323.0,325.70001220703125,319.1000061035156,320.20001220703125,3737624.0
2026-06-16T00:00:00,320.79998779296875,322.70001220703125,317.0,319.3999938964844,2610424.0
2026-06-17T00:00:00,318.1000061035156,322.0,316.3999938964844,319.0,2925309.0
2026-06-18T00:00:00,319.20001220703125,321.6000061035156,315.8999938964844,321.6000061035156,4677255.0
2026-06-22T00:00:00,321.5,321.6000061035156,314.20001220703125,321.6000061035156,2929626.0
2026-06-23T00:00:00,316.5,318.6000061035156,315.29998779296875,317.5,3235792.0
2026-06-24T00:00:00,317.20001220703125,319.70001220703125,314.79998779296875,318.20001220703125,2999357.0
2026-06-25T00:00:00,319.8999938964844,332.0,319.1000061035156,329.1000061035156,3367058.0
2026-06-26T00:00:00,328.0,331.3999938964844,321.6000061035156,324.6000061035156,3088262.0
2026-06-29T00:00:00,325.3999938964844,326.70001220703125,320.79998779296875,323.5,2222081.0
2026-06-30T00:00:00,325.0,331.6000061035156,325.0,329.5,3440894.0
2026-07-01T00:00:00,330.0,330.70001220703125,325.70001220703125,327.5,2217111.0
2026-07-02T00:00:00,325.5,335.6000061035156,324.6000061035156,332.29998779296875,2803078.0
2026-07-03T00:00:00,337.1000061035156,339.6000061035156,335.20001220703125,337.70001220703125,2111412.0
2026-07-06T00:00:00,340.0,344.70001220703125,339.70001220703125,342.3999938964844,2529292.0
2026-07-07T00:00:00,341.0,345.0,340.20001220703125,340.20001220703125,3161006.0
2026-07-08T00:00:00,338.0,338.5,332.1000061035156,333.70001220703125,5148385.0
2026-07-09T00:00:00,336.79998779296875,336.8999938964844,330.8999938964844,334.3999938964844,2269239.0
2026-07-10T00:00:00,334.3999938964844,340.6000061035156,333.1000061035156,336.8999938964844,2590005.0
2026-07-13T00:00:00,334.6000061035156,337.1000061035156,332.5,335.29998779296875,1624302.0
2026-07-14T00:00:00,334.0,338.3999938964844,333.29998779296875,337.1000061035156,1785813.0
2026-07-15T00:00:00,338.0,342.0,335.0,338.5,2397880.0
2026-07-16T00:00:00,340.5,341.29998779296875,335.8999938964844,341.29998779296875,2867338.0
2026-07-17T00:00:00,345.5,350.6000061035156,334.3999938964844,339.1000061035156,4630839.0
2026-07-20T00:00:00,339.1000061035156,345.6000061035156,337.6000061035156,338.70001220703125,3162028.0
2026-07-21T00:00:00,339.79998779296875,342.1000061035156,336.3999938964844,339.5,2723736.0
2026-07-22T00:00:00,339.5,348.8999938964844,337.70001220703125,348.0,3005879.0
2026-07-23T00:00:00,348.20001220703125,354.20001220703125,346.0,352.0,3022821.0
2026-07-24T00:00:00,352.0,355.8999938964844,350.70001220703125,354.79998779296875,2534060.0
2026-07-27T00:00:00,356.5,361.70001220703125,355.5,355.5,3390808.0
2026-07-28T00:00:00,357.3999938964844,364.70001220703125,357.29998779296875,364.70001220703125,3455553.0
2026-07-29T00:00:00,364.0,367.20001220703125,362.3999938964844,364.1000061035156,3104843.0
2026-07-30T00:00:00,364.29998779296875,367.5,360.20001220703125,364.20001220703125,2077673.0
2026-08-03T00:00:00,366.20001220703125,371.8999938964844,366.20001220703125,369.3999938964844,2258497.0
2026-08-04T00:00:00,371.0,372.1000061035156,364.79998779296875,371.5,2557109.0
2026-08-05T00:00:00,372.5,374.5,362.5,366.3999938964844,3058399.0
2026-08-06T00:00:00,367.3999938964844,368.5,361.5,362.0,2102897.0
2026-08-07T00:00:00,359.1000061035156,362.1000061035156,354.79998779296875,355.6000061035156,3101359.0
2026-08-10T00:00:00,355.5,357.0,353.0,354.6000061035156,1930255.0
2026-08-11T00:00:00,354.3999938964844,354.6000061035156,349.79998779296875,350.1000061035156,755271.0
