timestamp,open,high,low,close,volume
2018-01-02T00:00:00,146.9771347382985,147.75069335927645,145.64488323313486,145.90274047851562,2924607.0
2018-01-03T00:00:00,146.46143700214665,146.59037219716888,144.65646230832803,146.54739379882812,2537287.0
2018-01-04T00:00:00,147.6217910411746,148.0085704034021,146.89119760072683,147.836669921875,2397358.0
2018-01-05T00:00:00,148.1804565136776,148.8680714882639,147.53581993409637,148.61021423339844,1322186.0
2018-01-08T00:00:00,150.02842267951087,150.0714010745451,147.3639195693654,148.09451293945312,2924276.0
2018-01-09T00:00:00,149.6416616107125,152.6069876175358,149.51272640987978,151.91937255859375,4462815.0
2018-01-10T00:00:00,152.13423319992086,152.13423319992086,149.77056573495034,150.6300811767578,3156013.0
2018-01-11T00:00:00,150.93090968685883,151.40363266535635,149.72758025615946,149.9424591064453,2761952.0
2018-01-12T00:00:00,150.5870759998195,152.39206335266525,150.07137469555107,151.7904052734375,2920431.0
2018-01-15T00:00:00,152.56395359538885,152.77883240326966,151.31765913271235,152.47799682617188,2423111.0
2018-01-16T00:00:00,152.13422499090584,152.30612544695876,150.41519420004812,151.31768798828125,2237110.0
2018-01-17T00:00:00,151.7474589580658,152.09125990024106,150.1573500913834,150.80198669433594,2214542.0
2018-01-18T00:00:00,151.05981361219878,153.33752390566332,149.77054066529521,152.43504333496094,3604828.0
2018-01-19T00:00:00,152.60695649600436,153.6813507080078,152.3490992620908,153.6813507080078,2308936.0
2018-01-22T00:00:00,153.89624472082568,154.6268249879072,153.46648699366065,154.1970672607422,2562676.0
2018-01-23T00:00:00,154.71276047440318,155.52929742054098,154.3259811962498,155.40037536621094,2044417.0
2018-01-24T00:00:00,155.09953288946403,155.18548966532265,152.1771861225477,152.43504333496094,2828816.0
2018-01-25T00:00:00,152.47803923897953,152.90779697428124,150.5871078266851,150.80198669433594,2665104.0
2018-01-26T00:00:00,151.10279041925043,151.919327320714,150.2432751303072,151.7904052734375,2738563.0
2018-01-29T00:00:00,151.70445233926006,151.79040911639558,149.08292801858022,149.5556640625,2644499.0
2018-01-30T00:00:00,148.69615118953348,149.0829304626586,147.75067908619377,148.8250732421875,2617113.0
2018-01-31T00:00:00,148.78211161827556,150.80196481200073,148.43829761082466,149.9854278564453,2354686.0
2018-02-01T00:00:00,150.54413588908727,151.96234434552906,150.2433133305687,151.6185302734375,2869882.0
2018-02-02T00:00:00,151.74745075613632,152.13423007396943,150.15734197539905,151.48959350585938,3788339.0
2018-02-05T00:00:00,150.41520518260796,150.5441272552699,146.24654996433824,147.23500061035156,3511994.0
2018-02-06T00:00:00,141.82003301605374,152.64993169243596,141.00349605505463,150.7589874267578,5952544.0
2018-02-07T00:00:00,152.86481264806935,152.86481264806935,148.13747814871022,151.2747039794922,4884653.0
2018-02-08T00:00:00,151.05982818603516,151.31768542332574,145.94571429295465,146.11761474609375,3466006.0
2018-02-09T00:00:00,145.6448765536838,146.37546986289598,143.06633044846012,143.45310974121094,2932135.0
2018-02-12T00:00:00,144.74239444478985,146.6763041793767,143.8399137274478,146.07464599609375,4072115.0
2018-02-13T00:00:00,146.11759788704765,146.71925596119712,144.95724701070318,145.47296142578125,2520024.0
2018-02-14T00:00:00,145.81680872858934,148.91106997411816,143.7969550424848,147.87965393066406,3746177.0
2018-02-15T00:00:00,148.39531818026694,149.9854268050679,147.5787812304353,149.72756958007812,3159973.0
2018-02-16T00:00:00,150.41520669426717,152.64995215407666,149.5556912274428,152.56399536132812,2870844.0
2018-02-19T00:00:00,152.99376133992723,152.99376133992723,151.66150967151827,151.8763885498047,1111312.0
2018-02-20T00:00:00,151.79041357817417,155.61525420020317,151.70445679851198,155.40037536621094,3729596.0
2018-02-21T00:00:00,155.35740563776045,156.90453595179167,154.06813256192842,156.73263549804688,2316501.0
2018-02-22T00:00:00,156.0879781663436,157.3342726839191,154.368947627574,157.20533752441406,2609373.0
2018-02-23T00:00:00,157.67808587278125,158.27974398535542,155.95905519961894,157.54916381835938,2082782.0
2018-02-26T00:00:00,157.8070382824607,159.09631142818287,157.8070382824607,158.58059692382812,1879780.0
2018-02-27T00:00:00,158.83845566105168,159.65499270461027,158.23679747712242,159.22523498535156,1899192.0
2018-02-28T00:00:00,159.9558151211495,161.50293229035734,159.2682002041884,159.74093627929688,3195743.0
2018-03-01T00:00:00,159.09630482975135,159.612006197553,157.5061961032437,157.76405334472656,2667032.0
2018-03-02T00:00:00,155.9590807711604,156.17395964053787,153.29459065997852,153.5954132080078,2838494.0
2018-03-05T00:00:00,153.16564766358056,157.11942390469932,153.12266926886227,156.81858825683594,2172068.0
2018-03-06T00:00:00,157.76407924589634,159.4831103177881,157.29134307809286,157.9789581298828,3729770.0
2018-03-07T00:00:00,157.5491805677035,158.53761806378915,156.7756088134427,158.19381713867188,3013318.0
2018-03-08T00:00:00,158.58059383916728,159.7409448938123,157.89297888512445,159.4401092529297,2783248.0
2018-03-09T00:00:00,159.82689969604888,160.8583156413562,159.0533410158597,160.04177856445312,2490045.0
2018-03-12T00:00:00,160.81532534064112,161.20210462056176,159.44009555074192,160.08473205566406,2470129.0
2018-03-13T00:00:00,160.38559855760968,160.98725678837116,157.20538069541965,157.93597412109375,2768664.0
2018-03-14T00:00:00,158.23678478750412,158.79546453167185,157.20535585186568,158.49462890625,2720363.0
2018-03-15T00:00:00,158.6235911540526,159.99880811101443,157.59217515753974,158.45169067382812,2355876.0
2018-03-16T00:00:00,159.01032209725216,159.01032209725216,155.35738226528827,155.78713989257812,3882733.0
2018-03-19T00:00:00,155.70120139611723,156.17393746465476,153.98217068519054,154.92764282226562,1616085.0
2018-03-20T00:00:00,155.31442000356517,155.70119928524733,151.5325577368633,154.41192626953125,2631647.0
2018-03-21T00:00:00,154.2400078592414,154.54084344060172,152.60693414227285,152.99371337890625,1874857.0
2018-03-22T00:00:00,152.69290160344525,152.9077804478718,149.59865411280114,150.5441131591797,2357878.0
2018-03-23T00:00:00,149.34079030017506,149.9424484150424,147.53580284040981,149.72756958007812,2723617.0
2018-03-26T00:00:00,149.9424798996275,150.67307333797973,147.19203285758468,147.44989013671875,1960399.0
2018-03-27T00:00:00,149.8135441300737,151.74745387414046,149.64164366474515,150.6300811767578,2786550.0
2018-03-28T00:00:00,149.8565339752358,151.9193659471219,148.91106167094125,151.6185302734375,3020650.0
2018-03-29T00:00:00,152.99374436203203,155.2284896942848,151.7904280232279,155.01361083984375,1544634.0
2018-04-03T00:00:00,153.509468749106,153.509468749106,151.1887664794922,151.1887664794922,2255928.0
2018-04-04T00:00:00,151.74745190673778,151.9193523698376,148.39533385804992,149.59866333007812,2185102.0
2018-04-05T00:00:00,151.74744161086045,154.06813049316406,151.27470553303695,154.06813049316406,2011716.0
2018-04-06T00:00:00,153.72436888910568,154.7987633792024,152.26318189044045,153.2516326904297,1150649.0
2018-04-09T00:00:00,154.49790404650122,156.0450344986508,152.9937519904157,153.93922424316406,2075448.0
2018-04-10T00:00:00,154.66981045764447,154.8846893310547,153.38053721718313,154.8846893310547,1927890.0
2018-04-11T00:00:00,151.74746086197615,152.9507772898523,150.45818763989507,151.83340454101562,3359656.0
2018-04-12T00:00:00,152.34913033103675,153.25162427620026,150.54414244070966,151.91937255859375,2671213.0
2018-04-13T00:00:00,153.85324293628375,153.85324293628375,151.7904114055496,152.2201690673828,2350069.0
2018-04-16T00:00:00,152.13423762791595,153.03673149111458,152.00531555395835,152.56399536132812,4109772.0
2018-04-17T00:00:00,152.52099012085827,154.75573518734672,151.48957436523392,154.24002075195312,3455576.0
2018-04-18T00:00:00,153.8532723615059,155.14254559358557,152.1342413853997,154.6268310546875,1047214.0
2018-04-19T00:00:00,154.97064379041632,155.0995658664528,153.38053490508415,153.46649169921875,2351424.0
2018-04-20T00:00:00,153.38052013370356,154.7557500164225,152.69290519234409,153.85325622558594,2328213.0
2018-04-23T00:00:00,154.11110888481414,154.41193139603726,153.33753718060376,154.06813049316406,1880237.0
2018-04-24T00:00:00,153.8532542199176,155.22848408470873,152.39208068555453,152.82183837890625,2446576.0
2018-04-25T00:00:00,152.0482646050717,154.75574590566282,151.74744209289298,154.4549102783203,3687719.0
2018-04-26T00:00:00,154.7127685546875,163.30792236328125,149.89947717580944,159.01034545898438,6065762.0
2018-04-27T00:00:00,163.47349684458106,164.12984117343777,160.4105566432498,160.7168426513672,3184479.0
2018-04-30T00:00:00,161.4169626179016,162.02954805079136,160.585595719454,161.19818115234375,1478396.0
2018-05-02T00:00:00,164.6549040444294,165.44252522916454,163.1234339863635,165.04872131347656,7316282.0
2018-05-03T00:00:00,165.83633425576792,165.92385217455544,163.0359344482422,163.0359344482422,1961817.0
2018-05-04T00:00:00,166.23012598766772,166.23012598766772,163.4297263856009,164.26109313964844,2101373.0
2018-05-07T00:00:00,165.1362368782809,166.97400641174363,164.43613356299224,166.40516662597656,1954525.0
2018-05-08T00:00:00,166.6239462121393,167.58658992905484,165.31125751817802,166.8427276611328,2587729.0
2018-05-09T00:00:00,166.84272122411573,168.68049066610183,166.84272122411573,167.19277954101562,1389480.0
2018-05-11T00:00:00,168.4179386124857,168.4179386124857,166.84270967883825,167.49905395507812,2206284.0
2018-05-14T00:00:00,168.19915383953085,168.28667174929777,166.0988575387072,166.2738800048828,1556486.0
2018-05-15T00:00:00,165.70507666404797,166.88648848982254,165.57379978116631,166.40516662597656,1826988.0
2018-05-16T00:00:00,166.44894104209655,166.49270000712022,164.87371177477348,165.22377014160156,2150155.0
2018-05-17T00:00:00,165.13622865847685,167.19277954101562,165.13622865847685,167.19277954101562,1363031.0
2018-05-18T00:00:00,167.23652332046413,168.54921184463305,167.1490054108429,168.37417602539062,3872219.0
2018-05-21T00:00:00,168.68050030572664,170.08070694662538,168.374200930105,169.6868896484375,1393936.0
2018-05-22T00:00:00,170.34319309572177,170.47446994804193,168.24289699216882,169.2930450439453,1732458.0
2018-05-23T00:00:00,168.98677369019634,168.98677369019634,166.66768263248255,167.4115447998047,1879410.0
2018-05-24T00:00:00,167.84912940271244,169.03054120867492,166.6677042433901,167.06150817871094,1322587.0
2018-05-25T00:00:00,167.98036135064342,168.6804645225759,167.10523572406714,167.28025817871094,1288276.0
2018-05-28T00:00:00,168.28668396763706,169.46809571511662,167.49906278262483,167.84912109375,808834.0
2018-05-29T00:00:00,166.97400041905365,167.8053672340262,165.92385216049047,167.455322265625,1629324.0
2018-05-30T00:00:00,167.4553156901383,167.7178427294507,165.5300283794534,165.74880981445312,1631606.0
2018-05-31T00:00:00,167.36781088534292,167.76161482851876,164.4798930464532,165.92385864257812,3513028.0
2018-06-01T00:00:00,166.3613875356594,167.98036193847656,165.4425029538673,167.98036193847656,1449563.0
2018-06-04T00:00:00,168.68048278253005,169.1618045999224,167.63033458762965,168.242919921875,2111254.0
2018-06-05T00:00:00,168.06791927245888,168.46172322751343,166.31766760256264,166.7114715576172,1899610.0
2018-06-06T00:00:00,166.7114715576172,166.7114715576172,166.7114715576172,166.7114715576172,0.0
2018-06-07T00:00:00,168.85551927057625,168.85551927057625,163.73604138802727,164.96121215820312,2950066.0
2018-06-08T00:00:00,164.21731774389704,165.92382339069806,163.2109286192233,165.39874267578125,2235802.0
2018-06-11T00:00:00,165.3987778161036,165.92385864257812,164.30487055541508,165.92385864257812,2358843.0
2018-06-12T00:00:00,166.31763895976627,166.88646531317653,165.8363171627647,166.2738800048828,1781026.0
2018-06-13T00:00:00,165.96758248244896,166.2738818166124,165.00495223131517,165.83631896972656,1640443.0
2018-06-14T00:00:00,165.3112511402471,167.58658346333854,164.34862081383102,167.19277954101562,2791226.0
2018-06-15T00:00:00,166.93023910571236,168.28668670751847,165.57379150390625,165.57379150390625,3474934.0
2018-06-18T00:00:00,164.6548740706002,165.31121826171875,162.94838184436327,165.31121826171875,2309115.0
2018-06-19T00:00:00,163.16721896574072,166.01137809858244,162.2483341136888,165.22377014160156,2758080.0
2018-06-20T00:00:00,163.47350545655283,167.2365491442446,163.47350545655283,166.66770935058594,2717983.0
2018-06-21T00:00:00,166.88645279236684,167.06147524541123,163.25468681660638,163.51722717285156,2020438.0
2018-06-22T00:00:00,163.51722717285156,163.51722717285156,163.51722717285156,163.51722717285156,0.0
2018-06-25T00:00:00,164.74242517128357,167.49906598818438,163.21095508336992,163.47349548339844,2501397.0
2018-06-26T00:00:00,164.39237457863663,164.39237457863663,161.54821594131323,161.98577880859375,2809091.0
2018-06-27T00:00:00,161.89826643658677,164.9612066124141,160.32303738977512,163.47349548339844,2774327.0
2018-06-28T00:00:00,162.5983600188519,164.2610935309075,161.59195743767413,163.3422088623047,1941620.0
2018-06-29T00:00:00,164.6549122531994,167.32404858671143,164.6549122531994,167.06150817871094,2471356.0
2018-07-02T00:00:00,166.01134886071102,166.62393420307018,164.39237426685895,165.70506286621094,1436032.0
2018-07-03T00:00:00,166.27388402394612,166.3176429798873,164.30485118682043,164.47987365722656,1432318.0
2018-07-04T00:00:00,164.43613002323502,164.43613002323502,160.67309982211395,161.6794891357422,1778712.0
2018-07-05T00:00:00,161.4607210352353,163.34223629132052,161.2419395704179,162.1170654296875,1556081.0
2018-07-06T00:00:00,145.92721939086914,152.3156400618609,143.60814148552137,152.27188110351562,8508242.0
2018-07-09T00:00:00,153.14699182698942,157.34759770205844,153.1032328729387,155.072265625,3767983.0
2018-07-10T00:00:00,155.4660903275992,157.4788823033011,155.33482680122376,156.55999755859375,2161287.0
2018-07-11T00:00:00,155.5973658657141,155.6411248252485,154.32843615937358,154.8972625732422,1697471.0
2018-07-12T00:00:00,155.55357570667957,157.2600679593726,155.1160129058169,156.73500061035156,1578799.0
2018-07-13T00:00:00,157.21635990065988,158.35402622184483,156.778796958155,157.5226593017578,1662250.0
2018-07-16T00:00:00,157.5226008842181,158.26646295195832,156.6474753237502,156.8662567138672,1139168.0
2018-07-17T00:00:00,152.27188251994332,156.559993410483,151.44051571708675,155.55360412597656,2714322.0
2018-07-18T00:00:00,152.44688796648157,154.7222200337524,151.39673984057114,153.1907501220703,3483280.0
2018-07-19T00:00:00,151.48427602671313,152.1843659595558,150.30285089666194,151.61553955078125,3217578.0
2018-07-20T00:00:00,150.9591956930677,152.5344247535803,150.3028513639674,152.31564331054688,3145646.0
2018-07-23T00:00:00,152.22813278179683,152.35940966600538,151.3967659285836,151.74681091308594,1473629.0
2018-07-24T00:00:00,151.7905828457841,152.4469272628342,151.30926093594175,151.92185974121094,1986200.0
2018-07-25T00:00:00,151.65927406566178,152.53439969402294,151.13419334730213,152.18434143066406,1597078.0
2018-07-26T00:00:00,153.54078437011657,153.71580682003884,152.4468773664062,153.2782440185547,1696739.0
2018-07-27T00:00:00,153.71582955855877,153.71582955855877,151.965578093715,153.14700317382812,1649544.0
2018-07-30T00:00:00,152.97198161380487,153.23452200577495,151.79055652661899,152.92822265625,1265085.0
2018-07-31T00:00:00,152.5344423296245,152.9720052661103,151.5717985280113,152.5782012939453,1544598.0
2018-08-01T00:00:00,152.14063741087833,153.23454474528683,152.0968784468298,152.79698181152344,1323995.0
2018-08-02T00:00:00,152.79696189694045,152.79696189694045,151.35299639170188,152.27188110351562,1428210.0
2018-08-03T00:00:00,152.79694624402364,154.10963473975113,152.66566938243614,153.1907501220703,1168788.0
2018-08-06T00:00:00,153.5845678815869,153.7158314016805,152.3593971828495,152.70944213867188,1061107.0
2018-08-07T00:00:00,153.540806166174,154.63471332517122,153.05948434554347,153.36578369140625,925861.0
2018-08-08T00:00:00,153.36578602319284,154.45969319882187,153.27826810779888,153.62832641601562,1099747.0
2018-08-09T00:00:00,154.24088435226614,155.859872025817,153.49702226369266,155.77235412597656,1149717.0
2018-08-10T00:00:00,155.2910508370715,156.1661765260416,154.63470657034392,155.81613159179688,1466213.0
2018-08-13T00:00:00,155.68485653933178,155.9036379641219,153.89085953873925,155.37857055664062,1362005.0
2018-08-14T00:00:00,156.20997583924844,156.4287573180149,154.89728696664972,155.50987243652344,2531933.0
2018-08-15T00:00:00,155.3348175960018,156.60374723808607,154.41593290574804,154.7659912109375,1732282.0
2018-08-16T00:00:00,155.90362664943197,158.52900355637738,155.90362664943197,157.3038330078125,1821504.0
2018-08-17T00:00:00,157.04128853744578,160.1042281820733,156.77874818294913,160.0167236328125,1556585.0
2018-08-20T00:00:00,160.27927194253544,160.848111678463,159.75420451709334,160.5855712890625,1068313.0
2018-08-21T00:00:00,160.9793540849307,161.19813548851263,158.96656250130528,159.09783935546875,1221470.0
2018-08-22T00:00:00,159.1416475303704,159.18539314193185,157.5226593017578,157.5226593017578,2573561.0
2018-08-23T00:00:00,157.39135359942017,158.22272029680633,156.2536875829855,156.64749145507812,1720353.0
2018-08-24T00:00:00,156.6475090431514,157.61015270822395,156.51624552216842,156.91004943847656,1880593.0
2018-08-27T00:00:00,157.52263710332102,158.52902638791514,157.30385566289974,158.35400390625,1501340.0
2018-08-28T00:00:00,159.44792635358925,160.54183366028698,159.01036343091016,159.97300720214844,2498389.0
2018-08-29T00:00:00,160.14800531068434,162.51084206262925,160.1042463544086,162.16079711914062,1858244.0
2018-08-30T00:00:00,162.33583617146542,164.17360569588263,162.11705472109958,163.82354736328125,1920615.0
2018-08-31T00:00:00,163.9985540619265,164.12983093152172,162.4670840568266,163.12342834472656,2145414.0
2018-09-03T00:00:00,162.86091011890485,163.99856293009603,162.72963324221087,163.47349548339844,1100209.0
2018-09-04T00:00:00,163.56098040201087,163.56098040201087,161.50444311441677,162.02951049804688,1507248.0
2018-09-05T00:00:00,161.8982640761404,162.86090774442334,160.9793793661175,161.5919647216797,1976162.0
2018-09-06T00:00:00,161.0231475830078,162.0732958748337,161.0231475830078,161.0231475830078,1518866.0
2018-09-07T00:00:00,161.6357353541891,161.6357353541891,158.79157645553835,159.6667022705078,1669201.0
2018-09-10T00:00:00,159.3166379091608,160.32302713263067,159.18536104086564,159.84170532226562,1039284.0
2018-09-11T00:00:00,159.88546803511414,160.97937519648377,159.1853647811658,160.5855712890625,1282108.0
2018-09-12T00:00:00,160.3667866104269,161.50445270589296,159.88546479849606,160.54180908203125,1158104.0
2018-09-13T00:00:00,160.54180248347905,160.80434285677396,158.74779217821484,159.2728729248047,1499510.0
2018-09-14T00:00:00,159.71041841742024,163.07965724318518,159.71041841742024,162.72959899902344,1775572.0
2018-09-17T00:00:00,161.94200472039876,163.38595670616752,161.3731650340673,163.16717529296875,1969727.0
2018-09-18T00:00:00,163.07967219709911,163.12341779744364,159.92921447753906,159.92921447753906,2468869.0
2018-09-19T00:00:00,160.14800005382997,161.11064364686294,159.62291930247412,159.7541961669922,2885929.0
2018-09-20T00:00:00,159.75419835292334,160.06048433427333,157.5226251591635,158.3977508544922,2868730.0
2018-09-21T00:00:00,158.87906477786427,159.79794938305827,158.2664794921875,158.2664794921875,2734852.0
2018-09-24T00:00:00,158.39777216605657,158.6165536193246,156.73503846256358,157.78518676757812,1320387.0
2018-09-25T00:00:00,158.35397543356095,158.35397543356095,156.82250562597648,156.99752807617188,1500037.0
2018-09-26T00:00:00,156.91001566256185,157.26006054540645,154.45966142258052,156.8662567138672,2240875.0
2018-09-27T00:00:00,156.12245254439767,157.9602222442627,155.81616649666103,157.5226593017578,1751821.0
2018-09-28T00:00:00,157.52261145066035,157.74139285545294,155.29103845110455,156.3411865234375,2067800.0
2018-10-01T00:00:00,156.29744621237117,158.57276488716886,155.77236548176373,157.56637573242188,1587815.0
2018-10-02T00:00:00,157.17259582418387,157.91644472703672,155.90365275730838,157.4788818359375,1198617.0
2018-10-03T00:00:00,158.26650345624677,161.63572971430213,157.9164451304573,160.97938537597656,1844572.0
2018-10-04T00:00:00,160.58556891157554,162.02952100186204,158.74779956633938,159.14161682128906,1656838.0
2018-10-05T00:00:00,159.7104742061534,161.0669220002204,159.27291126312284,159.4041748046875,1504175.0
2018-10-08T00:00:00,159.57917406353278,159.71043757499086,158.48526695685476,158.83531188964844,1394313.0
2018-10-09T00:00:00,158.92285205411244,159.5791964100297,157.17260043833306,158.00396728515625,1963655.0
2018-10-10T00:00:00,158.31022112079197,158.39773902513224,152.2718596153205,153.80332946777344,2329448.0
2018-10-11T00:00:00,151.5280113177377,152.53441389607076,149.3839559992974,149.6027374267578,2535541.0
2018-10-12T00:00:00,153.23448877155084,153.23448877155084,147.54617271046374,148.02748107910156,2628603.0
2018-10-15T00:00:00,148.0274890864585,148.68383328285728,146.49601929486138,148.59632873535156,2333553.0
2018-10-16T00:00:00,148.202560783687,150.08407592773438,147.1086535247385,150.08407592773438,3298440.0
2018-10-17T00:00:00,150.56537146231506,152.27186381718087,149.99653177512127,151.09043884277344,2508863.0
2018-10-18T00:00:00,151.39672796931492,152.70941636211245,147.5461806917849,148.59632873535156,4006540.0
2018-10-19T00:00:00,151.39673984057114,153.84709436993407,148.50882247929908,153.1907501220703,5629668.0
2018-10-22T00:00:00,154.72220927546655,154.89723172538882,152.5343952680458,153.2782440185547,2813132.0
2018-10-23T00:00:00,152.53441924038657,154.45969319882187,150.87167232141496,153.62832641601562,3336198.0
2018-10-24T00:00:00,154.54721620847283,157.4788795237781,154.1971578887173,154.4159393310547,3182426.0
2018-10-25T00:00:00,153.93458509834852,154.37214789095708,151.70302553873023,153.67205810546875,2171365.0
2018-10-26T00:00:00,153.4970727778766,153.4970727778766,151.0029720519242,152.5782012939453,2840785.0
2018-10-29T00:00:00,152.9719807877485,156.2537022862556,152.62192248255903,154.7659912109375,1891499.0
2018-10-30T00:00:00,155.1597904241624,155.6411122333813,151.65928759836453,154.24090576171875,1696043.0
2018-10-31T00:00:00,154.3721768076289,159.71044921875,154.3721768076289,159.71044921875,4341138.0
2018-11-01T00:00:00,159.40415729012682,160.67310036817912,157.34761969586242,157.960205078125,2364943.0
2018-11-02T00:00:00,159.97301149150408,159.97301149150408,154.50347481136075,154.67849731445312,1385352.0
2018-11-05T00:00:00,154.197125444585,155.46605487247848,152.49063322408296,153.67205810546875,2326912.0
2018-11-06T00:00:00,154.19717769820863,155.1160625447454,153.89089165160388,154.9410400390625,1016241.0
2018-11-07T00:00:00,155.11604216669647,156.91005265932452,154.2846753589009,155.33482360839844,1233129.0
2018-11-08T00:00:00,156.12245790639716,156.82256130912216,154.984804899501,155.50987243652344,1692591.0
2018-11-09T00:00:00,155.42234245237168,155.81614637910948,154.1971583595258,155.1160430908203,1722413.0
2018-11-12T00:00:00,155.29106557455273,157.1725939964148,154.85350268854194,155.1160430908203,1742004.0
2018-11-13T00:00:00,155.1160321705219,157.7414093017578,153.7158256925193,157.7414093017578,2219944.0
2018-11-14T00:00:00,156.47246500161543,156.95378676782394,154.10962847601428,154.7222137451172,2775916.0
2018-11-15T00:00:00,154.6784783274007,155.81614448789222,152.75320432299318,153.9346160888672,1843240.0
2018-11-16T00:00:00,155.29104243227405,157.87266040433957,154.19713538026681,154.98475646972656,1905711.0
2018-11-19T00:00:00,155.02853139683756,155.46609430041698,149.55899510209505,150.08407592773438,2579883.0
2018-11-20T00:00:00,149.69023219930426,149.9090135929445,147.72119965654235,149.47145080566406,2499620.0
2018-11-21T00:00:00,149.8652884606779,151.0467135942665,148.77138124563646,150.6966552734375,1377364.0
2018-11-22T00:00:00,150.52161488461886,150.52161488461886,147.45867504685046,147.63369750976562,1397107.0
2018-11-23T00:00:00,147.19614337432313,147.23990233097732,143.56437697912244,146.36477661132812,2776043.0
2018-11-26T00:00:00,147.06486703548035,147.85247477315147,146.8023266718041,147.8087158203125,1906680.0
2018-11-27T00:00:00,147.89622851780484,148.37755027536852,146.14597729274206,147.02110290527344,1521244.0
2018-11-28T00:00:00,147.02113991228876,147.5462207533197,145.66469220075922,147.10865783691406,1569076.0
2018-11-29T00:00:00,147.89624991155964,148.64011213115668,146.88986065291337,147.58995056152344,1568454.0
2018-11-30T00:00:00,147.89622084337998,149.12139129600624,146.97733632723208,148.0712432861328,2438149.0
2018-12-03T00:00:00,151.0467056281496,151.3967505771579,147.50244376766577,148.94639587402344,2054571.0
2018-12-04T00:00:00,149.16517216773883,149.51523045804876,147.89624257959153,148.15878295898438,2045246.0
2018-12-05T00:00:00,145.3146017933284,146.01470491144397,142.16414443848655,142.47044372558594,2237011.0
2018-12-06T00:00:00,141.90161711772558,141.90161711772558,138.79493177987698,140.1076202392578,2810434.0
2018-12-07T00:00:00,140.02012765358268,143.34560835602727,140.02012765358268,141.682861328125,2038012.0
2018-12-10T00:00:00,141.37655257958883,143.08304494031555,140.4576679689336,140.6326904296875,1898840.0
2018-12-11T00:00:00,143.739417290317,145.09586499477896,142.514246472109,144.08946228027344,2632817.0
2018-12-12T00:00:00,144.2644747057347,147.0211152758129,143.783152907672,146.0584716796875,2078093.0
2018-12-13T00:00:00,146.75859356501437,147.54621479475315,144.48327450360884,144.92083740234375,1601331.0
2018-12-14T00:00:00,144.22071403422848,144.57075896318514,142.51422163718811,142.77674865722656,1452472.0
2018-12-17T00:00:00,140.8952511982315,142.6455027659114,139.3637810765116,140.23890686035156,2052746.0
2018-12-18T00:00:00,139.8013630003158,140.63272993747012,139.18877753890536,139.36380004882812,2081418.0
2018-12-19T00:00:00,139.14498359466268,140.85147600581237,138.13859440057286,140.45767211914062,2245625.0
2018-12-20T00:00:00,139.1449829662391,139.5387868511323,138.1823393779596,138.57615661621094,1877521.0
2018-12-21T00:00:00,138.13861730320775,138.48866229309417,136.4321112557704,137.78855895996094,3085623.0
2018-12-27T00:00:00,138.18234851842985,139.10123321286835,135.775752741898,136.3883514404297,1852903.0
2018-12-28T00:00:00,137.00096015851685,139.18877487406849,137.00096015851685,138.40115356445312,1562176.0
2019-01-02T00:00:00,136.91342673630106,137.35098962989957,134.68185330827671,136.51962280273438,1865388.0
2019-01-03T00:00:00,135.90703976350957,136.95718805556393,135.0319139612376,135.16317749023438,1361773.0
2019-01-04T00:00:00,135.51321037453533,138.6636546590626,135.38193351683157,138.48863220214844,1604819.0
2019-01-07T00:00:00,140.02011524682428,140.02011524682428,137.17595665587314,139.8450927734375,2285425.0
2019-01-08T00:00:00,140.02013687015503,141.90165211800343,139.276274551688,141.11404418945312,1711103.0
2019-01-09T00:00:00,141.77033757405633,142.7767266043816,140.76394854373103,141.50779724121094,1737924.0
2019-01-10T00:00:00,140.10765819120687,140.50146216502208,138.57618790708906,139.538818359375,1798896.0
2019-01-11T00:00:00,140.32644388344565,140.50146639336842,138.44491518003167,139.36380004882812,1876997.0
2019-01-14T00:00:00,139.14498160795716,140.41391115949648,138.18233802907463,139.2762451171875,1192078.0
2019-01-15T00:00:00,140.37017038658365,141.2015505639194,139.2325175502795,140.23890686035156,1839698.0
2019-01-16T00:00:00,140.72021490664946,142.55797086040275,140.41391557101136,141.90162658691406,1810945.0
2019-01-17T00:00:00,141.81413954377192,144.17697654947983,141.02651830629588,143.78317260742188,1812182.0
2019-01-18T00:00:00,144.92082271396825,146.80233764648438,144.52700546233402,146.80233764648438,2842941.0
2019-01-21T00:00:00,147.10861754922823,147.19612209652874,145.44587091023624,146.9773406982422,1181393.0
2019-01-22T00:00:00,146.53981529928404,148.02752651663184,145.70844844429791,146.14601135253906,1580356.0
2019-01-23T00:00:00,145.2708740234375,146.5835626441312,144.26448475558266,145.2708740234375,1654520.0
2019-01-24T00:00:00,145.53339618476983,145.79593654668744,143.695627004704,144.30821228027344,1966610.0
2019-01-25T00:00:00,145.27087087218163,147.1086402426311,144.8333080081088,146.84609985351562,1510086.0
2019-01-28T00:00:00,147.02113250663217,147.1086504268491,145.48966237635474,145.6209259033203,1639435.0
2019-01-29T00:00:00,145.7959315122021,147.76496412855522,145.75217256116727,147.23988342285156,1647363.0
2019-01-30T00:00:00,147.06485859889955,147.458662445144,145.62089335819414,146.9773406982422,1379782.0
2019-01-31T00:00:00,147.10861992310416,149.1213981371351,146.0147129140191,147.23988342285156,1927278.0
2019-02-01T00:00:00,147.37116829947587,149.42771911621094,146.714823998819,149.42771911621094,1780376.0
2019-02-04T00:00:00,149.64647934919327,150.52160495942246,148.68383583659832,150.040283203125,1704306.0
2019-02-05T00:00:00,155.5098393896356,160.76059376420986,155.5098393896356,160.5855712890625,5032504.0
2019-02-06T00:00:00,160.8043398088858,164.69864631998044,160.49804048695432,164.5673828125,3294748.0
2019-02-07T00:00:00,165.2674856755808,166.36139274689558,164.34860106500483,165.48626708984375,2627687.0
2019-02-08T00:00:00,165.22375256705791,166.36141876985545,164.3048678127461,164.96121215820312,2423497.0
2019-02-11T00:00:00,165.66128679145206,166.3613899761047,161.98576176372273,162.42332458496094,3230464.0
2019-02-12T00:00:00,162.9046487173992,163.56099301255932,160.23552593310177,161.50445556640625,2303577.0
2019-02-13T00:00:00,161.85448535877111,163.56097769570928,161.41692253630708,162.68585205078125,1417825.0
2019-02-14T00:00:00,163.64851003227503,163.64851003227503,162.02952210505072,162.90464782714844,1693878.0
2019-02-15T00:00:00,162.55459620252788,165.5737771490768,162.11703335945242,165.35499572753906,2536481.0
2019-02-18T00:00:00,164.91745595072862,166.05512217251672,164.12984806437694,165.92385864257812,3243779.0
2019-02-19T00:00:00,165.92385864257812,166.36142154685353,165.00497387292776,165.92385864257812,1357248.0
2019-02-20T00:00:00,166.27390029056218,168.72425517604245,166.27390029056218,168.6804962158203,2486599.0
2019-02-21T00:00:00,169.20558260241447,169.64314551232155,168.4617203142283,168.98680114746094,2100267.0
2019-02-22T00:00:00,168.50547927589108,169.24932821071695,168.02415740432122,168.98680114746094,1840516.0
2019-02-25T00:00:00,169.77438064264737,169.77438064264737,167.84910683180442,168.81173706054688,1494754.0
2019-02-26T00:00:00,168.59295519559504,169.86189810137287,167.1927621338538,168.54920959472656,1565108.0
2019-02-27T00:00:00,167.36779969141648,167.54282217074874,166.492673941396,166.93023681640625,1100151.0
2019-02-28T00:00:00,166.93023914168054,167.4553199403507,165.66130945714698,167.19277954101562,1747054.0
2019-03-01T00:00:00,168.0241310936222,168.94301573121209,167.0614875012217,168.37417602539062,1005691.0
2019-03-04T00:00:00,168.98677095771856,172.26849219573725,168.98677095771856,171.78717041015625,1851349.0
2019-03-05T00:00:00,171.78720700628998,171.78720700628998,169.5118744552024,171.17462158203125,1261069.0
2019-03-06T00:00:00,167.14902287673226,172.00597359434587,167.01775935194254,170.25572204589844,1514480.0
2019-03-07T00:00:00,170.64952548265563,170.64952548265563,167.14902239583193,167.93663024902344,3606061.0
2019-03-08T00:00:00,166.97398490353459,169.68686653995707,166.01134129984243,169.55560302734375,1903973.0
2019-03-11T00:00:00,169.77438391303684,169.90564742523452,166.9739843748337,168.85549926757812,2146769.0
2019-03-12T00:00:00,169.42435336178835,170.29947912635677,168.8117546439029,169.0742950439453,1524736.0
2019-03-13T00:00:00,168.76802094756408,171.1746169699499,168.1991811484385,170.6495361328125,1573411.0
2019-03-14T00:00:00,171.2183619627648,172.7498321533203,170.69329448087623,172.7498321533203,1775914.0
2019-03-15T00:00:00,172.96860114148154,174.76261162034865,172.13723434006292,173.71246337890625,3062773.0
2019-03-18T00:00:00,173.7999761982929,173.84372180232702,171.6996664236558,172.9248504638672,1212161.0
2019-03-19T00:00:00,172.3997802734375,173.756227915804,171.8309538524579,172.3997802734375,2492578.0
2019-03-20T00:00:00,172.31226746825504,173.01237079026114,171.61217749960912,172.0059814453125,1516981.0
2019-03-21T00:00:00,172.00596577204837,173.01235502529437,170.91205860401624,172.9248504638672,1341260.0
2019-03-22T00:00:00,173.2749051859516,174.15003096971904,169.4243570787188,169.8181610107422,1530342.0
2019-03-25T00:00:00,169.59935872928145,170.21194403198973,168.1553933514425,169.5118408203125,1251205.0
2019-03-26T00:00:00,170.21196953995084,170.56201452156813,168.2429364732933,169.90567016601562,1710658.0
2019-03-27T00:00:00,170.38697551915948,173.4061565914508,169.99317161466215,172.6623077392578,1546231.0
2019-03-28T00:00:00,172.7060795703997,175.28769797383828,172.53104373014503,175.20018005371094,2209768.0
2019-03-29T00:00:00,176.33781374317414,176.95039901106455,174.19375862887895,175.63771057128906,2081395.0
2019-04-01T00:00:00,176.51282999750336,177.91303629208892,175.156382653378,177.16917419433594,1852295.0
2019-04-02T00:00:00,173.66869279557508,174.5875774528407,172.1372228179186,172.8373260498047,2429791.0
2019-04-03T00:00:00,173.71245350051336,177.738037109375,173.6249355881369,177.738037109375,2052882.0
2019-04-04T00:00:00,178.52565604348237,178.9632189259419,176.95042699595624,177.91307067871094,1451976.0
2019-04-05T00:00:00,178.3506330809487,178.3506330809487,176.33784115638264,177.2129669189453,1554800.0
2019-04-08T00:00:00,177.21294860969877,178.78817749023438,176.0752825652365,178.78817749023438,1351134.0
2019-04-09T00:00:00,178.78820105474065,180.10088973597465,177.56301694023972,178.00057983398438,1386535.0
2019-04-10T00:00:00,178.26313935361614,180.97603492704357,178.26313935361614,180.6259765625,1869015.0
2019-04-11T00:00:00,180.45091663433345,181.23853777619578,179.4882863765352,180.27589416503906,1682804.0
2019-04-12T00:00:00,180.53843740777924,181.676103506266,179.8383341661444,181.23854064941406,2041768.0
2019-04-15T00:00:00,181.41356024549015,181.5010648034581,179.57579093450315,180.27589416503906,1701980.0
2019-04-16T00:00:00,181.06349723133027,181.7636004436072,178.43812020031035,179.7508087158203,1746678.0
2019-04-17T00:00:00,179.9258404916396,180.71344824190768,178.6131520056209,180.3634033203125,1486936.0
2019-04-18T00:00:00,180.36340465443655,184.4764926037142,177.7380276629796,184.12643432617188,1024315.0
2019-04-23T00:00:00,184.12644498912215,184.12644498912215,180.80097795671512,184.0389404296875,2425608.0
2019-04-24T00:00:00,184.3014813309782,185.17660704792803,182.02614912556515,184.73904418945312,2169176.0
2019-04-25T00:00:00,179.2257616312444,183.33885010859345,177.03794719080773,180.97601318359375,3802282.0
2019-04-26T00:00:00,180.79794794720198,182.22224658219778,179.19560009748974,180.70892333984375,2375573.0
2019-04-29T00:00:00,181.51009946658496,182.5783404748213,180.44187204159732,182.04421997070312,1533726.0
2019-04-30T00:00:00,180.26383488604938,182.2222540792728,179.99677463623516,180.3528594970703,1132534.0
2019-05-02T00:00:00,180.35287960141343,182.13326335430696,178.8395425448539,180.26385498046875,2713241.0
2019-05-03T00:00:00,180.7089240196321,183.02342798717288,180.5308883874939,182.66734313964844,2153423.0
2019-05-06T00:00:00,180.44192018869518,180.79800514753722,177.41527274642542,180.53094482421875,1640883.0
2019-05-07T00:00:00,180.6199108250571,181.8661874952711,177.23719285093787,177.5487518310547,2001737.0
2019-05-08T00:00:00,177.0146465558487,179.28462480095428,176.74758629664538,179.017578125,2138392.0
2019-05-09T00:00:00,177.6377828237366,178.3944377311211,175.94641019268715,176.21347045898438,1231737.0
2019-05-10T00:00:00,177.1036733522552,177.99386524001048,172.69722622451684,174.0770263671875,3368076.0
2019-05-13T00:00:00,174.07700793355625,174.3440681882529,171.58446819513537,172.38563537597656,1517461.0
2019-05-14T00:00:00,174.07700516637757,174.65562438964844,172.20759699646638,174.65562438964844,1119678.0
2019-05-15T00:00:00,175.90193248299525,175.90193248299525,171.67352077506987,173.67645263671875,1617896.0
2019-05-16T00:00:00,174.43307961179363,176.3470001220703,173.40936448026687,176.3470001220703,1594144.0
2019-05-17T00:00:00,176.39152156647754,176.56957081511158,173.54291017059023,174.7446746826172,1581320.0
2019-05-20T00:00:00,174.61109819071817,174.87815841992034,172.65267914864813,173.4093475341797,1344296.0
2019-05-21T00:00:00,174.344073243375,174.96720480023575,173.27583219361458,173.5428924560547,1190706.0
2019-05-22T00:00:00,173.587426338487,175.50133355455972,172.51919873920804,174.92271423339844,1780626.0
2019-05-23T00:00:00,173.05329518417574,173.85447602216962,171.4064483642578,171.4064483642578,1664624.0
2019-05-24T00:00:00,172.6972222709563,173.89898672521394,172.1631017172307,172.6527099609375,1447636.0
2019-05-27T00:00:00,173.54290130319686,174.52211778764752,171.76251757383193,172.16310119628906,683958.0
2019-05-28T00:00:00,171.89605155581916,172.87525444022862,170.96134739728086,171.71800231933594,1868026.0
2019-05-29T00:00:00,170.20469297709167,170.20469297709167,167.62314183344714,168.55784606933594,777907.0
2019-05-31T00:00:00,167.84565794117424,168.1127181840363,162.90509098959427,164.86351013183594,3694703.0
2019-06-03T00:00:00,164.1068559377106,166.82192993164062,163.9288067196019,166.82192993164062,2177217.0
2019-06-04T00:00:00,166.02076427304655,167.0444793701172,164.55195329320634,167.0444793701172,2508085.0
2019-06-05T00:00:00,166.77746105384608,170.16017947124914,166.1098171162138,169.0474395751953,1967276.0
2019-06-07T00:00:00,172.69719190473643,176.4359943736534,170.3826880232296,176.1244354248047,3900129.0
2019-06-11T00:00:00,176.88111299585586,178.30542534984008,176.6585650394989,177.23719787597656,1795655.0
2019-06-12T00:00:00,176.56953216345246,179.99676211741664,174.65561182560458,179.55166625976562,1593091.0
2019-06-13T00:00:00,179.1066086354691,182.578365216201,178.21641673014045,181.154052734375,1728463.0
2019-06-14T00:00:00,181.15407652312697,181.15407652312697,179.1066321553552,180.53094482421875,1127356.0
2019-06-18T00:00:00,180.26382724734117,182.9344024658203,179.28461090059963,182.9344024658203,2125338.0
2019-06-19T00:00:00,182.93441568117524,183.02344029485496,181.33206771768303,182.22225952148438,1589503.0
2019-06-20T00:00:00,183.46857076765485,186.31718235993193,183.20151045954262,183.6466064453125,3154871.0
2019-06-24T00:00:00,182.93442363600465,185.69402378108848,181.95520717594275,183.82461547851562,1510123.0
2019-06-25T00:00:00,183.37954251361305,185.24895105020767,183.02347116533372,184.1807098388672,1142336.0
2019-06-26T00:00:00,183.11248221077793,184.26973446756264,181.5991586057139,184.1807098388672,1818626.0
2019-06-27T00:00:00,184.80382052925452,185.6940123168073,183.2014725950098,184.0026397705078,1821573.0
2019-06-28T00:00:00,184.00266124700335,187.74146447446236,183.20149397799437,186.8512725830078,3322151.0
2019-07-01T00:00:00,187.2073604570814,188.63165935603593,187.2073604570814,188.5426483154297,1416300.0
2019-07-02T00:00:00,188.36461943261105,189.87794300990618,187.83049883674173,189.16578674316406,1447005.0
2019-07-03T00:00:00,187.74143860225269,190.32300288166167,187.74143860225269,190.23397827148438,2388793.0
2019-07-04T00:00:00,190.32302760864474,191.30223053157206,189.16577544223048,190.590087890625,848125.0
2019-07-05T00:00:00,189.96695405371705,190.14500330784082,186.05011496151195,189.16578674316406,2121729.0
2019-07-08T00:00:00,189.34379243207866,191.12417602539062,189.25478140236237,191.12417602539062,1429090.0
2019-07-09T00:00:00,190.41204152397773,191.56929370787634,188.54264668837263,189.78890991210938,1639971.0
2019-07-10T00:00:00,189.61086997608177,189.61086997608177,187.2963656604446,187.65245056152344,2116875.0
2019-07-11T00:00:00,187.65243232142828,188.63163514190242,185.6940130972312,187.20733642578125,1154798.0
2019-07-12T00:00:00,187.3853798783135,188.00851144154402,185.9610675195729,187.56341552734375,1068029.0
2019-07-15T00:00:00,187.91946762418797,189.52180176916596,187.11828696845203,189.0767059326172,1146346.0
2019-07-16T00:00:00,187.91950879891849,192.54850379662764,187.91950879891849,192.37046813964844,1781189.0
2019-07-17T00:00:00,192.2814326864631,206.16843048045178,192.2814326864631,194.5069122314453,4967748.0
2019-07-18T00:00:00,195.397120955793,195.66418124094758,190.41204091040888,192.01438903808594,2591394.0
2019-07-19T00:00:00,192.63750831100822,197.08846750103382,190.85712463499797,196.64337158203125,2076497.0
2019-07-22T00:00:00,195.75318623471026,197.3555343128992,194.77398333038641,196.5543670654297,1836410.0
2019-07-23T00:00:00,197.44455776994081,200.47120466838655,196.99946183880175,199.75904846191406,1597407.0
2019-07-24T00:00:00,199.84806229764183,199.84806229764183,197.08846224018765,198.95787048339844,1761629.0
2019-07-25T00:00:00,198.9578584968102,200.6492174086739,196.1982586056133,197.17747497558594,1569519.0
2019-07-26T00:00:00,197.71160830690158,199.67002759080071,197.53355907661597,198.69081115722656,1334083.0
2019-07-29T00:00:00,198.42376905639154,199.937106152837,198.06769772972817,199.13592529296875,1023976.0
2019-07-30T00:00:00,199.93709727699635,199.93709727699635,196.6433765269518,197.80062866210938,1322954.0
2019-07-31T00:00:00,197.71162444357492,198.77985199622847,196.10927632296946,198.42376708984375,1491181.0
2019-08-01T00:00:00,197.88963470963475,200.026089540767,196.28728679466127,199.58099365234375,1421264.0
2019-08-02T00:00:00,197.08844946825945,197.2664986861693,192.90455092909463,193.9727783203125,1671434.0
2019-08-06T00:00:00,189.87792473157015,191.21321250945286,188.36460129995302,188.72067260742188,1555036.0
2019-08-07T00:00:00,188.98772557936135,190.85712024623567,188.36459402373657,190.32301330566406,1574063.0
2019-08-08T00:00:00,193.17161117271115,193.9727783203125,191.3912276595986,193.9727783203125,1369237.0
2019-08-09T00:00:00,193.3496440448587,193.70572889234256,190.85710444546407,191.3022003173828,1244712.0
2019-08-12T00:00:00,191.83636086461556,193.9728160627541,190.4120483436893,191.6583251953125,998558.0
2019-08-13T00:00:00,191.1241961898599,192.72654430954543,188.4536205181341,192.2814483642578,1628299.0
2019-08-14T00:00:00,191.83635564937205,192.19242697829804,188.00852773879015,188.5426483154297,1440978.0
2019-08-15T00:00:00,189.07674391489073,190.32302065753106,186.1391216701485,188.72067260742188,1357795.0
2019-08-16T00:00:00,189.6108707386977,192.10341072327427,189.6108707386977,191.5692901611328,1503705.0
2019-08-19T00:00:00,192.63751187969254,193.3496680799395,190.67909251645068,191.9253692626953,1138294.0
2019-08-20T00:00:00,191.74729134801908,193.08257893006166,190.9461242320926,191.39122009277344,1095609.0
2019-08-21T00:00:00,191.65831837960462,192.81557056379694,190.32303053244053,191.03518676757812,1652414.0
2019-08-22T00:00:00,190.41203163955592,191.12418783754424,183.29049682617188,183.29049682617188,3108764.0
2019-08-23T00:00:00,184.80383841133926,185.51598104369123,182.4893341064453,182.4893341064453,2983196.0
2019-08-26T00:00:00,181.33206494865615,184.18067596067098,176.65855805006578,183.0234375,1548095.0
2019-08-27T00:00:00,183.02345569638643,183.82462295392676,181.06502269662104,183.4685516357422,1830906.0
2019-08-28T00:00:00,183.55752897862467,184.44772069392667,178.03834306040173,179.55166625976562,3323426.0
2019-08-29T00:00:00,179.64073115016703,182.0442466038365,179.28464623424335,181.8662109375,2032970.0
2019-08-30T00:00:00,182.75639923993973,183.2905062283917,181.6881716797854,182.4003143310547,2471258.0
2019-09-02T00:00:00,182.40030497449885,183.82461737047555,182.2222693208142,183.29049682617188,1607579.0
2019-09-03T00:00:00,183.2905178849176,185.78305807262666,183.02347116533372,184.1807098388672,1810833.0
2019-09-04T00:00:00,187.38537411499388,189.43281797399274,185.69401512635287,187.91949462890625,2290764.0
2019-09-05T00:00:00,190.67908692674564,190.8571225757759,186.85125934797344,187.56341552734375,2139581.0
2019-09-06T00:00:00,188.00852226134293,191.0351828020372,187.2073550029754,189.61087036132812,1946741.0
2019-09-09T00:00:00,189.87791781871294,190.41202476047104,187.29635339217654,188.0975341796875,1254830.0
2019-09-10T00:00:00,187.830484630509,188.89871215820312,185.5159803344634,188.89871215820312,2256905.0
2019-09-11T00:00:00,188.89870189434893,190.8571211859187,187.3853785137382,190.0559539794922,2136112.0
2019-09-12T00:00:00,191.03518515075254,194.23986780687332,188.72068080195672,192.2814483642578,2055937.0
2019-09-13T00:00:00,192.63750937695926,193.70575045507607,192.10340242115043,193.43869018554688,1294910.0
2019-09-16T00:00:00,193.0826241329879,193.0826241329879,191.12420460415242,191.6583251953125,1266804.0
2019-09-17T00:00:00,191.2132390291082,195.13007828749664,190.41205810131174,194.6849822998047,2035939.0
2019-09-18T00:00:00,194.59591975509653,195.84218275752704,193.70572801528957,195.041015625,1597814.0
2019-09-19T00:00:00,195.13004174130816,196.2872938092141,193.17162247890911,193.7947540283203,1814842.0
2019-09-20T00:00:00,193.79476194763726,195.5751456377088,193.5277016774766,195.39710998535156,2957425.0
2019-09-23T00:00:00,195.21909318758904,195.39712885714127,192.54851739455293,193.6167449951172,1411536.0
2019-09-24T00:00:00,193.52771351084826,193.61673813409513,190.85713781244695,191.74732971191406,2106816.0
2019-09-25T00:00:00,191.21320119734304,191.65829709697223,188.54262579956801,190.1449737548828,2130965.0
2019-09-26T00:00:00,189.69989826099714,193.08261659545389,189.69989826099714,192.01438903808594,1276294.0
2019-09-27T00:00:00,192.81555269297144,193.70574450857472,190.59007315396323,192.54849243164062,1819504.0
2019-09-30T00:00:00,192.1923911910194,195.39708688762357,191.9253445356757,195.041015625,1804030.0
2019-10-01T00:00:00,195.30804961034636,198.60176970056065,194.41785792828782,196.46530151367188,2950978.0
2019-10-02T00:00:00,196.0202430765307,196.9104349284525,188.72067260742188,188.72067260742188,3261647.0
2019-10-03T00:00:00,187.91948576866872,190.94613231613803,187.56340091509992,189.52182006835938,3115072.0
2019-10-04T00:00:00,190.50105483765483,195.84220590786944,189.96693429733352,195.39710998535156,2575003.0
2019-10-07T00:00:00,195.48613366002513,196.46533653489053,193.88378563004142,195.66416931152344,2132073.0
2019-10-08T00:00:00,195.66416115223834,195.66416115223834,188.09753082147174,189.87791442871094,2213407.0
2019-10-09T00:00:00,189.8779348729834,192.63752161138115,189.61087458649317,191.74732971191406,1971870.0
2019-10-10T00:00:00,192.10341034094398,192.10341034094398,187.56342632152763,189.61087036132812,3077888.0
2019-10-11T00:00:00,189.610863959039,191.30222303992775,187.65244460662842,190.94615173339844,2670702.0
2019-10-14T00:00:00,190.94613532901712,192.37044759926957,189.52182305876468,189.9669189453125,1612659.0
2019-10-15T00:00:00,190.50105239832925,192.72653198242188,190.23399213158825,192.72653198242188,2685937.0
2019-10-16T00:00:00,193.4386921902966,195.39711154839134,193.34966757178105,194.15084838867188,2119819.0
2019-10-17T00:00:00,194.41785792828782,196.46530151367188,192.8155237671801,196.46530151367188,2543812.0
2019-10-18T00:00:00,200.91632271903026,202.7857312689233,197.8896754873715,201.62847900390625,3139856.0
2019-10-21T00:00:00,199.84808220470165,201.18337005907605,196.64338592090292,198.15672302246094,1924199.0
2019-10-22T00:00:00,197.44453106700885,199.67001042172436,195.75315860747628,199.22491455078125,1603535.0
2019-10-23T00:00:00,198.95787545936727,201.71747558583948,197.44455205395485,200.11512756347656,1821831.0
2019-10-24T00:00:00,200.11511022571776,200.2931458609445,196.46531857895232,199.4029541015625,1591940.0
2019-10-25T00:00:00,199.2249396062984,200.2931671142578,197.4445558986161,200.2931671142578,1412703.0
2019-10-28T00:00:00,200.82728468665235,204.03196716308594,199.67003257714182,204.03196716308594,1930224.0
2019-10-29T00:00:00,204.92215602773393,205.4562765576741,202.7857010744719,203.5868682861328,2046837.0
2019-10-30T00:00:00,202.60766942668587,205.90137653769645,201.62845296354104,205.0111846923828,1738467.0
2019-10-31T00:00:00,205.5453174146905,206.34649832585043,203.40886215143328,203.8539581298828,2501469.0
2019-11-01T00:00:00,204.4770722919949,207.68176849600073,204.1210009729943,207.32568359375,220345.0
2019-11-04T00:00:00,206.61354742431507,206.9696187544634,204.92217464798418,205.9904022216797,2134254.0
2019-11-05T00:00:00,207.14761160420994,207.14761160420994,202.87468860934757,204.20997619628906,2120809.0
2019-11-06T00:00:00,202.96372502284805,204.29901268747204,202.51862913464007,203.05274963378906,1357778.0
2019-11-07T00:00:00,204.03195974632504,204.65509129548713,200.73825277225492,201.45040893554688,1716857.0
2019-11-08T00:00:00,200.29319106348302,202.42964633485963,199.67005940793578,201.62847900390625,1477836.0
2019-11-11T00:00:00,201.62845489501953,201.89551516782183,199.93709580602126,200.2931671142578,1487061.0
2019-11-12T00:00:00,200.29314764915634,202.78568731432884,199.75902715545922,202.34059143066406,1324386.0
2019-11-13T00:00:00,201.45040836962198,203.23079198122582,200.4711919499403,202.4296112060547,1873031.0
2019-11-14T00:00:00,201.18338400146303,203.31983928322225,200.38221666661616,201.36141967773438,1855204.0
2019-11-15T00:00:00,203.31980861328677,204.21000044361332,200.56022208922406,202.607666015625,2148789.0
2019-11-18T00:00:00,202.16256267383588,203.05275447146045,200.38217907858677,202.96372985839844,1268278.0
2019-11-19T00:00:00,202.96376617298378,206.25747369686,202.87474154399334,203.8539581298828,1496492.0
2019-11-20T00:00:00,202.87471318381043,205.27824199804573,202.07354596789824,204.5660858154297,1652388.0
2019-11-21T00:00:00,203.40886215143328,203.8539581298828,200.64926165174572,203.8539581298828,1796840.0
2019-11-22T00:00:00,203.8539513270843,204.92217892306513,201.53944688308343,201.9845428466797,1379646.0
2019-11-25T00:00:00,203.1418018477133,204.65512545779146,202.60769482352467,203.8539581298828,1345380.0
2019-11-26T00:00:00,203.94293995574117,205.63429888556985,202.96372357536762,204.29901123046875,3068111.0
2019-11-27T00:00:00,204.38806701051317,204.56610267502788,201.98453799818768,202.0735626220703,1977701.0
2019-11-28T00:00:00,201.18337554550678,202.42963881027595,201.18337554550678,201.9845428466797,809915.0
2019-11-29T00:00:00,201.18334811123162,203.4088276257364,199.5810001441384,202.4296112060547,1503558.0
2019-12-02T00:00:00,202.60766288463566,205.45627398100987,200.29315872825396,200.91629028320312,1854913.0
2019-12-03T00:00:00,201.4504112276634,203.14177024938328,198.06767960097446,198.69081115722656,1552118.0
2019-12-04T00:00:00,198.33473944844974,201.53942183815232,198.33473944844974,200.91629028320312,1133848.0
2019-12-05T00:00:00,201.1833707162462,202.42963395109973,200.64925013945154,202.0735626220703,1109164.0
2019-12-06T00:00:00,202.16255824410976,204.20998846718447,201.89549799402437,203.764892578125,795857.0
2019-12-09T00:00:00,203.31978841350897,203.9429334994277,199.22491455078125,199.22491455078125,2731008.0
2019-12-10T00:00:00,198.69081709533398,198.86885274769122,193.43869064292278,195.39710998535156,2058571.0
2019-12-11T00:00:00,195.397121356077,196.55437353861728,193.52771293941575,195.21908569335938,2219873.0
2019-12-12T00:00:00,195.84220590786944,196.10926617803008,194.15084683560133,195.39710998535156,1714856.0
2019-12-13T00:00:00,196.8214100048327,198.42374435862612,194.59593053206547,195.84219360351562,2223752.0
2019-12-16T00:00:00,196.1982373631688,198.3347055072708,195.5751059148566,196.28726196289062,1768453.0
2019-12-17T00:00:00,196.02024001207755,196.64337158203125,194.68495225506987,196.64337158203125,2419501.0
2019-12-18T00:00:00,195.66416591001578,199.0468975626747,195.66416591001578,197.44454956054688,2468213.0
2019-12-19T00:00:00,200.2931945733075,200.6492659303594,196.4653663603673,197.88967895507812,1898761.0
2019-12-20T00:00:00,198.6017908477617,199.58099365234375,197.6225744599311,199.58099365234375,2040685.0
2019-12-23T00:00:00,199.8480568879173,200.29315278299063,198.51276920269737,200.02609252929688,742945.0
2019-12-27T00:00:00,200.02611719287762,201.0053337160776,198.24573339305985,199.13592529296875,798942.0
2019-12-30T00:00:00,199.4029702661244,199.58100591578358,194.5959398090801,194.95201110839844,961022.0
2020-01-02T00:00:00,195.3971114866149,199.3139502015661,195.0410401791647,198.33474731445312,954083.0
2020-01-03T00:00:00,196.73238299822614,197.3555145263672,194.77396380267632,197.3555145263672,1722235.0
2020-01-07T00:00:00,197.08847602665205,199.04690902158043,196.19828415013916,197.2665252685547,1415228.0
2020-01-08T00:00:00,197.08845427623572,197.88963502663015,194.95199944168112,197.3555145263672,1023145.0
2020-01-09T00:00:00,198.95787294684843,199.31394424365493,196.73239338368458,197.44454956054688,1592513.0
2020-01-10T00:00:00,198.0676811215829,198.3347413858124,196.6433687678583,197.44454956054688,797774.0
2020-01-13T00:00:00,197.53356943032932,199.13591750414258,196.99946246122482,198.77984619140625,2007986.0
2020-01-14T00:00:00,198.77984848821487,200.5602322389678,196.46534417893605,200.2041473388672,1555360.0
2020-01-15T00:00:00,200.64924569156145,204.29903785783372,200.20414974851607,204.12100219726562,2275516.0
2020-01-16T00:00:00,204.12099130970063,206.5245065572951,204.12099130970063,206.2574462890625,2434006.0
2020-01-17T00:00:00,207.23665358396298,209.90722898173763,206.88056871431036,208.39390563964844,1715407.0
2020-01-20T00:00:00,207.5037145863278,207.94881048755693,206.61352278386948,206.8805694580078,1039466.0
2020-01-21T00:00:00,205.54527898941302,207.68174743652344,203.6758843793463,207.68174743652344,1262367.0
2020-01-22T00:00:00,208.482920001406,209.64017207558558,206.2574404676949,209.5511474609375,1710128.0
2020-01-23T00:00:00,209.3730989172683,209.72918377067631,207.94880025338108,208.03781127929688,1667111.0
2020-01-24T00:00:00,209.90722770254237,215.07034282342528,209.37310719294285,213.82406616210938,1746698.0
2020-01-27T00:00:00,210.44135324325916,211.5986053942557,206.9696103735195,207.85980224609375,2177558.0
2020-01-28T00:00:00,207.50373093036404,209.81822164910716,205.36726228623579,207.85980224609375,1827975.0
2020-01-29T00:00:00,208.30491179718138,210.08529565869574,207.4147198664242,209.1060791015625,1352267.0
2020-01-30T00:00:00,206.34648036893452,207.85980384731852,205.45628848950275,206.61354064941406,1766846.0
2020-01-31T00:00:00,208.12686568467413,208.57196162771953,203.85394191478835,204.12100219726562,2154228.0
2020-02-03T00:00:00,204.74415863419202,205.36729031338484,202.78573896390665,203.2308349609375,1512157.0
2020-02-04T00:00:00,203.49783368318512,204.5660610360888,203.0527378208713,204.20997619628906,2477567.0
2020-02-05T00:00:00,204.21001588866145,209.37313161170812,202.60768133948352,208.75,2373441.0
2020-02-06T00:00:00,207.4147100010872,208.9280334947455,198.1567197948538,200.6492462158203,5970397.0
2020-02-07T00:00:00,202.07353861464642,206.2574373582999,201.00531117121878,204.92214965820312,3102191.0
2020-02-10T00:00:00,204.92213150190256,208.4828983866732,204.56606024672456,207.94879150390625,2019781.0
2020-02-11T00:00:00,209.19507869477442,214.09113372805638,209.01704304657767,212.2217254638672,1974692.0
2020-02-12T00:00:00,212.75585899152165,213.20095493083446,210.6194039161202,210.7974395751953,1534601.0
2020-02-13T00:00:00,209.46214050900926,215.15936279296875,209.46214050900926,215.15936279296875,2035588.0
2020-02-14T00:00:00,215.15936635680427,215.6044622795876,213.64604293599092,214.62525939941406,1304012.0
2020-02-17T00:00:00,215.87153917477454,216.76173108889733,215.24840755153872,216.31663513183594,944741.0
2020-02-18T00:00:00,215.3374117997355,217.91897641920113,214.89231585671558,215.69349670410156,1170764.0
2020-02-19T00:00:00,215.42641045120433,218.00796117620445,213.20093100439436,217.82992553710938,1246745.0
2020-02-20T00:00:00,218.4530650683722,219.43228149414062,217.3848376114197,219.43228149414062,1659045.0
2020-02-21T00:00:00,218.4530886710278,221.2126890176264,217.74094601161576,218.80917358398438,1847810.0
2020-02-24T00:00:00,214.62527097229378,215.24840258114057,207.1476509163811,209.01705932617188,2570828.0
2020-02-25T00:00:00,209.5511448768914,211.33152848190576,203.67588713029335,203.9429473876953,2438878.0
2020-02-26T00:00:00,201.45042300703028,205.634322081652,196.10927178413021,204.6551055908203,2781764.0
2020-02-27T00:00:00,202.25157982890116,202.25157982890116,192.7265300224991,196.19827270507812,4472994.0
2020-02-28T00:00:00,189.96691270162654,192.4594523010212,186.0500744620407,191.3022003173828,4401779.0
2020-03-02T00:00:00,194.86295733539703,196.19824488292122,188.63161544695083,193.70571899414062,2868767.0
2020-03-03T00:00:00,195.57512619876343,198.51276171204879,193.34964680737275,193.9727783203125,2235928.0
2020-03-04T00:00:00,194.9520115665145,195.39710748333303,191.30221961530282,192.72653198242188,2708064.0
2020-03-05T00:00:00,194.86296734651054,195.66414806613423,183.7355705454707,186.13909912109375,4260222.0
2020-03-06T00:00:00,182.7563899772027,185.6940258061752,180.88698165424302,184.53677368164062,3712818.0
2020-03-09T00:00:00,178.3054392805088,178.3054392805088,171.67351237958152,173.0532989501953,4775762.0
2020-03-10T00:00:00,174.74467976012986,181.06503435602087,171.58449567055885,173.1868438720703,4601564.0
2020-03-11T00:00:00,175.0117290154878,177.01466074519237,171.4954602234063,172.6082000732422,3124148.0
2020-03-12T00:00:00,165.57567952172846,167.0890029082342,156.31768997101756,158.4986572265625,5545751.0
2020-03-13T00:00:00,160.90217585441277,167.53410237768193,152.44535333371059,158.1870880126953,5681271.0
2020-03-16T00:00:00,153.38004955043837,162.59352651209502,143.32087951387095,160.05648803710938,5251620.0
2020-03-17T00:00:00,165.13057394347734,168.11272181726542,154.00317677747483,165.7982177734375,3847851.0
2020-03-18T00:00:00,161.39178312415902,165.70920539327395,152.62338807688258,158.4541473388672,5220333.0
2020-03-19T00:00:00,159.21079667528977,168.0682016905821,153.11297787879445,159.74490356445312,5589869.0
2020-03-20T00:00:00,166.68842287008474,170.91683413114163,152.89044928137278,154.00318908691406,5580197.0
2020-03-23T00:00:00,141.62954856401143,153.95869925982004,141.36248825503418,141.8520965576172,4743275.0
2020-03-24T00:00:00,145.99147785908204,150.70949784800746,143.40992667170357,149.06263732910156,7066000.0
2020-03-25T00:00:00,154.49278413955852,157.56394302422854,144.7896857129762,156.18414306640625,4225156.0
2020-03-26T00:00:00,152.0892663072497,162.14842224121094,149.99731025613488,162.14842224121094,3465701.0
2020-03-27T00:00:00,160.41255679395348,161.52529652418798,152.26730740193653,153.91415405273438,3644209.0
2020-03-30T00:00:00,158.4541652627264,161.61434936523438,153.15752593829112,161.61434936523438,3390321.0
2020-03-31T00:00:00,163.12763867512086,168.6023125206865,161.8368633504121,167.0889892578125,4650096.0
2020-04-01T00:00:00,162.90508588016309,166.7329130191334,158.23157931802726,158.54315185546875,3460777.0
2020-04-02T00:00:00,158.8992403231861,160.05649240913647,153.55808938795295,156.5402374267578,2680594.0
2020-04-03T00:00:00,156.0951368641961,157.6084602007686,153.1129889142527,153.15750122070312,1995794.0
2020-04-06T00:00:00,158.4986654960763,162.05943298339844,156.09515015878387,162.05943298339844,2965968.0
2020-04-07T00:00:00,166.3768542887477,170.07115868185707,164.0623635875616,169.22547912597656,3290603.0
2020-04-08T00:00:00,158.4541652627264,163.03864831876894,155.69456481642345,161.61434936523438,5866619.0
2020-04-09T00:00:00,164.64096212638572,166.64389357216473,159.92294311523438,159.92294311523438,1784414.0
2020-04-14T00:00:00,164.19587428623603,164.99705505371094,161.70333453728438,164.99705505371094,8060701.0
2020-04-15T00:00:00,164.15138923264783,166.5104060369627,160.50161040792176,161.3472900390625,3385401.0
2020-04-16T00:00:00,161.34728013550006,163.35021188890627,160.1010169222363,161.74786376953125,3119572.0
2020-04-17T00:00:00,167.35605096666038,171.22839055796484,166.4658592061994,170.78329467773438,3328251.0
2020-04-20T00:00:00,173.0087979383856,173.09780897675816,168.64684956062527,171.62899780273438,1689178.0
2020-04-21T00:00:00,171.8070359990795,172.2966442587321,168.69136436179048,168.86940002441406,2347279.0
2020-04-22T00:00:00,170.11566752730764,172.16309791040035,169.75958263828093,171.005859375,2894336.0
2020-04-23T00:00:00,171.58448191754542,173.76544926936748,169.31448994595513,172.16310119628906,1549469.0
2020-04-24T00:00:00,170.24918980623417,171.36192960888928,167.89018685790512,170.02664184570312,1624539.0
2020-04-27T00:00:00,172.47469790513324,173.5429255755082,169.5370616241632,170.07118225097656,1348414.0
2020-04-28T00:00:00,170.24915760961073,175.63481995260338,169.13641801739107,174.25502014160156,2555746.0
2020-04-29T00:00:00,171.80701074905085,171.89603535890413,164.01783280058353,167.0444793701172,4865152.0
2020-04-30T00:00:00,167.7193350684721,167.89930242612925,158.40660095214844,158.40660095214844,3828036.0
2020-05-04T00:00:00,153.4127768841536,160.56603851494762,151.16332267764108,159.98118591308594,5085927.0
2020-05-05T00:00:00,161.69079291199435,162.81552020510725,158.81149378754156,162.00572204589844,3157538.0
2020-05-06T00:00:00,162.36565317959256,164.43515444935886,159.75629096744152,163.4453887939453,2971157.0
2020-05-07T00:00:00,162.7255323627856,165.64982300326443,162.7255323627856,163.580322265625,2508013.0
2020-05-08T00:00:00,164.93001901897355,169.47392019467134,164.66008171287217,168.6641082763672,1478187.0
2020-05-11T00:00:00,169.60887654622397,169.96878378976805,164.97500557008271,166.68458557128906,1958079.0
2020-05-12T00:00:00,166.09972541775966,167.31442260742188,164.97499817015722,167.31442260742188,2261950.0
2020-05-13T00:00:00,165.91978235427024,167.0895016088632,164.88503862688952,165.78482055664062,2319918.0
2020-05-14T00:00:00,163.98523387709028,165.6048438711752,157.6417694091797,157.6417694091797,2714939.0
2020-05-15T00:00:00,158.36158900669642,159.57629986875025,156.6070173289587,157.46180725097656,2437171.0
2020-05-18T00:00:00,159.7112854851125,165.51487593006357,159.26139454008404,164.93002319335938,2197112.0
2020-05-19T00:00:00,166.09975350383095,166.14473161767594,160.9260072900228,163.76031494140625,3282400.0
2020-05-20T00:00:00,163.26539908962286,167.08947160437094,161.2408901112268,165.33489990234375,1794300.0
2020-05-22T00:00:00,164.6151017137631,168.57415045231946,163.98525710727858,165.55987548828125,3017789.0
2020-05-25T00:00:00,166.95452856259067,172.71312703317628,166.50463762802676,172.08328247070312,1739026.0
2020-05-26T00:00:00,174.9625665777185,174.9625665777185,170.01376672541718,171.8583221435547,2035303.0
2020-05-27T00:00:00,172.0832649974888,172.3532022767343,169.1589742197537,171.94830322265625,2086143.0
2020-05-28T00:00:00,173.79285493482692,178.29176408384734,172.0832749500316,177.8418731689453,2452710.0
2020-05-29T00:00:00,177.07708462848464,177.07708462848464,170.73361934561638,171.58840942382812,3519134.0
2020-06-01T00:00:00,173.2979926844765,174.55768180359763,170.19373426667502,172.53317260742188,1454613.0
2020-06-02T00:00:00,173.11802133972958,175.32249784177995,171.0935121901921,171.1385040283203,2921910.0
2020-06-03T00:00:00,172.17324494017424,175.68238830566406,171.09349584656502,175.68238830566406,2773397.0
2020-06-04T00:00:00,174.55765600233983,177.7068920642377,174.55765600233983,177.34698486328125,2518283.0
2020-06-05T00:00:00,178.06681570534514,184.09536484980364,177.43697118073064,183.28555297851562,3275535.0
2020-06-08T00:00:00,182.20582739591006,183.37554656461498,180.13632636352168,181.30604553222656,2303077.0
2020-06-09T00:00:00,181.2160428882339,181.48598016500404,177.84186125255738,179.68641662597656,2725258.0
2020-06-10T00:00:00,179.8663900401552,183.10561025892716,178.60670091595597,179.37152099609375,2409768.0
2020-06-11T00:00:00,175.09757833047013,175.09757833047013,167.89932250976562,167.89932250976562,2977886.0
2020-06-12T00:00:00,165.73980843572443,172.21823479137072,165.73980843572443,168.70909118652344,2794271.0
2020-06-15T00:00:00,165.73979675577246,171.2734627944726,165.24491404391765,170.5536346435547,2499353.0
2020-06-16T00:00:00,174.602678452508,178.60670511599295,173.20801377747426,178.3817596435547,3620655.0
2020-06-17T00:00:00,178.2467911311782,180.85615302124413,177.0770719726867,178.56170654296875,2505202.0
2020-06-18T00:00:00,175.95232254451733,175.95232254451733,172.44316550996788,173.61288452148438,4371891.0
2020-06-22T00:00:00,172.84809280901828,174.73762638993753,171.2734746267951,172.57815551757812,2593573.0
2020-06-23T00:00:00,173.47794240775596,179.056587099098,173.20800510842395,178.42674255371094,2427226.0
2020-06-24T00:00:00,178.42674637821202,179.59646554733553,173.52293796529824,174.01780700683594,2236423.0
2020-06-25T00:00:00,173.25300224822277,173.65790134482026,169.02403019455025,170.3737030029297,3881762.0
2020-06-26T00:00:00,171.90334024612466,174.4227323927247,170.50867551054404,170.68862915039062,5415574.0
2020-06-29T00:00:00,170.68862627995904,174.82762857473892,170.68862627995904,172.26324462890625,3423583.0
2020-06-30T00:00:00,172.66811615482848,173.4779279855,169.65385546336185,170.46365356445312,2924220.0
2020-07-01T00:00:00,170.328729516934,173.47796640916096,169.74386299919902,171.3184814453125,4422274.0
2020-07-02T00:00:00,176.53720334703493,177.7969062256105,173.38796674496905,175.18753051757812,3109683.0
2020-07-03T00:00:00,173.8828273842193,175.72738276215424,173.11800738642816,174.10777282714844,1835962.0
2020-07-06T00:00:00,177.9768494619136,178.65168583722703,175.50244941909764,177.39198303222656,1307347.0
2020-07-07T00:00:00,177.25701760507502,178.15679942032924,175.86235304551485,176.6721649169922,1895367.0
2020-07-08T00:00:00,175.54743880133103,176.8071278591311,175.097547890748,175.99732971191406,1492044.0
2020-07-09T00:00:00,177.12205698837164,178.2917623722227,175.41246329040752,175.99732971191406,1376779.0
2020-07-10T00:00:00,175.81737228464362,177.57195791858607,175.05256593124628,176.76214599609375,2993741.0
2020-07-13T00:00:00,178.60666981233638,180.1362959766521,177.3019890759959,179.82138061523438,2479194.0
2020-07-14T00:00:00,178.7866719333352,179.95639122219612,177.57197453033524,179.50650024414062,2435252.0
2020-07-15T00:00:00,181.84591465514472,184.72521378613396,179.37151460467905,184.4552764892578,2475010.0
2020-07-16T00:00:00,182.65571153265785,187.87444889379287,181.39602246219613,186.61474609375,2824526.0
2020-07-17T00:00:00,194.6228325588563,195.61258443573567,177.34702239488632,181.84593200683594,3951772.0
2020-07-20T00:00:00,185.17509439518244,192.6432859685471,183.73543804504692,192.013427734375,3338322.0
2020-07-21T00:00:00,193.2731403770889,193.72303129336257,189.8539666674927,190.03392028808594,2914779.0
2020-07-22T00:00:00,189.4940479618609,189.7639715116297,186.70471895788685,187.78445434570312,1859753.0
2020-07-23T00:00:00,188.68426002227196,190.6637774389212,187.1546335516604,187.9644317626953,1210356.0
2020-07-24T00:00:00,186.25486845335269,186.25486845335269,180.85617661412508,182.38580322265625,2379502.0
2020-07-27T00:00:00,182.2058053225108,183.19557074448977,180.5861954181725,181.48597717285156,1343429.0
2020-07-28T00:00:00,181.8459075196356,182.56572197695195,178.246780314731,179.73141479492188,1654107.0
2020-07-29T00:00:00,179.19153281129698,180.40624368454618,178.5616883224041,178.87661743164062,1158397.0
2020-07-30T00:00:00,178.29177324069335,180.04635888258957,175.9973404405186,176.312255859375,1707258.0
2020-07-31T00:00:00,176.31224075076628,176.85211532194538,171.81333175620944,172.44317626953125,2142111.0
2020-08-03T00:00:00,172.53317791916942,179.91138669313406,172.21824876490265,179.41650390625,1435328.0
2020-08-04T00:00:00,180.67619417057688,180.67619417057688,176.40223047900744,177.8418731689453,1707422.0
2020-08-05T00:00:00,179.0565960608695,179.10158790127358,177.3470159621714,178.3817596435547,862840.0
2020-08-06T00:00:00,178.3817553069713,178.3817553069713,174.5576823684864,177.2120361328125,1325096.0
2020-08-07T00:00:00,176.67217856445873,178.20180502263435,176.08731210161557,177.57196044921875,1147503.0
2020-08-10T00:00:00,178.69666193452537,178.69666193452537,175.50243396015236,176.1322784423828,900170.0
2020-08-11T00:00:00,177.2120241396101,179.73141594508186,177.16703230334474,179.05657958984375,2070179.0
2020-08-12T00:00:00,178.6966534753582,180.3162495731164,176.9420681534879,179.82138061523438,1648627.0
2020-08-13T00:00:00,178.83162559752395,179.55145375465014,178.2917510472843,178.87661743164062,938289.0
2020-08-14T00:00:00,178.38173095354034,178.56168455663172,174.46767487079842,175.77236938476562,1472775.0
2020-08-17T00:00:00,175.7723922003389,177.93186317689845,175.50245489587357,177.88687133789062,791566.0
2020-08-18T00:00:00,178.06680560628112,179.1015628726438,176.13228030548586,178.87661743164062,1790986.0
2020-08-19T00:00:00,179.05659664101546,181.0361140589696,177.7519156425627,179.41650390625,1427674.0
2020-08-20T00:00:00,178.20179811252976,181.4859963727201,176.67217171366826,179.23654174804688,1405678.0
2020-08-21T00:00:00,180.4062432929182,182.6556976980668,178.87661704333317,180.58619689941406,2085535.0
2020-08-24T00:00:00,182.0258557748044,185.98489009180622,182.0258557748044,184.3652801513672,1634299.0
2020-08-25T00:00:00,184.45527286161996,186.61474373499678,182.74569289766174,182.83566284179688,1709339.0
2020-08-26T00:00:00,182.2058097952105,183.645466129869,181.21604434893524,182.65570068359375,1366037.0
2020-08-27T00:00:00,184.45526389605615,184.45526389605615,181.03609040474979,181.39601135253906,1188613.0
2020-08-28T00:00:00,181.39601470358593,181.9358755408726,178.83163110533755,180.85614013671875,2398548.0
2020-08-31T00:00:00,181.21606425609207,183.10561168670657,179.9563751220703,179.9563751220703,1862462.0
2020-09-01T00:00:00,180.4962465571318,183.19559213637356,179.9563719494508,181.7559356689453,2472047.0
2020-09-02T00:00:00,182.2058128243062,185.62498637877718,180.31626556985154,180.85614013671875,1959964.0
2020-09-03T00:00:00,182.38579235533214,183.55551159671793,178.65170288085938,178.65170288085938,1814549.0
2020-09-04T00:00:00,177.8418788711951,183.1955919138536,177.3470098326005,180.49624633789062,2071441.0
2020-09-07T00:00:00,181.66595142285362,183.91540606518504,181.03610686891713,183.46551513671875,1346005.0
2020-09-08T00:00:00,184.27530077840552,184.45525437822445,179.68640847033492,180.76614379882812,1713987.0
2020-09-09T00:00:00,179.28155816101702,183.1056315471366,179.23656631644013,182.38580322265625,2036255.0
2020-09-10T00:00:00,181.39603923266708,181.84593018936556,177.12207514403136,179.3265380859375,2727949.0
2020-09-11T00:00:00,179.9563751220703,180.85615699768067,178.9666095670662,179.9563751220703,1314754.0
2020-09-14T00:00:00,181.12608774294208,183.19558872777122,181.03610406680897,182.29580688476562,1561061.0
2020-09-15T00:00:00,182.2958037670161,190.21387286637992,182.11583641782784,189.22412109375,3267689.0
2020-09-16T00:00:00,189.40408934114603,191.47359045040992,188.77424475908717,190.9337158203125,1857720.0
2020-09-17T00:00:00,188.95416746087218,192.2833571892668,188.50427658596536,191.38357543945312,1917809.0
2020-09-18T00:00:00,192.10343526910853,194.9827345974832,191.65354432000055,194.35289001464844,3250421.0
2020-09-21T00:00:00,192.73328361701164,193.54309557897508,185.8049656113196,187.42457580566406,2392882.0
2020-09-22T00:00:00,188.4143003614526,190.12389399137493,185.71495500538836,186.88467407226562,1566425.0
2020-09-23T00:00:00,188.0543785103224,189.2240974862068,185.9848778190776,186.4347686767578,1485646.0
2020-09-24T00:00:00,184.9051725588848,185.17510986328125,183.37554614008042,185.17510986328125,1613553.0
2020-09-25T00:00:00,185.35507628547936,186.88470280987988,183.73546607687416,186.52479553222656,1388508.0
2020-09-28T00:00:00,189.13412844454584,191.2936129661053,188.32433032994882,190.7537384033203,2010621.0
2020-09-29T00:00:00,191.02369175981906,191.9234736204592,190.30386352539062,190.30386352539062,1358291.0
2020-09-30T00:00:00,190.75375423574823,191.29362884334242,188.68425321274594,189.04417419433594,2669562.0
2020-10-01T00:00:00,189.1341262569359,189.58401714419293,187.15460909892107,188.23434448242188,1433756.0
2020-10-02T00:00:00,188.77426567100866,191.20367431640625,186.07491968065938,191.20367431640625,2232424.0
2020-10-05T00:00:00,193.36312074861607,194.5328399399144,190.93371241566223,191.4735870361328,1404577.0
2020-10-06T00:00:00,192.1034416900536,192.1934253747157,189.49407958984375,189.49407958984375,1443715.0
2020-10-07T00:00:00,190.12389389979148,192.1034110807023,190.03391022946715,190.7537384033203,1150575.0
2020-10-08T00:00:00,192.2833921478367,194.17293965781138,189.67403009080732,192.55332946777344,1460139.0
2020-10-09T00:00:00,193.27314743444234,193.27314743444234,190.84373914377105,191.11366271972656,890634.0
2020-10-12T00:00:00,191.65350057912428,194.53279925035963,190.66373522514695,193.45306396484375,1323150.0
2020-10-13T00:00:00,193.2731507982589,194.5328399399144,191.20364972589752,191.4735870361328,1625237.0
2020-10-14T00:00:00,192.10342250726163,193.63304888669592,191.92346888548957,193.00320434570312,1337128.0
2020-10-15T00:00:00,191.92348123004697,191.92348123004697,188.41432359666658,189.6740264892578,1623684.0
2020-10-16T00:00:00,190.93371402632383,192.1034332274896,188.2343683603638,190.5738067626953,2032859.0
2020-10-19T00:00:00,191.38360335619373,192.10343160696056,190.57380515506978,191.4735870361328,1003364.0
2020-10-20T00:00:00,191.92348259692764,196.33240842844194,191.29363801093734,195.16268920898438,2599946.0
2020-10-21T00:00:00,200.65134451939508,201.4611426601522,184.27531825072387,187.1546173095703,5628308.0
2020-10-22T00:00:00,186.25484749930246,189.67402135873257,185.89494024234423,188.95419311523438,2062964.0
2020-10-23T00:00:00,189.6740366155448,189.85399025849884,185.35508053673345,185.5350341796875,1643525.0
2020-10-26T00:00:00,183.195574913111,183.195574913111,178.60668236799535,179.01158142089844,2356393.0
2020-10-27T00:00:00,179.0115912426405,179.0565830797828,175.81736301967288,177.03207397460938,2292281.0
2020-10-28T00:00:00,174.24275244341877,174.64766526581823,169.65387317551435,171.2734832763672,2731229.0
2020-10-29T00:00:00,170.95853368795227,172.57814359512255,169.56386921984506,170.5536346435547,1892983.0
2020-10-30T00:00:00,170.05875856089966,171.8583221435547,169.92379678403276,171.8583221435547,1317967.0
2020-11-02T00:00:00,171.8583295143301,173.25299409661918,170.68861038952053,172.71311950683594,2259170.0
2020-11-03T00:00:00,174.24271923150988,174.24271923150988,171.9032950691505,172.6231231689453,1998517.0
2020-11-04T00:00:00,170.05879872115617,175.81739805374275,169.3389703721869,174.55770874023438,2318893.0
2020-11-05T00:00:00,175.99732071188197,179.50646414314897,175.5024379896314,179.01158142089844,2905397.0
2020-11-06T00:00:00,179.1915444696256,179.1915444696256,175.99732998322676,177.25701904296875,1829455.0
2020-11-09T00:00:00,179.0565755014772,194.8027567641699,178.60668460825738,192.013427734375,4925335.0
2020-11-10T00:00:00,192.10341311453536,199.39165114139212,191.65352221731163,197.14219665527344,4314000.0
2020-11-11T00:00:00,196.6923135002738,200.2914408197329,196.6923135002738,197.7720489501953,2777958.0
2020-11-12T00:00:00,196.87227024747736,199.48163210370024,195.2526601820784,195.9724884033203,2396097.0
2020-11-13T00:00:00,195.61257059263912,195.8825078961697,194.08294417874126,194.1729278564453,2668752.0
2020-11-16T00:00:00,194.62282428943544,198.76181271881612,193.90299603619212,197.41213989257812,2202224.0
2020-11-17T00:00:00,196.78228570323492,202.36093036648526,196.42237845899217,201.55113220214844,2771203.0
2020-11-18T00:00:00,200.74132647376814,201.3711709922507,196.3323873852286,197.05221557617188,2690782.0
2020-11-19T00:00:00,190.75374668464926,197.41212669029989,190.75374668464926,194.80276489257812,2691212.0
2020-11-20T00:00:00,194.4428659555595,195.88250869764377,193.18316311045643,193.72303771972656,2349495.0
2020-11-23T00:00:00,194.71281335876438,196.06248631752544,192.64332580566406,192.64332580566406,1393819.0
2020-11-24T00:00:00,193.45310442855512,193.81301168914757,190.39385152477354,191.4735870361328,2440374.0
2020-11-25T00:00:00,191.9727894629699,193.51583039078355,190.42974853515625,190.42974853515625,2150861.0
2020-11-26T00:00:00,191.42819762860114,192.9712525463663,190.33899298369928,190.61129760742188,1233771.0
2020-11-27T00:00:00,189.7943761536925,190.33897148965067,186.79905333096818,187.70672607421875,1662120.0
2020-11-30T00:00:00,187.16213182462923,188.70517284129926,183.98527696972528,185.2560272216797,3329255.0
2020-12-01T00:00:00,183.3499181976043,185.8914049822223,183.07761356889725,184.8022003173828,2497535.0
2020-12-02T00:00:00,183.803735770583,186.3452222944453,182.9868358182642,185.70985412597656,1780350.0
2020-12-03T00:00:00,185.70987519864266,186.6175480708746,182.44224731861226,184.98373413085938,2169849.0
2020-12-04T00:00:00,184.43909627954827,185.4375418242403,182.35144622700193,182.80528259277344,3036699.0
2020-12-07T00:00:00,182.9868568448854,183.62222508636296,180.8084336384053,181.4438018798828,2200518.0
2020-12-08T00:00:00,181.17149027978934,188.06979501600154,181.08071746287067,185.70985412597656,3533115.0
2020-12-09T00:00:00,186.16372323966607,187.615991615774,184.98374566221042,187.1621551513672,2133151.0
2020-12-10T00:00:00,187.79749277811254,189.06824298102603,184.16680165548118,185.98214721679688,2223636.0
2020-12-11T00:00:00,184.5299261951233,188.43292291853047,183.89455785642704,187.3437042236328,2771447.0
2020-12-14T00:00:00,189.24979203387005,190.79283313177436,185.70987340632553,186.07293701171875,2698790.0
2020-12-15T00:00:00,186.16369661311165,190.7020606080682,186.16369661311165,188.61441040039062,2828285.0
2020-12-16T00:00:00,189.88515284382154,190.3389892578125,187.16213435987575,190.3389892578125,3329588.0
2020-12-17T00:00:00,191.79127866785913,191.8820376441403,188.43289184570312,188.43289184570312,1680696.0
2020-12-18T00:00:00,188.52364511261553,189.70362256844564,186.4359948215297,186.799072265625,3039799.0
2020-12-21T00:00:00,185.16526794433594,185.16526794433594,181.3076581954956,181.53457641601562,3158369.0
2020-12-22T00:00:00,182.1699124185879,183.89449889927397,181.62531709572906,182.62374877929688,1976731.0
2020-12-23T00:00:00,182.98683369677022,183.6222018578727,181.625324558699,183.16836547851562,1663247.0
2020-12-28T00:00:00,184.98374398212795,185.43758044241287,183.80376641538925,184.62066650390625,1142191.0
2020-12-29T00:00:00,184.80221216801192,186.25448053092987,183.7129935833364,184.62066650390625,1008764.0
2020-12-30T00:00:00,184.71142958652825,185.1652660228588,183.8037567138672,183.8037567138672,1770108.0
2021-01-04T00:00:00,185.43756278526996,186.88983100990467,184.2575853308873,184.34835815429688,1681250.0
2021-01-05T00:00:00,182.44223599341083,185.70986367060146,181.71609497070312,181.71609497070312,992990.0
2021-01-07T00:00:00,188.79593883902186,193.6973663265784,185.70985691722518,191.97279357910156,3994007.0
2021-01-08T00:00:00,193.6066134574469,195.87579548613243,192.97124525941257,194.87734985351562,2303706.0
2021-01-11T00:00:00,194.4235230152064,194.69582764204617,192.880481929766,193.24354553222656,1601411.0
2021-01-12T00:00:00,194.24199091055175,194.60505451244518,190.7020723171306,193.1527862548828,2045618.0
2021-01-13T00:00:00,193.1527884115973,196.01195239590177,192.97125660862363,195.7850341796875,2031732.0
2021-01-14T00:00:00,196.05732872927024,196.14810155108458,192.06357386922477,192.5174102783203,2157350.0
2021-01-15T00:00:00,192.06354658506982,192.06354658506982,186.79904221742873,188.0697784423828,2247001.0
2021-01-18T00:00:00,188.06979577230925,190.52050948910824,187.7067322031492,189.43130493164062,1279823.0
2021-01-19T00:00:00,190.70206092516977,191.06512450537488,189.06824711427114,189.88514709472656,1973748.0
2021-01-20T00:00:00,190.7928178791562,191.70049067006556,189.97591790733279,190.8835906982422,1566962.0
2021-01-21T00:00:00,192.15429405159284,192.15429405159284,189.34051719319984,189.5220489501953,1823270.0
2021-01-22T00:00:00,189.43132183810707,191.1559085705027,187.97905358186657,190.7020721435547,1079255.0
2021-01-25T00:00:00,191.42819762860114,192.9712525463663,189.24978833879743,190.61129760742188,1667592.0
2021-01-26T00:00:00,190.15747427654478,193.15279764373884,189.70363782242413,191.60975646972656,1645789.0
2021-01-27T00:00:00,191.6097491572662,193.51585388183594,189.88516238743006,193.51585388183594,2304677.0
2021-01-28T00:00:00,192.5173979103339,198.0541934356036,190.42974779261473,197.60035705566406,3665124.0
2021-01-29T00:00:00,195.6035118348815,195.9665754583843,187.97906494140625,187.97906494140625,2971128.0
2021-02-01T00:00:00,188.16060088679015,190.06670572703877,187.88829623818614,189.6128692626953,2149215.0
2021-02-02T00:00:00,190.52052307128906,191.5189687326394,189.5220912599271,190.52052307128906,1840344.0
2021-02-03T00:00:00,192.15433690697984,192.78970512316016,190.24823225843883,191.70050048828125,1609337.0
2021-02-04T00:00:00,192.42665870621616,195.5127410888672,191.79129043331622,195.5127410888672,2391991.0
2021-02-05T00:00:00,191.51896320567423,204.77099179212837,190.6112903942729,197.2373046875,4398065.0
2021-02-08T00:00:00,205.86020858054465,206.94941324869794,202.04798531701374,204.2263946533203,2264747.0
2021-02-09T00:00:00,204.22642172097562,205.67870403765434,201.77570743032203,202.77413940429688,1568432.0
2021-02-10T00:00:00,203.1371918610266,204.5894601486456,201.04954148196103,201.95721435546875,1666401.0
2021-02-11T00:00:00,202.50182563194988,203.4094985144777,199.14342488660574,202.1387481689453,1451492.0
2021-02-12T00:00:00,201.68489678262335,206.404792652021,200.777223967355,204.58944702148438,2307635.0
2021-02-15T00:00:00,206.2232648530023,207.40324230570198,203.59101917773924,207.31246948242188,1381828.0
2021-02-16T00:00:00,206.85862670269577,207.13093131417122,199.96032169524904,200.7772216796875,2548238.0
2021-02-17T00:00:00,200.2326256813431,200.50491644198024,196.23885704214854,197.05577087402344,2265753.0
2021-02-18T00:00:00,197.05577665308337,197.96344948179404,195.05888534992928,196.3296356201172,1872626.0
2021-02-19T00:00:00,196.78347778320312,196.87423675873265,193.87892741647457,196.78347778320312,2316274.0
2021-02-22T00:00:00,195.96654288643364,195.96654288643364,192.3358518549111,195.14964294433594,1936975.0
2021-02-23T00:00:00,195.5127274758922,196.78347778320312,192.42664530811598,196.78347778320312,2400717.0
2021-02-24T00:00:00,196.78347778320312,198.59882349365705,195.9665639035057,196.78347778320312,2181522.0
2021-02-25T00:00:00,197.50962640040493,197.87269001640266,195.60350779144392,196.1481170654297,1838079.0
2021-02-26T00:00:00,193.33430479276626,195.14965037767485,192.15432739257812,192.15432739257812,2274847.0
2021-03-01T00:00:00,193.60660444080338,197.78189086914062,193.60660444080338,197.78189086914062,1902073.0
2021-03-02T00:00:00,197.6911302962306,201.2310485273666,197.14652109913865,200.0510711669922,1611965.0
2021-03-03T00:00:00,201.04951320375716,204.8617359662915,200.86798142458636,203.31869506835938,2082835.0
2021-03-04T00:00:00,201.95721249050564,204.86176288891068,201.3218442549153,204.2263946533203,2110359.0
2021-03-05T00:00:00,202.86487220496397,208.0386044307977,201.95719939867777,206.7678680419922,1823216.0
2021-03-08T00:00:00,207.31245477416732,213.48463236963022,206.58632763939653,213.3031005859375,2245939.0
2021-03-09T00:00:00,212.75849745746496,216.026125057148,211.12469750761116,215.02767944335938,3074014.0
2021-03-10T00:00:00,214.21080393771248,218.93070023752864,213.7569674886919,216.93382263183594,2795033.0
2021-03-11T00:00:00,217.11534295569493,217.65995220570463,215.66307470564996,216.02613830566406,2577798.0
2021-03-12T00:00:00,214.93693165063078,215.8446044921875,214.2107906073877,215.8446044921875,2171073.0
2021-03-15T00:00:00,215.75380686675848,217.20608878630225,214.4830705746478,215.11843872070312,2336313.0
2021-03-16T00:00:00,215.66305541992188,216.38918255501596,214.12000063287869,215.66305541992188,1953308.0
2021-03-17T00:00:00,215.5722750893122,215.75380686675848,214.39229776093123,215.11843872070312,3011910.0
2021-03-18T00:00:00,213.48462484588578,214.48307039598882,212.5769521094237,212.75848388671875,3057456.0
2021-03-19T00:00:00,211.4877550490359,214.392305138081,209.67240951213432,213.3031005859375,3175657.0
2021-03-22T00:00:00,212.03238317754884,214.84616070093077,210.943164678187,212.39544677734375,2069454.0
2021-03-23T00:00:00,211.8508246631072,216.47996145432688,211.57853390479005,215.02767944335938,1629785.0
2021-03-24T00:00:00,214.75542466352272,218.2045707799356,213.84775171710038,216.66152954101562,2213854.0
2021-03-25T00:00:00,217.38763260644328,224.37671030020198,216.75226442519025,219.6568145751953,2807999.0
2021-03-26T00:00:00,223.2874987202306,225.82898521549896,222.37982596120526,225.10284423828125,2273189.0
2021-03-29T00:00:00,225.46593464320972,226.55515316369937,223.55982993233053,224.83056640625,1864541.0
2021-03-30T00:00:00,225.9197540371059,228.27970885351908,225.64746327750942,227.0997314453125,1989388.0
2021-03-31T00:00:00,227.19049852623039,230.00427582088963,226.2828257505363,227.82586669921875,2828971.0
2021-04-01T00:00:00,228.37049321928237,228.37049321928237,226.64590650471598,228.00741577148438,718557.0
2021-04-06T00:00:00,230.9119355178946,231.9103810546018,229.36889465660883,231.5473175048828,1840145.0
2021-04-07T00:00:00,232.18270671979178,232.4550113317946,230.0042836737572,230.82119750976562,1480753.0
2021-04-08T00:00:00,231.36578513801695,233.09035787298558,230.91194874986863,232.5457763671875,1275366.0
2021-04-09T00:00:00,232.99962116005057,234.90571189904972,231.9104027092146,234.5426483154297,1720870.0
2021-04-12T00:00:00,234.1795995248523,234.27037235148538,231.27504912244882,232.00119018554688,1238769.0
2021-04-13T00:00:00,232.00115084820547,232.72727793819504,230.18580542325859,232.63650512695312,1519502.0
2021-04-14T00:00:00,232.36423645626243,232.36423645626243,228.2797088623047,228.2797088623047,1917170.0
2021-04-15T00:00:00,228.279712903363,229.64122212545064,227.5535718815853,228.6427764892578,1883064.0
2021-04-16T00:00:00,228.27971118101655,232.09193420410156,228.18893836023372,232.09193420410156,2074217.0
2021-04-19T00:00:00,232.9996188162749,234.45187313614662,228.642772756733,229.55044555664062,1134059.0
2021-04-20T00:00:00,228.91509422687645,230.00429889699072,225.1936437831537,226.0105438232422,2199994.0
2021-04-21T00:00:00,226.91820538233196,230.27659205199285,226.91820538233196,228.73355102539062,1500853.0
2021-04-22T00:00:00,229.45968829973947,230.82119750976562,228.27971088105255,230.82119750976562,1745769.0
2021-04-23T00:00:00,229.91351521322392,230.27657878091668,228.91506962708786,230.0950469970703,1283977.0
2021-04-26T00:00:00,230.0950662846861,230.91196630546474,229.36892523844483,230.4581298828125,1326047.0
2021-04-27T00:00:00,230.45812983117557,231.6381072998047,229.00586158900688,231.6381072998047,1816891.0
2021-04-28T00:00:00,232.45501849940385,232.7273092698147,219.47529419360166,222.92445373535156,3548804.0
2021-04-29T00:00:00,222.32974368439798,223.7021495096103,219.5849320339733,222.14675903320312,2559815.0
2021-04-30T00:00:00,224.98305584471743,226.5384602806859,220.77435302734375,220.77435302734375,1903731.0
2021-05-03T00:00:00,222.05526529853438,226.72145080566406,220.77435874719865,226.72145080566406,2190387.0
2021-05-04T00:00:00,227.81938797945696,227.81938797945696,225.07457607609,225.34906005859375,2569791.0
2021-05-05T00:00:00,227.27037547716526,232.30252964720648,226.44693765185517,232.21104431152344,2021148.0
2021-05-06T00:00:00,232.30254266927528,234.68138490370464,231.2046208537053,233.94943237304688,2179362.0
2021-05-07T00:00:00,236.05379066337542,237.88366500960313,233.67494842894607,233.94943237304688,1787036.0
2021-05-10T00:00:00,234.86441279680008,235.04738350124103,231.84510299598796,232.76004028320312,1615586.0
2021-05-11T00:00:00,229.74074267600594,231.47911781837152,226.26397843044063,227.27040100097656,3025900.0
2021-05-12T00:00:00,227.36190035139407,227.91086827058018,226.26397847385599,227.45339965820312,914399.0
2021-05-14T00:00:00,229.19177035011077,233.12600313231937,228.64280244158536,232.30255126953125,1874858.0
2021-05-17T00:00:00,232.39403473165635,233.1259872395132,229.55772399902344,229.55772399902344,1398103.0
2021-05-18T00:00:00,230.5641710376615,231.9365768176476,229.8322184961689,231.84507751464844,1237211.0
2021-05-19T00:00:00,229.83222802196332,230.3811959410441,226.17247912364914,227.27040100097656,1515065.0
2021-05-20T00:00:00,228.7342981097733,233.30898407196878,227.91086022091156,233.0345001220703,1347473.0
2021-05-21T00:00:00,233.49197530846672,235.68783300879755,231.84508552342712,234.681396484375,1181773.0
2021-05-24T00:00:00,235.23035428269333,236.41976144661263,233.76644921210024,235.13885498046875,542575.0
2021-05-25T00:00:00,235.32185115112375,236.41975900146343,234.86438256639892,235.6878204345703,1478650.0
2021-05-26T00:00:00,235.6878328285125,235.6878328285125,231.9365846521714,233.30899047851562,1168777.0
2021-05-27T00:00:00,233.8579609090456,235.59633605678138,232.57704041417813,232.94302368164062,2210313.0
2021-05-28T00:00:00,233.49195502830196,235.23034396851202,232.30253395570196,234.4069061279297,1183344.0
2021-05-31T00:00:00,234.13243602670227,235.04737327410766,233.21749877929688,233.21749877929688,1607625.0
2021-06-01T00:00:00,234.5898897482993,238.98160500986683,234.40691906344261,235.96229553222656,1448934.0
2021-06-02T00:00:00,236.60278044280858,236.96874976158142,233.9494540187843,234.22393798828125,992854.0
2021-06-03T00:00:00,234.77288569323719,235.50482426770031,232.85151203318793,235.13885498046875,869622.0
2021-06-04T00:00:00,235.59635156463656,237.06025680917804,233.58349232401832,234.31544494628906,1067775.0
2021-06-07T00:00:00,234.49839397174335,235.68782908870227,233.58347072953222,234.0409393310547,1029551.0
2021-06-08T00:00:00,234.58988435561065,235.50482152386314,233.94943113000053,234.13241577148438,269695.0
2021-06-09T00:00:00,238.34112277059162,240.26249633119437,236.69424710245525,237.51768493652344,1228614.0
2021-06-10T00:00:00,238.61561548935003,238.61561548935003,234.68139661726005,235.8708038330078,957469.0
2021-06-11T00:00:00,236.05379754143794,236.96873474121094,234.4983931331568,236.96873474121094,887793.0
2021-06-14T00:00:00,238.34109021509582,239.7134957249716,237.15168327520144,239.2560272216797,1024155.0
2021-06-15T00:00:00,240.81148341075766,245.7521387310871,240.26251550368383,245.38616943359375,2571375.0
2021-06-16T00:00:00,243.55627161771295,245.02014866700188,240.3539917094798,242.54983520507812,1632385.0
2021-06-17T00:00:00,241.26892882611784,242.91580446740036,241.08593023412428,242.54983520507812,1243833.0
2021-06-18T00:00:00,238.61558812655161,242.18386520794542,237.88364960412792,239.6220245361328,2865065.0
2021-06-21T00:00:00,238.5241222184235,242.27534213388745,237.79215575756152,241.451904296875,1312939.0
2021-06-22T00:00:00,241.8178742282902,244.56268564028744,241.0859356870905,244.3797149658203,1239463.0
2021-06-23T00:00:00,245.0201897375635,245.38618698289955,242.0924072265625,242.0924072265625,987684.0
2021-06-24T00:00:00,241.72642061532488,245.66063942629685,241.72642061532488,245.38616943359375,1247581.0
2021-06-28T00:00:00,246.7586005905098,246.7586005905098,240.62850952148438,240.62850952148438,1645537.0
2021-06-29T00:00:00,240.44548804542694,243.37329829128242,240.26251735610336,240.71998596191406,2376853.0
2021-06-30T00:00:00,240.81148715175826,241.45192645190394,235.41333522361742,235.8708038330078,2210752.0
2021-07-01T00:00:00,236.78573633744352,238.3411407470703,234.68139194481202,238.3411407470703,1129259.0
2021-07-02T00:00:00,238.7071304157147,241.0859729245413,237.2432251855391,238.61563110351562,1208720.0
2021-07-05T00:00:00,238.79858474449213,242.0008646165447,237.334679790078,241.7263946533203,1093442.0
2021-07-06T00:00:00,241.54342382161113,242.3668617275785,239.80504870419824,240.5369873046875,1290540.0
2021-07-07T00:00:00,241.2689945262407,244.19677734375,241.08599588441461,244.19677734375,1324055.0
2021-07-08T00:00:00,243.64774759069783,244.1052161576512,238.24962408498118,240.2624969482422,1476666.0
2021-07-09T00:00:00,241.36041336578393,245.47763061523438,241.36041336578393,245.47763061523438,1168685.0
2021-07-12T00:00:00,245.66059952139256,248.222412109375,244.196694647547,248.222412109375,1425746.0
2021-07-13T00:00:00,248.86290770273246,251.05875130401157,246.9415340809884,250.32681274414062,1152887.0
2021-07-14T00:00:00,250.14380618010352,250.14380618010352,246.9415262196956,248.86289978027344,1104324.0
2021-07-15T00:00:00,249.0458983752486,251.97368044319376,247.58199338044335,248.86289978027344,960994.0
2021-07-16T00:00:00,249.13738462435143,250.78428831245057,245.29466519545423,246.3011016845703,1881513.0
2021-07-19T00:00:00,247.03301926610942,248.22242633835444,241.81786657960345,244.10520935058594,1953580.0
2021-07-20T00:00:00,249.41191376877086,255.17600759482733,248.2224785247936,254.5355682373047,2254012.0
2021-07-21T00:00:00,254.3525338395165,255.0844724085175,252.2481895123886,253.71206665039062,1719407.0
2021-07-22T00:00:00,254.16954545674065,255.54195127005278,252.98013825387056,253.62060546875,842300.0
2021-07-23T00:00:00,254.99301889041942,255.1759895846531,251.51624063995627,253.3461151123047,1533159.0
2021-07-26T00:00:00,253.07162749078844,254.71850323257596,252.4311603013896,254.07806396484375,871591.0
2021-07-27T00:00:00,254.07806371635397,255.26747087074094,251.69922148591337,252.70565795898438,792905.0
2021-07-28T00:00:00,252.5226950069866,255.90797418842962,251.69925702064575,254.5355682373047,1112663.0
2021-07-29T00:00:00,255.45047235790304,256.27391023728853,253.71206937494074,254.718505859375,780271.0
2021-07-30T00:00:00,253.43761946316252,254.44405602731396,250.32683838260556,252.6141815185547,2093011.0
2021-08-02T00:00:00,253.98657723240083,255.7249523617968,252.24820210300487,253.07164001464844,993521.0
2021-08-03T00:00:00,253.07166540546953,253.43763474495478,251.24179078637238,252.4311981201172,1577408.0
2021-08-04T00:00:00,252.5226594953473,254.62700382247522,251.60772232326272,253.71206665039062,1470670.0
2021-08-05T00:00:00,254.53554267762476,255.99941987449017,253.52910616352898,253.62060546875,870123.0
2021-08-06T00:00:00,253.98658234629406,255.1759895846531,252.98014580216872,253.3461151123047,643393.0
2021-08-09T00:00:00,252.88867948567596,254.71855419674694,251.7907714120367,254.3525848388672,520236.0
2021-08-10T00:00:00,254.5355327973434,256.5483778257348,254.5355327973434,255.45046997070312,537580.0
2021-08-11T00:00:00,256.73139469681337,259.65917710689104,256.6398953886334,259.01873779296875,739019.0
2021-08-12T00:00:00,258.83570929338595,261.7635192871094,258.561239322203,261.7635192871094,914101.0
2021-08-13T00:00:00,261.9464953635689,265.88074186888633,261.9464953635689,263.410400390625,1326294.0
2021-08-16T00:00:00,262.95297495161833,263.31894428800234,261.6720683134391,262.5870056152344,907900.0
2021-08-17T00:00:00,261.67203304454233,264.2338459756124,261.3060637574847,263.6849060058594,1154617.0
2021-08-18T00:00:00,264.0508539687475,265.14876174125567,259.9336369980966,260.1166076660156,894225.0
2021-08-19T00:00:00,257.73780206796016,258.0122720397618,252.0651806629588,252.98011779785156,1831816.0
2021-08-20T00:00:00,252.61411514975384,254.26099060628925,250.60124255028893,251.97364807128906,1890310.0
2021-08-23T00:00:00,253.8035713316581,255.5419464111328,251.1502590607054,255.5419464111328,1350842.0
2021-08-24T00:00:00,256.1824085407242,256.27390784239356,254.4440334956741,255.45046997070312,924657.0
2021-08-25T00:00:00,255.90793844925918,256.36540703574576,252.9801283270784,255.08447265625,1030821.0
2021-08-26T00:00:00,253.98655729380408,255.45046231162124,253.25459082406257,255.3589630126953,813891.0
2021-08-27T00:00:00,255.1759746824921,256.36540977305725,254.3525368023574,256.0909118652344,757143.0
2021-08-30T00:00:00,256.182411167842,256.5483804566055,254.9015046963362,256.0909118652344,644239.0
2021-08-31T00:00:00,256.1824544056519,258.927266417141,251.79076635593796,252.33970642089844,2822710.0
2021-09-01T00:00:00,254.26103970867595,255.54194619130982,252.61416393409917,254.16954040527344,1209700.0
2021-09-02T00:00:00,254.16953548327686,256.82287562223235,254.07806410331287,255.08447265625,906392.0
2021-09-03T00:00:00,251.60769138475587,252.06515991454634,248.9543794963038,251.33322143554688,1437826.0
2021-09-06T00:00:00,251.6077601670348,254.44407141143373,251.6077601670348,253.80360412597656,643159.0
2021-09-07T00:00:00,253.16312623961414,253.43759622209058,249.68634823880214,251.15025329589844,964558.0
2021-09-08T00:00:00,250.41831344607797,250.41831344607797,244.01375328553036,244.28822326660156,1956423.0
2021-09-09T00:00:00,251.60773523447506,262.22101255960837,249.77786079640617,255.8164520263672,3811151.0
2021-09-10T00:00:00,256.5483822885359,257.8292887691883,249.9608512787521,251.60772705078125,1837531.0
2021-09-13T00:00:00,252.98020954960361,254.90158381406232,250.60136655178215,251.4248046875,1372427.0
2021-09-14T00:00:00,252.33966075301922,252.98012794179166,250.2353164270525,252.70565795898438,1871662.0
2021-09-15T00:00:00,253.07163417617883,253.2546048625073,246.9415437899943,248.31394958496094,1502594.0
2021-09-16T00:00:00,248.77149161833114,251.4248046875,248.039552813621,251.4248046875,1166653.0
2021-09-17T00:00:00,252.61416281139978,254.3525378816532,247.033040388656,247.30751037597656,2122563.0
2021-09-20T00:00:00,244.928694877412,246.48407133436652,239.2560731783223,240.4454803466797,1665697.0
2021-09-21T00:00:00,240.62846863724803,242.54984222210672,239.43906151987468,239.71353149414062,1985294.0
2021-09-22T00:00:00,241.81789638154618,242.73283360269718,238.0666761121615,240.35401916503906,1200947.0
2021-09-23T00:00:00,241.451904296875,242.00087216210514,239.53053072940233,241.451904296875,1857256.0
2021-09-24T00:00:00,242.45833239792864,242.45833239792864,238.0666454703301,238.798583984375,1451918.0
2021-09-27T00:00:00,241.26894848257072,241.54341847125755,238.89010620117188,238.89010620117188,1308768.0
2021-09-28T00:00:00,238.1581478428842,238.52414506921076,232.48555381650894,233.12600708007812,1967913.0
2021-09-29T00:00:00,233.67495978120712,235.87080351902426,232.76002256364433,233.30899047851562,1324946.0
2021-09-30T00:00:00,234.68138490370464,235.41332347352906,232.21105732846388,233.94943237304688,1565774.0
2021-10-01T00:00:00,230.47268162565678,232.0280860783931,228.00235390783166,230.0152130126953,2262976.0
2021-10-04T00:00:00,230.01522441589432,233.3090041768425,229.0088017939853,229.37477111816406,1144231.0
2021-10-05T00:00:00,229.19174440351438,229.283243698188,224.52555959180452,228.82577514648438,1295076.0
2021-10-06T00:00:00,227.45338288864636,227.45338288864636,222.60421316279968,226.2639617919922,1810160.0
2021-10-07T00:00:00,229.10028840776,229.92374033295457,226.99594384087752,229.19178771972656,998769.0
2021-10-08T00:00:00,229.2832754921497,229.2832754921497,226.35546518659083,228.45982360839844,1157425.0
2021-10-11T00:00:00,228.3683037771039,228.3683037771039,224.98302536759988,227.8193359375,1047851.0
2021-10-12T00:00:00,224.34261612611454,229.37477111816406,223.3361935042055,229.37477111816406,1312676.0
2021-10-13T00:00:00,227.63636531969075,229.37474031736036,222.8786949400602,228.00233459472656,1721017.0
2021-10-14T00:00:00,228.734286498195,231.57059723510577,228.2768179251986,231.11312866210938,2475616.0
2021-10-15T00:00:00,232.75999976072913,234.68137331371244,230.9301255048717,233.4004669189453,1674684.0
2021-10-18T00:00:00,232.21107077516479,232.39405542821703,229.0087904838311,230.19821166992188,2039048.0
2021-10-19T00:00:00,231.5705996634871,231.662085002546,229.74072535231244,230.5641632080078,1494080.0
2021-10-20T00:00:00,230.56415802062625,230.83864195329355,228.45979981795398,230.106689453125,1946867.0
2021-10-21T00:00:00,229.37472620193498,230.10667866779616,227.1788827651835,227.8193359375,1953562.0
2021-10-22T00:00:00,228.73431396484375,230.10671984863282,227.63639204997943,228.73431396484375,1665142.0
2021-10-25T00:00:00,229.37475923808157,229.6492431974166,225.3490410372812,225.8979949951172,1460133.0
2021-10-26T00:00:00,226.44694669978708,228.82578889591605,224.98304166204107,227.63636779785156,2411306.0
2021-10-27T00:00:00,215.5592152478414,225.62352469732605,210.43556121649738,223.336181640625,3514338.0
2021-10-28T00:00:00,224.61705888647816,228.82577514648438,223.7021217830709,228.82577514648438,2112829.0
2021-10-29T00:00:00,228.00233125045273,231.20461122296143,227.08739411545025,230.106689453125,2245231.0
2021-11-01T00:00:00,230.93015803813404,233.21750118019492,230.93015803813404,231.4791259765625,1101386.0
2021-11-02T00:00:00,231.93659484386444,234.4069366085023,230.65568826732488,234.22393798828125,1195987.0
2021-11-03T00:00:00,234.40691664138345,236.7857309716107,233.4004801592359,236.51126098632812,1059688.0
2021-11-04T00:00:00,237.60920957831132,237.60920957831132,231.75360293526586,236.8772430419922,1463759.0
2021-11-05T00:00:00,237.5176839946245,237.5176839946245,233.4004669189453,233.4004669189453,599254.0
2021-11-08T00:00:00,234.86439035040001,237.88367194098396,233.85795384631618,236.96873474121094,1649979.0
2021-11-09T00:00:00,237.24318704405712,239.25605990214862,236.23677853667675,237.51768493652344,1456048.0
2021-11-10T00:00:00,238.70708599540018,244.19670864575818,237.7921488870072,244.10520935058594,2222022.0
2021-11-11T00:00:00,244.1052048783457,247.21601332722065,243.1902677867152,246.39254760742188,1680500.0
2021-11-12T00:00:00,246.75857027765332,247.85647814805236,245.20316589250422,246.3011016845703,1292207.0
2021-11-15T00:00:00,245.93511688668184,247.2160513493049,242.64136518756104,243.92227172851562,910170.0
2021-11-16T00:00:00,243.92229716929475,245.5691731906222,242.54989117763145,244.8372344970703,1000043.0
2021-11-17T00:00:00,244.28827666466302,244.65424602664262,241.45196524639422,244.19677734375,1737094.0
2021-11-18T00:00:00,248.31396462637497,248.95443187148877,244.654215618111,245.7521514892578,1494553.0
2021-11-19T00:00:00,246.11812352254384,248.49696598850824,244.65421831874502,247.947998046875,1519524.0
2021-11-22T00:00:00,248.08621226740206,249.83718651604914,247.44110316967377,248.454833984375,1536287.0
2021-11-23T00:00:00,247.44114431332935,248.27055034543775,243.75487028259073,246.3352508544922,1180218.0
2021-11-24T00:00:00,246.79600309490885,247.25678728898004,243.84700112727447,245.4136505126953,1205667.0
2021-11-25T00:00:00,246.88819758391077,247.07252253506326,245.78233224911253,246.3352508544922,1028790.0
2021-11-26T00:00:00,239.23917547987935,241.0823123816904,235.82936096191406,235.82936096191406,2088793.0
2021-11-29T00:00:00,237.76466505131665,239.8842612808412,236.93525905385218,238.6862335205078,1421244.0
2021-11-30T00:00:00,236.19794971205593,237.9489520233277,231.68227055843036,233.89404296875,1274680.0
2021-12-01T00:00:00,235.82934000652259,242.37248105134688,235.09209656092324,242.1881561279297,1506735.0
2021-12-02T00:00:00,241.45090072564014,243.017578125,238.13324913666438,243.017578125,2020411.0
2021-12-03T00:00:00,239.69994984643608,241.26659927411663,234.72347197901846,239.14700317382812,2031671.0
2021-12-06T00:00:00,243.2940878351987,247.0725243695683,241.45095080614414,246.6117401123047,1677799.0
2021-12-07T00:00:00,251.03526168762994,251.58820842986614,248.54704353362644,249.37644958496094,2047093.0
2021-12-08T00:00:00,249.37639884796775,254.16853734960225,246.3352064464357,246.88815307617188,2021357.0
2021-12-09T00:00:00,249.37641703165505,254.1685558827162,246.33522440836953,248.36268615722656,3467013.0
2021-12-10T00:00:00,246.98031899244904,250.6665924102468,246.51953481522432,248.454833984375,885710.0
2021-12-13T00:00:00,248.63914050145223,249.6528713557855,245.5058135986328,245.5058135986328,1496270.0
2021-12-14T00:00:00,246.7960302063361,248.08624859069874,241.08232244660343,241.63526916503906,1262937.0
2021-12-15T00:00:00,242.92544701263168,244.49209649010368,240.62152590690496,244.21563720703125,1609510.0
2021-12-16T00:00:00,247.8097518411283,248.4548610090257,245.13720894733697,245.78231811523438,1329662.0
2021-12-17T00:00:00,245.0450598147463,246.33525009672823,243.2019228050468,245.13722229003906,2383523.0
2021-12-20T00:00:00,239.05484618863386,242.46466064453125,236.8430875715281,242.46466064453125,987859.0
2021-12-21T00:00:00,244.6763950769849,246.24307250976562,243.3862050215364,246.24307250976562,1278794.0
2021-12-22T00:00:00,246.42741971896726,250.2058563232422,245.69017614332125,250.2058563232422,1228245.0
2021-12-23T00:00:00,251.03525185039481,254.1685791015625,249.8372240591961,254.1685791015625,1077145.0
2021-12-27T00:00:00,253.7077954127208,254.4450670831115,252.14114584571288,253.89212036132812,794013.0
2021-12-28T00:00:00,253.89212365459196,257.3019383797864,253.89212365459196,256.196044921875,862717.0
2021-12-29T00:00:00,256.1960449700201,258.3156412867033,256.1960449700201,256.5646667480469,1370577.0
2021-12-30T00:00:00,256.65681236397194,257.30192152617127,253.70778208539943,254.53721618652344,1027912.0
2022-01-03T00:00:00,253.43131140654202,258.22347836275276,253.43131140654202,257.9469909667969,902688.0
2022-01-04T00:00:00,258.499939842032,260.25091420189455,257.4862089629423,259.6979675292969,1505912.0
2022-01-05T00:00:00,260.52742953563086,261.2646730954557,257.3940740962778,257.4862365722656,655256.0
2022-01-07T00:00:00,253.70775970989993,255.09011225780867,249.56070206617377,250.2979736328125,1830735.0
2022-01-10T00:00:00,251.58816848510645,252.14111513955106,243.84699969498712,244.49208068847656,1299708.0
2022-01-11T00:00:00,246.9803466796875,247.994077608031,244.7685880058709,246.9803466796875,1958620.0
2022-01-12T00:00:00,248.9156080352811,252.7861780920867,246.1509030844058,251.3116912841797,1632566.0
2022-01-13T00:00:00,251.31171496807175,251.7724991699758,247.1646571509355,247.8097381591797,1309531.0
2022-01-14T00:00:00,246.24309328603863,246.70387749643612,240.16073608398438,240.16073608398438,1249311.0
2022-01-17T00:00:00,240.34505210334333,243.9391917309351,240.252917753129,242.5568389892578,792537.0
2022-01-18T00:00:00,241.5431000232469,241.5431000232469,236.47447347158183,237.76466369628906,1744092.0
2022-01-19T00:00:00,234.9999595187064,239.69996433388806,233.7097692873328,237.94898986816406,1828099.0
2022-01-20T00:00:00,238.68619153695627,241.17443721571914,235.73717576666357,240.9901123046875,1383289.0
2022-01-21T00:00:00,237.76466246586307,239.14701515461806,234.81564620892277,237.58033752441406,1172742.0
2022-01-24T00:00:00,236.38229476974846,236.38229476974846,225.5999472944091,227.35092163085938,953949.0
2022-01-25T00:00:00,230.48427601602924,230.94506024312085,223.75682348808806,225.9685821533203,1504473.0
2022-01-26T00:00:00,226.79799184502227,231.12936056953458,225.69209850087614,229.19406127929688,1203151.0
2022-01-27T00:00:00,225.32348766149948,228.0881930315792,223.20387739870125,226.0607452392578,1456244.0
2022-01-28T00:00:00,226.06074660123105,227.25878841455398,224.40192055678534,226.98231506347656,1679556.0
2022-01-31T00:00:00,231.0372194776352,233.89408744428226,230.3921243418818,233.15682983398438,2199072.0
2022-02-01T00:00:00,235.46075105110904,237.02742874607432,232.60388308478102,232.97251892089844,1469526.0
2022-02-02T00:00:00,235.92152404785156,236.10584898812886,233.98622467108908,235.92152404785156,1269818.0
2022-02-03T00:00:00,237.1195555695594,237.1195555695594,226.70584313065262,228.2725067138672,1743946.0
2022-02-04T00:00:00,239.60779499557782,245.59798987046727,236.01368369545153,244.21563720703125,3681182.0
2022-02-07T00:00:00,248.82349040956623,251.95681762695312,246.243109906786,251.95681762695312,2571078.0
2022-02-08T00:00:00,250.57447161464938,250.6666340902256,245.41368234680752,246.3352508544922,2076101.0
2022-02-09T00:00:00,250.02150427268933,253.7077779995202,249.19209830895971,252.14112854003906,1467590.0
2022-02-10T00:00:00,251.95680174952628,252.69407336388764,249.46858387665222,251.86463928222656,1286494.0
2022-02-11T00:00:00,248.82346884799617,250.29798391782847,247.07249450683594,247.07249450683594,1263573.0
2022-02-14T00:00:00,241.8195181562642,242.8332489188725,236.9352173782871,240.9901123046875,2256440.0
2022-02-15T00:00:00,240.71368830283012,244.8607462918786,239.6077949228024,243.84701538085938,1112772.0
2022-02-16T00:00:00,244.76860191871103,247.6254699249612,243.75487093274623,246.79603576660156,1531250.0
2022-02-17T00:00:00,247.62542599316137,250.29796857362547,246.70385764651624,247.44110107421875,1373793.0
2022-02-18T00:00:00,248.36268598174487,249.1920919242237,245.5979807574583,247.6254425048828,1703969.0
2022-02-21T00:00:00,248.82345278943438,249.56069621475245,237.21168603445398,238.0410919189453,1730804.0
2022-02-22T00:00:00,233.1568363805443,240.25292525913315,232.60388964179046,238.13330078125,1627156.0
2022-02-23T00:00:00,239.6999630953687,242.18818107358172,237.48820440672236,237.76466369628906,1509022.0
2022-02-24T00:00:00,227.81173512462016,230.66860315883244,222.28232400964384,226.6136932373047,2654631.0
2022-02-25T00:00:00,228.36465950389197,233.52543426874854,226.1528868372235,231.95877075195312,2017972.0
2022-02-28T00:00:00,228.73328182137755,233.3411239775778,225.04700809641733,231.8666229248047,2600982.0
2022-03-01T00:00:00,229.56270261124183,235.09211321709734,229.10191839408722,232.69602966308594,1632040.0
2022-03-02T00:00:00,230.2078134291046,234.90780432794256,225.32349758119827,232.97251892089844,2231034.0
2022-03-03T00:00:00,233.52543694336674,234.999952071367,231.22151584462785,233.2489776611328,1331512.0
2022-03-04T00:00:00,232.23524533360168,234.2626930756977,222.19015502929688,222.19015502929688,1683134.0
2022-03-07T00:00:00,215.37054919583673,222.83525944737409,212.97447960471507,218.7803497314453,3117340.0
2022-03-08T00:00:00,215.83135986328125,221.91371815102514,212.97450568608448,215.83135986328125,2297154.0
2022-03-09T00:00:00,220.89992990641434,223.48032408975095,213.89601890823442,219.05679321289062,3836620.0
2022-03-10T00:00:00,221.8215325632969,225.50780652051668,218.13525860607712,221.54505920410156,2246478.0
2022-03-11T00:00:00,221.54503650143718,227.81170439894248,220.3470088377231,226.42935180664062,2743091.0
2022-03-14T00:00:00,227.25879054111334,232.7882013663276,224.4940851285062,228.9176025390625,1410042.0
2022-03-15T00:00:00,227.16661358505897,229.74700795136994,222.83524486054665,229.19406127929688,1303974.0
2022-03-16T00:00:00,233.24898899342935,242.09605206722463,229.74702594080128,240.7136993408203,2101276.0
2022-03-17T00:00:00,241.26659134892392,247.3489482997445,241.26659134892392,244.49208068847656,1937662.0
2022-03-18T00:00:00,244.95286703397105,245.8744354248047,240.52935000758364,245.8744354248047,2129805.0
2022-03-21T00:00:00,245.87444907886092,245.96661154786938,242.18817531081783,243.84701538085938,1183586.0
2022-03-22T00:00:00,244.6764059454523,245.13719013743997,240.43718575435872,243.47837829589844,1403768.0
2022-03-23T00:00:00,245.22937073310587,247.0725076373396,242.00388115069683,245.321533203125,1341931.0
2022-03-24T00:00:00,244.6764244264415,245.32153359356494,236.29014587402344,236.29014587402344,1508764.0
2022-03-25T00:00:00,235.55289468106238,236.75092238204695,230.02348413983574,231.2215118408203,1403187.0
2022-03-28T00:00:00,232.23525097530927,237.76466171281663,231.77446674718365,236.7509307861328,1621146.0
2022-03-29T00:00:00,238.5019079630809,240.43720736820782,235.09212151027407,238.5940704345703,1370398.0
2022-03-30T00:00:00,238.59406762951568,238.59406762951568,231.59015580124657,236.38230895996094,1529731.0
2022-03-31T00:00:00,238.59406491976674,241.08231097227977,234.17054763089584,234.9077911376953,2165599.0
2022-04-01T00:00:00,234.44699435195614,237.21169954036137,232.7881824885272,236.013671875,1081930.0
2022-04-04T00:00:00,236.10583866053838,239.97640912072205,233.43328182562388,239.14700317382812,1297426.0
2022-04-05T00:00:00,238.2254518524826,241.4509415294021,237.76466761292266,239.79212951660156,1288402.0
2022-04-06T00:00:00,238.5940634373748,240.52936278574566,230.76073169914173,233.6175994873047,1980466.0
2022-04-07T00:00:00,234.53917129852888,237.6724984140554,232.6960343924501,235.5529022216797,1372172.0
2022-04-08T00:00:00,236.84309264058112,238.2254453213627,234.81564485450517,236.6587677001953,1124097.0
2022-04-11T00:00:00,236.29015229723058,236.29015229723058,229.00976694082092,229.7470245361328,1535414.0
2022-04-12T00:00:00,227.44308679256977,230.392102897251,223.75681314621374,228.64112854003906,1260641.0
2022-04-13T00:00:00,228.64111412619522,229.65483087782627,225.87640906571895,229.47052001953125,1043529.0
2022-04-14T00:00:00,230.85290856478596,232.97251892089844,229.00977157025673,232.97251892089844,506787.0
2022-04-19T00:00:00,233.70975353532552,233.70975353532552,225.8764220793342,228.45680236816406,1850366.0
2022-04-20T00:00:00,230.76071880175814,236.6587508619751,230.11562374236215,235.1842498779297,1428582.0
2022-04-21T00:00:00,236.84308267084367,241.35876227983854,235.3685675819378,238.87054443359375,1136542.0
2022-04-22T00:00:00,236.3823084136539,237.9489860348213,234.44700903575222,236.6587677001953,1532501.0
2022-04-25T00:00:00,233.06464993432004,233.98621836278633,229.37837622045484,231.4058380126953,1280071.0
2022-04-26T00:00:00,232.78818862041274,237.94897739951685,230.39210510253906,230.39210510253906,1908870.0
2022-04-27T00:00:00,236.01368090529664,237.30387108444359,224.2176021710255,232.05093383789062,2316649.0
2022-04-28T00:00:00,235.76820918146814,237.71978460224767,224.6163820462285,226.8467559814453,2204620.0
2022-04-29T00:00:00,230.5640292713192,235.58234575735145,229.63471035314427,233.25904846191406,1981159.0
2022-05-02T00:00:00,230.09936861454034,232.32972833443844,204.4501609343058,225.45277404785156,2092727.0
2022-05-03T00:00:00,227.7760598132077,227.7760598132077,224.8022280966801,226.01034545898438,1340304.0
2022-05-04T00:00:00,226.10331559545594,226.3821141315857,221.45672059423524,223.03656005859375,1181978.0
2022-05-05T00:00:00,227.68311774343132,227.77605530033668,217.9252698401414,219.4121856689453,1616629.0
2022-05-06T00:00:00,218.20406758322304,218.5757894490107,211.88469660287083,215.97369384765625,1775348.0
2022-05-09T00:00:00,214.6726868815654,216.53132486322397,210.30489046072424,212.1635284423828,1386477.0
2022-05-10T00:00:00,214.85854724023085,220.89912066365588,213.5575063288369,214.30096435546875,1889063.0
2022-05-11T00:00:00,215.23025017736268,216.8100893778305,212.2564185290936,214.6726531982422,1740015.0
2022-05-12T00:00:00,211.42004514995375,212.25642646964346,206.86638831114396,211.88470458984375,2276164.0
2022-05-13T00:00:00,212.99988751266145,216.9959615899894,211.4200482300753,216.7171630859375,861448.0
2022-05-16T00:00:00,216.6242394573518,218.76166156531946,214.85852505389386,217.55355834960938,1675464.0
2022-05-17T00:00:00,218.4828904692766,223.59414468613923,217.73943247440386,221.82843017578125,1479410.0
2022-05-18T00:00:00,222.85066278193537,223.03652371564235,218.0182076041525,218.57579040527344,1452226.0
2022-05-19T00:00:00,215.3231987464512,216.53131622237493,212.72110283991137,216.2525177001953,1029108.0
2022-05-20T00:00:00,217.46062878024193,220.99204353666113,215.7878518766453,216.066650390625,1595314.0
2022-05-23T00:00:00,218.48286831989302,220.2485684709658,216.0666336265804,217.73941040039062,1111539.0
2022-05-24T00:00:00,215.60200097255114,219.50513780927366,215.13734148769652,216.345458984375,925959.0
2022-05-25T00:00:00,217.08890614182687,218.76166885944028,213.18575531997843,213.4645538330078,788885.0
2022-05-27T00:00:00,218.11114381643966,225.17397315518596,218.11114381643966,224.52345275878906,1447853.0
2022-05-30T00:00:00,225.35983262878474,228.24072688295587,225.35983262878474,226.66087341308594,676905.0
2022-05-31T00:00:00,225.91741472461428,227.21845542302262,223.12945821635634,223.22238159179688,4337422.0
2022-06-01T00:00:00,223.77998635579533,225.91742258925757,219.59805144782678,221.2708282470703,1306160.0
2022-06-02T00:00:00,221.5496206436304,228.42658902904944,221.27083631715593,227.1255340576172,1184577.0
2022-06-03T00:00:00,228.79831869712578,229.72763763105422,225.63863999388172,226.4750213623047,767337.0
2022-06-07T00:00:00,228.33366247255125,230.7498974071889,225.26690711098246,228.7053985595703,1132894.0
2022-06-08T00:00:00,231.67920396742133,231.67920396742133,225.63863113407245,226.66087341308594,986271.0
2022-06-09T00:00:00,225.26687895482652,226.10327441086682,221.82840211629642,222.75772094726562,1341039.0
2022-06-10T00:00:00,218.94752522816518,221.64254420254102,216.25249207350913,218.1111297607422,1714246.0
2022-06-13T00:00:00,214.2080091560707,216.25250792584245,211.42005242085068,213.3716278076172,2027313.0
2022-06-14T00:00:00,214.57974059622805,215.97371902586215,205.0077667236328,205.0077667236328,1795891.0
2022-06-15T00:00:00,206.68050604663787,211.04831597484647,204.45014648437498,209.09674072265625,1569401.0
2022-06-16T00:00:00,207.33102705145674,208.44620675979897,199.1530188898149,200.5469970703125,1860242.0
2022-06-17T00:00:00,200.5470134555987,203.7996294758415,199.43183365614297,202.31271362304688,3343953.0
2022-06-20T00:00:00,203.98548046821122,203.98548046821122,192.64779372926867,197.2943878173828,1591502.0
2022-06-21T00:00:00,199.52477391612214,201.84807127001338,198.31665645604238,199.3389129638672,1550702.0
2022-06-22T00:00:00,198.13077521370735,200.7328708196477,194.5993607613797,199.61769104003906,1841176.0
2022-06-23T00:00:00,198.22371304113418,199.2459552653879,195.8074783651158,197.48025512695312,1444823.0
2022-06-27T00:00:00,203.24203945089468,207.05225259157817,202.12685961322276,205.93707275390625,1939591.0
2022-06-28T00:00:00,206.30878880388084,208.2603640998136,202.68445088889789,202.77737426757812,1586485.0
2022-06-29T00:00:00,201.197532323607,204.6360092547442,198.87423518361155,203.98548889160156,1509401.0
2022-06-30T00:00:00,201.01166019963634,202.68443688337808,198.31662715908587,201.94097900390625,2451412.0
2022-07-01T00:00:00,199.98941526383263,203.33496882237418,197.10853531424226,201.84805297851562,1610013.0
2022-07-04T00:00:00,201.5692657445079,205.75120083613902,201.38340479871388,202.59152221679688,936467.0
2022-07-05T00:00:00,204.45015106690894,205.9370669285987,201.3833959648492,202.77737426757812,2438137.0
2022-07-06T00:00:00,205.8441109450794,209.74724700730494,205.75117339443716,208.26034545898438,1250013.0
2022-07-07T00:00:00,209.74725683999245,215.23024643849578,209.74725683999245,214.5797119140625,2134685.0
2022-07-08T00:00:00,213.37162514137825,216.25250522360474,209.93313386668177,215.0443878173828,964416.0
2022-07-11T00:00:00,211.8847170220008,214.02215340696327,210.3048776697352,213.09283447265625,1012411.0
2022-07-12T00:00:00,211.04832610380637,217.55355834960938,210.5836666576776,217.55355834960938,1342154.0
2022-07-13T00:00:00,216.34547337662005,216.53133434686976,209.56144161038253,211.1412811279297,1178751.0
2022-07-14T00:00:00,210.0260570570412,211.97763228587797,206.68050357340107,209.4684600830078,1630253.0
2022-07-15T00:00:00,209.3755491892224,211.04832603076326,207.51691140535053,210.6765899658203,1721981.0
2022-07-18T00:00:00,212.2564431381116,213.8362967020279,210.1190208909907,211.04833984375,2005969.0
2022-07-19T00:00:00,214.20801464576562,214.20801464576562,201.47634806469833,212.25643920898438,2970419.0
2022-07-20T00:00:00,213.37163298900467,214.67267382492187,210.7695371368887,213.09283447265625,1381780.0
2022-07-21T00:00:00,213.0928338247315,217.92528943237826,212.8140353092308,216.53131103515625,2043499.0
2022-07-22T00:00:00,216.90302162042056,216.995959180833,214.02214159128462,215.787841796875,1134236.0
2022-07-25T00:00:00,214.3938705286168,215.41612700567572,210.95539338439872,211.23419189453125,1376890.0
2022-07-26T00:00:00,209.74728574375948,214.115082005289,209.74728574375948,212.8140411376953,959269.0
2022-07-27T00:00:00,214.85852580977712,215.32318525754062,212.34936762791054,213.2786865234375,678226.0
2022-07-28T00:00:00,214.30095010255613,217.18183026626227,213.65041550984307,216.066650390625,942370.0
2022-07-29T00:00:00,218.38994414478285,222.57187924542762,217.46062523352848,222.0142822265625,1495773.0
2022-08-01T00:00:00,222.10723903650253,223.96587702007162,218.94756013654813,220.8061981201172,903098.0
2022-08-02T00:00:00,219.7839280108719,220.34152504368868,218.11115109270324,219.13340759277344,688680.0
2022-08-03T00:00:00,218.85459253778805,220.71323026634678,217.18181574602912,219.9697723388672,703565.0
2022-08-04T00:00:00,219.96978202012187,224.33757803841306,219.5980601301622,222.38601684570312,719961.0
2022-08-05T00:00:00,219.0404477397884,221.36374483965946,212.81401434818997,212.90695190429688,1560265.0
2022-08-08T00:00:00,214.67266435669185,218.2040789873603,214.57972679524758,216.7171630859375,711985.0
2022-08-09T00:00:00,216.6242275260213,217.18181032249646,210.02605808229723,210.76951599121094,948932.0
2022-08-10T00:00:00,209.65437359829497,217.4606475830078,208.72505459152998,217.4606475830078,1339960.0
2022-08-11T00:00:00,218.94753643412818,220.52737571307807,215.97370463812734,220.1556396484375,1397685.0
2022-08-12T00:00:00,222.10721647043795,222.10721647043795,217.46062198360872,218.01821899414062,916900.0
2022-08-15T00:00:00,218.66873280366852,221.73548790871368,217.6464763752266,220.43443298339844,665450.0
2022-08-16T00:00:00,220.99203274147234,221.45669218197995,218.66873553893433,219.226318359375,907890.0
2022-08-17T00:00:00,219.4121795008072,220.34149832261448,216.1595636244818,217.08888244628906,1034352.0
2022-08-18T00:00:00,216.7171584664791,222.47893264618506,215.69491621378648,221.73548889160156,1165196.0
2022-08-19T00:00:00,220.06272102109702,224.05879517554717,219.8768600749024,222.0142822265625,1572573.0
2022-08-22T00:00:00,222.01428175389333,223.96585713548515,216.53130586127818,216.8101043701172,1457545.0
2022-08-23T00:00:00,213.74335517798738,217.18183240348998,211.97765487254273,212.25643920898438,899390.0
2022-08-24T00:00:00,211.51298547673122,213.3716232606031,209.56141013155337,210.6765899658203,1400027.0
2022-08-25T00:00:00,211.88468827248892,211.97762582542205,207.795691188465,209.2825927734375,981678.0
2022-08-26T00:00:00,210.3048598696949,211.6988381531702,204.72894673579376,205.28652954101562,1057440.0
2022-08-29T00:00:00,202.8703119215458,203.61376985273887,199.15303644586115,201.47633361816406,1236617.0
2022-08-30T00:00:00,202.2198003252088,206.86639487146564,201.84806425333954,202.59152221679688,1073135.0
2022-08-31T00:00:00,204.17137982924066,204.45017836306496,200.1753053251788,201.3834228515625,2392081.0
2022-09-01T00:00:00,199.61768633006207,200.7328660833581,195.62161254882812,195.62161254882812,1617588.0
2022-09-02T00:00:00,198.03785536175317,202.31271362304688,196.55093950895855,202.31271362304688,1578933.0
2022-09-05T00:00:00,197.29439533767058,200.7328722578838,197.29439533767058,199.24595642089844,1098065.0
2022-09-06T00:00:00,199.06011931654083,201.6622152526312,198.59545983439193,199.89651489257812,1011336.0
2022-09-07T00:00:00,197.94492823278233,200.1752879492082,195.71456851635642,199.15304565429688,1230373.0
2022-09-08T00:00:00,200.36116781476827,201.75514621557525,196.55095451378324,201.01168823242188,1305449.0
2022-09-09T00:00:00,201.10461462807987,205.10068893960215,200.73289272107948,204.54310607910156,1151224.0
2022-09-12T00:00:00,205.56534341969578,211.60591643354022,205.00776057274055,211.32711791992188,1128153.0
2022-09-13T00:00:00,212.3493779436119,212.99989836602614,206.68052673339844,206.68052673339844,1768317.0
2022-09-14T00:00:00,205.65825942713343,207.14516104343778,202.1268450454557,202.96322631835938,1505014.0
2022-09-15T00:00:00,202.9632460481901,208.5391595569896,200.54702536921243,205.6582794189453,2835537.0
2022-09-16T00:00:00,203.61378354530078,204.1713663959813,197.10855102539062,197.10855102539062,3295587.0
2022-09-19T00:00:00,197.01560932089131,199.8965036198659,195.90042946267837,199.15304565429688,971220.0
2022-09-20T00:00:00,200.54700410194042,200.63992747573076,193.01951599121094,193.01951599121094,1502943.0
2022-09-21T00:00:00,191.43971133791754,196.6439033376632,190.88211427355822,195.71458435058594,1788417.0
2022-09-22T00:00:00,194.41352694193677,194.8781864299339,189.4881335331109,190.0457305908203,1713085.0
2022-09-23T00:00:00,190.23158635860517,191.25384287641467,185.86379012668445,190.32452392578125,1713114.0
2022-09-26T00:00:00,190.3244920100709,194.0417671892509,189.39517321527592,191.9972686767578,1680091.0
2022-09-27T00:00:00,193.94884893636782,194.69230688223684,190.97503133317264,192.55487060546875,2045995.0
2022-09-28T00:00:00,190.32453250612403,196.3651059575666,189.85987300985923,196.1792449951172,2034827.0
2022-09-29T00:00:00,195.80749334776502,195.80749334776502,190.13865645146632,191.439697265625,2005867.0
2022-09-30T00:00:00,193.48419545427535,196.17922881855347,191.34675911164962,194.878173828125,2433777.0
2022-10-03T00:00:00,194.59934858921943,197.1085206617409,189.85983127726868,196.27212524414062,1637441.0
2022-10-04T00:00:00,200.17526214894576,203.1490936279297,197.85196516866424,203.1490936279297,1664500.0
2022-10-05T00:00:00,202.68447761073787,204.91483751704166,200.63996448629652,202.21981811523438,1414418.0
2022-10-06T00:00:00,203.70669323146262,204.26429022492755,200.73287568697103,201.47633361816406,3142553.0
2022-10-07T00:00:00,201.94098878328154,203.98548741562814,193.57711913981615,194.04177856445312,1942316.0
2022-10-10T00:00:00,191.9043511686579,196.36508468563204,190.9750322768,193.85592651367188,2274782.0
2022-10-11T00:00:00,193.5771324135445,193.94885430663118,189.85985676155238,190.97503662109375,3267665.0
2022-10-12T00:00:00,190.97502285260256,191.90434169860063,188.0012053814648,189.30224609375,6240242.0
2022-10-13T00:00:00,188.55880136229197,193.94885388193396,185.2132617909937,193.1124725341797,1930858.0
2022-10-14T00:00:00,195.15696475380346,197.75906045324365,193.20538943415312,194.22764587402344,1398696.0
2022-10-17T00:00:00,193.94885214007354,196.82974641029813,189.30225762698944,196.08628845214844,2062115.0
2022-10-18T00:00:00,199.15302522776378,201.19752378816958,197.01558911358867,200.7328643798828,2476062.0
2022-10-19T00:00:00,201.29047822513365,202.2197971196536,198.781305865705,199.0601043701172,1701467.0
2022-10-20T00:00:00,198.22372954383715,199.896506444938,195.7145712823266,197.94493103027344,1847994.0
2022-10-21T00:00:00,195.90043757072135,197.38733938311896,194.13472305687927,196.36509704589844,1994329.0
2022-10-24T00:00:00,198.13077249283228,202.59150573028916,197.85197400668872,202.12684631347656,1158831.0
2022-10-25T00:00:00,202.49860194257684,204.8218994140625,199.4318606244417,204.8218994140625,1812329.0
2022-10-26T00:00:00,208.91089419520893,213.65041213691418,206.49465935257243,213.3716278076172,2231312.0
2022-10-27T00:00:00,211.14126301972863,213.74335892090912,208.44624373153425,212.34938049316406,1606116.0
2022-10-28T00:00:00,211.79176592656472,211.79176592656472,207.51690761001214,210.11900329589844,1188460.0
2022-10-31T00:00:00,210.6765904757497,210.6765904757497,206.77345395622768,207.2381134033203,2017593.0
2022-11-01T00:00:00,209.00380344105076,211.14123962953133,205.8441250269701,206.9593048095703,1190800.0
2022-11-02T00:00:00,207.51691310399917,209.1896899592327,206.2158581364704,207.70277404785156,1093062.0
2022-11-03T00:00:00,205.84415248194077,206.21587439896007,200.7328981313734,203.42791748046875,1608052.0
2022-11-04T00:00:00,203.9854858670309,208.632080078125,203.52082644592147,208.632080078125,752601.0
2022-11-07T00:00:00,206.40170174150413,208.26033925676205,203.7066688362128,205.10064697265625,1526924.0
2022-11-08T00:00:00,201.38341422688416,211.88472122912063,201.104615705,211.04833984375,2399332.0
2022-11-09T00:00:00,211.04832327015404,212.6281625297239,209.74726833029356,211.88470458984375,1389377.0
2022-11-10T00:00:00,210.11899198431473,225.35981504073052,208.26035433449428,224.4304962158203,2022742.0
2022-11-11T00:00:00,227.03263396702118,227.49729346585656,221.73551851635443,225.1739959716797,2102386.0
2022-11-14T00:00:00,224.98812558300594,229.44884524073117,224.0588066242662,227.49728393554688,1492616.0
2022-11-15T00:00:00,228.61245774639642,229.35591572959547,226.19622284606982,226.4750213623047,1536883.0
2022-11-16T00:00:00,226.4749990232889,229.44881648247252,220.52736410492167,221.5496063232422,892559.0
2022-11-17T00:00:00,221.6425579503681,224.24465370995063,220.43444054267465,221.0849609375,1604198.0
2022-11-18T00:00:00,221.36374640490192,224.24464050122464,221.36374640490192,222.8506622314453,1401629.0
2022-11-21T00:00:00,222.66316589325737,224.25696253538152,220.319343094381,222.94442749023438,1096972.0
2022-11-22T00:00:00,221.35064343121215,226.4132952423577,220.50685859231464,225.66326904296875,1107090.0
2022-11-23T00:00:00,226.88205434639926,230.35090934099676,225.0069960460158,230.1634063720703,1322812.0
2022-11-24T00:00:00,230.16339921940636,230.5384051456054,226.4132827351798,227.53831481933594,840329.0
2022-11-25T00:00:00,226.97580168165118,228.85085988866834,226.60078145691244,228.38209533691406,800537.0
2022-11-28T00:00:00,227.4445766502975,228.19458852300764,223.8819630326865,225.1007537841797,1141434.0
2022-11-29T00:00:00,225.28824132987683,227.06954086396075,223.03816294910087,223.50692749023438,877532.0
2022-11-30T00:00:00,228.7571058860698,228.7571058860698,223.41319274902344,223.41319274902344,4472980.0
2022-12-01T00:00:00,225.94449862923213,228.56958280221858,225.1944725361563,226.78826904296875,1148066.0
2022-12-02T00:00:00,226.60077567157717,227.8195663361332,223.506926847876,226.6945343017578,955278.0
2022-12-05T00:00:00,226.69454817993662,226.97580978213884,224.25696670159647,225.75701904296875,1151304.0
2022-12-06T00:00:00,225.75702619633617,226.6007967241193,219.94434822406612,220.13185119628906,1693376.0
2022-12-07T00:00:00,218.72555473866723,219.8505868636379,215.35044405819565,218.2567901611328,1636846.0
2022-12-08T00:00:00,218.53803862142271,220.41309681875603,217.22548929995412,219.66307067871094,922493.0
2022-12-09T00:00:00,220.6006118847099,223.13193772892615,219.85058570350077,221.91314697265625,1290645.0
2022-12-12T00:00:00,222.19439923022864,222.19439923022864,219.56931485922385,221.5381317138672,1188106.0
2022-12-13T00:00:00,222.19439249728396,226.78827927816897,219.475563880933,223.50692749023438,1930735.0
2022-12-14T00:00:00,223.60069431025934,224.06945886856175,217.788016648421,222.4756622314453,1737704.0
2022-12-15T00:00:00,217.22547467994556,219.66305589464494,214.4128875732422,214.4128875732422,2087520.0
2022-12-16T00:00:00,213.66286515297296,216.0066877821436,212.81909472869472,214.69415283203125,2862849.0
2022-12-19T00:00:00,216.19421243335233,217.1317415170953,214.3191542658664,215.25668334960938,1417767.0
2022-12-20T00:00:00,212.6316012497836,214.41290080506667,210.75654306293467,210.9440460205078,1532485.0
2022-12-21T00:00:00,211.97534229756062,214.7879296913068,211.69408069707416,214.5066680908203,1266088.0
2022-12-22T00:00:00,214.22539557413984,215.25668328818622,210.28777628465465,211.60031127929688,864864.0
2022-12-23T00:00:00,211.31904329258504,212.44408960312632,210.00650833769765,211.0377960205078,944509.0
2022-12-27T00:00:00,213.56913023365368,214.03789478012544,212.16283659423834,213.00660705566406,551683.0
2022-12-28T00:00:00,213.0066209509775,213.85040577300552,211.31906561248107,212.069091796875,687527.0
2022-12-29T00:00:00,211.41282333535577,213.6628875732422,210.19403257918418,213.6628875732422,520418.0
2022-12-30T00:00:00,212.53786838294582,214.1316651738624,209.72528076171875,209.72528076171875,1093453.0
2023-01-02T00:00:00,211.69406495851007,212.16282948928375,210.194012737811,211.97532653808594,430890.0
2023-01-03T00:00:00,211.8815634926597,214.88165356595746,211.31904034523478,213.28785705566406,840469.0
2023-01-04T00:00:00,215.63168624351763,217.78800596706446,214.9754187551925,217.50674438476562,1227472.0
2023-01-05T00:00:00,215.25668045673984,216.00669226920786,212.35033461397208,213.38162231445312,944956.0
2023-01-09T00:00:00,215.63169049202128,220.97560343875531,215.25668457860644,220.3193359375,2019423.0
2023-01-10T00:00:00,218.91305294554664,222.56941084853761,217.69426220936322,221.6318817138672,1544719.0
2023-01-11T00:00:00,220.0380904465125,228.47585286563742,220.0380904465125,225.3820037841797,1802587.0
2023-01-12T00:00:00,225.85074312022743,231.1009115386637,224.72571111786482,230.25714111328125,1500209.0
2023-01-13T00:00:00,230.35090934099676,232.03846467245378,227.725824859348,230.1634063720703,1416234.0
2023-01-16T00:00:00,231.10092163085938,231.85094776704082,227.8195698024293,231.10092163085938,596040.0
2023-01-17T00:00:00,229.9758997490345,232.13221962132542,229.7883967830873,229.88214111328125,1243964.0
2023-01-18T00:00:00,229.8821272931378,233.444740654193,229.41336275367155,230.8196563720703,1067726.0
2023-01-19T00:00:00,228.66337262685562,230.06966646664085,226.22580522123096,226.31954956054688,1554445.0
2023-01-20T00:00:00,228.0070591397845,229.6946142689948,225.75699517120933,227.91331481933594,1105208.0
2023-01-23T00:00:00,230.25715398288125,233.35098858591041,230.069636717375,232.97598266601562,1181821.0
2023-01-24T00:00:00,233.6322444208892,233.6322444208892,228.1945728830696,229.22586059570312,1387335.0
2023-01-25T00:00:00,229.69463035960254,230.16339491135682,226.7882844165024,228.38209533691406,685251.0
2023-01-26T00:00:00,229.22584389892185,232.22593388229524,228.38207350863348,230.3508758544922,1281215.0
2023-01-27T00:00:00,230.35090279214896,232.41346400282052,230.16339982855322,231.6634521484375,948403.0
2023-01-30T00:00:00,231.19469255861412,232.69473060519826,229.7883988430643,231.28843688964844,759871.0
2023-01-31T00:00:00,230.7259076416596,231.56967807436317,229.03835247069432,230.0696258544922,1405267.0
2023-02-01T00:00:00,230.06965832049562,233.4447691387009,230.06965832049562,233.06976318359375,1071153.0
2023-02-02T00:00:00,234.47604534486217,241.6012725830078,234.47604534486217,241.6012725830078,2440146.0
2023-02-03T00:00:00,238.13239126666326,252.6640923085266,237.47612375814248,252.19532775878906,2887050.0
2023-02-06T00:00:00,251.72656477757957,251.72656477757957,246.5701546983368,247.41392517089844,2185288.0
2023-02-07T00:00:00,247.03890845889137,249.85149565197173,245.6326148623512,246.10137939453125,1343463.0
2023-02-08T00:00:00,247.69521013753277,249.19523387206297,242.351282597133,243.19505310058594,1926048.0
2023-02-09T00:00:00,245.25761648970217,246.66391012942395,241.50750011711077,242.53878784179688,1405387.0
2023-02-10T00:00:00,240.85123666441368,242.53880632737167,236.63235542369796,238.69493103027344,1399561.0
2023-02-13T00:00:00,240.00746816716386,241.41376192595584,239.2574419680295,240.10122680664062,1681726.0
2023-02-14T00:00:00,240.1012304752033,241.32000697366374,237.19488427373585,238.78868103027344,1742305.0
2023-02-15T00:00:00,238.319916783044,241.32000732421875,238.319916783044,241.32000732421875,1459447.0
2023-02-16T00:00:00,242.16378049309867,243.28882697558427,238.31991936314043,240.1949920654297,1707309.0
2023-02-17T00:00:00,239.81993965976756,243.9450761630169,236.81984948821426,239.72618103027344,1410932.0
2023-02-20T00:00:00,240.28872551763996,240.9450074102876,235.6948381024696,236.3511199951172,700308.0
2023-02-21T00:00:00,236.06985207459107,237.8511518071153,233.81977344315197,234.19479370117188,1059803.0
2023-02-22T00:00:00,233.538518385375,240.2887111391157,232.97599516978346,239.3511962890625,1548327.0
2023-02-23T00:00:00,237.4761343511835,240.5699833785695,237.4761343511835,239.06993103027344,951463.0
2023-02-24T00:00:00,240.3824734374188,242.35129041641048,236.16359217291648,238.0386505126953,1273674.0
2023-02-27T00:00:00,238.601161242174,241.97627179925743,238.601161242174,239.9136962890625,810981.0
2023-02-28T00:00:00,239.25744062245215,241.4137605682514,237.1011206766529,239.1636962890625,1906784.0
2023-03-01T00:00:00,240.19498777227392,241.0387583134966,237.10112430629735,237.8511505126953,1607332.0
2023-03-02T00:00:00,237.85115184342075,239.9137131933847,236.81987832121882,238.78868103027344,1090696.0
2023-03-03T00:00:00,240.00744342603159,244.13256563769315,240.00744342603159,243.851318359375,1250070.0
2023-03-06T00:00:00,243.8513562252105,245.82017331251078,242.53882103738408,242.820068359375,903293.0
2023-03-07T00:00:00,242.82003984973275,245.53886855053707,241.6012634493743,242.6325225830078,1302391.0
2023-03-08T00:00:00,241.3199896350712,244.8826174558125,241.3199896350712,244.038818359375,1727199.0
2023-03-09T00:00:00,243.66381451571087,246.85140782699614,241.6012676018761,245.4451141357422,1442946.0
2023-03-10T00:00:00,241.22624029472848,243.1012986059541,237.94490255564327,239.3511962890625,1091209.0
2023-03-13T00:00:00,239.35120323334152,240.28871811059474,233.6322694959565,235.78858947753906,1933399.0
2023-03-14T00:00:00,235.7885797131085,241.13250727829052,235.22605650449162,239.5386962890625,1942765.0
2023-03-15T00:00:00,239.06992786134813,239.06992786134813,231.00717163085938,231.00717163085938,2379164.0
2023-03-16T00:00:00,232.7884879733302,239.1636889768629,231.56969723204966,238.60116577148438,2538128.0
2023-03-17T00:00:00,240.38246065370424,241.60126567641532,231.19468672184848,233.2572479248047,4460957.0
2023-03-20T00:00:00,233.25725500070823,237.66363913741023,230.06964731257096,235.88233947753906,1615202.0
2023-03-21T00:00:00,239.069934242232,239.069934242232,235.8823408412261,236.8198699951172,1643544.0
2023-03-22T00:00:00,236.63233901420327,237.19486219618057,229.60087076728092,232.0384521484375,2604630.0
2023-03-23T00:00:00,230.81966516168316,230.81966516168316,224.81948455025167,228.66334533691406,2097773.0
2023-03-24T00:00:00,228.3821007767519,228.3821007767519,219.66307704533173,220.2255859375,2190962.0
2023-03-27T00:00:00,222.2881577171647,226.97580326745867,221.163111340647,223.60069274902344,1622440.0
2023-03-28T00:00:00,225.38200743000291,227.44458305471247,224.9132428435798,225.66326904296875,1713112.0
2023-03-29T00:00:00,227.53830761418453,228.85085692543655,226.69453715417575,228.56959533691406,1477637.0
2023-03-30T00:00:00,229.69463526678427,231.6634521484375,228.94460910684214,231.6634521484375,1772940.0
2023-03-31T00:00:00,232.6009797036841,233.06974426229243,230.0696396427518,232.78848266601562,1776486.0
2023-04-03T00:00:00,231.10091358236153,231.4759194846127,226.8820328070243,228.00706481933594,2034558.0
2023-04-04T00:00:00,229.13212110472955,233.16349935600473,225.00699852073987,225.85076904296875,2450547.0
2023-04-05T00:00:00,215.63169860839844,222.85067000504603,213.28787579743758,215.63169860839844,4597216.0
2023-04-06T00:00:00,216.56920424313006,216.56920424313006,211.50655324278642,214.6003875732422,2160001.0
2023-04-11T00:00:00,216.75674406120135,220.41311645507812,216.00671785433738,220.41311645507812,2397524.0
2023-04-12T00:00:00,220.41309089142786,222.9444165286439,219.00679728124575,220.03807067871094,1836894.0
2023-04-13T00:00:00,220.88186065317157,221.25686656920098,216.66297972282663,219.19430541992188,1635210.0
2023-04-14T00:00:00,220.31934526699447,221.4443773604375,219.00681020890414,220.69435119628906,1868902.0
2023-04-17T00:00:00,222.19439483448198,223.5069298412386,220.4130952816611,220.78810119628906,1998257.0
2023-04-18T00:00:00,220.78810834495673,226.03827715309018,220.78810834495673,223.41319274902344,1876080.0
2023-04-19T00:00:00,222.2881649851764,224.16322326660156,221.9131447455557,224.16322326660156,1841744.0
2023-04-20T00:00:00,224.16322463773255,225.8507656568898,222.66317228119337,225.1007537841797,1492261.0
2023-04-21T00:00:00,225.10073772759614,226.78827862638,223.60068547805665,226.6945343017578,1862407.0
2023-04-24T00:00:00,226.69454208265776,230.0696383016283,226.1320188933832,228.194580078125,1227172.0
2023-04-25T00:00:00,227.06955778576958,228.569610151408,225.00699651218645,226.0382843017578,2008291.0
2023-04-26T00:00:00,231.94470955368047,232.03846819234573,220.97562119115426,224.25697326660156,3360572.0
2023-04-27T00:00:00,227.28744528618387,231.07556937428694,225.10927104541528,229.37091064453125,2604165.0
2023-04-28T00:00:00,230.1285433205103,232.4014120422225,227.19274130863067,230.98086547851562,2531181.0
2023-05-02T00:00:00,231.64381809927576,231.64381809927576,226.43514693102225,227.00335693359375,1865999.0
2023-05-03T00:00:00,227.19275078008923,231.26498732259276,226.52983191283226,230.69677734375,1977816.0
2023-05-04T00:00:00,231.075589592483,231.075589592483,227.57157739450983,228.8974151611328,1742176.0
2023-05-05T00:00:00,228.70801105863603,230.317961041403,226.4351421947942,230.2232666015625,1688761.0
2023-05-08T00:00:00,230.60204736494774,231.07556286261703,226.15100457696556,229.0867919921875,1744876.0
2023-05-09T00:00:00,229.7497381819585,230.31794814081843,226.9086450360178,229.655029296875,1947058.0
2023-05-10T00:00:00,229.6550340888914,231.8332084363388,227.2874564178719,229.1815185546875,1672423.0
2023-05-11T00:00:00,229.18151795374177,233.06435110425136,229.18151795374177,232.59083557128906,1950770.0
2023-05-12T00:00:00,234.01138700004307,235.52662806646774,230.69677820089544,232.11732482910156,1385437.0
2023-05-15T00:00:00,233.2537617014109,234.76900278381504,231.35969951049492,233.632568359375,1181117.0
2023-05-16T00:00:00,233.06434295714425,233.7272617900087,230.60205649159437,231.54908752441406,1169672.0
2023-05-17T00:00:00,230.69678938115737,231.9279182914955,230.3179682582817,231.26499938964844,550578.0
2023-05-19T00:00:00,234.67432349374693,239.5041737220398,234.29550236078072,238.4624481201172,1477057.0
2023-05-22T00:00:00,237.23128149179465,238.273021442237,236.00013821869388,237.42068481445312,941687.0
2023-05-23T00:00:00,236.5683534521785,236.85246565040885,232.87492377627777,233.53785705566406,914752.0
2023-05-24T00:00:00,231.83320527464483,231.83320527464483,228.70799990141055,230.41265869140625,1113775.0
2023-05-25T00:00:00,230.69676348657055,231.07557011637874,228.04507372627327,228.70799255371094,1288988.0
2023-05-26T00:00:00,229.560332533186,233.91668136720736,229.18152587394405,232.9696502685547,1226793.0
2023-05-29T00:00:00,233.4431625685416,234.39019365401236,231.54910039760009,232.11732482910156,550859.0
2023-05-30T00:00:00,232.1173159630942,234.48489358633853,230.79146382374915,231.73849487304688,952651.0
2023-05-31T00:00:00,230.12857063105167,231.2650051267743,227.76099274390094,228.04510498046875,3500765.0
2023-06-01T00:00:00,229.65502378887197,232.0226013537057,229.56031490605994,230.7914581298828,1118881.0
2023-06-02T00:00:00,231.83320719405813,235.62133144739062,231.1702883398344,235.33721923828125,1105705.0
2023-06-05T00:00:00,236.28423903276823,238.27300995113842,235.14780470107667,235.526611328125,906510.0
2023-06-07T00:00:00,247.0804212018131,247.0804212018131,239.220074218937,241.8717498779297,2431781.0
2023-06-08T00:00:00,238.84123332628653,245.09162972744193,238.84123332628653,243.0081787109375,1522852.0
2023-06-09T00:00:00,243.8605008556013,244.1445986165486,241.8717298256862,242.34524536132812,1250919.0
2023-06-12T00:00:00,242.4399480174081,245.28104115823712,242.25054469812892,244.80752563476562,1200025.0
2023-06-13T00:00:00,246.32280288229725,249.63741183984158,245.28106285827832,247.8380584716797,2130375.0
2023-06-14T00:00:00,247.3645090464621,248.31154004755714,245.281029283616,246.32276916503906,1452332.0
2023-06-15T00:00:00,244.9969388970826,246.60687430660937,233.8219554080987,239.7882537841797,2942659.0
2023-06-16T00:00:00,239.88298596523518,240.6406137525422,236.7577803741863,238.0836181640625,4391924.0
2023-06-19T00:00:00,236.75778360877104,237.42070251276593,234.29549687902048,235.43194580078125,1219480.0
2023-06-20T00:00:00,234.39019131447742,235.2425135026747,232.11732251225297,234.1060791015625,2067317.0
2023-06-21T00:00:00,232.02261362443218,234.7689979646657,231.26498587350824,234.1060791015625,2532807.0
2023-06-22T00:00:00,232.78024693893371,233.25376248826004,230.79147585154402,232.9696502685547,1368213.0
2023-06-26T00:00:00,233.1590487968874,233.82196766218365,230.31795555943413,233.4431610107422,1538682.0
2023-06-27T00:00:00,233.7272710681506,238.17831420898438,232.78023999773714,238.17831420898438,1475875.0
2023-06-28T00:00:00,239.78828901027924,243.9552348226374,239.59888566666044,242.06117248535156,1355017.0
2023-06-29T00:00:00,241.77704982012398,242.72406649738625,238.36773197978698,240.92471313476562,952973.0
2023-06-30T00:00:00,241.4929423092875,249.54270705293044,241.4929423092875,245.28106689453125,2102248.0
2023-07-03T00:00:00,245.75455910892452,246.98568792167217,244.6181102809311,244.90223693847656,1039727.0
2023-07-04T00:00:00,243.8605082157338,247.08040817506222,241.96644601599994,246.1333770751953,1474512.0
2023-07-05T00:00:00,245.09164268503847,246.89102493677484,241.49293598375823,242.91348266601562,1579407.0
2023-07-06T00:00:00,241.96642783723505,241.96642783723505,236.56835386365657,237.7047882080078,1345448.0
2023-07-07T00:00:00,237.70480021602688,238.3677190795079,235.62133473770902,236.85247802734375,1347498.0
2023-07-10T00:00:00,236.8524772568396,238.17831497948856,235.52662508364324,237.51539611816406,1170290.0
2023-07-11T00:00:00,239.59887614235674,240.2617950439453,237.98892610977072,240.2617950439453,1021133.0
2023-07-12T00:00:00,240.83003770977766,244.52346807022406,239.5988942562955,243.86053466796875,1136268.0
2023-07-13T00:00:00,244.90224325513736,245.09163213062493,242.43995666503906,242.43995666503906,972341.0
2023-07-14T00:00:00,241.49293677559297,243.8605145871184,241.01942121328787,243.6710968017578,730212.0
2023-07-17T00:00:00,242.43996791001538,243.19758124929564,240.2617934332142,242.2505645751953,1336884.0
2023-07-18T00:00:00,242.81876586910315,247.7433391010564,242.81876586910315,246.70159912109375,1774687.0
2023-07-19T00:00:00,241.68231274294877,247.9327087872689,238.74652525942685,241.01939392089844,2834589.0
2023-07-20T00:00:00,237.3259830610072,239.4094484471059,235.5266154248631,236.3789520263672,1653873.0
2023-07-21T00:00:00,235.6213578851977,237.89422691200474,234.86373005941243,237.23130798339844,1238091.0
2023-07-24T00:00:00,234.86369842351223,239.31474143094522,234.86369842351223,239.2200469970703,1241336.0
2023-07-25T00:00:00,239.59888336749242,240.2618022890714,237.23130546860415,239.88299560546875,1052246.0
2023-07-26T00:00:00,235.6213443097004,238.27303432189544,232.59084763171236,235.24252319335938,1506930.0
2023-07-27T00:00:00,236.75776537646996,241.96643621475232,236.00013763715583,240.8300018310547,1248462.0
2023-07-28T00:00:00,240.5458927682266,240.64060165583462,237.6100906589466,239.59886169433594,1178821.0
2023-07-31T00:00:00,239.12534615739062,240.5458927682266,237.9889117588313,239.59886169433594,888194.0
2023-08-01T00:00:00,239.59888336749242,241.1141390030004,238.36773996996078,239.88299560546875,753197.0
2023-08-02T00:00:00,239.8829722541271,240.26177890085495,236.56836351834323,238.8412322998047,1147108.0
2023-08-03T00:00:00,237.89421728328108,237.89421728328108,233.25377052030925,234.0113983154297,2033184.0
2023-08-04T00:00:00,234.01139350172582,234.86371572211107,231.45439793947415,234.4849090576172,1022128.0
2023-08-07T00:00:00,233.63255148804305,234.67429139803866,231.54908611859855,233.53785705566406,777612.0
2023-08-08T00:00:00,232.780230757189,234.01137398996394,230.69676537509503,231.54908752441406,914928.0
2023-08-09T00:00:00,233.25376248826004,235.7160346744283,232.8749413784703,232.9696502685547,631955.0
2023-08-10T00:00:00,233.63257238668396,235.62134350164683,232.40142905125686,234.4849090576172,772291.0
2023-08-11T00:00:00,233.91667732857468,234.39019286972564,232.11732405242003,232.78024291992188,1054376.0
2023-08-14T00:00:00,232.87494780066163,234.10609115297194,231.6438188988995,233.25376892089844,827262.0
2023-08-15T00:00:00,233.06436720957421,234.4849139066243,230.4126771516377,231.26499938964844,1167925.0
2023-08-16T00:00:00,230.7914726098562,232.11732479967574,230.41266595593495,231.4543914794922,869151.0
2023-08-17T00:00:00,229.84444215513602,229.84444215513602,226.24572113081993,226.62454223632812,1035613.0
2023-08-18T00:00:00,225.77221679158154,227.0033601571247,224.54108787658672,226.43515014648438,1554903.0
2023-08-21T00:00:00,225.5828094482422,227.85569280208088,224.91989055566142,225.5828094482422,1089512.0
2023-08-22T00:00:00,227.76098631254538,230.98088636792966,227.76098631254538,229.84445190429688,1802867.0
2023-08-23T00:00:00,230.60205150897042,231.075567015149,229.4656171842511,229.9391326904297,913226.0
2023-08-24T00:00:00,231.3597156206763,235.33724360845594,228.61331658228056,228.802734375,1406066.0
2023-08-25T00:00:00,228.32921562925912,230.2232779258086,227.2874755859375,227.2874755859375,1374671.0
2023-08-28T00:00:00,229.08680339357315,231.54908988421712,228.61328787233754,230.98086547851562,834216.0
2023-08-29T00:00:00,231.17026898625298,232.87491319710196,230.41264130890565,232.40139770507812,1392744.0
2023-08-30T00:00:00,232.40141779766634,233.91667328336453,231.26498340866632,232.59083557128906,783554.0
2023-08-31T00:00:00,232.68554126403126,234.86371571113932,232.30673459955506,233.8219757080078,2443918.0
2023-09-01T00:00:00,233.8219725261106,237.32599915229778,232.87494142725953,235.05311584472656,1150137.0
2023-09-04T00:00:00,235.0530999075431,238.1783052119645,234.95840547440716,236.3789520263672,703562.0
2023-09-05T00:00:00,235.3372360965533,237.6101050311498,234.86372053096667,236.09486389160156,1058434.0
2023-09-06T00:00:00,234.57957764799838,235.62131753637968,232.40140344082147,233.3484344482422,1326062.0
2023-09-07T00:00:00,233.06435271552806,233.53786825176397,230.03384172318042,232.68553161621094,1056807.0
2023-09-08T00:00:00,233.25374865077472,233.9166674903952,228.9921089596542,230.98086547851562,708923.0
2023-09-11T00:00:00,230.98088716012876,232.11733607820747,229.56034046307866,231.26499938964844,870428.0
2023-09-12T00:00:00,232.30673451525325,232.30673451525325,225.1092922884336,225.4881134033203,1822089.0
2023-09-13T00:00:00,223.78344717610705,224.16225382802685,221.41586947523953,221.69998168945312,1891630.0
2023-09-14T00:00:00,221.69997774527224,223.40462209913218,220.37412558604566,222.9311065673828,2577258.0
2023-09-15T00:00:00,224.63576389134616,227.28745374177632,224.5410694559487,224.9198760986328,4356421.0
2023-09-18T00:00:00,224.91989135640196,227.00335693359375,224.16226356909183,227.00335693359375,1497434.0
2023-09-19T00:00:00,226.90865129826372,230.31795449715463,226.90865129826372,227.85568237304688,1723419.0
2023-09-20T00:00:00,228.7080103246177,234.95842135594438,228.139785885207,232.9696502685547,2365820.0
2023-09-21T00:00:00,231.07560017903646,231.35971241362859,226.62455667225487,227.2874755859375,1666856.0
2023-09-22T00:00:00,227.28748042797497,227.5715926686197,225.5828214346554,226.81396484375,1153165.0
2023-09-25T00:00:00,226.43514371666734,227.09806260219773,223.02582594744268,226.15103149414062,1199085.0
2023-09-26T00:00:00,224.91990103530077,226.81396335980855,223.12054760723785,223.97286987304688,1405768.0
2023-09-27T00:00:00,224.82518165719387,225.10929388273408,223.0258283130193,223.4993438720703,1347329.0
2023-09-28T00:00:00,223.78346570121744,225.01460909769384,222.17351562146308,224.6357879638672,1188262.0
2023-09-29T00:00:00,225.5828094482422,227.85569280208088,225.01459944769357,225.5828094482422,2193987.0
2023-10-02T00:00:00,225.67751834027433,227.09806501746797,223.8781505455002,225.5828094482422,1446286.0
2023-10-03T00:00:00,224.9198760986328,226.15101936317686,223.68873283408877,224.9198760986328,1796009.0
2023-10-04T00:00:00,223.78346570121744,225.4881246770656,222.74172564638002,224.6357879638672,1352399.0
2023-10-05T00:00:00,225.014593054287,228.1397840948776,223.68874085624924,225.9616241455078,1243168.0
2023-10-06T00:00:00,226.52981128602246,229.93912865083155,226.52981128602246,229.74972534179688,1664115.0
2023-10-09T00:00:00,229.65504130387717,230.31796018247985,227.2874635584764,228.13978576660156,1281770.0
2023-10-10T00:00:00,230.03385363332927,234.57960590666258,229.8444502991379,233.91668701171875,1631632.0
2023-10-11T00:00:00,233.44315546587143,235.33721757918477,232.21201220210833,234.57958984375,1295246.0
2023-10-12T00:00:00,237.1365748746398,239.22005479546385,234.4848994309499,234.7689971923828,2440255.0
2023-10-13T00:00:00,234.67429767140345,235.2425076325069,230.7914645764013,231.07557678222656,911460.0
2023-10-16T00:00:00,232.11731428991862,232.49612092668838,228.61328787233754,230.98086547851562,1415396.0
2023-10-17T00:00:00,230.79145482133256,230.79145482133256,227.47684627808246,229.9391326904297,1995862.0
2023-10-18T00:00:00,228.80271076727703,229.18151741253342,222.83641217593222,223.5940399169922,1806511.0
2023-10-19T00:00:00,221.60528323524824,224.5410855027721,221.51057434253528,222.1735076904297,1330703.0
2023-10-20T00:00:00,220.18471607901907,221.1317471159181,215.35485201061542,215.73367309570312,1832621.0
2023-10-23T00:00:00,216.68071386172522,217.24892383904958,214.31313616317172,216.8701171875,1885374.0
2023-10-24T00:00:00,216.3966016477893,217.34363272721072,214.0290239492358,216.8701171875,1677184.0
2023-10-25T00:00:00,220.65825291443204,223.3099429640284,217.05953173644752,220.84765625,2645538.0
2023-10-26T00:00:00,216.01778169727186,220.2794212923036,214.78663847970893,219.71119689941406,2020430.0
2023-10-27T00:00:00,220.65825050477204,220.7529593967959,217.6277538171337,219.33241271972656,1483096.0
2023-10-30T00:00:00,220.09002845717987,221.60528404282016,219.42710955741782,220.84765625,1919500.0
2023-10-31T00:00:00,220.84763966231657,225.29868274131692,220.27942969829041,224.9198760986328,2235217.0
2023-11-01T00:00:00,225.01460024877127,227.47687249434406,223.02582911340068,227.00335693359375,1726325.0
2023-11-02T00:00:00,228.99211935693856,235.8107402822185,228.51860381420317,232.11732482910156,1751272.0
2023-11-03T00:00:00,233.25375200255132,233.8219619658709,232.02260873953824,232.49612426757812,673903.0
2023-11-06T00:00:00,234.1060669309837,235.52661347116023,230.88616722013555,232.8749237060547,1722592.0
2023-11-07T00:00:00,231.643798828125,232.59082987083926,229.37091565528263,231.643798828125,1151634.0
2023-11-08T00:00:00,231.45440111350703,233.44317225574275,228.70801663189403,233.25376892089844,1562199.0
2023-11-09T00:00:00,234.39020496538006,237.6101050311498,234.29549607204342,236.09486389160156,1911843.0
2023-11-10T00:00:00,234.08676199063535,234.56488037109375,232.17428846880173,234.56488037109375,1407108.0
2023-11-13T00:00:00,235.3298721792639,236.09484991349896,233.4173986616462,234.08676147460938,1033902.0
2023-11-14T00:00:00,234.85174480353177,242.7884979248047,234.27799693381868,242.7884979248047,2309327.0
2023-11-15T00:00:00,242.78850682040186,248.4302978515625,242.40601795392197,248.4302978515625,3672404.0
2023-11-16T00:00:00,248.43028981762183,249.38652654391296,247.3784527643248,248.71717834472656,2498382.0
2023-11-17T00:00:00,249.5778070265247,253.49838377790707,249.5778070265247,251.96839904785156,2280938.0
2023-11-20T00:00:00,252.15963181329698,253.88084621652985,250.72527674992673,250.8208770751953,1714985.0
2023-11-21T00:00:00,250.82090151782788,254.26335984179156,250.82090151782788,253.020263671875,2359877.0
2023-11-22T00:00:00,253.88089035148909,255.31524566420936,251.58592768754335,254.3590087890625,2099475.0
2023-11-23T00:00:00,255.1239455378749,257.99265570141336,254.45459734226657,256.1758117675781,1235816.0
2023-11-24T00:00:00,256.2714789919141,257.80146380737693,255.60210151576376,256.4627380371094,744727.0
2023-11-27T00:00:00,256.3670838822991,257.22769113892286,255.79333598387308,256.74957275390625,1177072.0
2023-11-28T00:00:00,255.88895026675246,256.5582984567178,253.30709946852272,254.26333618164062,1145981.0
2023-11-29T00:00:00,254.2633346293926,257.89705162627433,254.2633346293926,257.8014221191406,1693048.0
2023-11-30T00:00:00,258.1839225182918,258.8532999161511,256.7495673931902,256.9408264160156,3295377.0
2023-12-01T00:00:00,256.9408207877872,259.0445240826372,256.08018438595445,258.0882873535156,1465269.0
2023-12-04T00:00:00,257.514575239584,257.9926936705391,255.6977310383614,256.4627380371094,1527266.0
2023-12-05T00:00:00,255.9845662744095,258.6620172571253,255.88893677173527,258.18389892578125,1593922.0
2023-12-06T00:00:00,258.37516183938004,262.29570887008276,258.37516183938004,261.5307312011719,1446802.0
2023-12-07T00:00:00,260.1920230125804,261.62637812380524,259.2357862717639,260.9570007324219,1157460.0
2023-12-08T00:00:00,261.05265015415375,263.9213605954082,260.8613911185908,262.77386474609375,1504626.0
2023-12-11T00:00:00,262.77385752887545,267.26818210288116,262.29573913513144,266.5032043457031,1625312.0
2023-12-12T00:00:00,265.73817765374827,267.4594212525023,265.6425481457016,266.12066650390625,1438916.0
2023-12-13T00:00:00,266.8856985507816,267.0769284028773,260.0007818706473,260.86138916015625,2868016.0
2023-12-14T00:00:00,266.21629444617406,269.65875244140625,263.63447283627136,269.65875244140625,2620974.0
2023-12-15T00:00:00,269.6587390299122,274.4399223460454,269.6587390299122,273.5793151855469,3156946.0
2023-12-18T00:00:00,270.6150373363164,272.3362520493876,268.79819309873375,269.0850524902344,1678429.0
2023-12-19T00:00:00,270.5193858638042,272.8143483557136,270.0412674620718,270.8062744140625,2400254.0
2023-12-20T00:00:00,268.9893707300611,278.26487834779897,268.9893707300611,276.7348937988281,2461112.0
2023-12-21T00:00:00,275.10932572696703,276.63928118734475,273.86620043787286,275.68304443359375,1360853.0
2023-12-22T00:00:00,274.63122704191693,277.2130489529505,274.248708967365,276.0655822753906,969348.0
2023-12-27T00:00:00,276.16115954666435,279.2211287953152,275.8743001967412,277.7867736816406,1044197.0
2023-12-28T00:00:00,277.88239622374897,278.9342624504716,275.8742932785565,276.5436706542969,874715.0
2023-12-29T00:00:00,276.54368292815366,279.0298751608971,276.54368292815366,277.59552001953125,994959.0
2024-01-02T00:00:00,277.5955613206528,280.17741263205545,274.34436168624404,275.7787170410156,1238642.0
2024-01-03T00:00:00,274.43995111059803,274.53558062334923,264.87758347608246,266.6944274902344,1922660.0
2024-01-04T00:00:00,267.1725425875854,269.0850160909783,266.4075648590401,268.79815673828125,1110682.0
2024-01-05T00:00:00,268.2244364810259,268.7025549061258,265.35572593042673,265.9294738769531,986457.0
2024-01-08T00:00:00,267.2681746647075,271.1887512207031,266.21630839133843,271.1887512207031,955132.0
2024-01-09T00:00:00,270.80622463402386,271.3799432650158,268.32000356563015,270.9018249511719,1463301.0
2024-01-10T00:00:00,270.5193361365019,271.57120226336383,268.9893516957961,270.9018249511719,1203993.0
2024-01-11T00:00:00,272.5274625737616,273.48369928454673,268.7025157306211,269.65875244140625,1072863.0
2024-01-12T00:00:00,271.09314109400697,273.57936268647836,271.09314109400697,272.5274963378906,1245722.0
2024-01-15T00:00:00,270.5193727820894,270.80626131847436,268.5112697555143,270.2325134277344,723998.0
2024-01-16T00:00:00,268.79814523810535,270.3281298117672,267.45941967941184,269.65875244140625,1227975.0
2024-01-17T00:00:00,266.790058539551,268.7025320774689,266.21631064176955,268.1287841796875,1399301.0
2024-01-18T00:00:00,269.0850125546489,272.24061130299407,268.03314630520055,271.85809326171875,1627506.0
2024-01-19T00:00:00,274.4399327754265,276.63926551161694,270.8062449898872,271.7624816894531,1230259.0
2024-01-22T00:00:00,273.77057858738306,277.4042958625419,273.101230350244,276.44805908203125,1572734.0
2024-01-23T00:00:00,278.16928180810197,278.16928180810197,271.95374255169327,272.2406311035156,1690642.0
2024-01-24T00:00:00,275.4917989813547,275.7786583184132,270.5193564708005,271.7624816894531,1559245.0
2024-01-25T00:00:00,270.99748863627303,274.63120578909064,270.1368813991948,274.2486877441406,1013845.0
2024-01-26T00:00:00,274.24867540912084,274.9180527756468,272.718720026253,273.19683837890625,1380230.0
2024-01-29T00:00:00,272.52749194355164,275.0137134959342,271.7625141652947,273.67498779296875,1337202.0
2024-01-30T00:00:00,274.6312140261719,276.63928791223987,273.7705775812507,275.4918212890625,1123510.0
2024-01-31T00:00:00,273.67495781732487,276.2567794226786,272.52746209359304,274.153076171875,1831344.0
2024-02-01T00:00:00,271.8580905634144,275.1093187898086,271.37997219859517,274.43994140625,1044404.0
2024-02-02T00:00:00,276.54366794462584,277.21301613177894,273.00558044814323,274.153076171875,1243936.0
2024-02-05T00:00:00,273.67500482482313,274.4399826506876,271.95376094357783,272.6231384277344,1268596.0
2024-02-06T00:00:00,274.8224254417663,275.20491429050765,272.2406038262407,275.10931396484375,1858942.0
2024-02-07T00:00:00,265.54697962582844,273.4837336498468,264.8776021713551,273.005615234375,2606753.0
2024-02-08T00:00:00,273.4836856828188,274.6311813515016,272.336190014136,273.5793151855469,1277443.0
2024-02-09T00:00:00,273.674955088585,274.53556228178877,270.90184531422125,271.7624816894531,1672585.0
2024-02-12T00:00:00,272.81430890805814,274.43992291170485,272.1449607516361,274.05743408203125,1202695.0
2024-02-13T00:00:00,273.19685863634015,273.3880884823641,267.36380846504596,270.041259765625,1501895.0
2024-02-14T00:00:00,269.1806415423184,272.5274701227736,269.1806415423184,271.3799743652344,1127627.0
2024-02-15T00:00:00,272.52747275002935,275.01369412731276,272.52747275002935,273.77056884765625,1463740.0
2024-02-16T00:00:00,274.91805977106924,275.77866699133807,271.66686072670416,274.43994140625,1864161.0
2024-02-19T00:00:00,273.38806482198294,278.6473666359778,272.14496879330443,276.25677490234375,1045461.0
2024-02-20T00:00:00,275.58743211709714,281.13359337480915,274.344306882073,281.0379638671875,1424726.0
2024-02-21T00:00:00,280.846775682729,281.1336350661058,277.78680607722356,279.69927978515625,804967.0
2024-02-22T00:00:00,281.03795741568325,283.1416898069517,278.4561358613388,280.2729797363281,1622080.0
2024-02-23T00:00:00,279.4123439232493,282.4722835091795,278.64733714024806,281.7073059082031,854430.0
2024-02-26T00:00:00,282.18546524844567,282.37669508549186,278.9342661983692,279.8905029296875,798784.0
2024-02-27T00:00:00,280.4642575955162,281.61175349308894,279.1255318363699,279.69927978515625,987559.0
2024-02-28T00:00:00,278.9342672527901,280.84674072265625,278.64737872309263,280.84674072265625,1156929.0
2024-02-29T00:00:00,281.80300280876816,284.76731360810857,281.7073732902661,282.47235107421875,3379105.0
2024-03-01T00:00:00,283.14170950067074,284.00231674531113,280.4642290726418,281.6117248535156,971418.0
2024-03-04T00:00:00,282.2810722362376,282.95042038553913,280.3685989261873,282.0898132324219,994274.0
2024-03-05T00:00:00,282.089869833571,284.0979730484538,280.65551456323084,283.23736572265625,1407553.0
2024-03-06T00:00:00,282.9504704550694,284.2891961725936,279.5080120514129,283.4285888671875,1494857.0
2024-03-07T00:00:00,282.1854887855161,286.39292491785284,280.177385645846,285.05419921875,1380477.0
2024-03-08T00:00:00,285.0542035715503,290.026617555866,285.0542035715503,289.3572692871094,1869536.0
2024-03-11T00:00:00,286.87098544612576,288.01848106072055,285.81911932975146,287.9228515625,1535939.0
2024-03-12T00:00:00,288.40102966737317,294.2340800839151,287.8272817411174,293.3734436035156,2832892.0
2024-03-13T00:00:00,293.75593219226477,296.5290128451377,291.8434587513829,294.32965087890625,1513986.0
2024-03-14T00:00:00,295.28589272571736,295.28589272571736,292.41718251459173,292.7040710449219,1344146.0
2024-03-15T00:00:00,292.130342561055,295.2859123299822,292.130342561055,294.0428161621094,2116760.0
2024-03-18T00:00:00,294.32969415885515,294.5209532038787,286.4885694074523,287.5404357910156,1886108.0
2024-03-19T00:00:00,287.25353945029053,292.2259826660156,286.5841911748871,292.2259826660156,1608579.0
2024-03-20T00:00:00,292.2259616190581,296.33776804135533,291.9390730799487,295.8596496582031,1254213.0
2024-03-21T00:00:00,298.3458400344564,301.2145500347877,297.48523287076245,300.35394287109375,1365117.0
2024-03-22T00:00:00,299.30211246004836,301.78833392711306,297.7721277740062,300.1627197265625,1296570.0
2024-03-25T00:00:00,300.16271177150173,300.4496003074236,297.580890040384,297.96337890625,1173172.0
2024-03-26T00:00:00,294.0428101644245,301.5014453835879,293.08657338340197,300.1627197265625,1585855.0
2024-03-27T00:00:00,300.2583701307041,300.2583701307041,295.0946969903406,296.0509338378906,1501676.0
2024-03-28T00:00:00,295.7640121577295,297.86774465959786,293.6603088378906,293.6603088378906,812268.0
2024-04-02T00:00:00,295.19033538474105,297.4852980514397,291.8435063177124,292.3216247558594,1703647.0
2024-04-03T00:00:00,292.41721884695676,294.42532208065415,291.65224103508774,292.990966796875,1249619.0
2024-04-04T00:00:00,292.99092106046425,296.6246380546947,292.4171732001091,295.4771423339844,1511407.0
2024-04-05T00:00:00,292.9909309208417,293.75593782107046,291.078457443314,293.18218994140625,1795727.0
2024-04-08T00:00:00,293.564721022228,294.5209578985219,290.3135214792355,292.3216247558594,985603.0
2024-04-09T00:00:00,291.6522152931784,291.6522152931784,288.7835049788193,290.8872375488281,1121953.0
2024-04-10T00:00:00,291.74782764044403,294.8077676198303,290.79159092525543,292.8952941894531,1716719.0
2024-04-11T00:00:00,292.7040904777776,294.0428161621094,288.7835137592099,294.0428161621094,3203082.0
2024-04-12T00:00:00,295.85966417455325,297.67650828326913,290.12224329521985,292.4172058105469,1759599.0
2024-04-15T00:00:00,293.2778159556357,300.64082124712826,293.2778159556357,296.24212646484375,1628630.0
2024-04-16T00:00:00,291.93905747426453,294.4252787701606,289.73972470214227,292.8952941894531,1850855.0
2024-04-17T00:00:00,292.32157657813156,296.2421237791615,292.0346880533055,293.8515319824219,1359898.0
2024-04-18T00:00:00,294.90339007964207,294.99901958528113,290.02657711232905,291.6521911621094,1550520.0
2024-04-19T00:00:00,288.49660986212103,292.03466796875,286.87099587932744,292.03466796875,1754133.0
2024-04-22T00:00:00,292.7040710449219,295.1902923976366,290.7915975708381,292.7040710449219,1735099.0
2024-04-23T00:00:00,294.71220188692763,296.72027587890625,292.7997282320664,296.72027587890625,1921526.0
2024-04-24T00:00:00,292.1303232459669,296.3377590536928,286.58416184242316,287.73162841796875,2573716.0
2024-04-25T00:00:00,285.5123776381772,287.3456719473115,280.2054560112734,284.2580261230469,2187426.0
2024-04-26T00:00:00,286.38079493711757,289.3719750205008,284.3545392013228,288.98602294921875,2114642.0
2024-04-29T00:00:00,290.33686871316166,291.30176361047774,288.31058353954677,288.8895263671875,1212686.0
2024-04-30T00:00:00,288.6000567242945,288.6000567242945,284.2580298812397,284.64398193359375,1673379.0
2024-05-02T00:00:00,281.7492912489288,284.2580237040946,280.0124923279505,284.0650329589844,2017274.0
2024-05-03T00:00:00,285.31939031736465,288.7929878720984,283.5825620937468,287.6351318359375,1596695.0
2024-05-06T00:00:00,288.503550008138,289.85439686140046,287.15270315487555,289.46844482421875,968014.0
2024-05-07T00:00:00,291.4947125731113,293.7139587402344,288.98598031054746,293.7139587402344,1850228.0
2024-05-08T00:00:00,293.7139822655115,297.2841049381411,293.1350394745103,295.9332580566406,1143251.0
2024-05-10T00:00:00,299.4068503612881,307.02954298340273,297.28409942862885,304.32781982421875,2441462.0
2024-05-13T00:00:00,304.32781847279944,307.029541619986,303.5559144000335,304.1348571777344,1354318.0
2024-05-14T00:00:00,304.13487416016596,304.9067782760339,299.1174090682611,302.8804931640625,1413579.0
2024-05-15T00:00:00,304.327832165937,307.41550748843554,302.9769852546892,305.4857177734375,1404982.0
2024-05-16T00:00:00,305.5822026085794,305.6786685339987,300.9506897845775,301.5296325683594,1648171.0
2024-05-17T00:00:00,300.0822552430977,300.9506545941011,296.1261810371381,298.1524658203125,1402338.0
2024-05-20T00:00:00,298.9243848875057,301.5296125181631,297.0910907326455,299.5998229980469,1241026.0
2024-05-21T00:00:00,299.50335061063845,299.50335061063845,296.6086661083844,298.82794189453125,1349419.0
2024-05-22T00:00:00,299.88928722691827,300.854182011363,298.24898376111344,300.3717346191406,1043189.0
2024-05-23T00:00:00,300.66121026313135,303.7488557981934,300.46821953445516,302.301513671875,1408885.0
2024-05-24T00:00:00,301.1436576385708,302.8804564116525,298.92438204379863,302.301513671875,934272.0
2024-05-27T00:00:00,302.3015186810195,302.7839660644531,300.4682245132219,302.7839660644531,659078.0
2024-05-28T00:00:00,302.9769989558007,303.5559417857317,296.5121913397066,297.95953369140625,1224409.0
2024-05-29T00:00:00,296.9946037690247,298.1524892923502,294.3894055109205,294.48590087890625,1424235.0
2024-05-30T00:00:00,294.1963981328193,296.8981210523301,291.0122572931731,295.83673095703125,1411888.0
2024-05-31T00:00:00,296.31921507472356,297.09111917817694,293.61749182012863,296.41571044921875,3518117.0
2024-06-03T00:00:00,299.2138726558167,300.85417608933375,295.06480749662364,296.8016357421875,1122626.0
2024-06-04T00:00:00,296.8016337474285,297.187585761765,292.8455593464145,293.7139587402344,1156061.0
2024-06-05T00:00:00,296.1261875983626,296.70513032727564,293.3279987625749,295.83673095703125,1070702.0
2024-06-07T00:00:00,298.15250131733393,299.02090077172596,294.8718647972676,298.63494873046875,1777443.0
2024-06-10T00:00:00,299.1174193512682,299.2139147306326,294.2929448456026,297.95953369140625,1512993.0
2024-06-11T00:00:00,298.6349524948933,302.49453184862375,298.05600970258297,299.0209045410156,1488112.0
2024-06-12T00:00:00,300.66124480663973,306.74007065708395,298.441968956891,305.6786804199219,1428759.0
2024-06-13T00:00:00,305.6787080370739,306.4506416639583,299.1174341629696,299.4068908691406,1739405.0
2024-06-14T00:00:00,299.0208906393043,299.5033380360913,291.7841796875,291.7841796875,2077180.0
2024-06-17T00:00:00,293.03855433859184,294.4858964980918,287.92459437394103,291.2052307128906,1568193.0
2024-06-18T00:00:00,292.2666585077938,293.32804878409263,285.4158988475985,288.8895263671875,1198037.0
2024-06-19T00:00:00,288.5035468195303,289.3719462551546,286.18780517578125,286.18780517578125,1173067.0
2024-06-20T00:00:00,286.6702589172453,288.79300986834755,285.80185946241926,286.86322021484375,2563150.0
2024-06-24T00:00:00,282.7141841014925,287.345667489159,282.7141841014925,286.7667541503906,1338446.0
2024-06-25T00:00:00,285.994793127887,286.76672658245815,283.77554701927716,284.1614990234375,1040681.0
2024-06-26T00:00:00,285.7053928957384,286.2843357394101,281.45986111923975,283.6791076660156,2305288.0
2024-06-27T00:00:00,283.4860907113227,288.50355563123685,282.52119587643557,287.05621337890625,1512330.0
2024-06-28T00:00:00,288.02106843505635,289.6614012063186,286.1877743912188,289.08245849609375,4984826.0
2024-07-01T00:00:00,291.68772442278544,292.84561011277174,286.38080232848483,289.7579345703125,3117874.0
2024-07-02T00:00:00,288.2140977446942,288.4070590431063,285.70536529530926,286.959716796875,2916354.0
2024-07-03T00:00:00,288.6965494582791,291.39824324629956,288.0211112881471,290.33685302734375,2172366.0
2024-07-04T00:00:00,290.6263510817132,291.1087985241156,287.73166642729876,288.5035705566406,1085532.0
2024-07-05T00:00:00,289.8543987031569,291.0122842683122,286.6702575683594,286.6702575683594,779507.0
2024-07-08T00:00:00,286.7667282759958,291.39821124577276,286.4772421864781,290.14385986328125,972468.0
2024-07-09T00:00:00,289.5649294751515,289.9508814980449,284.5474648387811,285.5123596191406,1252425.0
2024-07-10T00:00:00,285.70536649931506,287.5386607963498,283.10013866661853,287.05621337890625,1360227.0
2024-07-11T00:00:00,288.9860066363686,293.3280334472656,286.86322619476186,293.3280334472656,1534110.0
2024-07-12T00:00:00,293.6174509909359,302.68748489967,291.9771476376276,301.2401428222656,1641224.0
2024-07-15T00:00:00,299.59984598329766,303.1699686479124,298.1525037321706,298.82794189453125,1318710.0
2024-07-16T00:00:00,297.95951113589416,302.01208119237623,297.38059779604237,301.6261291503906,1717653.0
2024-07-17T00:00:00,292.26665869526244,305.9681780244417,287.6351749636766,300.75775146484375,2791815.0
2024-07-18T00:00:00,300.5647469229796,307.5120016480156,297.5735669873043,305.38922119140625,2075106.0
2024-07-19T00:00:00,304.9067576036888,306.74005183927056,302.97696799860216,303.8453674316406,1597789.0
2024-07-22T00:00:00,305.5821864129829,308.95931811876335,304.90674829332613,305.87164306640625,1160990.0
2024-07-23T00:00:00,306.8365148886032,307.31896223905693,303.84533542653986,306.6435241699219,976540.0
2024-07-24T00:00:00,305.099754560296,307.0295442047096,302.68751750477895,304.42431640625,1153471.0
2024-07-25T00:00:00,301.24013793218273,301.4330992049543,294.7753316462208,300.8541564941406,2351392.0
2024-07-26T00:00:00,301.0471850983033,308.3803916502049,300.1787856459242,307.4154968261719,1050454.0
2024-07-29T00:00:00,308.7663412576482,309.5382453322911,306.3541042165728,307.2225036621094,768782.0
2024-07-30T00:00:00,307.0295564995135,312.1434874834925,306.5471090690908,311.5645446777344,1163136.0
2024-07-31T00:00:00,311.6610090690303,315.42409276296644,311.46801833754586,314.4591979980469,2849418.0
2024-08-01T00:00:00,314.0732795216741,314.74871770774945,302.78399778801537,302.8804931640625,1375160.0
2024-08-02T00:00:00,300.4682577729028,300.4682577729028,290.3368615993234,291.1087951660156,3194051.0
2024-08-05T00:00:00,281.363319650439,289.082477778318,280.10893878690786,288.0210876464844,2959486.0
2024-08-06T00:00:00,290.4333339682582,291.0122767358507,282.2317281917459,285.99481201171875,2089412.0
2024-08-07T00:00:00,287.056220157241,293.3280367321051,286.67026810342327,290.7228088378906,1419609.0
2024-08-08T00:00:00,288.88950755341045,293.52102042665615,286.9597178844548,292.94207763671875,1453346.0
2024-08-09T00:00:00,291.88067572011494,294.87185547624927,291.88067572011494,294.7753601074219,1045845.0
2024-08-12T00:00:00,295.25781128803237,296.7051535002286,294.0999257397743,295.16131591796875,790036.0
2024-08-13T00:00:00,296.4157105853864,298.2490049166209,294.2929301305334,296.5121765136719,920167.0
2024-08-14T00:00:00,297.9594938975825,301.4331209669944,296.9945991253154,299.98577880859375,1072519.0
2024-08-15T00:00:00,301.24016591627304,302.3015266307368,297.4770526695297,300.5647277832031,845510.0
2024-08-16T00:00:00,301.6261167256859,302.8804681720327,299.59983178091244,300.4682312011719,1305869.0
2024-08-19T00:00:00,300.27525568512465,302.0120544433594,299.98576959458507,302.0120544433594,678330.0
2024-08-20T00:00:00,306.4505634370068,306.4505634370068,300.37170914283746,300.8541564941406,587462.0
2024-08-21T00:00:00,301.3366038454438,302.78394589935317,299.5033097997417,300.8541564941406,682725.0
2024-08-22T00:00:00,300.95068915705485,306.35410605066363,300.95068915705485,304.42431640625,933397.0
2024-08-23T00:00:00,304.9067502173496,310.02068076844364,304.13484617251527,308.9593200683594,1324119.0
2024-08-26T00:00:00,308.5733485620644,311.27507169871404,307.89793986259156,309.9242248535156,413333.0
2024-08-27T00:00:00,309.9242148475282,311.0820709147797,308.47687267877495,308.9593200683594,809157.0
2024-08-28T00:00:00,309.24881020584746,313.49434180460185,309.05581945061795,312.239990234375,897615.0
2024-08-29T00:00:00,311.6610060863343,317.64336535008323,311.6610060863343,317.0644226074219,942726.0
2024-08-30T00:00:00,316.6784651981787,319.95910142235607,316.4854744718298,319.4766540527344,1926006.0
2024-09-02T00:00:00,319.09074497434693,320.9240393362968,316.09956499103157,320.7310485839844,867784.0
2024-09-03T00:00:00,320.73105353458925,326.71341359355995,318.8012637666961,321.2135009765625,1112497.0
2024-09-04T00:00:00,317.3539342092089,321.98544750624995,315.6171351267286,316.48553466796875,1560944.0
2024-09-05T00:00:00,315.038168763516,316.9679584649771,312.5294362623659,314.1697692871094,907513.0
2024-09-06T00:00:00,310.50318214633097,314.1698006124517,307.4155359838817,308.283935546875,1296714.0
2024-09-09T00:00:00,310.40668235510475,313.4943281808096,310.40668235510475,310.985595703125,1410409.0
2024-09-10T00:00:00,310.4066710446631,314.65220230421926,308.09089995194824,309.8277282714844,1251527.0
2024-09-11T00:00:00,310.0206758861947,312.04696077978934,306.93303030923016,308.5733337402344,1030823.0
2024-09-12T00:00:00,312.23996847441765,315.6171003317974,311.3715690289135,313.1083679199219,998368.0
2024-09-13T00:00:00,313.20489781980814,316.48553466796875,313.20489781980814,316.48553466796875,1035732.0
2024-09-16T00:00:00,315.81004674458774,318.2222836718952,315.4240947254689,317.546875,698870.0
2024-09-17T00:00:00,318.4152685296009,323.6256943071987,318.4152685296009,322.8537902832031,1083849.0
2024-09-18T00:00:00,323.2397747716334,323.2397747716334,319.5731861198896,320.0556335449219,1972182.0
2024-09-19T00:00:00,323.1432805144278,327.67829810390964,321.30998618221844,326.13446044921875,1269498.0
2024-09-20T00:00:00,326.13446044921875,329.3186016869373,324.59062279452786,326.13446044921875,1883656.0
2024-09-23T00:00:00,326.03796196413305,329.4150939188145,323.33626817888944,328.8361511230469,874005.0
2024-09-24T00:00:00,331.34487723004236,332.2132766838534,325.8449943917373,328.1607360839844,934275.0
2024-09-25T00:00:00,327.58179891809056,332.985215923516,327.38880817115427,331.7308349609375,1690412.0
2024-09-26T00:00:00,335.39745791095606,337.23075224852124,331.92383053931707,332.1168212890625,1656400.0
2024-09-27T00:00:00,331.2483662024238,333.08168984146363,327.7747685513527,329.6080627441406,1280196.0
2024-09-30T00:00:00,329.0291199868782,331.44135693692857,328.25721594136274,329.6080627441406,1230502.0
2024-10-01T00:00:00,330.66947987488965,333.95011650541625,327.1958524941098,329.318603515625,1133102.0
2024-10-02T00:00:00,329.0291249733607,330.18701050543353,327.0993353840741,330.09051513671875,760797.0
2024-10-03T00:00:00,328.64320037947226,329.8975519387193,325.3625636930721,326.8099060058594,1269047.0
2024-10-04T00:00:00,326.13444046747117,327.19583063043234,323.4327468219812,324.20465087890625,1441769.0
2024-10-07T00:00:00,325.6520213034151,325.74851668045966,321.69594641462635,324.0116882324219,1292872.0
2024-10-08T00:00:00,323.62569552721396,324.01164754066673,321.9853921084769,322.9502868652344,1284514.0
2024-10-09T00:00:00,323.1432440953961,326.0379283293583,321.9853880695617,325.55548095703125,1060090.0
2024-10-10T00:00:00,322.27490234375,323.81874010051615,318.41532267496257,322.27490234375,1149574.0
2024-10-11T00:00:00,321.69590601369896,323.8186862570659,319.76611650018395,322.9502868652344,803122.0
2024-10-14T00:00:00,322.950287786924,326.0379333496094,322.7572970565213,326.0379333496094,937599.0
2024-10-15T00:00:00,327.002859928028,329.99403986281897,324.3976614916003,326.13446044921875,1072227.0
2024-10-16T00:00:00,324.7836172821556,327.5818064999737,323.81872241764904,326.5204162597656,805617.0
2024-10-17T00:00:00,326.8098917639096,329.8975375622139,326.1344536022084,328.4501953125,1026367.0
2024-10-18T00:00:00,327.09934467988853,329.8010384031681,326.0379544863669,328.0642395019531,1263467.0
2024-10-21T00:00:00,328.1607455306097,329.8010491136373,325.07307022122785,326.13446044921875,1011557.0
2024-10-22T00:00:00,324.7836317038612,325.748526611213,320.9240520744541,324.9765930175781,766075.0
2024-10-23T00:00:00,327.6782747223164,331.24836775739897,315.4240991800349,320.92401123046875,2831217.0
2024-10-24T00:00:00,320.92401123046875,325.07304702553154,319.66963034280303,320.92401123046875,1670864.0
2024-10-25T00:00:00,319.2836679181587,324.59058906031873,318.5117638941631,322.8537902832031,1606119.0
2024-10-28T00:00:00,324.10815071952493,330.5729575241608,323.8669270245199,329.6080627441406,1249338.0
2024-10-29T00:00:00,330.9588947875054,331.15188551340356,324.7835743600207,325.2660217285156,1166647.0
2024-10-30T00:00:00,324.78357978944314,325.16953180144094,321.0204961415253,322.8537902832031,1602711.0
2024-10-31T00:00:00,320.63455815694357,323.2397861221013,319.09074989963307,321.2135009765625,1370564.0
2024-11-01T00:00:00,321.50297029485955,324.78360683944925,321.50297029485955,322.5643310546875,595144.0
2024-11-04T00:00:00,324.30113456098957,327.58177085407766,324.20463919578816,326.0379333496094,1359194.0
2024-11-05T00:00:00,326.2309452292811,328.0642395019531,323.81870817411965,328.0642395019531,707808.0
2024-11-06T00:00:00,330.09055323426304,335.1079890777463,321.8889465332031,321.8889465332031,1935391.0
2024-11-07T00:00:00,322.3713738864067,327.9677522138121,321.7924310896483,325.8450012207031,1573183.0
2024-11-08T00:00:00,326.81765008223687,326.9149231767156,320.88434752200385,323.4132995605469,1250432.0
2024-11-11T00:00:00,325.5531700516302,331.3891991794139,325.5531700516302,330.0274353027344,1032673.0
2024-11-12T00:00:00,327.88761714819515,327.9848902493174,315.53467539524326,316.9936828613281,1551558.0
2024-11-13T00:00:00,315.3401259199546,318.7444763183594,313.6865724244403,318.7444763183594,1206611.0
2024-11-14T00:00:00,318.06360268199904,321.9542889533385,317.3827207110824,321.2734069824219,955451.0
2024-11-15T00:00:00,318.84172750082985,321.07888991305504,316.31280517578125,316.31280517578125,1308391.0
2024-11-18T00:00:00,316.21553208245314,318.4526648110978,314.36746204354046,316.31280517578125,1162740.0
2024-11-19T00:00:00,316.70187808543847,318.2581585781681,312.51937240600364,316.02099609375,1729184.0
2024-11-20T00:00:00,319.0363007991686,322.24610536670264,317.2855037048015,318.0636291503906,1467026.0
2024-11-21T00:00:00,317.869055820187,318.93900047925007,314.95104112287714,318.2581481933594,1537452.0
2024-11-22T00:00:00,319.2308203201986,325.5531855088152,318.6472114429948,323.21875,1235775.0
2024-11-25T00:00:00,325.0668412085057,325.3586307976726,320.592546178608,322.6351623535156,2427439.0
2024-11-26T00:00:00,321.3706716726952,321.3706716726952,316.31279746235595,318.7444763183594,1069971.0
2024-11-27T00:00:00,317.869055820187,319.03627357254317,316.1182588752333,318.2581481933594,805523.0
2024-11-28T00:00:00,322.63516489669973,325.4559064540069,321.5652202553543,322.8296813964844,738639.0
2024-11-29T00:00:00,321.3706890047741,327.8876005637635,320.1062278048896,325.7477111816406,2410772.0
2024-12-02T00:00:00,324.8723006814509,331.0973927218644,323.705082937307,328.8602600097656,1427739.0
2024-12-03T00:00:00,328.3739089694479,333.91811878751906,328.2766358813598,333.7236022949219,1015278.0
2024-12-04T00:00:00,334.69629148996023,337.41975999882703,333.72361992485344,336.8361511230469,1074486.0
2024-12-05T00:00:00,336.4470842520153,337.4197558050327,334.2099515535072,335.5716857910156,757653.0
2024-12-06T00:00:00,334.40446461896835,338.29515079107307,333.82088544001647,337.3224792480469,924801.0
2024-12-09T00:00:00,338.48969447264324,339.65691218908415,333.14000102551813,335.1826171875,978060.0
2024-12-10T00:00:00,333.8208830830721,334.7935546192307,330.80559538426445,331.29193115234375,1473047.0
2024-12-11T00:00:00,330.61105330900557,335.7662303248091,330.61105330900557,334.5017395019531,1184856.0
2024-12-12T00:00:00,335.18264950651115,337.5170554809018,333.2373062472553,334.3072509765625,1188531.0
2024-12-13T00:00:00,333.7236423047372,335.7662586651577,331.38923632864913,332.3619079589844,1154819.0
2024-12-16T00:00:00,331.6809963774702,332.65366792109916,330.4165352441845,331.4864501953125,872389.0
2024-12-17T00:00:00,329.8329264510327,332.4591218092382,328.37391913528074,329.5411071777344,824482.0
2024-12-18T00:00:00,329.443853581056,334.8907903112011,329.443853581056,331.77825927734375,1411113.0
2024-12-19T00:00:00,324.87232911490315,325.7477276578375,316.5073470392998,316.9936828613281,1935358.0
2024-12-20T00:00:00,315.72917431675677,317.3826980538866,312.03300481269673,316.8963623046875,2080249.0
2024-12-23T00:00:00,316.2155092207881,318.74446104657966,314.46468271820385,317.77178955078125,768669.0
2024-12-27T00:00:00,318.5499403303971,319.8144015025511,316.1182613965772,318.4526672363281,1035479.0
2024-12-30T00:00:00,317.7718056646174,318.9389937086152,314.85379102925293,317.8690490722656,795914.0
2025-01-02T00:00:00,318.1608530834896,319.0362514953893,316.99363541190434,318.8417053222656,859809.0
2025-01-03T00:00:00,318.6472211026366,319.42534650677646,317.18821370718825,317.9663391113281,595532.0
2025-01-07T00:00:00,323.2187599785956,323.2187599785956,312.13030970371653,316.02099609375,2155378.0
2025-01-08T00:00:00,315.24286063131467,315.8264695079159,310.57401930208556,314.3674621582031,1669775.0
2025-01-09T00:00:00,314.07566053700464,317.09094849932814,312.8111993029248,315.53466796875,883146.0
2025-01-10T00:00:00,315.5346624516504,316.89639676075313,309.50411631602907,311.2549133300781,1566350.0
2025-01-13T00:00:00,310.5739991774181,313.20022411015833,305.61339825669774,308.2395935058594,1568005.0
2025-01-14T00:00:00,309.69861447093604,311.0603486993291,305.22431942029044,306.1969909667969,1719819.0
2025-01-15T00:00:00,306.2942833806202,317.5772799685944,306.2942833806202,316.2155456542969,1785323.0
2025-01-16T00:00:00,317.577256882127,319.71714613730677,316.3127957572533,319.619873046875,1689344.0
2025-01-17T00:00:00,320.98161464383355,326.3313082212308,320.68982504940766,324.9695739746094,2276087.0
2025-01-20T00:00:00,325.4558961467824,327.88757494392877,324.58049771652554,327.0121765136719,900670.0
2025-01-21T00:00:00,327.3039584660037,329.054755285704,324.872279725543,327.4985046386719,1367316.0
2025-01-22T00:00:00,328.5684526974159,333.1400210642854,325.3586483094992,327.69305419921875,2377416.0
2025-01-23T00:00:00,327.595775195313,328.27665717251057,324.5805170540746,327.3039855957031,1243382.0
2025-01-24T00:00:00,329.152032637503,331.6809844970703,327.49850888270885,328.7629699707031,784693.0
2025-01-27T00:00:00,324.19141881620976,326.9149169921875,323.0242307552881,326.9149169921875,1725848.0
2025-01-28T00:00:00,327.3039796791614,330.8056032290869,326.234035027298,326.9149169921875,1494963.0
2025-01-29T00:00:00,328.56842719698227,330.02743447527007,325.0668334759548,327.0121765136719,1325239.0
2025-01-30T00:00:00,327.79032111482996,332.3618893955018,327.79032111482996,331.1946716308594,1617339.0
2025-01-31T00:00:00,330.90286847459623,333.91812648982426,329.9301969384376,331.29193115234375,1107333.0
2025-02-03T00:00:00,321.75973675513893,324.38596181266144,318.3553863313179,322.8296813964844,2157178.0
2025-02-04T00:00:00,322.82969228597335,325.2613712421551,319.4253417473189,324.4832458496094,1911913.0
2025-02-05T00:00:00,325.261354345198,326.7203616431133,312.6166244299322,320.4952697753906,1875373.0
2025-02-06T00:00:00,320.3980209108729,325.066862427362,312.8111942615029,323.9969177246094,1521436.0
2025-02-07T00:00:00,324.4832663939971,325.7477276578375,316.11828431839376,316.9936828613281,1703013.0
2025-02-10T00:00:00,317.5772662238882,318.54993778965814,315.7291961856414,318.2581481933594,1704449.0
2025-02-11T00:00:00,317.48000453485747,322.9269714355469,316.8963956377155,322.9269714355469,1304399.0
2025-02-12T00:00:00,323.1215317549516,324.58053921979894,316.7018929729069,318.93902587890625,2095950.0
2025-02-13T00:00:00,322.0515577601736,323.41329200030094,319.32805959633873,321.95428466796875,2441902.0
2025-02-14T00:00:00,321.6624798299745,322.8296678303741,319.2308010580018,320.9815979003906,1626490.0
2025-02-17T00:00:00,320.3979982907852,323.51055908203125,320.20348179356955,323.51055908203125,1036940.0
2025-02-18T00:00:00,323.12150059019933,325.55317946374515,321.1761574913627,324.7750244140625,1251668.0
2025-02-19T00:00:00,324.09416993996194,325.06684148277867,313.8811187403864,314.8537902832031,2418281.0
2025-02-20T00:00:00,316.8963808004198,320.0089416503906,316.70186429953424,320.0089416503906,1868812.0
2025-02-21T00:00:00,319.8143759710844,325.55316154362424,318.7444610724819,319.7171325683594,2428911.0
2025-02-24T00:00:00,319.717173299994,320.1062360111955,315.14560481352544,319.42535400390625,1582738.0
2025-02-25T00:00:00,317.4799803968769,322.1488215354597,317.09091772288986,321.37066650390625,1298764.0
2025-02-26T00:00:00,322.440599299387,328.957510163183,322.1488097254885,326.4285583496094,1481330.0
2025-02-27T00:00:00,324.09418330141483,325.5531906757905,320.1062238747385,322.53790283203125,1276297.0
2025-02-28T00:00:00,320.0089306317723,323.7050705407137,319.03625911009516,320.30072021484375,2884259.0
2025-03-03T00:00:00,320.30072359557016,324.483228993075,318.45265362159336,320.4952697753906,1560645.0
2025-03-04T00:00:00,317.18819618808266,317.4799857776235,309.6986134316838,310.9631042480469,2275874.0
2025-03-05T00:00:00,317.090936177616,322.44062988613405,315.53465570751274,320.5925598144531,1956569.0
2025-03-06T00:00:00,321.37066977225004,325.4559020996094,315.8264598234961,325.4559020996094,2574185.0
2025-03-07T00:00:00,322.8296828582435,329.8329299209606,319.8143951039186,327.7903137207031,2278465.0
2025-03-10T00:00:00,330.3192771399196,330.3192771399196,321.56523285008205,323.60784912109375,1747253.0
2025-03-11T00:00:00,326.9149079672716,327.79030640969137,314.4646945427499,314.65924072265625,1950643.0
2025-03-12T00:00:00,317.188209723593,319.81440519226857,313.10297719421186,314.75653076171875,2258044.0
2025-03-13T00:00:00,313.297537135838,319.0362938010303,312.03304621001377,312.71392822265625,1858744.0
2025-03-14T00:00:00,311.8385182515752,312.13030785566747,307.16967680102925,308.04510498046875,1931428.0
2025-03-17T00:00:00,303.7653251166216,305.3216055944332,299.97191185941784,301.1391296386719,2652227.0
2025-03-18T00:00:00,301.1391050578095,303.4735107421875,297.4429355142638,301.5281677246094,2362790.0
2025-03-19T00:00:00,300.55551538977346,306.7806075064378,300.55551538977346,305.7106628417969,2492821.0
2025-03-20T00:00:00,305.3216159507717,305.71067866252605,296.1785086484235,300.8473205566406,2239316.0
2025-03-21T00:00:00,298.3183772206266,299.8746279587821,295.4003625612149,297.54022216796875,3006095.0
2025-03-24T00:00:00,298.90196410481644,299.6801191775182,295.69215977021685,297.05389404296875,1190164.0
2025-03-25T00:00:00,296.6648528796682,296.95664250087077,291.41243191294154,294.52496337890625,2171535.0
2025-03-26T00:00:00,294.8167497132406,295.4976019810986,289.369783152478,290.4397277832031,1846814.0
2025-03-27T00:00:00,288.5916679293661,290.6342544882564,286.54905168689515,290.1479187011719,1828128.0
2025-03-28T00:00:00,290.14789328739056,292.77411818105054,288.8834322251562,291.4123840332031,2481062.0
2025-03-31T00:00:00,289.46706041441007,292.6768646692589,288.6889053610424,291.7041931152344,2735162.0
2025-04-01T00:00:00,291.8987453448245,293.55226921076326,288.5916679293661,290.1479187011719,1910589.0
2025-04-02T00:00:00,287.7162389826925,289.27251943384346,285.1873166436006,289.0780029296875,1668177.0
2025-04-03T00:00:00,281.97748794896546,282.85288644307747,273.12617054498565,274.77972412109375,3537548.0
2025-04-04T00:00:00,272.05625782827565,274.39066372671,265.1502835459055,268.06829833984375,3561661.0
2025-04-07T00:00:00,247.05856488540303,269.4300097372309,245.59955761245774,252.9918670654297,4477076.0
2025-04-08T00:00:00,256.68802191862665,263.9830587087558,255.81262344052732,260.77325439453125,2812620.0
2025-04-09T00:00:00,252.01920895385626,256.2989579120665,249.1984673461891,254.83995056152344,2776390.0
2025-04-10T00:00:00,277.0168534087956,278.76768005850874,263.1076617234644,263.7885437011719,2547397.0
2025-04-11T00:00:00,266.51201210694376,267.38741058955696,258.9251856795215,265.73388671875,2751850.0
2025-04-14T00:00:00,271.7644136189483,271.7644136189483,267.58193800458685,270.4026794433594,1373912.0
2025-04-15T00:00:00,270.11088655156124,276.2387051083503,270.0136134651595,276.0441589355469,1271227.0
2025-04-16T00:00:00,273.32069820923755,274.2933697331138,271.2780820723815,273.61248779296875,2131846.0
2025-04-17T00:00:00,271.47266608425923,273.4180094031238,267.97104217358645,268.16558837890625,911545.0
2025-04-22T00:00:00,268.45736104231923,269.23548644727015,264.3721284573731,268.06829833984375,2207835.0
2025-04-23T00:00:00,272.73708932833034,281.97746880414326,271.56990130995416,275.5578308105469,3714705.0
2025-04-24T00:00:00,274.6240960837307,278.7523157726829,270.2010164152514,277.7694091796875,2142117.0
2025-04-25T00:00:00,280.42323479833533,285.4360643469889,278.7523116127363,285.04290771484375,1887127.0
2025-04-28T00:00:00,285.33776682346274,287.9916265752579,284.55145356156027,284.748046875,1761948.0
2025-04-29T00:00:00,285.3377614129625,286.418964624523,282.0941817742085,283.273681640625,2067819.0
2025-04-30T00:00:00,284.94461685284926,286.6155700683594,281.99589705789896,286.6155700683594,1452653.0
2025-05-02T00:00:00,292.6113033598071,294.2822265625,288.18822371208637,294.2822265625,3526190.0
2025-05-05T00:00:00,293.98736967869326,295.75658955803186,293.2993230612122,295.1668395996094,1481662.0
2025-05-06T00:00:00,294.9702609797367,295.5600109075737,290.1540248949345,290.9403381347656,2304924.0
2025-05-07T00:00:00,290.35059444289914,293.29931414948766,289.56428118618004,292.7095642089844,2438874.0
2025-05-08T00:00:00,293.5942183198588,299.78651800486625,293.00446835082727,296.6412048339844,2796715.0
2025-05-09T00:00:00,296.8377910240042,298.1155575962659,293.5942112661532,294.6753845214844,1975300.0
2025-05-12T00:00:00,296.93606159128495,305.3890635457567,296.93606159128495,304.11126708984375,2098737.0
2025-05-13T00:00:00,304.11130602556176,307.5514792385114,302.73524273956787,306.37200927734375,2280501.0
2025-05-14T00:00:00,305.585623644235,306.3719668386857,302.63690415587774,303.2266540527344,1642182.0
2025-05-15T00:00:00,302.0471943586982,305.88055419921875,299.5899277921747,305.88055419921875,1264887.0
2025-05-16T00:00:00,306.56854655305904,309.91042281959216,305.68393665837783,307.6497497558594,2357635.0
2025-05-19T00:00:00,306.07708874683846,307.5514485481199,303.5215257587653,306.4702453613281,1240886.0
2025-05-20T00:00:00,306.8634342478544,308.43606071747774,304.99588782230416,307.05999755859375,1164876.0
2025-05-21T00:00:00,301.0642477629021,303.2266540527344,298.0172616216736,303.2266540527344,2284906.0
2025-05-22T00:00:00,301.4574430336883,302.1454596032165,296.54291041165834,297.3292236328125,1738096.0
2025-05-23T00:00:00,298.2138215638579,300.3762278293299,290.94031957370044,294.08563232421875,1308184.0
2025-05-26T00:00:00,299.78648994382746,300.17964655440454,297.23092698118654,297.3292236328125,504188.0
2025-05-27T00:00:00,299.8847988073725,303.03008181599796,299.3933455251565,300.6711120605469,2484975.0
2025-05-28T00:00:00,299.9830909935111,301.45745081819234,299.09845110196045,299.3933410644531,819685.0
2025-05-30T00:00:00,296.7394786664593,301.5557147171634,295.06855554466614,298.7052917480469,4048976.0
2025-06-02T00:00:00,296.4446000357215,297.5258031616977,292.5129741201176,293.59417724609375,1776478.0
2025-06-03T00:00:00,294.87197605252004,294.87197605252004,289.56428648276034,294.1839294433594,1963807.0
2025-06-04T00:00:00,295.4617170993242,300.2779532305135,294.1839205773824,299.98309326171875,1702345.0
2025-06-05T00:00:00,300.6711014880585,306.07708740234375,300.6711014880585,306.07708740234375,2101245.0
2025-06-09T00:00:00,303.8164007442487,307.9445899868399,302.04715107234495,302.342041015625,1721839.0
2025-06-10T00:00:00,302.6369114148426,305.88052092739133,301.45744158876477,305.1924743652344,1213334.0
2025-06-11T00:00:00,305.09417223453244,307.8463284378046,303.7181091308594,303.7181091308594,1658714.0
2025-06-12T00:00:00,301.7523125992184,302.93181246442674,299.0984529004633,299.8847961425781,1093905.0
2025-06-13T00:00:00,294.4788002480346,298.90187960090446,294.38050359656324,297.2309265136719,1113644.0
2025-06-16T00:00:00,297.2309654052334,300.96602867837635,296.54294874676293,299.4916687011719,871641.0
2025-06-17T00:00:00,296.54289853683446,297.624071673645,294.08563232421875,294.08563232421875,1412955.0
2025-06-18T00:00:00,294.08565740213476,295.2651272872134,291.0386410394743,292.7095642089844,1501583.0
2025-06-19T00:00:00,289.1711120605469,291.72664503240395,288.87622210507567,289.1711120605469,2634466.0
2025-06-23T00:00:00,288.67967946041455,289.85914937894324,283.96170979851337,286.51727294921875,1781378.0
2025-06-24T00:00:00,293.20100482197995,294.9702545670272,288.58136214553116,289.1711120605469,1846556.0
2025-06-25T00:00:00,290.94035756516604,291.6284041929149,286.41898114435935,287.8933410644531,1468750.0
2025-06-26T00:00:00,288.0899277105864,288.2864910311536,285.4360679175346,286.02581787109375,1935596.0
2025-06-27T00:00:00,288.9745352297318,293.8890681418021,288.4830819385248,293.790771484375,1210668.0
2025-06-30T00:00:00,295.56000817953856,295.8548681427718,289.17111567811656,290.1540222167969,2307795.0
2025-07-01T00:00:00,290.15405442214063,290.7437744140625,286.7138811549211,290.7437744140625,3296496.0
2025-07-02T00:00:00,292.21808234576713,294.18389529123726,291.03861257604007,293.10272216796875,1470879.0
2025-07-03T00:00:00,294.871971591207,295.6582848504123,292.21811184851487,292.9061584472656,876862.0
2025-07-04T00:00:00,291.23519856621454,291.4317918744502,288.48307222647935,291.03863525390625,1070892.0
2025-07-07T00:00:00,291.5300929968602,294.38051603440175,289.7608431834039,292.31640625,760878.0
2025-07-08T00:00:00,293.2009943179637,294.57708740234375,290.0557115437716,294.57708740234375,1201694.0
2025-07-09T00:00:00,294.87198139239297,298.31215450863755,293.9873714474016,295.6582946777344,1461525.0
2025-07-10T00:00:00,296.73949069921383,302.2437735500426,296.5429273806408,301.94891357421875,1179691.0
2025-07-11T00:00:00,300.67113331572705,301.85063327479827,297.52585008475376,298.1155700683594,914152.0
2025-07-14T00:00:00,295.2651416332591,297.32925152734555,294.6753916641016,296.5429382324219,725073.0
2025-07-15T00:00:00,296.9360670222354,300.27794320603044,296.9360670222354,297.3292236328125,870312.0
2025-07-16T00:00:00,296.0514853181335,299.4916584808797,295.56003200916973,296.739501953125,1243035.0
2025-07-17T00:00:00,317.97029272334333,319.44465265869115,311.77799299325443,314.136962890625,2401724.0
2025-07-18T00:00:00,316.8890907567955,318.95320067405703,312.6626042562508,314.5301208496094,2067470.0
2025-07-21T00:00:00,314.62838287836337,315.9061493552909,312.1711165797131,313.4488830566406,961601.0
2025-07-22T00:00:00,313.54719769962867,313.74379101317214,309.3207114217981,310.00872802734375,1019015.0
2025-07-23T00:00:00,314.2352362385132,317.8719724783309,313.54718965469306,316.1027526855469,1376691.0
2025-07-24T00:00:00,318.5600280761719,320.0343879438531,315.70960499784053,318.5600280761719,1458689.0
2025-07-25T00:00:00,316.9873741854347,319.3463439941406,316.20106091450896,319.3463439941406,1670587.0
2025-07-28T00:00:00,325.2437780352515,325.2437780352515,315.90616561963606,317.8719787597656,1135464.0
2025-07-29T00:00:00,318.1668523285797,321.6070251464844,318.1668523285797,321.6070251464844,826959.0
2025-07-30T00:00:00,319.34631666061387,323.1796460211492,317.87195690687514,320.2309265136719,1370543.0
2025-07-31T00:00:00,320.4275431803012,322.5899496418524,318.06857340147235,318.26513671875,971247.0
2025-08-01T00:00:00,315.90617971353214,316.987382988026,312.3677099042474,313.2523498535156,1292987.0
2025-08-04T00:00:00,316.20104799980066,316.9873612386108,314.72668818008617,315.7095947265625,913196.0
2025-08-05T00:00:00,317.77367629128435,318.16686290886105,314.9232532894182,316.2010498046875,898827.0
2025-08-06T00:00:00,318.265159367084,320.5258626461139,315.31643943472955,316.0044860839844,1117349.0
2025-08-07T00:00:00,316.5942263295792,322.8848226592183,316.4959296690054,321.8036193847656,887499.0
2025-08-08T00:00:00,322.00021623965495,323.67113950402876,321.41046626566964,322.7865295410156,575236.0
2025-08-11T00:00:00,322.9831148896646,323.9660214900616,320.3292550702209,320.5258483886719,599950.0
2025-08-12T00:00:00,322.0002197519412,324.1625963522344,320.72242312838017,323.7694396972656,699217.0
2025-08-13T00:00:00,325.34206658257665,325.7352232016179,322.2950502921344,323.96600341796875,737978.0
2025-08-14T00:00:00,324.555762779454,329.0771090237563,324.555762779454,326.5215759277344,1073699.0
2025-08-15T00:00:00,328.38909282491034,329.96174934466217,326.7181396484375,326.7181396484375,795001.0
2025-08-18T00:00:00,327.11129541196004,328.1924986411678,324.55576231955934,326.42327880859375,703114.0
2025-08-19T00:00:00,327.7010408688558,333.79507353483893,326.32497768503214,333.5984802246094,926646.0
2025-08-20T00:00:00,331.9275764142392,333.00874969572317,329.76516985941225,330.5514831542969,1049625.0
2025-08-21T00:00:00,331.3378220246493,332.2224319685751,327.8976489125487,329.2737121582031,996816.0
2025-08-22T00:00:00,327.9959396109247,336.1540522729794,327.9959396109247,336.0557556152344,1182845.0
2025-08-25T00:00:00,335.1711580424604,335.1711580424604,330.35492159470186,331.0429382324219,714692.0
2025-08-26T00:00:00,329.6668410033014,332.124107304751,328.7822311339648,329.96173095703125,3875736.0
2025-08-27T00:00:00,330.15829244196016,330.7480423502395,328.1924794116467,329.47027587890625,887322.0
2025-08-28T00:00:00,330.84634170998334,331.3377949715858,327.5044655302717,330.256591796875,715502.0
2025-08-29T00:00:00,329.3720057152928,331.5343822249735,327.8976458239942,328.38909912109375,1293041.0
2025-09-01T00:00:00,328.38910221427733,330.354915421192,327.99594557208025,329.2737121582031,487384.0
2025-09-02T00:00:00,329.3720123100049,330.0600289421625,321.01730609203423,321.8036193847656,1334498.0
2025-09-03T00:00:00,323.9660038268668,326.0301135743476,322.09848738711844,324.1625671386719,927032.0
2025-09-04T00:00:00,324.8506350346535,330.35491805711945,323.76943176303763,330.0600280761719,1138621.0
2025-09-05T00:00:00,331.2394901914222,336.2523193359375,330.55144364369283,336.2523193359375,2472377.0
2025-09-08T00:00:00,337.13693647687734,338.41470295494975,335.859169998805,338.2181396484375,843611.0
2025-09-09T00:00:00,338.61131243799014,339.7908123171323,331.43610649500476,334.2865295410156,1030898.0
2025-09-10T00:00:00,336.0557475571771,337.3335440853663,333.7950744628906,333.7950744628906,1034726.0
2025-09-11T00:00:00,334.67968703703093,335.9574535794766,329.6668575315638,334.5813903808594,1078486.0
2025-09-12T00:00:00,335.0728405294871,335.859183775571,332.4190108132643,333.69677734375,1516756.0
2025-09-15T00:00:00,335.7608897983238,336.64549971078696,333.20532672104173,334.48309326171875,758573.0
2025-09-16T00:00:00,334.3848353448938,334.58139866617637,327.79934916538855,328.38909912109375,1741291.0
2025-09-17T00:00:00,328.880551956831,331.14122512194604,328.0942086850176,328.2908020019531,1155044.0
2025-09-18T00:00:00,329.66685163256534,330.84635149366176,324.6540222167969,324.6540222167969,1401816.0
2025-09-19T00:00:00,325.8335184498367,327.7993315324903,322.9830954791744,323.6711120605469,2106451.0
2025-09-22T00:00:00,323.7694295013286,324.45747612280394,319.54294310063466,320.91900634765625,941826.0
2025-09-23T00:00:00,322.0002166958897,324.26088993745196,321.1156067316232,322.88482666015625,1129459.0
2025-09-24T00:00:00,317.577111165682,320.52583080511096,315.11984479949126,315.7095947265625,1309500.0
2025-09-25T00:00:00,315.21816261976267,315.4147259447005,311.1882395094209,313.154052734375,1213672.0
2025-09-26T00:00:00,314.9232550243076,316.98736479424633,313.54719184299097,316.790771484375,1134736.0
2025-09-29T00:00:00,318.0685752481991,321.0172949878377,316.7907786967987,318.6583251953125,1162279.0
2025-09-30T00:00:00,318.26514697288513,321.1156001265668,316.39763042097337,321.0173034667969,1427378.0
2025-10-01T00:00:00,320.2309471870608,320.2309471870608,315.31641435732735,317.47882080078125,1315968.0
2025-10-02T00:00:00,319.34632933299355,323.5728454589844,317.97026617408403,323.5728454589844,1060965.0
2025-10-03T00:00:00,324.0643081139588,326.42327788267556,321.80360500549557,326.2266845703125,931939.0
2025-10-06T00:00:00,325.63693422537074,328.683950587652,324.06430771212825,326.0301208496094,1399298.0
2025-10-07T00:00:00,326.03014779421954,327.602774437431,322.88483451593567,325.1455078125,1100737.0
2025-10-08T00:00:00,324.4574678407492,328.3890941581265,324.1625778693889,327.1112976074219,1105829.0
2025-10-09T00:00:00,327.6027513596697,329.47029785980357,326.61984477893753,327.2095947265625,619749.0
2025-10-10T00:00:00,328.09419743632884,331.0429171136928,324.35916451003885,325.2437744140625,1209209.0
2025-10-13T00:00:00,326.7181342527445,327.30788418740286,323.1796646407222,325.2437744140625,937210.0
2025-10-14T00:00:00,323.2779929171773,325.83355622005007,321.11561627315467,325.636962890625,1512069.0
2025-10-15T00:00:00,328.3890812578278,332.5172707313469,327.3078780638369,331.8292541503906,1981346.0
2025-10-16T00:00:00,331.82927410887555,337.9232770303943,328.48739766856806,337.43182373046875,1421193.0
2025-10-17T00:00:00,333.9916417660814,336.7437981701729,329.76515549727446,334.97454833984375,1916342.0
2025-10-20T00:00:00,337.530120451355,340.4788402514471,335.7609005696713,337.33355712890625,1862645.0
2025-10-21T00:00:00,345.58997373894886,356.30364990234375,343.9190204858626,356.30364990234375,2970347.0
2025-10-22T00:00:00,354.43609343022496,356.0087498450776,351.094217296117,353.748046875,1719175.0
2025-10-23T00:00:00,356.8933665531646,356.8933665531646,351.5856772976226,355.6155700683594,1698493.0
2025-10-24T00:00:00,357.87627313674125,358.17113309701176,353.84635036945923,355.5173034667969,1146765.0
2025-10-27T00:00:00,356.598479813854,358.2694329260087,355.7138699292715,356.40191650390625,1039134.0
2025-10-28T00:00:00,355.1241204719778,358.46602670065744,350.8976343534859,356.5002136230469,1051378.0
2025-10-29T00:00:00,356.59850588088455,356.59850588088455,353.94467603314445,355.2224426269531,818985.0
2025-10-30T00:00:00,353.74808094437253,356.10705079588007,353.64978428474114,354.7309875488281,705978.0
2025-10-31T00:00:00,353.453213441629,354.23952671009283,351.5856969320809,352.568603515625,785908.0
2025-11-03T00:00:00,351.19251207882445,354.3378251604509,349.91474551212355,353.06005859375,1570068.0
2025-11-04T00:00:00,348.6369691535747,350.701048934746,346.08140609602003,350.40618896484375,1317274.0
2025-11-05T00:00:00,348.04721921784244,353.2566119923007,346.86771934637784,350.40618896484375,1688891.0
2025-11-06T00:00:00,347.45746703582734,351.68395322205055,346.76942044926653,349.8164367675781,1058844.0
2025-11-07T00:00:00,350.9959344114106,351.4873876855806,346.47455828986097,349.12841796875,1213934.0
2025-11-10T00:00:00,352.4487291235444,353.83631647204686,349.77264404296875,349.77264404296875,1233869.0
2025-11-11T00:00:00,351.55671567433984,356.61149606708767,349.37619963450413,355.3230285644531,1200852.0
2025-11-12T00:00:00,356.8097438969481,360.1796076509919,355.3230366307108,358.5937805175781,1378327.0
2025-11-13T00:00:00,358.29645015079876,359.68403754593885,352.54786083644564,353.34075927734375,1479198.0
2025-11-14T00:00:00,350.6646648824159,352.5478515625,347.29480122653973,352.5478515625,1084726.0
2025-11-17T00:00:00,352.1513850307396,353.4398828195185,348.48419189453125,348.48419189453125,1242619.0
2025-11-18T00:00:00,345.21341081554203,346.6010284444316,338.77101274220416,340.15863037109375,1456911.0
2025-11-19T00:00:00,339.26657701039903,344.916076570319,337.68078016640516,342.339111328125,1471178.0
2025-11-20T00:00:00,346.2045618167175,347.0966103961166,343.8258361816406,343.8258361816406,1204611.0
2025-11-21T00:00:00,339.26658045702914,345.2134094238281,338.4736820269771,345.2134094238281,1205944.0
2025-11-24T00:00:00,348.1868098768522,350.46644570388105,344.5196169767127,349.1779479980469,3240011.0
2025-11-25T00:00:00,349.376216035537,353.6380982032148,347.5921793716573,351.5567321777344,1241722.0
2025-11-26T00:00:00,353.7372109528756,354.62922926686116,351.55672510170393,353.53900146484375,1125290.0
2025-11-27T00:00:00,355.12479006239596,356.01683860268133,353.83632255530677,355.4221496582031,1147349.0
2025-11-28T00:00:00,354.827460713725,356.4132878166214,354.33189163451584,355.4221496582031,1894654.0
2025-12-01T00:00:00,352.54786083644564,353.93544823158567,349.8717756659252,353.34075927734375,1248048.0
2025-12-02T00:00:00,353.5389943035238,354.2327728682873,349.871771007144,350.3673400878906,1101073.0
2025-12-03T00:00:00,349.97087803549385,352.9442924109065,349.0788597722971,351.8540344238281,1263974.0
2025-12-04T00:00:00,353.2416416042694,357.5035539301915,351.7549343329996,356.1159362792969,1368871.0
2025-12-05T00:00:00,357.5035422275854,359.5849081415217,355.81859527644707,357.7017517089844,1352978.0
2025-12-08T00:00:00,357.80086926946404,358.09819861321597,352.9442984229899,354.92657470703125,1108298.0
2025-12-09T00:00:00,355.12478645358743,355.12478645358743,349.97088623046875,349.97088623046875,1532677.0
2025-12-10T00:00:00,347.7903830661782,350.66467775324344,346.6010353924635,348.48419189453125,1194993.0
2025-12-11T00:00:00,348.2859358491959,355.32302268257354,347.1956778473257,354.82745361328125,1041127.0
2025-12-12T00:00:00,356.5123958689987,358.4946721201532,354.3318798938746,354.4309997558594,947520.0
2025-12-15T00:00:00,354.8274653442723,357.2061909060915,354.7283454777097,355.818603515625,1195873.0
2025-12-16T00:00:00,354.2327680930612,355.9177150437405,352.4487315252774,355.1247863769531,1909517.0
2025-12-17T00:00:00,354.6292220195027,355.22391096571874,346.7001167289861,347.7903747558594,1216740.0
2025-12-18T00:00:00,347.6912421993964,351.8540344238281,345.90720567300286,351.8540344238281,1478734.0
2025-12-19T00:00:00,352.6469421386719,354.7283383058585,351.65580398735784,352.6469421386719,1924559.0
2025-12-22T00:00:00,353.7372026191423,353.8363224843915,350.46645879587214,352.8451843261719,759402.0
2025-12-23T00:00:00,352.7460573503702,354.232764557731,351.95315893863204,352.25048828125,736941.0
2025-12-29T00:00:00,353.14250327127195,355.1247795293136,352.1513651422511,354.5301208496094,989259.0
2025-12-30T00:00:00,353.6380862197875,357.10706980755447,352.4487385665493,355.719482421875,1117775.0
