timestamp,open,high,low,close,volume
2018-01-02T00:00:00,55.721919954129966,55.92654329461415,55.31266064637807,55.59599304199219,8485440.0
2018-01-03T00:00:00,55.64322375380502,56.445996864621705,55.64322375380502,56.22562789916992,6354709.0
2018-01-04T00:00:00,56.50895818602506,57.45339758101881,56.50895818602506,57.37469482421875,16161301.0
2018-01-05T00:00:00,57.45340605472453,58.08303451538086,57.45340605472453,58.08303451538086,5631294.0
2018-01-08T00:00:00,58.94875914281315,59.13764953613281,58.36635498848495,59.13764953613281,12470912.0
2018-01-09T00:00:00,59.01171723286703,59.483933703071,58.91727520150464,59.232086181640625,12327808.0
2018-01-10T00:00:00,59.15339498741167,59.32653979761782,58.83858394580295,59.121910095214844,8321065.0
2018-01-11T00:00:00,59.184869670269265,59.56265047140358,58.96450069297068,59.3580207824707,8841175.0
2018-01-12T00:00:00,59.49969305536277,59.625613688486844,59.07469434591111,59.45246887207031,7023044.0
2018-01-15T00:00:00,59.02746831189464,59.8459808118085,58.980250443476116,59.641357421875,7958884.0
2018-01-16T00:00:00,59.8931994935827,60.03486571261553,59.3580195068991,59.48394012451172,7283284.0
2018-01-17T00:00:00,59.32652675607934,59.893191557121746,59.18486055581874,59.5783805847168,7722418.0
2018-01-18T00:00:00,59.735801345038084,59.87746758152197,59.26357845229397,59.45246887207031,8719414.0
2018-01-19T00:00:00,59.54690198765131,60.14505173713453,59.531162700047354,59.94042205810547,8462298.0
2018-01-22T00:00:00,60.034866100988005,60.08209027876868,59.60986744114017,59.76727294921875,7220850.0
2018-01-23T00:00:00,59.97190228778862,60.39690094517535,59.46820087681836,59.609867095947266,8616748.0
2018-01-24T00:00:00,59.562653933914454,59.64135669371105,58.98024972338365,59.07469177246094,7763135.0
2018-01-25T00:00:00,58.55524215616671,59.625602052503965,58.13024352965387,58.33487319946289,13086450.0
2018-01-26T00:00:00,58.82283218492843,59.02746186590901,55.91081141472332,57.78395080566406,21671703.0
2018-01-29T00:00:00,57.78395666435298,58.319136696000875,57.51636349183241,57.736732482910156,10445493.0
2018-01-30T00:00:00,57.40617648472475,58.08302268047632,57.31173444455753,57.79969024658203,13075284.0
2018-01-31T00:00:00,57.76822170446325,58.523770783813795,57.6895189384223,58.16173553466797,11738061.0
2018-02-01T00:00:00,58.49229588888691,58.8071069728898,57.941370178487745,58.145999908447266,8314914.0
2018-02-02T00:00:00,58.2404315876393,58.2404315876393,56.20988656836706,56.272850036621094,10803168.0
2018-02-05T00:00:00,55.9265558215664,55.9265558215664,54.793232298649315,54.95063781738281,16003881.0
2018-02-06T00:00:00,52.73120338157139,54.4626734887461,52.10157501832926,53.50249481201172,20687960.0
2018-02-07T00:00:00,54.24230108662955,55.533036308820336,53.50249143669344,55.139522552490234,14849239.0
2018-02-08T00:00:00,54.87192563048101,55.15525804087929,53.80155944824219,53.80155944824219,12335667.0
2018-02-09T00:00:00,53.56546201511854,54.06916347815981,52.74694634850231,52.80990982055664,12012132.0
2018-02-12T00:00:00,53.659902101174744,54.19508843733832,53.34509106582662,53.549720764160156,10232473.0
2018-02-13T00:00:00,53.47101372265001,53.73860055590673,52.998790894056604,53.014530181884766,7210109.0
2018-02-14T00:00:00,53.32935226059411,53.92749575853974,52.243243446020514,53.72286605834961,10640732.0
2018-02-15T00:00:00,54.11637125640061,54.8404415799223,53.81729955495368,54.36822509765625,12092924.0
2018-02-16T00:00:00,54.80896601158417,54.90340805053711,54.52563358133282,54.90340805053711,7598123.0
2018-02-19T00:00:00,55.01359832887786,55.10804037236015,54.2737886425821,54.41545486450195,5147537.0
2018-02-20T00:00:00,54.36823077667502,55.658966064453125,54.36823077667502,55.658966064453125,5758806.0
2018-02-21T00:00:00,55.674702195776604,55.92654973566564,54.82470491104021,55.84784698486328,10100687.0
2018-02-22T00:00:00,55.548776730292914,55.97377538384029,55.029336035977,55.86359405517578,6140091.0
2018-02-23T00:00:00,56.02100153366025,56.1941463333985,55.35989459821481,55.564517974853516,4975671.0
2018-02-26T00:00:00,55.78488736801062,56.241370930210614,55.70618461178157,55.973777770996094,5049991.0
2018-02-27T00:00:00,56.288594538442574,56.38304290626734,55.56452405655173,55.91082000732422,5369305.0
2018-02-28T00:00:00,55.92655151297603,56.32007159288611,55.75340671838693,55.89507293701172,6763010.0
2018-03-01T00:00:00,55.72192777745253,56.036738788604474,54.383968353271484,54.383968353271484,10437749.0
2018-03-02T00:00:00,53.83304918302766,54.069157441827016,52.57379250931243,52.731201171875,12406859.0
2018-03-05T00:00:00,52.495090817394704,54.05341924643079,52.46360908424589,54.006195068359375,11126130.0
2018-03-06T00:00:00,54.399713530228055,54.76174875760221,54.305271479337115,54.462677001953125,9322992.0
2018-03-07T00:00:00,54.16360807808724,54.16360807808724,53.187689998809006,53.99046325683594,11226525.0
2018-03-08T00:00:00,54.30526519558963,55.422849327560556,54.13212040342554,55.328407287597656,8868186.0
2018-03-09T00:00:00,55.47007084913863,56.28858322088807,55.1709991424108,56.05247497558594,11137790.0
2018-03-12T00:00:00,56.634881448443586,56.82377184054649,56.162664938275164,56.398773193359375,9217860.0
2018-03-13T00:00:00,56.524697369108225,57.028398743463676,55.706178689910445,55.769142150878906,10018875.0
2018-03-14T00:00:00,55.80062608243199,57.012652166793245,55.73766262254182,56.28858184814453,9726016.0
2018-03-15T00:00:00,56.49322016124322,57.26451477121128,56.398778113648824,57.248775482177734,9824298.0
2018-03-16T00:00:00,57.29599679048003,57.37469955376777,56.682113974156934,56.83951950073242,10544669.0
2018-03-19T00:00:00,56.76080953674265,56.776548824724806,55.75340671838693,55.89507293701172,7584755.0
2018-03-20T00:00:00,56.22561914606604,56.61913283975682,55.78487497038422,56.6033935546875,8105885.0
2018-03-21T00:00:00,56.74507311469117,56.74507311469117,56.194147500349445,56.540443420410156,6325437.0
2018-03-22T00:00:00,56.288589331537494,56.33581351108147,54.95063614951919,55.281192779541016,8838373.0
2018-03-23T00:00:00,54.90340805053711,55.391370159680264,54.258040438674875,54.90340805053711,9081227.0
2018-03-26T00:00:00,54.99785740108895,55.28118983648275,54.242302135574576,54.383968353271484,9789033.0
2018-03-27T00:00:00,55.34414311838017,55.737663168198125,54.98210795551159,55.485809326171875,10314279.0
2018-03-28T00:00:00,54.82470549561583,55.10803792688236,54.1006351297997,55.045074462890625,11955365.0
2018-03-29T00:00:00,55.28118994015167,56.949699666492684,55.24970505094184,56.85525131225586,7512742.0
2018-04-03T00:00:00,56.44600127888426,56.44600127888426,55.0450783122338,55.17100524902344,12022420.0
2018-04-04T00:00:00,55.26545501615237,55.344157784293344,53.43953943117278,53.6756477355957,12843413.0
2018-04-05T00:00:00,54.635813381083004,55.15525399087372,54.1793299126316,54.99784851074219,8956869.0
2018-04-06T00:00:00,54.62008381930098,55.07656742178004,54.30527276660658,54.33675765991211,8198636.0
2018-04-09T00:00:00,54.71452169146588,55.58025823371892,54.17933542846305,54.68303680419922,9482589.0
2018-04-10T00:00:00,55.29694413316662,55.86360915775956,54.934908846720504,55.72194290161133,9048727.0
2018-04-11T00:00:00,55.80062479907064,55.80062479907064,54.69878005981445,54.69878005981445,8417760.0
2018-04-12T00:00:00,54.80896433257673,55.249702252045665,54.66729812179083,55.108036041259766,6788991.0
2018-04-13T00:00:00,55.517297237903,56.35154892993552,55.23396480688261,56.14691925048828,9647789.0
2018-04-16T00:00:00,56.16267169780398,56.335816509692954,55.832115050187475,55.94230270385742,6576219.0
2018-04-17T00:00:00,56.06821658552743,56.74506908885176,56.05247729786699,56.398773193359375,11676137.0
2018-04-18T00:00:00,56.6978594570886,57.67378392988377,56.49322972483192,57.32748794555664,6493498.0
2018-04-19T00:00:00,57.76822599346601,57.878407348746265,57.17008240178817,57.32748794555664,10625455.0
2018-04-20T00:00:00,57.43766141992115,57.469146312391366,56.619148916595215,56.9339599609375,13018013.0
2018-04-23T00:00:00,57.028404160766975,57.028404160766975,56.47747856000299,56.77655029296875,8240441.0
2018-04-24T00:00:00,57.1385920158424,57.500627257087764,55.87934147327341,56.16267395019531,16130484.0
2018-04-25T00:00:00,54.20764479323766,54.724674626578796,53.15742278012162,54.22380065917969,22790607.0
2018-04-26T00:00:00,54.4176782849951,55.41943253522018,54.143005927518935,55.12860107421875,13280223.0
2018-04-27T00:00:00,55.20938235289021,55.56484371841183,54.918550915689806,55.30632400512695,8567378.0
2018-04-30T00:00:00,55.4194328811854,56.017251670200174,55.33864708379076,55.59716033935547,5219460.0
2018-05-02T00:00:00,55.98493537898332,57.051319605971955,55.435590641800786,56.37271499633789,11742477.0
2018-05-03T00:00:00,56.485815205562425,56.485815205562425,55.177079996464954,55.419437408447266,8287545.0
2018-05-04T00:00:00,56.22729134553459,56.22729134553459,55.484056904290654,55.871829986572266,7223105.0
2018-05-07T00:00:00,55.8556768158076,56.938210326016154,55.774891023127424,56.72816467285156,6148224.0
2018-05-08T00:00:00,56.566592753343514,57.30982722600301,56.405021168937594,57.24519729614258,8876414.0
2018-05-09T00:00:00,58.279971532770716,59.5621329234558,58.1217801009412,58.72956085205078,8582250.0
2018-05-11T00:00:00,59.77027324974874,59.77027324974874,58.44648361206055,58.44648361206055,11934000.0
2018-05-14T00:00:00,58.94602719793056,59.18746847671231,58.463131282989465,58.696250915527344,12725195.0
2018-05-15T00:00:00,58.62132879235005,59.75362713024924,58.4548157059186,59.49552917480469,10079522.0
2018-05-16T00:00:00,59.57045536374467,60.777681877954045,58.937702985375665,60.18655776977539,13447374.0
2018-05-17T00:00:00,60.30312303762937,60.45298615128152,59.73697052885921,60.41135787963867,8744402.0
2018-05-18T00:00:00,60.311440164428085,61.03577737967651,60.06167055329111,60.777679443359375,11848971.0
2018-05-21T00:00:00,60.86927560008578,61.48537809575696,60.835975650564194,61.11904525756836,5028121.0
2018-05-22T00:00:00,61.39376985320745,61.44372643716914,60.711067718294636,60.885902404785156,7618889.0
2018-05-23T00:00:00,60.61117376386105,60.669458689855006,59.69534506593827,60.1282844543457,7624919.0
2018-05-24T00:00:00,60.20320496407859,60.92754217491803,59.678687448145844,60.053348541259766,5713311.0
2018-05-25T00:00:00,60.411357484511726,60.66945543848507,59.179152637515344,59.470550537109375,7121201.0
2018-05-28T00:00:00,59.861855476939475,60.25315985185756,59.49552271932501,59.720314025878906,4104714.0
2018-05-29T00:00:00,59.262408662841,60.436335255407,59.17082379514957,60.203208923339844,9245634.0
2018-05-30T00:00:00,60.1532582075265,60.24484307400323,58.513092329958646,58.95435333251953,8638475.0
2018-05-31T00:00:00,59.237440597761655,59.387303735014015,58.1051420805983,58.27998352050781,14749054.0
2018-06-01T00:00:00,58.529743649072174,59.15417439895361,58.21336745059702,59.05426788330078,9297711.0
2018-06-04T00:00:00,59.50385385328347,59.612088700715745,58.429840383872225,58.662960052490234,5769988.0
2018-06-05T00:00:00,58.563042790114906,59.2290950476102,58.304944868860034,58.71290588378906,8580289.0
2018-06-06T00:00:00,58.71290588378906,58.71290588378906,58.71290588378906,58.71290588378906,0.0
2018-06-07T00:00:00,59.19579203373353,59.52049649962231,58.44647660425492,58.83778762817383,9415697.0
2018-06-08T00:00:00,58.57969883042431,59.079238075304474,58.0718312599871,58.879425048828125,6442761.0
2018-06-11T00:00:00,59.52051515332491,60.428015598683075,58.95436257198099,60.27815246582031,14129257.0
2018-06-12T00:00:00,60.7277334575516,61.585277180344484,60.15325930755353,61.27722930908203,19889153.0
2018-06-13T00:00:00,62.18545286817274,62.18545286817274,59.32949855439041,60.60975646972656,14690344.0
2018-06-14T00:00:00,60.18298655487136,61.211571178374975,59.548330941484714,61.04743576049805,11057676.0
2018-06-15T00:00:00,60.95990982910505,61.18970349033264,60.620699201798125,60.80672073364258,9677160.0
2018-06-18T00:00:00,60.522216923306274,60.587875119196255,59.01217191948894,60.183006286621094,9573668.0
2018-06-19T00:00:00,59.46081549049885,59.800026142061185,58.74956174864451,59.02312088012695,10447336.0
2018-06-20T00:00:00,58.96840552482704,60.379966551586776,58.91369370180482,59.099708557128906,9547328.0
2018-06-21T00:00:00,59.22007876962145,59.603061532035696,57.74285954316648,57.885108947753906,6478348.0
2018-06-22T00:00:00,57.885108947753906,57.885108947753906,57.885108947753906,57.885108947753906,0.0
2018-06-25T00:00:00,57.896047693283734,57.896047693283734,56.36411666870117,56.36411666870117,8692756.0
2018-06-26T00:00:00,56.3641098421662,56.58295710488661,55.09479838986319,55.39024353027344,10205744.0
2018-06-27T00:00:00,55.34648534380333,56.582971353812276,54.843139184267336,55.7513542175293,7660620.0
2018-06-28T00:00:00,55.630973230895464,56.06867109344002,54.755584184494765,55.42306900024414,9169200.0
2018-06-29T00:00:00,56.18904193200852,57.34892990216725,56.18904193200852,57.07537078857422,10947028.0
2018-07-02T00:00:00,56.42977440112809,56.528251673260804,55.70757768472014,56.09055709838867,7140468.0
2018-07-03T00:00:00,56.2437514566782,56.67050632792238,55.434017181396484,55.434017181396484,5971712.0
2018-07-04T00:00:00,55.401184987389385,55.554380747650896,53.32213592529297,53.32213592529297,7790544.0
2018-07-05T00:00:00,53.497217977793845,53.716065262087824,52.1513085151237,52.643714904785156,10985356.0
2018-07-06T00:00:00,52.65466545992789,53.201783748832604,52.118486865325245,52.70937728881836,8898652.0
2018-07-09T00:00:00,52.939150651744626,53.44250001564988,52.7531324850768,53.39873123168945,7553128.0
2018-07-10T00:00:00,53.54099281558887,53.69418860337762,53.136127297511976,53.63947677612305,6605896.0
2018-07-11T00:00:00,53.17988883317716,53.17988883317716,52.29355668475531,52.567115783691406,8108072.0
2018-07-12T00:00:00,52.785960782410655,53.792659558742436,52.523344726646286,53.32213592529297,6872780.0
2018-07-13T00:00:00,53.56287715293893,54.84313520510052,53.56287715293893,54.536746978759766,7287056.0
2018-07-16T00:00:00,54.61333990278723,54.99632264637011,54.17564533869252,54.55862808227539,5077756.0
2018-07-17T00:00:00,54.49297521972656,55.871713814841584,54.219416107177736,54.711822509765625,7950608.0
2018-07-18T00:00:00,54.8321819977211,55.98113011977947,54.8321819977211,55.92641830444336,7649776.0
2018-07-19T00:00:00,55.94831445043111,56.83465007874421,55.5434489234126,56.61580276489258,9909700.0
2018-07-20T00:00:00,56.70332982728986,57.66625649372436,52.74219284625264,53.497215270996094,19445044.0
2018-07-23T00:00:00,53.15800650723021,54.40543875756525,52.993871036327675,53.88020324707031,9522740.0
2018-07-24T00:00:00,54.05528077557524,55.740404245244484,53.68324104944223,55.455902099609375,9701204.0
2018-07-25T00:00:00,55.29176049601701,55.29176049601701,54.18658447265625,54.18658447265625,7139068.0
2018-07-26T00:00:00,54.82124328613281,55.33553572655088,54.142815386774224,54.82124328613281,9039200.0
2018-07-27T00:00:00,54.97443845975412,55.237054539310144,54.68993631550816,55.215171813964844,6770264.0
2018-07-30T00:00:00,55.138572324689264,55.59815295506638,54.62428321286629,54.79935836791992,5512248.0
2018-07-31T00:00:00,54.87595690498071,55.62003634083584,54.142817161938055,55.10574722290039,7461420.0
2018-08-01T00:00:00,55.291760058922236,55.630973986881024,55.051030071497216,55.22610855102539,7604756.0
2018-08-02T00:00:00,54.15377323748915,54.843144357289056,53.234615083767984,53.73796463012695,8940380.0
2018-08-03T00:00:00,54.00056867760506,54.49297507892061,53.91303109755348,53.967742919921875,9570304.0
2018-08-06T00:00:00,53.98961728047026,54.21940756668427,52.99386159977233,53.22365188598633,8147600.0
2018-08-07T00:00:00,53.39873239732026,54.09904297400644,53.33307755027438,53.81454086303711,5403896.0
2018-08-08T00:00:00,53.8692543005938,53.913026426171506,53.464388853754684,53.792659759521484,4727272.0
2018-08-09T00:00:00,53.88020092295692,54.70087824206982,53.77077728040853,54.635223388671875,5478096.0
2018-08-10T00:00:00,54.37261592336354,54.55863748088683,54.13188587524849,54.30696105957031,4301232.0
2018-08-13T00:00:00,54.21941613766455,54.54768707290773,54.07716673479703,54.27412796020508,4366636.0
2018-08-14T00:00:00,55.029147737030556,55.346475624290335,54.19752740744515,54.25223922729492,5958980.0
2018-08-15T00:00:00,54.438262130237064,54.73370730065155,53.114235388446815,53.387794494628906,7126252.0
2018-08-16T00:00:00,53.66135328645375,54.219414527664924,53.65041025440166,54.02245330810547,5405456.0
2018-08-17T00:00:00,53.92397262993203,54.65711241041422,53.71606836570931,54.62428665161133,6147472.0
2018-08-20T00:00:00,54.71181614353843,55.390243999456004,54.47108281676916,55.22610855102539,4465424.0
2018-08-21T00:00:00,55.2589393672826,55.46684361980545,54.8212447980368,55.138572692871094,6945980.0
2018-08-22T00:00:00,54.93066957026636,55.44496203544694,54.9197265379412,55.280826568603516,3983184.0
2018-08-23T00:00:00,55.269873832080535,55.609087738533894,55.06196961178462,55.466835021972656,4301904.0
2018-08-24T00:00:00,55.477784537897016,55.718517877546766,55.13857059178852,55.48872756958008,4474168.0
2018-08-27T00:00:00,55.773226772867886,56.56107826192585,55.390244059448314,56.53919219970703,3584744.0
2018-08-28T00:00:00,57.00971790871086,57.896046744069295,56.9440663944951,57.666259765625,8769632.0
2018-08-29T00:00:00,57.72097072710486,57.939818009482515,57.30516222632514,57.65531921386719,4703864.0
2018-08-30T00:00:00,57.556832219556725,57.8085052452353,57.370810703641716,57.567771911621094,6898252.0
2018-08-31T00:00:00,57.34893201034537,57.4802417254349,56.76898800394695,57.05349349975586,7495236.0
2018-09-03T00:00:00,56.922176652662685,57.88510331152114,56.922176652662685,57.32704544067383,4095676.0
2018-09-04T00:00:00,57.55683874226207,57.622490259465685,56.8346453382646,57.15196990966797,6266996.0
2018-09-05T00:00:00,57.064433897762406,57.392704850194406,56.75804901123047,56.75804901123047,8989384.0
2018-09-06T00:00:00,56.3641245522221,56.944075292738994,55.58721923828125,55.58721923828125,9160432.0
2018-09-07T00:00:00,55.609096114666805,55.75134551331035,53.20177599436685,54.02245330810547,11112088.0
2018-09-10T00:00:00,53.94585767743858,54.580513490847046,53.61758673822496,54.416378021240234,4544104.0
2018-09-11T00:00:00,54.56957236006914,54.56957236006914,53.705122904771095,54.47108840942383,4544192.0
2018-09-12T00:00:00,54.44920715514033,55.11669206652284,53.573817983319245,53.97868347167969,7621860.0
2018-09-13T00:00:00,53.89113780811622,54.49296777348604,53.595692671197,54.1428108215332,4401552.0
2018-09-14T00:00:00,54.37261173509823,55.01821061075413,54.26318808365334,54.94161605834961,3808392.0
2018-09-17T00:00:00,54.76653819431962,55.237058565346054,54.471092996194734,55.083866119384766,3830944.0
2018-09-18T00:00:00,54.93066359276568,55.45589569377155,54.471082999877346,55.09479904174805,6511436.0
2018-09-19T00:00:00,55.18234779197643,55.92643064838621,55.09481020385525,55.663814544677734,5427972.0
2018-09-20T00:00:00,55.71851815762415,56.62673302302868,55.663806338278235,56.167152404785156,5815820.0
2018-09-21T00:00:00,56.37505922566377,56.80180740356445,56.04678831403765,56.80180740356445,9415388.0
2018-09-24T00:00:00,56.56108856201172,56.80181525419088,56.3860067110663,56.56108856201172,5055308.0
2018-09-25T00:00:00,56.55014218956466,56.64862614813956,56.18904547260621,56.56108856201172,5189576.0
2018-09-26T00:00:00,56.72522663750537,56.72522663750537,55.78417917715121,56.484493255615234,5074776.0
2018-09-27T00:00:00,56.18904054211261,56.692386627197266,56.01396204587489,56.692386627197266,4213276.0
2018-09-28T00:00:00,56.517314094117545,56.81275927894375,56.06867980957031,56.06867980957031,6865900.0
2018-10-01T00:00:00,55.89358969544304,56.18903483655306,55.423069415217384,56.03583908081055,4115700.0
2018-10-02T00:00:00,55.81699515691601,56.375056346043706,55.35741456837691,56.03583908081055,5064336.0
2018-10-03T00:00:00,56.134330760770034,57.206681162762266,56.134330760770034,57.10820388793945,5493996.0
2018-10-04T00:00:00,56.83463751090343,56.878402956781905,55.79510966063393,55.97018814086914,5575572.0
2018-10-05T00:00:00,55.992078532474544,56.156213994259,54.810301204019765,54.930667877197266,5222896.0
2018-10-08T00:00:00,54.90878115853932,55.06197692585386,54.263182351086904,54.35072326660156,5184304.0
2018-10-09T00:00:00,52.961040590289066,54.25223817803356,52.75313634674979,54.20846939086914,8494944.0
2018-10-10T00:00:00,53.617578327146354,53.617578327146354,50.849161843135434,51.21025848388672,19754200.0
2018-10-11T00:00:00,50.203570321295224,51.188383191638074,49.83153057147912,50.53184127807617,13375292.0
2018-10-12T00:00:00,51.15554834327835,51.9762255894272,50.19262171020141,50.24733352661133,9196620.0
2018-10-15T00:00:00,49.91906846173251,50.13791575294686,48.86860079603466,49.525142669677734,11863592.0
2018-10-16T00:00:00,48.846722955173476,50.520907018441335,48.73729929114336,50.13792419433594,11745916.0
2018-10-17T00:00:00,51.647956268396236,52.40297869004417,50.76162414761633,51.002357482910156,9961732.0
2018-10-18T00:00:00,51.14460880430701,51.72455610145785,50.15979604168488,50.34581756591797,11343472.0
2018-10-19T00:00:00,50.35676132315253,50.444298900908706,44.49165345118665,46.614471435546875,31114632.0
2018-10-22T00:00:00,46.73483486484467,47.06310576765649,46.05640699662919,46.82237243652344,12328928.0
2018-10-23T00:00:00,46.17678041131308,46.5597631872363,45.73908581025798,46.2096061706543,16055516.0
2018-10-24T00:00:00,46.515987774983834,46.90991352774005,45.64059869745638,46.41750717163086,12204420.0
2018-10-25T00:00:00,45.52024147727273,47.008403885744876,45.52024147727273,46.9427490234375,13112512.0
2018-10-26T00:00:00,46.505055587257495,46.505055587257495,44.96218131049358,45.73908996582031,13970632.0
2018-10-29T00:00:00,45.85945566842665,47.8400245431916,45.83756960112073,46.43939971923828,8097508.0
2018-10-30T00:00:00,46.625413122016035,47.47891616821289,46.06735189672835,47.47891616821289,8781948.0
2018-10-31T00:00:00,48.080760210010915,49.66740343424683,47.91662470405547,49.5908088684082,17908500.0
2018-11-01T00:00:00,49.24064571983327,49.63457155346094,48.584103776902154,49.09839630126953,8694168.0
2018-11-02T00:00:00,49.820584992717045,50.82728387781092,49.67833558778505,50.608436584472656,5622896.0
2018-11-05T00:00:00,50.334876066719005,50.652203965357664,49.809643913064996,50.2254524230957,11495528.0
2018-11-06T00:00:00,50.422422634509665,50.73975392906246,49.754940960893556,49.86436462402344,6645040.0
2018-11-07T00:00:00,49.93000740079985,50.69597290848287,48.9342549122876,49.28440856933594,7069412.0
2018-11-08T00:00:00,49.722099280925896,50.25827442676542,48.40901565551758,48.40901565551758,8921020.0
2018-11-09T00:00:00,48.376195789446975,48.376195789446975,47.51174963202647,47.686824798583984,8621780.0
2018-11-12T00:00:00,47.80718844583675,48.266769077243055,46.87708749031718,47.05216598510742,6931888.0
2018-11-13T00:00:00,47.16158486734086,47.75247180569857,46.319021574576446,47.38043212890625,6948884.0
2018-11-14T00:00:00,46.83331632333972,47.052163595878696,45.957927233183845,46.559757232666016,8194156.0
2018-11-15T00:00:00,46.647296822123295,47.35855048861661,45.881331335130504,46.2752571105957,10024676.0
2018-11-16T00:00:00,46.37373820462284,46.8880306584345,45.61871574170249,46.111122131347656,9200320.0
2018-11-19T00:00:00,45.93604212828166,46.428448501764485,44.8199230186606,44.91840362548828,10580244.0
2018-11-20T00:00:00,44.601078459392674,45.55306216919673,44.16338387851413,45.31233215332031,12809396.0
2018-11-21T00:00:00,45.69531539910696,46.43939485880112,45.421756283139295,46.395626068115234,11196472.0
2018-11-22T00:00:00,46.12206036071426,46.47221731484882,45.50928736065088,45.56399917602539,8304348.0
2018-11-23T00:00:00,45.56400232010125,46.00169687329981,45.22478837350348,45.85944747924805,6219980.0
2018-11-26T00:00:00,46.06735505881133,47.281958199727306,46.06735505881133,47.27101516723633,6561060.0
2018-11-27T00:00:00,47.13970136205076,47.2710110618492,46.176774694676766,46.42844772338867,8113108.0
2018-11-28T00:00:00,46.70200907488275,47.511746697245435,46.17677692896411,47.4242057800293,9469192.0
2018-11-29T00:00:00,48.047928254853495,48.277718601457785,47.62117666221409,47.94944763183594,5730240.0
2018-11-30T00:00:00,47.98226284104232,48.83576583862305,47.675878005845206,48.83576583862305,12815724.0
2018-12-03T00:00:00,50.50995580430846,51.10084282651053,50.30205154418945,50.30205154418945,11214760.0
2018-12-04T00:00:00,50.116028958201376,50.116028958201376,48.835770987505114,48.84671401977539,10086600.0
2018-12-05T00:00:00,48.04793042126282,48.321489574948735,47.22725296020508,47.22725296020508,6530100.0
2018-12-06T00:00:00,46.833308665628934,46.866134415404694,45.3451467878243,45.55305099487305,11898432.0
2018-12-07T00:00:00,45.23572468960871,46.32996091015727,45.23572468960871,45.596824645996094,10614420.0
2018-12-10T00:00:00,45.093480394751,45.815677049509986,44.940287974491646,45.00593948364258,8823736.0
2018-12-11T00:00:00,46.80049296245941,47.08499175983923,45.92510382751956,46.614471435546875,10080252.0
2018-12-12T00:00:00,46.395624896592125,48.62786655865358,46.24243246338739,48.54032897949219,11455192.0
2018-12-13T00:00:00,48.54032335065749,48.54032335065749,46.57069799382657,46.87708282470703,9643048.0
2018-12-14T00:00:00,46.18772661574063,46.39563089764883,45.43270404494507,46.067359924316406,8615792.0
2018-12-17T00:00:00,45.97981519997176,46.28620005847445,45.67342700212456,45.90321731567383,9151016.0
2018-12-18T00:00:00,45.70625871574085,46.82237791222029,45.44363929130362,46.36280059814453,6766372.0
2018-12-19T00:00:00,44.929345153427676,46.04546422569224,44.86369030462521,45.91415786743164,8083928.0
2018-12-20T00:00:00,45.00594253759834,45.574946810708745,44.78709525399349,44.92934799194336,7919580.0
2018-12-21T00:00:00,44.86369085715501,45.574944492695266,44.819922070529095,45.246673583984375,12411768.0
2018-12-27T00:00:00,45.574942867743786,46.483157680390896,45.15913440060651,45.43269348144531,8588304.0
2018-12-28T00:00:00,45.739088950983984,46.41751696494233,45.72814591733723,46.067359924316406,6667712.0
2019-01-02T00:00:00,45.68436690781936,46.16583022652393,44.546361789241935,46.04546356201172,7409248.0
2019-01-03T00:00:00,45.367046516064114,45.61871957842278,44.64484974930926,44.86369705200195,7322352.0
2019-01-04T00:00:00,45.52023589035561,47.796246349135544,45.31233163468684,47.59928512573242,9248592.0
2019-01-07T00:00:00,48.12451816705656,48.69352246189977,47.56646024402512,48.58409881591797,10340028.0
2019-01-08T00:00:00,48.74822951526177,49.951889503292925,48.518439213314224,49.350059509277344,11522040.0
2019-01-09T00:00:00,49.339123319905134,50.21451252350281,49.21875663654149,49.547027587890625,7559584.0
2019-01-10T00:00:00,48.84671163113582,49.36100406858803,48.4418461716907,49.22969436645508,5310272.0
2019-01-11T00:00:00,48.89048518985319,49.5798561843088,48.46373362529196,48.90142822265625,5356468.0
2019-01-14T00:00:00,48.365256039190534,49.06556677098402,47.76342593010558,48.82483673095703,6378008.0
2019-01-15T00:00:00,48.83576966798765,49.40477393722169,48.12451600111734,48.398075103759766,7451380.0
2019-01-16T00:00:00,48.584099067540436,49.21875488178395,48.19017327209685,48.98896789550781,5729788.0
2019-01-17T00:00:00,48.67162983223824,49.19686526571501,48.25582136932865,49.065555572509766,3885104.0
2019-01-18T00:00:00,49.04367990825898,50.10508728027344,49.02179384312685,50.10508728027344,8866304.0
2019-01-21T00:00:00,50.116023831489805,50.43335169879851,49.218748706629356,50.24733352661133,4024420.0
2019-01-22T00:00:00,49.87529143256826,50.31298597200052,48.98896266169339,49.48136901855469,5692280.0
2019-01-23T00:00:00,49.10933556559393,49.131221632571375,48.485622728876514,48.82483673095703,6631024.0
2019-01-24T00:00:00,48.96707444563426,49.80963773272698,48.781052938818206,49.73303985595703,8958264.0
2019-01-25T00:00:00,51.39628567341953,51.407225366077974,49.89718045131544,50.18168258666992,10693272.0
2019-01-28T00:00:00,50.334864029473934,53.661341332248675,49.68926535435597,51.29779052734375,23459260.0
2019-01-29T00:00:00,51.42910957336426,52.12942018479225,51.035183810890885,51.64795684814453,11615640.0
2019-01-30T00:00:00,51.647957799802626,52.08565235742807,51.5166480967772,51.757381439208984,6469008.0
2019-01-31T00:00:00,51.86680316317613,52.31544073604294,51.31968498634938,51.53853225708008,10657916.0
2019-02-01T00:00:00,51.62607370082553,52.40298223804502,51.5604221861589,52.348270416259766,7222704.0
2019-02-04T00:00:00,52.523345566806114,52.74219284000114,52.10753708347332,52.621826171875,7401552.0
2019-02-05T00:00:00,52.8406761059708,53.267427642322176,52.49052245483268,53.0814094543457,8139132.0
2019-02-06T00:00:00,53.08141244359477,53.81454888339623,52.523351169549365,53.716068267822266,7311320.0
2019-02-07T00:00:00,53.63947613309157,54.044341646314926,52.15131378173828,52.15131378173828,10198120.0
2019-02-08T00:00:00,52.24979054883445,53.25648941975403,52.140366903705996,52.58900451660156,8904108.0
2019-02-11T00:00:00,52.895394597802564,53.22366556552498,52.720316080481616,52.97199249267578,6432924.0
2019-02-12T00:00:00,53.289307602116324,53.43155698482373,52.709363701116374,53.39873123168945,7623864.0
2019-02-13T00:00:00,53.37684589537126,53.73794588147606,52.588997755345176,52.764076232910156,10929156.0
2019-02-14T00:00:00,53.11423936850459,53.74889854601128,52.98293299130462,53.42062759399414,9934072.0
2019-02-15T00:00:00,53.54098852003368,55.105748657581884,53.01575635626673,55.0510368347168,13483116.0
2019-02-18T00:00:00,54.89784280226365,55.14951584438712,54.317895493150466,54.635223388671875,4882260.0
2019-02-19T00:00:00,54.05527838191382,54.72276325652295,54.05527838191382,54.591453552246094,6265036.0
2019-02-20T00:00:00,54.70087379388484,55.992074674564215,54.70087379388484,55.806053161621094,7599552.0
2019-02-21T00:00:00,55.95925658750199,56.28753089236534,55.160465240478516,55.160465240478516,8496180.0
2019-02-22T00:00:00,55.32459390753996,55.882655148040044,55.32459390753996,55.773231506347656,5654000.0
2019-02-25T00:00:00,56.04679164811497,56.243752871069596,55.51061312242093,56.09055709838867,4911876.0
2019-02-26T00:00:00,56.00301762510174,56.243750968877535,55.41213063687737,55.59815216064453,6923976.0
2019-02-27T00:00:00,55.32459773868844,55.78417506201482,54.96349769249119,55.335540771484375,5282184.0
2019-02-28T00:00:00,54.974440979351016,55.33554102721709,54.0333969234126,54.766536712646484,7547176.0
2019-03-01T00:00:00,55.14951790254909,55.663810377457565,54.810303930120824,55.3245964050293,5940180.0
2019-03-04T00:00:00,55.663810644591045,56.04679340964114,55.54344396484921,55.56532669067383,5439020.0
2019-03-05T00:00:00,55.54344110082986,55.674747467041016,54.5476852951754,55.674747467041016,7053356.0
2019-03-06T00:00:00,55.30271101911321,55.412134667089035,54.153762715367044,54.219417572021484,6655324.0
2019-03-07T00:00:00,54.08811103914962,54.16470893297462,52.3592186352088,52.731258392333984,13529396.0
2019-03-08T00:00:00,51.64796255225596,52.676544189453125,51.64796255225596,52.676544189453125,9533420.0
2019-03-11T00:00:00,52.80784703377049,53.36590824135361,52.381095524210814,53.35496520996094,6349284.0
2019-03-12T00:00:00,53.55192957211739,53.81454564428928,53.168946826224555,53.48627471923828,3896872.0
2019-03-13T00:00:00,53.51910029474887,53.956794832691045,53.11423151141462,53.89113998413086,5943124.0
2019-03-14T00:00:00,53.847370742803605,54.51485557538919,53.737947109243485,54.49296951293945,6309956.0
2019-03-15T00:00:00,54.492971325120656,54.91972284232802,54.18658647670111,54.77747344970703,10340988.0
2019-03-18T00:00:00,54.90878353433898,55.1385738559089,54.37260834357224,54.84313201904297,5945184.0
2019-03-19T00:00:00,54.93067242643197,56.30940774812952,54.71182512592825,55.98114013671875,9434328.0
2019-03-20T00:00:00,55.751345186119536,56.00301822511789,54.9197248452094,54.930667877197266,6158848.0
2019-03-21T00:00:00,54.93066312582186,55.39024371480348,54.602392230647624,55.258934020996094,5654160.0
2019-03-22T00:00:00,55.543437532731446,55.82793965026273,53.869253921496025,53.89113998413086,6266944.0
2019-03-25T00:00:00,53.83642969172836,53.913027573775494,53.09235029188939,53.770774841308594,4585036.0
2019-03-26T00:00:00,53.86925763623509,54.131877048585665,53.25648791233586,53.9567985534668,5843364.0
2019-03-27T00:00:00,53.98963226895321,54.59146238884077,53.376859115380505,53.75984191894531,8725540.0
2019-03-28T00:00:00,53.705122929148814,54.62428420662499,53.0048122781602,54.03339385986328,8598692.0
2019-03-29T00:00:00,54.274126704000025,54.9197255271666,54.07716548315075,54.635223388671875,8634080.0
2019-04-01T00:00:00,55.17140041848434,56.8784065246582,54.77747464808096,56.8784065246582,10022636.0
2019-04-02T00:00:00,56.8784123734499,57.79757371202305,56.681451137666976,57.40364456176758,9094368.0
2019-04-03T00:00:00,57.7319162785786,58.82615280151367,57.7319162785786,58.82615280151367,9280248.0
2019-04-04T00:00:00,57.994532224107566,58.454112871810054,57.206680639287484,57.71003341674805,11741836.0
2019-04-05T00:00:00,57.92887948229264,59.438924425340744,57.86322128904497,59.1544189453125,7949732.0
2019-04-08T00:00:00,59.15441148712719,59.30760724003435,58.49786970956224,58.9136848449707,6827584.0
2019-04-09T00:00:00,58.891810431021284,59.17630925275935,58.47600189206193,58.782386779785156,6149188.0
2019-04-10T00:00:00,58.62918622584673,59.19819050171191,58.51976258351455,59.110652923583984,5063868.0
2019-04-11T00:00:00,59.06688648205264,59.57023929245626,58.69485006951753,59.329505920410156,4304604.0
2019-04-12T00:00:00,59.30761690385889,60.576928542502614,59.1981932564348,60.31431579589844,9312396.0
2019-04-15T00:00:00,60.051699443911126,60.31431888264497,59.59211876547178,60.073585510253906,6468508.0
2019-04-16T00:00:00,60.35807952485672,60.839546231256016,60.07358072115028,60.401851654052734,6283240.0
2019-04-17T00:00:00,59.854739001147635,61.25536044276742,59.83285293451345,61.05839920043945,6978904.0
2019-04-18T00:00:00,60.57692018440818,61.911889834527706,60.40184504416137,61.8243522644043,6389296.0
2019-04-23T00:00:00,61.145922927745296,62.2182731628418,60.99273385341056,62.2182731628418,8999424.0
2019-04-24T00:00:00,62.218266728763226,63.071776294931524,61.88999587367931,62.524658203125,9483076.0
2019-04-25T00:00:00,62.26204243977865,68.25845573620249,61.34288132103781,65.6541748046875,21605780.0
2019-04-26T00:00:00,65.64311751458949,66.24027797916676,64.31610025958115,64.93537902832031,15216276.0
2019-04-29T00:00:00,65.00174319977175,65.70948860990212,64.69210711392489,65.68737030029297,7173812.0
2019-04-30T00:00:00,65.57677861028,66.1297025445994,65.28926086425781,65.28926086425781,4786432.0
2019-05-02T00:00:00,65.2892419796379,65.2892419796379,63.586234054697655,63.807403564453125,13603596.0
2019-05-03T00:00:00,63.918014936240134,64.73634516292974,63.89589662614246,64.49305725097656,8923280.0
2019-05-06T00:00:00,62.96697857347466,63.38719940185547,62.214996644250576,63.38719940185547,7815236.0
2019-05-07T00:00:00,63.38720862473471,63.696844714406524,62.03807271663552,62.2813606262207,9214788.0
2019-05-08T00:00:00,62.01594146482643,62.98908615052391,61.86112682707861,62.613101959228516,11590188.0
2019-05-09T00:00:00,61.971705618039145,62.170756847093884,61.21972380896362,61.308197021484375,5516284.0
2019-05-10T00:00:00,61.63997734316264,62.52465584539928,61.08705327926474,61.70632553100586,5779636.0
2019-05-13T00:00:00,61.70630932208774,61.70630932208774,59.25132577334008,59.49461364746094,10577296.0
2019-05-14T00:00:00,59.804249832714234,60.6446982407857,59.73790166214314,60.268707275390625,6162288.0
2019-05-15T00:00:00,60.77738900097924,60.821625610337605,59.49460832429388,60.51198959350586,6137560.0
2019-05-16T00:00:00,60.821636504081674,62.458290100097656,60.600466916794105,62.458290100097656,10167244.0
2019-05-17T00:00:00,62.32557536154971,62.45827843905845,61.153379467600104,61.68418502807617,6974740.0
2019-05-20T00:00:00,61.28608228246535,61.440896914263,59.71577716271911,60.224464416503906,7900732.0
2019-05-21T00:00:00,61.19763090876504,61.97172450736025,60.887988069678535,61.507266998291016,8172176.0
2019-05-22T00:00:00,61.50726132867254,61.728430907884196,60.55622808832649,60.97645568847656,5482748.0
2019-05-23T00:00:00,60.335063392183194,60.44564819073893,58.27818883887076,58.52147674560547,9029436.0
2019-05-24T00:00:00,58.52146495744129,59.4061431676836,58.52146495744129,58.720516204833984,4844196.0
2019-05-27T00:00:00,58.875346149678435,59.16286390997766,58.233948954370796,58.410888671875,2839772.0
2019-05-28T00:00:00,58.67627680588633,58.985919564402536,58.034886483854784,58.49934387207031,11844200.0
2019-05-29T00:00:00,57.43773980040072,58.03489358729013,57.26080009536861,57.54832458496094,3593232.0
2019-05-31T00:00:00,56.973277157390356,57.48196442013354,56.00012911717753,56.597286224365234,9420996.0
2019-06-03T00:00:00,56.11071510664782,57.150211334228516,55.88954555291662,57.150211334228516,6267988.0
2019-06-04T00:00:00,57.039623140725176,57.681013458214935,56.464584360336275,57.636783599853516,9373460.0
2019-06-05T00:00:00,57.70313714192392,58.698400166888504,57.34926449424686,57.99066162109375,7262452.0
2019-06-07T00:00:00,58.45511795778113,59.40615121231359,58.16760020034109,58.897457122802734,7327920.0
2019-06-11T00:00:00,59.84849264054208,61.861137267411756,59.82637433154258,61.46302795410156,8553800.0
2019-06-12T00:00:00,60.97644416098676,62.192876616686426,60.82162278498335,61.949588775634766,6515316.0
2019-06-13T00:00:00,61.92747806435214,63.2102588387185,61.68419019347314,63.011207580566406,8256900.0
2019-06-14T00:00:00,62.87849784341767,63.05543752605687,61.75053858330199,62.10440444946289,7925636.0
2019-06-18T00:00:00,61.77265564707563,63.409315797052706,60.998562184081905,63.23237609863281,13943576.0
2019-06-19T00:00:00,63.29872421978978,63.49777545327418,62.546742393979756,62.922733306884766,9183384.0
2019-06-20T00:00:00,63.63048720342251,65.22290403803127,63.63048720342251,65.13443756103516,14013120.0
2019-06-24T00:00:00,65.09020482547163,65.2671445395645,64.36034790982339,64.44881439208984,6109460.0
2019-06-25T00:00:00,64.29399368193147,65.04596883473431,64.18340890212048,64.80268096923828,4489140.0
2019-06-26T00:00:00,64.64787589477005,65.3777396754754,64.36035809451587,64.58152770996094,5825328.0
2019-06-27T00:00:00,64.86901749507415,65.31135653493025,64.13916077913483,64.71420288085938,5664120.0
2019-06-28T00:00:00,64.80267822091561,65.88640766718976,64.80267822091561,65.64311981201172,7321160.0
2019-07-01T00:00:00,66.35087046457167,67.47883661238131,66.2624039871975,66.68262481689453,5993756.0
2019-07-02T00:00:00,66.43934159386345,66.79321427769703,66.12970552659408,66.74897766113281,5182400.0
2019-07-03T00:00:00,66.63838229853116,66.85955184714834,66.17393164608228,66.4393310546875,5783492.0
2019-07-04T00:00:00,66.3508612846303,66.63837898370691,65.95275881674598,66.32874298095703,3037936.0
2019-07-05T00:00:00,64.60363180647585,65.2450222002272,63.03332653242288,64.36034393310547,11871200.0
2019-07-08T00:00:00,64.27188764912106,65.06809956571298,63.962251556435476,64.49305725097656,7872984.0
2019-07-09T00:00:00,63.85166484336233,63.91801302210783,63.1218011293598,63.56414031982422,5920308.0
2019-07-10T00:00:00,63.56412394917075,63.65259041456741,62.65732749234795,62.72368240356445,6523976.0
2019-07-11T00:00:00,63.21027039539122,63.27662532661317,61.52938679740633,61.861141204833984,6521060.0
2019-07-12T00:00:00,61.949587579624364,62.48039310922466,61.55147837025526,62.08229064941406,7461940.0
2019-07-15T00:00:00,62.36981667639188,64.07282500886889,59.959069793067336,63.12179183959961,13318368.0
2019-07-16T00:00:00,62.85639466888597,63.69683633740284,62.59098848432293,63.07756423950195,6284228.0
2019-07-17T00:00:00,62.96697926104563,64.60363272867161,62.85639447607685,63.365081787109375,8660060.0
2019-07-18T00:00:00,62.568878406010136,62.65734489597914,61.70631831708132,62.2813606262207,7321784.0
2019-07-19T00:00:00,62.5688757139276,63.98435974121094,62.5688757139276,63.98435974121094,6610148.0
2019-07-22T00:00:00,63.82954626771502,64.22764883764847,63.232385663254455,64.16130065917969,4585664.0
2019-07-23T00:00:00,64.40457370085245,66.06334527539818,64.40457370085245,65.70947265625,6883736.0
2019-07-24T00:00:00,65.86430327804533,66.19605767350136,65.09020968864795,65.68737030029297,4543044.0
2019-07-25T00:00:00,65.70946810060657,66.39509498712933,64.64785031676406,65.42194366455078,5714660.0
2019-07-26T00:00:00,65.68735539248087,66.08545787685416,65.33348276772745,65.86428833007812,5175452.0
2019-07-29T00:00:00,65.68736162121664,66.04123427952568,65.2892590990937,65.90853118896484,3202652.0
2019-07-30T00:00:00,65.90853908327382,65.97488726172142,64.60363982717477,65.3113784790039,5044964.0
2019-07-31T00:00:00,65.20079448713328,65.84219171799663,65.02386150938092,65.68737030029297,5031724.0
2019-08-01T00:00:00,65.0680874725695,66.41721639349902,64.84691791181918,66.35086822509766,4529268.0
2019-08-02T00:00:00,64.58151425211402,64.73633565048745,63.03332726661813,63.276615142822266,7758964.0
2019-08-06T00:00:00,60.42352782817396,60.9543334340016,59.49461295580599,59.51673126220703,8628964.0
2019-08-07T00:00:00,59.715782878251254,59.959070751000475,58.80898630685479,59.31768035888672,8001968.0
2019-08-08T00:00:00,60.37928531552526,60.68892132620593,59.67154007720473,60.644691467285156,7905392.0
2019-08-09T00:00:00,60.64469508874162,60.9322128123519,59.40614422249885,59.56095886230469,4560696.0
2019-08-12T00:00:00,60.04754801856147,60.7995233289186,59.560972185621765,59.71579360961914,4835096.0
2019-08-13T00:00:00,59.361914249029496,61.17550751484201,58.45511761612324,60.55622863769531,7617412.0
2019-08-14T00:00:00,60.60046008602493,60.777393036087375,58.74263711213167,58.85322189331055,7442508.0
2019-08-15T00:00:00,59.008031992256605,59.605192464451285,57.72525132920885,58.56569290161133,7357268.0
2019-08-16T00:00:00,58.8974517465713,59.62731535197012,58.8974517465713,59.538848876953125,5916604.0
2019-08-19T00:00:00,60.06966472437944,61.330327394946735,59.981198234270245,60.82164001464844,5691224.0
2019-08-20T00:00:00,61.15337871700635,61.50725133616661,60.534106695645,60.644691467285156,5326204.0
2019-08-21T00:00:00,60.73316363182853,62.10441087906258,60.578342237185595,61.55148696899414,3646372.0
2019-08-22T00:00:00,61.26396750844231,61.94959448751001,60.82162839285789,61.10914611816406,5502884.0
2019-08-23T00:00:00,61.63996076079055,62.14864806290512,60.37929153442383,60.37929153442383,5118072.0
2019-08-26T00:00:00,59.95907089821108,60.312943554937,59.40614698131419,59.78213119506836,4382416.0
2019-08-27T00:00:00,59.959070005970105,60.82162995358174,59.40614609730118,60.77739334106445,5371104.0
2019-08-28T00:00:00,60.77740339481357,60.8879881948402,59.7157920143821,60.82164001464844,6160776.0
2019-08-29T00:00:00,60.82163457345022,63.298736572265625,60.82163457345022,63.298736572265625,7569032.0
2019-08-30T00:00:00,63.475677875984935,65.20079812888773,63.40932969301207,64.82481384277344,8526364.0
2019-09-02T00:00:00,64.75844833438815,65.2892607097262,64.60363368288098,64.89115142822266,5787920.0
2019-09-03T00:00:00,64.82481563686272,65.20079993338274,64.33823978305915,64.58152770996094,3938888.0
2019-09-04T00:00:00,65.42195494086776,65.59889464345186,64.7584462426863,65.33348846435547,4700392.0
2019-09-05T00:00:00,65.79794346407841,66.19604596840712,64.66997736906808,65.59889221191406,6792160.0
2019-09-06T00:00:00,65.73159391395092,66.10757810467311,65.33348466843675,66.01911163330078,6512896.0
2019-09-09T00:00:00,66.01911388397217,66.43933469948591,65.8642924916232,66.35086822509766,6510436.0
2019-09-10T00:00:00,66.3508709552042,67.67788837430828,66.12970138535351,67.2576675415039,9849816.0
2019-09-11T00:00:00,67.4567132765247,68.805848891967,67.39036511083043,68.56256103515625,8708116.0
2019-09-12T00:00:00,68.98279609981927,69.44725360441055,68.31928730742045,68.78374481201172,7820800.0
2019-09-13T00:00:00,68.78373029602436,70.17709576618451,68.49621257981957,70.13286590576172,6475336.0
2019-09-16T00:00:00,69.95591961455017,70.81848618089325,69.20394456272656,69.91168975830078,7044080.0
2019-09-17T00:00:00,69.6684096866725,69.7347578532171,68.56256191386818,68.93855285644531,8076796.0
2019-09-18T00:00:00,69.33665500871834,69.97804536383134,68.96066406801806,69.51358795166016,7076036.0
2019-09-19T00:00:00,69.38089215164395,69.82323126195202,69.0491378189129,69.712646484375,6587260.0
2019-09-20T00:00:00,69.75688430419946,70.06652036682951,69.1597304868901,69.88958740234375,9601328.0
2019-09-23T00:00:00,69.75688668733412,69.77900499604046,68.34140267441047,68.85009002685547,6236088.0
2019-09-24T00:00:00,69.04913918969729,69.20395383164303,68.03175786587954,68.29715728759766,5774168.0
2019-09-25T00:00:00,66.90379438510978,67.01437916921739,65.84218315750046,66.68262481689453,12101172.0
2019-09-26T00:00:00,66.39510825249722,67.74423724282717,66.37298994537252,67.23554992675781,6044084.0
2019-09-27T00:00:00,67.45672140366831,67.94329717591218,67.1249670361093,67.39037322998047,6053896.0
2019-09-30T00:00:00,67.19130533666629,67.92116888778548,66.88166932235461,67.05860900878906,8559068.0
2019-10-01T00:00:00,67.0143702325215,68.23080269548805,65.97487070070842,66.12969207763672,10255596.0
2019-10-02T00:00:00,65.95276838780806,66.19604951484307,64.53727774200644,64.73633575439453,8308256.0
2019-10-03T00:00:00,64.69209515318579,65.93064601714153,64.36034081906688,65.02384948730469,9409272.0
2019-10-04T00:00:00,64.95750565696159,65.0459721353876,63.89588766717042,64.91326904296875,10882296.0
2019-10-07T00:00:00,64.75844522198828,65.42195390971176,64.27187623406003,65.17867279052734,6957884.0
2019-10-08T00:00:00,65.11231105558335,65.57676843827885,63.96223350033021,64.55938720703125,7213444.0
2019-10-09T00:00:00,64.3161057494879,65.75370789845807,64.22763927484777,65.37772369384766,5628328.0
2019-10-10T00:00:00,65.39984199989753,65.4661901684878,64.42669053017792,65.37772369384766,4957700.0
2019-10-11T00:00:00,65.62101000808191,66.41721501055699,65.20078245175881,66.39510345458984,7661040.0
2019-10-14T00:00:00,66.32874819209646,66.63838421917299,65.7315944433544,66.59415435791016,4636516.0
2019-10-15T00:00:00,66.97014563142446,67.94329717591218,66.79321266855027,67.39037322998047,7046964.0
2019-10-16T00:00:00,67.45671342267114,68.00963730318485,67.05861092852491,67.58941650390625,5065404.0
2019-10-17T00:00:00,67.32402701991082,68.16447557623506,67.01439092002745,67.94330596923828,7250196.0
2019-10-18T00:00:00,67.65576913536972,69.15972623937127,67.21343000176213,68.62891387939453,10380676.0
2019-10-21T00:00:00,68.71739228231282,76.06021840360553,68.47410439058962,75.10919189453125,17597912.0
2019-10-22T00:00:00,74.73320335378811,76.52467838851807,73.38406750049467,73.69371032714844,13826220.0
2019-10-23T00:00:00,73.6494612198412,74.75530898590488,73.3177068900221,73.605224609375,8619056.0
2019-10-24T00:00:00,73.87062959260076,74.97647734099299,73.38405388348458,74.42355346679688,6931656.0
2019-10-25T00:00:00,73.67563440855895,74.7472772746205,73.67563440855895,74.61332702636719,4803196.0
2019-10-28T00:00:00,74.61333377483447,76.60034212593233,74.23378986821744,76.33242797851562,6737424.0
2019-10-29T00:00:00,76.28778126109015,76.53336128419443,75.59567538141648,75.88591003417969,8322760.0
2019-10-30T00:00:00,75.32776035990433,76.578015029171,74.9928710813511,76.37708282470703,5855392.0
2019-10-31T00:00:00,76.60034289381652,77.15849169541335,75.68497749652975,76.15382385253906,7496432.0
2019-11-01T00:00:00,76.28776781796341,77.24778086640113,76.28776781796341,76.80126190185547,1063008.0
2019-11-04T00:00:00,77.53801744248534,79.41340259200382,77.24778283347545,79.25711822509766,8565056.0
2019-11-05T00:00:00,79.36876342194367,79.36876342194367,78.36409553052665,79.12317657470703,5446984.0
2019-11-06T00:00:00,78.98920552008803,79.50270643953426,78.38640897987594,78.72129821777344,4199572.0
2019-11-07T00:00:00,78.81061406331449,79.68132486735163,77.8952486279564,77.93990325927734,7642644.0
2019-11-08T00:00:00,77.91757007594315,78.85526275634766,77.27011885058748,78.85526275634766,4844064.0
2019-11-11T00:00:00,78.81060467199552,79.41340805629554,78.43106079101562,78.43106079101562,4330340.0
2019-11-12T00:00:00,78.94457949674637,79.36877128581673,77.9622388238095,79.16783905029297,6502520.0
2019-11-13T00:00:00,78.7882889361982,80.03854370117188,78.00688055975718,80.03854370117188,8752980.0
2019-11-14T00:00:00,79.99388773451123,80.73064827944391,79.52504816713797,80.4404067993164,8564340.0
2019-11-15T00:00:00,80.50738302232429,81.71298304890244,80.23946887715593,81.22180938720703,5907056.0
2019-11-18T00:00:00,81.15482935149383,81.44506398009742,79.6366674562239,80.28411865234375,7796636.0
2019-11-19T00:00:00,80.41807556152344,81.40041601029151,80.15016143306882,80.41807556152344,8061388.0
2019-11-20T00:00:00,79.9715664915081,80.39575823647749,79.21247863769531,79.21247863769531,7807568.0
2019-11-21T00:00:00,78.63199578366857,79.03386014380997,78.20779729832721,78.72129821777344,7372860.0
2019-11-22T00:00:00,78.49805785072924,79.59202826505627,78.45340321612787,78.74364471435547,5759676.0
2019-11-25T00:00:00,79.43573799614794,79.83760923788634,79.1901579639824,79.346435546875,7238788.0
2019-11-26T00:00:00,79.45806492540797,79.70365176971939,78.67665657472445,79.43573760986328,7570200.0
2019-11-27T00:00:00,79.99388570818917,79.99388570818917,78.31943925758509,78.38642120361328,6155044.0
2019-11-28T00:00:00,78.00688466500327,78.65433599117385,77.93990952597693,78.3417739868164,3563404.0
2019-11-29T00:00:00,77.82827975203922,78.65433599117385,77.47106311277041,78.3417739868164,4546068.0
2019-12-02T00:00:00,78.54269739558707,79.30178522377788,76.95756023438138,77.20314025878906,6234644.0
2019-12-03T00:00:00,77.158494107621,78.25246443028362,75.95289402114912,76.53336334228516,8815184.0
2019-12-04T00:00:00,76.48871468664585,78.89991483316905,76.48871468664585,78.60968017578125,6715948.0
2019-12-05T00:00:00,78.81061906828064,79.70365724469175,78.34177266299669,78.92224884033203,5613352.0
2019-12-06T00:00:00,78.85526283527044,80.37342480061282,78.85526283527044,80.26179504394531,5481480.0
2019-12-09T00:00:00,80.59667841638327,81.4227412806126,80.37341891938497,80.99854278564453,5570852.0
2019-12-10T00:00:00,80.93156751056925,81.22180213078875,79.48038078279353,81.13249969482422,8775924.0
2019-12-11T00:00:00,81.17716102933701,81.60135274523527,80.15016589750878,81.445068359375,8043040.0
2019-12-12T00:00:00,81.66832361302137,83.32044938874435,81.02087241587176,83.23114013671875,10508152.0
2019-12-13T00:00:00,84.16884634335187,84.7939703282581,83.36511063894355,84.2135009765625,10360520.0
2019-12-16T00:00:00,84.57071305734317,86.17818450927734,84.54839255347959,86.17818450927734,9591692.0
2019-12-17T00:00:00,86.06654281885736,86.24514770507812,85.17350476107414,86.24514770507812,7381328.0
2019-12-18T00:00:00,86.26746760968017,86.84794366005012,86.1111900509946,86.289794921875,8182092.0
2019-12-19T00:00:00,86.2451540337482,86.66935259299464,85.24048614501953,85.24048614501953,8878588.0
2019-12-20T00:00:00,85.24048897097944,85.93259490216136,85.08421138222249,85.88794708251953,10566060.0
2019-12-23T00:00:00,85.91026083484073,86.15584767026388,85.10653201104111,85.39676666259766,3972244.0
2019-12-27T00:00:00,85.3967696428299,85.79863406875424,84.90559595484228,85.73165893554688,3245396.0
2019-12-30T00:00:00,85.73165720820526,85.95491673218497,83.27580244442855,83.40975952148438,5099976.0
2020-01-02T00:00:00,83.58837009522387,85.70933571715221,83.56604277864075,85.62003326416016,5086600.0
2020-01-03T00:00:00,85.195845525081,85.195845525081,83.633028677238,84.05722045898438,3865784.0
2020-01-07T00:00:00,84.05720029719227,85.48605970982865,83.92324323683968,84.66000366210938,5788684.0
2020-01-08T00:00:00,83.94557789825198,84.68233157468268,83.09719446397787,84.6153564453125,4093924.0
2020-01-09T00:00:00,85.62003046156838,85.91026512762744,84.52606011820855,85.15118408203125,4511128.0
2020-01-10T00:00:00,85.4190845863219,85.57536214561733,84.66000366210938,84.66000366210938,3743736.0
2020-01-13T00:00:00,84.63768937188829,86.04422168864689,84.54838692235984,85.55305480957031,4120288.0
2020-01-14T00:00:00,85.5753797024761,86.98191890473873,84.72699616841838,86.75865936279297,6314432.0
2020-01-15T00:00:00,86.78097828313796,87.33912708399853,86.40143437321683,86.937255859375,4961448.0
2020-01-16T00:00:00,86.98190046394603,88.18750037218916,86.98190046394603,88.09819793701172,5126288.0
2020-01-17T00:00:00,88.43310362795692,89.12520955266082,87.45076303160637,87.65169525146484,6864652.0
2020-01-20T00:00:00,87.27214946538106,87.74099584400945,86.73632795266583,86.87028503417969,3306204.0
2020-01-21T00:00:00,86.02188542599535,88.18750537185517,85.44141615776356,87.67401123046875,4525404.0
2020-01-22T00:00:00,87.80797366062751,88.27682005357914,85.88794708251953,85.88794708251953,5995312.0
2020-01-23T00:00:00,85.7093295175431,85.79863196407564,84.3697723795351,84.90559387207031,5375260.0
2020-01-24T00:00:00,85.86560324352972,86.6470114769749,85.62001643606484,86.289794921875,6831344.0
2020-01-27T00:00:00,84.83861316235948,85.10652729768168,83.6999883072494,84.32511901855469,7878124.0
2020-01-28T00:00:00,84.21349310284528,85.3521111965141,78.07385634414563,79.63667297363281,18372824.0
2020-01-29T00:00:00,79.45805968003101,79.74830113627169,78.29711429508725,78.58734893798828,9719712.0
2020-01-30T00:00:00,77.47104876911129,78.4757165485378,76.55568342963258,78.16315460205078,10030540.0
2020-01-31T00:00:00,78.07386032166096,78.78828672924806,75.99754260584497,76.3547592163086,8196236.0
2020-02-03T00:00:00,76.35474894850672,77.93989276010556,76.31009432320116,77.4710464477539,6616700.0
2020-02-04T00:00:00,78.07386539241998,80.44041111209663,77.58269166946411,80.3734359741211,10306704.0
2020-02-05T00:00:00,80.30645934601195,82.22648594131626,79.56969877524918,81.0878677368164,7609988.0
2020-02-06T00:00:00,81.93625599952615,82.31579996518728,80.2171547150717,80.75298309326172,6442908.0
2020-02-07T00:00:00,80.44039938841067,80.90924572592974,79.63667059648039,80.48505401611328,6046728.0
2020-02-10T00:00:00,80.23947275211046,81.53438209850547,79.68132393383848,81.244140625,4918920.0
2020-02-11T00:00:00,81.73530451426743,83.96789951977411,81.48971770099385,83.67765808105469,8152060.0
2020-02-12T00:00:00,84.12417925844065,84.77163727745867,83.36509829959887,84.50372314453125,6105672.0
2020-02-13T00:00:00,84.01255798339844,84.72699120107556,83.16417449907945,84.01255798339844,6086284.0
2020-02-14T00:00:00,84.01256190459561,84.39210584670268,83.69999991227591,84.0348892211914,3871916.0
2020-02-17T00:00:00,84.03487972984337,84.61535582906956,83.11951435952587,83.43208312988281,4263500.0
2020-02-18T00:00:00,82.62835430511002,82.62835430511002,81.86927325760702,82.02555084228516,6914452.0
2020-02-19T00:00:00,82.4943986824592,83.2311524270882,82.33811428167593,82.8962631225586,5488884.0
2020-02-20T00:00:00,82.985555557627,83.3427652926746,81.77994885515498,82.20414733886719,7009924.0
2020-02-21T00:00:00,81.46739582576734,81.6683280270062,79.77062214566419,80.08319091796875,6928976.0
2020-02-24T00:00:00,78.16315589907535,78.16315589907535,75.50636908984023,76.04219055175781,9585140.0
2020-02-25T00:00:00,76.51105003436406,76.93524181405704,75.08218347258038,75.35009765625,7580792.0
2020-02-26T00:00:00,74.36775041230086,78.16316240222508,72.78260639501744,78.02920532226562,11564364.0
2020-02-27T00:00:00,76.80128218540561,76.82360950219737,74.14449500735763,76.19847869873047,12866412.0
2020-02-28T00:00:00,73.6756354536315,76.19846509382924,73.36307351437486,75.7072982788086,17477848.0
2020-03-02T00:00:00,77.06918042640898,78.11849596527414,74.39006648546784,75.05984497070312,12308932.0
2020-03-03T00:00:00,75.79661073314365,78.02920604192549,75.64032633619286,76.08684539794922,8409484.0
2020-03-04T00:00:00,76.24313297689396,77.2924555411508,75.6403294930289,76.46639251708984,5645364.0
2020-03-05T00:00:00,77.24779691838891,77.51571107812399,74.47938012560022,74.85891723632812,7903584.0
2020-03-06T00:00:00,72.9388945304963,73.74262342478437,71.1751387117163,72.02352905273438,10445380.0
2020-03-09T00:00:00,66.97785837269537,69.65697270760319,65.74993096919596,68.8309097290039,17134988.0
2020-03-10T00:00:00,69.41138648852858,72.44771745806787,69.2104542742713,70.37140655517578,11490700.0
2020-03-11T00:00:00,70.70628487467289,71.35373604826361,68.4290352976693,68.45136260986328,11355720.0
2020-03-12T00:00:00,64.87923061827945,65.86157133656334,62.66896229880539,63.271759033203125,22628532.0
2020-03-13T00:00:00,64.23176180931513,70.81791715508292,62.71359309923625,65.74992370605469,19999084.0
2020-03-16T00:00:00,62.177778546938136,67.62530966737708,60.815894063493374,66.0178451538086,18348340.0
2020-03-17T00:00:00,67.80391261661566,69.2774198603218,62.51265976146985,66.33039855957031,18822240.0
2020-03-18T00:00:00,64.34339696544718,67.22344343656628,62.378709083852065,64.92386627197266,16517344.0
2020-03-19T00:00:00,65.92853395204956,68.9648648061244,63.07081480312025,65.05782318115234,19306236.0
2020-03-20T00:00:00,66.35272546579422,68.1611219471475,61.641948699951165,61.64194869995117,14871244.0
2020-03-23T00:00:00,57.734916136585085,61.374043770161805,57.64561368676447,59.54331970214844,12632640.0
2020-03-24T00:00:00,61.30707102928881,66.12947845458984,61.30707102928881,66.12947845458984,14155832.0
2020-03-25T00:00:00,68.36205636532944,71.64396667480469,64.38803348310056,71.64396667480469,13178536.0
2020-03-26T00:00:00,69.05415689212735,72.51467895507812,67.87088433142166,72.51467895507812,12088568.0
2020-03-27T00:00:00,70.884896577486,71.6663048862142,69.07649312890425,70.3044204711914,8477480.0
2020-03-30T00:00:00,71.44304073829305,73.94354988946903,69.2104457152214,73.89889526367188,8368340.0
2020-03-31T00:00:00,75.17149467071548,75.26079712978222,70.95188364306722,74.5463638305664,13520708.0
2020-04-01T00:00:00,71.88956304752917,72.11282256009913,68.96486207019468,69.47836303710938,8525064.0
2020-04-02T00:00:00,69.92488783734531,70.43838203332986,67.93787256069334,70.1034927368164,9237548.0
2020-04-03T00:00:00,70.03651968671295,70.68397098323516,68.85324004915405,69.34441375732422,4319368.0
2020-04-06T00:00:00,71.48771026506695,72.76028560547121,70.88490675785285,72.49237823486328,6618580.0
2020-04-07T00:00:00,74.30077269443993,74.94823081553706,71.91189968811848,74.79194641113281,10771976.0
2020-04-08T00:00:00,74.07750369302175,74.74728223206658,72.93888562731725,74.01052856445312,6193428.0
2020-04-09T00:00:00,74.34541046744653,76.01985664914578,73.3630700701841,73.74260711669922,3888116.0
2020-04-14T00:00:00,74.81426182432499,76.68964031208361,73.22911796903472,76.57801055908203,8991612.0
2020-04-15T00:00:00,76.15382327921296,76.15382327921296,72.93888756888694,73.07283782958984,7967560.0
2020-04-16T00:00:00,74.01053308251747,75.43939269037166,73.8319281865382,75.39474487304688,9248884.0
2020-04-17T00:00:00,77.89524154006659,78.05152592212902,75.55101668916744,77.71663665771484,9836960.0
2020-04-20T00:00:00,78.52038031285332,78.52038031285332,76.95756358520867,77.44873046875,5687232.0
2020-04-21T00:00:00,76.57801815809559,76.97988258344344,74.90357169691275,74.99287414550781,6493128.0
2020-04-22T00:00:00,75.01519759696272,78.36409034682714,74.50170343398608,78.27478790283203,7168600.0
2020-04-23T00:00:00,80.2394847287494,82.4944076538086,76.06453503292124,82.4944076538086,14053692.0
2020-04-24T00:00:00,80.71378586719663,81.43504426557489,77.71603436859162,77.76111602783203,9546684.0
2020-04-27T00:00:00,79.24871668577374,79.74458051567946,77.19762512429067,77.60333251953125,6090604.0
2020-04-28T00:00:00,77.71602798418748,78.12174224853516,76.6566778640186,78.12174224853516,8696084.0
2020-04-29T00:00:00,77.96394063923199,79.04583815075001,76.67919637232627,78.21187591552734,7104788.0
2020-04-30T00:00:00,78.12174059979152,78.6401452350509,76.47635650634766,76.47635650634766,5071456.0
2020-05-04T00:00:00,74.69573632622959,75.73255240750743,72.41925048828125,72.41925048828125,9701852.0
2020-05-05T00:00:00,73.63638777080492,76.7693700246431,72.87004094855425,76.58905029296875,8202560.0
2020-05-06T00:00:00,76.76936745045147,76.83698304850307,74.3801843942113,74.40272521972656,7382620.0
2020-05-07T00:00:00,74.83097892463856,76.43128135565357,74.65066606416984,76.20588684082031,5076948.0
2020-05-08T00:00:00,76.97224258719982,78.2569943363934,76.49891263336553,77.67096710205078,2959692.0
2020-05-11T00:00:00,78.12174125013739,78.39221054441768,77.13000674745341,77.94142150878906,4495856.0
2020-05-12T00:00:00,77.51316985923597,79.54172042950178,77.08492167010098,79.29378509521484,5763408.0
2020-05-13T00:00:00,78.30205816384108,78.88808531617455,77.69349706135627,77.9639663696289,6508020.0
2020-05-14T00:00:00,76.90460866411715,77.5582513597749,74.22240852368569,75.484619140625,7079144.0
2020-05-15T00:00:00,76.85953168703915,77.7611097713446,74.80844016954529,75.64240264892578,6826844.0
2020-05-18T00:00:00,77.28778759559215,80.82648468017578,77.130015542229,80.82648468017578,5155724.0
2020-05-19T00:00:00,81.81820634102853,81.81820634102853,79.04585664616008,80.53345489501953,6648756.0
2020-05-20T00:00:00,80.01506328368812,81.45758699254,78.79793411929734,81.09695434570312,4030236.0
2020-05-22T00:00:00,80.10519857234328,80.44329029975484,79.24870228096489,80.17282104492188,4841404.0
2020-05-25T00:00:00,81.02933012110987,82.15630272362878,80.5785410801023,81.930908203125,2891272.0
2020-05-26T00:00:00,82.92263977709545,82.92263977709545,80.87154833754649,82.17884063720703,4844700.0
2020-05-27T00:00:00,82.17884893397148,83.08042707503866,81.43504284049386,82.40424346923828,7287040.0
2020-05-28T00:00:00,83.21566127871331,86.34864379664833,82.99026675399143,86.14579010009766,7050060.0
2020-05-29T00:00:00,85.62736164733013,85.62736164733013,82.719774228617,83.21564483642578,10650796.0
2020-06-01T00:00:00,84.54549407958984,84.92866067389112,82.83249418469701,84.54549407958984,4754872.0
2020-06-02T00:00:00,85.22165842750121,86.12323639155096,83.37342084980163,83.46357727050781,5787776.0
2020-06-03T00:00:00,84.20738927419316,85.31182098388672,83.44104932533402,85.31182098388672,7184420.0
2020-06-04T00:00:00,84.90611614123226,85.64991528573684,84.36516380505292,84.79341888427734,6492756.0
2020-06-05T00:00:00,85.40197495354593,87.2727534367595,84.99626760361706,87.06989288330078,7485904.0
2020-06-08T00:00:00,86.50641276704889,86.7318072837723,84.70325663326156,85.2892837524414,7356460.0
2020-06-09T00:00:00,84.90611349477159,85.58229701542496,83.50866480069018,85.22166442871094,6029576.0
2020-06-10T00:00:00,85.60483582420297,86.82197173328701,85.17658761250425,85.55976104736328,6644360.0
2020-06-11T00:00:00,84.02705915343644,84.50038893578794,83.1254812360026,83.2607192993164,8540948.0
2020-06-12T00:00:00,82.44931468060203,85.08643338048118,82.20138620533572,83.75660705566406,6750516.0
2020-06-15T00:00:00,82.02106896772293,84.61310609041969,81.75059965592997,84.56803131103516,8487892.0
2020-06-16T00:00:00,86.39371381869165,87.6784652902813,85.96546562099331,87.13751983642578,8450896.0
2020-06-17T00:00:00,88.10671753740303,90.1127274134989,87.38545919194455,89.72956085205078,8911028.0
2020-06-18T00:00:00,88.85052446643633,89.00829650676836,87.70101101375434,88.8054428100586,10222992.0
2020-06-22T00:00:00,88.4448171355649,89.05338515194889,87.47562335383766,88.5800552368164,5015608.0
2020-06-23T00:00:00,89.70702639186588,91.5552643603829,89.36893458385634,90.69876098632812,6077100.0
2020-06-24T00:00:00,90.60859361179865,90.67620921384245,88.21941041449509,88.4222640991211,5213676.0
2020-06-25T00:00:00,87.65592856624998,88.4898910522461,86.934670220181,88.4898910522461,4202416.0
2020-06-26T00:00:00,88.55751116143014,90.5860619703743,88.55751116143014,88.87306213378906,4006964.0
2020-06-29T00:00:00,88.87305562652992,89.79717452530649,88.28703538298386,89.1435317993164,4425424.0
2020-06-30T00:00:00,90.0000238838119,90.13526196369594,88.4448031613817,88.940673828125,5924832.0
2020-07-01T00:00:00,88.4898929572184,90.04511382276361,88.1292603371729,89.07592010498047,4993996.0
2020-07-02T00:00:00,89.81971586167057,90.63113750613243,88.7152840937756,90.51844024658203,3997492.0
2020-07-03T00:00:00,90.72129630569411,91.35239822424876,89.75210259966482,90.13526916503906,2616960.0
2020-07-06T00:00:00,91.96097083285285,92.5920727832488,90.47336551721057,91.62287902832031,3269260.0
2020-07-07T00:00:00,91.28479298632149,91.62288481219676,90.65369099608598,91.03685760498047,3513144.0
2020-07-08T00:00:00,89.77463753608409,91.37494005675204,89.5943246655138,90.31558990478516,3478496.0
2020-07-09T00:00:00,90.83397949142741,92.25396202736479,90.20287767067612,90.49588775634766,4565040.0
2020-07-10T00:00:00,90.04511409106931,91.91588592529297,89.81971956268114,91.91588592529297,4319084.0
2020-07-13T00:00:00,93.22317076104518,93.40348361774281,91.71302479184799,93.02031707763672,3930392.0
2020-07-14T00:00:00,92.32159930841645,92.95270123038661,91.51017763838692,92.84000396728516,7019624.0
2020-07-15T00:00:00,94.41775778877259,96.8745565441139,93.60633618630813,96.4688491821289,8673576.0
2020-07-16T00:00:00,97.23519494957465,97.28027660515679,92.54699166581801,94.64315795898438,11202420.0
2020-07-17T00:00:00,95.52218803287495,95.86027978883627,91.35238970935195,92.2990493774414,6542780.0
2020-07-20T00:00:00,92.18636444008011,92.79493243350322,91.51018083783013,92.5469970703125,4123684.0
2020-07-21T00:00:00,93.17808430196835,93.17808430196835,91.10445904291457,91.53270721435547,5239952.0
2020-07-22T00:00:00,91.32985398559276,93.3358636562521,91.1720750844815,93.0428466796875,3177276.0
2020-07-23T00:00:00,93.06540198264399,93.56127271027935,92.4568408661773,92.72731018066406,2276016.0
2020-07-24T00:00:00,91.44255059849013,91.80317629252826,89.48161571431034,90.202880859375,3956960.0
2020-07-27T00:00:00,89.93241294611603,92.05112004583934,89.61686199568827,91.66795349121094,2274644.0
2020-07-28T00:00:00,91.42001367559999,91.7806462635273,89.72955486827934,90.36065673828125,2804912.0
2020-07-29T00:00:00,90.18035672924098,91.10447571791065,89.8422649196176,90.74384307861328,3263084.0
2020-07-30T00:00:00,90.58605026731524,90.60859109353491,87.94893868348065,88.71527862548828,3423352.0
2020-07-31T00:00:00,88.39972651959066,88.78289304625726,87.13751593149536,87.20513153076172,6276716.0
2020-08-03T00:00:00,87.20514359350496,90.45082349864472,87.0022898891516,89.93241882324219,3630584.0
2020-08-04T00:00:00,90.3381114756619,90.85652294487974,87.25021099968775,87.67845916748047,3662728.0
2020-08-05T00:00:00,88.4222770753758,89.07592675736589,87.83625676234357,88.8956069946289,3046944.0
2020-08-06T00:00:00,88.89560383030424,89.72956636684998,88.30957665963658,88.96322631835938,3325188.0
2020-08-07T00:00:00,88.5575006694188,89.8422521142683,88.17433413355623,89.12098693847656,2654448.0
2020-08-10T00:00:00,89.57176842182888,89.72954731529556,88.58003404737889,89.21113586425781,2227228.0
2020-08-11T00:00:00,89.90988485206292,91.69050042597348,89.90988485206292,91.03685760498047,4334316.0
2020-08-12T00:00:00,91.03684432476241,91.03684432476241,88.62512711243137,90.3832015991211,3115360.0
2020-08-13T00:00:00,89.81970980615898,91.69048143717308,89.81970980615898,91.05937957763672,3001252.0
2020-08-14T00:00:00,91.05938723720078,91.12700284266211,88.0616428345028,88.4898910522461,3486912.0
2020-08-17T00:00:00,88.26450824746476,90.2254367296225,88.24196741648679,90.0225830078125,2519084.0
2020-08-18T00:00:00,89.45908667500154,90.33812395739709,88.78290309185188,89.07592010498047,3169068.0
2020-08-19T00:00:00,89.34638753327117,90.20289084768925,88.80544205381999,89.81971740722656,2233444.0
2020-08-20T00:00:00,89.03082815011189,89.21114100003084,87.90385564188261,88.26448822021484,3530848.0
2020-08-21T00:00:00,88.24195470780002,89.25623004926899,87.3629174542259,88.3095703125,3617492.0
2020-08-24T00:00:00,89.12098613187894,91.14953668212729,88.98574805283016,90.04510498046875,3255528.0
2020-08-25T00:00:00,90.11272461734768,91.39747610811989,90.0676498413086,90.0676498413086,3701348.0
2020-08-26T00:00:00,89.72956656292716,90.4733657836914,89.0759237812714,90.4733657836914,3077684.0
2020-08-27T00:00:00,91.64540103131762,91.96095194169325,90.24795244159037,90.49588775634766,3865968.0
2020-08-28T00:00:00,90.83398362456775,90.90159922326278,88.46734137132219,89.3689193725586,4971104.0
2020-08-31T00:00:00,89.68448011507289,91.73557166811801,89.54924202438403,90.13526916503906,5735568.0
2020-09-01T00:00:00,90.54099153464391,91.23970912178531,88.7603691252314,90.18035888671875,4049772.0
2020-09-02T00:00:00,90.78891170443967,93.24571752394033,90.15780978732639,91.28478240966797,5535540.0
2020-09-03T00:00:00,92.41174109248934,93.96696170103,89.16606180542753,89.43653106689453,6702620.0
2020-09-04T00:00:00,88.85051947017185,92.43429083883748,88.58004330410498,89.61685943603516,4633560.0
2020-09-07T00:00:00,90.1127227724991,92.07365777016483,90.0225663437719,92.05111694335938,2805016.0
2020-09-08T00:00:00,92.07365315898761,92.36666325730026,89.23368108609598,90.42827606201172,4458396.0
2020-09-09T00:00:00,90.31557723663474,92.90761393885641,90.15779833814534,92.50189971923828,3629080.0
2020-09-10T00:00:00,92.41175370843808,93.06539644433536,91.48763479565471,92.163818359375,4282328.0
2020-09-11T00:00:00,92.18635602900393,92.47936614517991,91.12699906406984,92.23143768310547,4466424.0
2020-09-14T00:00:00,93.020322670132,93.69650624114291,91.69048947768123,92.3441390991211,3961144.0
2020-09-15T00:00:00,92.07366395389423,93.51618754589393,91.8482694276913,92.84000396728516,3681664.0
2020-09-16T00:00:00,92.95269321931701,93.89935289918004,92.56952668489205,93.80919647216797,3884664.0
2020-09-17T00:00:00,92.86253405920893,94.14728546142578,92.43428588463473,94.14728546142578,4028220.0
2020-09-18T00:00:00,94.03459724370659,96.67170902159528,93.7866618940346,95.92790985107422,9253444.0
2020-09-21T00:00:00,95.13901793557878,95.20663353283777,92.34412756680352,92.4117431640625,4727508.0
2020-09-22T00:00:00,92.70476007447826,94.32760331298115,92.65968529915544,93.33586883544922,3738384.0
2020-09-23T00:00:00,94.35014851117579,95.72505647437217,94.07967233272915,94.8685531616211,4240376.0
2020-09-24T00:00:00,93.58380360763178,93.98951097555288,92.23143654323533,93.20063018798828,5312928.0
2020-09-25T00:00:00,93.26825374490743,94.48538970947266,92.02858383014261,94.48538970947266,5360928.0
2020-09-28T00:00:00,95.65743004221326,98.85803488158086,95.52219195857195,98.4297866821289,5776196.0
2020-09-29T00:00:00,98.20438953142805,99.53421574811424,97.70851886422565,98.8580322265625,4474944.0
2020-09-30T00:00:00,98.33962110271622,98.61009726375174,96.4012338364415,96.64916229248047,7592248.0
2020-10-01T00:00:00,96.94219141123702,98.09170492174484,96.1307697050847,96.716796875,4610556.0
2020-10-02T00:00:00,95.56728138063204,95.56728138063204,92.9527034388591,94.71078491210938,5054236.0
2020-10-05T00:00:00,95.1390306071796,96.94218681151945,94.71078238434791,96.55901336669922,4962088.0
2020-10-06T00:00:00,96.71678929798577,96.87456133389423,95.13902766793214,95.47711944580078,4463020.0
2020-10-07T00:00:00,95.25172102937228,97.28027161357261,95.04886734665115,95.54473114013672,4886092.0
2020-10-08T00:00:00,96.15330199478427,96.42377128715039,94.50791789928769,95.29679870605469,3048532.0
2020-10-09T00:00:00,95.4094804322454,96.87454454916882,95.02631394414624,96.26598358154297,3091336.0
2020-10-12T00:00:00,96.46884875690695,97.77613414286913,96.04060057036723,97.66343688964844,3106776.0
2020-10-13T00:00:00,97.59583147938456,98.27201506931101,96.58155609449489,97.1450424194336,3661696.0
2020-10-14T00:00:00,97.12250350019208,97.23520076739548,95.792677122891,96.4012451171875,4743324.0
2020-10-15T00:00:00,95.29679484417457,95.31933567058198,93.56126126671613,93.89935302734375,4957144.0
2020-10-16T00:00:00,94.32761035272786,95.34188573286471,93.47111389423256,94.4403076171875,8106296.0
2020-10-19T00:00:00,94.59808542496584,95.00379282084545,93.76412292638602,94.16983032226562,2606784.0
2020-10-20T00:00:00,93.89934637831037,95.0488596587459,93.83172390387652,94.3050537109375,3499164.0
2020-10-21T00:00:00,94.57554140625106,94.57554140625106,91.37493648985351,91.66795349121094,5893124.0
2020-10-22T00:00:00,89.52669970248019,91.39747133349428,89.16606712053324,91.05937957763672,5384612.0
2020-10-23T00:00:00,90.63113701962325,91.89334769551115,90.40574250173236,91.71302795410156,3926124.0
2020-10-26T00:00:00,90.38319940189847,91.03684211164968,89.36892409688963,89.61685943603516,4011052.0
2020-10-27T00:00:00,89.86478752555914,90.20287926662068,88.7828898270657,89.88732147216797,4101688.0
2020-10-28T00:00:00,87.99401621397594,89.3013085122308,87.65592444557298,88.37718963623047,5655964.0
2020-10-29T00:00:00,88.10669614285537,89.63938265195739,88.10669614285537,88.85050201416016,3912016.0
2020-10-30T00:00:00,87.81370360537738,89.21114545832168,87.4530710090227,88.55750274658203,2721128.0
2020-11-02T00:00:00,88.24194285581596,90.946676736454,87.7460722263014,90.49588775634766,5732848.0
2020-11-03T00:00:00,91.98349899369107,91.98349899369107,90.72128838824273,91.19461822509766,3649816.0
2020-11-04T00:00:00,89.79717213743642,92.6146035353134,89.23368585786102,92.00604248046875,5071200.0
2020-11-05T00:00:00,92.70477265051,94.50792899190378,92.5019189378023,93.85428619384766,4628304.0
2020-11-06T00:00:00,93.49363947838187,94.46283999310648,92.27651050682712,94.12474822998047,3326184.0
2020-11-09T00:00:00,95.7926735754934,98.56502349463318,94.86855464294844,97.75360870361328,6840060.0
2020-11-10T00:00:00,98.0916994120387,98.6326448929241,94.62061824615937,94.91363525390625,6082008.0
2020-11-11T00:00:00,94.66568883792426,97.48312005333868,94.5529915893077,97.4155044555664,5766364.0
2020-11-12T00:00:00,96.91963984014681,98.18185047888021,96.51393247128358,97.0999526977539,5118300.0
2020-11-13T00:00:00,96.51394763820868,98.63265500126717,96.4914068078419,98.20440673828125,6252876.0
2020-11-16T00:00:00,99.03834673066747,99.03834673066747,97.32534707183613,98.24946594238281,5516672.0
2020-11-17T00:00:00,98.38470194823135,99.26373914664038,97.93391293586832,98.81295013427734,4884652.0
2020-11-18T00:00:00,98.24946831444086,99.44406337835291,97.39297190359392,98.88057708740234,4916876.0
2020-11-19T00:00:00,98.4974010189103,99.91738368265923,98.15930925339916,99.30882263183594,5075908.0
2020-11-20T00:00:00,98.72279087023789,100.72880054190232,98.72279087023789,100.30055236816406,4190204.0
2020-11-23T00:00:00,100.706267126764,101.3824506756326,100.12024688720703,100.12024688720703,3245836.0
2020-11-24T00:00:00,100.63865263644816,100.7738907234167,99.24120386859786,99.3764419555664,4603372.0
2020-11-25T00:00:00,99.69197399566129,100.52593630836124,99.08341303748257,99.39896392822266,5312384.0
2020-11-26T00:00:00,99.46659663529432,100.00754897363976,98.49740297299908,98.65518188476562,3129348.0
2020-11-27T00:00:00,98.24619896315409,99.90484619140625,97.7463380893608,99.90484619140625,3925328.0
2020-11-30T00:00:00,99.24591896387805,99.51857536860108,98.10986216743284,98.20075225830078,7011176.0
2020-12-01T00:00:00,98.47340136816297,98.81421840584738,97.29190646455454,98.42796325683594,5020272.0
2020-12-02T00:00:00,98.10985823578254,99.92754903725282,97.79176373231326,98.90509796142578,5165788.0
2020-12-03T00:00:00,98.8369475174489,99.24592521635857,97.70089064943225,98.35980224609375,4183564.0
2020-12-04T00:00:00,98.01898728340377,99.54130629270175,98.01898728340377,99.38225555419922,3333032.0
2020-12-07T00:00:00,99.56402919883439,99.88212374311729,98.74606684643476,99.15504455566406,4328604.0
2020-12-08T00:00:00,99.06416728844803,101.10906982421875,98.35981058378316,101.10906982421875,4836976.0
2020-12-09T00:00:00,101.83613734314893,101.83613734314893,100.20021272909761,101.22266387939453,6659140.0
2020-12-10T00:00:00,101.33627756956618,101.33627756956618,97.49640655517578,97.49640655517578,6669620.0
2020-12-11T00:00:00,97.11014119367569,97.70089216097209,96.01952935708307,97.15558624267578,7050252.0
2020-12-14T00:00:00,97.90536343668461,98.45066925708241,96.72386864814601,97.17829132080078,4033744.0
2020-12-15T00:00:00,96.97379633510843,98.04169239783808,96.56481870007227,97.31461334228516,4107976.0
2020-12-16T00:00:00,99.33680870762615,100.54102613407393,97.47367279439032,98.72333526611328,5526960.0
2020-12-17T00:00:00,99.8366672690618,99.85938979118346,97.17829859539444,97.40550994873047,5757444.0
2020-12-18T00:00:00,97.2919155019514,98.79150505990664,97.08741971319293,97.81449890136719,7077900.0
2020-12-21T00:00:00,96.2921749190037,97.15558227717793,95.3378913344204,96.22401428222656,4862276.0
2020-12-22T00:00:00,96.65570291881787,97.5872708022043,96.4284915781841,97.38278198242188,2216332.0
2020-12-23T00:00:00,97.31461428678216,97.31461428678216,95.79230246698168,96.042236328125,2942972.0
2020-12-28T00:00:00,96.26946363471147,97.36007547556379,95.61054509134134,96.92837524414062,1719956.0
2020-12-29T00:00:00,96.92838205336632,97.70089940606786,96.67844813321366,97.67817687988281,3079772.0
2020-12-30T00:00:00,97.29191307900214,97.67816825427336,95.6787109375,95.6787109375,5220012.0
2021-01-04T00:00:00,96.24674205535867,99.35953380424668,96.11041384042801,98.63246154785156,5354800.0
2021-01-05T00:00:00,97.61001032548089,100.54103574341599,97.26919325516423,98.9278335571289,4499320.0
2021-01-07T00:00:00,103.44932510922231,104.65354942723812,101.15449601632113,102.04061889648438,6881168.0
2021-01-08T00:00:00,103.04036260961648,106.15316134295423,102.8131512256923,104.72172546386719,5939496.0
2021-01-11T00:00:00,104.26730043297313,107.10744267038218,104.22186231753919,105.78961944580078,5768536.0
2021-01-12T00:00:00,105.97137778143929,106.81206259387149,105.15341549198048,106.31219482421875,5072072.0
2021-01-13T00:00:00,106.40307689386273,107.0619953836492,105.76688786075765,105.94865417480469,3542180.0
2021-01-14T00:00:00,105.83504884190866,108.87968661672846,104.76715960898657,105.42607116699219,6594032.0
2021-01-15T00:00:00,105.4715091683166,105.9713699671694,103.26755634728481,103.63109588623047,3942104.0
2021-01-18T00:00:00,103.5174902136812,104.38089055147964,103.38116201983408,103.63109588623047,2044676.0
2021-01-19T00:00:00,104.24456414967258,104.42633738924022,102.15422389919557,102.79041290283203,5273284.0
2021-01-20T00:00:00,103.3811728851747,105.17614131331597,103.15396151619629,104.26729583740234,4444776.0
2021-01-21T00:00:00,105.03982054531227,106.65302276611328,104.13097500502337,106.65302276611328,4010144.0
2021-01-22T00:00:00,106.15313659480987,106.9029312133789,105.49421818789459,106.9029312133789,3959668.0
2021-01-25T00:00:00,107.5845798373835,108.37981960386891,105.97137778143929,106.31219482421875,4107396.0
2021-01-26T00:00:00,106.31220162475974,108.51615474929147,105.74417318379186,107.81179809570312,4828188.0
2021-01-27T00:00:00,107.81179716429394,107.81179716429394,103.83559811187003,105.06253814697266,6488296.0
2021-01-28T00:00:00,104.19912617375337,105.5851167912446,102.01789583372752,105.17613220214844,5584916.0
2021-01-29T00:00:00,102.24510601306868,105.83504251728485,102.01789466637297,103.4720458984375,10226680.0
2021-02-01T00:00:00,105.5851279703484,107.67546844482422,104.65355995281617,107.67546844482422,6747556.0
2021-02-02T00:00:00,108.42525700623482,109.5158686926688,107.33463838586084,108.40253448486328,4842776.0
2021-02-03T00:00:00,109.87941633514507,109.87941633514507,107.90267470703887,108.17533111572266,3731740.0
2021-02-04T00:00:00,108.42526245117188,108.60702876339221,107.44824945465162,108.42526245117188,4113616.0
2021-02-05T00:00:00,108.76608981071945,109.01601678025946,106.72118740141448,106.83479309082031,3801880.0
2021-02-08T00:00:00,107.49369229731454,107.7663417600589,107.01654707008662,107.4028091430664,2953844.0
2021-02-09T00:00:00,107.63002669344888,108.53887215614571,106.72118123075205,107.26648712158203,4682928.0
2021-02-10T00:00:00,107.94812379397983,107.94812379397983,105.67601008303073,106.72118377685547,3115372.0
2021-02-11T00:00:00,106.7211866448881,107.40282077649113,106.33492453007003,107.28921508789062,3063812.0
2021-02-12T00:00:00,107.47097413818224,112.24241273628336,107.06199646049264,111.83343505859375,6495496.0
2021-02-15T00:00:00,112.6286740961803,112.83316293370197,111.53805540616403,112.28785705566406,3196936.0
2021-02-16T00:00:00,112.62867734455514,114.1509893424025,112.0379264038341,113.96922302246094,3814644.0
2021-02-17T00:00:00,113.26485982106678,114.15098271372138,111.28811827027246,111.94703674316406,6660016.0
2021-02-18T00:00:00,111.42446265630018,112.92405919538122,111.42446265630018,112.90133666992188,4995120.0
2021-02-19T00:00:00,113.35575804978934,115.96868896484375,113.10582414069157,115.96868896484375,5810232.0
2021-02-22T00:00:00,114.83261429006141,115.33248203096841,113.6511194367341,113.8328857421875,4756756.0
2021-02-23T00:00:00,114.19643333950913,114.19643333950913,109.56132288420511,111.21996307373047,6091700.0
2021-02-24T00:00:00,111.10636096210706,112.65139551888315,110.44744936977433,112.37874603271484,5357488.0
2021-02-25T00:00:00,113.31031556413016,113.92378211668822,111.08363992723179,111.46990203857422,3646008.0
2021-02-26T00:00:00,110.19750865851603,110.78825957625698,109.35682386012233,109.5385971069336,4712912.0
2021-03-01T00:00:00,110.74281959720486,112.76499938964844,110.24295874697266,112.76499938964844,3717888.0
2021-03-02T00:00:00,113.33304402414184,114.51454608269874,112.46964347407912,113.87835693359375,3239728.0
2021-03-03T00:00:00,114.37818494251364,114.83260761366701,112.19695473418956,113.1512451171875,3221904.0
2021-03-04T00:00:00,112.76499351357756,112.76499351357756,109.67492461078969,110.28839111328125,4894164.0
2021-03-05T00:00:00,109.47043761009228,109.83397719657714,107.92540303495765,107.9708480834961,4842300.0
2021-03-08T00:00:00,108.44798842985224,110.94731359900732,107.22104836996432,110.62921905517578,4667244.0
2021-03-09T00:00:00,110.49289104725823,112.62868356113086,109.22051286955669,112.49235534667969,3549820.0
2021-03-10T00:00:00,112.49236440152849,112.96950972354394,111.33358488633142,112.62869262695312,3394656.0
2021-03-11T00:00:00,113.10581950722604,116.37766884876113,112.83317001805871,116.24134063720703,5918720.0
2021-03-12T00:00:00,116.24134539912154,116.24134539912154,114.42365432777935,115.96868896484375,4488212.0
2021-03-15T00:00:00,116.46853481085506,116.92295752001623,113.74200548982832,114.10554504394531,3918596.0
2021-03-16T00:00:00,114.01466762358089,114.92351314288865,113.74201812815319,114.65086364746094,4754896.0
2021-03-17T00:00:00,114.51453148826654,114.69629781229064,113.31031399024006,114.01466369628906,6318440.0
2021-03-18T00:00:00,114.3327618831039,114.60541136131552,112.4696259125918,113.37847137451172,5124836.0
2021-03-19T00:00:00,112.4696371984678,113.58297161425023,111.67439733948873,112.44691467285156,7508676.0
2021-03-22T00:00:00,111.56077225431949,113.8783307855209,111.10634955674588,113.8328857421875,4697364.0
2021-03-23T00:00:00,113.49206842672248,115.83234253962343,113.15125140442002,115.10527038574219,4621616.0
2021-03-24T00:00:00,115.69603181445918,118.33167814647834,114.92350761306662,117.01385498046875,5696520.0
2021-03-25T00:00:00,116.55942174414912,117.92268983472397,115.51424815458707,116.7411880493164,4330344.0
2021-03-26T00:00:00,117.69549693080198,119.42229790232491,117.10475287946053,118.87699890136719,5793420.0
2021-03-29T00:00:00,119.42229786955062,120.64924489016283,119.19508648557668,119.46774291992188,4922768.0
2021-03-30T00:00:00,120.4674830717867,121.4672048780131,119.74040384224206,121.28543853759766,4451464.0
2021-03-31T00:00:00,121.46719472842405,121.46719472842405,120.37658290917815,120.78556060791016,4539964.0
2021-04-01T00:00:00,122.01251904376142,123.14857601809811,121.10367346429206,122.4669418334961,2644772.0
2021-04-06T00:00:00,124.3755155453961,124.3755155453961,122.1942779663856,124.33007049560547,5184480.0
2021-04-07T00:00:00,124.28462600016334,124.64815866434549,122.28516861139711,122.60325622558594,4244572.0
2021-04-08T00:00:00,123.37577668239263,124.9662563081325,123.37577668239263,124.8753662109375,3850528.0
2021-04-09T00:00:00,125.3752089262566,125.69331033491558,124.33004235702687,125.64786529541016,2998048.0
2021-04-12T00:00:00,125.46612853457648,125.55700476709667,123.8756488527094,124.23918151855469,3197732.0
2021-04-13T00:00:00,124.23916590373365,125.46611276554839,123.73929815010985,124.46637725830078,4197824.0
2021-04-14T00:00:00,124.51183660608454,124.51183660608454,122.87591189169824,123.05767822265625,3849944.0
2021-04-15T00:00:00,123.46667116703266,124.69360431547398,123.37578106660784,123.6484375,3951480.0
2021-04-16T00:00:00,123.64845139772622,126.78396606445312,123.42123998900855,126.78396606445312,5454112.0
2021-04-19T00:00:00,127.05660451526215,127.2383708428899,123.8302001953125,123.8302001953125,4652364.0
2021-04-20T00:00:00,123.83020113565374,124.87536792836151,120.33114036375036,120.69468688964844,7875724.0
2021-04-21T00:00:00,120.96734426175244,122.83046648348682,120.96734426175244,122.69414520263672,3964620.0
2021-04-22T00:00:00,122.92136270393621,123.64844192973568,122.28517358181772,123.01225280761719,3164416.0
2021-04-23T00:00:00,122.69412139463547,124.14827949164959,122.10337746840565,123.96649932861328,2808964.0
2021-04-26T00:00:00,123.73930506377486,124.19372779829902,122.3760368602024,122.83045959472656,2786340.0
2021-04-27T00:00:00,122.92132938688789,125.87507667344897,120.740106168579,123.33030700683594,5454768.0
2021-04-28T00:00:00,123.89075943547373,123.89075943547373,119.77326724499507,120.9170150756836,4949920.0
2021-04-29T00:00:00,122.28951205114583,122.28951205114583,119.13277084167558,119.4530258178711,4715284.0
2021-04-30T00:00:00,119.7275270445719,119.91052390290261,117.34852600097656,117.34852600097656,3013128.0
2021-05-03T00:00:00,117.25703232055362,119.4072840158913,117.25703232055362,118.35504150390625,3885468.0
2021-05-04T00:00:00,119.27003649864065,119.27003649864065,115.70153467651492,116.06753540039062,6123728.0
2021-05-05T00:00:00,117.57728187260429,120.00202178955078,116.61653086261501,120.00202178955078,5494572.0
2021-05-06T00:00:00,120.36802251906106,120.36802251906106,118.0347741903864,119.36151885986328,4738728.0
2021-05-07T00:00:00,120.2765265962043,120.50527617663138,118.30928578923799,119.54452514648438,4048888.0
2021-05-10T00:00:00,120.23076776923509,124.16526314470806,118.12628290581608,119.63602447509766,3848160.0
2021-05-11T00:00:00,118.72102844598017,118.99553072606973,115.79303670247874,116.43353271484375,4239256.0
2021-05-12T00:00:00,116.47927959038498,118.03477381733008,115.97602776237665,116.61652374267578,2060452.0
2021-05-14T00:00:00,118.0347774935954,119.72752988731834,117.0740265123409,119.63602447509766,4104832.0
2021-05-17T00:00:00,119.86478419627959,119.86478419627959,116.89103955018868,117.80603790283203,3067376.0
2021-05-18T00:00:00,118.76677773219849,119.04128000438175,117.85177946609798,118.12628173828125,3275500.0
2021-05-19T00:00:00,116.43353181190538,116.70803408986617,114.30616359079937,115.0152816772461,5525052.0
2021-05-20T00:00:00,115.79304857816142,116.84529113769531,115.15254551922374,116.84529113769531,3460088.0
2021-05-21T00:00:00,117.48577856420687,118.17202730339444,116.25053921072903,117.394287109375,2822088.0
2021-05-24T00:00:00,117.5772824357884,118.08053429693295,116.98253214013114,117.30278015136719,1255588.0
2021-05-25T00:00:00,117.30278350384923,118.72103371242028,117.30278350384923,118.26353454589844,2343888.0
2021-05-26T00:00:00,118.72101882529786,118.76677152856615,115.97602417037767,116.25052642822266,2563132.0
2021-05-27T00:00:00,116.15903371381734,117.53153119124353,115.79303997121022,116.02178955078125,6850580.0
2021-05-28T00:00:00,116.15904312542783,116.66229503361258,115.06104784687672,116.20479583740234,3245144.0
2021-05-31T00:00:00,116.02178537584709,116.70803408986617,115.0152816772461,115.0152816772461,3298688.0
2021-06-01T00:00:00,115.93028445555287,118.4922825462024,115.83878601964749,117.48577880859375,3467292.0
2021-06-02T00:00:00,117.80604378173915,118.62953675550641,116.57079734020446,116.93679809570312,3175932.0
2021-06-03T00:00:00,117.66877942098371,117.66877942098371,115.38127683675204,117.25701904296875,3300168.0
2021-06-04T00:00:00,117.5772746940071,118.12627922670077,116.021780467062,116.61652374267578,2361484.0
2021-06-07T00:00:00,116.75379347667788,117.53154071405856,115.79304935316661,116.20479583740234,2553768.0
2021-06-08T00:00:00,116.20479329427084,116.89104207356772,115.79304681904614,116.66229248046875,599836.0
2021-06-09T00:00:00,116.20477732403815,117.5772746940071,115.7930309054005,116.61652374267578,3385836.0
2021-06-10T00:00:00,117.02827869508263,117.02827869508263,116.20477886599745,116.7080307006836,3503984.0
2021-06-11T00:00:00,116.89103192090988,117.89753562783153,116.29628163433335,117.11978149414062,3196604.0
2021-06-14T00:00:00,117.6687843225368,118.90402362274074,117.02828133838904,117.62303161621094,2956732.0
2021-06-15T00:00:00,118.2177743562711,120.32227318145577,118.17202165016074,119.63602447509766,4061824.0
2021-06-16T00:00:00,119.63602886969896,121.78628047997937,119.63602886969896,120.73402404785156,4912024.0
2021-06-17T00:00:00,119.86477224314713,120.59677364461868,118.99552668717206,119.4530258178711,4026332.0
2021-06-18T00:00:00,119.54452001524022,121.78627697661511,119.04128212931438,119.08702087402344,5005736.0
2021-06-21T00:00:00,118.3550187079563,121.64900373827092,117.94325836262344,121.145751953125,3209096.0
2021-06-22T00:00:00,121.4660246582741,122.01502922448685,119.63602805325301,120.00202178955078,4055548.0
2021-06-23T00:00:00,120.13928132250368,120.73402464141178,118.03478240966797,118.03478240966797,3998660.0
2021-06-24T00:00:00,118.58379036859124,120.00202662521974,118.26353536510094,119.6817855834961,3539056.0
2021-06-28T00:00:00,120.64253663220035,120.73402808907854,119.2700391231276,119.6817855834961,2906068.0
2021-06-29T00:00:00,119.49879226797425,122.24378736789618,119.36153413591792,122.10652923583984,3623608.0
2021-06-30T00:00:00,122.10651964109519,122.33526921478094,118.67527603580908,119.86477661132812,4213572.0
2021-07-01T00:00:00,120.87128621704579,121.46602955293733,118.67528182546943,119.6817855834961,2938148.0
2021-07-02T00:00:00,120.04777531628541,121.4660254872087,119.91053115467865,120.73402404785156,3792872.0
2021-07-05T00:00:00,120.73404441558327,120.87130256211155,119.1785498206426,120.50529479980469,1803624.0
2021-07-06T00:00:00,120.36803968924514,121.78628997069158,119.2700444255266,120.23078155517578,2742300.0
2021-07-07T00:00:00,120.87129132945047,123.5705337524414,120.6882804844201,123.5705337524414,3548152.0
2021-07-08T00:00:00,123.43324647741078,123.43324647741078,120.82551009259345,121.69475555419922,3141296.0
2021-07-09T00:00:00,122.79276369860426,124.80575707823408,122.5182614282535,124.21101379394531,4134768.0
2021-07-12T00:00:00,124.302528414803,125.76651736220505,123.8907679978849,124.98877716064453,3055720.0
2021-07-13T00:00:00,125.12602233886719,125.85802379938207,124.43977358746572,125.12602233886719,3631244.0
2021-07-14T00:00:00,125.03450024150871,125.76650160437737,124.25676013739461,125.72074890136719,2397240.0
2021-07-15T00:00:00,125.81225911460724,126.49850780068692,124.71426400923282,125.4005126953125,2342496.0
2021-07-16T00:00:00,125.8580163999174,128.46575312486854,123.4790152835523,127.87100982666016,7898120.0
2021-07-19T00:00:00,128.14551359044157,129.42650561457006,126.36126971334619,127.2762680053711,3958724.0
2021-07-20T00:00:00,128.64876522342436,131.48525154679174,127.96251650557913,130.7532501220703,3899832.0
2021-07-21T00:00:00,131.89699948775487,132.12574906297593,129.42650686772066,130.15850830078125,3298636.0
2021-07-22T00:00:00,130.66175354280998,132.76625232063958,130.66175354280998,132.26300048828125,2404708.0
2021-07-23T00:00:00,132.3544971896236,134.09300231933594,131.8055065921612,134.09300231933594,2834696.0
2021-07-26T00:00:00,133.81848985029805,134.4589858127841,133.13224118439908,133.86424255371094,2209344.0
2021-07-27T00:00:00,133.40675174608862,134.6877437507872,131.9427489163482,133.2237548828125,2989304.0
2021-07-28T00:00:00,132.58323655408248,133.58974018124988,131.94274059214177,133.17799377441406,2534428.0
2021-07-29T00:00:00,133.9100260628097,134.41326403082576,132.76627802319487,133.26951599121094,2783852.0
2021-07-30T00:00:00,132.44601440429688,133.58976236979169,131.3022664388021,133.13226318359375,4082188.0
2021-08-02T00:00:00,133.9100173848371,134.32176386006176,133.08651047262055,133.81851196289062,2897996.0
2021-08-03T00:00:00,133.91001230378163,134.50475563856523,132.6747589632106,134.04725646972656,2026772.0
2021-08-04T00:00:00,134.5047456375276,136.0144871977324,133.91000234696588,135.8772430419922,2585596.0
2021-08-05T00:00:00,135.8315071166128,136.88376363375613,135.3282552137849,136.65501403808594,3060148.0
2021-08-06T00:00:00,136.79224801354317,136.97524488408428,136.10599927768928,136.42625427246094,2281472.0
2021-08-09T00:00:00,136.19748958003407,137.5699868994361,135.87723462080103,137.11248779296875,1732568.0
2021-08-10T00:00:00,137.06676226101024,138.48501256455478,137.06676226101024,138.21051025390625,2055312.0
2021-08-11T00:00:00,138.62224179758837,139.948986533991,138.16474264974156,139.6744842529297,3602964.0
2021-08-12T00:00:00,139.67448908438558,140.1319882480577,138.9425015919234,139.354248046875,2789380.0
2021-08-13T00:00:00,138.89674035697143,139.49148364853002,137.70723981208866,137.9359893798828,2294716.0
2021-08-16T00:00:00,137.75299747819832,137.75299747819832,135.74000400147906,136.33474731445312,2513900.0
2021-08-17T00:00:00,135.69425129391968,136.65500230560292,135.19099943429833,136.33474731445312,3422940.0
2021-08-18T00:00:00,136.65499882139304,136.83799568519882,134.18449229383475,134.687744140625,2475008.0
2021-08-19T00:00:00,133.08652899799293,133.77277787281426,132.03428630797455,133.4067840576172,3861948.0
2021-08-20T00:00:00,133.91000074324936,137.15823339216863,133.4525016139069,137.06674194335938,3715584.0
2021-08-23T00:00:00,137.57001775408773,138.71376577677964,135.4655185999811,137.20401000976562,2198204.0
2021-08-24T00:00:00,138.2104727163521,138.62221908961206,136.70071739871395,137.56997680664062,2077360.0
2021-08-25T00:00:00,137.47850214571338,137.7987571530557,136.74650067305006,137.6614990234375,1399804.0
2021-08-26T00:00:00,136.97525533337304,137.524259948644,136.19751508380105,136.7465057373047,1619828.0
2021-08-27T00:00:00,136.8837856803933,137.61577333501873,135.92303443148543,137.2955322265625,1918092.0
2021-08-30T00:00:00,137.15824382613036,137.61574299027592,136.74649737075265,137.38699340820312,1719756.0
2021-08-31T00:00:00,138.16475061205153,138.8052466635951,135.32825014722985,135.51126098632812,4899312.0
2021-09-01T00:00:00,136.65501920286567,137.29551530259587,133.58976892032908,135.05377197265625,2543648.0
2021-09-02T00:00:00,134.9165089775912,136.15176238114807,134.27601290091135,136.0602569580078,2479952.0
2021-09-03T00:00:00,136.06023292805853,136.47197933593543,134.87073244615252,135.2367401123047,2638916.0
2021-09-06T00:00:00,135.60274946038876,137.84449257234868,135.60274946038876,137.38699340820312,2037072.0
2021-09-07T00:00:00,136.9294839080131,137.11249472927005,134.96224323538988,135.78573608398438,3085900.0
2021-09-08T00:00:00,134.41322310211143,134.41322310211143,132.21723311943535,133.7269744873047,4542336.0
2021-09-09T00:00:00,132.4917736119676,136.1975199942344,131.8512775122374,135.05377197265625,3227636.0
2021-09-10T00:00:00,135.41975558465506,137.2039995719644,135.0995005779576,136.197509765625,3553152.0
2021-09-13T00:00:00,136.79222959713312,138.25623228789516,136.24322509765625,136.24322509765625,3365436.0
2021-09-14T00:00:00,135.28249997817673,137.98174208579476,135.28249997817673,137.9359893798828,3494472.0
2021-09-15T00:00:00,138.30198964771523,139.07974379972282,136.19750469384297,136.42625427246094,3912632.0
2021-09-16T00:00:00,136.65499551930424,138.16473706142824,135.87724141471585,137.06674194335938,3274680.0
2021-09-17T00:00:00,138.21049996590793,138.62224642034775,135.7857460243997,135.92300415039062,4748996.0
2021-09-20T00:00:00,133.58977288440266,134.00151939203516,129.19777755886315,129.2435302734375,5148400.0
2021-09-21T00:00:00,129.01475877008838,130.70751118972143,128.51150691870296,128.6945037841797,3984184.0
2021-09-22T00:00:00,129.74677046039452,130.43301923155835,128.2370147867739,129.60951232910156,3789688.0
2021-09-23T00:00:00,130.93628935285108,132.2630343694687,130.25004048614173,131.85128784179688,3098396.0
2021-09-24T00:00:00,131.21075070773782,131.43950028286412,128.69450538134853,129.47225952148438,2792452.0
2021-09-27T00:00:00,130.2500220812867,130.66176855077708,126.91026969149371,127.45927429199219,2887156.0
2021-09-28T00:00:00,126.72725874654363,127.27626328610846,121.69476832700579,122.15226745605469,6835620.0
2021-09-29T00:00:00,122.15228682948089,123.52478443430651,120.91703340043077,121.10004425048828,4376968.0
2021-09-30T00:00:00,121.69477158550914,122.38102029745751,120.41377957457853,121.74052429199219,5337472.0
2021-10-01T00:00:00,119.77326732466163,122.60976753136204,119.17852403701421,121.60326385498047,4694116.0
2021-10-04T00:00:00,121.10003001028497,123.2960203350715,120.36802858143413,121.23727416992188,5207636.0
2021-10-05T00:00:00,121.78627901324712,124.66851806640625,120.96277216822592,124.66851806640625,4895728.0
2021-10-06T00:00:00,123.75352807554518,124.21102725512205,120.64253923912919,122.65553283691406,4379164.0
2021-10-07T00:00:00,123.79927247591112,125.08026450803385,122.38102232206853,124.66851806640625,4103456.0
2021-10-08T00:00:00,124.66852227298213,125.26326560187141,121.69477770500274,122.33527374267578,2443664.0
2021-10-11T00:00:00,122.15228449728802,122.70128911344345,120.68828149538511,121.64903259277344,2042648.0
2021-10-12T00:00:00,120.0020269595911,122.7927746948351,119.59028049807534,122.51827239990234,2352276.0
2021-10-13T00:00:00,122.33525030746792,125.03449206742982,121.23725531582828,124.25675201416016,4469848.0
2021-10-14T00:00:00,125.21753942136097,126.17827659340435,123.93653325568997,126.13253784179688,3040992.0
2021-10-15T00:00:00,127.00174894669887,127.96249981874955,125.90375393368271,127.18474578857422,4372764.0
2021-10-18T00:00:00,126.31552556672953,127.50502621932695,125.6750295112592,126.7272720336914,3350348.0
2021-10-19T00:00:00,127.50506688402231,128.09981041911684,126.68155972569376,127.6423110961914,2723344.0
2021-10-20T00:00:00,127.55075484346132,127.91676253308367,125.76651098707038,127.87100982666016,4368912.0
2021-10-21T00:00:00,124.76003777020972,126.91027563910392,120.73403642199982,123.84503936767578,7216536.0
2021-10-22T00:00:00,124.04079148824277,128.83108973663744,122.70504119289728,128.41653442382812,4792080.0
2021-10-25T00:00:00,128.41649507687342,129.199528142775,126.29772618143167,127.26498413085938,2906752.0
2021-10-26T00:00:00,127.2650028068371,129.56802503683076,126.66622264965162,127.81773376464844,3396924.0
2021-10-27T00:00:00,127.90985977760987,128.55470318818675,124.96198008948905,125.4225845336914,3892248.0
2021-10-28T00:00:00,124.77774525109855,126.98865509033203,124.77774525109855,126.98865509033203,4088924.0
2021-10-29T00:00:00,126.5740894659155,127.40318585892952,124.77773503251561,127.08075714111328,4624788.0
2021-11-01T00:00:00,127.49532262807641,128.14018018671035,126.62017687118846,126.85047912597656,2642888.0
2021-11-02T00:00:00,126.71229226002382,127.12683347090498,125.79108332182886,126.5280532836914,3565732.0
2021-11-03T00:00:00,126.66620983297979,127.5874186317651,126.15954218234172,127.21894073486328,3028268.0
2021-11-04T00:00:00,127.35711669921875,127.86378435091963,125.69893804662078,127.35711669921875,2813648.0
2021-11-05T00:00:00,126.52805450342508,126.94259571830243,125.37654331958078,125.92926025390625,2376728.0
2021-11-08T00:00:00,125.92925600329552,130.48923732609495,125.6068413166217,129.8904571533203,3351976.0
2021-11-09T00:00:00,129.6140794999678,130.76559053684835,127.77166184095893,128.1862030029297,3008932.0
2021-11-10T00:00:00,128.64680558130928,129.19953649373446,126.75833875300714,128.14015197753906,3260800.0
2021-11-11T00:00:00,128.4165172651377,131.31833378439737,128.09410257846386,129.8904571533203,2354024.0
2021-11-12T00:00:00,129.56803960432964,130.5813751220703,128.96925937982252,130.5813751220703,2630632.0
2021-11-15T00:00:00,129.98259356051918,130.9038025466135,129.52198906747205,130.81167602539062,1938664.0
2021-11-16T00:00:00,130.99588717532498,132.1934614140757,129.79831293657426,131.87103271484375,2423872.0
2021-11-17T00:00:00,131.77892976154072,132.56194885581257,130.35105322235697,132.51589965820312,3778908.0
2021-11-18T00:00:00,132.42377364844606,132.42377364844606,130.71953163453165,131.2722625732422,2846444.0
2021-11-19T00:00:00,131.2722732407915,133.20681762695312,130.85773203133766,133.20681762695312,4186552.0
2021-11-22T00:00:00,133.25284638223113,135.46375592096547,133.25284638223113,134.1280059814453,3151084.0
2021-11-23T00:00:00,133.39104439934496,133.75952231703081,129.61408248867326,129.98257446289062,3455008.0
2021-11-24T00:00:00,130.3510623595864,132.6080214053893,129.52197995305718,130.90379333496094,3145856.0
2021-11-25T00:00:00,130.9498248012023,133.85164094412542,130.9498248012023,132.88436889648438,2191176.0
2021-11-26T00:00:00,128.55472503741714,130.0747143390103,126.57411715680252,127.54138946533203,5982884.0
2021-11-29T00:00:00,128.55472421360938,130.25895250196933,127.95592990429283,128.41653442382812,4212412.0
2021-11-30T00:00:00,126.02137923655981,130.62742369654714,125.10017034456234,127.81773376464844,3913008.0
2021-12-01T00:00:00,128.50865024458307,130.25894165039062,128.18622148515541,130.25894165039062,3478048.0
2021-12-02T00:00:00,128.46256930483156,129.6601436023406,127.49529721620766,129.1995391845703,3880100.0
2021-12-03T00:00:00,131.0419577590315,131.5946886867788,128.4625701904297,128.4625701904297,3463020.0
2021-12-06T00:00:00,130.3510347536097,132.3776911398864,129.8443671429081,131.96315002441406,4041552.0
2021-12-07T00:00:00,133.57529313624926,137.9049722403936,133.0225621627276,137.2140655517578,4827356.0
2021-12-08T00:00:00,136.75344373715575,139.24070468927732,136.4310290906299,138.1813201904297,5475452.0
2021-12-09T00:00:00,138.78011701333085,139.19467226908571,135.83225130532094,136.43104553222656,4252388.0
2021-12-10T00:00:00,136.0164794921875,136.89163913469713,135.5098258758268,136.0164794921875,2719028.0
2021-12-13T00:00:00,136.38497661765155,138.36557007429337,136.01648463410365,136.8455810546875,3449708.0
2021-12-14T00:00:00,137.49041467275836,138.78010138208478,132.976497133585,133.16073608398438,4574684.0
2021-12-15T00:00:00,133.25284990715807,136.93768517932594,133.25284990715807,136.2007293701172,5086716.0
2021-12-16T00:00:00,138.64194513155982,139.6092173275052,137.12195600688347,138.78012084960938,6053576.0
2021-12-17T00:00:00,138.68795492828852,139.5170370300567,135.37159840816085,136.3849334716797,5330924.0
2021-12-20T00:00:00,133.34498283542428,135.46376603029867,133.02255411096428,135.04922485351562,2857156.0
2021-12-21T00:00:00,137.07590238815487,137.85892160638724,135.97045439642255,137.6746826171875,3960180.0
2021-12-22T00:00:00,138.0891985030428,140.02374267578125,137.30617942857728,140.02374267578125,3076656.0
2021-12-23T00:00:00,140.4843518734735,143.5704071929789,140.02374744110148,143.3861541748047,3265796.0
2021-12-27T00:00:00,142.833443321917,143.66252571258718,142.00434687471446,143.47828674316406,1811748.0
2021-12-28T00:00:00,143.2479852756826,144.58373538173777,142.87950733488543,144.4916229248047,1500116.0
2021-12-29T00:00:00,144.90616147555392,145.32070266551204,143.98495258385495,144.9522247314453,1925964.0
2021-12-30T00:00:00,144.95220422933684,145.04431667155902,143.93886896918173,144.12310791015625,2744924.0
2022-01-03T00:00:00,144.7679699812079,147.25524520435468,144.30736554085212,146.1958465576172,2474968.0
2022-01-04T00:00:00,146.28797214336433,148.86735980435435,146.1037331796933,148.4528045654297,2505356.0
2022-01-05T00:00:00,149.65037141851434,149.6964346712579,146.9328081850193,147.07098388671875,1623044.0
2022-01-07T00:00:00,145.59708990510816,146.01163115702315,140.66861597530155,141.2674102783203,5888800.0
2022-01-10T00:00:00,142.55710223606454,143.47831129736383,134.95712748034543,135.27955627441406,3801180.0
2022-01-11T00:00:00,135.9704259683709,138.31949718846926,135.8782994647655,137.95101928710938,3104844.0
2022-01-12T00:00:00,139.5631636343364,142.05042512542377,139.14862239524416,141.45164489746094,3761892.0
2022-01-13T00:00:00,141.4516493752681,142.55709740001956,138.3195302391823,139.01043701171875,3020948.0
2022-01-14T00:00:00,137.44436807005334,137.81286007201945,133.48316690224652,133.9437713623047,3340184.0
2022-01-17T00:00:00,134.81894978547902,135.41773004401222,133.11470742421608,134.49652099609375,3657176.0
2022-01-18T00:00:00,133.6674179091314,134.08195910560528,130.9037911905955,131.6407470703125,3275764.0
2022-01-19T00:00:00,130.8116503821479,134.17405689964008,130.39710923097545,132.65406799316406,3623668.0
2022-01-20T00:00:00,132.93042491445937,135.1873835317932,130.94981767581666,134.77284240722656,3112684.0
2022-01-21T00:00:00,132.56196495038427,133.5753004383923,131.08803903463925,133.29893493652344,3867048.0
2022-01-24T00:00:00,132.4237742377087,133.71346102506325,124.31713342089392,125.23834228515625,6083672.0
2022-01-25T00:00:00,126.20562424770623,127.9559156037109,118.23717257292769,118.83595275878906,11415384.0
2022-01-26T00:00:00,122.19835111355303,125.46864541685629,120.07958195551291,124.50137329101562,6450708.0
2022-01-27T00:00:00,121.55350889382494,122.84320975962882,120.44806104923018,120.86260223388672,4871444.0
2022-01-28T00:00:00,120.81654539763683,122.19835879092982,117.77656014935208,121.4614028930664,5684148.0
2022-01-31T00:00:00,124.08682338198898,126.34378214583924,122.98137562587158,125.10015869140625,5703816.0
2022-02-01T00:00:00,126.20560455322266,128.09408538886532,125.74500015704301,126.20560455322266,4378344.0
2022-02-02T00:00:00,127.90986368138854,128.5086438545134,125.83714361921896,128.37046813964844,4443628.0
2022-02-03T00:00:00,127.95590940926563,128.23227488802752,124.08683487619561,124.40926361083984,4665400.0
2022-02-04T00:00:00,124.36319919419697,125.83713902948173,120.67836366251706,121.36927032470703,4845964.0
2022-02-07T00:00:00,122.01410978070707,122.84320618240866,120.1716920745234,122.06017303466797,3662592.0
2022-02-08T00:00:00,121.87595437073875,122.84322663886641,120.07959961937817,120.63231658935547,3963496.0
2022-02-09T00:00:00,122.24440892293484,124.96197215997834,121.9219942663714,123.76441192626953,4079160.0
2022-02-10T00:00:00,124.54743166989027,125.46864050481035,120.77048388063666,121.13896179199219,8378548.0
2022-02-11T00:00:00,119.5729170524963,120.30988697777,117.26989482134857,117.73049926757812,4586888.0
2022-02-14T00:00:00,114.73656377406226,115.33534389714053,113.12444830489467,114.59838104248047,5051736.0
2022-02-15T00:00:00,114.96686963187878,118.00686171007527,114.22989972556874,117.68443298339844,7082224.0
2022-02-16T00:00:00,118.14504139817605,118.42140687941976,115.84201914869894,116.9935302734375,3338868.0
2022-02-17T00:00:00,117.17777813332592,118.09898710301641,115.519606204843,115.74990844726562,3755348.0
2022-02-18T00:00:00,115.70383194810758,116.25655586102333,113.14747594407315,113.76929473876953,4285628.0
2022-02-21T00:00:00,114.66747579349543,115.24323135284043,110.77536961797651,112.0650634765625,3244832.0
2022-02-22T00:00:00,109.78507885935487,113.49293924130131,109.57780122406444,112.04203796386719,8005692.0
2022-02-23T00:00:00,112.13415818724081,113.60809110361363,111.00567862759287,111.1668930053711,4052624.0
2022-02-24T00:00:00,104.92569411275147,109.48567531285975,104.21175581642221,108.1499252319336,7278172.0
2022-02-25T00:00:00,109.9923449189863,113.19354446566835,108.9559848984461,112.84809112548828,7059888.0
2022-02-28T00:00:00,110.79838802016413,113.97655551706889,110.31475200239203,113.86140441894531,6705716.0
2022-03-01T00:00:00,113.83839279034262,114.2299094040421,110.36083463876018,110.40689086914062,5314328.0
2022-03-02T00:00:00,107.7584179581257,114.09172963263718,107.7584179581257,113.10143280029297,7510180.0
2022-03-03T00:00:00,111.92688142364894,112.4105175021204,108.26507744939266,108.42628479003906,6674760.0
2022-03-04T00:00:00,106.81416764038119,108.74871192576715,104.46508919540202,104.99478149414062,6211132.0
2022-03-07T00:00:00,99.83600854284032,109.85415472880008,99.83600854284032,108.05780029296875,9516500.0
2022-03-08T00:00:00,105.1329633755539,109.39355444334743,103.61296731868788,104.85659790039062,7342840.0
2022-03-09T00:00:00,108.21902051655587,109.83113618681648,104.34994571923701,109.78507995605469,8972012.0
2022-03-10T00:00:00,110.68324583707779,112.57171978145345,108.77173323730342,111.48930358886719,9219980.0
2022-03-11T00:00:00,111.62748952716592,114.34505292845935,110.84445635177009,113.3086929321289,7816772.0
2022-03-14T00:00:00,115.84201535314331,116.48685875056219,113.76929539652643,114.41413879394531,5503664.0
2022-03-15T00:00:00,113.93051213404962,114.8056577671063,110.98263947291956,113.81536102294922,3493388.0
2022-03-16T00:00:00,117.63836347134664,121.73773990794807,116.02624803677622,120.72441864013672,7214052.0
2022-03-17T00:00:00,121.23109700424907,122.52078384314291,118.88201149519814,120.77049255371094,6752420.0
2022-03-18T00:00:00,120.90868487119465,122.33656167526608,120.81655834582196,122.19837188720703,7328600.0
2022-03-21T00:00:00,122.24443514989339,123.1195809147971,120.8626216085083,122.19837188720703,3216064.0
2022-03-22T00:00:00,122.65895911815676,122.65895911815676,120.58623909812874,121.7838134765625,3142964.0
2022-03-23T00:00:00,121.73773947387927,122.38259689063298,118.329269664247,120.2177505493164,3354508.0
2022-03-24T00:00:00,120.2177531038884,121.00078623713928,117.54624607370441,118.2371597290039,3909828.0
2022-03-25T00:00:00,118.23716222132717,118.51351363274087,111.30505715004688,111.8577880859375,5783616.0
2022-03-28T00:00:00,112.34143092966598,114.41415110938871,111.65052420309172,113.60809326171875,3992384.0
2022-03-29T00:00:00,114.34504631322075,115.79594741283753,112.525660275018,113.70020294189453,6479456.0
2022-03-30T00:00:00,109.46264200932795,112.73293633431625,109.07113245352281,112.15718078613281,9897884.0
2022-03-31T00:00:00,113.30869662201388,113.93051545136802,111.00567433294856,113.23960876464844,9098852.0
2022-04-01T00:00:00,113.9305154141415,114.32202498619492,112.52567041261743,113.99960327148438,4316968.0
2022-04-04T00:00:00,113.58504880843883,115.0359498693588,111.60444846609607,113.65413665771484,3825780.0
2022-04-05T00:00:00,113.65414588898801,114.62141802700921,110.49900265482621,111.28203582763672,3850464.0
2022-04-06T00:00:00,111.46626956041521,112.249295668203,105.82386541944378,107.29779815673828,7536788.0
2022-04-07T00:00:00,108.12687555002988,109.41656918801549,106.74506244395921,108.357177734375,5261460.0
2022-04-08T00:00:00,109.7390080180921,110.0844613486842,108.40325795110903,109.3935546875,4556628.0
2022-04-11T00:00:00,108.65657976291935,109.69293970692956,106.07719923034225,106.53780364990234,3973772.0
2022-04-12T00:00:00,104.9947792198657,108.35719299036332,103.75114865495999,107.59719848632812,4416624.0
2022-04-13T00:00:00,107.09053342389768,107.43598675752315,105.13296453335332,107.1365966796875,4139192.0
2022-04-14T00:00:00,106.2614416645111,106.97537994384766,105.82386885726157,106.97537994384766,2611580.0
2022-04-19T00:00:00,106.56084303915982,108.44931707996625,104.7644814550567,108.3111343383789,5303220.0
2022-04-20T00:00:00,108.56446723260606,111.42021341098851,108.19598226772243,109.80809783935547,5337176.0
2022-04-21T00:00:00,110.24567684060528,115.15111137382375,109.60082639995223,113.19354248046875,5777144.0
2022-04-22T00:00:00,111.16689282680557,112.22627749644694,110.03840624070375,110.91355895996094,4940256.0
2022-04-25T00:00:00,108.42627755313931,109.85415406508187,106.00810435044883,106.53780364990234,5286352.0
2022-04-26T00:00:00,107.57416283844776,109.71597056305458,100.18146055077214,100.22752380371094,10582360.0
2022-04-27T00:00:00,99.62345507661638,104.71150582405377,99.34466234029355,104.33977508544922,9498700.0
2022-04-28T00:00:00,103.45692853390192,105.73377520306589,102.34174324831048,103.71249389648438,6096608.0
2022-04-29T00:00:00,105.2226415210962,106.59339213075137,104.57211797114371,104.99031066894531,5332916.0
2022-05-02T00:00:00,104.17713384630315,104.17713384630315,94.09397810449786,100.9012680053711,6330440.0
2022-05-03T00:00:00,101.59827469412802,101.71444011549802,99.2285043522849,100.85482025146484,5159172.0
2022-05-04T00:00:00,100.45985472381719,101.8306052744153,98.81030432657978,100.97098541259766,3625864.0
2022-05-05T00:00:00,103.57308528400745,103.57308528400745,99.20526834291833,99.4375991821289,5006220.0
2022-05-06T00:00:00,98.6476708117052,99.46082870826159,96.254659033449,97.41631317138672,5909656.0
2022-05-09T00:00:00,96.57993788405835,98.88001189776521,95.3718146191947,97.85775756835938,6526972.0
2022-05-10T00:00:00,99.46082068496041,103.01547922423309,99.13555897061089,99.76284790039062,7486952.0
2022-05-11T00:00:00,100.41338531844832,101.66797035438121,99.27495860474575,101.48210144042969,6153640.0
2022-05-12T00:00:00,98.87999630431648,100.94773914024768,98.74059639725031,100.71540832519531,6112560.0
2022-05-13T00:00:00,102.7459926773206,102.7459926773206,98.47110646192203,100.83158874511719,4231108.0
2022-05-16T00:00:00,99.71640361764207,100.57137944367062,96.18497186293304,96.50093841552734,5113103.0
2022-05-17T00:00:00,97.57895435348648,99.73498429940416,97.24439737134628,99.04728698730469,5010603.0
2022-05-18T00:00:00,99.38184339642325,100.12529783786788,96.44517814571925,96.74256134033203,4620796.0
2022-05-19T00:00:00,95.03260435846775,97.17004373294138,93.39699333569828,96.55669403076172,5063473.0
2022-05-20T00:00:00,96.98417736775913,98.95434525959655,95.53443533028236,96.3150634765625,5241210.0
2022-05-23T00:00:00,98.2108976509564,99.3818471256344,97.26299089823841,98.8056640625,4493288.0
2022-05-24T00:00:00,97.39309411959182,98.37817464425244,97.11429426648893,97.70906066894531,3499773.0
2022-05-25T00:00:00,98.84283385644379,98.84283385644379,94.23339080810547,94.23339080810547,2554793.0
2022-05-27T00:00:00,97.46742536770293,99.58628845214844,95.7388834586554,99.58628845214844,5165503.0
2022-05-30T00:00:00,100.75724160936014,104.28867337534899,100.16247519890356,102.39285278320312,4109548.0
2022-05-31T00:00:00,102.2069789361558,104.34441825704593,101.55644837661823,101.6122055053711,13647927.0
2022-06-01T00:00:00,101.7609073611935,102.22556903864188,100.38550567626953,100.38550567626953,3991391.0
2022-06-02T00:00:00,101.29623572197114,105.60829509741728,100.47843380254992,105.03211212158203,3759672.0
2022-06-03T00:00:00,105.5897273479407,105.88711055258007,104.08422088623047,104.08422088623047,2980525.0
2022-06-07T00:00:00,105.66407491408712,106.61198881690862,102.83893782573274,104.2143325805664,5376337.0
2022-06-08T00:00:00,106.37034168391635,106.48186302988036,104.45593799766492,105.1808090209961,3926278.0
2022-06-09T00:00:00,104.92060089459105,104.92060089459105,101.37058620919495,101.5378646850586,3786882.0
2022-06-10T00:00:00,100.77582770727336,100.94310619614515,97.52319593823555,98.15513610839844,3344953.0
2022-06-13T00:00:00,96.07345689676251,97.44885873945043,94.62371456568835,95.60879516601562,4684569.0
2022-06-14T00:00:00,96.40800971974429,96.61246200681447,93.17396818481164,93.26689910888672,4888485.0
2022-06-15T00:00:00,94.34490223028246,94.41924979902436,91.78926304871835,93.3969955444336,5421898.0
2022-06-16T00:00:00,92.95091487811523,93.7315501498703,90.59972802479652,92.3282699584961,4896960.0
2022-06-17T00:00:00,92.93233663816882,93.6386243818678,89.90274047851562,89.90274047851562,10750146.0
2022-06-20T00:00:00,90.26517766764421,91.21309148910994,89.56818513016783,89.94921112060547,4657919.0
2022-06-21T00:00:00,90.49751684573518,93.43418241063681,90.23730740888068,91.8171615600586,4728481.0
2022-06-22T00:00:00,89.84698703911117,91.3246078491211,88.90836841522899,91.3246078491211,4284021.0
2022-06-23T00:00:00,90.4417375554231,90.66477314807591,87.6630630493164,87.6630630493164,4224172.0
2022-06-27T00:00:00,90.14435185007834,93.32263554356318,90.14435185007834,92.54200744628906,5415311.0
2022-06-28T00:00:00,93.2668932296819,93.86165961448049,91.21308944933452,91.38965606689453,4319758.0
2022-06-29T00:00:00,90.27447375420849,91.82644211759408,89.55889786186673,91.17591857910156,3722065.0
2022-06-30T00:00:00,89.53101321733253,89.8841606480882,87.42145221277448,88.81543731689453,6665715.0
2022-07-01T00:00:00,86.58506523765577,89.0849476188518,84.89369682072052,85.953125,7006888.0
2022-07-04T00:00:00,86.65010036313687,89.40089641226476,86.51070045355063,88.676025390625,3181203.0
2022-07-05T00:00:00,89.24292766485131,90.032851160691,86.91032387510171,86.9382095336914,3455847.0
2022-07-06T00:00:00,88.74108912146954,92.21676372832366,87.98833943937312,91.99372100830078,5235417.0
2022-07-07T00:00:00,92.37475529829983,94.40068076761084,92.08666019827947,93.8616714477539,4176315.0
2022-07-08T00:00:00,95.18128781353633,95.3485662860979,93.24829370619678,95.16270446777344,3525599.0
2022-07-11T00:00:00,93.93600581846317,94.17762478427728,92.00301155090332,92.93233489990234,2488252.0
2022-07-12T00:00:00,92.09594695594944,95.06978607177734,91.77068518598345,95.06978607177734,3963645.0
2022-07-13T00:00:00,95.29281855320569,96.5566988949003,92.59777938076357,93.28547668457031,5196140.0
2022-07-14T00:00:00,92.56060861086709,94.27056734246864,91.42683293592445,93.17396545410156,4304235.0
2022-07-15T00:00:00,93.26689021072018,94.0289350597126,91.08298179752508,93.527099609375,4565285.0
2022-07-18T00:00:00,94.43783541028232,95.75747278222944,93.58285259379105,94.64228057861328,3936020.0
2022-07-19T00:00:00,93.69438018127727,100.38550548790897,92.6535354732831,99.77215576171875,8714198.0
2022-07-20T00:00:00,99.90225861436838,102.20698360719518,99.73498013029084,101.31482696533203,5459034.0
2022-07-21T00:00:00,101.2962461291538,105.12506092062685,101.03603672306647,103.22924041748047,8108859.0
2022-07-22T00:00:00,102.56012789822171,103.95411295618213,102.07687577429763,102.43002319335938,2807089.0
2022-07-25T00:00:00,101.98395265478534,103.17348552745813,101.407776657808,101.89102172851562,2686329.0
2022-07-26T00:00:00,101.94677035336254,104.00986935908072,101.46352532300742,101.81666564941406,3031901.0
2022-07-27T00:00:00,102.3184892414607,104.25148331886763,101.87241804831989,103.06195068359375,2902129.0
2022-07-28T00:00:00,104.06562862663603,106.31458936227624,103.74965501054051,105.62689208984375,3100228.0
2022-07-29T00:00:00,106.87218798590767,109.93895795548619,106.3145953796683,109.67874145507812,5149389.0
2022-08-01T00:00:00,109.58580642212048,110.60806067688189,106.74207927392479,107.54129791259766,3838345.0
2022-08-02T00:00:00,106.40752322857952,107.48554171435367,105.70123549963006,106.33317565917969,2634665.0
2022-08-03T00:00:00,106.12872971726031,107.02088642291191,105.62690131932176,106.59339141845703,3406930.0
2022-08-04T00:00:00,107.05803685542962,108.95385715912079,106.72347991417979,108.74940490722656,3101165.0
2022-08-05T00:00:00,108.84236321134831,110.25493171224423,106.03580246839606,106.35177612304688,2601863.0
2022-08-08T00:00:00,107.70858194306122,108.86094095738979,106.96512039758647,107.31826782226562,2546597.0
2022-08-09T00:00:00,107.31825979346205,107.31825979346205,102.26273867887203,103.52661895751953,5111732.0
2022-08-10T00:00:00,103.39651600301288,106.51904296875,102.26274040245455,106.51904296875,3604884.0
2022-08-11T00:00:00,107.46694985098647,108.08030665513502,105.60830318169901,107.13239288330078,2569173.0
2022-08-12T00:00:00,107.67141493595534,108.89812160010199,107.22533656254964,107.24392700195312,2835546.0
2022-08-15T00:00:00,107.48554311990347,108.76800680303577,107.29967419397335,107.96878814697266,1500400.0
2022-08-16T00:00:00,108.50780565636175,109.38136485911639,107.59706557541638,108.99105072021484,2679431.0
2022-08-17T00:00:00,108.99104044854977,109.80884952747064,106.77925344637846,107.20674133300781,3514521.0
2022-08-18T00:00:00,107.4297742286308,110.01329192030786,107.1881481805089,109.95753479003906,2888407.0
2022-08-19T00:00:00,109.82743569819823,110.16199267723529,108.45203399658203,108.45203399658203,3288377.0
2022-08-22T00:00:00,108.21040941057596,108.30334032433579,104.6789779663086,104.6789779663086,3458154.0
2022-08-23T00:00:00,103.52661533632077,105.94285445856913,103.470851117919,105.05070495605469,3420535.0
2022-08-24T00:00:00,104.43735532727315,107.11381110803198,102.96902982552294,105.7941665649414,3503796.0
2022-08-25T00:00:00,106.72349784005449,106.77926206641182,104.64181537053966,105.99862670898438,2059206.0
2022-08-26T00:00:00,106.96510734907696,107.24390716716331,103.24781425551964,103.61954498291016,2882307.0
2022-08-29T00:00:00,102.67164694489848,103.63813699064839,101.5750451070395,103.15489196777344,2156836.0
2022-08-30T00:00:00,103.3593474538744,105.90569152972316,103.1177213898352,103.65673065185547,2976021.0
2022-08-31T00:00:00,104.43735525358878,104.53029326049081,100.98027835617185,101.05461883544922,5324307.0
2022-09-01T00:00:00,100.2739878929497,100.2739878929497,98.11795806884766,98.11795806884766,3711536.0
2022-09-02T00:00:00,99.47477801660132,103.0062026977539,99.15880437234523,103.0062026977539,2969824.0
2022-09-05T00:00:00,99.97661228270772,101.46352829290946,98.99152466518203,100.9616928100586,2949054.0
2022-09-06T00:00:00,101.05462419750651,102.91327099137732,100.16247458726951,101.37059783935547,4786208.0
2022-09-07T00:00:00,100.21822519158533,101.40776501789405,99.53052790791536,100.90592956542969,2968366.0
2022-09-08T00:00:00,101.5564647218045,102.1512311581409,99.40043461754128,101.89102172851562,3128306.0
2022-09-09T00:00:00,102.15122113740725,104.69757222649405,101.83525460105056,103.89835357666016,2360299.0
2022-09-12T00:00:00,104.4559496304035,106.14731790326013,104.23291400381106,105.75700378417969,2592822.0
2022-09-13T00:00:00,106.76066951063947,106.79784329741557,102.72740936279297,102.72740936279297,3048223.0
2022-09-14T00:00:00,101.9467716362885,102.48578089667217,100.79441263388269,101.55645751953125,3001792.0
2022-09-15T00:00:00,101.57503947308648,102.35566764139571,100.60854239076971,101.07320404052734,2183487.0
2022-09-16T00:00:00,99.45618007180138,100.21822492197326,98.24806399186637,98.26664733886719,5919342.0
2022-09-19T00:00:00,98.24806462717488,98.95435235073708,96.77973204851317,98.13654327392578,3107803.0
2022-09-20T00:00:00,98.54544537357852,98.9543499018648,94.90249967302107,95.27422332763672,4602255.0
2022-09-21T00:00:00,94.54935848447052,98.17372107639878,93.99176587575265,97.96926879882812,3007257.0
2022-09-22T00:00:00,95.60877765234434,97.17004106526775,94.43783541028232,94.64228057861328,3423623.0
2022-09-23T00:00:00,94.79098487251424,95.7946558257475,92.8208167521128,95.7388916015625,4472680.0
2022-09-26T00:00:00,95.18129651004399,98.22947598618363,94.77239905433532,95.85041046142578,5131870.0
2022-09-27T00:00:00,96.68681477264701,98.48970457522424,95.81324844106004,97.03995513916016,4430968.0
2022-09-28T00:00:00,95.38575008730321,98.22947732938675,93.11819879665249,97.8949203491211,6721267.0
2022-09-29T00:00:00,97.57895549992611,97.70906020671202,94.17762850493051,94.99543762207031,4147158.0
2022-09-30T00:00:00,96.11061854190761,97.85775096646778,93.75013639715306,97.3930892944336,6416205.0
2022-10-03T00:00:00,96.5938703596568,97.5975341796875,93.63862185083579,97.5975341796875,4599026.0
2022-10-04T00:00:00,99.08445908723695,103.5823807414312,98.35958091148353,103.22924041748047,4884412.0
2022-10-05T00:00:00,102.98760863554517,104.27007224720835,102.16980667755078,102.83892059326172,4201248.0
2022-10-06T00:00:00,102.95043954617587,105.44102640699913,102.91326576136663,103.69390106201172,4073355.0
2022-10-07T00:00:00,103.1363114269647,103.1363114269647,98.5082778930664,98.5082778930664,5122711.0
2022-10-10T00:00:00,98.50828191615034,99.77216232681684,97.69047986402643,98.34100341796875,4877608.0
2022-10-11T00:00:00,97.5789551521857,98.19231198785474,96.3336652230512,97.22581481933594,5552375.0
2022-10-12T00:00:00,97.3187477786967,98.47110681177178,96.29649345467004,96.70539093017578,4570043.0
2022-10-13T00:00:00,96.24072721267125,97.87633835094728,91.87291015145283,97.22581481933594,6698673.0
2022-10-14T00:00:00,100.14389632434803,101.20332448343852,97.37450934117322,98.09938049316406,6191906.0
2022-10-17T00:00:00,98.97293284580891,102.41142626823212,96.50092942966283,101.42634582519531,4817684.0
2022-10-18T00:00:00,103.73107869563034,105.36668274687703,102.63447681868043,104.06563568115234,5617821.0
2022-10-19T00:00:00,104.45594129138547,109.51145526820785,100.16246505373701,101.01744079589844,10515621.0
2022-10-20T00:00:00,103.1268627216175,103.1268627216175,100.55806832566763,102.37684631347656,6878310.0
2022-10-21T00:00:00,101.51432787976535,103.0143534758139,100.08930535169077,102.52684783935547,4021176.0
2022-10-24T00:00:00,103.52061992464816,107.43944106259953,102.62060451077674,106.5769271850586,3759053.0
2022-10-25T00:00:00,106.8769320854874,110.8895034790039,105.71441307257297,110.8895034790039,7073237.0
2022-10-26T00:00:00,110.27074266288075,111.80826983887343,108.47070474113258,111.20825958251953,5418376.0
2022-10-27T00:00:00,110.62700707150296,111.07701838304396,108.90197920808461,110.43950653076172,4430360.0
2022-10-28T00:00:00,108.82696574831465,111.73326676865759,108.20820114806355,111.20825958251953,3536677.0
2022-10-31T00:00:00,112.16453847281414,112.20204001286349,109.6707468573756,110.66451263427734,4381071.0
2022-11-01T00:00:00,111.9395265542314,113.34580199548384,110.53325111297896,110.96450805664062,3318690.0
2022-11-02T00:00:00,111.20825906054642,112.070772905921,110.83325086391378,111.39575958251953,3450491.0
2022-11-03T00:00:00,108.20820688422221,109.80199002370706,107.34569298907708,109.67073822021484,5589947.0
2022-11-04T00:00:00,110.13948930292582,113.7020492553711,109.85823136995204,113.7020492553711,2699629.0
2022-11-07T00:00:00,113.1207907442805,115.74583372990047,111.69576107399331,114.37705993652344,4723933.0
2022-11-08T00:00:00,114.3020681993995,117.86463557557407,113.27080095451325,117.3583755493164,4554430.0
2022-11-09T00:00:00,116.6271091743178,117.88337844502071,116.23335377478584,117.22711944580078,3225944.0
2022-11-10T00:00:00,116.27084988650114,126.13352512921051,115.16457959088112,125.64602661132812,8869664.0
2022-11-11T00:00:00,125.23350114742425,127.78354809550514,122.79595164237374,125.83351135253906,5600147.0
2022-11-14T00:00:00,126.88355958176378,127.93358845066976,123.88350775355136,125.60853576660156,4570209.0
2022-11-15T00:00:00,125.57100982875075,125.68350727361488,120.71466508178476,122.5896987915039,4717219.0
2022-11-16T00:00:00,122.83347346796926,123.73348171924056,119.58965856163641,119.88966369628906,3853453.0
2022-11-17T00:00:00,120.24591827392578,122.43971879837059,119.25215260060486,120.24591827392578,3609428.0
2022-11-18T00:00:00,121.07092889496157,122.12094321923436,120.09591763747571,121.37094116210938,4526158.0
2022-11-21T00:00:00,121.53969355873502,121.9709576385067,119.81466585039428,120.92092895507812,2416494.0
2022-11-22T00:00:00,120.93967933606477,122.96471926056272,120.20841730311372,122.252197265625,3452662.0
2022-11-23T00:00:00,122.68346720113983,124.23974875306011,122.4397179469513,123.56473541259766,3525693.0
2022-11-24T00:00:00,123.11471995802833,124.127225570175,122.47720105942543,122.87095642089844,2366906.0
2022-11-25T00:00:00,123.13346884317225,123.69598471733816,122.53345858656934,123.22722625732422,2865304.0
2022-11-28T00:00:00,122.06470704541927,123.35848504611093,121.50220544474263,121.57719421386719,3447373.0
2022-11-29T00:00:00,122.04594096909538,122.53345375378655,120.7521773981372,120.90218353271484,3103157.0
2022-11-30T00:00:00,121.55845729010336,122.68347482566726,120.86468956224148,121.0896987915039,11536481.0
2022-12-01T00:00:00,121.87719541811998,123.39596819868815,121.63344617721782,122.72095489501953,4703730.0
2022-12-02T00:00:00,120.93969918157302,125.45853821912335,120.93969918157302,124.03350830078125,5812538.0
2022-12-05T00:00:00,124.35225739180304,125.79602731324486,123.54599217959216,124.8960189819336,2875903.0
2022-12-06T00:00:00,124.82100656296677,126.26477637637008,123.50848855078195,124.72724914550781,3956545.0
2022-12-07T00:00:00,124.16474022503522,124.33348640004888,118.82088961632739,120.32091522216797,6344544.0
2022-12-08T00:00:00,120.26467958559999,121.67095508524955,120.17092216347369,120.80844116210938,3671903.0
2022-12-09T00:00:00,121.40843719016505,123.65847200281449,121.31467977906613,122.81471252441406,3186682.0
2022-12-12T00:00:00,121.87718650812647,123.11471557617188,121.48343116066786,123.11471557617188,3550007.0
2022-12-13T00:00:00,123.69599533033401,127.31481152434745,122.4584660231394,125.85228729248047,5554904.0
2022-12-14T00:00:00,125.49603831428101,127.7460736094695,124.12725706770141,126.33979797363281,5382609.0
2022-12-15T00:00:00,124.01474262402,124.2772462290244,120.86468505859375,120.86468505859375,6501867.0
2022-12-16T00:00:00,119.27091179833607,121.01469396005162,118.38964354488992,118.6333999633789,6220333.0
2022-12-19T00:00:00,119.21465670015333,120.20842236082866,117.88337721850799,118.61463928222656,3323637.0
2022-12-20T00:00:00,117.92088122836664,118.5396458507646,116.795863745608,117.3958740234375,3876764.0
2022-12-21T00:00:00,118.05213871263649,119.6459219014039,117.71463202102396,119.34591674804688,3952408.0
2022-12-22T00:00:00,119.21465003352876,119.75840438852327,116.08333993126942,116.30834197998047,3672260.0
2022-12-23T00:00:00,116.10209779503549,117.13337218119624,115.4083372419984,116.2708511352539,2959553.0
2022-12-27T00:00:00,117.80838711424197,118.29589279655276,116.66461525446302,117.2646255493164,1359745.0
2022-12-28T00:00:00,117.43336757252834,117.45211476313496,115.33332459027508,115.93334197998047,2307337.0
2022-12-29T00:00:00,115.93335645136442,117.84588485016546,115.42709640955692,117.13337707519531,2314231.0
2022-12-30T00:00:00,117.02085535514813,117.75211736886753,115.18332314940332,115.4083251953125,3607211.0
2023-01-02T00:00:00,117.09586666691065,117.09586666691065,115.78334152675826,116.96461486816406,1562738.0
2023-01-03T00:00:00,117.07711286353744,118.85839647963817,116.83336360913154,118.33338928222656,3089090.0
2023-01-04T00:00:00,118.23964154318877,121.14594268798828,118.23964154318877,121.14594268798828,5586868.0
2023-01-05T00:00:00,120.32091416505642,122.81471252441406,119.88965725420907,122.81471252441406,2272030.0
2023-01-09T00:00:00,125.62729011391475,126.45230973118899,124.16476574174717,125.60853576660156,6245834.0
2023-01-10T00:00:00,125.308519339226,125.308519339226,122.75847208328821,123.35848236083984,3406504.0
2023-01-11T00:00:00,123.28346170672346,126.09601216391107,122.47719667011482,125.4022445678711,5529495.0
2023-01-12T00:00:00,125.96477181581868,126.26476978635768,122.62721392585107,125.4585189819336,5832619.0
2023-01-13T00:00:00,125.36476877049019,125.57102364568385,123.60223231169832,125.27101135253906,4638027.0
2023-01-16T00:00:00,123.65846959593355,124.22098544083336,122.64596396370938,123.58348083496094,4317344.0
2023-01-17T00:00:00,123.58348183096139,125.02725152996086,123.20846649621508,123.84598541259766,3883192.0
2023-01-18T00:00:00,123.9772480081405,127.42730355624813,123.9772480081405,126.09603118896484,4673591.0
2023-01-19T00:00:00,124.9334983755902,125.68351476525864,121.12718200683594,121.12718200683594,4823456.0
2023-01-20T00:00:00,121.85845512972226,124.48350557949253,121.65220024618054,124.2022476196289,4251301.0
2023-01-23T00:00:00,124.87727212389046,126.50855699209767,124.61476848606982,126.2647933959961,3463460.0
2023-01-24T00:00:00,126.69604023106955,126.8460463765726,124.03349552257043,124.37100219726562,4169743.0
2023-01-25T00:00:00,124.57724488475235,124.93349156375706,123.60221933973352,124.14598083496094,3017801.0
2023-01-26T00:00:00,123.17097852126614,127.93356622994331,116.70211029052734,116.70211029052734,12690356.0
2023-01-27T00:00:00,116.42085297258375,118.10838631228341,114.50831757181965,116.13959503173828,5592815.0
2023-01-30T00:00:00,115.31457739966847,116.64584966601181,114.09580258233731,115.93334197998047,4188747.0
2023-01-31T00:00:00,115.35208051974399,116.21459435323344,114.60206413681367,115.63333129882812,4005211.0
2023-02-01T00:00:00,116.02709784022655,117.3021214436225,115.12708244124467,116.04584503173828,4670156.0
2023-02-02T00:00:00,116.98336521557425,122.30846899132011,116.73960880303191,121.87720489501953,7283782.0
2023-02-03T00:00:00,121.16468854057761,122.62721260647972,120.7334244749378,122.252197265625,3068559.0
2023-02-06T00:00:00,121.37094239080017,122.04594138797152,119.49590146557517,119.60840606689453,3201436.0
2023-02-07T00:00:00,119.77717283945813,120.62093956236431,118.95215330920009,119.8146743774414,3537364.0
2023-02-08T00:00:00,120.48967244791845,121.4459293579109,119.47715250906863,119.62715148925781,3744955.0
2023-02-09T00:00:00,120.6021735032991,122.23345806003823,119.28964841211413,119.40215301513672,3097372.0
2023-02-10T00:00:00,118.53964921405162,119.27091131386126,115.82084854211075,117.2646255493164,4123254.0
2023-02-13T00:00:00,118.16463556206376,119.49590789555634,118.03338376313839,119.25215148925781,2810472.0
2023-02-14T00:00:00,119.06465291790462,120.84592940476328,117.77088209896075,118.22088623046875,4225948.0
2023-02-15T00:00:00,117.22711480716002,120.02091833476058,117.18961327259044,119.75840759277344,2768413.0
2023-02-16T00:00:00,120.32092400165686,120.67718502651121,116.758363821921,118.20214080810547,5132717.0
2023-02-17T00:00:00,117.48961945482928,118.2958845736226,115.689588695392,117.45211791992188,3318452.0
2023-02-20T00:00:00,117.82713038088578,117.99588371773369,116.34585188551922,117.77088165283203,2544383.0
2023-02-21T00:00:00,117.47086497344534,118.03337365677426,115.46457947287112,116.34584045410156,3107351.0
2023-02-22T00:00:00,116.23335104513036,117.22711669280743,115.08957925676201,116.98336029052734,3698451.0
2023-02-23T00:00:00,116.98335956579565,117.75212315035965,116.34584777718015,116.62710571289062,2578015.0
2023-02-24T00:00:00,117.54586663788277,118.27713582994868,114.6208184803644,115.63333129882812,5711813.0
2023-02-27T00:00:00,116.1396057260901,117.50837971535839,115.44584513485815,116.10210418701172,2228876.0
2023-02-28T00:00:00,116.10209993350185,117.73338463655514,115.07083268103318,116.88961791992188,3954514.0
2023-03-01T00:00:00,117.30211525815473,118.53963726058474,115.83958405332929,116.12084197998047,4093912.0
2023-03-02T00:00:00,115.38959094518697,115.61459301632846,113.1395487757115,114.24581909179688,4747237.0
2023-03-03T00:00:00,114.77082516356856,117.77088374383187,114.43331848388036,117.47087860107422,3113883.0
2023-03-06T00:00:00,117.71462162387157,119.17715287591004,117.52712110184208,118.37088775634766,3126046.0
2023-03-07T00:00:00,118.23963415896847,119.30840285416367,116.51459934129564,116.6458511352539,3522261.0
2023-03-08T00:00:00,116.3083381261563,117.35835957315949,115.87708123346373,116.8145980834961,4604946.0
2023-03-09T00:00:00,116.2708502844371,117.45212365732196,114.54582251054904,116.73960876464844,3911882.0
2023-03-10T00:00:00,115.1458216163041,117.30211327704916,114.4145596025847,115.4083251953125,3669533.0
2023-03-13T00:00:00,115.72709735808517,116.02710250313577,112.3520305354074,114.33956909179688,5746444.0
2023-03-14T00:00:00,114.50831831652097,118.03338400865955,113.73955471292183,117.60212707519531,8170427.0
2023-03-15T00:00:00,117.30212558299912,117.452124578446,112.0520248413086,112.0520248413086,8474966.0
2023-03-16T00:00:00,113.51455582936481,115.6895949018757,111.97702857910815,114.99583435058594,5934495.0
2023-03-17T00:00:00,115.63332981521661,116.53335232425998,112.23952325008197,112.98953247070312,8976404.0
2023-03-20T00:00:00,113.15829293245893,117.13336994788284,112.0145282624381,115.83959197998047,4528484.0
2023-03-21T00:00:00,116.94586503246508,117.05836964402226,115.25833877522845,116.0833511352539,3949432.0
2023-03-22T00:00:00,115.85834516994824,117.13336878065235,115.65209029870395,116.58960723876953,3359858.0
2023-03-23T00:00:00,117.39587967488272,119.43966701734212,116.23336059971015,119.34591674804688,4135871.0
2023-03-24T00:00:00,118.65214316757319,118.9896498425403,112.33328091324299,112.44578552246094,5655387.0
2023-03-27T00:00:00,113.43955292638731,116.25210382538864,113.28954677848422,115.53958892822266,3163524.0
2023-03-28T00:00:00,116.49585573218249,117.1333675307317,115.7270921356396,116.42085266113281,3846292.0
2023-03-29T00:00:00,117.50837121527698,118.63339584818691,116.43960246325891,117.4896240234375,4373096.0
2023-03-30T00:00:00,117.8646283759246,119.87091401334536,117.54586890359485,119.55215454101562,4165164.0
2023-03-31T00:00:00,120.00217989340655,123.73349366896227,119.43967110569366,123.32098388671875,6449695.0
2023-04-03T00:00:00,121.97095776887815,123.09597521876492,121.31468447651893,122.39283752441406,3239758.0
2023-04-04T00:00:00,123.47097626693618,124.40849319273732,122.25220140232008,122.39283752441406,3731567.0
2023-04-05T00:00:00,123.84599133342022,124.17411367346627,119.25214982441878,120.18966674804688,3851218.0
2023-04-06T00:00:00,120.18967438378911,120.42405362958642,117.75213165803441,118.26776885986328,1829836.0
2023-04-11T00:00:00,119.11152015943514,120.75217466767702,119.06464145526812,120.47091674804688,4749560.0
2023-04-12T00:00:00,121.1740708826219,121.92408733523324,119.53341615113573,119.9084243774414,5387955.0
2023-04-13T00:00:00,120.04904629357215,120.09592500135997,116.86148728653744,119.53340911865234,6180840.0
2023-04-14T00:00:00,120.42404791093996,121.64282279228412,119.95528944160554,121.455322265625,4445618.0
2023-04-17T00:00:00,122.29908892933211,122.34596764007745,120.37717623176566,121.64282989501953,3790990.0
2023-04-18T00:00:00,121.78344999853678,123.7522413789884,121.73658559382866,122.5803451538086,2626916.0
2023-04-19T00:00:00,122.06469891757828,122.2053350374133,120.70530225807644,121.12718200683594,3701994.0
2023-04-20T00:00:00,120.28342160726424,122.39283464061519,120.28342160726424,121.97095489501953,3453121.0
2023-04-21T00:00:00,122.01782279066305,122.72096048858552,120.18966763713925,121.830322265625,4495931.0
2023-04-24T00:00:00,122.4397114907633,123.09597045233835,121.59593770699043,122.81471252441406,2357511.0
2023-04-25T00:00:00,122.53346677007426,122.76784601573445,120.28343173388595,122.29908752441406,5034763.0
2023-04-26T00:00:00,122.01782479640283,122.01782479640283,119.62716087578042,120.6115493774414,5215207.0
2023-04-27T00:00:00,120.5646912159686,140.62754917630517,119.43966653094594,138.04937744140625,18203944.0
2023-04-28T00:00:00,139.9391632080078,141.5927319151073,135.97058677658916,139.9391632080078,9224176.0
2023-05-02T00:00:00,140.03364903792541,140.4116162633976,137.29345513863507,137.9548797607422,8225608.0
2023-05-03T00:00:00,138.9942790412744,141.63997767118602,138.04938255402706,138.3328399658203,5652873.0
2023-05-04T00:00:00,138.28560647069767,139.98640861083888,137.00999044761562,139.4194793701172,6334138.0
2023-05-05T00:00:00,139.8446881418023,140.22264099121094,137.1517272313403,140.22264099121094,3926200.0
2023-05-08T00:00:00,140.03365631872637,140.78957639099812,138.14386334703514,139.4194793701172,3458022.0
2023-05-09T00:00:00,139.41947430239497,139.5612030029297,137.29345728652035,139.5612030029297,4821549.0
2023-05-10T00:00:00,139.51394560723628,139.891912812371,136.91548054608035,139.0887451171875,3534210.0
2023-05-11T00:00:00,138.8997622680664,142.15965176423236,138.8997622680664,141.7344512939453,5312749.0
2023-05-12T00:00:00,142.34864718241388,142.67936671350972,141.26202201105764,141.92344665527344,2790923.0
2023-05-15T00:00:00,143.0100731616963,143.05730644640965,141.02578499260053,142.01792907714844,3635556.0
2023-05-16T00:00:00,141.68721423113618,142.20691014182756,140.41161272450282,141.1202850341797,3389661.0
2023-05-17T00:00:00,141.12028313908402,143.2935333251953,140.6005872353716,143.2935333251953,2599570.0
2023-05-19T00:00:00,147.262103036342,149.2463767356712,146.22271127623563,148.53770446777344,5560844.0
2023-05-22T00:00:00,148.0652670408592,148.3487388521973,146.080993197443,146.83689880371094,3908527.0
2023-05-23T00:00:00,146.26997119280406,146.60067629465593,143.71875369891293,143.90773010253906,3394811.0
2023-05-24T00:00:00,143.34077917818277,143.48252228716973,141.30925771114175,142.44313049316406,3224678.0
2023-05-25T00:00:00,144.23842908630994,147.3565900767935,143.5297567892898,146.22271728515625,6153068.0
2023-05-26T00:00:00,147.07312470891438,152.4590459362841,146.78966731208476,152.12832641601562,6978910.0
2023-05-29T00:00:00,152.317300217376,153.12046794260468,148.7266909331377,149.76608276367188,2202456.0
2023-05-30T00:00:00,149.6243617951622,152.88425173314266,148.96292273176613,150.89996337890625,4262067.0
2023-05-31T00:00:00,151.08891562808464,151.9393309658966,148.77392253032588,149.3408660888672,12331972.0
2023-06-01T00:00:00,150.00229670502364,150.09679210793303,146.4116876640802,148.53770446777344,5307910.0
2023-06-02T00:00:00,149.62436404106813,150.9944610595703,148.67946755686305,150.9944610595703,3993507.0
2023-06-05T00:00:00,150.80547589263026,152.4590446440057,150.19128456276277,150.94720458984375,3035338.0
2023-06-07T00:00:00,150.9944561043992,151.3251612122326,148.67946267766285,149.62435913085938,5342485.0
2023-06-08T00:00:00,149.01017321211646,151.04170931125842,148.34874855438642,150.6637420654297,4176363.0
2023-06-09T00:00:00,150.61648696399484,151.18343059591973,149.52986182377686,150.28578186035156,2364200.0
2023-06-12T00:00:00,150.99445138566188,152.22281962002467,149.9078118476591,150.52200317382812,2396766.0
2023-06-13T00:00:00,152.7425082867229,153.7346524617292,152.08108364271067,153.49842834472656,4720212.0
2023-06-14T00:00:00,153.78187789071353,155.90789463574643,152.78973385943675,153.87637329101562,3569730.0
2023-06-15T00:00:00,150.94719304576978,151.70311301503983,148.86842394375776,151.13616943359375,4560402.0
2023-06-16T00:00:00,151.93934134593385,152.03382233349632,147.35658811890357,147.9707794189453,10825736.0
2023-06-19T00:00:00,147.97076136146606,147.97076136146606,146.17544980117324,147.12034606933594,4194014.0
2023-06-20T00:00:00,146.97862847107544,147.40382894019274,145.79750804687518,146.1754608154297,4434299.0
2023-06-21T00:00:00,146.55343679095557,147.45108548358613,145.5140449881361,146.22271728515625,4119803.0
2023-06-22T00:00:00,145.75026723955474,145.9392436327696,143.71874578103927,145.372314453125,4453989.0
2023-06-26T00:00:00,144.09668391224616,145.0888278981874,142.58484408433824,145.0415802001953,4075580.0
2023-06-27T00:00:00,144.85260301490013,146.22269974115804,144.38015487357166,146.12820434570312,2411529.0
2023-06-28T00:00:00,147.12034832608748,147.87626823580763,145.8919802750389,146.12820434570312,3264667.0
2023-06-29T00:00:00,145.8919848376851,146.64790477104597,144.38015938893682,145.23056030273438,3600794.0
2023-06-30T00:00:00,145.93925008278632,147.21486602482014,145.7975213861049,146.83689880371094,4213254.0
2023-07-03T00:00:00,146.60066968083356,146.93138918574056,143.86047590693892,143.95497131347656,2658809.0
2023-07-04T00:00:00,143.76599313139602,144.38018449190284,142.30141512721087,143.1045684814453,2986145.0
2023-07-05T00:00:00,142.67935921146122,145.08884796253457,142.3014064112037,143.05731201171875,4387837.0
2023-07-06T00:00:00,141.82895746673807,142.3486389599047,139.18324462472378,140.0336456298828,6029611.0
2023-07-07T00:00:00,140.03362309711974,141.7344392517351,139.0887268354415,141.16749572753906,3069831.0
2023-07-10T00:00:00,140.78957063509398,141.78171478826525,139.65569778203061,141.40374755859375,2016228.0
2023-07-11T00:00:00,143.43527657340397,143.43527657340397,138.99426637174136,140.695068359375,3612582.0
2023-07-12T00:00:00,141.02580745270865,142.82110509697617,139.89193449748828,142.39590454101562,2387850.0
2023-07-13T00:00:00,142.9155693993048,143.5769939443349,141.97067307269782,142.72659301757812,3109432.0
2023-07-14T00:00:00,142.67934027534244,143.19903612020488,141.26199583552116,142.86831665039062,2789480.0
2023-07-17T00:00:00,141.9234478858276,143.1518161888652,140.88407041246964,143.1045684814453,3266000.0
2023-07-18T00:00:00,143.10455448062268,145.65577183396,142.72660169419294,145.372314453125,4344081.0
2023-07-19T00:00:00,146.08099096166475,146.8368965563635,137.24620374836647,137.76589965820312,7132904.0
2023-07-20T00:00:00,133.08866530562318,138.19110015971495,133.08866530562318,137.76589965820312,4408589.0
2023-07-21T00:00:00,136.34856579111892,139.4194793701172,135.8761175481961,139.4194793701172,4095530.0
2023-07-24T00:00:00,138.47457873764964,140.45885264772065,137.90763509592892,139.9864044189453,2565529.0
2023-07-25T00:00:00,140.45887132168104,141.68723976340326,139.04152644691945,141.2620391845703,2106160.0
2023-07-26T00:00:00,142.63209757098548,142.63209757098548,138.6162881842219,139.04148864746094,2207420.0
2023-07-27T00:00:00,139.04150190255325,142.58486346396361,138.8052777984592,140.78956604003906,2814589.0
2023-07-28T00:00:00,140.36436275873564,141.82895505873228,140.36436275873564,141.02578735351562,1856081.0
2023-07-31T00:00:00,140.8368118742327,141.8289559818476,140.12813957136132,141.45098876953125,2734328.0
2023-08-01T00:00:00,141.45098733629683,142.3014027419107,141.0257868424773,141.35650634765625,2698205.0
2023-08-02T00:00:00,140.836814718429,140.836814718429,137.52967723824167,139.70294189453125,3208921.0
2023-08-03T00:00:00,138.85252102585758,138.899768728748,136.20680826171508,137.57691955566406,4121611.0
2023-08-04T00:00:00,137.4824195430776,138.94701177575678,136.49027548752244,138.4745635986328,2735448.0
2023-08-07T00:00:00,138.2855844447993,138.75803261247134,136.91547322417125,138.71078491210938,1846700.0
2023-08-08T00:00:00,138.75803730532527,138.75803730532527,136.11232459328792,136.72650146484375,2521540.0
2023-08-09T00:00:00,137.8603635850798,140.08087564409794,137.62413951148096,138.42730712890625,2065874.0
2023-08-10T00:00:00,138.75805491946255,139.75018469669132,137.24621477267635,138.3328399658203,2889550.0
2023-08-11T00:00:00,137.90762566354712,137.90762566354712,136.25405697593152,136.9154815673828,2043314.0
2023-08-14T00:00:00,136.30129955069938,136.72650002792128,135.4508985962556,136.63201904296875,3298170.0
2023-08-15T00:00:00,136.30131032176917,136.67926312739505,134.26978876007334,134.93121337890625,3267230.0
2023-08-16T00:00:00,133.9863128336666,135.97058662925085,133.797336436655,135.49813842773438,2192189.0
2023-08-17T00:00:00,134.55323414242105,134.60048184339985,132.71068914804016,132.85243225097656,2733232.0
2023-08-18T00:00:00,132.85242624285246,133.18313129880016,131.29333868890453,132.56895446777344,2956560.0
2023-08-21T00:00:00,132.28548043431465,134.97844062463105,131.9547609660396,133.56109619140625,2715645.0
2023-08-22T00:00:00,134.50601466146102,136.11233573375114,133.4666228051686,135.7816162109375,2897728.0
2023-08-23T00:00:00,136.3957894440902,136.3957894440902,135.16742134553206,136.017822265625,3755121.0
2023-08-24T00:00:00,137.57693254849409,139.23050138000013,136.77376477742934,137.48243713378906,5556405.0
2023-08-25T00:00:00,136.58478558378206,139.23049854389416,136.34856146980735,137.71865844726562,3180987.0
2023-08-28T00:00:00,138.8997949616485,140.31713980819595,137.76592196800604,139.2305145263672,2264926.0
2023-08-29T00:00:00,139.70296558952364,141.92346390919687,139.6557178767694,141.2620391845703,5524350.0
2023-08-30T00:00:00,141.54547300881097,142.25414525576633,139.84465673252336,140.88404846191406,3361010.0
2023-08-31T00:00:00,140.36437103654893,140.7423238507197,136.39580881585323,136.96273803710938,10288176.0
2023-09-01T00:00:00,136.9627490572994,138.61631798380208,136.01785252786928,137.1044921875,3184344.0
2023-09-04T00:00:00,137.7186551278183,139.2777284752827,137.4824310195373,138.2855987548828,1640655.0
2023-09-05T00:00:00,138.09660194498377,139.98639472927624,137.4824250572786,139.51394653320312,2869746.0
2023-09-06T00:00:00,139.41946911988873,141.4509906479073,138.2383485994186,140.78956604003906,3895280.0
2023-09-07T00:00:00,140.2226383998273,141.214782633661,137.9548925093304,138.94703674316406,2969294.0
2023-09-08T00:00:00,139.1832549095049,139.79743185661752,137.624167060873,138.66355895996094,2565254.0
2023-09-11T00:00:00,138.99429315214286,142.3486644880298,138.4745971478014,141.2620391845703,4346640.0
2023-09-12T00:00:00,141.4037424236704,141.49823783215066,139.89191681381143,141.1202850341797,5333340.0
2023-09-13T00:00:00,140.22261789664245,140.64783280466585,137.95487233773258,139.0887451171875,4637373.0
2023-09-14T00:00:00,139.08874909565426,141.4037424236704,138.09660497851164,141.1202850341797,4556254.0
2023-09-15T00:00:00,142.20689804974725,144.002195314415,140.0808813014952,140.55332946777344,10114905.0
2023-09-18T00:00:00,140.55333595924066,140.60058366164537,138.8052718960872,140.50608825683594,3580534.0
2023-09-19T00:00:00,140.0336415030624,140.2698655995311,138.04936774350992,139.0887451171875,3329759.0
2023-09-20T00:00:00,138.80527558653912,140.55333969616882,137.62415508489065,139.18324279785156,5037545.0
2023-09-21T00:00:00,137.86038397087466,138.14385578470564,135.92335781530957,137.19895935058594,4465876.0
2023-09-22T00:00:00,136.67926441887383,137.24620805064498,135.49814386766346,136.11233520507812,2412567.0
2023-09-25T00:00:00,136.01784471371707,137.52968484114157,135.35642006470985,137.48243713378906,3324803.0
2023-09-26T00:00:00,136.67927485262862,136.67927485262862,134.41152898838084,134.74224853515625,4222391.0
2023-09-27T00:00:00,135.78161440055212,136.06508621375917,134.6477415656992,134.93121337890625,3902889.0
2023-09-28T00:00:00,135.45090645245892,136.72650795811,134.41151463187654,136.67926025390625,3322870.0
2023-09-29T00:00:00,137.1044799964685,140.08089803232605,137.1044799964685,139.13600158691406,5202474.0
2023-10-02T00:00:00,138.85252976969537,141.5454904063097,138.61630565834236,139.13600158691406,5091974.0
2023-10-03T00:00:00,137.90762329101562,139.51394424775535,137.4824228051102,137.90762329101562,3485047.0
2023-10-04T00:00:00,137.29345157260494,137.3879325630374,135.6398828512989,136.67926025390625,3666939.0
2023-10-05T00:00:00,136.5375332414339,139.89191842957626,136.01783732473996,138.61630249023438,4082222.0
2023-10-06T00:00:00,137.48242090491223,140.93128686489044,136.58477224307984,139.6556854248047,4515446.0
2023-10-09T00:00:00,139.4667274554195,139.4667274554195,136.7737666962815,136.82101440429688,3143802.0
2023-10-10T00:00:00,138.19110165919568,142.6321119571269,136.06508471059266,142.30140686035156,3812504.0
2023-10-11T00:00:00,142.11242395273865,142.4903911932049,140.50610283019103,142.34864807128906,3864091.0
2023-10-12T00:00:00,144.56915742284258,147.78179959838212,144.23843789684187,145.18333435058594,8413980.0
2023-10-13T00:00:00,144.09669679389526,144.99434546409842,142.53762354659372,143.43527221679688,3000924.0
2023-10-16T00:00:00,143.29353198827056,143.81322788713425,142.06517821383332,142.11241149902344,3767054.0
2023-10-17T00:00:00,142.01792491864506,142.44312539443663,139.1359881547648,141.07302856445312,4751289.0
2023-10-18T00:00:00,140.0336354049803,140.12813080664262,136.25405002607138,137.29344177246094,6120420.0
2023-10-19T00:00:00,136.293408481415,140.38886597781962,135.53145783103744,136.00767517089844,5465679.0
2023-10-20T00:00:00,134.8647551267462,134.8647551267462,132.29316989055422,132.5789031982422,6546865.0
2023-10-23T00:00:00,133.19798293216405,133.6742002261182,130.2454298964492,132.15029907226562,5052580.0
2023-10-24T00:00:00,131.9121912673219,132.72176648541102,129.91207280674791,132.48365783691406,5064645.0
2023-10-25T00:00:00,132.38841486314632,138.9602080611388,131.19787156401733,136.48388671875,7933478.0
2023-10-26T00:00:00,134.67423820399924,137.05532455508126,133.1027270254842,136.10289001464844,4002636.0
2023-10-27T00:00:00,136.57912515489787,138.0077771524721,135.5314557431432,137.4363250732422,4096317.0
2023-10-30T00:00:00,137.436307091053,137.86489972764824,135.245704741458,136.10289001464844,3178075.0
2023-10-31T00:00:00,136.72198778516056,138.86496560457374,135.67430392691475,137.341064453125,4094408.0
2023-11-01T00:00:00,137.81728455166825,138.24587721767543,135.91241534008196,137.62680053710938,2389225.0
2023-11-02T00:00:00,138.48401011454112,142.48424778562244,138.48401011454112,140.86509704589844,3420612.0
2023-11-03T00:00:00,141.10318171926502,142.62708290912295,140.7698383254203,142.10324096679688,2212192.0
2023-11-06T00:00:00,144.00811886550053,144.57958547938335,140.76984680816375,141.9127655029297,3476251.0
2023-11-07T00:00:00,141.76987385020124,142.48419968847972,140.91267412446922,142.293701171875,3243444.0
2023-11-08T00:00:00,141.86511513355254,142.72231489891058,141.05555453254425,142.15084838867188,3834324.0
2023-11-09T00:00:00,141.86513745292618,146.72255995517312,141.53179404700685,146.4844512939453,6065370.0
2023-11-10T00:00:00,145.48439128775345,145.627250670581,143.29378870873572,144.7700653076172,2826506.0
2023-11-13T00:00:00,144.8176727294922,145.57962325765246,144.05572220133192,144.8176727294922,2545602.0
2023-11-14T00:00:00,145.19866709939154,148.19884512400552,144.6272149992271,148.0083465576172,5460381.0
2023-11-15T00:00:00,148.38931723283193,152.48478902006588,148.10358393921115,151.05613708496094,6938780.0
2023-11-16T00:00:00,150.86562620186703,150.86562620186703,149.24649038103217,150.29417419433594,6064697.0
2023-11-17T00:00:00,150.86561760373786,152.43714323412914,150.53227425159207,151.53233337402344,3598377.0
2023-11-20T00:00:00,152.29428743785306,153.48483069341165,151.24661809276077,153.19911193847656,3830073.0
2023-11-21T00:00:00,152.81812182157645,153.38958836919076,151.91331189868544,152.67526245117188,5751754.0
2023-11-22T00:00:00,153.2943430109638,154.58013550939899,152.53239243903914,153.96104431152344,5957958.0
2023-11-23T00:00:00,154.34202785609585,155.1039784329183,153.1991092573614,153.24671936035156,3629826.0
2023-11-24T00:00:00,150.91328670110045,152.53242290673174,150.00847657439482,152.2467041015625,3471637.0
2023-11-27T00:00:00,152.0085717400179,153.10386574396017,151.7704630841175,152.7705078125,2576328.0
2023-11-28T00:00:00,151.96093847842192,152.8657484128955,151.6275805658799,152.6276397705078,2953524.0
2023-11-29T00:00:00,152.4371538317303,155.1992082352314,152.4371538317303,154.05628967285156,4931374.0
2023-11-30T00:00:00,154.58014027906069,155.77068354286584,154.10392297353863,154.19915771484375,11933189.0
2023-12-01T00:00:00,154.58011626857564,156.6754691808078,154.29438302304476,155.1039581298828,3631343.0
2023-12-04T00:00:00,154.6753808137096,155.29447205387555,152.86576079814625,153.7229461669922,3588180.0
2023-12-05T00:00:00,153.77057244950595,154.48489844217912,153.00862181738805,154.38966369628906,4277278.0
2023-12-06T00:00:00,154.7706323090612,157.91366959486052,154.19916569964332,157.48507690429688,4284947.0
2023-12-07T00:00:00,156.91359816722758,157.34219082466583,155.00872899372555,155.67543029785156,3619479.0
2023-12-08T00:00:00,155.43732632938898,157.81841286793048,155.19921767553484,157.29457092285156,3749787.0
2023-12-11T00:00:00,157.19933126472026,159.58041772879355,156.96122261831292,159.48516845703125,5126143.0
2023-12-12T00:00:00,158.24700252973065,159.58041968576273,158.1517677897989,159.4375457763672,5830614.0
2023-12-13T00:00:00,159.48517721324066,160.15187855318538,158.1993991718471,158.24700927734375,8134177.0
2023-12-14T00:00:00,160.24713052508594,161.29481445761766,158.53274524139746,159.9137725830078,6184617.0
2023-12-15T00:00:00,160.67570395680377,163.86636547831586,160.58046922262292,163.81874084472656,8416175.0
2023-12-18T00:00:00,162.7710744478535,162.7710744478535,160.8662051645176,161.34242248535156,5664032.0
2023-12-19T00:00:00,161.7710094710338,163.58062925071022,161.5329008403923,163.1996612548828,5356750.0
2023-12-20T00:00:00,162.91393482505822,164.39021130355852,162.15198426844535,163.72349548339844,7037257.0
2023-12-21T00:00:00,163.48540311968702,163.6759016775552,161.91389174827125,163.00918579101562,3692756.0
2023-12-22T00:00:00,161.86625473937096,164.05685719045863,161.43766208291865,163.29490661621094,3373181.0
2023-12-27T00:00:00,163.62825503349245,165.34264009276023,163.5330057673674,164.19970703125,2647480.0
2023-12-28T00:00:00,164.62832557284477,165.43788625886395,163.91399962653446,164.2949676513672,2089348.0
2023-12-29T00:00:00,164.2473296452283,165.86646541846707,164.2473296452283,165.29501342773438,1870031.0
2024-01-02T00:00:00,165.4855129175019,166.3903228872856,162.53295982347214,162.86631774902344,2962308.0
2024-01-03T00:00:00,162.390093867173,162.390093867173,159.0565728786973,160.2471160888672,4541380.0
2024-01-04T00:00:00,159.86615781093963,160.34237512401006,156.58024672435448,158.2946319580078,5374659.0
2024-01-05T00:00:00,157.2945653473201,157.34218998300258,153.96104431152344,153.96104431152344,3806477.0
2024-01-08T00:00:00,154.3420436224142,156.1516637108498,153.72295235731784,156.00880432128906,5630953.0
2024-01-09T00:00:00,156.67550208105013,156.67550208105013,154.103931397262,155.38970947265625,3512106.0
2024-01-10T00:00:00,155.34208970252737,156.96122562248715,155.0087317779774,155.96116638183594,4804609.0
2024-01-11T00:00:00,158.10412481791428,159.53277654819664,155.6754139698349,156.056396484375,3472422.0
2024-01-12T00:00:00,156.6754836807022,158.62797741736523,156.38975040872748,158.58035278320312,3438974.0
2024-01-15T00:00:00,158.818490241307,158.818490241307,156.91362079313538,157.24697875976562,1753745.0
2024-01-16T00:00:00,156.53262708191997,159.05657287420968,155.8183011558382,158.8660888671875,3211378.0
2024-01-17T00:00:00,156.34214112684762,157.1040917492686,154.81825441500496,156.1516571044922,3968898.0
2024-01-18T00:00:00,155.29445088312812,157.7231618077598,155.29445088312812,156.6278533935547,5451869.0
2024-01-19T00:00:00,157.38980391365448,158.62797169219192,156.151636135117,156.6278533935547,3967499.0
2024-01-22T00:00:00,158.2946316962648,161.2471848456189,157.67555500349653,160.7233428955078,4544533.0
2024-01-23T00:00:00,161.48530210695975,162.05675419235135,159.19945016639394,160.53286743164062,3714542.0
2024-01-24T00:00:00,162.67582239467208,164.67592620956285,161.19954595056367,162.77105712890625,4201037.0
2024-01-25T00:00:00,162.67582637385468,165.58075469951243,154.53250794825604,156.10401916503906,11881240.0
2024-01-26T00:00:00,152.19903390601326,157.10406570011725,152.19903390601326,156.056396484375,4283958.0
2024-01-29T00:00:00,155.199206245471,159.00894442655897,154.43725570265386,157.9136505126953,3919443.0
2024-01-30T00:00:00,157.91364573849427,158.77083099012464,156.86596195717055,157.675537109375,2842763.0
2024-01-31T00:00:00,157.96127238868158,159.48515891471226,157.43743049132829,159.00894165039062,5446803.0
2024-02-01T00:00:00,159.10420969735208,162.2472469194831,158.1041504176287,161.0090789794922,3426584.0
2024-02-02T00:00:00,162.7234536280065,163.628263571416,160.7233351989974,161.24717712402344,3193816.0
2024-02-05T00:00:00,160.91380873251245,161.10429272930344,158.67559633747268,159.0565643310547,3106387.0
2024-02-06T00:00:00,160.4376303296091,161.86628245103572,159.00897820818247,161.29483032226562,2827914.0
2024-02-07T00:00:00,161.43765549922878,161.62813950177284,159.2946777713629,160.6757049560547,3754549.0
2024-02-08T00:00:00,160.77096259030165,162.9139404296875,160.15187138356882,162.9139404296875,2195437.0
2024-02-09T00:00:00,163.00916662581918,165.0569096181501,162.24723061592638,163.1044158935547,2474590.0
2024-02-12T00:00:00,163.7235058870312,164.3425971118053,162.62821188373712,163.1520538330078,2086803.0
2024-02-13T00:00:00,162.8663120159792,162.96156128649778,157.62792186341846,160.58047485351562,4098445.0
2024-02-14T00:00:00,160.77097610047042,161.8662701638875,160.05665009398106,160.53286743164062,3620270.0
2024-02-15T00:00:00,162.39010537218803,164.3902239201771,160.86620414200593,162.05674743652344,4577880.0
2024-02-16T00:00:00,163.1996613900576,168.3904266357422,163.15203675729035,168.3904266357422,6360631.0
2024-02-19T00:00:00,166.72366621987115,168.58091063381366,165.96171569458775,168.3904266357422,1993307.0
2024-02-20T00:00:00,168.00944696056547,168.43805412975388,164.9140347070806,166.24745178222656,2352031.0
2024-02-21T00:00:00,166.67604360478197,167.39036950594533,165.29501643579903,167.2951202392578,2066248.0
2024-02-22T00:00:00,169.53334988351156,172.4382781673286,169.43810061532167,171.0572509765625,4538892.0
2024-02-23T00:00:00,171.15248975010786,171.86681567939297,169.2952452405663,169.91432189941406,3564888.0
2024-02-26T00:00:00,169.58097826847205,172.15254870350148,168.19995104715977,172.0096893310547,3094092.0
2024-02-27T00:00:00,172.1525633659246,172.39067202894802,169.77147673569053,170.628662109375,3030031.0
2024-02-28T00:00:00,170.20006450333943,171.7239657158446,169.62861244839928,171.438232421875,3042552.0
2024-02-29T00:00:00,172.39064690134953,172.39064690134953,169.91431135365607,171.20010375976562,6016866.0
2024-03-01T00:00:00,172.2954138390696,172.4859123860349,170.29530989292206,171.53347778320312,3265844.0
2024-03-04T00:00:00,173.05736837703736,173.05736837703736,170.05720512285416,171.438232421875,5181027.0
2024-03-05T00:00:00,170.86676871010926,171.77159324507693,169.67622540936156,170.3429412841797,6536593.0
2024-03-06T00:00:00,170.10482687572167,171.10487158815607,168.00945911081453,170.81915283203125,10511723.0
2024-03-07T00:00:00,171.15250088744892,173.2002440711171,169.6762242975949,172.43829345703125,7994074.0
2024-03-08T00:00:00,172.5335261671906,175.5813285876127,172.2001827688937,173.866943359375,5070666.0
2024-03-11T00:00:00,173.1049852575055,173.1049852575055,169.19999765857972,170.58103942871094,5653429.0
2024-03-12T00:00:00,171.29537085589993,174.5336427249088,171.00963756557587,173.91456604003906,7253761.0
2024-03-13T00:00:00,175.1527194097785,175.24796868421947,173.10499080628742,173.91456604003906,6288227.0
2024-03-14T00:00:00,174.6764915633907,175.0574741051668,173.5335730040584,174.1526641845703,4554156.0
2024-03-15T00:00:00,173.81931017183865,176.81947327393408,173.3907175191105,175.43844604492188,9369700.0
2024-03-18T00:00:00,175.53369631661374,175.81942959772783,172.81925194552758,173.3430938720703,4005596.0
2024-03-19T00:00:00,172.8668718298659,174.3907729319234,172.20017054758998,173.10498046875,5666453.0
2024-03-20T00:00:00,173.10499768598822,174.91461770829534,172.15256303572144,173.057373046875,6104550.0
2024-03-21T00:00:00,175.96227838913066,177.62903880688967,174.48600196965887,177.39093017578125,6828371.0
2024-03-22T00:00:00,176.8671024978512,178.81959633648714,175.7718085199084,178.1052703857422,6915285.0
2024-03-25T00:00:00,178.10526661206316,178.81959254767304,176.58136546956274,177.15283203125,3378145.0
2024-03-26T00:00:00,177.1528292235807,177.39093786501024,174.20027625665512,176.86709594726562,4894038.0
2024-03-27T00:00:00,176.15276628935982,176.20039092323594,172.67638601137077,173.48594665527344,5280686.0
2024-03-28T00:00:00,173.4383479508596,174.20028401095223,171.72396274965365,172.20018005371094,2773645.0
2024-04-02T00:00:00,173.34309969264623,174.62889223433518,170.58104512612778,171.48585510253906,5221871.0
2024-04-03T00:00:00,172.24779224408334,173.05735288268258,171.48584170605054,172.48590087890625,2606533.0
2024-04-04T00:00:00,172.39066207323833,173.6288299560547,171.58108685251264,173.6288299560547,3548476.0
2024-04-05T00:00:00,170.00957188114103,172.6763916015625,168.81902866068484,172.6763916015625,4078070.0
2024-04-08T00:00:00,173.0097331602737,175.05747619767766,172.96212305835581,174.43838500976562,3283845.0
2024-04-09T00:00:00,174.15266515358047,175.15270981543688,172.67638867860464,173.43833923339844,3035759.0
2024-04-10T00:00:00,173.6288469187551,175.24798298538968,171.81921228769292,174.62890625,2955617.0
2024-04-11T00:00:00,173.7240676630401,176.20040347096676,171.15249711357714,172.86688232421875,4821141.0
2024-04-12T00:00:00,174.34316542497115,176.77187668678462,173.91457273947452,174.1050567626953,3160774.0
2024-04-15T00:00:00,176.43851739264116,179.7720386389259,176.05754934912264,177.2480926513672,4012777.0
2024-04-16T00:00:00,175.2955712721968,175.8194131497339,173.2954530245087,175.10508728027344,4602283.0
2024-04-17T00:00:00,173.295475763603,176.96235485451777,171.72396445778176,174.58126831054688,4212177.0
2024-04-18T00:00:00,175.39082535850685,175.48607463147914,172.91450412421187,173.96217346191406,3669600.0
2024-04-19T00:00:00,172.15255079850363,172.39065944414472,170.20005699764707,170.9143829345703,3845665.0
2024-04-22T00:00:00,171.48585540485917,173.34309999824055,167.67611694335938,167.67611694335938,6215589.0
2024-04-23T00:00:00,167.67611311750372,170.72390091056258,167.19989582068206,169.48573303222656,5135441.0
2024-04-24T00:00:00,169.4381182026795,184.5342131988567,168.19996478568024,183.7722625732422,9289559.0
2024-04-25T00:00:00,184.77962582076015,184.77962582076015,179.26310030259208,181.61361694335938,4194906.0
2024-04-26T00:00:00,184.53978842777306,186.21873108179514,183.86819965478966,186.02684020996094,5208294.0
2024-04-29T00:00:00,186.4106145365084,188.37737893526187,186.36264181669125,187.37001037597656,3640264.0
2024-04-30T00:00:00,190.10426641404553,190.344115357106,185.8349581554126,187.51390075683594,4427128.0
2024-05-02T00:00:00,185.40322662532967,187.1781145987752,184.44383088600065,185.2593231201172,4614479.0
2024-05-03T00:00:00,185.8349527197102,189.0969070334506,185.69104921377019,188.08953857421875,4580956.0
2024-05-06T00:00:00,188.95298858873457,189.4326864600638,187.0341971034177,189.00096130371094,2209431.0
2024-05-07T00:00:00,190.00833493887612,191.15960693359375,187.46592736802296,191.15960693359375,3721710.0
2024-05-08T00:00:00,190.39208010578872,193.31824001651233,190.10425845831773,191.63929748535156,2366194.0
2024-05-10T00:00:00,194.8532922597671,195.6207971861241,192.64667899844548,194.27764892578125,3614908.0
2024-05-13T00:00:00,193.89388424039058,194.0857604598848,191.0156970303257,191.68727111816406,2684235.0
2024-05-14T00:00:00,191.25554016003855,191.83116880105132,190.15222631280142,191.35147094726562,3248742.0
2024-05-15T00:00:00,192.35883854162364,193.3182342450731,190.0083219960157,193.12635803222656,2938816.0
2024-05-16T00:00:00,193.41420188093844,193.60607811581824,189.72052214282442,189.8644256591797,4106945.0
2024-05-17T00:00:00,189.48065582931267,190.34410612677212,187.8976587375647,189.7205047607422,2704590.0
2024-05-20T00:00:00,190.5839620912487,192.0710284488317,190.10426421068757,191.97509765625,1812609.0
2024-05-21T00:00:00,191.8311850159233,191.97510316775399,190.6799129973677,191.3994598388672,3820175.0
2024-05-22T00:00:00,191.6872807681718,195.5248639081183,191.39945910483223,195.045166015625,4164143.0
2024-05-23T00:00:00,195.9086205378127,198.01928838188113,195.1411009656374,197.1558380126953,3800837.0
2024-05-24T00:00:00,195.81268127192288,195.81268127192288,193.70199887992302,195.71673583984375,4009793.0
2024-05-27T00:00:00,195.6207916477918,195.6207916477918,193.51012388163016,194.85328674316406,1383310.0
2024-05-28T00:00:00,194.94920895118406,195.8126738896903,191.68726933251708,193.4141845703125,2787897.0
2024-05-29T00:00:00,193.0304239029852,193.5101217827835,189.67253874439723,191.06365966796875,3082071.0
2024-05-30T00:00:00,190.15224484847772,190.8238189813981,189.2408217652845,190.63194274902344,2081692.0
2024-05-31T00:00:00,190.63193057119366,193.12636535037072,189.33675510598871,192.64666748046875,11517020.0
2024-06-03T00:00:00,194.56546080716043,196.10048522188893,193.03042175321457,193.70199584960938,3550649.0
2024-06-04T00:00:00,193.2223004343349,193.41419129793337,191.35148162799,191.97509765625,2808654.0
2024-06-05T00:00:00,192.74259889064328,194.85328123637214,192.0710247984647,193.60606384277344,4642302.0
2024-06-07T00:00:00,195.23704402608683,197.25178104862803,193.98982656638125,196.10049438476562,3843990.0
2024-06-10T00:00:00,194.85329585515774,195.71674623285062,192.93450422542392,195.42892456054688,2315341.0
2024-06-11T00:00:00,195.71673955510258,196.580189903335,192.7426067748036,194.0857696533203,2459070.0
2024-06-12T00:00:00,194.94921447349284,197.73147094631403,194.08576414974476,197.4436492919922,3144693.0
2024-06-13T00:00:00,198.01927299859958,198.01927299859958,194.27763550384202,194.3735809326172,4226611.0
2024-06-14T00:00:00,194.27764285546064,194.46951908105459,190.44005978671078,192.07102966308594,3244439.0
2024-06-17T00:00:00,192.55073059810786,193.70200260913396,190.9677334128492,192.26290893554688,4361386.0
2024-06-18T00:00:00,193.41420103852462,193.79795350661277,191.63931293537576,193.5101318359375,2691189.0
2024-06-19T00:00:00,193.2222939490007,193.7979372420401,190.6319284087574,190.67990112304688,2226020.0
2024-06-20T00:00:00,191.54336063310524,191.87915501005995,188.66517330795435,190.29615783691406,9281799.0
2024-06-24T00:00:00,189.33676345960623,194.2776458819033,188.3773676774734,194.0857696533203,3623452.0
2024-06-25T00:00:00,192.8385464499534,192.8385464499534,187.46592437476525,189.14486694335938,2984102.0
2024-06-26T00:00:00,190.67991390923288,193.893895672321,190.536010395932,191.4474334716797,2857068.0
2024-06-27T00:00:00,191.25554257256675,193.89388080166842,190.58395385742188,190.58395385742188,2274262.0
2024-06-28T00:00:00,192.35885072208467,192.83854860418464,190.29615568474188,191.11163330078125,2907384.0
2024-07-01T00:00:00,191.6392977748802,192.55072079390104,189.8644098121419,190.72787475585938,1896172.0
2024-07-02T00:00:00,190.20020048009584,190.29614590727317,188.08953283514623,189.57659912109375,2656330.0
2024-07-03T00:00:00,190.34410612677212,193.22229330392622,189.04893068058297,189.7205047607422,3713419.0
2024-07-04T00:00:00,190.58398473585598,190.72790290065475,182.57303796217946,187.80174255371094,3517092.0
2024-07-05T00:00:00,188.04157725047472,188.23345348309076,185.11541712562115,186.02684020996094,2189317.0
2024-07-08T00:00:00,186.2666941835039,188.37737671685258,185.54714731237644,188.18548583984375,2937446.0
2024-07-09T00:00:00,187.22606158500733,187.84967756216489,184.87554509071532,185.547119140625,2750685.0
2024-07-10T00:00:00,185.54712522688556,185.8829195824632,184.10803165592455,184.97149658203125,2961076.0
2024-07-11T00:00:00,185.35525877217088,187.51389924227973,184.97150632206078,186.50653076171875,2875394.0
2024-07-12T00:00:00,186.2187366341681,193.5101361655079,186.2187366341681,192.83856201171875,3099041.0
2024-07-15T00:00:00,192.07103025524532,194.08576722823753,191.63930508652348,193.03042602539062,2909461.0
2024-07-16T00:00:00,192.64666442508198,192.83854064215618,190.2002023995396,192.4547882080078,2185828.0
2024-07-17T00:00:00,191.97510021698008,192.07103101084138,186.41060180040338,186.60247802734375,3412785.0
2024-07-18T00:00:00,186.74637210691301,187.27404268376455,175.32956882951513,176.81663513183594,8598283.0
2024-07-19T00:00:00,176.24100068764298,179.1671607250523,175.37755034706475,175.52145385742188,3480621.0
2024-07-22T00:00:00,176.38492732193748,179.02326582632796,175.56943501943852,176.96055603027344,4668223.0
2024-07-23T00:00:00,177.0085165389975,179.6468548613945,174.8978488089234,178.97528076171875,2483693.0
2024-07-24T00:00:00,177.44023649770418,177.87196164632198,175.80926669224976,176.81663513183594,2476778.0
2024-07-25T00:00:00,173.9864324187946,176.0971002295164,171.82779189071636,175.7133331298828,3201987.0
2024-07-26T00:00:00,175.66537954956723,177.44025302345662,175.041763486402,176.91258239746094,2593216.0
2024-07-29T00:00:00,177.82399439085842,179.55089489617444,177.20037841796875,177.20037841796875,2363847.0
2024-07-30T00:00:00,177.5841758928892,180.07859629410524,177.4402577333148,179.0232696533203,2281777.0
2024-07-31T00:00:00,182.62099090095347,184.01211184132973,181.8534713561611,182.86083984375,6292304.0
2024-08-01T00:00:00,182.86084892677576,182.86084892677576,174.51409359148462,175.08973693847656,3984336.0
2024-08-02T00:00:00,172.30748884912123,172.4034196440946,167.4625372068186,168.2300567626953,4372837.0
2024-08-05T00:00:00,162.52163662605736,165.78359100839506,160.21909264729229,165.25592041015625,5218174.0
2024-08-06T00:00:00,166.93487534753544,168.0861474220885,163.33714096504545,165.06405639648438,3730040.0
2024-08-07T00:00:00,166.40719265672578,169.66914704410493,165.35186609783477,168.94960021972656,3298451.0
2024-08-08T00:00:00,167.4145749625513,170.19681705753084,166.3112755964226,169.8130645751953,2607122.0
2024-08-09T00:00:00,170.00491972266147,171.01228816282446,168.18207369891283,169.4772491455078,2048830.0
2024-08-12T00:00:00,169.8610241624971,171.30011781882007,169.42929899344375,169.9569549560547,1608644.0
2024-08-13T00:00:00,170.58056610733973,171.77981078661065,170.10086823563137,171.4919891357422,1792431.0
2024-08-14T00:00:00,173.93846130371094,174.8019116672089,172.83514735122117,173.93846130371094,2625217.0
2024-08-15T00:00:00,174.84988403320312,176.38492316435332,173.2668868235692,174.84988403320312,3179219.0
2024-08-16T00:00:00,175.66537475585938,176.0491272156286,174.75393704527602,175.66537475585938,3268051.0
2024-08-19T00:00:00,175.6653534358726,176.62474910807458,175.52143530151258,176.24098205566406,1870459.0
2024-08-20T00:00:00,176.67273167924333,177.58416940559582,175.52145964079907,175.8572540283203,1542324.0
2024-08-21T00:00:00,176.19302889066012,177.00852115818714,174.8019079394827,175.56942749023438,1817186.0
2024-08-22T00:00:00,175.95318877604538,177.39228251621768,175.7613125385328,176.09710693359375,1363458.0
2024-08-23T00:00:00,175.71333426161962,178.7834125215902,175.04176013195783,177.6321258544922,2708563.0
2024-08-26T00:00:00,177.3922647050238,178.25572964596148,176.24099275632392,176.86460876464844,1374913.0
2024-08-27T00:00:00,176.9125880457552,177.39228596848147,174.84989283371985,175.3775634765625,1958154.0
2024-08-28T00:00:00,175.85724031982966,178.06385342771435,174.89784458937692,176.86460876464844,2265301.0
2024-08-29T00:00:00,176.52881055209727,179.79075010878626,176.09708541065558,179.40699768066406,1811134.0
2024-08-30T00:00:00,179.40699917357443,179.55090267551356,178.20775452669227,178.5915069580078,3173123.0
2024-09-02T00:00:00,178.35167758495115,178.68747197858488,176.57680409648017,177.91995239257812,2036910.0
2024-09-03T00:00:00,176.91257786770407,179.07121839578232,174.6580065441309,175.7133331298828,3379813.0
2024-09-04T00:00:00,172.35544402851568,174.51408450855718,171.63589720183518,172.6912384033203,2838013.0
2024-09-05T00:00:00,171.6358957211816,172.3074844649973,168.46990142247367,168.90162658691406,2225011.0
2024-09-06T00:00:00,167.51051217694538,168.9975639523862,165.11202268208203,165.5917205810547,2577407.0
2024-09-09T00:00:00,167.31860362638264,170.10085992996994,167.17470012758355,169.14146423339844,2408536.0
2024-09-10T00:00:00,169.47727663911263,171.3481103197203,168.46992267474775,169.285400390625,2373954.0
2024-09-11T00:00:00,169.66914121065273,171.30011102865856,168.13410218240188,168.61380004882812,2274567.0
2024-09-12T00:00:00,171.923728673553,173.6026713649729,170.48463493805025,171.44403076171875,2928994.0
2024-09-13T00:00:00,171.9717046616299,172.93110050353576,171.34810322007857,172.54734802246094,1320797.0
2024-09-16T00:00:00,171.82778136182836,172.8351351684974,170.77244020152537,171.34808349609375,2077852.0
2024-09-17T00:00:00,171.5399688041033,174.17830720544399,171.5399688041033,173.74658203125,2355794.0
2024-09-18T00:00:00,173.60265746643515,173.60265746643515,171.49198975118708,172.45138549804688,2429231.0
2024-09-19T00:00:00,174.37017192585446,178.73542537508789,173.41077620686764,177.68008422851562,3861567.0
2024-09-20T00:00:00,176.28896727296984,176.5767889228916,174.46612122216072,175.1376953125,6867594.0
2024-09-23T00:00:00,175.42550520101258,177.82399439085842,174.32219139015373,177.20037841796875,2815315.0
2024-09-24T00:00:00,179.59888859496385,180.8461060472714,176.52882500105005,178.44761657714844,2486550.0
2024-09-25T00:00:00,177.919942550848,182.5730178892617,177.63212089211416,181.94940185546875,2893600.0
2024-09-26T00:00:00,187.3700099877064,189.43270518260113,186.21873791057402,188.28143310546875,4499111.0
2024-09-27T00:00:00,189.00096283304205,190.34411102794525,187.03419861683443,190.00833129882812,3171103.0
2024-09-30T00:00:00,189.00098302487845,191.25556913492372,188.08955989244998,188.4733123779297,4206846.0
2024-10-01T00:00:00,189.00097054364002,190.056311767845,186.36263212234553,186.7943572998047,2879862.0
2024-10-02T00:00:00,187.70578207245705,189.67254638671875,187.51390584065012,189.67254638671875,2316717.0
2024-10-03T00:00:00,188.42531738151814,189.0969061105398,186.79434755221675,188.04156494140625,2180226.0
2024-10-04T00:00:00,188.0415579024413,189.57659688386218,185.49916514363068,187.60983276367188,2597202.0
2024-10-07T00:00:00,188.76113141536166,188.76113141536166,185.97888933659146,187.37001037597656,1624200.0
2024-10-08T00:00:00,185.3072930640204,186.6504559686364,183.91617208074015,185.9788818359375,2265937.0
2024-10-09T00:00:00,186.07480954543493,187.60984865689545,185.45120814096416,186.7463836669922,2506608.0
2024-10-10T00:00:00,186.26669294811722,186.7943635779547,182.5250550987578,184.3958740234375,3508201.0
2024-10-11T00:00:00,184.2519564850232,186.8423220789417,183.8681894019725,186.3146514892578,2240663.0
2024-10-14T00:00:00,186.36263661366544,188.04157928586062,186.02684222353906,187.9936065673828,1811185.0
2024-10-15T00:00:00,188.18546413306527,189.7684758504799,178.39963074235004,178.5915069580078,5357770.0
2024-10-16T00:00:00,176.4328729321668,178.73543152043268,174.2742324902273,177.10446166992188,4948008.0
2024-10-17T00:00:00,176.8166455149248,177.91994480831605,175.8092770161836,176.52882385253906,4897815.0
2024-10-18T00:00:00,177.10886619264687,179.13905017838334,176.57714993433908,177.44723510742188,3706756.0
2024-10-21T00:00:00,177.15720883820697,177.4955777570346,174.74033013645789,175.41705322265625,4090772.0
2024-10-22T00:00:00,175.41706218226315,175.90043794730187,172.5651481188262,173.91859436035156,4507663.0
2024-10-23T00:00:00,171.59839658874873,177.44724629600887,168.456454115997,173.91859436035156,6698407.0
2024-10-24T00:00:00,173.43521050085133,176.52882705388197,172.32345219373263,173.48355102539062,3318189.0
2024-10-25T00:00:00,173.2418770242711,174.64366383939864,172.03343757132353,173.5802459716797,2369018.0
2024-10-28T00:00:00,174.5953339154344,176.9155317094008,173.72524867910363,175.70709228515625,3405391.0
2024-10-29T00:00:00,176.19045311385665,176.86717618375573,174.74032592773438,174.74032592773438,3531768.0
2024-10-30T00:00:00,174.0636194043396,174.45031412348214,170.82499581355336,171.840087890625,4203250.0
2024-10-31T00:00:00,170.34161093552027,170.92166773469273,168.5047889905694,169.56820678710938,4344094.0
2024-11-01T00:00:00,170.0999376800159,170.77666083623865,169.13318609928098,169.61656188964844,1495150.0
2024-11-04T00:00:00,170.14827567913272,172.46847353781035,169.76158095317254,170.72833251953125,2316121.0
2024-11-05T00:00:00,170.3416298960112,172.178466796875,169.7132472531776,172.178466796875,2205190.0
2024-11-06T00:00:00,173.4835625741678,178.89737715091132,171.7917473628677,171.840087890625,3979835.0
2024-11-07T00:00:00,171.93676293930395,177.6405909804047,171.50171295614516,176.91552734375,6352307.0
2024-11-08T00:00:00,177.35057559108427,177.68894454693876,174.0152855679895,175.17538452148438,7234086.0
2024-11-11T00:00:00,176.43214274818104,178.89736193961133,176.335461700887,178.4139862060547,3286490.0
2024-11-12T00:00:00,176.52883451426368,177.25389815862437,170.38995642476021,171.16336059570312,4847541.0
2024-11-13T00:00:00,171.2600246101441,172.22677612304688,169.85823786672654,172.22677612304688,4003612.0
2024-11-14T00:00:00,172.71014727389095,173.8219203349563,171.5500484396351,172.5167999267578,4331302.0
2024-11-15T00:00:00,170.92168242422395,171.98510031215727,169.4715550531216,169.61656188964844,4337402.0
2024-11-18T00:00:00,169.47153883589428,170.29326875001016,167.77972373150294,168.74647521972656,2506809.0
2024-11-19T00:00:00,169.0365126063358,169.18151943669844,165.07282539323575,167.24801635742188,3125901.0
2024-11-20T00:00:00,168.4081074850924,169.13317110636987,165.70120034869836,165.84622192382812,2833290.0
2024-11-21T00:00:00,165.65287165053812,167.15132464022426,164.8794675178717,166.95797729492188,2519870.0
2024-11-22T00:00:00,167.19967285190552,169.18151642315397,166.13625502812022,168.35977172851562,5151579.0
2024-11-25T00:00:00,169.47154129499614,169.71322917055903,167.05466253936714,167.63470458984375,7406669.0
2024-11-26T00:00:00,166.42625781666325,167.73137818729109,165.65286845039432,167.1513214111328,1753978.0
2024-11-27T00:00:00,166.95798052775714,167.7313846753991,166.0395695561948,166.76463317871094,2662330.0
2024-11-28T00:00:00,167.63470687862164,168.9881678511275,166.5712890625,166.5712890625,2002379.0
2024-11-29T00:00:00,166.7162970906965,168.35977172851562,165.50785768767398,168.35977172851562,4898312.0
2024-12-02T00:00:00,167.5380423738997,172.80683523929582,167.15133291269944,171.16336059570312,4763690.0
2024-12-03T00:00:00,171.55005556030665,174.88534537902927,171.55005556030665,172.08177185058594,3624850.0
2024-12-04T00:00:00,173.72524979715604,175.12703658800967,172.66183194785162,174.69200134277344,2705680.0
2024-12-05T00:00:00,174.06361895038037,174.06361895038037,171.98509427390056,172.8068389892578,2706436.0
2024-12-06T00:00:00,172.32345433251007,174.9336804240014,172.22677328223153,174.3052978515625,2697008.0
2024-12-09T00:00:00,178.99405033782355,178.99405033782355,174.64366819862383,175.17538452148438,3676712.0
2024-12-10T00:00:00,174.0152666097232,174.74033022059706,172.75848673391715,173.53189086914062,4719802.0
2024-12-11T00:00:00,172.71014485556842,174.49864098228537,172.71014485556842,173.62857055664062,4042918.0
2024-12-12T00:00:00,173.62856513576546,174.64364235017356,172.61347316990103,173.0001678466797,3895148.0
2024-12-13T00:00:00,172.61348788442447,173.62857993682096,170.72832535937823,171.16336059570312,4203683.0
2024-12-16T00:00:00,170.92166948381137,172.51680357067363,170.67998160692576,171.35670471191406,4077108.0
2024-12-17T00:00:00,170.3416045993569,172.61347643490933,170.09991673393458,170.92166137695312,4544559.0
2024-12-18T00:00:00,171.3567072671639,172.08177090863285,169.51988527602555,171.21170043945312,4413086.0
2024-12-19T00:00:00,167.973058866523,168.64978190878756,165.2661519460087,165.70118713378906,5088190.0
2024-12-20T00:00:00,164.34774644468433,164.87946269229664,162.0758746373664,164.44442749023438,7958378.0
2024-12-23T00:00:00,164.10606559732395,164.2994129452326,162.5592573111404,163.04263305664062,3181933.0
2024-12-27T00:00:00,163.57435887329527,165.072826722089,162.9943167957176,164.34776306152344,2821169.0
2024-12-30T00:00:00,163.81604977869546,163.96107136435555,161.83420611967307,163.2360076904297,3452894.0
2025-01-02T00:00:00,163.76771057199343,165.99124214027168,163.67104426556466,165.94290161132812,2313730.0
2025-01-03T00:00:00,165.50786635375286,166.66796529110636,165.314518989437,165.94290161132812,2206601.0
2025-01-07T00:00:00,170.82499252350104,171.55005617152224,168.02141898506886,169.2298583984375,6196251.0
2025-01-08T00:00:00,168.74646774895848,172.7101398243209,168.55312041016506,170.14825439453125,4754760.0
2025-01-09T00:00:00,170.82499489699836,172.90351956774674,169.6648959943372,170.9700164794922,3682007.0
2025-01-10T00:00:00,171.5983868770761,172.80682622128086,169.37485553344797,169.8098907470703,2965023.0
2025-01-13T00:00:00,168.69813011117054,169.61654104973658,166.23291093289365,169.0364990234375,3263691.0
2025-01-14T00:00:00,170.2932586669922,171.743385813466,169.18150042194475,170.2932586669922,3486753.0
2025-01-15T00:00:00,170.29326051737024,174.74032304879344,170.0032468860892,173.9669189453125,4601656.0
2025-01-16T00:00:00,176.23880328439276,178.0272847276384,175.22371124824934,176.0454559326172,4059729.0
2025-01-17T00:00:00,176.96386278899473,181.12089713675363,176.57715334300727,180.05746459960938,7025528.0
2025-01-20T00:00:00,180.25081911490258,181.41091799608458,178.75235129895782,179.6224365234375,2110576.0
2025-01-21T00:00:00,179.33240234087782,180.92753640720844,179.18739551719582,179.96078491210938,3195161.0
2025-01-22T00:00:00,180.4441652016794,183.0060655790527,180.4441652016794,182.52268981933594,4279031.0
2025-01-23T00:00:00,182.5226762483831,183.3444061279297,180.6858396471577,183.3444061279297,3340405.0
2025-01-24T00:00:00,183.8761251968935,186.29300385287647,183.8761251968935,186.0029754638672,3559937.0
2025-01-27T00:00:00,180.97588045524827,181.36258991169012,175.80376870665887,180.68585205078125,5722031.0
2025-01-28T00:00:00,181.70095485171183,189.09661322206182,174.30531123282015,174.4019775390625,12384270.0
2025-01-29T00:00:00,176.19044816583994,177.6405753112378,173.82191011198134,175.99710083007812,6496762.0
2025-01-30T00:00:00,176.43216630686885,179.6707900547291,175.99713103886967,177.88229370117188,4175889.0
2025-01-31T00:00:00,178.3656501707026,180.73418837443947,178.2206433475694,180.00912475585938,4150910.0
2025-02-03T00:00:00,174.0636133231996,177.20555574870338,173.96693227106266,176.91552734375,4139901.0
2025-02-04T00:00:00,176.67383544829326,179.04237365722656,174.208616189421,179.04237365722656,3639168.0
2025-02-05T00:00:00,176.48049448558578,179.18740171579418,176.19046607673172,178.6556854248047,3250918.0
2025-02-06T00:00:00,179.71909245677938,180.29914923963435,177.59224217207236,180.2508087158203,3183525.0
2025-02-07T00:00:00,180.54085047582663,180.6375315306137,177.54391479492188,177.54391479492188,2945642.0
2025-02-10T00:00:00,177.68892291428224,179.57408532813554,176.81883774149532,179.3323974609375,3232411.0
2025-02-11T00:00:00,179.3324117994906,179.62244021360883,177.10888029319455,178.46234130859375,3220762.0
2025-02-12T00:00:00,179.18741118936308,180.78254539520802,177.68894329060845,178.99404907226562,3022128.0
2025-02-13T00:00:00,180.68586108244494,183.82780365973142,180.2991663581314,182.95773315429688,4036727.0
2025-02-14T00:00:00,182.7160396590293,183.29609647916485,180.83087712077528,181.41091918945312,3167866.0
2025-02-17T00:00:00,181.16923130630627,181.41091918945312,180.2024797737188,181.41091918945312,2611221.0
2025-02-18T00:00:00,181.60428253465926,184.35951557043413,180.73419729852682,184.16616821289062,4086800.0
2025-02-19T00:00:00,183.9728024200102,184.31115657394145,178.4139816267843,178.70401000976562,5693369.0
2025-02-20T00:00:00,179.33239807429842,181.79761727844132,178.8973628621454,181.16921997070312,3742479.0
2025-02-21T00:00:00,181.5075990492904,182.3776695223125,179.6224365234375,179.6224365234375,6048904.0
2025-02-24T00:00:00,179.7191008382319,180.1541508213907,175.22371219155568,176.91552734375,3420280.0
2025-02-25T00:00:00,174.59533989944026,177.06054460822426,174.45031831268582,176.2871551513672,3383974.0
2025-02-26T00:00:00,177.68893347098168,180.15415281315438,177.06053612805897,179.6224365234375,3767174.0
2025-02-27T00:00:00,177.39891424887128,178.26898476694723,174.98203530815096,176.2388153076172,3922012.0
2025-02-28T00:00:00,173.6285819428732,177.06053809799948,173.38689405862726,176.67384338378906,8232733.0
2025-03-03T00:00:00,176.52882884367412,178.0756223844151,175.07870160153482,175.2720489501953,5851286.0
2025-03-04T00:00:00,172.42013550634064,173.33854647881606,168.60145528946003,169.56820678710938,5849265.0
2025-03-05T00:00:00,173.91859857440195,179.2357321186622,171.98509546739825,178.36566162109375,6462212.0
2025-03-06T00:00:00,179.71909824559222,180.15414822247496,172.8551714351549,177.06053161621094,5369088.0
2025-03-07T00:00:00,175.1753652699264,177.9789534135082,173.19352178513475,177.30221557617188,6084395.0
2025-03-10T00:00:00,178.22064687791544,178.46233475556303,172.6134851661999,173.1935272216797,3915631.0
2025-03-11T00:00:00,175.75544369899896,175.75544369899896,169.03652303430985,169.4232177734375,4600879.0
2025-03-12T00:00:00,171.5984030286708,173.24187774118897,169.8099067303239,170.72833251953125,6365358.0
2025-03-13T00:00:00,169.5682135144767,171.69507869485116,168.02141990774533,170.0999298095703,3017065.0
2025-03-14T00:00:00,169.4232023712434,171.55005274601177,169.08483344167365,171.30836486816406,3440299.0
2025-03-17T00:00:00,171.45338467823495,172.71014982892115,170.29327107535966,172.37179565429688,3153023.0
2025-03-18T00:00:00,172.61348657832005,172.95184075892027,167.0063248207333,168.40811157226562,4943707.0
2025-03-19T00:00:00,167.7797215727697,168.45644465552778,166.37793488317286,167.9247283935547,6316304.0
2025-03-20T00:00:00,168.06975497403627,168.74647807695976,165.84622356318144,166.66795349121094,5782469.0
2025-03-21T00:00:00,165.70120738306912,165.94289526708846,160.77078339994947,161.64085388183594,8516889.0
2025-03-24T00:00:00,162.80094745724767,162.80094745724767,160.43240922151367,161.97921752929688,5352079.0
2025-03-25T00:00:00,161.83418945108167,164.25106811523438,160.38406225259007,164.25106811523438,3957632.0
2025-03-26T00:00:00,164.58943936366873,165.07281510335648,160.62575239764666,161.302490234375,3870897.0
2025-03-27T00:00:00,159.36899249429337,160.96412658691406,158.40224098326084,160.96412658691406,4898564.0
2025-03-28T00:00:00,159.22396429020503,160.67409149640264,157.96718442787576,158.5472412109375,3982997.0
2025-03-31T00:00:00,156.51705255513224,156.80708093801593,153.32678459778057,154.1001739501953,6859128.0
2025-04-01T00:00:00,155.5019797352176,155.8403338985936,153.76182414021164,155.74366760253906,4794223.0
2025-04-02T00:00:00,154.0518616402835,155.1636199951172,152.07001806077085,155.1636199951172,7319601.0
2025-04-03T00:00:00,150.37819950097156,152.31170251030207,146.6078597819027,146.89788818359375,8879032.0
2025-04-04T00:00:00,145.3027684007737,145.7861442006755,136.16696873292136,138.53550720214844,9938091.0
2025-04-07T00:00:00,126.2094139532355,141.484090927629,125.67769766666197,132.6383056640625,14861937.0
2025-04-08T00:00:00,135.63524881183022,138.5838440634597,134.66849723762112,136.89202880859375,8717790.0
2025-04-09T00:00:00,131.4781976744186,135.8285792151163,131.09150299360587,135.103515625,10989064.0
2025-04-10T00:00:00,150.71655381214495,151.53829849243164,143.17590387014673,145.01272583007812,11421674.0
2025-04-11T00:00:00,145.10941451800343,145.39942818376053,138.5838415122234,143.61094665527344,8776716.0
2025-04-14T00:00:00,147.5746017492641,147.71962331646597,144.6260216517588,146.5595245361328,5237508.0
2025-04-15T00:00:00,145.78611726368044,149.0247256737475,145.78611726368044,148.63803100585938,4581619.0
2025-04-16T00:00:00,145.9794736989233,147.0912320020078,144.86771539583876,146.17282104492188,10883060.0
2025-04-17T00:00:00,145.97947240861635,146.46284814506873,143.1758990377753,144.38433837890625,3946519.0
2025-04-22T00:00:00,145.10940756371468,145.30275491543935,141.77410305276993,144.96438598632812,4945757.0
2025-04-23T00:00:00,147.38126744035247,151.054926195724,146.9462322032003,147.62295532226562,8198034.0
2025-04-24T00:00:00,146.9945656203275,148.0579833984375,145.78612626920915,148.0579833984375,5846428.0
2025-04-25T00:00:00,150.0881779826859,151.19993636345595,148.6863911869234,150.23318481445312,3744255.0
2025-04-28T00:00:00,149.79813863009358,150.71654958429633,148.68638033049922,149.0247344970703,6284282.0
2025-04-29T00:00:00,150.52319716283083,150.52319716283083,140.37230698179175,141.7740936279297,10345218.0
2025-04-30T00:00:00,142.11597310543075,146.36480712890625,140.60201989569225,146.36480712890625,7170296.0
2025-05-02T00:00:00,149.19735122680365,149.4415367443598,146.7554960512422,148.41595458984375,5776520.0
2025-05-05T00:00:00,148.26944835647686,148.4159537045762,146.80433525987908,148.17176818847656,3213916.0
2025-05-06T00:00:00,147.87875085787962,148.17177647436566,145.09504476101733,146.21829223632812,4820921.0
2025-05-07T00:00:00,145.63224399744692,146.9508368079465,145.14387297787655,146.26712036132812,4489235.0
2025-05-08T00:00:00,147.29270185616429,149.39269126981674,146.85317092120223,148.56246948242188,5742762.0
2025-05-09T00:00:00,148.95316725123442,150.02758950116453,147.4392140459334,147.97642517089844,4320357.0
2025-05-12T00:00:00,150.41827289128707,158.7205801612607,150.22292746571486,158.4763946533203,9839395.0
2025-05-13T00:00:00,158.67174363508678,159.74616585566503,156.9624450411947,159.45314025878906,7112283.0
2025-05-14T00:00:00,159.40429328093884,159.64847878379075,157.743834842326,158.42755126953125,5806063.0
2025-05-15T00:00:00,157.49966050353817,160.91825778578553,156.52291842289608,160.674072265625,7067505.0
2025-05-16T00:00:00,161.45546317160353,162.77405599125706,160.13685544804918,160.82057189941406,7104621.0
2025-05-19T00:00:00,159.8438405539763,161.2601285384942,159.5508298437054,161.21128845214844,4165261.0
2025-05-20T00:00:00,161.50431736875757,162.1391937925289,159.84384382245935,161.2601318359375,4217629.0
2025-05-21T00:00:00,159.5996440836521,160.283375437811,156.81593819962262,159.89266967773438,5126437.0
2025-05-22T00:00:00,157.98802799578075,158.8670898870562,154.0322196772391,154.61827087402344,7750226.0
2025-05-23T00:00:00,154.37408849681438,155.7903615299427,150.1740945782363,152.12757873535156,4187912.0
2025-05-26T00:00:00,154.71594062359185,154.86246087898687,153.15316222668878,154.22756958007812,2045606.0
2025-05-27T00:00:00,154.56943615226487,155.692683597182,153.83687958282286,154.4717559814453,3631898.0
2025-05-28T00:00:00,154.17875080886557,154.2764160792879,153.1531685940676,153.39735412597656,2551287.0
2025-05-30T00:00:00,151.88339573011672,152.46944694851382,149.97875162617854,150.3206024169922,12169226.0
2025-06-02T00:00:00,148.9531690195987,149.63688550317065,147.43921579632413,148.4647979736328,5486815.0
2025-06-03T00:00:00,148.95316413593306,150.4671173095703,148.12292742345105,150.4671173095703,4984701.0
2025-06-04T00:00:00,151.44386184143534,154.27640789984193,151.29734158771694,153.73919677734375,5379848.0
2025-06-05T00:00:00,153.7391923099612,155.44849089303085,152.4205994882194,154.12989807128906,5175075.0
2025-06-09T00:00:00,154.08106246545202,155.39967022941104,153.29966582399118,153.73919677734375,2743805.0
2025-06-10T00:00:00,153.4950109630514,154.4229278564453,152.90897466100932,154.4229278564453,5374688.0
2025-06-11T00:00:00,154.32524531438756,155.20430720588377,152.95781239341542,153.0066375732422,5713471.0
2025-06-12T00:00:00,151.49269969895963,151.83455047814115,149.3926953244113,151.39501953125,4958318.0
2025-06-13T00:00:00,148.5624783583159,149.78340597498877,147.92758705530505,149.3927001953125,7427837.0
2025-06-16T00:00:00,149.39270937507828,150.9555027820095,148.7089928485093,150.2229461669922,3100107.0
2025-06-17T00:00:00,149.19734252714244,149.88105895565204,148.0252550919973,148.5136260986328,3883886.0
2025-06-18T00:00:00,148.02527357677752,148.75783017820936,145.43689797604364,146.02294921875,4149282.0
2025-06-19T00:00:00,144.65550309332238,148.17176551947844,144.65550309332238,147.439208984375,6740032.0
2025-06-23T00:00:00,146.4624766947181,147.0485279234032,143.92295614618695,145.04620361328125,3914538.0
2025-06-24T00:00:00,148.953163679256,151.29733865428716,145.92525734126482,146.9996795654297,7087553.0
2025-06-25T00:00:00,147.68338757725598,149.0019952402271,145.92524899459457,146.4136199951172,3014434.0
2025-06-26T00:00:00,145.58340606539664,146.02293700872298,142.45783447475267,145.1438751220703,6838498.0
2025-06-27T00:00:00,146.9508393093062,151.1508331298828,146.56014844855994,151.1508331298828,6041884.0
2025-06-30T00:00:00,153.1043167297217,153.1043167297217,147.7810755243648,149.29502868652344,8156634.0
2025-07-01T00:00:00,149.09967874655374,151.05316298773442,148.02527135624558,149.68572998046875,3611951.0
2025-07-02T00:00:00,150.71130239729032,153.88571408299129,150.36943671573135,153.69036865234375,5574634.0
2025-07-03T00:00:00,155.00896623048038,155.83920296601434,153.8857187919594,154.22756958007812,3338727.0
2025-07-04T00:00:00,152.90896695962607,153.6903635602278,152.32291578319962,153.1531524658203,2896281.0
2025-07-07T00:00:00,153.20199673810353,154.3252441357591,152.078734436547,153.44618225097656,2438234.0
2025-07-08T00:00:00,153.9833754160341,154.3252410888672,152.42059710684168,154.3252410888672,4604198.0
2025-07-09T00:00:00,154.37408823068108,157.25547437667848,153.98338245759078,156.2787322998047,4371283.0
2025-07-10T00:00:00,157.20664320453625,160.13686960128027,156.86479240059074,159.64849853515625,5103401.0
2025-07-11T00:00:00,158.7205834945962,159.11127435394562,156.76709939004732,156.91360473632812,3741453.0
2025-07-14T00:00:00,155.39967081747267,155.8392017724885,154.17874321803905,154.6671142578125,2420732.0
2025-07-15T00:00:00,155.64384844497437,157.45081225816784,155.2531426906267,155.93685913085938,2759048.0
2025-07-16T00:00:00,154.7159325659889,155.59500934087222,152.713623314984,153.6415252685547,3927051.0
2025-07-17T00:00:00,155.6438528350388,159.9903520104367,155.35082723698818,158.76942443847656,4421076.0
2025-07-18T00:00:00,159.99034275198574,161.79730651157928,142.65317223343322,146.4136199951172,13287357.0
2025-07-21T00:00:00,148.2694551547907,150.36944472797387,148.09852230490327,149.19735717773438,3186095.0
2025-07-22T00:00:00,148.6601477252159,148.85549316849068,146.75550357145823,147.1461944580078,3413866.0
2025-07-23T00:00:00,149.83222850166845,150.80897057769994,147.39037331158977,148.66014099121094,4112220.0
2025-07-24T00:00:00,150.61363726399395,150.8578228026528,148.12294178889326,148.61131286621094,3463726.0
2025-07-25T00:00:00,148.31828908808836,148.4647944368274,145.7299136637898,147.48805236816406,4957842.0
2025-07-28T00:00:00,151.19967273698168,151.29733799990998,146.75549341646817,147.6833953857422,3686014.0
2025-07-29T00:00:00,147.92758771605875,150.71130865606767,147.53689683853895,148.708984375,2253966.0
2025-07-30T00:00:00,149.00200308999257,151.19967270812256,148.51363206374148,149.29502868652344,3036439.0
2025-07-31T00:00:00,149.5880296510661,150.66245180050655,145.68106169513726,145.9252471923828,3615712.0
2025-08-01T00:00:00,144.1182958599212,144.36248137818473,140.7973638691963,141.72528076171875,5375603.0
2025-08-04T00:00:00,142.50666426688738,143.09271547955876,141.4810970005646,142.21365356445312,3101817.0
2025-08-05T00:00:00,142.50666514726,143.53224732382006,142.16481435767437,142.4578399658203,6190953.0
2025-08-06T00:00:00,143.09270339541965,143.776419816529,139.96713196756255,140.65084838867188,3577164.0
2025-08-07T00:00:00,140.2601607823493,144.46013956765083,140.2601607823493,143.2392120361328,5447017.0
2025-08-08T00:00:00,143.53225551367595,144.0694666752795,142.75085881533462,143.97178649902344,1855733.0
2025-08-11T00:00:00,144.26479448773418,144.65550024109282,141.62759399414062,141.62759399414062,2768291.0
2025-08-12T00:00:00,141.82293730186095,142.89735947768352,141.52991171719114,142.75083923339844,3212884.0
2025-08-13T00:00:00,143.48340084868593,143.53224093185216,142.06712786027035,143.28805541992188,4417803.0
2025-08-14T00:00:00,143.43457590235974,147.09735858726268,143.2880556526231,145.8275909423828,4050316.0
2025-08-15T00:00:00,146.60898576899396,147.14618196642027,145.09503263030894,145.33921813964844,3120868.0
2025-08-18T00:00:00,145.33922415443126,145.6322497585455,143.53224534897788,144.5089874267578,1796774.0
2025-08-19T00:00:00,144.75317589853,149.14851533818518,144.75317589853,148.708984375,3646295.0
2025-08-20T00:00:00,147.53690250915628,147.63456778033918,145.68108350985423,146.02294921875,2912485.0
2025-08-21T00:00:00,145.82759960588797,145.9741049604275,144.75317732625882,145.72991943359375,4023768.0
2025-08-22T00:00:00,145.09503601946403,149.19734969141,145.09503601946403,148.85548400878906,3853736.0
2025-08-25T00:00:00,148.41594742505077,148.61129284888514,146.46246337890625,146.46246337890625,2688591.0
2025-08-26T00:00:00,145.87644043915174,148.80666677616395,145.63225491106738,147.5857391357422,5743237.0
2025-08-27T00:00:00,147.87874056116218,148.2206062405756,146.02293662580595,146.7554931640625,2541328.0
2025-08-28T00:00:00,147.48805588170103,149.44154006556462,147.19503027334116,148.4647979736328,2713799.0
2025-08-29T00:00:00,148.12292875123475,148.6601398697798,146.65781564823973,147.48805236816406,4349481.0
2025-09-01T00:00:00,148.22061026590248,150.76014562905343,148.12293009658845,149.58804321289062,3122879.0
2025-09-02T00:00:00,149.5880518714569,149.92991757994275,144.99736682210232,145.0950469970703,4443329.0
2025-09-03T00:00:00,146.3648090944431,149.34386056508419,146.07178348476813,147.7810821533203,5043279.0
2025-09-04T00:00:00,149.2461844076284,151.053148211621,148.70897331307364,149.0019989013672,4602519.0
2025-09-05T00:00:00,149.78339193673526,153.153148862146,149.63687169412597,152.17640686035156,4009696.0
2025-09-08T00:00:00,152.76245636606316,156.13222848758778,152.27408532281626,155.83920288085938,4841628.0
2025-09-09T00:00:00,155.64385366355398,156.8159411580947,153.4950092023447,153.93455505371094,3944237.0
2025-09-10T00:00:00,154.81362704627588,155.0578125778946,152.46945190429688,152.46945190429688,4629348.0
2025-09-11T00:00:00,153.2020053877525,154.17874749439062,150.02759354117856,153.3485107421875,7558503.0
2025-09-12T00:00:00,153.59268518596662,155.0089581576167,153.1531542504753,153.6415252685547,4075300.0
2025-09-15T00:00:00,154.03221882192287,154.37408450213226,152.02989463191287,152.762451171875,3022786.0
2025-09-16T00:00:00,153.15317207280447,157.20664603300307,151.83456420898438,151.83456420898438,4470924.0
2025-09-17T00:00:00,152.37175404153191,152.8112849666409,151.0531463623047,151.0531463623047,3002693.0
2025-09-18T00:00:00,152.17642197234306,158.23222000406395,152.17642197234306,157.25547790527344,8424436.0
2025-09-19T00:00:00,157.8415291261084,157.98803447936632,155.88804492852736,157.25547790527344,6937592.0
2025-09-22T00:00:00,157.45082751640163,159.06246096445224,156.71827092289737,157.5485076904297,3508092.0
2025-09-23T00:00:00,157.54849926406456,159.55082349333045,155.59501511920053,158.57408142089844,3413521.0
2025-09-24T00:00:00,157.89035654563432,158.72059330293348,155.49734135046276,156.13223266601562,3761017.0
2025-09-25T00:00:00,155.74152337259306,156.57176011120208,154.47175567397403,155.15548706054688,2614657.0
2025-09-26T00:00:00,155.35083996332872,155.88805111977973,151.78572221881006,152.95782470703125,6158980.0
2025-09-29T00:00:00,153.49501257199938,153.7391980930518,151.8345540096231,152.37176513671875,3038870.0
2025-09-30T00:00:00,151.8833979759297,155.20431518554688,151.63921244863724,155.20431518554688,4178266.0
2025-10-01T00:00:00,155.88803636238944,156.57175281319186,153.83687210608136,155.74151611328125,4068119.0
2025-10-02T00:00:00,159.20895310713743,166.1926527573319,157.69499995877405,164.0438232421875,7914433.0
2025-10-03T00:00:00,165.06941573199106,166.63220906142857,164.43453932535178,166.04615783691406,4703406.0
2025-10-06T00:00:00,165.75312144005414,168.39032197097848,165.21591033651936,167.26707458496094,5545127.0
2025-10-07T00:00:00,167.0717400278636,168.14614740093788,165.65546695650556,166.04615783691406,4685978.0
2025-10-08T00:00:00,165.80197578564025,167.75546003642836,163.9461717089524,167.0229034423828,4870105.0
2025-10-09T00:00:00,167.60894064367554,168.29265709341684,163.40894687540649,164.0438232421875,3447424.0
2025-10-10T00:00:00,164.14150379788765,164.72754008310005,160.77174672023867,160.82057189941406,3082894.0
2025-10-13T00:00:00,161.8949982634656,163.6042968876651,161.0159363611521,162.72523498535156,3069760.0
2025-10-14T00:00:00,161.01592447130346,161.1624298095703,158.7205748124556,161.1624298095703,5055743.0
2025-10-15T00:00:00,164.53218824531092,165.46009017200956,162.33451872759824,163.26242065429688,5547526.0
2025-10-16T00:00:00,162.13918074422807,163.8484793364112,160.38104206863096,163.6042938232422,4545566.0
2025-10-17T00:00:00,161.11359364425627,162.67638684194898,160.47871729113763,160.52755737304688,4179467.0
2025-10-20T00:00:00,162.15402886462618,163.38620233624187,160.08397141583976,162.99191284179688,2935879.0
2025-10-21T00:00:00,162.99190998251072,164.12550354003906,161.75973653251043,164.12550354003906,2831541.0
2025-10-22T00:00:00,162.49904393093124,164.61837629186948,161.8583046990991,163.5340576171875,4195984.0
2025-10-23T00:00:00,162.64689972766215,167.0827242656893,158.55608978128697,162.05545043945312,10096535.0
2025-10-24T00:00:00,162.69619005613734,164.66766763320973,161.26687182099587,164.61837768554688,4913615.0
2025-10-27T00:00:00,165.30838067924984,169.0541908312689,165.25909073491158,167.87130737304688,5434241.0
2025-10-28T00:00:00,165.25909590171446,166.58984923455708,162.99190880306367,164.32264709472656,5784793.0
2025-10-29T00:00:00,163.13975976347118,164.27335328614137,161.21757224881418,162.35116577148438,3626680.0
2025-10-30T00:00:00,161.31614703783427,163.13976981660682,161.26687213125686,162.5976104736328,3629129.0
2025-10-31T00:00:00,161.51330383965296,162.30188282446025,157.86605834960938,157.86605834960938,5112684.0
2025-11-03T00:00:00,157.81677624746337,158.75322503010472,156.48602294921875,156.48602294921875,5355435.0
2025-11-04T00:00:00,154.07096295289674,156.23958510063184,153.43022376847065,155.05670166015625,3903075.0
2025-11-05T00:00:00,153.62739462538403,157.12675525565226,153.13452523619918,156.387451171875,3526856.0
2025-11-06T00:00:00,155.40170452108072,156.97889250304615,154.16953111053877,154.4652557373047,3096200.0
2025-11-07T00:00:00,154.3666906192532,155.00741477514296,151.90234380247827,153.1837921142578,3619306.0
2025-11-10T00:00:00,155.6974370499869,156.53532102815245,154.85956811300144,155.1060028076172,3430124.0
2025-11-11T00:00:00,155.1552720337521,157.8167786711151,154.85956244398247,157.37318420410156,3745577.0
2025-11-12T00:00:00,157.91534376920163,158.90108251313072,156.8803150798402,158.65464782714844,2936581.0
2025-11-13T00:00:00,158.60536636579783,159.73897500666274,154.8102810233728,155.2538604736328,5265287.0
2025-11-14T00:00:00,153.77524374684978,153.77524374684978,150.62088278079133,152.7895050048828,3764754.0
2025-11-17T00:00:00,152.39522365785683,153.13452775378852,150.86732551802862,151.40948486328125,3991810.0
2025-11-18T00:00:00,148.99440476594526,149.83228871271848,147.76223133903147,148.20582580566406,4344635.0
2025-11-19T00:00:00,147.8608136137655,151.01517462928987,147.76223372155107,149.09298706054688,4472451.0
2025-11-20T00:00:00,152.78951246151033,153.18380196106793,150.76874493362203,150.86732482910156,3293991.0
2025-11-21T00:00:00,147.56509503634294,150.8673260257566,147.3186603368697,150.67018127441406,3519479.0
2025-11-24T00:00:00,151.409480587771,152.34592940793823,150.47301672642382,151.45875549316406,5698146.0
2025-11-25T00:00:00,151.60662926025643,155.3524396791406,151.1630498119684,154.71170043945312,4267439.0
2025-11-26T00:00:00,156.04245022503287,156.0917401717454,153.52881335449217,154.0216827392578,2934614.0
2025-11-27T00:00:00,154.02168412025986,156.4367411190295,154.02168412025986,156.387451171875,3625970.0
2025-11-28T00:00:00,156.23959137686,158.11248897941675,155.94386674456692,157.91534423828125,7989314.0
2025-12-01T00:00:00,157.6689138124126,160.6261301328999,156.43674034554286,159.14752197265625,5779425.0
2025-12-02T00:00:00,158.9010772705078,159.64038130406277,157.76748376886187,158.9010772705078,4536610.0
2025-12-03T00:00:00,158.75323150867672,161.16828848073305,158.75323150867672,160.62612915039062,3815780.0
2025-12-04T00:00:00,166.5898430179014,168.01916114798482,163.7312067577345,166.0476837158203,6800693.0
2025-12-05T00:00:00,166.14627123409986,166.8855753051138,164.71695303837558,165.40696716308594,3650244.0
2025-12-08T00:00:00,166.58984375,168.41346639923796,165.9983945012798,166.58984375,5586087.0
2025-12-09T00:00:00,166.54056241469993,166.88557700115138,164.1255054330798,164.47052001953125,6381177.0
2025-12-10T00:00:00,164.81551766380326,164.86480761003924,162.94262003627475,164.12550354003906,3437732.0
2025-12-11T00:00:00,164.71695090464416,165.25909518342095,162.49903872033306,163.78048706054688,5054914.0
2025-12-12T00:00:00,165.0126676905004,166.63914572128087,163.8790740966797,163.8790740966797,5496106.0
2025-12-15T00:00:00,163.6326265191396,164.5197853452416,162.64688780516886,163.48477172851562,3331978.0
2025-12-16T00:00:00,162.05545283392323,162.7947569345181,160.92185922948326,161.66116333007812,4186089.0
2025-12-17T00:00:00,162.0061776150347,162.3018872217592,157.5210630718217,157.81678771972656,2941768.0
2025-12-18T00:00:00,157.32390817135504,161.0204284287536,157.27461822635382,160.87255859375,3489440.0
2025-12-19T00:00:00,161.41472457769987,162.35117340670854,160.47827574869123,161.71044921875,5327339.0
2025-12-22T00:00:00,161.5132980542965,162.89332626945705,161.11899353483676,162.15402221679688,2786588.0
2025-12-23T00:00:00,161.7597415264732,163.18905976436452,161.66116163095782,162.5976104736328,2673352.0
2025-12-29T00:00:00,162.9426217039621,163.68192578152892,162.44975231891755,163.18905639648438,2833182.0
2025-12-30T00:00:00,162.74548169140823,164.56908944440218,162.44975704354476,163.6819305419922,4039026.0
