timestamp,open,high,low,close,volume
2018-01-02T00:00:00,42.63498480287318,43.154156077194536,42.55632066995791,42.713645935058594,8981663.0
2018-01-03T00:00:00,42.80804210616676,43.12269265262941,42.50912738783024,42.94963455200195,6994043.0
2018-01-04T00:00:00,43.26427791434348,43.31147638869447,42.71364104983321,43.10695266723633,9498331.0
2018-01-05T00:00:00,43.24855031217544,43.75198876312902,43.15415635280411,43.626129150390625,6175589.0
2018-01-08T00:00:00,43.626138557377374,43.893590667207675,43.327223788125664,43.6576042175293,9013865.0
2018-01-09T00:00:00,43.830652549607876,44.271159690340525,43.736255590253876,44.0666389465332,7413264.0
2018-01-10T00:00:00,43.972242799904144,44.05090392805522,43.09122256081766,43.500267028808594,9031509.0
2018-01-11T00:00:00,43.578929831526196,44.05090258752931,43.35867327809242,43.95650863647461,8253747.0
2018-01-12T00:00:00,44.08236889614397,44.60154013578893,43.31147844944263,44.42848205566406,11826047.0
2018-01-15T00:00:00,44.365556839776254,44.72740284999404,44.19249874761563,44.33409118652344,4496497.0
2018-01-16T00:00:00,43.97224980901748,44.55434945187257,43.704797729650764,44.05091094970703,8684995.0
2018-01-17T00:00:00,43.972247588568024,45.93880601380398,43.89358345112057,45.48256301879883,15557127.0
2018-01-18T00:00:00,45.79721011728064,46.58383342811965,45.46682676634877,46.01746368408203,14490414.0
2018-01-19T00:00:00,46.01746445364723,46.426508942211676,45.797210883162464,46.06466293334961,8993270.0
2018-01-22T00:00:00,46.001718086478256,46.001718086478256,44.91617737869103,45.057769775390625,9856070.0
2018-01-23T00:00:00,45.4196305461942,45.52975732779587,44.617274422158054,44.90045928955078,10077739.0
2018-01-24T00:00:00,44.88472499390976,45.01058459743794,44.20822849967215,44.42848205566406,7893628.0
2018-01-25T00:00:00,44.19250090972643,44.271162045977086,42.83950776095902,42.94963455200195,11287996.0
2018-01-26T00:00:00,42.918173092046885,42.981101402652264,42.27314215450883,42.50912857055664,7617631.0
2018-01-29T00:00:00,42.666443303305755,43.59465591025869,42.540583712470664,43.24854278564453,9940166.0
2018-01-30T00:00:00,44.05090107325855,44.585805112063625,43.64185663177647,43.81491470336914,11931016.0
2018-01-31T00:00:00,41.18759350709116,41.69103190278161,39.63007984515026,39.80313491821289,51462893.0
2018-02-01T00:00:00,40.164986219477925,41.455047933413525,40.07058926426578,41.0145378112793,17838118.0
2018-02-02T00:00:00,40.96734158166563,42.38326287580479,40.825749152178744,42.32033157348633,13828868.0
2018-02-05T00:00:00,41.37637921375077,41.37637921375077,40.18071458767505,40.58975601196289,16117458.0
2018-02-06T00:00:00,39.307567288340096,39.99192871960771,38.576007378777234,39.44129180908203,22854634.0
2018-02-07T00:00:00,40.1177834759709,41.407845052728554,39.81886581771042,41.23478698730469,13680953.0
2018-02-08T00:00:00,40.98307433640879,41.37638600182819,40.52683436490183,40.55830001831055,11378053.0
2018-02-09T00:00:00,40.11779229952727,41.78543302157771,40.11779229952727,40.73135757446289,13400013.0
2018-02-12T00:00:00,41.12466758108432,41.706770177621536,41.12466758108432,41.297725677490234,9414234.0
2018-02-13T00:00:00,41.596636950293444,42.068609684684965,41.03026726844004,41.5494384765625,10018271.0
2018-02-14T00:00:00,41.53371172495652,41.84836226104471,40.967344961019634,41.73823547363281,8445009.0
2018-02-15T00:00:00,41.911290933733746,42.28886977989811,41.73823583803128,42.27313995361328,7299098.0
2018-02-16T00:00:00,42.47765326716677,42.69790680535571,42.19446843193562,42.540584564208984,6134321.0
2018-02-19T00:00:00,42.587778509389395,42.745103745625045,41.83262097633344,42.068607330322266,4605181.0
2018-02-20T00:00:00,41.942754393589574,43.12268935140038,41.942754393589574,43.05976104736328,5673697.0
2018-02-21T00:00:00,42.949622611547035,43.24854024751125,42.47764992379652,43.1226806640625,5517974.0
2018-02-22T00:00:00,42.713648142519965,43.23281944367234,42.50912738783024,42.94963455200195,9655970.0
2018-02-23T00:00:00,43.0912212097456,44.1767621484269,42.886700482527466,44.00370407104492,8763981.0
2018-02-26T00:00:00,44.61727548293166,45.78147763154636,44.34982343522762,44.554344177246094,10469122.0
2018-02-27T00:00:00,44.947649943666,45.46682114459756,44.34981762166852,44.5858039855957,7722594.0
2018-02-28T00:00:00,44.302624081551805,44.57007612397708,43.78345282281213,43.86211395263672,10319362.0
2018-03-01T00:00:00,43.35867686648468,43.46880365195093,42.65071767388884,42.66645050048828,9932811.0
2018-03-02T00:00:00,42.273133298918935,42.85523280318038,41.911284336002154,42.304595947265625,10456315.0
2018-03-05T00:00:00,42.163000699985,43.79917833348011,42.052873936332304,43.70478439331055,9170641.0
2018-03-06T00:00:00,44.0509048652374,44.60154177619882,43.76771999670126,43.86211395263672,8525500.0
2018-03-07T00:00:00,43.65758413272838,43.877837651002515,43.12268015915193,43.673316955566406,11106213.0
2018-03-08T00:00:00,43.79918376008078,44.57007420189017,43.72052263364845,44.53860855102539,8329116.0
2018-03-09T00:00:00,44.381284509269875,44.82179463121614,44.098102645943385,44.79032897949219,5725129.0
2018-03-12T00:00:00,44.601549021621814,44.68021016422474,43.97225087860771,44.63301467895508,8933784.0
2018-03-13T00:00:00,44.60154583137311,44.86899789811513,44.019443215265156,44.12957000732422,7856161.0
2018-03-14T00:00:00,44.129564689600905,44.64873593298222,43.92504395766933,43.987972259521484,8060240.0
2018-03-15T00:00:00,44.00369770347555,44.334080985148425,43.76771135984016,44.25541687011719,11360845.0
2018-03-16T00:00:00,44.271153556756694,44.57007121850422,43.87784194946289,43.87784194946289,12242969.0
2018-03-19T00:00:00,43.72052083088126,43.736250654935425,42.98109306969651,43.10695266723633,13047506.0
2018-03-20T00:00:00,43.23281413058995,43.29574543244056,42.572050464806715,42.760841369628906,6303027.0
2018-03-21T00:00:00,42.808030205076044,43.16987913312922,42.178732287832304,43.1226806640625,5995545.0
2018-03-22T00:00:00,42.8552405793675,42.8552405793675,41.86409645945901,42.257408142089844,8385212.0
2018-03-23T00:00:00,41.86409888296333,42.68218494963949,41.73823925726468,42.43046569824219,7171399.0
2018-03-26T00:00:00,42.27313529215125,42.44619036877092,40.90440950009624,41.20332717895508,9503964.0
2018-03-27T00:00:00,42.037148774043544,42.72937812981281,41.92702199032043,42.24167251586914,7903730.0
2018-03-28T00:00:00,41.565172679941355,42.446189880371094,40.96734032983213,42.446189880371094,9079950.0
2018-03-29T00:00:00,42.606490684802665,42.70266700888487,41.88516061071061,42.41413497924805,5623962.0
2018-04-03T00:00:00,41.94928212514778,41.96531202279613,41.06765915622129,41.78898620605469,10457602.0
2018-04-04T00:00:00,41.70883276336945,41.83706886560759,40.731030572935005,41.29206466674805,9152270.0
2018-04-05T00:00:00,41.88515456290822,42.62251442744488,41.78897825271293,42.574424743652344,7804986.0
2018-04-06T00:00:00,42.189722176113776,42.70266664334832,42.1095757496297,42.333988189697266,7294517.0
2018-04-09T00:00:00,42.41413258311926,42.65457796582646,41.869131405849075,42.189720153808594,5236622.0
2018-04-10T00:00:00,42.317959592198356,42.59046173095703,42.173693574185506,42.59046173095703,4833141.0
2018-04-11T00:00:00,42.718698755684734,42.84693487914421,41.56457364454949,42.382080078125,7167251.0
2018-04-12T00:00:00,42.526343815304664,43.0553181783401,41.91721996854253,42.92708206176758,5570206.0
2018-04-13T00:00:00,43.16751877957612,43.19957856889397,42.285892917674126,42.478248596191406,7113723.0
2018-04-16T00:00:00,42.4782521168961,43.263698675944354,42.46222222090858,42.782814025878906,8445092.0
2018-04-17T00:00:00,42.95912579171174,44.16134016712221,42.51030104828763,43.936927795410156,11046844.0
2018-04-18T00:00:00,43.76061462604783,43.9369404301779,43.23164027104779,43.42399597167969,4048304.0
2018-04-19T00:00:00,42.87898683400801,44.658265396886726,42.814867255307256,44.530029296875,13664442.0
2018-04-20T00:00:00,50.89375407590593,53.698921623396814,49.8197755211424,52.32038116455078,60610027.0
2018-04-23T00:00:00,52.09596633911133,52.52876433170213,51.56698897657379,52.09596633911133,21421974.0
2018-04-24T00:00:00,52.24023557242254,53.04171202728341,51.903616928928194,52.70509338378906,16836772.0
2018-04-25T00:00:00,52.801270911936676,54.08363823516995,52.76921111737779,53.55466079711914,21706742.0
2018-04-26T00:00:00,52.89744602081725,53.29818424824768,52.528767585354856,52.70509338378906,15568138.0
2018-04-27T00:00:00,52.721128719025586,53.25010619957927,52.528776050997465,52.65700912475586,12119101.0
2018-04-30T00:00:00,52.49671098716877,54.13172378832905,52.36847181149481,53.85921859741211,7969338.0
2018-05-02T00:00:00,53.6989187917747,54.34010235758836,53.10582796800386,53.47450637817383,11217672.0
2018-05-03T00:00:00,53.45847457550234,53.7950993179223,52.817297110680094,52.96156311035156,8114890.0
2018-05-04T00:00:00,53.16994596005407,54.612606048583984,53.16994596005407,54.612606048583984,9799288.0
2018-05-07T00:00:00,54.58054697911279,56.071293718748194,54.564520140041346,55.750701904296875,9109713.0
2018-05-08T00:00:00,55.68658569721128,55.95908475149918,55.173635150423536,55.7186393737793,9473708.0
2018-05-09T00:00:00,55.63848920307992,57.04908935342482,55.62246236587603,56.4239387512207,7723072.0
2018-05-11T00:00:00,55.061434036807235,55.95908993333413,54.17981109482896,54.724815368652344,15114297.0
2018-05-14T00:00:00,54.25994797997797,54.56451291502971,53.29817877875434,54.09965515136719,12075856.0
2018-05-15T00:00:00,53.74701022694188,54.3881938501122,53.34627199115549,53.923336029052734,8530861.0
2018-05-16T00:00:00,53.89127309338633,54.46833709762823,53.394361623451246,53.53862762451172,7417753.0
2018-05-17T00:00:00,53.69892038410039,54.05157196723299,53.49053480181478,54.01951217651367,4790130.0
2018-05-18T00:00:00,54.115692932980146,54.580550790658144,54.067606297627485,54.2279052734375,7393451.0
2018-05-21T00:00:00,54.324066858277824,54.69274525116195,54.09965445519874,54.21186065673828,4075761.0
2018-05-22T00:00:00,54.42025800535443,54.484377595767654,52.9455379997537,53.25010299682617,7134888.0
2018-05-23T00:00:00,53.025684347093396,53.089797815231826,51.951702734939865,52.32038116455078,7693796.0
2018-05-24T00:00:00,52.72111904522206,53.282156219965835,52.384500409243756,52.512733459472656,6601036.0
2018-05-25T00:00:00,52.640981946320274,53.1218666707002,52.19215701886981,52.30436325073242,4108339.0
2018-05-28T00:00:00,52.49670378971318,52.73714915374585,51.727287185500096,51.935672760009766,2891051.0
2018-05-29T00:00:00,51.59905303272176,52.0478840148025,50.989932259646714,51.96773147583008,7167858.0
2018-05-30T00:00:00,52.03185225912691,52.17611827190668,51.438761368712434,51.45478820800781,5476874.0
2018-05-31T00:00:00,51.77537652810221,51.98376211354206,50.87772377610352,51.26243209838867,14473913.0
2018-06-01T00:00:00,51.35861242798432,51.566991902522986,50.97390104114823,51.438758850097656,6014380.0
2018-06-04T00:00:00,51.56699536376952,51.74332117312211,51.166260168914924,51.35861587524414,5569464.0
2018-06-05T00:00:00,51.3425807679724,51.839498381240126,51.02199201405366,51.422733306884766,6270530.0
2018-06-06T00:00:00,51.422733306884766,51.422733306884766,51.422733306884766,51.422733306884766,0.0
2018-06-07T00:00:00,52.14405822801939,52.160091182018085,50.68537432532441,50.89375686645508,8407654.0
2018-06-08T00:00:00,50.637282981876574,51.24640374615861,50.50904687058614,50.82963562011719,6306630.0
2018-06-11T00:00:00,50.81360858594939,50.89375500867632,50.17242497457371,50.65331268310547,5970521.0
2018-06-12T00:00:00,50.493017917088956,51.134198485510474,50.493017917088956,51.00596237182617,8249670.0
2018-06-13T00:00:00,51.51890775717748,53.44245255457819,51.40670153785064,53.41039276123047,11405788.0
2018-06-14T00:00:00,53.218041372728564,54.72481500697344,52.70509689661199,54.64466857910156,12465609.0
2018-06-15T00:00:00,54.564513939578625,55.25378412215034,54.35612836664822,54.54848098754883,12100120.0
2018-06-18T00:00:00,54.340100086454186,54.85304447175483,53.98744852851772,54.50039291381836,8786083.0
2018-06-19T00:00:00,54.452320514054584,56.087333462384414,54.22790805120596,56.0713005065918,14558442.0
2018-06-20T00:00:00,56.103358708374884,57.06512812603469,56.08733186781892,56.50409698486328,10571645.0
2018-06-21T00:00:00,56.68042529282327,56.88881091788278,54.78894005559042,54.981292724609375,8230577.0
2018-06-22T00:00:00,54.981292724609375,54.981292724609375,54.981292724609375,54.981292724609375,0.0
2018-06-25T00:00:00,55.34996951434752,55.34996951434752,54.14775466918945,54.14775466918945,8709109.0
2018-06-26T00:00:00,54.147745561218144,54.51642398461235,53.79510009067319,53.8271598815918,7005789.0
2018-06-27T00:00:00,53.859208629718076,54.50039215986349,53.15391163838157,54.3400993347168,6949017.0
2018-06-28T00:00:00,54.42025046886802,54.869075310042895,53.31420908914443,53.53862762451172,7389333.0
2018-06-29T00:00:00,54.532463019990075,55.71864484238551,54.46834343100098,55.5102653503418,11725862.0
2018-07-02T00:00:00,54.80496229576703,54.99732106341784,54.09966515872247,54.32407760620117,6471636.0
2018-07-03T00:00:00,54.50040224622101,54.676728055382476,53.66686594868162,53.85921859741211,6705217.0
2018-07-04T00:00:00,54.372155762748875,54.48436808377211,53.18597412109375,53.18597412109375,5342352.0
2018-07-05T00:00:00,53.314206837190476,53.7790646115034,53.13788716759071,53.378326416015625,4529971.0
2018-07-06T00:00:00,53.69892975039367,54.163787624735534,53.42643065391934,54.14775466918945,5551726.0
2018-07-09T00:00:00,54.30805076628723,54.77290250115856,54.019518729591596,54.32407760620117,4771455.0
2018-07-10T00:00:00,54.66069671625771,54.96526171009304,54.40422447211148,54.90114212036133,5493610.0
2018-07-11T00:00:00,54.59657786059125,54.59657786059125,54.01951383943909,54.08363342285156,4977264.0
2018-07-12T00:00:00,54.30804413487873,54.91716181372016,53.33024192044927,54.77289581298828,4561557.0
2018-07-13T00:00:00,54.90113533414877,55.83085092599658,54.837015752342744,55.28584671020508,6710208.0
2018-07-16T00:00:00,55.41407947777718,55.44613926851747,53.77906683870135,54.29201126098633,7694459.0
2018-07-17T00:00:00,54.11568746712651,54.420252433013175,53.60274302590484,54.163780212402344,8451697.0
2018-07-18T00:00:00,57.001015847680904,60.31912835759755,56.968956051113956,58.78028869628906,28072771.0
2018-07-19T00:00:00,59.29322692141801,59.3573403863573,57.72232779220165,58.828369140625,12801933.0
2018-07-20T00:00:00,58.84439716655115,59.03675590959282,58.20321970075166,58.58792495727539,13227109.0
2018-07-23T00:00:00,58.81233963096019,58.81233963096019,57.78645075452369,58.04292297363281,5369085.0
2018-07-24T00:00:00,58.34750144941485,58.764266608936026,57.96278997427254,58.18720245361328,6467488.0
2018-07-25T00:00:00,58.25130902734441,58.780280308261645,58.026896598180734,58.34748840332031,6662195.0
2018-07-26T00:00:00,57.78644976981021,57.89865598158464,57.11321249916361,57.59409713745117,9135400.0
2018-07-27T00:00:00,56.90483070066658,57.497921590197,56.60027183626562,56.61629867553711,7496787.0
2018-07-30T00:00:00,56.504098591277426,56.53615838808166,55.830861202731555,56.0713005065918,6080544.0
2018-07-31T00:00:00,56.02320938680732,56.08732897528609,55.06143390396732,55.2056999206543,7815661.0
2018-08-01T00:00:00,55.061417261135894,56.29569144976891,55.061417261135894,56.11936569213867,4672552.0
2018-08-02T00:00:00,56.00717413290188,56.03923392582504,55.430116204625826,55.750701904296875,5208543.0
2018-08-03T00:00:00,55.81482488371392,56.71248079579951,55.81482488371392,56.64836120605469,4417924.0
2018-08-06T00:00:00,56.82468580103544,57.32159732394276,56.295708369163194,56.8888053894043,4452217.0
2018-08-07T00:00:00,56.93687858474226,57.22541054952071,56.77657965165476,57.017024993896484,4146891.0
2018-08-08T00:00:00,57.04910283019081,57.72234021782568,56.6643913838416,57.5460205078125,6879301.0
2018-08-09T00:00:00,57.610118489368176,57.69027101709968,57.225413261286086,57.529972076416016,3945105.0
2018-08-10T00:00:00,57.065111148598824,57.562028664927645,57.03305747702317,57.145263671875,4226103.0
2018-08-13T00:00:00,57.081157466040075,57.80248754098869,56.84071206946373,57.06512451171875,6094249.0
2018-08-14T00:00:00,57.145263671875,57.48188225643048,56.82467192310734,57.145263671875,4205094.0
2018-08-15T00:00:00,57.06512175151754,57.449833144475384,56.63232984226266,56.760562896728516,6186467.0
2018-08-16T00:00:00,57.305575950709894,57.73837404131416,57.03307684631892,57.497928619384766,6250395.0
2018-08-17T00:00:00,57.44982497006768,57.97879618099092,57.36967855808286,57.64217758178711,7551066.0
2018-08-20T00:00:00,57.72233141471491,58.39557481445585,57.57806540868328,58.33145523071289,7337699.0
2018-08-21T00:00:00,58.26733673050324,59.54970397008893,58.251309891659496,59.277198791503906,8178901.0
2018-08-22T00:00:00,59.30926297914639,59.886327056767854,59.26117634427148,59.64588165283203,7137983.0
2018-08-23T00:00:00,60.04662256067005,61.008398103989485,59.918389490429334,60.65574645996094,10698412.0
2018-08-24T00:00:00,61.665619825514405,62.980041136498286,61.18472890923766,62.67547607421875,15683707.0
2018-08-27T00:00:00,62.915898814763416,63.348696814269125,62.77163281492818,62.963985443115234,6478230.0
2018-08-28T00:00:00,63.07619094848633,63.26854968930633,62.75560527667912,63.07619094848633,7492702.0
2018-08-29T00:00:00,63.172384734491374,63.57312303047642,62.89988562831648,63.124298095703125,5255714.0
2018-08-30T00:00:00,62.931934501033645,63.04414684093158,62.06634449509756,62.178550720214844,8978989.0
2018-08-31T00:00:00,61.97014793815114,62.40294587858112,61.68161597786449,61.82588195800781,8573341.0
2018-09-03T00:00:00,61.938100100039215,62.675456978663455,61.79383409206663,62.402957916259766,5787033.0
2018-09-04T00:00:00,62.48310721469158,62.515167008469575,61.71369050836099,62.22663497924805,6935379.0
2018-09-05T00:00:00,62.65942745032981,63.14031208467037,61.168680803528154,61.18470764160156,10736269.0
2018-09-06T00:00:00,61.82589169977009,63.31663835788496,61.77780507040507,63.220458984375,10839973.0
2018-09-07T00:00:00,63.1242931262613,63.525031390698345,62.483109457249775,62.93193435668945,6675706.0
2018-09-10T00:00:00,62.595313435524346,63.012084639857854,62.17854834597127,62.22663497924805,5689967.0
2018-09-11T00:00:00,62.22663497924805,63.092231066912625,61.569424493750226,62.22663497924805,8316608.0
2018-09-12T00:00:00,62.515164842792586,62.88384328629697,61.13662433199694,61.312950134277344,6041195.0
2018-09-13T00:00:00,61.393087612821766,62.9158939113387,60.99234943504254,62.24265670776367,7665791.0
2018-09-14T00:00:00,62.54723177665009,62.81973087326435,62.05031410574178,62.691497802734375,4457936.0
2018-09-17T00:00:00,62.59532626335435,62.739592307529946,61.64958355482139,61.71370315551758,5623963.0
2018-09-18T00:00:00,61.585447921014136,62.30677795410157,61.32897569978084,62.30677795410156,7718878.0
2018-09-19T00:00:00,62.59531055529649,63.36472722622355,62.05030631570898,62.402957916259766,7122723.0
2018-09-20T00:00:00,62.51516196177422,63.0761930206474,61.55339268519736,61.76177215576172,8393732.0
2018-09-21T00:00:00,61.87398085768641,62.59531090153932,61.07250439002322,62.21060562133789,11421881.0
2018-09-24T00:00:00,62.19458500536748,63.44489270099854,62.19458500536748,63.1563606262207,6110683.0
2018-09-25T00:00:00,63.28457989057533,64.4547347762489,62.883841664737254,64.18223571777344,8067969.0
2018-09-26T00:00:00,64.11812260465803,64.11812260465803,63.444885252403836,63.717384338378906,5900636.0
2018-09-27T00:00:00,63.380765520397176,64.07003582603703,62.91590766500646,63.9257698059082,5904590.0
2018-09-28T00:00:00,63.989875628114945,64.10208795459987,63.06016614330498,63.220458984375,7374691.0
2018-10-01T00:00:00,63.653261518593034,63.9738533383063,63.34870265299463,63.813560485839844,6930265.0
2018-10-02T00:00:00,63.79753588802794,63.81356884424282,62.91591285442534,63.70136260986328,7335588.0
2018-10-03T00:00:00,63.74943486644826,64.95164949052435,63.74943486644826,64.35855865478516,9171823.0
2018-10-04T00:00:00,64.35856378176587,64.67914948190106,63.332668751080284,64.61503601074219,8340814.0
2018-10-05T00:00:00,64.43872200591028,64.93563360097545,62.80370895376305,63.1563606262207,7078798.0
2018-10-08T00:00:00,63.156337634046935,63.20442425741009,62.32280151200363,62.45103454589844,4632167.0
2018-10-09T00:00:00,62.996051039832004,64.26238536457019,62.61134574800038,63.813560485839844,9118906.0
2018-10-10T00:00:00,64.11811137812239,64.11811137812239,61.85794819663477,62.06633377075195,8956065.0
2018-10-11T00:00:00,61.58544107253732,61.633533812581824,59.32527796338669,59.77410888671875,14513704.0
2018-10-12T00:00:00,60.30309509068436,60.575600302706434,59.16499983494618,59.197059631347656,10769939.0
2018-10-15T00:00:00,59.565730220376196,59.790142650652264,58.36351553122858,59.1810188293457,10512012.0
2018-10-16T00:00:00,60.158817515032645,61.729710548440714,59.501607101925394,61.63353729248047,12390731.0
2018-10-17T00:00:00,62.51517105102539,62.77164330305374,61.12060356279499,62.51517105102539,10899324.0
2018-10-18T00:00:00,65.41651132679344,67.25990352889553,62.7075169594736,66.37828063964844,33242772.0
2018-10-19T00:00:00,66.92327985631518,68.65447182721351,66.66680765115761,68.07740783691406,20876676.0
2018-10-22T00:00:00,68.09344474296041,68.30183035133193,66.79505057280336,67.05152893066406,11958858.0
2018-10-23T00:00:00,66.44239862485813,66.74695747314797,65.11194478883299,65.56077575683594,9944291.0
2018-10-24T00:00:00,66.12180417300733,66.29812996250013,65.19208859741985,65.32032775878906,8854790.0
2018-10-25T00:00:00,64.63106709631283,65.04783831752029,63.12429341642441,63.717384338378906,12781348.0
2018-10-26T00:00:00,63.71737452166021,64.05399314592562,62.54721969818065,63.07619094848633,12095605.0
2018-10-29T00:00:00,63.20443797909805,63.877675311458766,62.9960523746519,63.36473083496094,9160802.0
2018-10-30T00:00:00,63.476939075701374,64.13414958928847,62.73958213163404,63.50899887084961,7806039.0
2018-10-31T00:00:00,63.557074879449445,64.2623718425869,62.93191821090186,63.94178009033203,15468059.0
2018-11-01T00:00:00,63.50898832600295,64.32649767959435,63.18839654253141,64.16619873046875,11631431.0
2018-11-02T00:00:00,65.1600391969881,65.25621245954514,64.48679578518797,64.91959381103516,5410113.0
2018-11-05T00:00:00,64.9997493110826,65.36842780351921,64.43871815189233,64.96768951416016,8795844.0
2018-11-06T00:00:00,65.32033421312109,65.32033421312109,64.02194009247185,64.85547637939453,9021950.0
2018-11-07T00:00:00,64.91958922233655,65.67297900460925,64.77532322391795,65.51268005371094,7947060.0
2018-11-08T00:00:00,66.52255863568118,66.52255863568118,64.43872067245947,65.48063659667969,11405962.0
2018-11-09T00:00:00,65.30431615123976,65.89740712394325,65.03181092716656,65.59284210205078,6096533.0
2018-11-12T00:00:00,65.72106611615948,66.00959811512011,64.35855865478516,64.35855865478516,7751824.0
2018-11-13T00:00:00,64.5188555776337,64.93562064986794,64.037970920508,64.91959381103516,7993512.0
2018-11-14T00:00:00,64.64709743385302,64.64709743385302,61.95413590430574,62.22663497924805,10560396.0
2018-11-15T00:00:00,61.48928084473575,62.01825217902013,60.67177135341348,61.2808952331543,9837434.0
2018-11-16T00:00:00,61.39308956515481,62.01824016400583,61.28088336099075,61.68162155151367,6632710.0
2018-11-19T00:00:00,61.825889505035285,62.35486686839223,60.751914055475,60.848087310791016,7650718.0
2018-11-20T00:00:00,60.110740746179204,60.35118615507622,58.50778765961442,59.132938385009766,10498563.0
2018-11-21T00:00:00,59.30926096918182,59.6779394252166,58.94058251314705,59.50161361694336,8093544.0
2018-11-22T00:00:00,59.22911647094535,59.53367534938394,58.55587300968553,58.603965759277344,5259028.0
2018-11-23T00:00:00,59.18101779510831,60.992356273907845,59.03675790512057,60.896183013916016,9338632.0
2018-11-26T00:00:00,61.12060344894907,61.50530876888463,60.68780537793596,61.248836517333984,7762184.0
2018-11-27T00:00:00,61.24882704991203,62.03427663844069,60.23897115509216,60.41529083251953,5989991.0
2018-11-28T00:00:00,60.96029351851285,61.216765723988416,60.28705627218187,60.848087310791016,4956288.0
2018-11-29T00:00:00,61.50530652174603,61.84193130786684,60.719862955285514,60.816036224365234,6795355.0
2018-11-30T00:00:00,60.832060473164915,61.601477089591626,60.54352847765744,60.848087310791016,10748223.0
2018-12-03T00:00:00,62.99606214913911,63.55709946127091,62.531204234316554,63.02812194824219,8469705.0
2018-12-04T00:00:00,62.675448696659586,62.96398067447782,61.55338668823242,61.55338668823242,8495875.0
2018-12-05T00:00:00,61.00838850422499,61.537359772252465,60.30308532714844,60.30308532714844,5090745.0
2018-12-06T00:00:00,60.06264541947874,61.82589111365284,59.918379417971416,61.39309310913086,12370733.0
2018-12-07T00:00:00,62.787666061298964,64.66312425057836,62.19457516356601,63.47693634033203,12518354.0
2018-12-10T00:00:00,62.931927534584304,63.861643142387585,62.5311893135891,63.04413986206055,11242498.0
2018-12-11T00:00:00,63.73340191385057,64.87150307187524,63.54104928613673,64.35855865478516,11106339.0
2018-12-12T00:00:00,64.51885443804068,66.49048577777738,64.51885443804068,66.41033935546875,15552243.0
2018-12-13T00:00:00,67.13169692676497,67.13169692676497,65.99359524986488,66.2821273803711,8412840.0
2018-12-14T00:00:00,65.88136291503906,66.36225368541028,65.09591940435571,65.88136291503906,6731471.0
2018-12-17T00:00:00,65.72106630127695,65.88135913902669,64.8875300924628,65.12797546386719,8232676.0
2018-12-18T00:00:00,64.96767275412732,65.14399853432263,64.19825617082186,64.64708709716797,9362881.0
2018-12-19T00:00:00,64.51885330938504,65.43253596023617,64.4066470971598,64.4867935180664,10138385.0
2018-12-20T00:00:00,63.76547788787003,63.797537686422366,63.0601806640625,63.0601806640625,9109825.0
2018-12-21T00:00:00,63.07619688821423,63.188403106868876,61.938101747699754,62.467079162597656,18553570.0
2018-12-27T00:00:00,62.48310565205982,62.62737166306265,60.030589579791936,60.43132781982422,8698916.0
2018-12-28T00:00:00,60.912201450485796,62.675446941298716,60.912201450485796,62.45103454589844,9825138.0
2019-01-02T00:00:00,62.11441391829447,62.11441391829447,60.92822629102945,61.82588195800781,6423142.0
2019-01-03T00:00:00,61.31295268360597,61.58545176043849,59.870292527491294,60.078678131103516,6878200.0
2019-01-04T00:00:00,60.2870536268509,61.793827003556814,60.2870536268509,61.52132797241211,6646606.0
2019-01-07T00:00:00,62.13046018578391,62.7395840829842,62.0823735489563,62.611351013183594,5820809.0
2019-01-08T00:00:00,62.931940013670264,63.460917505371896,62.27472944550779,63.28459167480469,8110316.0
2019-01-09T00:00:00,63.79751494361523,65.32032120069775,63.733395369368154,65.28826141357422,9243872.0
2019-01-10T00:00:00,64.7432814910409,64.79136813233218,61.55340791323587,62.75562286376953,15762285.0
2019-01-11T00:00:00,62.91591538881001,63.076208268728806,60.91222381591797,60.91222381591797,14005248.0
2019-01-14T00:00:00,60.30308650045767,61.28088874968062,60.07867407239601,60.495445251464844,8532352.0
2019-01-15T00:00:00,60.671773808949816,60.97633881853707,60.06265601933721,60.52750778198242,8283639.0
2019-01-16T00:00:00,61.04045189312733,61.50530360613143,60.47941468604194,60.7198600769043,6224643.0
2019-01-17T00:00:00,60.83205795288086,61.15264972513807,60.33514040014321,60.83205795288086,7862914.0
2019-01-18T00:00:00,61.21677949288342,62.050315876853176,61.15266601317889,61.77781677246094,10469271.0
2019-01-21T00:00:00,61.72971257086967,61.74574552390816,60.880149503228246,61.07250213623047,4423351.0
2019-01-22T00:00:00,60.992364265783344,61.32898294942216,60.63971874163922,61.248836517333984,6935133.0
2019-01-23T00:00:00,60.73589614604509,61.79384502001047,60.73589614604509,61.32898712158203,9480743.0
2019-01-24T00:00:00,61.232788647135116,63.22044638531931,60.86411029432319,62.98000717163086,14314077.0
2019-01-25T00:00:00,65.46458051216194,66.1057639597146,63.941774410308284,64.98369598388672,30910498.0
2019-01-28T00:00:00,64.98372182772978,64.9997486686421,63.33267593383788,63.33267593383789,11655676.0
2019-01-29T00:00:00,63.47693182716896,64.55091344026275,63.33266582286622,64.29444122314453,10538102.0
2019-01-30T00:00:00,64.5188543599302,64.80738637171604,63.685318116413406,64.18223571777344,5809954.0
2019-01-31T00:00:00,64.27840756397511,65.06385715983599,62.96398670133437,64.40664672851562,14523032.0
2019-02-01T00:00:00,64.64709643056935,64.64709643056935,63.765467402307905,64.27841186523438,7675177.0
2019-02-04T00:00:00,64.51884402143499,64.51884402143499,63.70134086222518,63.94178009033203,7843623.0
2019-02-05T00:00:00,64.37458676927633,64.43870635137915,63.36472475288655,63.637229919433594,7596046.0
2019-02-06T00:00:00,63.6372366439766,65.43254232910613,63.39679124307312,65.2081298828125,6676205.0
2019-02-07T00:00:00,65.04782657549272,65.7531235955071,64.19825744628906,64.19825744628906,7095580.0
2019-02-08T00:00:00,64.11811346466044,65.30430125425977,63.98987430263682,65.12797546386719,8492486.0
2019-02-11T00:00:00,65.32032196043735,66.52253647504664,64.93561062525953,66.36224365234375,11513308.0
2019-02-12T00:00:00,66.76297448849867,67.27591880252474,66.1217910385768,67.13165283203125,8685112.0
2019-02-13T00:00:00,67.42019624715279,69.29564806796975,66.98739826201513,69.07123565673828,12562829.0
2019-02-14T00:00:00,69.52007763745583,70.20934799337397,68.94301351484704,69.1994857788086,9869277.0
2019-02-15T00:00:00,69.19947206785645,70.19330724422578,69.00711943669266,69.47197723388672,9313721.0
2019-02-18T00:00:00,69.48799764943347,69.74446983887356,68.54225530435201,68.75064086914062,7754898.0
2019-02-19T00:00:00,68.52623554404462,69.32771198315626,67.88505194684333,67.90108489990234,9756045.0
2019-02-20T00:00:00,67.90107958645036,68.46211060401424,67.56446097591203,68.33387756347656,9115992.0
2019-02-21T00:00:00,68.52621844578509,69.92078538973678,68.52621844578509,69.0071029663086,9072485.0
2019-02-22T00:00:00,69.47196917075692,70.49785790426918,69.16741036386397,70.35359191894531,7497620.0
2019-02-25T00:00:00,70.61007931708644,70.75434533349613,69.08727272493533,69.31169128417969,7439528.0
2019-02-26T00:00:00,68.78270701453826,69.7765360761277,68.07740995708446,69.47197723388672,8258553.0
2019-02-27T00:00:00,69.23152380402259,69.32770316580432,67.85298964049278,68.20563507080078,6095637.0
2019-02-28T00:00:00,67.96520627050023,68.07741248574521,67.1156370646424,67.75682067871094,6726104.0
2019-03-01T00:00:00,67.88505636742613,68.65447918008343,67.56447066272933,68.54226684570312,5268057.0
2019-03-04T00:00:00,68.97505169488491,69.66432183478057,68.7826990858938,69.3918228149414,5813257.0
2019-03-05T00:00:00,69.5200521090334,69.56814484477809,68.65446235775408,69.18343353271484,5126410.0
2019-03-06T00:00:00,69.39182007936294,70.16123659977454,68.75063658829713,68.87887573242188,5140939.0
2019-03-07T00:00:00,68.91095366087484,69.42389814286055,68.57432887631252,68.70256805419922,6036736.0
2019-03-08T00:00:00,68.20565049981683,70.09713557261554,68.20565049981683,69.7444839477539,7167236.0
2019-03-11T00:00:00,69.82462862114505,70.2734534641756,69.03917903106169,70.16124725341797,4808918.0
2019-03-12T00:00:00,70.32155611941278,70.5299417503594,69.77655177947783,70.04905700683594,4567491.0
2019-03-13T00:00:00,69.93685436414808,70.19332664819127,69.60022952308134,70.03302764892578,6129245.0
2019-03-14T00:00:00,69.79256969476292,70.83448539538715,69.58418410872609,70.8184585571289,6368518.0
2019-03-15T00:00:00,70.7703727880824,71.71611524109672,70.33757477248805,71.47566986083984,11214000.0
2019-03-18T00:00:00,71.47568693112474,71.60392001371517,70.4658246535561,70.83450317382812,5507824.0
2019-03-19T00:00:00,71.04286512694357,72.1328734820773,70.91463208710518,71.8603744506836,7424530.0
2019-03-20T00:00:00,71.60390079454717,72.66185554455592,71.17110890653613,71.81228637695312,7671894.0
2019-03-21T00:00:00,71.55581713686956,72.48553276252933,71.23522533095998,72.13288116455078,5691004.0
2019-03-22T00:00:00,72.13288061842026,72.46949926042568,69.56815842012179,69.60021209716797,7989092.0
2019-03-25T00:00:00,68.92698308386298,69.85669881404242,68.68653767370462,69.4880142211914,4416370.0
2019-03-26T00:00:00,69.50404754991695,69.85669918943606,68.70257099812322,69.02316284179688,5160123.0
2019-03-27T00:00:00,69.03917457338252,70.24138913797327,67.96519916410894,68.33387756347656,10516074.0
2019-03-28T00:00:00,68.80426222817356,69.68013130406138,68.54474615243102,69.17732238769531,6333649.0
2019-03-29T00:00:00,69.22597036146917,69.64768160729375,68.51230279647739,69.27462768554688,7563355.0
2019-04-01T00:00:00,69.3070723704828,70.58843560970027,69.3070723704828,70.4830093383789,6736340.0
2019-04-02T00:00:00,70.63709576073751,72.11309455499706,70.37757969319796,71.72382354736328,7608102.0
2019-04-03T00:00:00,72.04821560551514,72.98896523851796,71.80492276713082,72.84298706054688,7772230.0
2019-04-04T00:00:00,72.71322844615263,72.71322844615263,71.33454434884823,71.91845703125,7274912.0
2019-04-05T00:00:00,72.01577548555515,72.37260618947052,71.72381915403759,72.24285125732422,5394531.0
2019-04-08T00:00:00,72.34017258686443,73.18360137939453,71.90224423651637,73.18360137939453,10049574.0
2019-04-09T00:00:00,73.03762480097839,74.05947207800678,72.34017417239488,72.5834732055664,7398016.0
2019-04-10T00:00:00,72.63211344265781,73.54042260705471,72.42126093004333,73.31334686279297,5673453.0
2019-04-11T00:00:00,73.28090770815626,74.33519503676074,72.92407085465628,74.0918960571289,6343816.0
2019-04-12T00:00:00,74.22165852393995,74.82179441810602,73.86482782150009,74.12434387207031,9490723.0
2019-04-15T00:00:00,74.43250872352215,74.44873195520945,72.7456514943429,73.24846649169922,9111334.0
2019-04-16T00:00:00,72.98896553061549,73.4593403489993,71.83736333720785,72.74566650390625,11408511.0
2019-04-17T00:00:00,75.50301935345409,76.97901800473002,73.21603229626062,76.23291015625,24847930.0
2019-04-18T00:00:00,76.75195279138784,77.04390915263858,75.6814481959189,76.31401824951172,8383270.0
2019-04-23T00:00:00,76.23291519978346,76.6221923828125,75.74632336151035,76.6221923828125,8108607.0
2019-04-24T00:00:00,76.94657633384361,77.9197661157474,76.33022961138998,77.36829376220703,9094768.0
2019-04-25T00:00:00,76.80059736922026,77.15743423757185,75.63277830549292,76.49242401123047,8207541.0
2019-04-26T00:00:00,77.0438975376457,77.36829413316904,76.65462038554763,77.23853302001953,5755638.0
2019-04-29T00:00:00,77.36830158333022,77.36830158333022,76.23291648334215,77.30342102050781,5704736.0
2019-04-30T00:00:00,77.04389856216756,77.6440282500884,76.23291015625,76.23291015625,2959595.0
2019-05-02T00:00:00,76.10315240062447,76.39510873462999,73.65397002907895,74.93533325195312,10993591.0
2019-05-03T00:00:00,74.6271484417451,75.32459894761332,74.52983379548,74.61093139648438,6113331.0
2019-05-06T00:00:00,73.16738532691075,74.49740600585938,72.59968965001472,74.49740600585938,5420471.0
2019-05-07T00:00:00,73.91347287034534,74.61092330053395,71.85356185413124,72.29149627685547,7306528.0
2019-05-08T00:00:00,72.16176189373407,72.87542957043166,72.0968813265748,72.5834732055664,6288247.0
2019-05-09T00:00:00,72.32395778809017,72.56725682349476,71.12369203403316,71.20479583740234,6480911.0
2019-05-10T00:00:00,71.77246865768625,72.59967404859505,71.22099633463036,71.74002838134766,4935356.0
2019-05-13T00:00:00,71.99953760923158,72.14551574530246,70.21536589045368,70.7343978881836,6361568.0
2019-05-14T00:00:00,70.78305280778443,71.38318237471186,70.58841736206323,71.09123229980469,5211724.0
2019-05-15T00:00:00,71.15613111051498,71.70760355236989,70.78307713328245,71.67516326904297,5071458.0
2019-05-16T00:00:00,71.69136746961503,73.60530036627566,71.49673200868251,73.1998062133789,9480146.0
2019-05-17T00:00:00,73.19980995958687,73.556640625,71.69137113862435,73.556640625,7599267.0
2019-05-20T00:00:00,73.78371337835569,75.32458609660388,73.57285470183832,74.82177734375,10195824.0
2019-05-21T00:00:00,75.43815856074286,76.26537041642378,75.37328417365882,75.64901733398438,9869486.0
2019-05-22T00:00:00,77.44939319340327,78.45501708984375,76.18425325312812,78.45501708984375,12366444.0
2019-05-23T00:00:00,78.22794343572545,78.22794343572545,75.64899997356524,75.8760757446289,7902046.0
2019-05-24T00:00:00,77.04390431083294,77.72513165270553,76.73573092103597,76.96280670166016,8800816.0
2019-05-27T00:00:00,77.66024268936725,78.01707334016737,77.09254715709692,77.27096557617188,3883363.0
2019-05-28T00:00:00,77.15744506004634,77.33586351924797,75.8274244208085,77.04390716552734,14319587.0
2019-05-29T00:00:00,75.94094297773803,76.44375794496487,73.6052989300723,73.79993438720703,6496913.0
2019-05-31T00:00:00,73.97835791135363,74.69202542838045,73.68640161180855,74.18921661376953,10578176.0
2019-06-03T00:00:00,74.18924010824169,74.23789744445813,72.51859937903687,73.99459838867188,9044672.0
2019-06-04T00:00:00,73.15114420307386,74.61092565828459,72.46991698220876,74.44873046875,7446243.0
2019-06-05T00:00:00,74.22165176178967,75.30837937834701,73.75128321678886,74.40007019042969,6176313.0
2019-06-07T00:00:00,74.35141215419141,76.58974173200812,74.35141215419141,75.90850830078125,7738090.0
2019-06-11T00:00:00,73.68640580356741,74.95154571533203,73.55664469089903,74.95154571533203,7168396.0
2019-06-12T00:00:00,74.23787292400223,74.7569049633836,73.26468320964966,74.62714385986328,6477363.0
2019-06-13T00:00:00,74.62714821960576,74.95154481000796,74.07567587212709,74.10811614990234,6170364.0
2019-06-14T00:00:00,73.79994561663591,73.89726645368647,72.01577358216296,72.40504455566406,8316496.0
2019-06-18T00:00:00,73.79995538307517,74.74070503700787,72.907869247783,74.49740600585938,9640328.0
2019-06-19T00:00:00,74.64336510858266,75.47057046582522,73.86481707019266,75.42191314697266,7995618.0
2019-06-20T00:00:00,76.13557390779566,76.68704615967783,75.8274006033774,76.29777526855469,12820399.0
2019-06-24T00:00:00,75.76252759108979,76.16802175227612,74.44873046875,74.44873046875,6539137.0
2019-06-25T00:00:00,73.88104448666823,74.36763630555905,73.45933322692302,73.68640899658203,6552469.0
2019-06-26T00:00:00,72.9889599877411,74.10812181344016,72.43748759811746,72.51858520507812,8411114.0
2019-06-27T00:00:00,72.34015045522338,73.02138381234617,71.93465632444892,72.3077163696289,7414618.0
2019-06-28T00:00:00,72.14554024351791,72.32395871345055,71.43187255113894,71.44808959960938,8737504.0
2019-07-01T00:00:00,72.1941878379816,72.32394895764784,70.24782054179391,71.64271545410156,9574988.0
2019-07-02T00:00:00,71.99955463995005,72.55102704140161,71.8860167502998,71.91845703125,5743800.0
2019-07-03T00:00:00,71.91845576303766,73.4593350505702,71.8211349219032,72.98896026611328,5872412.0
2019-07-04T00:00:00,73.07004356888346,73.31334253041493,71.95088195800781,71.95088195800781,4201382.0
2019-07-05T00:00:00,71.983342768817,72.16176123319609,71.22101158005229,71.70760345458984,6708038.0
2019-07-08T00:00:00,71.52918293010302,72.5185898859993,71.49674883510583,72.46993255615234,4696114.0
2019-07-09T00:00:00,72.17795527785337,72.56723236583059,71.56160246661835,72.3077163696289,4575176.0
2019-07-10T00:00:00,72.1941751881019,73.0376037560945,72.09686055275445,72.3888168334961,4140882.0
2019-07-11T00:00:00,72.9078616216081,72.98895922772431,72.21041107177734,72.21041107177734,4440741.0
2019-07-12T00:00:00,72.30773275249912,73.44311162603255,72.30773275249912,73.05384063720703,4950157.0
2019-07-15T00:00:00,73.26469373889036,73.99458458271361,72.6970042977783,73.42689514160156,5161165.0
2019-07-16T00:00:00,72.98895341637426,73.5242087113558,72.43748107640099,73.29712677001953,7273289.0
2019-07-17T00:00:00,71.36699235538119,72.82677421940916,64.61956787109375,64.61956787109375,30056506.0
2019-07-18T00:00:00,66.09556660748852,66.66325611567969,65.21969749140649,66.37129974365234,13960488.0
2019-07-19T00:00:00,66.97142956569806,68.47986862002455,66.64703293912282,68.09059143066406,9084868.0
2019-07-22T00:00:00,67.97704982987312,68.02570715563125,67.05252351636442,67.16606140136719,7044526.0
2019-07-23T00:00:00,67.4093490650745,68.20411412639638,67.24714769424887,68.05813598632812,7200870.0
2019-07-24T00:00:00,68.12301779732937,68.41497408287732,66.82543774342162,66.9227523803711,8658794.0
2019-07-25T00:00:00,67.3120250536297,68.35008902833628,67.27958478100145,68.10679626464844,6323818.0
2019-07-26T00:00:00,68.28521315048842,69.3395004272461,68.0419203701711,69.3395004272461,5550227.0
2019-07-29T00:00:00,69.93963851155101,70.2153777874492,68.77181941246312,69.6476821899414,5918938.0
2019-07-30T00:00:00,69.64767812196331,69.64767812196331,68.31765770669244,68.82047271728516,5037729.0
2019-07-31T00:00:00,68.4960893048156,69.14488259242295,68.22035617936086,69.01512145996094,5267262.0
2019-08-01T00:00:00,68.52852563315022,70.75063230583788,68.52852563315022,70.50733947753906,5991333.0
2019-08-02T00:00:00,68.95023103480327,69.35572523473998,67.4904556274414,67.4904556274414,7668547.0
2019-08-06T00:00:00,66.25775503696967,66.48483700427514,65.39810924504162,65.4629898071289,7023901.0
2019-08-07T00:00:00,65.72250668125082,66.89033206386637,65.54408822697889,66.3064193725586,5984525.0
2019-08-08T00:00:00,66.95519309673986,67.96082305908203,66.69567708424668,67.96082305908203,5531716.0
2019-08-09T00:00:00,67.57155867991104,67.79863446021422,66.85789105790808,67.18228149414062,5222521.0
2019-08-12T00:00:00,67.31204022791762,68.22034950422254,66.92276305597245,67.50667572021484,4314907.0
2019-08-13T00:00:00,66.50104012384664,68.33387540118129,66.41994253189723,67.99325561523438,6234547.0
2019-08-14T00:00:00,67.5228986892628,67.6850939009831,65.25212860107422,65.25212860107422,6457971.0
2019-08-15T00:00:00,65.3332176948136,65.77115213422178,63.71124103953144,64.37625122070312,7410483.0
2019-08-16T00:00:00,64.42492020451616,65.52786491885725,64.42492020451616,65.2034683227539,5509278.0
2019-08-19T00:00:00,65.81982268319457,66.27397421531028,65.31700763881607,65.85225677490234,4529814.0
2019-08-20T00:00:00,66.079345703125,66.38751910568178,65.6089708881558,66.079345703125,3777229.0
2019-08-21T00:00:00,66.07933544208227,66.14420980962208,65.23590679056201,65.33322143554688,4141123.0
2019-08-22T00:00:00,64.8790734213507,64.9439539797362,63.54905291120105,63.6463737487793,10806585.0
2019-08-23T00:00:00,63.87345151689678,64.66821672629153,63.711250115851364,63.77613067626953,5805030.0
2019-08-26T00:00:00,63.14355898146262,63.58149347147483,62.5758695614564,63.54905319213867,5100282.0
2019-08-27T00:00:00,63.54904808013409,63.54904808013409,62.575864527736535,62.83538055419922,7286988.0
2019-08-28T00:00:00,62.040614014395125,62.34878738597466,60.029360014108576,60.69437026977539,17081921.0
2019-08-29T00:00:00,61.22962524574497,62.494765191400234,60.74303343490453,62.283912658691406,9990341.0
2019-08-30T00:00:00,62.59208755846171,62.77050600384613,61.943294336582134,62.008174896240234,8448506.0
2019-09-02T00:00:00,62.12170694889998,62.754276877793,61.716212770137766,61.878414154052734,4472087.0
2019-09-03T00:00:00,61.87842409351334,62.494770889342874,61.408049285629374,61.58646774291992,5968876.0
2019-09-04T00:00:00,61.927072009617376,62.13793071685023,60.67814918577693,61.35938262939453,7601434.0
2019-09-05T00:00:00,61.63512218533458,62.65696936454968,61.63512218533458,62.39745330810547,7708239.0
2019-09-06T00:00:00,62.59208433124279,63.12733345244813,61.79731298478589,62.94892120361328,9588085.0
2019-09-09T00:00:00,62.91647633668446,62.98135688826533,61.76487438919881,62.04060745239258,6920180.0
2019-09-10T00:00:00,61.78108744109055,63.06245040893555,61.68376662000817,63.06245040893555,7487684.0
2019-09-11T00:00:00,63.46795442922834,63.53282879936612,62.575868419491094,62.80294418334961,7738477.0
2019-09-12T00:00:00,62.99757690032826,63.43551136310548,62.72183763679435,63.0137939453125,7946376.0
2019-09-13T00:00:00,62.98135214212272,63.22464491119202,62.39743959659722,63.046226501464844,9355428.0
2019-09-16T00:00:00,62.55965128670512,62.851607636520924,62.18659732579629,62.51099395751953,5526371.0
2019-09-17T00:00:00,62.608302992929396,63.69503068349864,62.3163466693347,63.208438873291016,6519872.0
2019-09-18T00:00:00,63.11111581087258,64.79797313497059,62.83538273017308,64.3924789428711,8202074.0
2019-09-19T00:00:00,64.31138657325589,65.51164601458792,63.69503361867003,64.71688079833984,8714087.0
2019-09-20T00:00:00,64.73309480680346,66.27397402727489,64.57089959932249,65.9171371459961,12463646.0
2019-09-23T00:00:00,65.77116477492359,66.06312112397408,64.42492710972503,64.86286163330078,5518215.0
2019-09-24T00:00:00,65.08991318211922,66.07931975356259,64.79795694178023,65.43052673339844,6247143.0
2019-09-25T00:00:00,64.87908376101208,65.08994251569382,63.484182470174076,64.6844482421875,7346643.0
2019-09-26T00:00:00,62.77051565411959,64.86286761963896,62.656977750938076,63.24089050292969,9409464.0
2019-09-27T00:00:00,63.257096580032865,63.97076416015625,63.17599897573371,63.97076416015625,5061906.0
2019-09-30T00:00:00,63.71124316899088,64.14917762303641,62.94891832292656,63.7923469543457,7595856.0
2019-10-01T00:00:00,63.80856139858712,64.79796814103302,63.22464881698955,63.61392593383789,6774087.0
2019-10-02T00:00:00,63.6139400696894,63.74369501257218,62.105500961150675,62.332576751708984,6157300.0
2019-10-03T00:00:00,62.170386796449,62.99759241608376,61.002561274751216,62.08928298950195,6631857.0
2019-10-04T00:00:00,62.12170905278837,62.575866755781185,61.489139102471974,61.975730895996094,5617697.0
2019-10-07T00:00:00,62.251453715097696,65.00881473293451,62.154132907168616,64.48977661132812,8827531.0
2019-10-08T00:00:00,65.13858586664799,66.33885138102595,64.96016743462623,65.36566162109375,9859878.0
2019-10-09T00:00:00,65.44677048429672,66.66325325305577,65.0412762280437,66.29019927978516,8138911.0
2019-10-10T00:00:00,66.82544208240593,67.60399016530181,65.96579021365307,66.40372467041016,8547956.0
2019-10-11T00:00:00,66.41995825571989,67.62021775035161,65.83604555569318,67.08496856689453,7540812.0
2019-10-14T00:00:00,67.42559466477506,68.10682833606161,66.41997048914966,66.50106811523438,7536971.0
2019-10-15T00:00:00,66.63080990352775,68.02570475393563,66.63080990352775,67.4904556274414,9855283.0
2019-10-16T00:00:00,67.71752721830705,69.12864521470956,67.26337572230396,67.9446029663086,10801650.0
2019-10-17T00:00:00,71.69137157399612,73.3782288315843,71.13989924699038,72.14552307128906,26600463.0
2019-10-18T00:00:00,70.55598410121492,72.56723786469499,70.00451179407924,71.96710205078125,13071652.0
2019-10-21T00:00:00,72.1130868573225,72.45370049948122,70.81550665813427,71.15612030029297,6522761.0
2019-10-22T00:00:00,71.51295851449655,71.57783907250854,70.6208724975586,70.6208724975586,6994443.0
2019-10-23T00:00:00,70.55600124113563,71.70760345458984,70.44246334332192,71.70760345458984,7225630.0
2019-10-24T00:00:00,70.8479361913412,71.13989246529765,68.77180818751712,70.57219696044922,15380497.0
2019-10-25T00:00:00,70.6370849609375,70.73440579164199,69.84231983257645,70.6370849609375,7120216.0
2019-10-28T00:00:00,70.94525544457547,71.07501034827338,69.92340850830078,69.92340850830078,7332962.0
2019-10-29T00:00:00,69.7612131027216,69.90719124894295,68.04192181094767,68.13923645019531,11050306.0
2019-10-30T00:00:00,67.89595345342532,68.64206133619133,67.78241556636748,68.44742584228516,8227757.0
2019-10-31T00:00:00,68.75559931838309,68.88536043940061,67.97705115433033,68.41498565673828,7111328.0
2019-11-01T00:00:00,68.41497811847685,68.57717331452658,67.92838634297753,68.38253784179688,1070256.0
2019-11-04T00:00:00,68.56096359603066,70.52355413975806,68.43120247544498,70.2640380859375,8840004.0
2019-11-05T00:00:00,70.26403926938734,70.26403926938734,68.91780165106576,69.2259750366211,4876639.0
2019-11-06T00:00:00,69.14486971668718,69.71255909711844,68.93401100937692,69.25840759277344,4610269.0
2019-11-07T00:00:00,69.56658534482092,69.77744406547035,68.7393798828125,68.7393798828125,5832219.0
2019-11-08T00:00:00,69.19351910975273,71.09123488338587,69.01510069996206,70.66951751708984,6817544.0
2019-11-11T00:00:00,70.783071317447,71.4156413219689,70.19915864024188,71.01014709472656,7106324.0
2019-11-12T00:00:00,70.99393232391324,71.3345460007516,70.2802646885351,71.285888671875,6602156.0
2019-11-13T00:00:00,70.96147378995649,71.57782660904711,70.4424417909379,70.66951751708984,5631955.0
2019-11-14T00:00:00,70.58841863154476,70.81549435352817,69.77743037454725,69.92340850830078,4441090.0
2019-11-15T00:00:00,70.32891731077689,71.4318620654085,70.16671591312479,71.36698150634766,5857959.0
2019-11-18T00:00:00,71.36699331137252,71.62650940319253,70.58844503591247,70.94528198242188,4503502.0
2019-11-19T00:00:00,71.02636320110136,71.9995467738818,70.89660209147718,71.41563415527344,5451636.0
2019-11-20T00:00:00,71.15612258738582,71.22100314626823,70.45867204777655,70.86416625976562,5696935.0
2019-11-21T00:00:00,70.28026600162677,70.79929814384485,69.8098911891944,70.21538543701172,4439551.0
2019-11-22T00:00:00,69.95586395263672,70.42623254132025,69.69634790160934,69.95586395263672,3491252.0
2019-11-25T00:00:00,70.26404145400885,71.285888671875,70.05318271662512,71.285888671875,5502956.0
2019-11-26T00:00:00,71.36698631381066,71.4643071589577,70.5722148801542,70.71819305419922,5257568.0
2019-11-27T00:00:00,70.84794854491706,70.84794854491706,69.89098196616256,70.52355194091797,3693692.0
2019-11-28T00:00:00,70.08561717498549,70.71818714722602,69.87476464247236,70.6208724975586,2067842.0
2019-11-29T00:00:00,70.1991490231763,70.3775674486963,69.7936548514854,69.98829650878906,5158951.0
2019-12-02T00:00:00,70.10183931897076,71.15612052720745,68.96645432080393,69.27462768554688,7318213.0
2019-12-03T00:00:00,69.61522843990832,72.19417132350759,69.33949540471782,70.83171081542969,11651106.0
2019-12-04T00:00:00,71.02636301855027,72.27528585239703,70.6857493876876,71.48051452636719,6399247.0
2019-12-05T00:00:00,71.51295133678252,71.70758680393249,70.3775664349328,70.42622375488281,5575695.0
2019-12-06T00:00:00,70.63708234688946,71.77246724702424,70.60464207118847,71.05879974365234,5303982.0
2019-12-09T00:00:00,71.05880506633619,71.30209787129262,69.74500164511007,70.78306579589844,7131374.0
2019-12-10T00:00:00,70.55599077459603,70.57220782015598,69.03133481059115,69.87476348876953,6804547.0
2019-12-11T00:00:00,69.79366159776127,70.02073736588137,68.69071684916305,69.1448745727539,7010859.0
2019-12-12T00:00:00,69.14486031222762,69.8747509787591,68.46362696101512,69.38815307617188,10585518.0
2019-12-13T00:00:00,70.15048810091686,70.29646624272489,68.41497363017118,68.96644592285156,8264923.0
2019-12-16T00:00:00,68.98267719585547,70.50733947753906,68.98267719585547,70.50733947753906,7159612.0
2019-12-17T00:00:00,70.55599680572863,71.07502893092062,69.90720355556314,70.50733947753906,6318785.0
2019-12-18T00:00:00,70.55599644350129,70.7506319426113,69.53414924530955,70.06940460205078,5987738.0
2019-12-19T00:00:00,70.06939629818164,70.19915121976085,66.01445445439046,67.3120346069336,22357077.0
2019-12-20T00:00:00,67.49046280998519,68.00949494615314,66.93899039188786,67.08496856689453,11370739.0
2019-12-23T00:00:00,67.31202993706162,67.57154594956594,66.79299791205298,67.36068725585938,4548116.0
2019-12-27T00:00:00,67.68508390823611,67.73374122709849,67.00385669476354,67.3282470703125,4896756.0
2019-12-30T00:00:00,67.29582678874098,67.37692439926585,66.12800139765969,66.14421844482422,8422899.0
2020-01-02T00:00:00,66.84164588841737,68.26898685136707,66.84164588841737,68.12300872802734,7981124.0
2020-01-03T00:00:00,67.831073793814,67.831073793814,66.80922660937236,66.9389877319336,7745242.0
2020-01-07T00:00:00,67.58778645402343,68.36634094913306,67.18229215702348,67.7337646484375,7563847.0
2020-01-08T00:00:00,67.13361461638875,68.26899954374655,66.61458256742806,67.9446029663086,6663995.0
2020-01-09T00:00:00,68.75560153745593,68.99890055354082,68.07437419217985,68.15547180175781,7736627.0
2020-01-10T00:00:00,67.71753514480062,68.04193176020995,66.01446064809016,66.63081359863281,10932051.0
2020-01-13T00:00:00,67.47422565601539,68.44741535108331,67.312030467179,67.76618194580078,8274492.0
2020-01-14T00:00:00,68.12302537457234,68.20412297683389,66.82544517633629,66.98764038085938,7527986.0
2020-01-15T00:00:00,66.9876436158551,67.50667572021484,66.30641629913947,67.50667572021484,7798774.0
2020-01-16T00:00:00,68.05815229612135,69.38817291887611,68.05815229612135,69.37195587158203,9231921.0
2020-01-17T00:00:00,69.66390168316096,69.89097743503352,68.96645119535229,69.29084777832031,7862281.0
2020-01-20T00:00:00,69.1935239174058,69.25840446862847,68.20411716698469,68.67449188232422,5745100.0
2020-01-21T00:00:00,68.64206143116816,68.80425664508925,67.65265453913732,68.41498565673828,6205188.0
2020-01-22T00:00:00,69.01511164488164,69.3395082425508,68.47986251797542,69.27462768554688,7538095.0
2020-01-23T00:00:00,69.06376927442095,69.24218150996137,68.38253585859863,68.5771713256836,9627363.0
2020-01-24T00:00:00,62.446113881114314,65.15481247434059,62.446113881114314,64.63578033447266,38894434.0
2020-01-27T00:00:00,64.87906830719551,66.07933379331267,63.80856392762079,64.14917755126953,14255105.0
2020-01-28T00:00:00,64.44114161318473,64.74931499730592,63.20844188934911,64.11674499511719,13181339.0
2020-01-29T00:00:00,64.61955123466049,64.6519915107706,63.32197112700668,63.33818817138672,12056908.0
2020-01-30T00:00:00,62.527193683144056,62.64073154469159,61.7162054221763,61.78108596801758,12272274.0
2020-01-31T00:00:00,61.92707489719186,62.089270102718416,60.93766805636863,61.44048309326172,12416788.0
2020-02-03T00:00:00,61.68377362404748,62.494761996437695,60.90522552903491,61.73243713378906,8425859.0
2020-02-04T00:00:00,62.008167787622796,63.33818817138672,61.82974936269227,63.33818817138672,11549670.0
2020-02-05T00:00:00,63.43551396200327,63.75991056113037,62.46232416462196,63.19221496582031,12060055.0
2020-02-06T00:00:00,63.69502889514161,64.37625617283545,63.2895347001285,64.23027801513672,9954388.0
2020-02-07T00:00:00,65.34943555158807,68.07435660333772,65.00882196695672,67.87971496582031,27393154.0
2020-02-10T00:00:00,68.46363660560624,68.47985983789752,67.24715405246889,67.3120346069336,13460027.0
2020-02-11T00:00:00,68.52853003454808,71.74004383569681,68.25279690729633,71.67516326904297,20610556.0
2020-02-12T00:00:00,70.84795769993629,72.03200019828773,70.52356105401844,71.67516326904297,11913829.0
2020-02-13T00:00:00,71.43187042511812,71.70760355236989,70.5397842893576,71.67516326904297,8575006.0
2020-02-14T00:00:00,71.5291748046875,71.80491407965027,70.89660483912945,71.5291748046875,7502276.0
2020-02-17T00:00:00,71.5291764344425,72.35638809082792,71.30210066597613,71.46430206298828,5064922.0
2020-02-18T00:00:00,71.01014699965538,71.38320094573676,70.52355516508621,71.04258728027344,6123194.0
2020-02-19T00:00:00,71.22100306114537,71.77247543628542,70.73441124481016,71.46430206298828,6314992.0
2020-02-20T00:00:00,71.31832370149237,71.44807863139148,70.7992916071947,70.96148681640625,7083586.0
2020-02-21T00:00:00,70.76685602148605,71.17235025875986,70.02074192251543,70.34513854980469,8309462.0
2020-02-24T00:00:00,68.95022414888605,69.07998524983505,66.98763390215636,67.76618194580078,13550569.0
2020-02-25T00:00:00,67.79862333777153,68.35009565118854,66.51726028786877,66.6956787109375,10221985.0
2020-02-26T00:00:00,66.11178115020459,67.11741136567255,64.10053309397138,66.72813415527344,10247268.0
2020-02-27T00:00:00,66.046907177096,66.0955645084381,63.354425532957976,64.87908172607422,12582491.0
2020-02-28T00:00:00,63.51661261177678,63.597710216057514,61.343163405359796,62.18659210205078,17232616.0
2020-03-02T00:00:00,62.47854650892143,63.808566977808795,61.26206392001101,62.02439498901367,11034750.0
2020-03-03T00:00:00,62.34878412059563,63.435511761878026,61.63511657714844,61.63511657714844,9932968.0
2020-03-04T00:00:00,61.716209411621094,62.559638000030205,61.164737111020905,61.716209411621094,10126398.0
2020-03-05T00:00:00,62.44610803108867,62.52720563521736,59.83472434163068,60.75925064086914,11203419.0
2020-03-06T00:00:00,59.41300981551003,59.526547692507094,57.353098609870045,57.85590744018555,13972000.0
2020-03-09T00:00:00,54.28757055169469,56.574557806027855,53.52523940446662,56.169063568115234,20800839.0
2020-03-10T00:00:00,56.55833913276575,58.55337020170386,55.58515535823305,56.47724151611328,17741249.0
2020-03-11T00:00:00,56.688098234546324,57.70994549227388,55.48783251417652,55.81222915649414,14368103.0
2020-03-12T00:00:00,52.357411875481226,53.28193820507796,49.25943936584898,49.45407485961914,26193689.0
2020-03-13T00:00:00,50.39482048704485,55.990641885056135,49.74603036252877,52.730464935302734,26247012.0
2020-03-16T00:00:00,49.87578630539372,52.50338697341488,48.286249793264844,51.1895866394043,21977431.0
2020-03-17T00:00:00,52.87643477928509,55.8608719760973,51.140923402855265,55.19586181640625,17600537.0
2020-03-18T00:00:00,53.68742503356636,58.796653993454825,52.43850844878023,56.85028076171875,22989358.0
2020-03-19T00:00:00,56.42858510601787,60.872798919677734,55.049900850982695,60.872798919677734,26611401.0
2020-03-20T00:00:00,62.90026025377303,63.37063502516783,58.94263896780282,60.20777893066406,20255316.0
2020-03-23T00:00:00,57.88834159810743,61.74864756998299,56.785397034714414,57.223331451416016,15935512.0
2020-03-24T00:00:00,59.93204518768215,62.36501043599928,58.683122284397285,61.651336669921875,18366283.0
2020-03-25T00:00:00,63.87344478981816,63.95454238812436,59.267030670234185,62.20280456542969,13845677.0
2020-03-26T00:00:00,60.46730118948585,61.31072998046875,59.250818427225155,61.31072998046875,15272927.0
2020-03-27T00:00:00,61.55403073889827,61.862204153224376,58.95886372734945,59.81851577758789,15945121.0
2020-03-30T00:00:00,60.272675173065615,63.80858612060547,59.15351308296167,63.80858612060547,15671084.0
2020-03-31T00:00:00,66.09555299276327,66.50104718290292,63.74368545248323,65.73871612548828,20440583.0
2020-04-01T00:00:00,63.864212363159815,65.46859957661091,63.520417779620246,64.56817626953125,13179638.0
2020-04-02T00:00:00,65.35400321104471,66.23805188805079,63.83148326082401,64.83012390136719,13662753.0
2020-04-03T00:00:00,64.91197158566875,65.22302290934147,63.88058167750581,64.15888977050781,8895663.0
2020-04-06T00:00:00,65.50133482768332,66.48361306977253,64.86285740514852,65.28851318359375,9349822.0
2020-04-07T00:00:00,66.10706878672102,66.27077868846517,63.9460656090094,65.19027709960938,14575996.0
2020-04-08T00:00:00,64.50269498203345,67.07297943673369,64.3553535565033,66.2052993774414,10552124.0
2020-04-09T00:00:00,66.8110352015101,66.82740369426756,64.9938264939301,65.4849624633789,5371801.0
2020-04-14T00:00:00,66.69643314125442,67.49862038754351,65.99246933606798,67.44950866699219,12757778.0
2020-04-15T00:00:00,67.53137266849755,68.56276265425372,66.17255659653418,66.516357421875,12890103.0
2020-04-16T00:00:00,67.25305927182904,68.95566354512735,66.7128053352541,68.53001403808594,12221008.0
2020-04-17T00:00:00,69.577790973087,71.10031725163824,69.577790973087,70.88748931884766,19084008.0
2020-04-20T00:00:00,71.03481855357376,71.13304825453359,69.49592404266923,70.60916900634766,9210778.0
2020-04-21T00:00:00,69.90520700256965,69.93795023711614,66.58184051513672,66.58184051513672,13250830.0
2020-04-22T00:00:00,68.75921158507697,71.32949589947994,68.07162246688993,69.75785827636719,16518713.0
2020-04-23T00:00:00,69.7414904865623,69.90520665848885,68.05525450908587,68.79196166992188,10472628.0
2020-04-24T00:00:00,68.00613146063117,68.33355750485167,66.33626425572575,66.3853759765625,10686348.0
2020-04-27T00:00:00,67.17120894624063,68.15348728671128,66.71281613443452,68.02251434326172,8864170.0
2020-04-28T00:00:00,67.82605453276871,68.16984910796437,66.81103930094355,67.2694320678711,8265571.0
2020-04-29T00:00:00,67.122090870733,68.51364391512179,66.77829629437338,68.36630249023438,8804469.0
2020-04-30T00:00:00,68.75921280784405,69.98705589369841,67.72782286708919,69.65962982177734,7222324.0
2020-05-04T00:00:00,67.76056428829024,67.94064893529178,66.0743284938809,66.63095092773438,10439529.0
2020-05-05T00:00:00,67.07298060689442,67.48226165771484,66.38538519404682,67.48226165771484,6896942.0
2020-05-06T00:00:00,67.41677013633867,67.95701783544857,66.89289093017578,66.89289093017578,6898796.0
2020-05-07T00:00:00,67.23669726509164,67.54774864662903,66.7619296997447,67.3512954711914,5930944.0
2020-05-08T00:00:00,67.84242543559583,69.03752536690392,67.61322904399336,68.44816589355469,7824989.0
2020-05-11T00:00:00,68.75921040688768,69.43043102057817,67.95701687094895,68.53001403808594,7661454.0
2020-05-12T00:00:00,68.23534185503178,69.80697969643973,67.94065897912608,69.74149322509766,7382251.0
2020-05-13T00:00:00,69.00476894014506,69.15211032826083,67.31852722167969,67.31852722167969,9768987.0
2020-05-14T00:00:00,66.51635673973742,66.87651981025199,64.4535767893793,65.10842895507812,9939274.0
2020-05-15T00:00:00,65.10842987879103,67.74420082768027,64.60091913091757,67.17120361328125,12181259.0
2020-05-18T00:00:00,68.56275431655133,69.18485693504664,67.43313476876257,68.85743713378906,12046779.0
2020-05-19T00:00:00,69.16849861278357,69.16849861278357,67.64597258157791,68.6609878540039,8821668.0
2020-05-20T00:00:00,68.66097816303768,69.0047789485937,67.7605612140144,67.79330444335938,4877110.0
2020-05-22T00:00:00,68.03887587963997,69.92156473785649,67.51499669777691,69.77422332763672,8552507.0
2020-05-25T00:00:00,70.21626009085817,72.00072582418383,70.00343218363577,71.24765014648438,8077077.0
2020-05-26T00:00:00,71.88613359034454,71.95162006648499,69.87247128753143,69.93795776367188,7667768.0
2020-05-27T00:00:00,69.7742225695221,70.1343918450643,68.25169676217129,68.85743713378906,10288610.0
2020-05-28T00:00:00,69.57777108408065,70.67464118350723,68.890181991031,70.34722137451172,9649541.0
2020-05-29T00:00:00,69.98705586437994,71.01844580470275,69.28309199584105,70.10165405273438,20324316.0
2020-06-01T00:00:00,71.21488949687557,71.41134261581618,70.15075646611082,70.77286529541016,6654375.0
2020-06-02T00:00:00,71.62417733595233,71.96797188833305,70.62553066416125,71.57506561279297,9548698.0
2020-06-03T00:00:00,72.34450450030948,74.7674471767335,72.34450450030948,74.42365264892578,14830543.0
2020-06-04T00:00:00,74.4236756105253,75.12763961996936,72.39364480037402,72.88478088378906,9905366.0
2020-06-05T00:00:00,73.13032969140005,73.44138726363586,71.88611813785509,72.36088562011719,10585033.0
2020-06-08T00:00:00,72.36087839860298,72.54096302873936,70.29809876539083,70.90383911132812,11710270.0
2020-06-09T00:00:00,70.90385280229164,71.29675912106339,69.80697631835938,69.80697631835938,10858839.0
2020-06-10T00:00:00,70.05255857502972,71.42774339936199,70.05255857502972,70.88748931884766,8300476.0
2020-06-11T00:00:00,70.18350135312551,70.44544093295124,67.90790008242713,67.94064331054688,9255979.0
2020-06-12T00:00:00,67.12209504637823,69.28309858240705,66.97475361232475,68.43179321289062,7729850.0
2020-06-15T00:00:00,67.02385120684738,68.75920481470415,66.69643141812118,68.51363372802734,8265714.0
2020-06-16T00:00:00,69.33221119050386,70.69102734900628,69.15213276449772,70.54368591308594,12481912.0
2020-06-17T00:00:00,70.46182460182786,71.24764344092115,70.10165529198522,70.93659210205078,9633298.0
2020-06-18T00:00:00,70.64190715934011,71.00207021335623,70.00342351672167,70.46182250976562,11768356.0
2020-06-22T00:00:00,70.33084958457226,71.18215486293072,69.9870550236389,70.46182250976562,5315664.0
2020-06-23T00:00:00,70.98571066738442,71.32950527165,70.19989175257724,70.36360168457031,5586784.0
2020-06-24T00:00:00,70.11803404477035,70.23263224171112,68.79196116499874,68.92292785644531,5394960.0
2020-06-25T00:00:00,68.7592237387153,69.64327239990234,68.34994264503247,69.64327239990234,5433273.0
2020-06-26T00:00:00,71.2967619560881,72.03346913949602,70.5927980080687,70.80562591552734,7522208.0
2020-06-29T00:00:00,70.8874775615362,71.10030545902741,69.67600913456566,70.42908477783203,5995906.0
2020-06-30T00:00:00,70.42909115136187,70.67465605979741,69.54504249267269,70.5273208618164,6737958.0
2020-07-01T00:00:00,70.54367319646909,71.05118388318196,70.00341928043933,70.39633178710938,5540347.0
2020-07-02T00:00:00,71.21490434828246,71.52595570523386,70.47819719220459,71.39498901367188,5830234.0
2020-07-03T00:00:00,70.88747197894247,71.72240876365943,70.8219855163896,71.34587097167969,3657341.0
2020-07-06T00:00:00,72.131691417671,75.29134148825273,72.11531667909617,75.20948028564453,10386984.0
2020-07-07T00:00:00,74.2599601430989,74.2599601430989,71.46047905515782,72.47549438476562,10770464.0
2020-07-08T00:00:00,70.9366103887539,72.1317105716132,70.80563742590843,71.7060546875,6649837.0
2020-07-09T00:00:00,71.73878649632427,71.9843576399594,69.90520902461829,69.97069549560547,6537552.0
2020-07-10T00:00:00,70.34721583018349,71.60780197988885,70.31447260283804,70.77286529541016,6100835.0
2020-07-13T00:00:00,70.98571752881682,71.95162120926014,70.57643641413974,71.86976623535156,4786090.0
2020-07-14T00:00:00,70.80561734475073,72.09894688294337,70.41270481278268,71.5586929321289,8087760.0
2020-07-15T00:00:00,72.04984112585647,72.99937626273353,71.88613118611472,72.32815551757812,7751183.0
2020-07-16T00:00:00,71.7224162952484,72.78654332037901,71.34587846372831,71.73878479003906,7132905.0
2020-07-17T00:00:00,75.56965561654731,81.25047879905074,75.30771598466684,79.94078063964844,24707710.0
2020-07-20T00:00:00,80.21908308492608,84.43467900627277,80.18633985261832,84.06632232666016,14879462.0
2020-07-21T00:00:00,85.45789066185198,85.94902670830126,84.51654292982957,85.25325012207031,9791852.0
2020-07-22T00:00:00,85.25323590247342,85.25323590247342,83.20683084598166,84.80302429199219,8098368.0
2020-07-23T00:00:00,85.53974834106344,86.03088440308585,84.84397173277057,85.45789337158203,5579281.0
2020-07-24T00:00:00,83.82077432006163,83.82077432006163,81.93807867685773,82.38829040527344,5987656.0
2020-07-27T00:00:00,82.34734294679743,83.49333109318141,81.93806191202692,83.4114761352539,4213165.0
2020-07-28T00:00:00,83.49333629041615,83.49333629041615,82.22456250559668,82.67477416992188,4761119.0
2020-07-29T00:00:00,82.63385199361855,83.00220873248946,81.62702397999952,82.75663757324219,4325547.0
2020-07-30T00:00:00,82.51105412560204,82.67476403157193,80.89029857791685,81.05400848388672,6921453.0
2020-07-31T00:00:00,82.674772544898,83.9026157015054,82.10178156986785,82.51106262207031,6332785.0
2020-08-03T00:00:00,82.96126397230356,84.72117365967114,82.18363250922933,83.98446655273438,5817858.0
2020-08-04T00:00:00,84.51653808260603,84.59839304479739,83.28869491433572,83.77983093261719,4602726.0
2020-08-05T00:00:00,83.82075630881556,84.02539682409824,82.67476817420592,82.8384780883789,3994929.0
2020-08-06T00:00:00,82.83848000293085,83.00219616602052,82.06084852493728,82.96126556396484,4206720.0
2020-08-07T00:00:00,82.67477308280571,83.49333519253646,82.30642263148019,83.12498474121094,3254978.0
2020-08-10T00:00:00,83.53426276707916,83.8616826029924,82.71570068702991,82.96126556396484,3340009.0
2020-08-11T00:00:00,83.04313624013409,83.90262908491127,82.92035690099527,83.57520294189453,5167398.0
2020-08-12T00:00:00,83.57518905849652,84.7621078491211,83.28869357287445,84.7621078491211,5634428.0
2020-08-13T00:00:00,84.7211695584259,85.00766501805106,83.9026075337068,84.27095794677734,4163205.0
2020-08-14T00:00:00,84.14818404652813,84.35282456585809,81.8971383338987,82.3064193725586,7338545.0
2020-08-17T00:00:00,82.30642073739217,83.77982875392055,82.30642073739217,83.002197265625,4524251.0
2020-08-18T00:00:00,82.67475909625696,82.96125453716805,81.89712772162228,82.14269256591797,5190345.0
2020-08-19T00:00:00,82.42920005491969,84.10725483930456,82.06084961207088,83.002197265625,5490182.0
2020-08-20T00:00:00,82.22455625280524,82.47012736833234,81.2504716501823,82.18363189697266,5372406.0
2020-08-21T00:00:00,82.14270553312183,82.14270553312183,81.0212794523634,81.75798034667969,6006212.0
2020-08-24T00:00:00,82.10178318362924,83.12498583424707,82.10178318362924,82.67477416992188,4508836.0
2020-08-25T00:00:00,83.0840508704092,84.10725346733543,82.92034095295422,83.49333190917969,5948530.0
2020-08-26T00:00:00,83.41147432189523,85.33509389447063,82.92033833987448,84.96674346923828,5337193.0
2020-08-27T00:00:00,85.3760384021006,85.82624385681537,84.68025554867386,85.45789337158203,6794458.0
2020-08-28T00:00:00,84.68024301608543,84.92581413331928,82.6338378562464,82.79755401611328,7606703.0
2020-08-31T00:00:00,82.79754380772978,83.57517517453869,82.06083679199219,82.06083679199219,5117658.0
2020-09-01T00:00:00,82.5519727207732,83.69796071801697,82.06083679199219,82.06083679199219,5351138.0
2020-09-02T00:00:00,82.30641063908,84.18909947006485,81.93805399629235,82.2654800415039,7235331.0
2020-09-03T00:00:00,83.08405047154923,83.94354314689433,79.1713247589084,79.48237609863281,10207134.0
2020-09-04T00:00:00,79.48237099598354,81.36506614247658,78.72929543543937,80.21907806396484,9567407.0
2020-09-07T00:00:00,80.67748311435251,80.95579749147242,79.5969813313972,80.54651641845703,4767977.0
2020-09-08T00:00:00,80.84118220921162,80.84118220921162,78.59831790649957,79.44962310791016,7565889.0
2020-09-09T00:00:00,78.99123503237354,80.33367624730275,78.71292694287649,80.21907806396484,6984857.0
2020-09-10T00:00:00,79.89165419352028,79.97350914884059,78.3200165688922,78.92575073242188,6528926.0
2020-09-11T00:00:00,79.31866285949252,79.38414932147028,78.35275940328525,78.66381072998047,4892370.0
2020-09-14T00:00:00,78.79479939421967,79.30230396309602,78.40188678899649,78.4837417602539,4734837.0
2020-09-15T00:00:00,78.51646978295935,79.48237324494683,77.95984734308296,78.97486877441406,6344434.0
2020-09-16T00:00:00,79.08947791860378,79.58061396415594,78.66382209936054,78.86027526855469,5589424.0
2020-09-17T00:00:00,78.3036501549986,79.44963205017669,78.00896731191483,79.40052032470703,5186297.0
2020-09-18T00:00:00,79.64609640109884,81.3159576223621,79.51512346484813,80.43191528320312,17810392.0
2020-09-21T00:00:00,80.21907650140908,80.21907650140908,77.37047797574564,77.45233917236328,7662629.0
2020-09-22T00:00:00,77.76339420110682,79.13857868520539,77.76339420110682,78.97486877441406,6108843.0
2020-09-23T00:00:00,79.48238675469278,79.98989755662073,78.94213896114843,79.15496063232422,5272803.0
2020-09-24T00:00:00,77.76340461703131,78.76205144396614,77.48509648238186,78.59833526611328,6757974.0
2020-09-25T00:00:00,78.41824299896572,78.97486541516582,77.46870807039336,78.15630340576172,7119672.0
2020-09-28T00:00:00,78.6638140250215,79.7115724800227,78.6638140250215,79.48237609863281,5301345.0
2020-09-29T00:00:00,79.48237936008525,80.61199906490641,79.10584154018927,80.30094146728516,7118024.0
2020-09-30T00:00:00,80.38280149233418,81.36507982992828,79.82617897457096,80.44828796386719,7206728.0
2020-10-01T00:00:00,81.06691243398676,81.24838190809777,78.87279696657518,79.30171966552734,5806121.0
2020-10-02T00:00:00,78.77381713664126,78.77381713664126,77.3550625645526,78.34489440917969,6261786.0
2020-10-05T00:00:00,78.54284736673527,79.43369401538958,78.44386230805485,78.82329559326172,4723001.0
2020-10-06T00:00:00,79.33472286187896,80.0770951992081,78.82330940879497,79.16975402832031,7057107.0
2020-10-07T00:00:00,79.10376611218449,79.48319947413417,78.11393420464995,78.44387817382812,5234547.0
2020-10-08T00:00:00,78.64183283010564,79.36771073593805,78.60884410089238,78.93878173828125,5058570.0
2020-10-09T00:00:00,79.4172101610164,79.53268960733018,78.92229734922054,79.2357406616211,4455805.0
2020-10-12T00:00:00,79.56567789745347,79.71415235773745,78.97178005631758,79.12025451660156,5501532.0
2020-10-13T00:00:00,79.12025822188052,79.26873268911768,78.5263603529318,78.65834045410156,6418001.0
2020-10-14T00:00:00,78.65833940114689,79.1202571627424,78.31190107995025,79.02127838134766,6875653.0
2020-10-15T00:00:00,78.69132876364796,78.88929260535019,77.05810976342266,78.54285430908203,8511389.0
2020-10-16T00:00:00,79.10377687733548,79.63168478259989,78.2294242960499,78.36140441894531,8500187.0
2020-10-19T00:00:00,79.53268718637521,80.70398227370832,79.3347233263144,80.3575439453125,10055882.0
2020-10-20T00:00:00,80.35754585598374,81.29788208007812,79.71415857561998,81.29788208007812,9976916.0
2020-10-21T00:00:00,87.0223917078089,89.3732323104783,85.70262209693816,89.08453369140625,25518332.0
2020-10-22T00:00:00,89.08453649118407,90.85797991144574,87.97098104367589,89.90939331054688,13887571.0
2020-10-23T00:00:00,89.90938509118482,90.11559927717377,88.01221206282341,89.4557113647461,10074754.0
2020-10-26T00:00:00,88.25966899808398,89.37322431092367,86.81616973876953,86.81616973876953,6957707.0
2020-10-27T00:00:00,87.43481489540873,87.88848862203471,85.33142768019013,85.37267303466797,9184951.0
2020-10-28T00:00:00,84.01166865624431,84.75404107759947,82.56816917317083,83.02184295654297,8662950.0
2020-10-29T00:00:00,83.02182551737926,84.25911052868697,82.81561134882797,83.06306457519531,7270632.0
2020-10-30T00:00:00,82.52692025950937,82.93934863403334,81.82578698829256,81.89177703857422,4097701.0
2020-11-02T00:00:00,82.37020242683484,83.64048268293519,81.42986615687816,82.85686492919922,6551618.0
2020-11-03T00:00:00,82.98058607709905,84.3416009451138,82.73313283310566,83.8054428100586,4891276.0
2020-11-04T00:00:00,83.31052893432057,85.37267073962555,83.18679916737081,85.0014877319336,6969584.0
2020-11-05T00:00:00,85.78511022370097,86.69245147705078,85.12522224317846,86.69245147705078,7125935.0
2020-11-06T00:00:00,86.44499750703942,86.85742591825019,85.78510953183896,86.48623657226562,6631397.0
2020-11-09T00:00:00,88.01221840201568,89.41447874363469,87.26985231351159,88.13594818115234,10624072.0
2020-11-10T00:00:00,87.84723941188389,87.92972382406172,82.22171691441724,82.33719635009766,14791945.0
2020-11-11T00:00:00,82.40319099411032,84.67154706790978,82.22172150130113,84.42408752441406,9212583.0
2020-11-12T00:00:00,84.42409036172415,86.0325648621884,83.88793219490273,85.24894714355469,9465304.0
2020-11-13T00:00:00,85.08397992736424,85.41392390502146,84.42409197204982,84.75403594970703,8408964.0
2020-11-16T00:00:00,85.4964049486678,87.06363406075876,85.29019075742313,85.99131774902344,8021115.0
2020-11-17T00:00:00,86.48623736585367,86.69245157335125,85.49641168712856,86.0325698852539,7896941.0
2020-11-18T00:00:00,85.62014108093696,86.321268124609,85.29019709180947,85.33143615722656,6634262.0
2020-11-19T00:00:00,85.66138595102265,86.40375840357531,85.33144193953719,86.07381439208984,6060220.0
2020-11-20T00:00:00,85.99132829689083,86.5687255859375,85.82635944092277,86.5687255859375,5364780.0
2020-11-23T00:00:00,86.56872431898614,86.93991367921954,85.49641418457031,85.49641418457031,4539485.0
2020-11-24T00:00:00,85.78510883666976,86.48623587141478,85.57889463273546,86.28002166748047,5218305.0
2020-11-25T00:00:00,86.1975319402681,86.69244474062376,85.74385820226678,85.99131774902344,4814691.0
2020-11-26T00:00:00,86.07381439208984,86.52748819452718,85.70263131239281,86.07381439208984,4110502.0
2020-11-27T00:00:00,85.78510464776383,87.55854797363281,85.74385929172776,87.55854797363281,5492956.0
2020-11-30T00:00:00,87.434823176682,87.434823176682,86.19753794304971,86.48623657226562,9310857.0
2020-12-01T00:00:00,87.39356228988983,87.76475156992012,86.73368072509766,86.73368072509766,4674431.0
2020-12-02T00:00:00,86.65121101045706,86.65121101045706,85.70262441372766,86.28002166748047,4611609.0
2020-12-03T00:00:00,85.908839404166,86.48623666320495,85.6613798399161,85.82635498046875,4783519.0
2020-12-04T00:00:00,85.8263526478581,86.36250453389768,85.66137751178918,86.11505126953125,3283790.0
2020-12-07T00:00:00,86.15627195340079,86.6099456143577,85.5376294847268,86.44497680664062,5269935.0
2020-12-08T00:00:00,86.44498888223941,87.55854422277507,85.5788867878464,87.434814453125,6264889.0
2020-12-09T00:00:00,87.84723366832281,87.84723366832281,86.6511940370497,87.02237701416016,5327522.0
2020-12-10T00:00:00,86.98114406976194,87.18735826271364,85.16646168905012,86.1975326538086,5804647.0
2020-12-11T00:00:00,81.66082198888282,82.93935252718403,79.10376720543826,82.52692413330078,22325133.0
2020-12-14T00:00:00,82.60940162029456,82.8568548599618,81.57833072212104,81.97425842285156,7828820.0
2020-12-15T00:00:00,81.67731023649132,82.9805853738806,81.52883577409055,82.93934631347656,7960411.0
2020-12-16T00:00:00,82.98059032780093,83.31053429651769,81.85878461005855,82.45268249511719,6285646.0
2020-12-17T00:00:00,83.55799384634471,84.05290665284099,82.32070868352514,82.45268249511719,6347370.0
2020-12-18T00:00:00,82.89811599472067,83.02184578468778,81.47936116183601,81.5783462524414,8694162.0
2020-12-21T00:00:00,80.85245436145277,81.01742948427734,79.3182266247077,80.06059265136719,6220758.0
2020-12-22T00:00:00,80.12658438911424,80.88545109062756,79.69766164704599,80.73697662353516,3463167.0
2020-12-23T00:00:00,81.46286307916338,81.56184187209749,80.07710333966172,80.86896514892578,3078219.0
2020-12-28T00:00:00,80.83597034557681,81.47935767407506,80.35755186786746,81.13291931152344,2731173.0
2020-12-29T00:00:00,81.24839650817893,82.33720725534394,81.198907112949,81.34738159179688,4296280.0
2020-12-30T00:00:00,81.24840176529376,81.99077420756774,80.53902435302734,80.53902435302734,5494404.0
2021-01-04T00:00:00,81.82577715603455,82.98057772457132,81.47933887342057,82.10623168945312,6765095.0
2021-01-05T00:00:00,82.02376639676297,82.60941399950731,81.6938224012731,82.56816864013672,3138185.0
2021-01-07T00:00:00,82.9805980599567,83.39302648599343,80.80297647393549,81.2813949584961,9749487.0
2021-01-08T00:00:00,81.74329614638489,82.37018898846698,80.96793514257615,82.04024505615234,6480023.0
2021-01-11T00:00:00,81.9742763150304,82.20524153288524,81.18241444757567,81.36388397216797,4508457.0
2021-01-12T00:00:00,81.36387743555413,81.3968724640255,80.3245560647599,81.00093841552734,7497360.0
2021-01-13T00:00:00,80.93494913197495,81.19890304858598,80.5060200842584,81.03392791748047,5069727.0
2021-01-14T00:00:00,81.5123380348647,81.69380751397233,80.25855863227301,81.4133529663086,8131581.0
2021-01-15T00:00:00,80.47302670031684,81.77630194343736,80.32455222587073,81.71031188964844,6783243.0
2021-01-18T00:00:00,82.07324375847404,83.22804442677247,81.99075934498643,82.23821258544922,5731920.0
2021-01-19T00:00:00,82.6094059238651,82.77437475890405,80.62149810791016,80.62149810791016,7252420.0
2021-01-20T00:00:00,81.28138416933518,81.94126578750729,81.18239909468848,81.611328125,5860566.0
2021-01-21T00:00:00,81.61133149058311,81.95776982639711,80.2420662207119,80.3740463256836,8391817.0
2021-01-22T00:00:00,80.42353665002628,80.83596504310333,79.92862383696537,80.2585678100586,7237942.0
2021-01-25T00:00:00,80.8854528773174,82.45268199943195,80.67099464812487,81.92477416992188,12148350.0
2021-01-26T00:00:00,83.26928297447245,84.01165527760675,82.33719715079995,82.46917724609375,11152763.0
2021-01-27T00:00:00,82.73312076094562,83.10430371935257,81.39685078299884,82.81560516357422,8819694.0
2021-01-28T00:00:00,84.63030973632068,86.56872203361631,80.9514490193994,81.00093841552734,22231871.0
2021-01-29T00:00:00,86.52747559256157,90.19808566620401,85.2901904495597,87.1461181640625,30881681.0
2021-02-01T00:00:00,88.83707286101465,88.96080263688616,86.73369184383034,88.42464447021484,14192621.0
2021-02-02T00:00:00,89.20826454279289,90.65176394868547,88.09470911687878,88.13594818115234,10378572.0
2021-02-03T00:00:00,89.24950656803904,90.69300602182166,88.05346668073958,90.56928253173828,8808239.0
2021-02-04T00:00:00,91.02295335591745,92.34272307493215,90.89922356813142,92.26023864746094,9573125.0
2021-02-05T00:00:00,92.34272389032559,92.46645367920416,91.18792930921481,91.80657196044922,6902399.0
2021-02-08T00:00:00,91.60035927869973,92.26024100851505,90.5692881760271,91.97154235839844,5323944.0
2021-02-09T00:00:00,91.97153573183823,93.99243243020729,91.88905130819914,93.53876495361328,6876022.0
2021-02-10T00:00:00,93.62125172682111,93.99243478909146,92.67266509827013,93.25006866455078,7345127.0
2021-02-11T00:00:00,93.41504888717527,94.11617603078716,93.12635021547145,93.7862319946289,4404901.0
2021-02-12T00:00:00,93.78621214045613,93.82745749617908,92.59017234238331,93.70372772216797,4190852.0
2021-02-15T00:00:00,93.78621554281384,93.95119067853284,92.30147708029051,92.46644592285156,4650226.0
2021-02-16T00:00:00,92.46644685188454,92.59017663162746,91.4766212002573,91.76531982421875,4936430.0
2021-02-17T00:00:00,91.06418698044465,91.27040116912629,89.74441743151367,90.3630599975586,7054909.0
2021-02-18T00:00:00,90.03312433313023,90.61052159738,89.41448171008055,90.56928253173828,5850539.0
2021-02-19T00:00:00,89.16702828578148,89.82691631308684,88.17720253798207,88.54838562011719,8770220.0
2021-02-22T00:00:00,87.47606440351842,88.01221627824313,87.0636360117869,87.51730346679688,6200601.0
2021-02-23T00:00:00,87.14613085612795,87.47607486761342,85.04274328942188,86.07381439208984,5886405.0
2021-02-24T00:00:00,86.11505070790831,86.93990750339945,85.33143297629695,85.661376953125,32333646.0
2021-02-25T00:00:00,86.6099614232231,88.0947061363129,86.36250187332222,87.55854797363281,8381992.0
2021-02-26T00:00:00,86.7336966817695,87.51730815073525,85.78511007138695,86.93991088867188,6391238.0
2021-03-01T00:00:00,88.8370619364128,89.29073562776587,87.51729250678162,89.00203704833984,6990010.0
2021-03-02T00:00:00,89.00204480900294,89.57944201820199,88.58961643295858,88.75458526611328,6320311.0
2021-03-03T00:00:00,88.75459187520183,88.9608060785797,86.65121077664244,87.18736267089844,6125628.0
2021-03-04T00:00:00,87.22860230665223,87.26984766188534,85.20770576338292,85.53764343261719,7318047.0
2021-03-05T00:00:00,85.33142637996309,85.702615685135,84.05290222167969,84.05290222167969,8122877.0
2021-03-08T00:00:00,84.91901349847001,86.52748819452718,84.30037083686923,86.07381439208984,7835992.0
2021-03-09T00:00:00,85.9088263333016,87.39356461342656,85.41391357325996,87.10486602783203,6804340.0
2021-03-10T00:00:00,87.26984224760982,89.16700890063605,86.85741389349666,88.9195556640625,8745611.0
2021-03-11T00:00:00,89.95063625239783,93.45627764051632,89.20826387628232,93.37378692626953,13901802.0
2021-03-12T00:00:00,93.58000112557062,93.62124648269402,92.30147686579863,93.37378692626953,10507853.0
2021-03-15T00:00:00,96.05457008372565,96.9619175816361,94.94101468274937,95.4771728515625,9921693.0
2021-03-16T00:00:00,95.80710135609093,97.04438633367327,95.47715743677094,96.6319580078125,9493313.0
2021-03-17T00:00:00,96.1370625823545,96.59073004657813,93.90994544587846,94.73480224609375,11216576.0
2021-03-18T00:00:00,94.85852123599766,95.64213258981475,94.32236311820623,95.06473541259766,6576257.0
2021-03-19T00:00:00,94.0336685180664,94.52858130426684,93.62124014737313,94.0336685180664,9808507.0
2021-03-22T00:00:00,93.62124014737313,94.61106571977399,93.291296192187,94.0336685180664,6019745.0
2021-03-23T00:00:00,94.03367397179574,97.3743464854253,94.03367397179574,96.59072875976562,10371260.0
2021-03-24T00:00:00,95.68338653346527,96.05456956740956,93.82745877742823,94.36361694335938,7950378.0
2021-03-25T00:00:00,94.363614624985,94.81728206719788,93.66248763745045,94.65231323242188,4534750.0
2021-03-26T00:00:00,94.85851813240802,96.05455780029297,94.40484444146848,96.05455780029297,6372317.0
2021-03-29T00:00:00,96.05456903676492,96.63197255579242,95.31220297297747,96.4257583618164,6049530.0
2021-03-30T00:00:00,96.42575243829373,96.42575243829373,95.3534361782287,95.68338012695312,7407473.0
2021-03-31T00:00:00,96.43220785812429,96.59861119746829,95.76658180498728,96.14099884033203,8067314.0
2021-04-01T00:00:00,96.93142561957177,97.73017308610756,96.51541091734185,96.76502227783203,3108479.0
2021-04-06T00:00:00,97.09783323725026,97.79674126867253,96.28244793978526,97.46392822265625,7739673.0
2021-04-07T00:00:00,97.51383788461817,97.76344923031574,96.94805766919986,97.5970458984375,5474428.0
2021-04-08T00:00:00,98.02971100127402,100.37603383121241,97.69689794675405,99.42752075195312,7009855.0
2021-04-09T00:00:00,99.69376121452362,99.8435267585767,98.89501376220066,99.72704315185547,4360549.0
2021-04-12T00:00:00,99.42751533081575,99.6771266950663,98.71196952437022,98.92829895019531,3874788.0
2021-04-13T00:00:00,98.92830691620857,99.59392669467334,98.7951791517869,99.49408721923828,5594740.0
2021-04-14T00:00:00,99.31102913538966,99.31102913538966,97.03127036956973,97.0645523071289,8234105.0
2021-04-15T00:00:00,97.01462594784681,97.91321921571907,96.51540958165573,97.58040618896484,5936479.0
2021-04-16T00:00:00,97.18103596993448,98.96157836914062,96.94806240688763,98.96157836914062,7405229.0
2021-04-19T00:00:00,98.67868501752613,98.82845056260221,96.96470649445135,97.0645523071289,6913899.0
2021-04-20T00:00:00,96.56533867928756,97.18104506025524,95.9829205868923,96.41557312011719,7936885.0
2021-04-21T00:00:00,95.68338689197884,101.34118969952648,94.45198051108402,100.3427505493164,15158159.0
2021-04-22T00:00:00,100.35938726539966,101.09157084305892,98.029702435214,99.72704315185547,9353012.0
2021-04-23T00:00:00,99.37760777601252,99.69377670798035,98.61213579417858,99.01151275634766,5679011.0
2021-04-26T00:00:00,99.14463650699899,99.36095960268435,98.34588261504267,98.67869567871094,3905252.0
2021-04-27T00:00:00,98.56221425579997,98.87838318199834,97.530499448522,98.07963562011719,5630096.0
2021-04-28T00:00:00,100.6755621958587,100.6755621958587,97.46392805103638,98.17947387695312,5413878.0
2021-04-29T00:00:00,98.6454055682624,99.24446776367787,96.73174171944153,96.93142700195312,6648359.0
2021-04-30T00:00:00,97.09784539123756,97.76347156658828,96.46550750732422,96.46550750732422,3334660.0
2021-05-03T00:00:00,98.06298504238246,98.07962283722179,96.36564431414702,97.0645523071289,4245622.0
2021-05-04T00:00:00,97.24760475116551,97.41401445831384,94.38542761490798,94.6350326538086,7087047.0
2021-05-05T00:00:00,95.50032898288035,96.73173522949219,95.31728150790883,96.73173522949219,4723197.0
2021-05-06T00:00:00,96.3822858361367,96.86486442758569,95.5835383474698,96.01619720458984,5386109.0
2021-05-07T00:00:00,97.26424763019172,98.56221158965297,94.96784448447619,96.83158874511719,10384573.0
2021-05-10T00:00:00,96.13268043890632,96.71509849672488,95.06768379153482,95.4504165649414,7337651.0
2021-05-11T00:00:00,95.01776120452867,95.01776120452867,91.32355474156108,91.93925476074219,8743246.0
2021-05-12T00:00:00,91.9392520080638,93.00424866272253,91.52323729309518,92.5882339477539,3509874.0
2021-05-14T00:00:00,91.68962928271569,92.10564394615429,90.7910424340771,91.73955535888672,7968708.0
2021-05-17T00:00:00,92.27205362025772,92.57158468576392,91.3568226302688,91.73955535888672,3685758.0
2021-05-18T00:00:00,91.78950241439348,93.20395015203664,91.78950241439348,93.00426483154297,7256883.0
2021-05-19T00:00:00,92.35527079914152,93.23722000247805,91.82277244831029,93.0208969116211,8032000.0
2021-05-20T00:00:00,93.10409452563569,94.76815338633381,92.65479787150151,94.5851058959961,6565691.0
2021-05-21T00:00:00,94.81807413168204,94.95120188893993,93.71979552582783,94.18572998046875,5031004.0
2021-05-24T00:00:00,93.35371004889868,94.00269840980613,92.60488855564196,93.12074279785156,6435898.0
2021-05-25T00:00:00,92.38856619362657,93.7031744658788,91.82278581999157,92.08903503417969,8593989.0
2021-05-26T00:00:00,92.35526088367808,93.05416251365307,91.50659371186842,91.52323150634766,7374801.0
2021-05-27T00:00:00,91.5398650622749,91.95587973167747,90.97408485797219,91.80611419677734,14310369.0
2021-05-28T00:00:00,91.82276779498103,93.35369888906712,91.57315642848056,92.63815307617188,7792519.0
2021-05-31T00:00:00,92.72136612489041,92.8045678022754,91.48995971679688,91.48995971679688,5705118.0
2021-06-01T00:00:00,92.07237265255112,92.25541378078012,90.29182396995726,90.64128112792969,9941525.0
2021-06-02T00:00:00,90.60801049056914,91.1737907836972,89.82590075798242,90.4083251953125,10147295.0
2021-06-03T00:00:00,90.89091414941302,91.83942741086635,89.55966802350328,90.57474517822266,10867298.0
2021-06-04T00:00:00,90.77440052770731,91.02401187106823,90.00893505162476,90.52479553222656,7809867.0
2021-06-07T00:00:00,90.55808549879531,91.29027550337499,90.10879516601562,90.10879516601562,5310450.0
2021-06-08T00:00:00,90.09215034887924,90.39168146708315,89.7094175529256,90.05886840820312,813902.0
2021-06-09T00:00:00,90.2751820337537,90.69119669750371,89.89244930484928,90.2086181640625,4456739.0
2021-06-10T00:00:00,90.20863355217477,90.50816466900028,89.69277934377169,90.4083251953125,5247192.0
2021-06-11T00:00:00,90.69120455252043,91.756201168302,90.1919881823579,91.39010620117188,5748258.0
2021-06-14T00:00:00,91.39010021550064,91.82275902974989,90.67456081879021,91.0406494140625,4629760.0
2021-06-15T00:00:00,91.32354294394925,91.77283955327079,90.27518418886565,90.52479553222656,5549992.0
2021-06-16T00:00:00,90.25855385101109,91.58979964718634,89.99230469177604,91.24034881591797,5629093.0
2021-06-17T00:00:00,90.94081771829345,91.68963911447406,90.42495719507774,91.24034881591797,5778170.0
2021-06-18T00:00:00,90.90753554605007,91.98916997546223,89.84253891184952,89.95902252197266,8440003.0
2021-06-21T00:00:00,89.74268377198408,91.72291128619736,89.49307243458207,90.2086181640625,5716265.0
2021-06-22T00:00:00,90.27519407228792,91.34019073784845,89.8591793530608,91.10722351074219,5443135.0
2021-06-23T00:00:00,90.80768587683846,90.92416948201749,88.19511413574219,88.19511413574219,8744785.0
2021-06-24T00:00:00,87.52948901793775,89.07706418637834,87.27988401043858,88.61112976074219,7137858.0
2021-06-28T00:00:00,90.19199992102011,90.62465247203671,89.35997041316546,89.92575073242188,6326446.0
2021-06-29T00:00:00,89.92573528903077,91.32354487608907,89.84253362211021,90.54143524169922,5495858.0
2021-06-30T00:00:00,90.02559379635458,90.7577838550732,89.49309539794922,89.49309539794922,5977902.0
2021-07-01T00:00:00,91.07392726315163,91.07392726315163,89.60955390412806,90.70783233642578,5455638.0
2021-07-02T00:00:00,91.4400399799421,92.22214336481831,90.94082356775108,91.48995971679688,5330737.0
2021-07-05T00:00:00,91.35684481352271,91.78949737548828,90.5580908796329,91.78949737548828,3324080.0
2021-07-06T00:00:00,91.65635697806127,93.33705348547309,91.50659143994496,92.73799133300781,5391101.0
2021-07-07T00:00:00,92.90441945038448,94.3521490408974,92.90441945038448,93.83628845214844,5714064.0
2021-07-08T00:00:00,93.83629043487365,93.83629043487365,92.10566746948534,92.77129364013672,4428561.0
2021-07-09T00:00:00,92.4551123780675,93.5866729086324,92.4551123780675,93.30377960205078,4428429.0
2021-07-12T00:00:00,93.3037816504234,93.81964219264391,93.00425054176385,93.52011108398438,3472271.0
2021-07-13T00:00:00,94.7515002819317,96.64853253593841,94.03595453167272,96.21587371826172,8445678.0
2021-07-14T00:00:00,96.21589260437659,96.23253674948978,95.23409752278576,95.8830795288086,5051063.0
2021-07-15T00:00:00,95.35057897959473,95.7832378723626,94.71823478517776,95.40050506591797,5038404.0
2021-07-16T00:00:00,92.35525148348528,93.18728077612928,85.51596968229074,86.39791870117188,30621580.0
2021-07-19T00:00:00,86.0651235847217,86.84722690795599,84.55083032329289,84.73387145996094,10850003.0
2021-07-20T00:00:00,84.733877366942,86.29809681821683,84.00169372558594,84.00169372558594,8163345.0
2021-07-21T00:00:00,84.00168337360006,86.11503870848136,83.85191783497444,85.46605682373047,8533502.0
2021-07-22T00:00:00,85.46606377231565,85.54926544545431,83.70215910152456,84.4343490600586,8382151.0
2021-07-23T00:00:00,84.70060355975235,85.46606915746865,84.38442829487042,84.83372497558594,5170280.0
2021-07-26T00:00:00,84.56746292328155,84.58410706515292,83.6522319046421,83.71879577636719,6148952.0
2021-07-27T00:00:00,83.71879594412776,84.06824674956451,81.76352188253604,81.83008575439453,8792604.0
2021-07-28T00:00:00,82.26275570663475,83.20294671932595,82.02146639940298,82.77029418945312,8160772.0
2021-07-29T00:00:00,83.1863003161658,83.55238892729429,82.12961944734661,82.3542709350586,8543341.0
2021-07-30T00:00:00,81.9715409535645,82.46244164393195,81.53888842032029,82.26275634765625,7174732.0
2021-08-02T00:00:00,82.98660588315147,84.06824658110368,82.5539534126987,83.71879577636719,7493233.0
2021-08-03T00:00:00,83.65224361289144,83.7021633497321,82.67044858511156,83.13638305664062,6786306.0
2021-08-04T00:00:00,83.43591539614467,83.6023251011873,82.77029561961764,83.03654479980469,5920061.0
2021-08-05T00:00:00,83.06981061990155,83.36934170585776,82.69539993639648,82.7203598022461,4482352.0
2021-08-06T00:00:00,82.72036087730599,83.43590666440303,82.47907159115647,83.33606719970703,5334953.0
2021-08-09T00:00:00,83.20294234251772,83.98505203185921,82.62884000903252,83.86856842041016,4381888.0
2021-08-10T00:00:00,84.03497818909378,84.66732237663626,83.78536680383506,83.96841430664062,3968070.0
2021-08-11T00:00:00,83.95177009317652,84.45098647765548,83.63559484963129,83.86856842041016,4022927.0
2021-08-12T00:00:00,83.75208282470703,83.8186403526148,83.21957816628074,83.75208282470703,4445762.0
2021-08-13T00:00:00,83.83527477180459,84.0682419621624,83.25285044803026,83.5357437133789,4302212.0
2021-08-16T00:00:00,83.61895381093059,83.98504877435991,82.27106391202489,82.41251373291016,5139210.0
2021-08-17T00:00:00,82.27106061949948,83.20293578553435,81.82176400451196,83.11141204833984,5357549.0
2021-08-18T00:00:00,82.8701218247449,83.40262009984988,82.68707435245003,82.69539642333984,3452288.0
2021-08-19T00:00:00,82.3709214079033,82.52900904596778,81.35584439105398,82.2877197265625,5394556.0
2021-08-20T00:00:00,82.47906696913618,83.17797492224484,82.24609976739336,83.05316925048828,3985973.0
2021-08-23T00:00:00,83.38598129546409,83.45254516601562,82.52899209272341,83.45254516601562,4690575.0
2021-08-24T00:00:00,84.03498298802508,84.65068306617405,83.23623539661736,84.61740112304688,7609275.0
2021-08-25T00:00:00,84.83371780551701,87.16340269057291,84.60075058658755,85.49934387207031,8008450.0
2021-08-26T00:00:00,85.01676993762496,87.18004525033145,84.78380270596315,86.86387634277344,7730851.0
2021-08-27T00:00:00,86.49777547566805,86.89715237987399,85.4826985941968,85.69902801513672,5299184.0
2021-08-30T00:00:00,85.4327844933634,86.16496812681261,85.4327844933634,85.58255004882812,2504976.0
2021-08-31T00:00:00,85.86544441880727,86.1649755555609,84.90029347095339,85.11662292480469,6050632.0
2021-09-01T00:00:00,85.24973137836024,86.13168050913599,85.21644944068636,85.69902801513672,4975796.0
2021-09-02T00:00:00,85.86543379408768,86.93043678625465,85.54926489902793,86.48114013671875,4278215.0
2021-09-03T00:00:00,86.48114276815299,86.84723140834024,85.6324691772461,85.6324691772461,4458407.0
2021-09-06T00:00:00,86.16497835018171,86.46450949665015,85.46607657367649,85.54927825927734,3483308.0
2021-09-07T00:00:00,85.41615706599826,86.06513910249804,85.01678008698518,86.01521301269531,3502998.0
2021-09-08T00:00:00,85.48270695399242,85.53263303932603,84.65067747441874,84.83372497558594,5370716.0
2021-09-09T00:00:00,84.03497529028739,86.1816128162436,83.80200805761883,85.43278503417969,5257558.0
2021-09-10T00:00:00,85.14988769035932,85.84879570319168,85.08333016123109,85.09996795654297,4612487.0
2021-09-13T00:00:00,85.1665426649698,85.98192804444685,84.83372958547892,85.11662292480469,5264493.0
2021-09-14T00:00:00,84.98350100385557,85.09998463751351,83.7687385757927,84.08490753173828,5419398.0
2021-09-15T00:00:00,84.08488911245323,84.4343462847584,82.94501289737096,83.1863021850586,5258312.0
2021-09-16T00:00:00,83.12806564375695,83.76872552909505,83.05317969213611,83.48583221435547,4251983.0
2021-09-17T00:00:00,83.75209809351054,83.88521952147597,81.78850783493685,81.9133071899414,7610807.0
2021-09-20T00:00:00,81.0396719996313,81.21439742734462,79.55866055225842,80.1660385131836,5704575.0
2021-09-21T00:00:00,79.70841516025712,80.58204217879577,79.5253676855499,79.88314056396484,5673996.0
2021-09-22T00:00:00,80.37404853302354,81.1228763535557,80.18268530259279,80.33245086669922,4151905.0
2021-09-23T00:00:00,81.12287204290449,82.41252024017486,80.70685731447934,82.15458679199219,5195271.0
2021-09-24T00:00:00,82.15458289866034,84.25130058537233,81.70528625150777,83.91848754882812,7727467.0
2021-09-27T00:00:00,84.36778283874425,86.14832525554911,84.23465508711594,84.73387145996094,8817732.0
2021-09-28T00:00:00,84.36778187147559,86.66418477769123,83.33606719970703,83.33606719970703,8684187.0
2021-09-29T00:00:00,83.70215641567484,84.10153332095818,82.03809761477521,82.37091064453125,7363865.0
2021-09-30T00:00:00,82.58945310349193,83.71574622684882,82.57263912133884,83.29548645019531,6884212.0
2021-10-01T00:00:00,82.52220679746729,83.28707622671102,82.20281168816238,82.43815612792969,5259425.0
2021-10-04T00:00:00,82.10194761111678,83.54764222282884,81.6144447466734,82.48017883300781,5382900.0
2021-10-05T00:00:00,82.6398835539473,83.88385533441998,82.05152242223039,83.83341979980469,6145820.0
2021-10-06T00:00:00,83.02651718524713,84.65712710660094,82.85000885551116,83.90906524658203,6995987.0
2021-10-07T00:00:00,84.43859683872476,86.50627425073387,84.42178926857346,86.35498046875,5989318.0
2021-10-08T00:00:00,86.48945954562478,86.9769624043179,85.51445382823854,86.11962890625,5458664.0
2021-10-11T00:00:00,86.30455010145992,88.17050458147581,85.81704720957812,88.03601837158203,6467305.0
2021-10-12T00:00:00,87.22911633030195,89.31360759900541,87.22911633030195,88.13687896728516,5324109.0
2021-10-13T00:00:00,88.13689376057971,89.34724414637466,87.61576925277217,88.87654876708984,5209389.0
2021-10-14T00:00:00,89.43128890194387,89.4649104562819,87.98559412868784,88.65801239013672,6934385.0
2021-10-15T00:00:00,88.84290552388514,89.26316525940523,88.37221667215213,88.91014862060547,5494004.0
2021-10-18T00:00:00,88.6747996709159,89.2631607055664,88.28816150348067,89.2631607055664,6597432.0
2021-10-19T00:00:00,89.53214579551789,89.96921958263292,85.22868950795885,85.93472290039062,21475286.0
2021-10-20T00:00:00,85.8002307408809,86.48945646346476,83.95108402255866,85.76660919189453,11027999.0
2021-10-21T00:00:00,86.13644883479743,86.87610375196006,86.05239174720505,86.2877426147461,6535525.0
2021-10-22T00:00:00,84.7243731036421,84.94290356926872,82.94246935121924,83.77458190917969,8851786.0
2021-10-25T00:00:00,82.83320432076707,83.1189778900486,80.21918800399774,80.81595611572266,13604885.0
2021-10-26T00:00:00,79.99224772460525,81.17738342285156,79.60560948328776,81.17738342285156,6128418.0
2021-10-27T00:00:00,80.77392141453807,80.92521517869746,79.8913798008206,80.1435317993164,8039801.0
2021-10-28T00:00:00,80.0930999789755,80.42090205481495,79.31141662597656,79.31141662597656,6684693.0
2021-10-29T00:00:00,79.08447088085443,79.33662927743578,78.10106467696507,79.00882720947266,6550451.0
2021-11-01T00:00:00,78.70624354334501,79.14331726374931,78.0338253947175,78.38684844970703,6648978.0
2021-11-02T00:00:00,77.89935637146218,77.91616394180458,77.17650900628247,77.26896667480469,7885206.0
2021-11-03T00:00:00,77.26895433190585,78.8239140527415,76.48727097640997,78.60537719726562,6927243.0
2021-11-04T00:00:00,78.67262269268191,79.42909151343606,78.26917693004954,78.65581512451172,7853274.0
2021-11-05T00:00:00,78.65581386235641,79.84934997558594,78.50452010063333,79.84934997558594,3767453.0
2021-11-08T00:00:00,79.86615182760241,80.6730561074799,79.8325366942072,80.15193176269531,5816476.0
2021-11-09T00:00:00,80.1015162786383,80.80754962783978,80.1015162786383,80.59741973876953,4429838.0
2021-11-10T00:00:00,80.6058291855549,81.10173266079396,80.03427561336508,80.90841674804688,4822233.0
2021-11-11T00:00:00,80.67306585951991,81.77414437195996,80.47133655883769,80.9588394165039,4045660.0
2021-11-12T00:00:00,81.15215705235623,81.64806045949697,80.72349032891528,81.06809997558594,7119545.0
2021-11-15T00:00:00,80.81595175063296,80.9252169778115,79.61400860104943,80.2023696899414,8430945.0
2021-11-16T00:00:00,80.36208184237373,81.63966885053667,80.36208184237373,81.05130767822266,7964249.0
2021-11-17T00:00:00,81.11013841379875,82.5894546508789,81.09333084398602,82.5894546508789,6441720.0
2021-11-18T00:00:00,82.07674689338486,82.11876902920687,80.94204662369232,81.421142578125,8382465.0
2021-11-19T00:00:00,81.9086276622404,82.86681943716154,81.79936242918984,82.54742431640625,6926006.0
2021-11-22T00:00:00,80.9000002880259,81.11013015890389,77.84050988105476,77.924560546875,19186251.0
2021-11-23T00:00:00,77.32779405069394,78.68103095959347,76.90753430041843,77.49589538574219,11907907.0
2021-11-24T00:00:00,78.16832785152798,80.79075148155476,78.16832785152798,80.65626525878906,11907889.0
2021-11-25T00:00:00,80.656254570898,80.656254570898,80.04267889563953,80.3200454711914,4633817.0
2021-11-26T00:00:00,78.64740193060332,78.70623803354033,77.82369007683103,77.96658325195312,9717248.0
2021-11-29T00:00:00,78.16831060792417,79.4458973790878,77.54632799647969,78.85753631591797,6526193.0
2021-11-30T00:00:00,78.66422148388811,78.74827856888139,76.5124934912896,76.62176513671875,5968808.0
2021-12-01T00:00:00,76.89073184945175,79.02564587980463,76.62176584788054,78.88275909423828,8543278.0
2021-12-02T00:00:00,77.88253282870825,78.6474021692098,77.40343060135507,78.47089385986328,6811036.0
2021-12-03T00:00:00,78.93318379605591,79.0676635720589,76.98317253644991,77.07563018798828,6853379.0
2021-12-06T00:00:00,77.77326671288448,79.50473479530112,77.6976230375112,79.1349105834961,8909327.0
2021-12-07T00:00:00,79.60560172141606,80.52177131843057,79.45430795368225,80.42931365966797,8416751.0
2021-12-08T00:00:00,80.42931175491405,80.72349229280323,78.17671927347655,78.65581512451172,9494561.0
2021-12-09T00:00:00,78.75668232944939,79.41229299054874,78.3112079766686,79.19375610351562,8014293.0
2021-12-10T00:00:00,78.8491361213123,80.32004531866208,78.52133401320104,79.7989273071289,5362489.0
2021-12-13T00:00:00,79.76530736441808,80.35366849016017,79.14332468682566,79.3702621459961,6086452.0
2021-12-14T00:00:00,79.48794271617845,80.48816314760339,79.48794271617845,79.88298797607422,6116982.0
2021-12-15T00:00:00,80.03427073079362,80.47133806514303,79.65603309442565,80.26961517333984,5989794.0
2021-12-16T00:00:00,81.53039890293476,81.8834155859514,81.02608843967451,81.16056823730469,10121807.0
2021-12-17T00:00:00,80.7571178891147,81.49677276611328,79.72327604682835,81.49677276611328,13725177.0
2021-12-20T00:00:00,80.68988095824497,81.15216929963049,79.87457592670448,80.71509552001953,5710823.0
2021-12-21T00:00:00,81.00926018356043,81.91702270507812,80.64783657291845,81.91702270507812,4917057.0
2021-12-22T00:00:00,81.90863735727534,82.18601038091381,81.06811770696915,81.6396713256836,4462309.0
2021-12-23T00:00:00,82.35411084899924,83.1526018808554,82.11875998117168,82.87522888183594,5284913.0
2021-12-27T00:00:00,82.57263108115767,83.6737159493817,82.57263108115767,83.5140151977539,3904428.0
2021-12-28T00:00:00,83.41316341958105,83.91747389772178,83.28708419688196,83.44678497314453,3845731.0
2021-12-29T00:00:00,83.42156111456953,83.87544241811197,83.25345977814118,83.61488342285156,3693569.0
2021-12-30T00:00:00,83.63169868517376,84.04355148617026,83.37954024467886,83.87545013427734,6371276.0
2022-01-03T00:00:00,83.5392365559122,84.62350753187927,83.47199345368435,84.45540618896484,4623187.0
2022-01-04T00:00:00,84.77479602961674,85.6657446343945,84.47220850107811,84.5394515991211,5439433.0
2022-01-05T00:00:00,84.70755752058776,84.70755752058776,84.18643951416016,84.18643951416016,3615004.0
2022-01-07T00:00:00,81.61444028742582,85.29591971671961,81.53879661224266,84.2704849243164,9716669.0
2022-01-10T00:00:00,84.62350601816755,85.1446304321289,83.98470938373991,85.1446304321289,7679844.0
2022-01-11T00:00:00,85.73299476622059,87.43084144884604,85.54807943775879,85.98515319824219,7499270.0
2022-01-12T00:00:00,86.35497994523078,87.07782729780975,85.83386190917767,86.59032440185547,5722244.0
2022-01-13T00:00:00,86.27093387144224,86.79205834794809,86.1028325113595,86.23731231689453,7280544.0
2022-01-14T00:00:00,85.49764627199755,86.80885466611112,85.49764627199755,86.10282135009766,5739066.0
2022-01-17T00:00:00,86.48946772357075,86.67438306074267,85.69937725116549,85.9011001586914,3469611.0
2022-01-18T00:00:00,85.93470829920206,87.88471320134033,85.32953325842558,87.41402435302734,6509102.0
2022-01-19T00:00:00,86.89290451869891,87.66618734047951,86.57350941388307,87.0610122680664,6122955.0
2022-01-20T00:00:00,87.31317339624933,88.48990211415517,87.26274427249734,88.08645629882812,6284465.0
2022-01-21T00:00:00,87.44765437245357,87.66619125004974,85.95153060596375,86.47264862060547,6336859.0
2022-01-24T00:00:00,85.64895426292878,86.67438926968079,84.08558718913574,84.35455322265625,8593607.0
2022-01-25T00:00:00,88.77568109479147,91.9864656608891,88.42265799460425,90.79292297363281,21661808.0
2022-01-26T00:00:00,91.95284182431747,93.23042874336625,91.213180501966,92.92784118652344,12685132.0
2022-01-27T00:00:00,92.25542802653635,96.02095203671439,91.88559737079098,95.80242156982422,8910326.0
2022-01-28T00:00:00,96.23948563487305,96.5420731769558,94.10456527135813,94.99551391601562,8563070.0
2022-01-31T00:00:00,96.138615130884,96.97913460491303,95.80241247139614,96.49163818359375,7846958.0
2022-02-01T00:00:00,96.65975595898695,96.97915110490405,95.18043963746231,96.55889129638672,7258692.0
2022-02-02T00:00:00,96.97915392509647,97.46665685619074,95.36535775249745,95.88648223876953,6964067.0
2022-02-03T00:00:00,96.32354565900991,97.41622371293784,95.92009983882363,96.50846099853516,6796529.0
2022-02-04T00:00:00,96.28992742500999,96.72700122671245,95.02914797131245,95.61751556396484,6373156.0
2022-02-07T00:00:00,96.0713949256106,97.09682347318683,95.06276753617412,97.04639434814453,5644101.0
2022-02-08T00:00:00,97.04639434814453,97.88691396634705,96.15544560489971,97.04639434814453,8621036.0
2022-02-09T00:00:00,97.2985365085332,97.78603293185355,96.87827676979362,97.5170669555664,4804445.0
2022-02-10T00:00:00,97.5170671702758,98.49207284437263,97.3321582714532,98.00457000732422,4980594.0
2022-02-11T00:00:00,97.6683656695831,98.60974984064151,97.5170718994604,98.15586853027344,4138021.0
2022-02-14T00:00:00,96.57570476187698,97.04639369284223,94.86104398280332,96.77742767333984,7318155.0
2022-02-15T00:00:00,96.2899121495475,97.68517760170225,95.95370947868818,97.33216094970703,6671339.0
2022-02-16T00:00:00,95.97052354628941,95.97052354628941,82.74074747722275,83.30389404296875,50463610.0
2022-02-17T00:00:00,83.30389319467432,84.28729953009518,80.55539067240954,82.54742431640625,31566847.0
2022-02-18T00:00:00,80.9924722577885,82.19441558813274,78.98363085019061,79.11811065673828,16109923.0
2022-02-21T00:00:00,79.31983523171291,80.51337149866143,78.5297447728838,78.96681213378906,8396124.0
2022-02-22T00:00:00,76.95795772773056,79.73167443950784,76.90752861347605,79.00882720947266,9402116.0
2022-02-23T00:00:00,79.40388449120725,80.34526230180035,78.10107659777596,78.16831970214844,7155570.0
2022-02-24T00:00:00,75.38618310481826,78.12627158874474,74.05816098307007,77.78166198730469,10481541.0
2022-02-25T00:00:00,78.50453401437906,80.17716626740479,76.92435302017363,80.04268646240234,9926413.0
2022-02-28T00:00:00,75.95775235935336,76.14266126962664,73.01593399952388,73.88166809082031,22213380.0
2022-03-01T00:00:00,70.60363868105604,73.12519720537946,70.35148026356171,71.6038589477539,21960568.0
2022-03-02T00:00:00,64.71159184337448,65.7706481652853,60.9880903552745,64.65275573730469,46644825.0
2022-03-03T00:00:00,65.56051659291326,67.79630139069444,64.88809847305237,66.04801940917969,19985767.0
2022-03-04T00:00:00,66.19092526643173,68.67045577484188,66.10687458037069,67.66183471679688,16260221.0
2022-03-07T00:00:00,65.77064908370811,67.01462073139615,63.879480260214905,65.42603302001953,16492259.0
2022-03-08T00:00:00,64.72000984200598,67.42648400687841,64.3333715916893,66.22454071044922,10033756.0
2022-03-09T00:00:00,68.35944783959081,70.74651997968431,67.82151590907243,68.48552703857422,14829612.0
2022-03-10T00:00:00,68.56958703458784,69.89760947437249,67.73746805561532,68.30062103271484,11853393.0
2022-03-11T00:00:00,68.5275668676996,71.31809188296039,68.37627307236261,69.09071350097656,14516486.0
2022-03-14T00:00:00,70.12454233700888,70.95665484878539,69.39328806141444,70.36829376220703,9221886.0
2022-03-15T00:00:00,70.00688520428743,70.72973264506919,68.72089111462994,69.88080596923828,7863158.0
2022-03-16T00:00:00,71.07432947189729,71.13316558254667,69.00665219566247,70.43553924560547,13781683.0
2022-03-17T00:00:00,70.93984926434055,71.2760583572119,69.99005809602987,70.91463470458984,9041406.0
2022-03-18T00:00:00,70.85580179393656,71.75515747070312,70.3346773558207,71.75515747070312,11914457.0
2022-03-21T00:00:00,72.02411730169081,73.10838821559072,71.7047157907197,72.55364227294922,6880681.0
2022-03-22T00:00:00,72.87305323359668,73.0411610161354,72.15020580032066,72.33512115478516,5034379.0
2022-03-23T00:00:00,72.66290537813178,73.4614027196058,71.41053316748237,71.7635498046875,7699685.0
2022-03-24T00:00:00,72.38553690279257,73.10838413841343,71.85600554841075,72.65450286865234,7266577.0
2022-03-25T00:00:00,72.41075963766211,73.20925063542505,72.04933597903512,72.696533203125,6669726.0
2022-03-28T00:00:00,73.12520427914245,73.3269271850586,71.28446432627288,73.3269271850586,9835478.0
2022-03-29T00:00:00,74.74739487211025,75.05838937686258,71.8728198949507,72.17540740966797,10324762.0
2022-03-30T00:00:00,73.24158418089898,75.20333220645622,72.49952784733333,74.66598510742188,13186457.0
2022-03-31T00:00:00,74.81098084633044,74.86215490007157,73.36951759705448,73.60834503173828,11106790.0
2022-04-01T00:00:00,74.49538684399157,75.9709681895367,74.04333204955559,75.94538116455078,10378300.0
2022-04-04T00:00:00,76.68744896849125,77.59155869344326,76.31215519252655,76.53392028808594,6840272.0
2022-04-05T00:00:00,76.5339210589138,77.52332305908203,76.52538988008794,77.52332305908203,8542533.0
2022-04-06T00:00:00,77.19068578705335,78.25685548024471,75.85157691270037,76.63627624511719,11825180.0
2022-04-07T00:00:00,76.63626543363682,77.67684794857247,76.59362255635504,77.14802551269531,7194509.0
2022-04-08T00:00:00,77.94125685508367,80.83270816947164,77.07126536090479,78.60655212402344,11394149.0
2022-04-11T00:00:00,78.39332006513249,78.47861233012488,76.46568364086762,76.6021499633789,7172930.0
2022-04-12T00:00:00,75.9112693377682,77.7280198455538,75.9027381595958,76.26950073242188,7820191.0
2022-04-13T00:00:00,76.56803625578637,76.56803625578637,75.19481574172498,75.55304718017578,8656947.0
2022-04-14T00:00:00,70.19659710146286,72.80657775501129,68.58454946163803,71.74893951416016,13578894.0
2022-04-19T00:00:00,70.79365941315831,70.80219059178125,68.46514221017596,69.92366790771484,18191992.0
2022-04-20T00:00:00,70.19660258275174,71.96217901696657,69.59954375747357,70.54630279541016,11156678.0
2022-04-21T00:00:00,71.11776263627269,71.22864842065711,69.96630096435547,69.96630096435547,9032984.0
2022-04-22T00:00:00,69.59953993023092,70.63159117006036,68.95130708688829,69.95777130126953,7128445.0
2022-04-25T00:00:00,68.7295384757716,70.44393400387433,68.37983182610888,69.47158813476562,9100983.0
2022-04-26T00:00:00,70.48660112102334,70.55483753433592,69.58249142047056,69.64219665527344,7799865.0
2022-04-27T00:00:00,69.64220002550358,69.77866635135028,68.6783785361227,68.80632019042969,6471844.0
2022-04-28T00:00:00,69.19014541989532,69.82131600755636,66.50339669862956,67.3478012084961,9587824.0
2022-04-29T00:00:00,67.80837681575507,68.26043162001233,67.34779083385656,67.68043518066406,8219298.0
2022-05-02T00:00:00,67.39897724727369,67.82544510421195,61.9231315259584,67.58662414550781,5691451.0
2022-05-03T00:00:00,68.66131188677986,69.27542652496072,67.74013992950856,69.1048355102539,5421392.0
2022-05-04T00:00:00,69.10482961201043,69.48012330495149,68.43101631042087,69.02806854248047,4967352.0
2022-05-05T00:00:00,69.72748412788687,69.94071802430243,67.56102695941897,67.85102844238281,6987518.0
2022-05-06T00:00:00,67.6548572624252,67.7230936779769,64.86576047742227,65.68457794189453,10466569.0
2022-05-09T00:00:00,65.48840504927631,65.79546243614159,64.43929773363935,64.98517608642578,6296311.0
2022-05-10T00:00:00,65.53957390227865,66.29869263702733,64.7548746459381,65.47134399414062,8341611.0
2022-05-11T00:00:00,66.52897419649709,66.80191331752077,64.74634198580095,65.43721771240234,9602951.0
2022-05-12T00:00:00,64.82310137986802,65.13015869646847,63.373113557218424,64.80604553222656,11904003.0
2022-05-13T00:00:00,65.44575144370754,66.30721171429309,64.98516543887473,66.13662719726562,5297200.0
2022-05-16T00:00:00,66.39250746714585,68.35426205312284,65.1301663569864,67.33074188232422,8478789.0
2022-05-17T00:00:00,68.32014309909633,68.63573162687527,67.33926581683758,68.11544036865234,5828436.0
2022-05-18T00:00:00,68.1580931179039,68.20073599735257,66.97250653929393,67.2795639038086,5959884.0
2022-05-19T00:00:00,65.43721854399362,66.44368278569296,65.04486895924738,66.21338653564453,7496198.0
2022-05-20T00:00:00,66.38398019946781,67.21132878373732,65.96603706455124,66.20486450195312,5777520.0
2022-05-23T00:00:00,66.5289817599485,67.5695643107084,66.42662713766003,67.10897827148438,4945553.0
2022-05-24T00:00:00,66.5289840452924,66.9042778325258,66.01722393103597,66.31575012207031,5250386.0
2022-05-25T00:00:00,66.95543602957311,67.24543097290973,66.2816162109375,66.2816162109375,3253005.0
2022-05-27T00:00:00,67.65484757218347,69.45454210344636,67.36485260869897,69.428955078125,7956656.0
2022-05-30T00:00:00,69.71895788220489,70.15395688373346,69.11337435442879,69.31807708740234,3601107.0
2022-05-31T00:00:00,69.31807702659707,69.57396032312647,67.41603418181342,67.54397583007812,13502629.0
2022-06-01T00:00:00,68.62719383492764,68.79778485001003,67.85955053551153,68.07278442382812,6596851.0
2022-06-02T00:00:00,68.4310190144694,69.05365829430922,67.97895772675393,68.69542694091797,4040867.0
2022-06-03T00:00:00,69.75306721301388,70.01747514726705,68.70396014606108,68.93424987792969,3608929.0
2022-06-07T00:00:00,69.59101189330177,69.83836399610067,68.33720203808149,69.44601440429688,5705062.0
2022-06-08T00:00:00,69.49719148390317,69.82983582784448,68.70396116203193,69.428955078125,4850829.0
2022-06-09T00:00:00,69.23279137174995,69.85543731546511,69.15603027989388,69.36073303222656,4710629.0
2022-06-10T00:00:00,68.02161202379835,68.21779006905865,64.99368813326582,65.147216796875,9517520.0
2022-06-13T00:00:00,64.05546903986908,65.12163865274101,63.9701767723159,64.60987854003906,6024651.0
2022-06-14T00:00:00,64.91692814161456,65.41163234456607,63.722817016600715,64.18340301513672,5798918.0
2022-06-15T00:00:00,64.6184009593868,65.63338986822939,64.22605137592251,65.3604507446289,5570115.0
2022-06-16T00:00:00,65.64191916225418,65.91485827802185,63.90192985896704,64.0895767211914,6233752.0
2022-06-17T00:00:00,64.39664612854553,65.59928860362912,63.629002687788244,64.60134887695312,11730755.0
2022-06-20T00:00:00,64.91693734748482,65.79546008677522,64.71223459934507,65.77840423583984,3440434.0
2022-06-21T00:00:00,65.93193448988303,67.16015751527874,65.75281226020012,66.40957641601562,5462074.0
2022-06-22T00:00:00,65.88927655614927,67.33073983436783,65.70162967882113,66.8786849975586,6453481.0
2022-06-23T00:00:00,66.71662706718301,67.11750786075773,65.91486548003357,66.6910400390625,4431706.0
2022-06-27T00:00:00,68.16661140695902,69.33513551847498,68.04720094387065,69.26689910888672,6620738.0
2022-06-28T00:00:00,69.27542872930205,70.03454087360225,67.95337597962937,68.31160736083984,4591013.0
2022-06-29T00:00:00,67.68896578840254,68.49072728799939,67.2198486328125,67.2198486328125,3832927.0
2022-06-30T00:00:00,66.5289718442619,66.5630900466063,64.60133570978437,65.05339050292969,6818319.0
2022-07-01T00:00:00,65.24957993926219,66.14516501196991,64.82311209652191,65.21546173095703,4005517.0
2022-07-04T00:00:00,66.13662839728607,67.39044479307272,65.76133464415747,66.73368072509766,2798337.0
2022-07-05T00:00:00,66.78484745651959,67.30513859474321,65.36897150466353,65.47985076904297,4990007.0
2022-07-06T00:00:00,66.30721314450847,67.296621585279,66.18780267853718,66.66545104980469,5665595.0
2022-07-07T00:00:00,67.38191676790926,68.53337860107422,66.98956714736178,68.53337860107422,4317107.0
2022-07-08T00:00:00,68.53337557076047,68.5930808036955,67.20279808970415,68.5504379272461,5863151.0
2022-07-11T00:00:00,68.19219173120868,68.31160218256039,66.95543783904517,67.12602233886719,4065241.0
2022-07-12T00:00:00,66.63985258527629,67.04073333740234,65.86368461388102,67.04073333740234,6726527.0
2022-07-13T00:00:00,67.01515144089768,67.95337932195032,66.32427567067043,67.51838684082031,6425422.0
2022-07-14T00:00:00,63.475470161568026,63.96164322675383,59.74814549760446,61.81224822998047,23740599.0
2022-07-15T00:00:00,61.3601860310385,62.66517639160156,60.38784001699615,62.66517639160156,9567585.0
2022-07-18T00:00:00,63.03194498128607,64.20046264120727,62.477535514831544,63.97017288208008,6958946.0
2022-07-19T00:00:00,63.8507574369108,64.24310701912283,62.426356593522776,62.83576202392578,8266395.0
2022-07-20T00:00:00,62.94664670191248,63.96163558959961,62.69076343189079,63.96163558959961,6380273.0
2022-07-21T00:00:00,64.3966375079452,64.96810279558173,63.46694083170506,64.85722351074219,7335532.0
2022-07-22T00:00:00,64.99369852281062,65.14722721096207,64.03841469198647,64.60134887695312,4393571.0
2022-07-25T00:00:00,64.55017433021426,64.55017433021426,63.84223613421886,64.14076232910156,2929933.0
2022-07-26T00:00:00,64.14075888607252,64.61840727962802,63.680179357195925,64.3369369506836,4099312.0
2022-07-27T00:00:00,64.82309874308257,65.23251065102359,64.44780503641843,64.81456756591797,4024080.0
2022-07-28T00:00:00,65.30074557814139,65.42015603812123,63.884875906645185,64.65251922607422,4554797.0
2022-07-29T00:00:00,64.84016218455834,65.8295706153296,64.47339961210102,65.5651626586914,6124324.0
2022-08-01T00:00:00,65.56515427164838,66.5204378675652,64.98515787096397,65.92338562011719,3749335.0
2022-08-02T00:00:00,65.3092757419969,66.00015146506576,65.18133410618142,65.8295669555664,3396039.0
2022-08-03T00:00:00,65.82956824745612,65.99162808982823,65.07898728059433,65.71868896484375,4662806.0
2022-08-04T00:00:00,66.0172198345498,66.93839188748078,65.59928319303545,66.54603576660156,4603482.0
2022-08-05T00:00:00,66.54604036405574,66.84457306457318,66.25604534997737,66.56310272216797,2524949.0
2022-08-08T00:00:00,66.67398437868206,66.82751307020781,65.98310852050781,65.98310852050781,3282430.0
2022-08-09T00:00:00,66.0086821333076,66.2901524284529,65.54809615235581,65.58221435546875,3448829.0
2022-08-10T00:00:00,65.25809955157236,66.66544448464829,65.02780331317686,66.62279510498047,3577819.0
2022-08-11T00:00:00,67.5866187779028,67.74867863303142,66.30721530869589,66.79338836669922,3066782.0
2022-08-12T00:00:00,66.7763256714404,66.86161792583394,65.98309534155494,66.43515014648438,3655494.0
2022-08-15T00:00:00,66.60574319600981,66.8189771130272,65.91486738723593,66.5033950805664,3466105.0
2022-08-16T00:00:00,66.75926007977633,67.97895812988281,66.74220423267721,67.97895812988281,4725411.0
2022-08-17T00:00:00,67.82544260992871,68.36279625463489,66.73368597749746,66.88721466064453,4468269.0
2022-08-18T00:00:00,67.67191227044111,69.13043797833079,67.32221203301046,68.99396514892578,5534678.0
2022-08-19T00:00:00,68.59307782206312,69.36072114598981,68.4907297171276,68.95130920410156,5096735.0
2022-08-22T00:00:00,68.87455061946434,68.87455061946434,66.76779861815838,67.33926391601562,4389811.0
2022-08-23T00:00:00,67.12603539903033,67.8851476334812,66.58868826340034,66.78486633300781,3339886.0
2022-08-24T00:00:00,66.14516148202064,67.25397390954198,66.0854562475186,66.54603576660156,3765660.0
2022-08-25T00:00:00,66.89574583953681,67.18574084804638,66.22192586946817,66.88721466064453,2528808.0
2022-08-26T00:00:00,67.3819106194237,67.74014200018567,66.13662545721641,66.21338653564453,3053400.0
2022-08-29T00:00:00,65.59075312933571,65.8978104855314,64.95105138849183,65.36898803710938,3046996.0
2022-08-30T00:00:00,66.06838720812199,67.19426187870059,65.73574286277253,66.61426544189453,5535092.0
2022-08-31T00:00:00,67.08338284397047,68.93425144045962,67.04926464081255,68.21778869628906,10039175.0
2022-09-01T00:00:00,67.7657339920428,67.94485620293146,66.50339288903295,66.54603576660156,4617198.0
2022-09-02T00:00:00,66.71662742497699,67.91926330476824,66.43515709937684,67.64632415771484,3742370.0
2022-09-05T00:00:00,66.52898025258813,66.75074534216387,65.9404525756836,65.9404525756836,3322747.0
2022-09-06T00:00:00,65.94045166506649,67.0151523840649,65.84662822490253,66.8360366821289,4286309.0
2022-09-07T00:00:00,66.26457362678029,67.04927287361785,65.85516164599659,66.04280853271484,3606639.0
2022-09-08T00:00:00,66.52898302610812,67.00662492444589,65.77840197052267,66.78486633300781,4540802.0
2022-09-09T00:00:00,66.69103762506727,67.87661760587532,66.33279972219957,67.76573181152344,4286253.0
2022-09-12T00:00:00,67.95338129566613,68.11544115062694,67.10897682893115,67.54397583007812,4499961.0
2022-09-13T00:00:00,67.62073175525161,68.62719600015576,66.95544304389469,67.06632232666016,5833542.0
2022-09-14T00:00:00,66.546035574531,66.84456825356212,64.13223266601562,64.13223266601562,7601197.0
2022-09-15T00:00:00,62.264301638103476,63.228116567378066,61.28342435191713,62.24724578857422,13935085.0
2022-09-16T00:00:00,61.66725271118043,63.01488614967733,61.36872001512367,62.05107116699219,10695328.0
2022-09-19T00:00:00,62.136366781789306,62.136366781789306,60.933730783371814,61.59048843383789,4077371.0
2022-09-20T00:00:00,62.213122999077115,62.213122999077115,60.839896201054266,60.933719635009766,4945102.0
2022-09-21T00:00:00,60.74607394125027,61.078718301746854,60.5413712211098,60.94224548339844,3689865.0
2022-09-22T00:00:00,60.47313577632747,60.53284100846151,59.09137775173391,59.33872985839844,7835098.0
2022-09-23T00:00:00,58.4602042890949,58.4602042890949,55.73080658212316,57.521976470947266,10141287.0
2022-09-26T00:00:00,57.24905086898859,58.01668785130735,56.80552062721244,57.010223388671875,5238686.0
2022-09-27T00:00:00,57.14668613055049,58.39197134594228,57.06139387063807,57.70109558105469,4834794.0
2022-09-28T00:00:00,56.83110035209741,57.64991780004182,55.61140210510692,57.36845397949219,6512861.0
2022-09-29T00:00:00,57.00342848460388,57.00342848460388,55.725875820576995,56.45590591430664,6417565.0
2022-09-30T00:00:00,56.525428786779656,57.02950092294189,56.03004937865021,56.9165153503418,7888464.0
2022-10-03T00:00:00,56.49067293655922,58.33314034858649,55.943150339732064,58.18539047241211,8083186.0
2022-10-04T00:00:00,58.324441039864645,60.18428707013937,58.22884091984603,60.123451232910156,10693755.0
2022-10-05T00:00:00,59.81928254899612,59.82796864826174,59.02840989555706,59.628082275390625,5656455.0
2022-10-06T00:00:00,60.14083386375683,60.62752722298971,59.88011167225541,60.366798400878906,5699708.0
2022-10-07T00:00:00,60.21905996411905,60.8100395948297,59.70629500791234,59.80189514160156,4117237.0
2022-10-10T00:00:00,59.63677023895328,60.81003671522295,59.26306245148565,59.75844192504883,4252509.0
2022-10-11T00:00:00,59.52378650111854,60.28858755818183,59.10662831600202,59.98440170288086,5031377.0
2022-10-12T00:00:00,60.32334613204662,60.52323247622217,59.749745393575886,60.28858184814453,5012623.0
2022-10-13T00:00:00,60.10607900740314,61.67043212106276,59.39342107787292,61.270652770996094,6833627.0
2022-10-14T00:00:00,62.000681899394216,62.304867744654665,61.40970892842086,61.7921028137207,5389413.0
2022-10-17T00:00:00,61.93116278759546,63.22610100662428,61.835562654250054,62.26141357421875,6269801.0
2022-10-18T00:00:00,62.939306229957786,63.625886053231575,62.61774814416597,63.200035095214844,6507357.0
2022-10-19T00:00:00,63.87791645459227,63.930059570719216,62.62642862266632,62.73941421508789,7758097.0
2022-10-20T00:00:00,57.42059948278491,57.629178584887036,51.68462444540062,53.48363494873047,49742069.0
2022-10-21T00:00:00,53.014320362738616,53.38802813215934,51.51079987159915,53.16206359863281,18406322.0
2022-10-24T00:00:00,52.52763363492587,53.58792116985869,51.11102376565234,53.153377532958984,18430762.0
2022-10-25T00:00:00,53.4401808615726,53.631377817908785,52.53632925147507,52.65800094604492,11536754.0
2022-10-26T00:00:00,52.39727532713893,53.33588790893555,51.88451367564193,53.33588790893555,11702631.0
2022-10-27T00:00:00,53.27505214868063,53.62268840342738,52.48418281867154,52.65800094604492,9951590.0
2022-10-28T00:00:00,52.14523640599631,53.5270853033674,51.99749316085897,53.39672088623047,8480597.0
2022-10-31T00:00:00,53.78780843858772,53.952937135017024,53.03170347249491,53.36195755004883,6726795.0
2022-11-01T00:00:00,53.43148424055849,53.70090248413169,53.04039431127636,53.188140869140625,7290808.0
2022-11-02T00:00:00,52.99693727332149,53.49231671410828,52.79704761434652,52.85788345336914,8246188.0
2022-11-03T00:00:00,52.284290339126784,52.57109073126556,51.719382284171225,51.94534683227539,9515735.0
2022-11-04T00:00:00,52.23214483389215,52.44941665652116,52.00618359709214,52.24952697753906,3851797.0
2022-11-07T00:00:00,52.110473593423166,52.666688933705224,51.84974806707907,52.54501724243164,7052813.0
2022-11-08T00:00:00,52.4581088829268,52.91872408158546,52.23214433298887,52.77098083496094,8385879.0
2022-11-09T00:00:00,52.458103640845096,52.657993297935505,52.00617790143456,52.371192932128906,7440210.0
2022-11-10T00:00:00,51.945343502174545,53.73566436767578,51.76283598177085,53.73566436767578,13308746.0
2022-11-11T00:00:00,53.883410864134845,55.32609560304626,53.483631514687005,55.0827522277832,9244965.0
2022-11-14T00:00:00,55.16965439491941,56.777467684773185,54.7872572250262,55.83885192871094,8401872.0
2022-11-15T00:00:00,55.70848564525587,56.53412242584908,55.54336027831988,56.29946517944336,8373380.0
2022-11-16T00:00:00,56.24733363420728,56.6992561329644,55.10882802674448,55.33478927612305,4803798.0
2022-11-17T00:00:00,55.15227509711889,56.099583630493434,54.83071374868922,55.72587585449219,7077709.0
2022-11-18T00:00:00,55.282644142170426,56.47329614006972,55.24787985420877,56.421146392822266,5048618.0
2022-11-21T00:00:00,56.186493873445485,56.29947283261549,55.55205724275916,56.056129455566406,5135978.0
2022-11-22T00:00:00,56.05612852394275,56.62972930083385,55.53467749170242,55.94314956665039,6698035.0
2022-11-23T00:00:00,56.24732781267437,56.46459962491084,55.71718406036862,56.221256256103516,4621388.0
2022-11-24T00:00:00,56.16911025245805,56.829618462208515,56.099588307176376,56.56888961791992,3696011.0
2022-11-25T00:00:00,56.57758230409744,57.05558297472268,56.24733151478087,57.00343322753906,3410777.0
2022-11-28T00:00:00,57.03819181158906,57.0729560960317,56.27339744567871,56.49066925048828,4023772.0
2022-11-29T00:00:00,56.655800856532004,56.90783695874103,55.847549435864984,56.03874969482422,4536336.0
2022-11-30T00:00:00,56.39507389363564,56.59496688842774,55.73456569460373,56.594966888427734,17079452.0
2022-12-01T00:00:00,57.811684585540696,58.706850079006784,57.66394133510248,58.393978118896484,7185235.0
2022-12-02T00:00:00,58.341824500661055,59.575933430591725,58.228845545577116,59.367347717285156,6864166.0
2022-12-05T00:00:00,59.193542555472725,59.57594312817121,58.689470278844816,58.71554183959961,5379435.0
2022-12-06T00:00:00,58.5156440626597,59.19353103276808,57.7943000793457,57.7943000793457,7393941.0
2022-12-07T00:00:00,57.75084209625162,57.97680662602924,57.02950475566129,57.10771942138672,5655755.0
2022-12-08T00:00:00,57.21201885769117,58.21147058418224,57.12511145334628,58.063720703125,5116763.0
2022-12-09T00:00:00,57.80299844458935,61.41839818124831,57.08165439093572,58.828521728515625,14303059.0
2022-12-12T00:00:00,58.272310094419765,59.19354057350001,58.19408878416389,59.1240119934082,7499932.0
2022-12-13T00:00:00,59.523781785418514,60.62752626692482,58.95887376682633,59.0023307800293,9229974.0
2022-12-14T00:00:00,58.94149686554404,58.94149686554404,57.33368678364586,58.15931701660156,11535093.0
2022-12-15T00:00:00,57.79430203633541,59.05447589465832,55.65634820028847,55.7953987121582,12746277.0
2022-12-16T00:00:00,55.021915558788066,55.20442308749824,51.81498145140025,51.93665313720703,19774287.0
2022-12-19T00:00:00,52.14523921596075,53.81388527952509,52.12785707171883,53.24028778076172,9769209.0
2022-12-20T00:00:00,52.44072626080451,53.24028496176738,52.3103618435452,52.718833923339844,8042458.0
2022-12-21T00:00:00,53.01432464625271,53.39672186002739,52.86658139842098,53.21421432495117,6303538.0
2022-12-22T00:00:00,53.188143749719124,53.509705124408626,52.918725491554696,52.93610763549805,4470676.0
2022-12-23T00:00:00,53.266357875956096,53.9355554503601,53.1968293052262,53.613990783691406,3338749.0
2022-12-27T00:00:00,54.0572309685541,54.578682024800216,53.726976864768915,53.80519485473633,2746857.0
2022-12-28T00:00:00,53.89210279253946,54.11806735037346,53.283744325997915,53.32719802856445,3815064.0
2022-12-29T00:00:00,53.214215638461816,54.30057477688045,52.71883613656732,54.24842834472656,4903786.0
2022-12-30T00:00:00,54.10068428087948,54.10068428087948,52.91003561133667,52.92741775512695,6550636.0
2023-01-02T00:00:00,53.483632023700515,54.317955017089844,53.30112449051626,54.317955017089844,4009238.0
2023-01-03T00:00:00,54.03115223929078,55.00453233726906,53.987698540255344,54.48307800292969,5018833.0
2023-01-04T00:00:00,54.66558929812711,55.79539874366613,54.63082501248767,55.40431213378906,8193120.0
2023-01-05T00:00:00,55.18704174805376,55.421695709228516,54.66559071120196,55.421695709228516,4859659.0
2023-01-09T00:00:00,55.621587711347644,56.10827448202675,55.247879903687625,55.8910026550293,11492055.0
2023-01-10T00:00:00,54.23104380303809,55.456456649471605,54.23104380303809,55.09143829345703,5959074.0
2023-01-11T00:00:00,55.1088252031444,55.70849424274726,54.91762493748627,55.056678771972656,9822660.0
2023-01-12T00:00:00,54.9871496733226,59.5324755076781,54.40485950279271,58.33313751220703,30174159.0
2023-01-13T00:00:00,57.73346621093268,57.99419503785227,55.55205535957461,55.743255615234375,18765670.0
2023-01-16T00:00:00,55.621587744558866,56.12565997484032,55.30871578304693,55.88231658935547,8581812.0
2023-01-17T00:00:00,55.40431408655076,55.708493308354974,54.67428063891578,54.752498626708984,16514890.0
2023-01-18T00:00:00,55.187039852136785,55.55205490233221,54.81333207295306,55.013221740722656,10955917.0
2023-01-19T00:00:00,54.50915676444305,54.90024339897516,53.77043056690526,53.80519485473633,12177305.0
2023-01-20T00:00:00,49.53797149658203,51.53687143776915,49.08604574474157,51.276145935058594,36882380.0
2023-01-23T00:00:00,51.61509314373041,53.275049719615986,51.39782132324641,52.72752380371094,17825484.0
2023-01-24T00:00:00,51.64116476372597,51.988801003042624,51.06756728956692,51.858436584472656,15672081.0
2023-01-25T00:00:00,51.86712743048759,51.88450957335274,50.937204336683294,51.39781951904297,12257870.0
2023-01-26T00:00:00,51.71068813525877,52.345121390174135,51.6585417100161,52.31904983520508,12057508.0
2023-01-27T00:00:00,52.666687498272786,52.84050561619974,52.18000074644312,52.52763366699219,6456175.0
2023-01-30T00:00:00,52.466799252997916,52.770981796486815,52.058330477337314,52.54501724243164,9175212.0
2023-01-31T00:00:00,52.432040680936545,52.53633023318736,52.14524026811547,52.475494384765625,8468650.0
2023-02-01T00:00:00,52.57978199828458,52.910036102757545,52.37989231579712,52.78836441040039,5610693.0
2023-02-02T00:00:00,53.188144998046525,54.40486526489258,53.04039842871294,54.40486526489258,10556027.0
2023-02-03T00:00:00,54.05722664592315,54.70904207176152,54.031151774482424,54.378787994384766,9931096.0
2023-02-06T00:00:00,54.317951206053586,54.378787046179994,53.38802814663032,53.544464111328125,6989545.0
2023-02-07T00:00:00,53.448863016992775,53.49231671410828,52.48417569062759,52.85788345336914,7177959.0
2023-02-08T00:00:00,53.0230097869935,53.67482520142221,53.014320373535156,53.014320373535156,7556039.0
2023-02-09T00:00:00,53.309808707684,53.422790971390846,52.153921146255556,52.31904983520508,9271430.0
2023-02-10T00:00:00,52.14523123180439,52.2060670696838,51.41519786194695,51.832359313964844,7738807.0
2023-02-13T00:00:00,51.988794800113816,52.17130231209237,51.66723347206047,51.971412658691406,7487907.0
2023-02-14T00:00:00,52.05833051668723,52.26690961179819,51.510804590237306,52.1104736328125,7316098.0
2023-02-15T00:00:00,52.31906119677553,52.779676449546756,51.893206919743534,52.753604888916016,9445989.0
2023-02-16T00:00:00,53.01432562559062,53.509705124408626,52.69276425090112,52.93610763549805,6297472.0
2023-02-17T00:00:00,52.57977916375842,52.588468577613355,52.171307091175485,52.41465377807617,5868031.0
2023-02-20T00:00:00,52.49287610673867,52.63192994705525,51.91927860101963,51.98880386352539,5244221.0
2023-02-21T00:00:00,51.98880009216404,52.10178236525816,51.19793081111486,51.40651321411133,6865663.0
2023-02-22T00:00:00,51.33698274892201,51.36305430509619,50.31145954554472,50.754695892333984,9795883.0
2023-02-23T00:00:00,50.937204836777575,51.328294766821095,50.66778659267986,50.824222564697266,7669691.0
2023-02-24T00:00:00,51.180545317585015,51.180545317585015,50.23324012512639,50.35491180419922,7603836.0
2023-02-27T00:00:00,50.40706061499678,50.998040211569396,50.28538893016796,50.81553268432617,6017254.0
2023-02-28T00:00:00,50.81553747891387,50.81553747891387,49.82477844862147,50.49397277832031,11723766.0
2023-03-01T00:00:00,50.70254899450232,50.74600269282457,49.88560819400829,50.024662017822266,7048756.0
2023-03-02T00:00:00,50.04204129548139,50.5374207216665,49.79869463125917,50.233238220214844,6680912.0
2023-03-03T00:00:00,51.04149709227603,52.57978202199581,51.04149709227603,52.40596389770508,16845246.0
2023-03-06T00:00:00,52.405966357246704,52.45811279157278,51.77153299181923,51.99749755859375,8197536.0
2023-03-07T00:00:00,51.75414133450495,52.31035660386215,51.5890159624472,51.832359313964844,9682316.0
2023-03-08T00:00:00,51.71069287015408,52.09309007770093,51.53687475206738,51.94534683227539,6649710.0
2023-03-09T00:00:00,52.093091449626236,52.69276380705309,51.68462267396563,52.54501724243164,6910798.0
2023-03-10T00:00:00,51.71069243519578,51.96272853853628,50.998041140809065,51.21531295776367,8315510.0
2023-03-13T00:00:00,51.27614689938953,51.35436488320418,50.42444180635488,51.189239501953125,9126968.0
2023-03-14T00:00:00,51.102329753486615,51.1110224825771,50.2158603586283,50.33753204345703,12809752.0
2023-03-15T00:00:00,50.27669234521066,50.398367336012626,48.36470318972857,48.88615417480469,19362477.0
2023-03-16T00:00:00,49.28594405989346,49.4945264878631,48.2864955714906,48.920928955078125,11991789.0
2023-03-17T00:00:00,49.16426518896993,49.60750154053155,48.0692167189028,48.44292449951172,15010309.0
2023-03-20T00:00:00,48.60804938497411,48.955685605569435,47.80848740372674,48.63412094116211,9436984.0
2023-03-21T00:00:00,49.025212787953926,49.17295934787231,48.6515049964781,48.799251556396484,6803958.0
2023-03-22T00:00:00,49.19034246957202,49.19034246957202,48.677580802693754,48.9991455078125,5499879.0
2023-03-23T00:00:00,48.99913642981264,48.99913642981264,47.765030902871516,48.79055404663086,9142744.0
2023-03-24T00:00:00,48.781868928788555,49.20771983046206,48.10397861023747,48.93830490112305,8441634.0
2023-03-27T00:00:00,49.30332369373663,50.2593217432181,49.259869990420434,49.807395935058594,9277516.0
2023-03-28T00:00:00,49.93775418190728,50.137643857945456,49.20772073601337,49.4858283996582,7521954.0
2023-03-29T00:00:00,49.68571709926186,50.34622527391654,49.55535599934921,50.14633560180664,10905549.0
2023-03-30T00:00:00,51.10743655596161,53.394500732421875,51.018447079299946,53.394500732421875,13431283.0
2023-03-31T00:00:00,53.39450781780049,54.01744442128777,52.86946168846953,53.92845153808594,9797414.0
2023-04-03T00:00:00,53.97294530690156,54.106429528799104,53.438998235118035,53.6436767578125,6148517.0
2023-04-04T00:00:00,53.88395032266975,53.98184078506994,53.332208092005295,53.6347770690918,7753293.0
2023-04-05T00:00:00,53.66147982444341,54.37340591834476,53.59918650339776,54.19542694091797,7879443.0
2023-04-06T00:00:00,54.44459558586692,55.370101126441874,54.30221037921932,55.35230255126953,4089946.0
2023-04-11T00:00:00,55.352302021227345,55.72606191207409,54.80055977509265,54.889549255371094,6522330.0
2023-04-12T00:00:00,54.55138250055809,54.99633668636155,54.097530724720215,54.29330825805664,8323589.0
2023-04-13T00:00:00,54.09752760414469,54.72046410728211,53.786057655210556,54.5335807800293,8972859.0
2023-04-14T00:00:00,55.06753111897408,55.75276097413926,54.96073966991619,55.423492431640625,8815173.0
2023-04-17T00:00:00,55.17431547173501,55.761654823225534,54.89844267227324,55.556976318359375,11724670.0
2023-04-18T00:00:00,52.246520435340905,54.658171342419564,50.58239270697542,50.787071228027344,48040566.0
2023-04-19T00:00:00,49.906063438272994,50.90275987052038,49.56789730430777,50.10184097290039,18526288.0
2023-04-20T00:00:00,49.754775599374945,49.90606178379043,48.56229827730204,48.891563415527344,19112367.0
2023-04-21T00:00:00,48.918265819282055,49.84376797500199,48.918265819282055,49.274227142333984,13792005.0
2023-04-24T00:00:00,49.274225064618065,49.63018976739139,48.820373293576516,49.087345123291016,7337797.0
2023-04-25T00:00:00,49.12294262685544,49.220833090560774,48.45551135038928,48.77587890625,9468150.0
2023-04-26T00:00:00,48.784775693113815,48.96275804285422,48.313125351823075,48.758079528808594,8869468.0
2023-04-27T00:00:00,48.94496395194313,49.27422912254963,48.500009734198194,48.99835968017578,7868650.0
2023-04-28T00:00:00,49.64798987845769,50.35101832108957,49.30982373983092,50.16413497924805,13946478.0
2023-05-02T00:00:00,50.226424248472455,50.52009562289878,49.3276183409265,49.38991165161133,9017609.0
2023-05-03T00:00:00,49.51449918753796,49.647986795602925,49.06064743063266,49.363216400146484,7432882.0
2023-05-04T00:00:00,49.24752992824146,49.26532850322482,48.36651913758603,49.01615524291992,8147379.0
2023-05-05T00:00:00,48.944959900200466,49.309822192758176,48.37541909179146,49.26532745361328,7557304.0
2023-05-08T00:00:00,49.3543212133178,49.52340598935964,49.033953632113565,49.4166145324707,5135613.0
2023-05-09T00:00:00,49.61239710264502,49.62129469364529,48.46441436392003,48.63349914550781,7730962.0
2023-05-10T00:00:00,48.63349224412268,48.81147119672305,48.01945331556627,48.339820861816406,8060753.0
2023-05-11T00:00:00,48.6601898397047,48.74917931862306,47.48551106538109,47.601200103759766,10359555.0
2023-05-12T00:00:00,47.60120361999211,48.22413680789783,47.60120361999211,48.04615783691406,7129528.0
2023-05-15T00:00:00,48.16184112893255,48.92716288769066,48.08174923802226,48.81147384643555,6019940.0
2023-05-16T00:00:00,48.63349385916328,48.78477665284364,48.14404153906557,48.37541961669922,5832987.0
2023-05-17T00:00:00,48.33982459458669,48.562301697247605,48.14404365793109,48.206336975097656,2804356.0
2023-05-19T00:00:00,49.42551029709562,49.64798738335039,48.98055612458607,49.47000503540039,12083614.0
2023-05-22T00:00:00,49.470006507043514,49.772575489140124,49.15853993491364,49.72808074951172,6147241.0
2023-05-23T00:00:00,49.73697731673786,50.2264262320472,49.505602638589586,49.79927062988281,5645510.0
2023-05-24T00:00:00,49.496701234967226,49.77257404422431,48.944959011184,49.11404037475586,7629564.0
2023-05-25T00:00:00,49.06954340272808,50.30651540372749,49.06064581335814,49.6835823059082,9137577.0
2023-05-26T00:00:00,49.790375823080524,50.70698039178815,49.238633563786415,50.537899017333984,6264261.0
2023-05-29T00:00:00,51.00064831415082,51.285418712079505,50.733673095703125,50.733673095703125,3574977.0
2023-05-30T00:00:00,50.7336741188845,51.41000637365338,50.5734937372087,50.66248321533203,5494093.0
2023-05-31T00:00:00,50.44000794175753,51.2053297022108,49.94165802001953,49.94165802001953,23811832.0
2023-06-01T00:00:00,50.190830122993404,50.431102379718546,49.78146971973653,50.23532485961914,6281753.0
2023-06-02T00:00:00,50.23532936485524,50.680283560478884,49.80817374442428,50.29762268066406,5714986.0
2023-06-05T00:00:00,50.528992826197126,50.9650493923889,50.226423864584476,50.413307189941406,4811108.0
2023-06-07T00:00:00,50.35991760182135,50.64468802451976,49.79037675642453,50.333221435546875,7231929.0
2023-06-08T00:00:00,50.28872230215575,50.68028417165447,50.00395188510093,50.2264289855957,7696903.0
2023-06-09T00:00:00,50.26201940776404,50.65357783011315,50.15523136434714,50.377708435058594,6080241.0
2023-06-12T00:00:00,50.110738131817506,50.3243142250558,49.78146961308471,50.27981948852539,6598002.0
2023-06-13T00:00:00,50.85826530559243,51.28542092088256,50.71588010049573,50.876060485839844,8998459.0
2023-06-14T00:00:00,50.68918147936082,50.92945715392318,50.27092684117993,50.671382904052734,6324161.0
2023-06-15T00:00:00,50.760372746385066,51.00064840658492,50.52009708618522,50.86716079711914,8363114.0
2023-06-16T00:00:00,51.09853554929734,51.908355402329576,50.94725276009193,51.86385726928711,20473889.0
2023-06-19T00:00:00,51.872764012797155,52.032947804287325,51.187534103585044,51.27652359008789,5231444.0
2023-06-20T00:00:00,51.32991500631443,51.85496107992431,51.11633550402778,51.303218841552734,5504506.0
2023-06-21T00:00:00,51.16972802905794,51.249819913066574,49.91495744274332,50.012847900390625,7352608.0
2023-06-22T00:00:00,49.478904943483286,49.478904943483286,48.16184093851224,48.21523666381836,11239488.0
2023-06-26T00:00:00,48.562298643585855,48.775878142391896,48.037252578532424,48.40211486816406,5394738.0
2023-06-27T00:00:00,48.40211475838317,48.58899469770774,47.75248206830422,48.44660949707031,5786082.0
2023-06-28T00:00:00,48.99835527641223,49.70138029726856,48.953857142852016,49.5767936706543,6388415.0
2023-06-29T00:00:00,49.576789752482476,52.05073709369177,49.567892163312216,51.730369567871094,11958729.0
2023-06-30T00:00:00,51.614683312531334,52.07743605304587,51.55239000080158,51.97954559326172,8078719.0
2023-07-03T00:00:00,52.44230233846491,53.323309754337544,52.3177157054915,52.75376892089844,5647262.0
2023-07-04T00:00:00,52.62028111032166,52.949546245694606,52.59358155169673,52.66477584838867,2173079.0
2023-07-05T00:00:00,52.291015876829036,52.522393960933826,51.80156693777354,52.024044036865234,4663458.0
2023-07-06T00:00:00,51.86385831394201,52.380006793998824,51.3833103778748,51.61468505859375,4781973.0
2023-07-07T00:00:00,51.61468194017067,51.86385518046454,51.329911552768884,51.67697525024414,2918698.0
2023-07-10T00:00:00,51.65028209756985,51.90835633704722,51.34771311897972,51.6591796875,4679323.0
2023-07-11T00:00:00,51.73037418534983,51.7659679399387,51.25872044368903,51.748172760009766,3440700.0
2023-07-12T00:00:00,52.33550945020837,53.056333015801435,52.15752710750398,52.317710876464844,6023492.0
2023-07-13T00:00:00,52.23762374217802,52.798266984522776,52.01514664224944,52.113037109375,5033062.0
2023-07-14T00:00:00,50.671383606992805,50.671383606992805,46.22184156018072,46.56890869140625,38475234.0
2023-07-17T00:00:00,44.931473488834904,45.42981998559286,44.30408648094095,44.8157844543457,21537712.0
2023-07-18T00:00:00,45.21624467610399,45.29633656373066,44.38417914324527,45.011566162109375,10692241.0
2023-07-19T00:00:00,45.162850593265034,46.20404177550091,44.94037349674649,46.043861389160156,14802768.0
2023-07-20T00:00:00,46.27523602128009,47.245236296746164,45.86587897890423,46.90707015991211,11395585.0
2023-07-21T00:00:00,46.577807508342765,47.39652163704427,46.54221035629541,46.91597366333008,6957083.0
2023-07-24T00:00:00,46.58670682826352,47.601205330883126,46.462120186204466,47.54780960083008,4863774.0
2023-07-25T00:00:00,47.547811815671395,47.61900273099357,47.09395657590776,47.51221466064453,4235750.0
2023-07-26T00:00:00,47.34312624280104,47.618995666503906,47.14734531392981,47.618995666503906,3917018.0
2023-07-27T00:00:00,48.05504608154297,48.348717437067535,47.681286241490554,48.05504608154297,5726122.0
2023-07-28T00:00:00,47.663495406488515,48.29532955946987,47.54780636328324,47.65459442138672,4667505.0
2023-07-31T00:00:00,47.65459250078756,47.68129206028574,47.04055694802581,47.06725311279297,5725993.0
2023-08-01T00:00:00,47.067255039136015,47.69908919251224,46.960466980965805,47.47661209106445,4034078.0
2023-08-02T00:00:00,47.14734575482581,47.64569567173512,46.915971068776074,47.441017150878906,6138844.0
2023-08-03T00:00:00,47.12064966599969,47.165144406304705,46.65789689841916,46.90707015991211,5172846.0
2023-08-04T00:00:00,46.90706621622673,47.36981894490159,46.72018628581885,47.307525634765625,3654293.0
2023-08-07T00:00:00,47.165147134792214,47.60120376236168,47.15624954410892,47.334228515625,3034350.0
2023-08-08T00:00:00,47.004963000168516,47.29863441153419,46.76468731670513,47.138450622558594,4219942.0
2023-08-09T00:00:00,47.182941307631964,47.69908638737664,47.13844656890533,47.405418395996094,3873281.0
2023-08-10T00:00:00,47.280838892342416,48.30423161614893,47.280838892342416,48.07285690307617,4389790.0
2023-08-11T00:00:00,48.135148357794336,48.2330388307798,47.352027968642005,47.48551559448242,4410899.0
2023-08-14T00:00:00,47.360926494918125,47.868174015201795,47.11174983260373,47.788082122802734,4777432.0
2023-08-15T00:00:00,47.96606006521266,48.12624383525713,47.36981972232915,47.68128967285156,5337488.0
2023-08-16T00:00:00,47.37872483587786,47.565604785640154,46.69349495868497,46.880374908447266,7327806.0
2023-08-17T00:00:00,47.022760297792686,47.74358732858673,46.62230083624045,47.47661209106445,5496530.0
2023-08-18T00:00:00,47.09394728350706,47.97495802556069,47.09394728350706,47.87706756591797,5822355.0
2023-08-21T00:00:00,47.87707002168082,48.43771324992662,47.538903887768804,47.574501037597656,4106738.0
2023-08-22T00:00:00,48.08175034076453,48.606796438833555,47.89487038926484,48.206336975097656,5606991.0
2023-08-23T00:00:00,48.29532996599274,48.47331232748412,47.93936524300997,48.161842346191406,5197031.0
2023-08-24T00:00:00,48.144045524319516,48.59790073239176,47.9749641418457,47.9749641418457,5399823.0
2023-08-25T00:00:00,47.64569425258236,48.411015982824644,47.61899469345302,48.17963790893555,4578531.0
2023-08-28T00:00:00,48.508901880947505,48.731378964852425,48.39321624152319,48.65128707885742,3747866.0
2023-08-29T00:00:00,48.677990794190684,49.69248584027279,48.66908980902509,49.514503479003906,6057658.0
2023-08-30T00:00:00,49.38101464835192,49.5589935982896,48.98055522153043,49.496700286865234,4672949.0
2023-08-31T00:00:00,49.38991446355999,50.28872042227827,49.372115888818016,50.1285400390625,10240601.0
2023-09-01T00:00:00,50.324314908127135,50.98284855980047,50.0128483534558,50.52009582519531,4635930.0
2023-09-04T00:00:00,50.52010173803738,51.32101728438699,50.52010173803738,50.52899932861328,4130782.0
2023-09-05T00:00:00,50.528998861021655,51.47230300570636,50.22642986327231,51.374412536621094,5004878.0
2023-09-06T00:00:00,51.23202346547752,52.12193181595617,51.22312587565435,51.908355712890625,6576592.0
2023-09-07T00:00:00,51.792664183383245,52.16642404311975,51.46339906008241,51.543487548828125,6866567.0
2023-09-08T00:00:00,51.54349520819192,51.56129378435721,50.244229700707336,50.54679870605469,4335732.0
2023-09-11T00:00:00,50.72477559789674,51.23202308229723,50.715878008140116,50.86716079711914,7952237.0
2023-09-12T00:00:00,50.9294576057855,51.196429448313076,50.324319618866376,50.493404388427734,4640282.0
2023-09-13T00:00:00,50.413309657629284,50.56459244847537,49.75477598139152,49.93275833129883,4763569.0
2023-09-14T00:00:00,50.01285078034022,50.41331022344349,49.72808037518479,50.217529296875,5683519.0
2023-09-15T00:00:00,50.466702663736584,50.72477690482994,50.1196389438605,50.17303466796875,10064658.0
2023-09-18T00:00:00,50.30652187454119,50.45780807113603,49.94165955828815,50.333221435546875,3705471.0
2023-09-19T00:00:00,50.342115082419845,50.840464980468525,50.217528456590415,50.555694580078125,3874229.0
2023-09-20T00:00:00,50.760371714359124,51.365509647433804,50.760371714359124,51.1163330078125,6427133.0
2023-09-21T00:00:00,50.9027577271592,51.1608319604957,50.19972932382084,50.95615005493164,5390796.0
2023-09-22T00:00:00,50.635789949456125,51.00065226221769,50.35991711991205,50.68918228149414,3831485.0
2023-09-25T00:00:00,50.64468663417964,50.68918137499266,49.24753072531794,49.54119873046875,5315651.0
2023-09-26T00:00:00,49.16743505985365,49.24752694506165,48.46440666688685,48.500003814697266,5685101.0
2023-09-27T00:00:00,48.055051655015546,48.526702001611966,47.610097473024666,47.690189361572266,6637895.0
2023-09-28T00:00:00,47.94579730551199,48.03708646258133,47.251987174935806,47.91841125488281,5649316.0
2023-09-29T00:00:00,48.0097015249783,48.867831461681995,47.635410400383705,48.68525314331055,6470125.0
2023-10-02T00:00:00,48.64874095696972,48.9317394682519,47.699318283573604,47.93667221069336,6927180.0
2023-10-03T00:00:00,48.16489961911033,49.15083937339523,48.12838604049352,49.023033142089844,8875275.0
2023-10-04T00:00:00,48.548317626996784,48.904350235765776,48.018830734242066,48.17402648925781,8499130.0
2023-10-05T00:00:00,47.927545033968414,48.128385384687974,47.452833693832176,47.471092224121094,7436583.0
2023-10-06T00:00:00,47.471093265805074,47.80886737741565,46.80467256669939,47.626285552978516,6830311.0
2023-10-09T00:00:00,47.51673678643929,48.79480604639877,47.49847825615889,48.66699981689453,6963614.0
2023-10-10T00:00:00,48.995643605053964,49.60729218946225,48.72177261190547,49.023033142089844,5663758.0
2023-10-11T00:00:00,48.38399886160046,49.35168009251758,48.38399886160046,48.67612838745117,6297677.0
2023-10-12T00:00:00,47.83625684885706,50.675390459236205,47.516737785917066,49.40645217895508,25381976.0
2023-10-13T00:00:00,48.931739807128906,49.08693557330623,48.411383882664694,48.931739807128906,8178356.0
2023-10-16T00:00:00,48.840448218791735,49.561644458186336,48.840448218791735,49.23299789428711,8986386.0
2023-10-17T00:00:00,45.7822206302591,46.731639878042415,44.56348891715449,46.32083511352539,33109548.0
2023-10-18T00:00:00,45.900892075083135,46.6220883289257,45.439877258255095,45.56311798095703,11442030.0
2023-10-19T00:00:00,45.14318397632863,46.20215436492939,44.33069852504769,45.19795608520508,11131502.0
2023-10-20T00:00:00,44.75519736455181,45.24816373011487,44.549791519980324,45.06101989746094,8007828.0
2023-10-23T00:00:00,45.55399149528239,45.80047294630245,45.00168053468899,45.161441802978516,6633760.0
2023-10-24T00:00:00,44.88300531871058,45.19795538726254,44.60456882802622,44.78258514404297,5838465.0
2023-10-25T00:00:00,45.024501817350306,45.39879295662736,44.819099459895924,45.22990417480469,5600909.0
2023-10-26T00:00:00,44.83735936273217,45.61332771739988,44.750632217725645,45.29837417602539,6018277.0
2023-10-27T00:00:00,45.18883029312119,45.344022584163845,44.809973607398874,45.09297561645508,5121135.0
2023-10-30T00:00:00,44.76888863279517,45.06101812775156,44.30330485601836,44.609130859375,7038941.0
2023-10-31T00:00:00,44.64108521098519,45.94654049693857,44.55435806464121,45.6544075012207,6279813.0
2023-11-01T00:00:00,45.91914956461265,45.983052676041375,45.56311694880737,45.672664642333984,3640893.0
2023-11-02T00:00:00,45.65441299144252,46.26606162757401,45.5448652814111,46.0743522644043,5375430.0
2023-11-03T00:00:00,46.375604805134614,46.95073632089279,46.22954004521524,46.42124938964844,3237465.0
2023-11-06T00:00:00,46.97812167260936,47.06941432273042,46.14737771002967,46.50341033935547,5175567.0
2023-11-07T00:00:00,46.50341240985454,46.822931475816574,46.220413888025476,46.576446533203125,3963859.0
2023-11-08T00:00:00,46.15650630763466,46.749892831392785,46.0743446680425,46.48514938354492,7677183.0
2023-11-09T00:00:00,46.3756061823839,46.841190012643956,46.22041389393633,46.430381774902344,5052753.0
2023-11-10T00:00:00,46.57644444712471,46.57644444712471,45.512908580090986,45.94654083251953,7015416.0
2023-11-13T00:00:00,46.238670702594554,46.2934428106143,45.681797721336764,45.89176559448242,6594413.0
2023-11-14T00:00:00,45.99218847970555,47.133320563484254,45.864382243515735,46.905094146728516,10170207.0
2023-11-15T00:00:00,47.12418470482567,47.92754258418222,46.96899242899025,47.45283126831055,9149010.0
2023-11-16T00:00:00,46.923347488859356,47.288507625811384,46.71337614410044,47.042022705078125,9014237.0
2023-11-17T00:00:00,47.197223295807945,47.99145024453778,47.13332017823536,47.662803649902344,6024141.0
2023-11-20T00:00:00,47.744965607497015,48.24706302701279,47.46196707997546,48.21967697143555,5811694.0
2023-11-21T00:00:00,48.383997493885914,49.223868986350624,47.525867471264334,47.79060745239258,8606073.0
2023-11-22T00:00:00,47.900158976651376,48.155771435762524,47.62628450479393,47.763221740722656,6520070.0
2023-11-23T00:00:00,47.4710901488053,47.86363982670941,47.124185053398755,47.71757507324219,6229716.0
2023-11-24T00:00:00,47.71757681373028,48.24706025843984,47.71757681373028,47.93667221069336,4064948.0
2023-11-27T00:00:00,47.808866678781456,47.9458039157229,47.4710925721068,47.70844650268555,3948583.0
2023-11-28T00:00:00,47.48021661459074,47.57150926001051,47.0055087882413,47.242862701416016,5000383.0
2023-11-29T00:00:00,47.343286664121564,48.174030650494345,47.26112501788871,48.000579833984375,7268157.0
2023-11-30T00:00:00,47.407184261096624,48.146638991111736,47.407184261096624,47.4345703125,14081750.0
2023-12-01T00:00:00,47.489351451247366,47.71757785951991,46.93247845786896,47.38893127441406,6521648.0
2023-12-04T00:00:00,48.51180744002797,50.008972203034844,48.00971001084281,49.570777893066406,16607704.0
2023-12-05T00:00:00,53.86142793924088,54.5004625265371,50.61148289803558,52.58335876464844,40481811.0
2023-12-06T00:00:00,52.94852205827534,54.02575088909208,52.54684486875962,53.24978256225586,18443799.0
2023-12-07T00:00:00,53.0854627469307,53.496267486488826,51.96258577926563,52.8389778137207,11057970.0
2023-12-08T00:00:00,53.66059214888352,54.52785319923891,53.17675327637791,54.13530349731445,13748092.0
2023-12-11T00:00:00,54.5004664418871,54.72869284785609,53.8249147479371,54.363529205322266,8344256.0
2023-12-12T00:00:00,54.36352575271182,55.25817278939649,54.06226872684395,54.77433395385742,11943761.0
2023-12-13T00:00:00,54.59175142053342,55.06646272640255,54.07139553346613,54.09878158569336,10505250.0
2023-12-14T00:00:00,54.86562217380248,56.508854950122114,54.77433301176619,56.371917724609375,15352376.0
2023-12-15T00:00:00,56.47234137049897,57.04747287763363,56.07066067489955,56.25324249267578,19278144.0
2023-12-18T00:00:00,56.180210808969775,56.563629484947974,55.64159637191102,55.77853012084961,9331452.0
2023-12-19T00:00:00,55.869825189449706,56.58189046565948,55.869825189449706,56.2349853515625,8493296.0
2023-12-20T00:00:00,56.6001462260029,57.26656688463986,56.2532411288842,57.14788818359375,10764397.0
2023-12-21T00:00:00,56.82837260554786,56.910534247408435,56.088917828802686,56.563629150390625,5377151.0
2023-12-22T00:00:00,56.60014313328035,57.39436997312678,56.55449855305161,57.23917770385742,6779307.0
2023-12-27T00:00:00,57.35786263986981,58.11557250500088,57.29395604164562,57.69563674926758,7098786.0
2023-12-28T00:00:00,57.695634676523134,57.85995796329079,57.312212513245775,57.7686653137207,4655155.0
2023-12-29T00:00:00,57.76866426262095,58.079052300594746,57.549568872556186,57.61347198486328,5980913.0
2024-01-02T00:00:00,57.832569801488184,58.68157230914341,57.59521587188262,58.21599197387695,5634704.0
2024-01-03T00:00:00,58.26163411915768,58.32553723147048,57.239180839694406,57.44001770019531,7249289.0
2024-01-04T00:00:00,57.38524352818032,57.82343777503355,57.312209412475625,57.686500549316406,6115209.0
2024-01-05T00:00:00,57.69563606185811,57.98776558257973,57.193538665771484,57.193538665771484,3384803.0
2024-01-08T00:00:00,56.636665676592806,57.52218176267279,56.60927613983586,57.339603424072266,8414566.0
2024-01-09T00:00:00,57.51305319811883,57.85082729736861,56.874018577203586,57.157020568847656,9840267.0
2024-01-10T00:00:00,57.22092540182439,57.69563674926758,56.78273111552112,57.69563674926758,5908953.0
2024-01-11T00:00:00,58.29815363791515,59.640126018018485,57.60434341430664,57.60434341430664,9994565.0
2024-01-12T00:00:00,57.513052185916116,58.58115005493164,57.20266414593188,58.58115005493164,9814572.0
2024-01-15T00:00:00,58.75460571907112,58.836763880953946,58.24337732289612,58.47160720825195,2985776.0
2024-01-16T00:00:00,58.471606522854934,58.80937713763668,58.033408769865126,58.380313873291016,4988913.0
2024-01-17T00:00:00,57.96950635677781,58.398573108765895,57.54043960478973,57.978633880615234,6509908.0
2024-01-18T00:00:00,58.2890191547031,58.73634093308344,58.03340670991433,58.62679672241211,6695520.0
2024-01-19T00:00:00,57.485668209727386,57.77779773056709,56.171081883490174,56.28976058959961,13178002.0
2024-01-22T00:00:00,56.68231345338864,56.89228134057075,55.541181360577994,55.93373107910156,14194605.0
2024-01-23T00:00:00,54.77433540322546,58.99196173664391,53.60581736234335,57.996891021728516,25098244.0
2024-01-24T00:00:00,55.59595631084182,56.673185272576006,54.774339820550075,55.139503479003906,23940304.0
2024-01-25T00:00:00,54.57349568760034,55.687241634680674,54.44568946071411,55.4316291809082,11144775.0
2024-01-26T00:00:00,55.37685117540471,55.431626762734325,54.53697973110066,55.38597869873047,6447557.0
2024-01-29T00:00:00,55.2125289203425,55.74201582697838,54.984302525921876,55.130367279052734,5992526.0
2024-01-30T00:00:00,55.32207870805061,55.55030511110768,53.82491406118959,54.00749588012695,20572606.0
2024-01-31T00:00:00,52.683783095473224,53.30455920275228,52.16342716473323,52.70204162597656,14755519.0
2024-02-01T00:00:00,52.77507294481522,53.313687377449774,51.97171505763216,52.00823211669922,10632878.0
2024-02-02T00:00:00,52.30949019919144,52.492072015737875,51.798265291811596,51.87129592895508,8519813.0
2024-02-05T00:00:00,52.00823524307168,52.25472018290361,51.49700683277671,51.79826736450195,5677781.0
2024-02-06T00:00:00,51.734360086268595,51.76174962308466,50.96752270459042,51.560909271240234,6888035.0
2024-02-07T00:00:00,51.4970054642778,51.542650048413265,50.885360375453786,50.91274642944336,6495788.0
2024-02-08T00:00:00,50.912745058528486,51.780006063583954,50.67538765548167,51.66132736206055,6681288.0
2024-02-09T00:00:00,51.35093968200757,55.49553191613209,51.086196223856966,52.19081115722656,23235255.0
2024-02-12T00:00:00,52.190816707803336,52.720303680416336,51.57917156612161,52.02649688720703,6162061.0
2024-02-13T00:00:00,51.96258757983512,52.03562170292816,50.69364929199219,50.69364929199219,8853982.0
2024-02-14T00:00:00,50.666260456067945,50.721036045381176,50.1550320698532,50.43803405761719,7508582.0
2024-02-15T00:00:00,50.80319527377233,51.33267868213674,50.65713052500371,51.03142166137695,5514500.0
2024-02-16T00:00:00,50.94013109056469,51.17748849351265,50.55671241536045,50.78493881225586,7649180.0
2024-02-19T00:00:00,50.666261495354526,51.3326821746056,50.620616911219784,51.20487594604492,2957669.0
2024-02-20T00:00:00,51.204873860840415,51.44222777815046,50.4471605617175,51.15922927856445,6874413.0
2024-02-21T00:00:00,50.8944868545187,51.03142408657254,50.10025996299844,50.43803405761719,4601153.0
2024-02-22T00:00:00,50.766682009497444,51.35094104823061,50.739295955325126,51.177490234375,4763588.0
2024-02-23T00:00:00,51.268776295725544,51.542647268224385,51.077066963222194,51.53351974487305,3981507.0
2024-02-26T00:00:00,51.487877595586795,51.5609082332227,51.022293786131165,51.232261657714844,3334229.0
2024-02-27T00:00:00,50.80320214311747,51.67045974731445,50.49281407470778,51.67045974731445,7477046.0
2024-02-28T00:00:00,51.670456632137615,52.40078391315918,50.8671021949476,51.15010070800781,8776104.0
2024-02-29T00:00:00,51.22313586185391,51.73436078992604,50.95839239126877,51.33268356323242,9408381.0
2024-03-01T00:00:00,51.332686676005956,51.54265456740482,51.150104840997734,51.41484832763672,5332484.0
2024-03-04T00:00:00,51.48788069855483,51.75262069370562,51.37832951181099,51.63394546508789,3553453.0
2024-03-05T00:00:00,51.633940264529066,52.099520572691695,51.4057138721544,51.47874450683594,5617277.0
2024-03-06T00:00:00,51.1500986453201,52.190810451611775,51.086195533176465,52.154296875,5493173.0
2024-03-07T00:00:00,52.0356192171569,52.4920720173074,51.57003889328513,52.01736068725586,5007473.0
2024-03-08T00:00:00,52.14517211972332,52.373398542582265,51.61568862956916,52.02649688720703,7939908.0
2024-03-11T00:00:00,51.761752011380636,52.30949401855469,51.61568724397031,52.30949401855469,4308266.0
2024-03-12T00:00:00,52.309486795683895,53.304553974536695,52.26384221513177,53.15848922729492,6791802.0
2024-03-13T00:00:00,53.16762301728845,53.551041692956034,52.98504120305978,53.41410446166992,6696572.0
2024-03-14T00:00:00,53.4141027245207,53.67884617241928,53.112845700930656,53.48713684082031,6356504.0
2024-03-15T00:00:00,53.596687319160075,54.637399153324964,53.596687319160075,54.180946350097656,12982932.0
2024-03-18T00:00:00,54.20833441578225,54.409171275682105,51.113585051049824,51.250518798828125,18505704.0
2024-03-19T00:00:00,50.91274778664397,51.734360770360006,50.775810548128646,51.65220260620117,10972213.0
2024-03-20T00:00:00,51.65220156572929,52.36426683376454,51.36919957031239,52.05387878417969,10374934.0
2024-03-21T00:00:00,52.59249530817542,52.80246319079636,51.93520212260816,52.56510925292969,9514997.0
2024-03-22T00:00:00,52.400779724121094,52.79332938742837,52.35513166086253,52.400779724121094,5730193.0
2024-03-25T00:00:00,52.27297838501574,52.63814205475302,51.61568865493103,51.85304260253906,8515324.0
2024-03-26T00:00:00,51.807390424910395,52.54684518069544,51.004032558651645,52.437294006347656,8276222.0
2024-03-27T00:00:00,52.43729575024917,53.103716411965436,52.12690771085791,52.97591018676758,6289020.0
2024-03-28T00:00:00,53.039812590886896,54.18094456127998,52.619876861572266,52.619876861572266,5383509.0
2024-04-02T00:00:00,53.13110733142122,53.66059077566751,52.3460079476636,52.69291305541992,8788331.0
2024-04-03T00:00:00,52.40078217093462,53.29542922973633,52.32774805227728,53.29542922973633,7108958.0
2024-04-04T00:00:00,53.19263166677459,53.64120233763793,52.63192367553711,52.63192367553711,9098043.0
2024-04-05T00:00:00,51.84692613481685,52.10858936747409,51.02455139160156,51.02455139160156,11350743.0
2024-04-08T00:00:00,50.931104651243324,51.75347944928705,50.800273026192045,51.47312545776367,10644349.0
2024-04-09T00:00:00,51.36097782863656,52.18335257575354,51.09931459473786,51.884307861328125,8876693.0
2024-04-10T00:00:00,51.90300179384028,52.63192288447211,51.2301493625528,51.36098098754883,9704039.0
2024-04-11T00:00:00,51.360981435255034,51.58526676927073,50.744201222829936,51.08062744140625,8865389.0
2024-04-12T00:00:00,50.931107252945566,51.13670185418244,50.33301775650512,50.482540130615234,10661790.0
2024-04-15T00:00:00,50.48253673324437,51.19276707124671,49.940515935512984,50.09003829956055,10323689.0
2024-04-16T00:00:00,53.26739054987455,54.183215433295615,50.72550691269334,50.968482971191406,34680460.0
2024-04-17T00:00:00,50.46384702411236,51.30491256713867,49.54802207998062,51.30491256713867,18721337.0
2024-04-18T00:00:00,51.286220519859555,52.93096651614156,50.669440325642014,52.20204544067383,12812532.0
2024-04-19T00:00:00,52.127279301890546,52.61322784423828,51.734784458971674,52.61322784423828,8594866.0
2024-04-22T00:00:00,52.519784206237205,53.84679481822708,52.42633049524841,53.45429992675781,11544181.0
2024-04-23T00:00:00,53.790726283251765,54.37012503316905,53.622513167970205,54.14583969116211,8986798.0
2024-04-24T00:00:00,54.44488278679852,54.72524034703207,53.26739458041656,53.60382080078125,9312694.0
2024-04-25T00:00:00,53.641195927448564,54.10845371927339,53.32346048641191,53.62250518798828,6097918.0
2024-04-26T00:00:00,53.82809747385444,53.92155117338087,53.21131731655653,53.641197204589844,4314931.0
2024-04-29T00:00:00,53.41691548957852,53.43560623074309,52.388949679787636,52.78144454956055,9263516.0
2024-04-30T00:00:00,52.80013446434378,52.893584603809664,52.239426497759794,52.53847122192383,4659435.0
2024-05-02T00:00:00,52.31418354305079,52.519778118500454,51.77216634172097,52.27680206298828,9209308.0
2024-05-03T00:00:00,52.538471607027276,53.30477416392634,52.44501790198206,53.061798095703125,6132503.0
2024-05-06T00:00:00,53.043106720267275,53.566436767578125,52.96834732201961,53.566436767578125,5244659.0
2024-05-07T00:00:00,53.566434268672836,54.706544449140885,53.3795304344314,54.55702209472656,6608599.0
2024-05-08T00:00:00,54.50095284902633,54.66916595253337,54.10845798410614,54.25798034667969,2839662.0
2024-05-10T00:00:00,54.42619450138779,55.04297470452811,54.25798139463185,54.38881301879883,5220623.0
2024-05-13T00:00:00,54.53833325075314,54.986900329589844,54.052384690789815,54.986900329589844,5181758.0
2024-05-14T00:00:00,54.9308327057523,58.03342460107182,54.72524167213589,57.865211486816406,17531940.0
2024-05-15T00:00:00,57.528779888588886,57.75306162950059,56.014862095411864,56.12700653076172,7648237.0
2024-05-16T00:00:00,56.63164353904221,57.09890133578313,56.18307648195821,57.00545120239258,11508605.0
2024-05-17T00:00:00,57.00545689162374,57.58485561923702,55.97749106215879,57.435333251953125,13192513.0
2024-05-20T00:00:00,57.47271408573274,57.939971923828125,57.117597130609816,57.939971923828125,7128793.0
2024-05-21T00:00:00,57.9399702380261,59.06138972980546,57.49140315429321,58.313777923583984,14259113.0
2024-05-22T00:00:00,58.3511562052308,59.939833531448095,58.3511562052308,59.7529296875,13227550.0
2024-05-23T00:00:00,59.97721416745194,60.164114443870155,59.08008000702517,59.45388412475586,9426878.0
2024-05-24T00:00:00,59.154839614216826,59.75292905662055,58.76234475447473,59.28567123413086,8712717.0
2024-05-27T00:00:00,59.08008171314665,59.323054218443474,58.35115706746744,59.192222595214844,4096906.0
2024-05-28T00:00:00,59.2482984034504,59.32305780772098,58.66889608710413,59.30436706542969,6861137.0
2024-05-29T00:00:00,59.210913768817804,59.28567316911115,58.70627444848376,58.855796813964844,5165537.0
2024-05-30T00:00:00,58.74365527925535,60.61268660947719,58.65020157380765,60.388404846191406,6770565.0
2024-05-31T00:00:00,60.4631619467821,60.780900987062985,59.97721692785639,60.35102462768555,20825179.0
2024-06-03T00:00:00,60.61268552340923,62.1079091348373,60.61268552340923,61.11732482910156,9865457.0
2024-06-04T00:00:00,61.11732714030206,61.547203499231955,60.87435106619773,61.210777282714844,9862699.0
2024-06-05T00:00:00,61.43505885445485,62.12660559163856,61.32292153583282,61.49113464355469,4934256.0
2024-06-07T00:00:00,61.30422883148472,62.08922573129592,61.21077868692813,61.86493682861328,7298826.0
2024-06-10T00:00:00,61.58458052462769,61.7154121404937,60.57530194812851,60.85565948486328,6182832.0
2024-06-11T00:00:00,60.706134814453364,60.706134814453364,59.19222048341431,59.84638214111328,6321586.0
2024-06-12T00:00:00,59.659479560396676,59.88376488615995,58.98662714800116,59.80900192260742,6756210.0
2024-06-13T00:00:00,58.42592028577114,59.30436373475889,58.07080333196998,58.108184814453125,10940557.0
2024-06-14T00:00:00,58.05211045965405,58.29508652198057,57.22973926458001,57.734375,5891246.0
2024-06-17T00:00:00,57.734374791128815,58.276395570593024,57.6222339130961,57.902587890625,5510118.0
2024-06-18T00:00:00,58.08948856703615,58.57543709857196,57.95865695564075,58.369842529296875,5179462.0
2024-06-19T00:00:00,58.164257026773164,58.55675189808614,57.95866243805053,58.0521125793457,5668211.0
2024-06-20T00:00:00,58.22032713058122,58.93056105567181,58.014736101650335,58.874488830566406,15845863.0
2024-06-24T00:00:00,58.818411790886884,60.70613376951598,58.818411790886884,60.68744659423828,8667584.0
2024-06-25T00:00:00,60.35102228727997,60.87434876887295,59.80900150003663,60.14542770385742,6517973.0
2024-06-26T00:00:00,60.18281634428262,60.68745571004206,59.9959089144887,60.36971664428711,5663044.0
2024-06-27T00:00:00,60.164114875086526,61.39767524573825,60.145427699226175,61.11732482910156,7181374.0
2024-06-28T00:00:00,61.621966268472946,62.14529276814596,60.874350871978216,61.49113464355469,6234908.0
2024-07-01T00:00:00,61.80886707621923,62.70600128173828,61.80886707621923,62.70600128173828,6283312.0
2024-07-02T00:00:00,62.55648358386789,62.64993372842448,61.64065505571966,61.86493682861328,7067405.0
2024-07-03T00:00:00,61.8088683897322,62.12660743811211,61.640655277010836,61.69672393798828,3662236.0
2024-07-04T00:00:00,60.61268573351549,61.36030110671533,60.35102249183213,60.94911193847656,6518879.0
2024-07-05T00:00:00,60.9491127738,61.65934667509493,60.68744952853048,61.2481575012207,3977854.0
2024-07-08T00:00:00,61.229465179501275,63.84611197657105,60.7995888155149,63.453617095947266,8562868.0
2024-07-09T00:00:00,63.73397077324534,63.97694686258549,62.78076785320213,62.98636245727539,5963045.0
2024-07-10T00:00:00,62.986357993794904,63.84611070463981,62.81814488690883,63.490997314453125,5260306.0
2024-07-11T00:00:00,63.80872385392634,63.82741815855696,62.724689468360495,63.47229766845703,7463502.0
2024-07-12T00:00:00,66.7057221638928,69.3784373984614,64.35074594654247,66.23846435546875,30662402.0
2024-07-15T00:00:00,65.60298849077081,65.97679613520522,64.20121517148266,64.38812255859375,12163729.0
2024-07-16T00:00:00,64.96752280541476,66.59358511866658,64.5002649951262,66.29454040527344,8859422.0
2024-07-17T00:00:00,66.76180567208596,67.07953759627075,66.31323498700189,66.46276092529297,9725340.0
2024-07-18T00:00:00,66.76179477674295,67.39726565119459,65.26656415700637,66.70571899414062,8600441.0
2024-07-19T00:00:00,66.55620426428789,66.59358574503717,65.73382594738028,65.78990173339844,5523318.0
2024-07-22T00:00:00,66.31322879602061,67.22905725807911,65.86466528260344,67.00476837158203,6312416.0
2024-07-23T00:00:00,67.2851312762194,67.6776261641813,66.98608653351666,67.02346801757812,4830725.0
2024-07-24T00:00:00,66.85524811458029,67.00476690585246,66.29454017018007,66.3506088256836,4254128.0
2024-07-25T00:00:00,66.14502644185346,67.04216074422325,65.88336316155265,66.53752136230469,8331744.0
2024-07-26T00:00:00,66.5375105794627,67.24774446074515,66.08894706586531,67.11691284179688,3954801.0
2024-07-29T00:00:00,67.64024143211165,68.61213858167343,67.37857818603516,67.37857818603516,7839228.0
2024-07-30T00:00:00,68.18226327218756,68.64952111297539,67.99536298778794,68.59345245361328,8630714.0
2024-07-31T00:00:00,68.83642363883948,68.98594242978352,67.6589319673312,68.46261596679688,7870786.0
2024-08-01T00:00:00,68.74297379211592,69.15416298871646,67.88322104448666,68.51869201660156,7571817.0
2024-08-02T00:00:00,67.88321344888585,67.88321344888585,66.2010824962728,66.6870346069336,8004172.0
2024-08-05T00:00:00,64.59372964414555,64.91146156916045,63.11719308371481,64.51896667480469,8648012.0
2024-08-06T00:00:00,64.91145622196336,65.13573798172116,64.05170353473464,64.61241149902344,6964056.0
2024-08-07T00:00:00,64.4815810913042,65.58430986472385,64.21991784503322,65.43478393554688,7360180.0
2024-08-08T00:00:00,64.48158088017134,65.60299682617188,63.3601649341708,65.60299682617188,5757976.0
2024-08-09T00:00:00,65.88335949560019,66.46276181959058,65.47217028955608,65.67776489257812,4029332.0
2024-08-12T00:00:00,65.97679864634345,66.5001322203853,65.82727986075156,66.42536926269531,3572650.0
2024-08-13T00:00:00,66.31323430093934,66.8739423041516,65.92073941166967,66.85525512695312,3839167.0
2024-08-14T00:00:00,67.19167859632383,67.41596036244316,66.61227630991104,67.09822845458984,4663700.0
2024-08-15T00:00:00,67.19167643164128,68.76166300347467,67.09822629291793,68.55606842041016,7075953.0
2024-08-16T00:00:00,68.76166448576384,69.43451690673828,68.61213855675231,69.43451690673828,6068936.0
2024-08-19T00:00:00,69.90178265619282,69.90178265619282,69.09809852121502,69.26631164550781,5727811.0
2024-08-20T00:00:00,69.26630440330983,69.39713602743728,68.5000018349396,68.7055892944336,6063625.0
2024-08-21T00:00:00,68.98594201805855,69.06070497797853,68.25702098330943,68.79904174804688,3870350.0
2024-08-22T00:00:00,68.7803514499131,69.67748563184982,68.76166427373865,69.60272979736328,3946957.0
2024-08-23T00:00:00,69.62141106418574,70.6493767814577,69.3971293201854,70.20081329345703,4448017.0
2024-08-26T00:00:00,70.08867765727796,71.023193359375,70.01391468996084,71.023193359375,3205563.0
2024-08-27T00:00:00,71.02319172087415,71.17271765205884,70.4811709150129,70.53724670410156,5079711.0
2024-08-28T00:00:00,70.53724577480132,71.21009106690147,70.18212525781067,70.87366485595703,3910753.0
2024-08-29T00:00:00,70.68675426508422,71.88293300519337,70.64937278823236,71.11663055419922,6728514.0
2024-08-30T00:00:00,70.83629468284978,71.65866595268535,70.70546305196207,71.50914001464844,8058027.0
2024-09-02T00:00:00,71.47176101175387,71.62127981027766,71.1540219789842,71.21009063720703,1756531.0
2024-09-03T00:00:00,71.34092689925149,71.95771069897002,71.13533942913446,71.50914001464844,6268159.0
2024-09-04T00:00:00,70.55593550832648,71.21009364787882,70.40640957369224,71.023193359375,4226957.0
2024-09-05T00:00:00,71.11663886662453,71.52782803026902,70.31295484484039,70.83628845214844,6168594.0
2024-09-06T00:00:00,70.49986631913725,70.61200363948316,69.34106172377737,69.69618225097656,5976442.0
2024-09-09T00:00:00,70.08867096658254,70.68676038844765,69.58403168004855,70.46247863769531,4161660.0
2024-09-10T00:00:00,70.46248071673499,70.78021261219331,70.27557331076963,70.61199951171875,3245106.0
2024-09-11T00:00:00,70.61199801939702,70.64937949980006,69.67748239868594,69.84569549560547,3950578.0
2024-09-12T00:00:00,70.57461845201075,71.02318909921804,70.20081789742467,70.27557373046875,5893167.0
2024-09-13T00:00:00,70.331659011338,71.02319868641732,69.6588065145951,70.92974853515625,4482171.0
2024-09-16T00:00:00,70.63069706406807,71.17271787160126,70.36903381347656,70.36903381347656,5337036.0
2024-09-17T00:00:00,70.31295566123148,70.68676334799501,69.93914797446796,70.0512924194336,6165614.0
2024-09-18T00:00:00,70.38771841210507,70.38771841210507,69.80831614288086,70.2195053100586,5002376.0
2024-09-19T00:00:00,70.76152233198353,71.65865645189189,70.5559277593359,71.30354309082031,5360657.0
2024-09-20T00:00:00,71.02318909486236,72.21936798095703,71.02318909486236,72.21936798095703,11636631.0
2024-09-23T00:00:00,72.23805888915426,73.35947475967994,72.23805888915426,72.74269104003906,5442990.0
2024-09-24T00:00:00,72.74270121775058,72.83615849486054,71.02319569172347,72.78008270263672,4414250.0
2024-09-25T00:00:00,72.87353676849756,73.37816896775024,72.51841624262259,73.2473373413086,4541746.0
2024-09-26T00:00:00,73.82673663736216,73.8641181190823,73.20995288366288,73.54637908935547,4834210.0
2024-09-27T00:00:00,73.54638556309082,73.77067447315409,72.49973250195254,72.72401428222656,7432449.0
2024-09-30T00:00:00,72.70531584205312,73.06042919995988,71.69603729248047,71.69603729248047,8027714.0
2024-10-01T00:00:00,72.35240595793566,72.35240595793566,71.72458183983962,71.952880859375,4589596.0
2024-10-02T00:00:00,71.91482978821287,72.92316436767578,71.0777285452107,72.92316436767578,3765883.0
2024-10-03T00:00:00,72.78997881088823,73.20853304235398,71.66749840081664,71.99092864990234,3184557.0
2024-10-04T00:00:00,71.99093288949764,72.84706329632539,71.83872870273045,72.73291015625,4182519.0
2024-10-07T00:00:00,72.78998111514528,73.34171039090768,72.31435393069388,73.28463745117188,2863773.0
2024-10-08T00:00:00,73.13243554488476,73.72221588466027,72.71388854463625,73.60806274414062,3384421.0
2024-10-09T00:00:00,73.70319408376584,73.96954415448882,72.98023870787841,73.87442016601562,4154555.0
2024-10-10T00:00:00,74.14077126609371,74.73054435731282,73.51293986996279,73.68416595458984,4394790.0
2024-10-11T00:00:00,73.47489104285482,74.40712358899401,73.30366495305356,73.83637237548828,3861369.0
2024-10-14T00:00:00,73.81734628377761,75.3583811558981,73.66514934069545,74.50225067138672,6875462.0
2024-10-15T00:00:00,80.85662815065362,84.09089472817887,79.29657143517007,82.53083801269531,33638381.0
2024-10-16T00:00:00,84.09089223424765,84.43334440627022,82.18838339300899,84.05284118652344,14202273.0
2024-10-17T00:00:00,84.16698893548521,84.18601082938058,82.66400530543311,83.23475646972656,10073210.0
2024-10-18T00:00:00,82.87328649637733,84.6806640625,82.43571034034272,84.6806640625,6719306.0
2024-10-21T00:00:00,85.40361513753255,85.49873912187536,83.97673359990617,84.90896606445312,8456506.0
2024-10-22T00:00:00,84.66164753797598,84.81385173624889,83.59623992255247,84.35724639892578,5483483.0
2024-10-23T00:00:00,84.35724044648221,85.21337085761773,84.16699246956104,85.04214477539062,6519909.0
2024-10-24T00:00:00,85.04214519378596,85.78412246792213,84.7377440747174,85.21337127685547,6419810.0
2024-10-25T00:00:00,85.21337211029673,85.7841233069457,85.15629191038518,85.55582427978516,5133473.0
2024-10-28T00:00:00,85.8031473111689,86.65927775593572,85.5748482783962,86.58317565917969,5412592.0
2024-10-29T00:00:00,87.03977299035333,87.36319598562712,86.43097078719524,86.67829895019531,5619205.0
2024-10-30T00:00:00,86.5641489188394,86.83049898508277,86.10754362135431,86.20267486572266,6103325.0
2024-10-31T00:00:00,85.5938706333873,85.66996546660441,84.43333915126226,84.64261627197266,7364263.0
2024-11-01T00:00:00,84.60456792939475,85.19434100751603,84.47139289514188,85.13726806640625,3235259.0
2024-11-04T00:00:00,85.6128941377547,85.80314211061838,84.68066165273468,85.06116485595703,6269132.0
2024-11-05T00:00:00,84.66163891323701,84.96604002127694,83.78648663480907,84.71871185302734,5096430.0
2024-11-06T00:00:00,85.23239364281908,85.42264887922315,83.82454118090487,84.41431427001953,7231369.0
2024-11-07T00:00:00,84.01478673560023,85.21336928912811,83.501108498374,83.65331268310547,6290291.0
2024-11-08T00:00:00,83.65331283141451,84.22406401017943,83.08255439515459,84.09088897705078,5863974.0
2024-11-11T00:00:00,84.7567575856212,84.87091071554092,83.76745223213372,84.16698455810547,5230263.0
2024-11-12T00:00:00,83.710392029535,84.26212135516496,82.96841471592705,83.13964080810547,5506916.0
2024-11-13T00:00:00,83.42500459759209,84.07185785368894,82.9684065682854,83.67233276367188,5927896.0
2024-11-14T00:00:00,83.71038818359375,83.99576740994499,82.644980630377,83.71038818359375,4996826.0
2024-11-15T00:00:00,83.21573345518436,83.40598142155523,82.68302608585549,83.15865325927734,6186804.0
2024-11-18T00:00:00,83.02548172569364,83.91966317175931,82.5688836841884,83.82453918457031,4819392.0
2024-11-19T00:00:00,83.82453752660784,85.11824404777616,82.45472891419551,84.28113555908203,11190558.0
2024-11-20T00:00:00,85.13726605780867,85.13726605780867,83.19670627341287,83.57720947265625,4951434.0
2024-11-21T00:00:00,83.57720877902422,83.78648589974595,82.60692526613154,83.67233276367188,5062132.0
2024-11-22T00:00:00,83.80551574886576,85.04214943915653,83.76746469989577,84.81385040283203,6260542.0
2024-11-25T00:00:00,85.25142293230833,85.32751776949715,84.03381118984966,84.85189056396484,12739618.0
2024-11-26T00:00:00,85.194346903014,85.95535337211685,84.73774882754874,85.42265319824219,6484739.0
2024-11-27T00:00:00,85.42265013886366,85.84119715013414,84.92799377441406,84.92799377441406,5195067.0
2024-11-28T00:00:00,85.04213602147973,85.25141312904792,84.66163284930981,84.96603393554688,1880962.0
2024-11-29T00:00:00,84.79482258271698,84.88994657788973,84.35724639892578,84.35724639892578,9298026.0
2024-12-02T00:00:00,83.9386881511619,86.77342952154636,83.71038912201871,85.63191986083984,5590441.0
2024-12-03T00:00:00,85.70801603002221,86.4690224178727,85.70801603002221,86.31681823730469,5445406.0
2024-12-04T00:00:00,86.5641416956648,87.32514804214092,85.06115815299637,86.37389373779297,6401482.0
2024-12-05T00:00:00,86.27877335073516,87.47735595703125,86.18364935983762,87.47735595703125,4981580.0
2024-12-06T00:00:00,87.32516286891983,87.45833791354055,86.6212293387868,86.90660858154297,4381361.0
2024-12-09T00:00:00,86.84952746853665,87.8388256333996,86.75439622490046,87.43930053710938,4840717.0
2024-12-10T00:00:00,86.86854734544869,87.26807243246088,86.37389827450428,86.84952545166016,4834591.0
2024-12-11T00:00:00,86.84953511481956,87.26808214218917,85.46069721640242,86.29780578613281,5862031.0
2024-12-12T00:00:00,86.08852076268458,86.65927193502661,85.72704671361679,86.56414794921875,5517615.0
2024-12-13T00:00:00,86.35487802815277,86.86855630335108,86.22170298541567,86.39292907714844,4898688.0
2024-12-16T00:00:00,86.71635385366953,86.86855078248395,85.9363182850761,86.27877044677734,4583951.0
2024-12-17T00:00:00,85.6128961048995,85.78412218740911,84.6806635984594,85.47972106933594,7816993.0
2024-12-18T00:00:00,85.70801926310695,86.83049973590659,85.51777128771516,86.27877044677734,6356336.0
2024-12-19T00:00:00,85.30849442467907,86.03144979689955,84.4523640177726,84.87091827392578,7562151.0
2024-12-20T00:00:00,84.41431510154374,84.75676727294922,83.21573975911986,84.75676727294922,12401614.0
2024-12-23T00:00:00,84.4523640177726,85.23239233128848,83.71038675095201,84.87091827392578,3226503.0
2024-12-27T00:00:00,85.08020101289546,85.59387929091555,84.62359567993464,85.42265319824219,4016524.0
2024-12-30T00:00:00,84.96604860081077,85.9934051657445,84.90897565525744,85.49874877929688,4456547.0
2025-01-02T00:00:00,85.6128942640635,86.507075704331,85.42264629091912,86.46902465820312,4202398.0
2025-01-03T00:00:00,86.14559370267031,86.62122088920448,85.89827279106888,86.56414794921875,4285916.0
2025-01-07T00:00:00,86.83050335389733,87.38223266601562,85.68900093899323,87.38223266601562,5629605.0
2025-01-08T00:00:00,87.32515396327406,88.27640833212239,86.90659971858244,87.534423828125,5830709.0
2025-01-09T00:00:00,88.16225533696068,89.30375767841669,87.89590527445395,88.9422836303711,5241067.0
2025-01-10T00:00:00,88.94228331835967,89.2466844255131,87.9910289513184,88.06713104248047,4254183.0
2025-01-13T00:00:00,87.05880102552054,87.05880102552054,84.68066498370403,85.28947448730469,4963064.0
2025-01-14T00:00:00,85.66996666702383,87.0397752890532,85.23239052554109,87.00172424316406,5624810.0
2025-01-15T00:00:00,87.72468321849581,90.46429331806183,87.53442798120255,90.38819122314453,8200438.0
2025-01-16T00:00:00,90.08379136887578,90.19794451285841,88.42861069735187,89.76036834716797,5880307.0
2025-01-17T00:00:00,89.89354977543321,90.95895742250723,89.64622157464007,90.65455627441406,7284476.0
2025-01-20T00:00:00,90.65454384503396,91.45359402766213,90.29306254170658,90.44526672363281,3598313.0
2025-01-21T00:00:00,89.1325369126062,90.92089988027766,88.75204094777811,90.90187072753906,7018729.0
2025-01-22T00:00:00,91.2633469482462,92.49997327973634,91.05406982480304,91.9292221069336,6254512.0
2025-01-23T00:00:00,91.03504384755755,92.91853076672898,91.03504384755755,92.86145782470703,7696763.0
2025-01-24T00:00:00,85.13727197556732,86.03145346731816,81.02785310458835,81.046875,43880869.0
2025-01-27T00:00:00,79.3916868516689,83.42500324688513,79.18240973433548,82.01715087890625,12627495.0
2025-01-28T00:00:00,81.73177860586021,81.84593174977034,80.76150228385774,80.97077941894531,9601043.0
2025-01-29T00:00:00,80.85662572881351,81.332252938983,80.36197662353516,80.36197662353516,8757805.0
2025-01-30T00:00:00,80.15269685701946,81.57957844065798,80.15269685701946,81.18004608154297,9460960.0
2025-01-31T00:00:00,81.21809739150495,81.33225053126459,79.60096782779947,79.7721939086914,8939129.0
2025-02-03T00:00:00,78.5355652129552,79.60097281159831,78.40239017031176,79.44876861572266,7474027.0
2025-02-04T00:00:00,79.44876307440099,79.7531641874257,78.1360346352622,79.16339111328125,7116985.0
2025-02-05T00:00:00,78.85899027435356,79.22046432935963,78.26920994066415,78.89704132080078,6163919.0
2025-02-06T00:00:00,79.23949208594064,79.71511927191268,78.74483574833256,79.08728790283203,4666494.0
2025-02-07T00:00:00,78.87801768786073,79.63902415506213,78.7067915956152,79.18241882324219,5843351.0
2025-02-10T00:00:00,79.33461919370048,80.43807053468252,79.10632016754819,79.75316619873047,6809380.0
2025-02-11T00:00:00,80.00049603809082,80.62832744491247,79.54389797630719,80.43807220458984,5092232.0
2025-02-12T00:00:00,80.89468057891641,81.99813198447895,80.78052743041177,80.93273162841797,5388906.0
2025-02-13T00:00:00,80.93272261223682,81.12297058105469,80.32392040302587,81.12297058105469,5795748.0
2025-02-14T00:00:00,80.97077574110625,81.23712580730313,80.51417044370089,80.83760070800781,4366659.0
2025-02-17T00:00:00,80.45710115759272,81.02785236215271,80.19075107929773,80.97077941894531,2446073.0
2025-02-18T00:00:00,81.04687327487335,81.37030354995017,80.72345025729176,81.3322525024414,3999414.0
2025-02-19T00:00:00,81.08491755350414,81.37029675724906,80.19074341292632,80.70441436767578,4908399.0
2025-02-20T00:00:00,80.89467999000195,81.4654312133789,80.78052684232833,81.4654312133789,5987707.0
2025-02-21T00:00:00,81.2751809602377,81.52250188706293,80.6283276564345,81.14200592041016,8380678.0
2025-02-24T00:00:00,80.45709824494206,81.92203088002734,80.41904719834952,80.9136962890625,5823764.0
2025-02-25T00:00:00,80.91369776047554,83.29183378454309,80.83760292340173,83.27281188964844,6920105.0
2025-02-26T00:00:00,83.71038660898606,84.62358995563922,83.65331366778744,84.43334197998047,9116356.0
2025-02-27T00:00:00,83.88161062029126,84.9279889755851,83.74843558911721,84.71871185302734,8848348.0
2025-02-28T00:00:00,84.09088598698688,84.6806590391586,83.36793064892714,83.86258697509766,10844986.0
2025-03-03T00:00:00,83.99576597241919,85.15629023789789,83.8816128323333,84.87091827392578,6706707.0
2025-03-04T00:00:00,84.03381228117891,84.03381228117891,81.23712921142578,81.23712921142578,6964868.0
2025-03-05T00:00:00,81.80787408854826,83.23475561334851,81.80787408854826,82.89230346679688,4728303.0
2025-03-06T00:00:00,83.59623992436232,83.86259727134569,82.13130717468414,82.94938659667969,6419941.0
2025-03-07T00:00:00,81.9791036545359,82.94937993944092,81.37030142528275,82.58790588378906,5380538.0
2025-03-10T00:00:00,82.60692678160727,82.96840809039273,81.78885469263349,81.80787658691406,4702426.0
2025-03-11T00:00:00,81.48445485332266,81.48445485332266,78.78288860113875,79.06826782226562,6714744.0
2025-03-12T00:00:00,79.25851740376562,79.71512271532025,76.46182710704463,77.20381164550781,10098934.0
2025-03-13T00:00:00,77.165761754338,78.0409140856445,76.78525853192356,77.45113372802734,6286078.0
2025-03-14T00:00:00,77.39405351885914,79.4297372215422,77.12770346542317,79.29656219482422,5786750.0
2025-03-17T00:00:00,79.1063181725563,79.84829543196061,78.59263993354678,79.16339111328125,4368388.0
2025-03-18T00:00:00,79.4487660581027,79.56291920133462,78.57361373247714,79.39169311523438,7319930.0
2025-03-19T00:00:00,78.6116628434364,79.10631919442575,78.30726172647952,78.97313690185547,6670268.0
2025-03-20T00:00:00,79.60096039965926,80.51416366003365,79.27753016260273,80.20976257324219,7198131.0
2025-03-21T00:00:00,79.69609680527284,80.26684802481556,78.78289340250541,79.44876861572266,12514954.0
2025-03-24T00:00:00,79.37266625741411,80.03854140756229,78.72581300120096,79.71511840820312,3484573.0
2025-03-25T00:00:00,79.41072124277021,80.24782250984596,78.7448388020892,79.58194732666016,5572635.0
2025-03-26T00:00:00,79.901313607355,80.40457215483228,79.16579324366472,79.43677520751953,6896972.0
2025-03-27T00:00:00,79.20449812905171,79.20449812905171,76.6882275585004,76.84307861328125,7913536.0
2025-03-28T00:00:00,76.35918028348735,77.15277348144122,75.75914352066187,76.2430419921875,5601675.0
2025-03-31T00:00:00,75.50751421318232,75.93334723071385,74.84941199686298,75.178466796875,7536362.0
2025-04-01T00:00:00,75.97206285896479,76.88179438209977,75.70108088621096,76.63016510009766,5789577.0
2025-04-02T00:00:00,75.97205473658089,76.08819301978943,73.8235444913002,75.10103607177734,7253197.0
2025-04-03T00:00:00,73.20416218263703,74.05582085766737,71.05565172894387,71.67504119873047,10616677.0
2025-04-04T00:00:00,71.5201975955695,72.1008743011194,68.32646463948761,69.77816009521484,8248275.0
2025-04-07T00:00:00,64.84239708854174,70.41690971165077,63.816534661568305,66.81670379638672,16253098.0
2025-04-08T00:00:00,67.35866694456398,69.10070442618311,65.86825874000202,68.38453674316406,11529602.0
2025-04-09T00:00:00,65.53921054227946,66.1585999987031,64.1262278833315,65.55856323242188,8241550.0
2025-04-10T00:00:00,69.91364883433127,70.45562014131067,68.19097146360403,68.4232406616211,9096268.0
2025-04-11T00:00:00,69.29426086471642,69.52653006769737,66.95219399342113,68.38453674316406,6065788.0
2025-04-14T00:00:00,69.21683884726713,71.42342223049535,68.96521694114973,71.2298583984375,9172387.0
2025-04-15T00:00:00,77.73345002715708,78.85609802320418,74.98491025813918,76.84307861328125,18867593.0
2025-04-16T00:00:00,76.92050616568987,76.97857162090898,75.29460696621078,76.30110931396484,10428193.0
2025-04-17T00:00:00,75.50751601466342,76.06884002685547,74.86877385683152,76.06884002685547,6301829.0
2025-04-22T00:00:00,76.37853693564394,77.73345420294281,75.3526744855786,77.42375946044922,8598137.0
2025-04-23T00:00:00,78.39155776070223,79.20450370441249,76.84308402241705,77.61731719970703,9032283.0
2025-04-24T00:00:00,77.50118574362054,77.59796396714366,75.81721364275661,76.688232421875,6669360.0
2025-04-25T00:00:00,76.63016228054194,78.1205704595544,76.55273675297396,77.3076171875,6804083.0
2025-04-28T00:00:00,77.03663635253906,77.77216410779366,76.49467241903821,77.03663635253906,5338111.0
2025-04-29T00:00:00,77.42375403821082,78.19799453207474,77.05599386466295,77.71409606933594,7217406.0
2025-04-30T00:00:00,78.35283494162341,78.75930786132812,77.81087104868381,78.75930786132812,5788390.0
2025-05-02T00:00:00,79.35935088125443,79.97874034621661,78.12057195133006,78.33348846435547,6898131.0
2025-05-05T00:00:00,78.33348960128541,78.37220236637053,77.19148887424176,78.06250762939453,3739548.0
2025-05-06T00:00:00,78.1592848701532,78.33348861899928,76.95921131867809,77.73345184326172,6518502.0
2025-05-07T00:00:00,78.19799715060394,78.41090627902663,77.67538590730136,78.10121154785156,7796894.0
2025-05-08T00:00:00,78.64317741578971,78.91415936382772,77.86893694964884,78.39154815673828,5668327.0
2025-05-09T00:00:00,78.62382270567919,78.83673921757523,77.53989483959727,77.86894226074219,4388823.0
2025-05-12T00:00:00,78.73995864470093,80.21100672628005,78.31412563363914,80.07551574707031,7818821.0
2025-05-13T00:00:00,79.9593846184529,80.69490496534033,79.03030045630202,80.44328308105469,7537050.0
2025-05-14T00:00:00,80.09488045660437,80.40457519611037,78.85610149858039,79.22386169433594,7104328.0
2025-05-15T00:00:00,78.93351604978622,80.5787752777208,78.77867237893977,80.40457153320312,6236110.0
2025-05-16T00:00:00,80.3077921942987,81.25622904721106,80.3077921942987,80.67555236816406,5810574.0
2025-05-19T00:00:00,80.36585764709203,80.81104334715154,79.43677348387591,80.67555236816406,4511358.0
2025-05-20T00:00:00,80.71426407827445,82.16595944880564,80.3077911466148,82.0111083984375,5319473.0
2025-05-21T00:00:00,82.06918274380332,83.17247065500514,82.0111099069948,83.03697967529297,5775030.0
2025-05-22T00:00:00,82.66921648448091,82.70792924983085,81.91433601941942,82.18531799316406,4610189.0
2025-05-23T00:00:00,82.24338968520064,82.68857540495425,79.66904620314578,80.3271484375,4875032.0
2025-05-26T00:00:00,81.19816490721485,81.54657239701694,80.71426643623467,80.86911010742188,1665470.0
2025-05-27T00:00:00,80.92718336538873,81.83690747463956,80.73361954576801,81.33365631103516,4282187.0
2025-05-28T00:00:00,81.48849955958013,81.66270330448118,80.84975741741273,80.86911010742188,2745406.0
2025-05-30T00:00:00,79.90131712727346,79.97874265855847,78.48833440799483,78.8561019897461,12843371.0
2025-06-02T00:00:00,78.31412511938831,79.6109768337859,78.02379047314732,79.37870025634766,6218483.0
2025-06-03T00:00:00,79.37870180668766,79.80453482327013,79.0690070810926,79.572265625,5495130.0
2025-06-04T00:00:00,79.86259747307346,80.443281523919,79.70775380756457,80.24971771240234,5568778.0
2025-06-05T00:00:00,80.114224867824,80.84975256702496,79.72710463752328,80.191650390625,4322051.0
2025-06-09T00:00:00,79.9787410143224,80.65619593987617,79.41741699960362,79.49484252929688,3776802.0
2025-06-10T00:00:00,79.47548398254658,80.11422609618778,79.10771643545512,79.32063293457031,4378650.0
2025-06-11T00:00:00,79.55290814450792,79.82389749897867,78.87545321759339,78.89480590820312,5409973.0
2025-06-12T00:00:00,78.31413139751584,78.70125167390889,77.86894566396062,78.12057495117188,4691040.0
2025-06-13T00:00:00,76.92050609200022,77.71409930862234,76.86243325313187,77.13341522216797,6858153.0
2025-06-16T00:00:00,77.38504667443527,78.52704742152642,77.34633390867056,78.48833465576172,4695725.0
2025-06-17T00:00:00,77.71409263585048,78.0625001043258,77.11405591043092,77.46246337890625,4913292.0
2025-06-18T00:00:00,77.46246939517385,78.39155358869904,77.3656911761263,78.10121154785156,7045693.0
2025-06-19T00:00:00,77.96571869920656,78.31412618640638,77.53989306884374,78.04314422607422,7010001.0
2025-06-23T00:00:00,76.45596037282232,77.23020089969995,75.72043261065907,76.30110931396484,10492049.0
2025-06-24T00:00:00,77.81087737246105,78.19799763475288,77.4624698747689,77.73345184326172,5009512.0
2025-06-25T00:00:00,77.9076498307324,77.9076498307324,76.78500189147793,76.9592056274414,4658069.0
2025-06-26T00:00:00,76.93986145778925,77.40440726636464,76.41725019203135,77.05599975585938,4982692.0
2025-06-27T00:00:00,77.65602220993438,78.21734619140625,77.46246578087037,78.21734619140625,4345578.0
2025-06-30T00:00:00,78.39155391928792,78.54640497738089,77.48182241225383,78.33348846435547,4269830.0
2025-07-01T00:00:00,78.15928182261432,78.77867126464844,77.26890303894879,78.77867126464844,5908798.0
2025-07-02T00:00:00,79.30128014631,79.30128014631,78.41090138896803,79.08836364746094,3500216.0
2025-07-03T00:00:00,79.20449409270753,79.68839253868069,78.68189026871633,79.45612335205078,2803348.0
2025-07-04T00:00:00,79.3593469118926,79.49483788909458,78.95287398028661,79.28192138671875,1676262.0
2025-07-07T00:00:00,79.28192844433046,79.70776148698945,78.79802994447438,79.41741943359375,2354576.0
2025-07-08T00:00:00,79.24321567829736,79.68840141212034,78.72060441240818,79.41741943359375,3776395.0
2025-07-09T00:00:00,79.16579584864759,79.3593522909973,75.56558990478516,75.56558990478516,8828352.0
2025-07-10T00:00:00,75.60429967327691,76.78500573873859,75.15911396655437,75.77850341796875,6893328.0
2025-07-11T00:00:00,75.46880996916343,75.77850470011052,74.6171439212803,74.90748596191406,7365945.0
2025-07-14T00:00:00,74.57842905177576,75.52687329186286,74.40422530905383,74.84941101074219,6169923.0
2025-07-15T00:00:00,72.5267023024448,73.70741570596701,68.73293282956091,69.10070037841797,30895278.0
2025-07-16T00:00:00,68.11354812458816,71.44277206584154,67.99741721370113,69.77816009521484,21977511.0
2025-07-17T00:00:00,70.1652807686494,70.53304096144095,69.42975299936133,70.24270629882812,9617517.0
2025-07-18T00:00:00,70.39754940684448,70.82338243568289,69.64266895296177,70.3781967163086,8080202.0
2025-07-21T00:00:00,70.64917515492255,70.86209165869998,69.19747977502688,69.89429473876953,6851658.0
2025-07-22T00:00:00,69.85558659807886,70.53304153337368,69.60395731481006,70.10721588134766,4768309.0
2025-07-23T00:00:00,70.10721466446789,70.33948386915095,69.56524334193423,70.14592742919922,7701279.0
2025-07-24T00:00:00,70.90080432611103,70.9201570156536,69.66202545166016,69.66202545166016,7005808.0
2025-07-25T00:00:00,69.44911340013677,69.77816082938531,68.69423293660891,69.04263305664062,5939086.0
2025-07-28T00:00:00,69.87494183744474,70.04914559626063,69.10070865225597,69.1974868774414,4982552.0
2025-07-29T00:00:00,69.21682810925802,71.8105239868164,68.8297152726078,71.8105239868164,3679749.0
2025-07-30T00:00:00,69.5458854184696,69.81686736749405,68.01676455331234,68.17161560058594,4947785.0
2025-07-31T00:00:00,68.52002918474057,69.29426233905157,68.24903982784149,69.04263305664062,7096549.0
2025-08-01T00:00:00,68.32646104372387,68.63615576263275,67.64900615351834,67.9974136352539,4596356.0
2025-08-04T00:00:00,69.15876812593086,69.81687033742995,68.46195315096658,69.6233139038086,5145429.0
2025-08-05T00:00:00,69.72009764816895,69.87494133060142,69.39104282447896,69.56524658203125,2588269.0
2025-08-06T00:00:00,69.79751878036585,69.91364968894162,69.13941655818574,69.35233306884766,3662408.0
2025-08-07T00:00:00,69.00392967370937,70.22334858840216,69.00392967370937,69.93301391601562,3227413.0
2025-08-08T00:00:00,70.01042970829192,70.32013182900685,69.89429879672878,70.24270629882812,2781050.0
2025-08-11T00:00:00,70.93952073001289,71.44277190469974,70.16528020188939,70.3781967163086,2737105.0
2025-08-12T00:00:00,70.35883954174591,71.01694180266159,70.24270862633475,70.99758911132812,3510635.0
2025-08-13T00:00:00,71.13308196788088,71.24922027004402,70.552405224476,71.05565643310547,3608054.0
2025-08-14T00:00:00,71.03629854669548,71.38470604400199,70.86209479804221,70.97822570800781,2755453.0
2025-08-15T00:00:00,71.32663636850631,72.15894238412687,71.30728367722207,71.59762573242188,5190677.0
2025-08-18T00:00:00,71.96537782117838,72.00409058308654,70.74595166403692,71.13307189941406,2991767.0
2025-08-19T00:00:00,71.61697219443413,72.3718526118476,71.32663016448839,72.02344512939453,4011836.0
2025-08-20T00:00:00,71.71375550475581,72.0621630119615,71.5201990601771,71.86860656738281,2788276.0
2025-08-21T00:00:00,71.71375396355525,71.7911794932048,71.34599377327723,71.67504119873047,2960062.0
2025-08-22T00:00:00,71.82988756237778,73.62999039867684,71.79117480008374,73.1267318725586,5250831.0
2025-08-25T00:00:00,73.18480747581616,73.80419692853842,72.8363999856968,73.28158569335938,3281089.0
2025-08-26T00:00:00,73.59128205526527,74.34616250606597,73.14609633770857,73.7074203491211,7157146.0
2025-08-27T00:00:00,72.83639877781486,73.84290846772325,72.68154772534992,73.32029724121094,5020668.0
2025-08-28T00:00:00,73.55256788784243,73.90097537906017,72.7976874514389,72.913818359375,3743880.0
2025-08-29T00:00:00,72.75897614694766,73.049318190021,72.21701220916265,72.87511444091797,4131501.0
2025-09-01T00:00:00,72.66219995853085,72.97189470073806,72.1202286218894,72.33314514160156,1996637.0
2025-09-02T00:00:00,72.10087069067804,72.29442712160072,71.1911392211914,71.1911392211914,4623616.0
2025-09-03T00:00:00,71.50084134231844,72.42992559758991,71.42342319215814,71.55891418457031,4035457.0
2025-09-04T00:00:00,72.58476917393111,73.55256609625019,71.96537973434326,73.08802032470703,5281796.0
2025-09-05T00:00:00,73.08802088669668,73.57191935157702,72.46863144234622,72.95252990722656,6118174.0
2025-09-08T00:00:00,73.1654473666983,73.33965111167373,72.13958497056787,72.21701049804688,4742714.0
2025-09-09T00:00:00,72.08152130642712,73.14609649272799,72.08152130642712,73.10738372802734,6093762.0
2025-09-10T00:00:00,73.32030195788167,73.41708018004569,72.50734864755286,72.70091247558594,3968183.0
2025-09-11T00:00:00,72.58477206954397,72.93317956617418,72.27507733739544,72.64283752441406,3141128.0
2025-09-12T00:00:00,72.85575164101083,72.95252985717957,71.7911764957453,71.88795471191406,3694483.0
2025-09-15T00:00:00,71.81053031232787,72.02344682146291,71.22985362249892,71.61697387695312,4006537.0
2025-09-16T00:00:00,71.42342165692158,71.57826533761916,70.18463529281517,71.36534881591797,5014606.0
2025-09-17T00:00:00,71.36534117197309,72.54605456860962,71.26856295893987,72.19764709472656,7338820.0
2025-09-18T00:00:00,72.64284188261821,73.61063890160841,72.33314713188958,73.22352600097656,4168234.0
2025-09-19T00:00:00,73.35901591934659,74.24938739169792,73.1073866306542,73.72677612304688,10843252.0
2025-09-22T00:00:00,73.93968565100795,74.23002029476798,73.49449995694565,73.82354736328125,4427276.0
2025-09-23T00:00:00,74.34616125063101,76.04948594656253,74.34616125063101,75.64301300048828,7069600.0
2025-09-24T00:00:00,75.48816200293214,75.79785673118572,74.63650334616098,74.81070709228516,4386486.0
2025-09-25T00:00:00,75.1978249367181,75.39138876949004,74.40423168161634,74.88813018798828,6258793.0
2025-09-26T00:00:00,74.92756641271815,75.36135999364215,74.47405836072322,74.94728088378906,4791634.0
2025-09-29T00:00:00,74.9275653215719,75.7162795441777,74.86841438748417,75.26276397705078,3389600.0
2025-09-30T00:00:00,75.71628204381531,76.89934589504446,75.32192491949341,76.7416000366211,8510811.0
2025-10-01T00:00:00,76.48527175620512,77.49087524414062,76.40639882961591,77.49087524414062,6201421.0
2025-10-02T00:00:00,77.45143901917967,78.14156584635454,77.13595483358829,77.43172454833984,4434968.0
2025-10-03T00:00:00,77.80635967593916,77.84579613935905,77.09651837785376,77.41200256347656,3164922.0
2025-10-06T00:00:00,77.51059470884324,79.48237267885135,77.51059470884324,78.24015045166016,6919974.0
2025-10-07T00:00:00,78.24015129916297,78.79224672979005,77.98381805419922,77.98381805419922,3210843.0
2025-10-08T00:00:00,78.18100396431659,79.83729785415761,78.08240904282198,79.1668930053711,6287707.0
2025-10-09T00:00:00,80.09362015429059,80.36966787046946,77.70777058247486,77.90494537353516,4989639.0
2025-10-10T00:00:00,78.16127776392749,80.23164313434758,77.94438098309315,78.18099975585938,7056060.0
2025-10-13T00:00:00,77.98382221100323,78.22043347649328,76.58386156772697,76.8007583618164,7389601.0
2025-10-14T00:00:00,84.68786856003504,90.76094102897706,83.54423368319185,90.64263916015625,37318918.0
2025-10-15T00:00:00,92.00315909094445,92.51581804974478,89.16380154321406,89.6173095703125,17202036.0
2025-10-16T00:00:00,90.2088431517197,90.48489086717615,89.04549383534174,89.1243667602539,8611593.0
2025-10-17T00:00:00,88.25678253173828,88.90747290105533,87.76383801743253,88.25678253173828,7173768.0
2025-10-20T00:00:00,88.53283936366665,88.84832355760332,87.68497418213624,87.822998046875,6407289.0
2025-10-21T00:00:00,88.19762822839668,89.4792869253351,87.9412949846618,89.24266815185547,4491180.0
2025-10-22T00:00:00,88.73001305616387,89.10464818124257,87.80327495728828,88.13848114013672,7637183.0
2025-10-23T00:00:00,89.32154374040067,89.55815499920126,87.7441228121696,88.49340057373047,7752452.0
2025-10-24T00:00:00,88.29622008677715,88.47368041498997,86.73852111883842,87.96102142333984,7349347.0
2025-10-27T00:00:00,88.2370686630135,88.69057671666197,87.4877908900682,88.09904479980469,4399013.0
2025-10-28T00:00:00,87.74412421614552,91.09614844335678,87.38920356139748,90.26799774169922,12745784.0
2025-10-29T00:00:00,91.096144112421,95.39462070735472,90.70178701236784,93.77776336669922,21503508.0
2025-10-30T00:00:00,93.65945699686117,95.33546532389995,92.9890521616984,95.0988540649414,6476987.0
2025-10-31T00:00:00,94.80309418090037,95.31575317475398,94.44817352294922,94.44817352294922,4100509.0
2025-11-03T00:00:00,95.13828715402697,97.16921605833875,94.90167590346056,96.10446166992188,8675566.0
2025-11-04T00:00:00,95.39462083135456,95.57208115052235,93.62001763967663,93.73832702636719,4878361.0
2025-11-05T00:00:00,93.14679914174302,93.22566454785856,91.74683099844843,92.55525970458984,5073962.0
2025-11-06T00:00:00,92.29893335672746,93.36368778868909,92.0228781110849,92.75244140625,4702011.0
2025-11-07T00:00:00,92.75243897712569,93.06792315643281,90.89896284217726,91.21444702148438,4984236.0
2025-11-10T00:00:00,91.62852671883559,91.76655057807865,90.82009803395356,91.05670928955078,4208193.0
2025-11-11T00:00:00,92.10175165204578,92.67356909636776,91.82570392630038,92.55525970458984,4791752.0
2025-11-12T00:00:00,92.55525739741189,93.63974132400155,92.23977321560477,93.2453842163086,4990717.0
2025-11-13T00:00:00,93.52143438329307,93.81720410223923,92.33837055098127,92.5355453491211,6146550.0
2025-11-14T00:00:00,91.70739006788197,91.8651359159028,90.50461182453539,91.64823913574219,4005510.0
2025-11-17T00:00:00,91.3919081877315,91.58909050270728,90.56376503004194,90.97783660888672,4181738.0
2025-11-18T00:00:00,90.54404192411653,90.66235131164694,88.76944624157686,89.08493041992188,5307069.0
2025-11-19T00:00:00,89.04549590210881,89.95251199444237,88.07932135384999,88.51311492919922,5993391.0
2025-11-20T00:00:00,89.49900114419007,90.52432659451348,88.9863421798964,89.34126281738281,3852822.0
2025-11-21T00:00:00,88.13847884794211,89.18351878980319,87.62581235144467,88.7891616821289,3893068.0
2025-11-24T00:00:00,89.24266911589794,89.40041496658841,88.03989085219582,88.96662139892578,12581214.0
2025-11-25T00:00:00,88.96661912098442,90.07081748233684,88.76944433440605,89.63702392578125,3981198.0
2025-11-26T00:00:00,90.11026038221112,90.26799871839675,89.0454984064463,89.99195098876953,4212552.0
2025-11-27T00:00:00,89.7356172362013,90.34687114967765,89.32154564404142,90.14969635009766,2442298.0
2025-11-28T00:00:00,89.71590398690304,89.95251525396907,89.40041979023614,89.7947769165039,5203596.0
2025-12-01T00:00:00,89.55815751659004,90.26799883468101,89.40041918020121,89.97223663330078,4082694.0
2025-12-02T00:00:00,89.77505431064411,90.38630822827501,89.32154625113856,89.97223663330078,4088595.0
2025-12-03T00:00:00,89.9327951972567,89.9327951972567,89.18351745605469,89.18351745605469,4791678.0
2025-12-04T00:00:00,89.51872350274873,89.853922149672,88.92718409002471,89.22295379638672,4452567.0
2025-12-05T00:00:00,89.32154215672702,89.51872447034505,88.61170087117448,88.94690704345703,3537886.0
2025-12-08T00:00:00,88.82859718171457,89.36097814304071,88.35537467502654,89.0652084350586,3304655.0
2025-12-09T00:00:00,89.32153987517128,89.59758758544922,88.78915892460557,89.59758758544922,4034827.0
2025-12-10T00:00:00,89.61731370473423,89.77505203712839,88.03989277211099,88.4145278930664,4372622.0
2025-12-11T00:00:00,87.9807320420177,89.71589878392479,87.64553339325836,89.0652084350586,4850863.0
2025-12-12T00:00:00,89.06521270369755,89.14408563250441,87.86243438720703,87.86243438720703,4295443.0
2025-12-15T00:00:00,88.02017199539526,88.59198944191293,87.76383873976037,88.05960845947266,4566075.0
2025-12-16T00:00:00,88.33565521240234,89.22295684002053,88.17791687956819,88.33565521240234,4273409.0
2025-12-17T00:00:00,88.88775818166273,89.32154423825892,88.13848041592556,88.33565521240234,4435781.0
2025-12-18T00:00:00,88.33565351157739,89.40041544421817,87.94129640448048,88.84832000732422,4295161.0
2025-12-19T00:00:00,88.84831893028742,89.26239050293842,88.63142214792657,89.14408111572266,8433509.0
2025-12-22T00:00:00,89.12436651622177,89.47928715561856,88.80888233917308,89.20323944091797,2900764.0
2025-12-23T00:00:00,89.16380541622217,89.16380541622217,88.47367858886719,88.47367858886719,2714481.0
2025-12-29T00:00:00,87.86243125047417,88.74972534179688,87.33005028263882,88.74972534179688,5569830.0
2025-12-30T00:00:00,88.73000894390736,89.55815208361719,88.39481029833034,89.32154083251953,4545423.0
