timestamp,open,high,low,close,volume
2018-01-02T00:00:00,117.75737518044811,118.57841533479723,116.69975459678949,117.53471374511719,6896756.0
2018-01-03T00:00:00,117.93827561238787,119.67777820254109,116.4075154564693,116.92240142822266,6101081.0
2018-01-04T00:00:00,116.92241717447781,117.18682500125561,114.45928584662012,115.07159423828125,9124479.0
2018-01-05T00:00:00,114.45927903015172,114.64018349096777,111.88481712675012,113.34599304199219,6476815.0
2018-01-08T00:00:00,112.71978888857696,115.50299355249244,112.62237715002324,113.45733642578125,7094767.0
2018-01-09T00:00:00,112.37187159956474,112.441455952651,110.56278459013848,111.13334655761719,10208672.0
2018-01-10T00:00:00,111.13336014668045,111.88482666015625,110.71587521127734,111.88482666015625,6952678.0
2018-01-11T00:00:00,112.05179596127681,112.16312667692011,109.89481908536534,110.89677429199219,7219872.0
2018-01-12T00:00:00,110.89676940484999,111.57865142822266,110.31228848202105,111.57865142822266,6620635.0
2018-01-15T00:00:00,111.32819178216643,112.12140472393102,111.0498755495445,111.63434600830078,5389223.0
2018-01-16T00:00:00,111.57868289008213,111.99616786452384,111.24470128077914,111.42560577392578,3721326.0
2018-01-17T00:00:00,110.79937685005906,111.1194394274319,108.36407287117383,109.46343994140625,7261531.0
2018-01-18T00:00:00,109.58867233963703,110.67412034788696,108.85112487849706,109.32426452636719,6470536.0
2018-01-19T00:00:00,109.3242740104075,110.15924388957197,109.03203879953317,109.79742431640625,5561698.0
2018-01-22T00:00:00,109.82526370295872,110.0757525706881,108.54499198660157,108.93463897705078,5267941.0
2018-01-23T00:00:00,108.93463058257197,110.22882119659631,108.92071158624732,109.53302001953125,5059549.0
2018-01-24T00:00:00,109.92265541844816,110.38188669510983,109.4495157640081,109.71391296386719,4344664.0
2018-01-25T00:00:00,109.61648648512875,110.27054113350778,109.03201618460824,109.44950103759766,5123969.0
2018-01-26T00:00:00,109.8113228617974,109.97830831286566,108.89286041259766,108.89286041259766,4305045.0
2018-01-29T00:00:00,109.17118857423296,110.06181313475143,108.96245673745693,109.61650085449219,5053693.0
2018-01-30T00:00:00,109.58866887576129,110.28446994798834,108.19706673130717,108.44755554199219,6589102.0
2018-01-31T00:00:00,111.32818048955593,111.41167322745666,96.79984953820244,96.95292663574219,39958907.0
2018-02-01T00:00:00,96.45195100705958,97.69047619174329,94.8376978768209,97.07817840576172,13441105.0
2018-02-02T00:00:00,97.20342613656416,99.90313820725021,96.50762493212622,98.95684814453125,10343128.0
2018-02-05T00:00:00,98.6785043981765,100.11185278096997,97.64871125841273,97.80178833007812,10518217.0
2018-02-06T00:00:00,95.32475820154337,96.66069514462453,94.19756372830557,95.53350067138672,11010256.0
2018-02-07T00:00:00,96.38237672129522,97.3425750732422,95.33867501307425,97.34257507324219,7147319.0
2018-02-08T00:00:00,97.07818619930453,98.1218879971814,96.82769734313072,97.53740692138672,5352287.0
2018-02-09T00:00:00,97.28691468738164,98.19144762175577,96.67460632324219,96.67460632324219,6729213.0
2018-02-12T00:00:00,97.76004196818408,98.49758934052784,97.32864873917113,97.80178833007812,6523910.0
2018-02-13T00:00:00,98.4280382527101,99.90313333673737,97.80181082899573,98.49761199951172,8847890.0
2018-02-14T00:00:00,100.26494568699142,101.87919876528386,92.91727693791294,93.93315124511719,24473691.0
2018-02-15T00:00:00,93.93316474749888,96.78595399777505,93.58526413732295,96.71636962890625,10800975.0
2018-02-16T00:00:00,97.06425057781446,98.0105404704965,96.64676568333519,97.94095611572266,7705813.0
2018-02-19T00:00:00,98.45586938983496,98.81768898511108,97.55132571018653,97.88530731201172,4845998.0
2018-02-20T00:00:00,97.88529875514479,98.72026861234251,97.82964400727552,98.03837585449219,5328052.0
2018-02-21T00:00:00,97.70438228489077,98.8037492192676,97.32865438895305,98.45584869384766,4122003.0
2018-02-22T00:00:00,98.14970048087686,98.26103120385774,96.09013519114123,96.47978210449219,6694194.0
2018-02-23T00:00:00,96.02054582175796,96.86942396027335,95.86746873992196,96.36844635009766,5676902.0
2018-02-26T00:00:00,96.71636664776972,97.34258347995056,96.27105430515398,96.73028564453125,4297184.0
2018-02-27T00:00:00,96.85552476413393,97.23126335710941,96.49370516791998,96.73028564453125,5234373.0
2018-02-28T00:00:00,95.75614723705249,96.57719808382362,95.61698913574219,95.61698913574219,5822626.0
2018-03-01T00:00:00,95.29693820450021,95.47784269659195,93.59918155672707,93.86357879638672,6077038.0
2018-03-02T00:00:00,93.12602174960197,94.29497318217167,91.79008483886719,91.79008483886719,6790648.0
2018-03-05T00:00:00,91.69267569380386,93.30693947554144,91.44218685239917,93.25127410888672,5529586.0
2018-03-06T00:00:00,93.93314720292426,95.39433373958035,93.83573547495266,94.46195220947266,5814026.0
2018-03-07T00:00:00,93.9331526004614,95.46391296386719,93.51566767540405,95.46391296386719,6443195.0
2018-03-08T00:00:00,95.58915596542204,95.86747215116446,94.8794358895723,95.31082916259766,6217981.0
2018-03-09T00:00:00,95.28300884314042,95.28300884314042,94.46195798539162,94.76811218261719,5238514.0
2018-03-12T00:00:00,95.07425262503793,96.1736195300783,94.21145552287075,95.14383697509766,6758074.0
2018-03-13T00:00:00,95.32475782555927,96.07622434378153,93.7244130525165,93.84966278076172,6194877.0
2018-03-14T00:00:00,94.2810463037222,95.21341720246379,93.58524522398994,94.86551666259766,8007522.0
2018-03-15T00:00:00,93.23736155155785,93.46002303355286,89.91143263811526,91.72052001953125,17194424.0
2018-03-16T00:00:00,91.66484553313336,92.61113550333768,91.12212149609823,91.34477233886719,11945524.0
2018-03-19T00:00:00,91.13601945584075,91.13601945584075,89.84182906538226,89.86966705322266,5912399.0
2018-03-20T00:00:00,89.52177483916233,90.00883350078969,88.31107706561787,89.27128601074219,5696325.0
2018-03-21T00:00:00,89.41042922293275,89.98099114374479,88.85378629501585,89.36868286132812,4518542.0
2018-03-22T00:00:00,89.09037209694155,89.52177601756094,87.30912820975148,88.19975280761719,7271894.0
2018-03-23T00:00:00,87.19780177359131,89.99492012075234,87.18388808605151,89.92534637451172,7119277.0
2018-03-26T00:00:00,90.52371662776537,90.9690288543027,88.33889654885716,88.61721801757812,7286193.0
2018-03-27T00:00:00,85.23562489370325,86.54372889936468,82.24367838626317,84.15017700195312,21693775.0
2018-03-28T00:00:00,82.70292823392077,86.724658183287,81.47831667732669,85.12431335449219,12394707.0
2018-03-29T00:00:00,85.58354086428156,87.10038757324219,85.24955397880905,87.10038757324219,4578134.0
2018-04-03T00:00:00,86.97515017449597,86.97515017449597,85.48613602819194,86.33501434326172,6082481.0
2018-04-04T00:00:00,86.47415935236785,87.19779312915624,86.11234511824419,86.69681549072266,5069038.0
2018-04-05T00:00:00,87.36478073328087,88.33890329391242,87.03079919214717,87.62918853759766,4403273.0
2018-04-06T00:00:00,87.62919626708299,88.29716471681058,86.83598340124766,87.85185241699219,3834853.0
2018-04-09T00:00:00,88.67289730820102,89.95316883355866,87.69877466886206,87.87968444824219,5089207.0
2018-04-10T00:00:00,88.3249982678899,89.09037315040587,87.29521024659243,89.06254577636719,4650591.0
2018-04-11T00:00:00,89.06254213858459,90.60722145316726,88.13017119867105,90.46806335449219,6718389.0
2018-04-12T00:00:00,90.55155355035056,93.50175399808904,90.3010647329286,93.30693054199219,9113852.0
2018-04-13T00:00:00,93.5852527299069,94.15581475724805,92.51372365269427,94.07231140136719,7933720.0
2018-04-16T00:00:00,94.28106234739063,95.42217588764986,92.13799338308255,92.68071746826172,6907378.0
2018-04-17T00:00:00,92.88945380284733,95.3247578351317,92.72245770419794,94.65678405761719,6151778.0
2018-04-18T00:00:00,95.32474517822266,95.81180379659288,94.97684464837513,95.32474517822266,2194382.0
2018-04-19T00:00:00,95.74223920422487,95.95097104840193,94.28105259248977,94.92118835449219,7905846.0
2018-04-20T00:00:00,95.25517307408715,95.25517307408715,91.95708242197011,92.16582489013672,8291071.0
2018-04-23T00:00:00,92.24930213274438,95.21341070807621,92.06839768650273,95.14383697509766,7375888.0
2018-04-24T00:00:00,95.32475783347961,98.37237027700924,95.10209636861762,97.02251434326172,11264332.0
2018-04-25T00:00:00,97.02250806422205,100.48759460449219,96.95292370668525,100.48759460449219,12113300.0
2018-04-26T00:00:00,101.30863145666179,102.50541004504548,99.54129094301295,100.07010650634766,9121273.0
2018-04-27T00:00:00,100.80766397906865,103.95267721983899,99.90312045065446,103.38212585449219,11445843.0
2018-04-30T00:00:00,104.37015791654292,105.03813159872465,103.75784959263312,104.24491882324219,5170983.0
2018-05-02T00:00:00,104.6206631244224,107.23687167092783,104.09185806354627,106.91680908203125,9695159.0
2018-05-03T00:00:00,106.59673929779694,106.80548177647712,100.69634822846615,101.01641082763672,14903269.0
2018-05-04T00:00:00,101.15555077910523,101.89309812580184,98.31668148113833,100.69631958007812,14938636.0
2018-05-07T00:00:00,101.23905882754568,102.72807273888266,100.61284209194008,102.63066101074219,4990619.0
2018-05-08T00:00:00,102.93683297978012,104.13361191352834,102.11578202891381,104.09186553955078,9233527.0
2018-05-09T00:00:00,105.0270205786678,105.1133406447102,103.80410541108763,104.48030853271484,4573409.0
2018-05-11T00:00:00,104.4803118419479,104.65295197950078,99.44476959991694,99.87638092041016,9805247.0
2018-05-14T00:00:00,100.2648359830356,100.89786806962266,99.63179291983832,100.17850494384766,5226308.0
2018-05-15T00:00:00,99.84761746516395,100.72524147462724,98.91244308071487,99.3152847290039,7511765.0
2018-05-16T00:00:00,99.31527668314554,100.62452291063023,98.43765274478147,99.93392944335938,5953437.0
2018-05-17T00:00:00,99.99147678010004,106.27871459540695,99.30088333378069,105.4586410522461,8199511.0
2018-05-18T00:00:00,105.55933597174078,105.6744257154062,103.41562621891579,104.0342788696289,6722303.0
2018-05-21T00:00:00,104.09184434731162,105.19966973177847,103.37248120603564,104.88314819335938,4473332.0
2018-05-22T00:00:00,105.09897406670466,105.09897406670466,103.61707656755058,104.92632293701172,5257563.0
2018-05-23T00:00:00,104.30764456887036,105.0989483321055,103.37247038775863,104.37958526611328,4052103.0
2018-05-24T00:00:00,104.4515267177423,104.65294752071303,103.45881303927527,103.64584350585938,9819854.0
2018-05-25T00:00:00,103.73217026433164,104.30766301421507,100.62452697753906,100.62452697753906,6910456.0
2018-05-28T00:00:00,100.85469679593974,101.04173821282204,98.65344763270174,98.75415802001953,4146199.0
2018-05-29T00:00:00,98.4807950922958,98.61028614642113,95.40192218089214,96.99890899658203,7759238.0
2018-05-30T00:00:00,96.2364073259076,99.25773054886129,95.90550640318921,98.85488891601562,7573284.0
2018-05-31T00:00:00,99.11384886322509,99.61740084716676,94.79767018382225,95.58897399902344,12848409.0
2018-06-01T00:00:00,94.1790328302491,95.68970000511035,93.63232072658907,95.31562805175781,5287566.0
2018-06-04T00:00:00,95.43072607096602,96.40906047560976,94.62503181168726,95.689697265625,4209321.0
2018-06-05T00:00:00,95.804789999003,96.26519300517461,94.45239458651533,95.54582977294922,6797063.0
2018-06-06T00:00:00,95.54582977294922,95.54582977294922,95.54582977294922,95.54582977294922,0.0
2018-06-07T00:00:00,98.91243947764058,98.96998985053001,94.26534840047302,94.82646179199219,6827301.0
2018-06-08T00:00:00,94.88398951445635,97.18596024037143,94.74011908823914,96.82627868652344,5089128.0
2018-06-11T00:00:00,97.02771400153165,99.05631256103517,95.73285801854453,99.05631256103516,5579030.0
2018-06-12T00:00:00,99.34405610711032,104.14939671426764,99.31527543400517,103.97674560546875,10358634.0
2018-06-13T00:00:00,104.30765046013725,104.89753347633976,101.6603994965424,103.58828735351562,8378690.0
2018-06-14T00:00:00,103.12790612610651,103.14229646318582,97.54565178993924,100.7540054321289,11717057.0
2018-06-15T00:00:00,97.32984162053884,98.55275684593256,95.90550558045021,96.4090576171875,12395401.0
2018-06-18T00:00:00,96.3658912973533,96.3658912973533,94.03515076653221,95.12858581542969,6232434.0
2018-06-19T00:00:00,93.920046647275,99.8188220018072,93.920046647275,99.27210998535156,7877210.0
2018-06-20T00:00:00,99.28652490068723,100.14975865807213,97.71830721209672,99.55987548828125,5282482.0
2018-06-21T00:00:00,99.50230591745868,100.71083061607911,98.78294284162955,99.44475555419922,4432097.0
2018-06-22T00:00:00,99.44475555419922,99.44475555419922,99.44475555419922,99.44475555419922,0.0
2018-06-25T00:00:00,99.27212449649372,101.933766218831,98.42328116450018,99.24335479736328,5413206.0
2018-06-26T00:00:00,99.27212668678978,100.48065165594221,98.7110242401673,98.91244506835938,3694383.0
2018-06-27T00:00:00,100.07780203278841,100.26484348451424,96.8262883641774,96.84066772460938,6645645.0
2018-06-28T00:00:00,93.21506578768887,101.6891616796052,92.35183231882952,98.66783905029297,18985955.0
2018-06-29T00:00:00,98.62468467615126,99.84759974184583,94.00636394866062,96.03497314453125,12391402.0
2018-07-02T00:00:00,95.31562661242015,98.55276110114386,94.7545241791703,98.09236907958984,5700788.0
2018-07-03T00:00:00,98.19306320781695,100.89786451383004,97.27227931740357,99.60301971435547,7359359.0
2018-07-04T00:00:00,99.27211437066745,100.46625983009244,98.86927276426155,99.68934631347656,3511997.0
2018-07-05T00:00:00,99.6317993120896,100.61013366497673,98.56714489108656,98.92682647705078,4967160.0
2018-07-06T00:00:00,99.14262525953596,101.02735302242216,98.8404831055896,100.3943099975586,4699556.0
2018-07-09T00:00:00,100.78277886309822,103.90481221165572,100.30799656310276,102.82576751708984,4781040.0
2018-07-10T00:00:00,102.82576875765028,103.45881183194834,101.45897220874403,101.89059448242188,4348137.0
2018-07-11T00:00:00,101.43019708152327,101.76110893717131,99.66055902613732,99.94831085205078,5090848.0
2018-07-12T00:00:00,100.30799746889076,101.87620383704794,99.5023142688548,100.73960876464844,3676408.0
2018-07-13T00:00:00,100.43748311954742,101.18562696948169,99.25772794998427,99.80445098876953,3934529.0
2018-07-16T00:00:00,99.80444097529465,99.84760100526616,97.53125093284328,98.13551330566406,3827791.0
2018-07-17T00:00:00,98.13551010061344,99.07068430035662,97.76143822539429,98.55274200439453,3250698.0
2018-07-18T00:00:00,98.73978982240281,100.2216872488937,98.3369481828175,98.72541046142578,3105717.0
2018-07-19T00:00:00,98.76855624436789,99.54546971285727,98.10674350675318,98.98436737060547,3512979.0
2018-07-20T00:00:00,99.05630343247344,100.32238959987835,98.63907148881597,99.76127624511719,3680741.0
2018-07-23T00:00:00,99.74690148251912,100.37993361878677,99.20017843899258,99.48793029785156,2246986.0
2018-07-24T00:00:00,99.66054934848681,100.04901153159548,99.17138775684921,99.43035888671875,2540948.0
2018-07-25T00:00:00,99.02753363425593,100.10657835675923,99.02753363425593,99.34405517578125,2272553.0
2018-07-26T00:00:00,99.63178933185088,100.37992212600628,99.11384702181644,99.94831085205078,2362726.0
2018-07-27T00:00:00,99.83321490002648,100.0921860674389,98.85488059831405,99.74689483642578,2544392.0
2018-07-30T00:00:00,99.9914808015115,101.17123596327066,99.3152776642939,100.19290161132812,2814380.0
2018-07-31T00:00:00,99.9339130272395,100.16411447071825,98.40886688232422,98.40886688232422,4605770.0
2018-08-01T00:00:00,98.20745060862254,98.38009072253504,95.44508804331802,95.86231994628906,4874450.0
2018-08-02T00:00:00,95.67530486248292,95.70407456055217,94.50993999998181,94.59626007080078,3643251.0
2018-08-03T00:00:00,94.82646878324088,95.79041290283203,94.7401377292362,95.79041290283203,2156462.0
2018-08-06T00:00:00,95.67529599650543,96.337108756882,94.75451207105884,95.1861343383789,2752081.0
2018-08-07T00:00:00,95.05664217692151,95.37316370577663,94.23656865971057,95.27245330810547,2762491.0
2018-08-08T00:00:00,95.28685623773066,96.17885959882297,94.98471402817381,96.06375885009766,2267631.0
2018-08-09T00:00:00,96.17885699717277,96.3658984529448,95.6033642457249,96.09253692626953,3036431.0
2018-08-10T00:00:00,96.09254163885413,96.78312419317022,93.61793036989589,93.81935119628906,4332274.0
2018-08-13T00:00:00,93.74739764855173,93.74739764855173,91.93459969482922,92.3662109375,5220543.0
2018-08-14T00:00:00,92.5388706735794,93.02804329961155,92.09286905479921,92.62519073486328,2680640.0
2018-08-15T00:00:00,92.59641178284541,93.79055706873737,90.58219306691139,90.62535858154297,4873351.0
2018-08-16T00:00:00,90.82677614234814,91.45981362207063,90.61096504173824,91.38787841796875,3100245.0
2018-08-17T00:00:00,91.35912208425357,92.88416848369573,91.11454124219414,92.86978912353516,7759606.0
2018-08-20T00:00:00,92.79784280660795,92.88416286879652,91.58931254122224,91.79073333740234,3802584.0
2018-08-21T00:00:00,91.43105588734889,92.46693509832578,91.43105588734889,92.30868530273438,4394411.0
2018-08-22T00:00:00,92.27990304017491,93.44526781848941,91.92022146893113,93.35894775390625,2848710.0
2018-08-23T00:00:00,93.18628950530798,94.45237556407002,93.0136493893747,93.66107177734375,2617526.0
2018-08-24T00:00:00,93.51720941946975,93.96321105957031,93.11436781207435,93.96321105957031,1913471.0
2018-08-27T00:00:00,93.96319830568444,95.84793696533582,93.92003827883754,95.63212585449219,2936154.0
2018-08-28T00:00:00,95.6321294686609,95.84794058766056,93.8768817998243,94.2509536743164,6867323.0
2018-08-29T00:00:00,94.49553994585652,96.43781817584158,94.1790184165859,94.42359924316406,9519737.0
2018-08-30T00:00:00,94.38044777921472,94.63941896516052,89.22981022293784,89.33052062988281,9632597.0
2018-08-31T00:00:00,88.97083712484871,89.67581544661782,88.33779951075608,88.63993072509766,5477356.0
2018-09-03T00:00:00,88.33779805977913,89.63264845210556,88.33779805977913,89.17225646972656,4258803.0
2018-09-04T00:00:00,89.15786420688464,89.28734978417957,87.04293494050246,87.80545806884766,4773302.0
2018-09-05T00:00:00,87.54650076702465,88.76942152127343,87.25875987266565,87.99250793457031,4671986.0
2018-09-06T00:00:00,87.83423967628374,89.15787072859773,87.58965883922768,88.5679931640625,3054711.0
2018-09-07T00:00:00,88.48167511008144,88.63993589491132,87.02856383613626,87.24436950683594,3666711.0
2018-09-10T00:00:00,86.9422293876162,88.89889800312763,86.68325821860408,88.35218048095703,2901162.0
2018-09-11T00:00:00,88.30901348043155,88.62552950445493,86.7695769240615,87.28751373291016,3337707.0
2018-09-12T00:00:00,87.57526220379356,88.7550172480087,87.17242062429713,88.72624206542969,3201452.0
2018-09-13T00:00:00,88.48166371529129,88.48166371529129,87.27313345476975,88.28024291992188,3039912.0
2018-09-14T00:00:00,88.32340211544829,88.697474007572,87.54648863639596,88.59676361083984,2746772.0
2018-09-17T00:00:00,96.42343927785844,104.7536665184003,94.94155283013544,103.32933044433594,29272405.0
2018-09-18T00:00:00,101.53093017496086,105.3867176913328,100.56698604002092,102.06326293945312,10936641.0
2018-09-19T00:00:00,102.14957121074288,102.6243535423062,101.25755691901277,101.71794891357422,5571097.0
2018-09-20T00:00:00,101.43018286170289,102.94084955028646,101.12805171930783,102.66748809814453,4654341.0
2018-09-21T00:00:00,102.94086975866512,104.71049693674813,102.66750825285945,104.30765533447266,8758484.0
2018-09-24T00:00:00,104.30764707061147,107.76059206551223,104.30764707061147,106.81102752685547,9140144.0
2018-09-25T00:00:00,106.8541911161057,107.4296837972002,105.17088407960743,106.2787094116211,4958222.0
2018-09-26T00:00:00,106.27870587028383,107.50162091647944,105.30037163800544,106.81102752685547,6209262.0
2018-09-27T00:00:00,112.29260999533686,120.70915799588177,112.22066927823154,118.69493865966797,27292210.0
2018-09-28T00:00:00,117.7309614658514,119.11213722892477,116.04765453366282,118.148193359375,9226673.0
2018-10-01T00:00:00,117.25618029050338,117.93238333187175,116.04765560290747,117.55831146240234,4940872.0
2018-10-02T00:00:00,117.25617823879058,118.13380204606854,116.5799752092542,117.04036712646484,4473340.0
2018-10-03T00:00:00,116.9109156437291,121.73064710716173,116.88213496752047,121.01128387451172,7151340.0
2018-10-04T00:00:00,120.85299968318155,121.47165238252889,119.27040307312849,121.0544204711914,4609651.0
2018-10-05T00:00:00,121.57237373505241,123.37078163054134,120.85301057685683,121.5579833984375,4909105.0
2018-10-08T00:00:00,121.55797548027441,122.57946978117974,120.68035160631447,121.83133697509766,3267153.0
2018-10-09T00:00:00,121.90328889571227,122.89600261662261,120.62281234120817,122.06153869628906,3695182.0
2018-10-10T00:00:00,122.45001282650291,124.44984177575311,122.04717116429599,122.98234558105469,5269956.0
2018-10-11T00:00:00,121.41412571039982,122.20542965814481,116.53684386385626,116.75265502929688,9217674.0
2018-10-12T00:00:00,117.25619511484108,118.19136941844108,115.06933593749999,115.0693359375,5278753.0
2018-10-15T00:00:00,114.93986725129695,117.25621795654297,113.8320525984724,117.25621795654297,4134315.0
2018-10-16T00:00:00,117.16986718052932,118.45033264160156,115.31390903460654,118.45033264160156,3673461.0
2018-10-17T00:00:00,118.96828137881218,119.88906533360667,117.11232313275784,117.96116638183594,3399657.0
2018-10-18T00:00:00,118.42156116639742,118.88195315470819,115.64481889972636,116.3210220336914,3844798.0
2018-10-19T00:00:00,116.3210118310049,119.01143379407772,115.96133027866621,117.6158676147461,4826780.0
2018-10-22T00:00:00,117.96113827232097,119.19844347484725,117.06913520301687,117.16984558105469,4595217.0
2018-10-23T00:00:00,117.08354833211058,117.11232900648484,113.31409225830575,113.99029541015625,5225203.0
2018-10-24T00:00:00,114.37875469953734,117.45762847621354,114.07662345714708,115.21321868896484,4927511.0
2018-10-25T00:00:00,114.36435874971018,115.27076340901735,113.68815558375447,114.81037139892578,3762222.0
2018-10-26T00:00:00,114.26363485559835,114.3499658937224,111.81780464874836,112.40767669677734,4329469.0
2018-10-29T00:00:00,112.40769424344379,115.3283181743557,112.04801262884304,114.14855194091797,3357100.0
2018-10-30T00:00:00,114.14852836344532,115.86061600782752,113.58742603869325,115.38583374023438,3188424.0
2018-10-31T00:00:00,116.34980010986328,117.74535540383627,115.50094588300281,116.34980010986328,4452050.0
2018-11-01T00:00:00,116.23471380115356,116.23471380115356,113.3428704988031,114.24927520751953,4582462.0
2018-11-02T00:00:00,115.18441349876069,115.60164540467817,113.94710811613908,115.3426742553711,1732717.0
2018-11-05T00:00:00,114.75283555121347,115.93259091244691,113.37165934610695,115.19883728027344,3711841.0
2018-11-06T00:00:00,115.09811659291063,115.09811659291063,111.88975176317408,112.23505401611328,4691322.0
2018-11-07T00:00:00,112.43645794998618,115.58726095425618,112.43645794998618,115.05493927001953,5364542.0
2018-11-08T00:00:00,115.58727563509122,115.87502750585739,114.07661947586197,114.52262115478516,2838910.0
2018-11-09T00:00:00,114.66646472599398,115.41460843802234,114.01904237758501,114.4074935913086,3828854.0
2018-11-12T00:00:00,115.32015607551423,115.82471547630635,113.01999243982861,113.21290588378906,4726839.0
2018-11-13T00:00:00,113.13870374489913,114.88980170773914,112.75287685208134,114.54849243164062,3491688.0
2018-11-14T00:00:00,114.10330649253237,116.64091282867966,113.74715419672503,115.75052642822266,3472048.0
2018-11-15T00:00:00,116.26991755166613,116.70027343162711,113.86587540261993,115.75052642822266,5090117.0
2018-11-16T00:00:00,116.1957131067489,118.89655798735988,115.46855428829028,118.228759765625,5115714.0
2018-11-19T00:00:00,118.52556503455557,120.00954601563332,118.2732796631463,119.10431671142578,4793824.0
2018-11-20T00:00:00,118.39200612605582,120.52894245687894,117.560980362681,118.30297088623047,5483706.0
2018-11-21T00:00:00,118.3771513343821,123.09621104618785,118.27327312432469,122.78457641601562,6452640.0
2018-11-22T00:00:00,122.79940326841064,124.06078460256326,121.80513891387997,123.31879425048828,4634505.0
2018-11-23T00:00:00,123.00717813094846,124.29824561328934,122.66586885799548,123.6601333618164,2703943.0
2018-11-26T00:00:00,123.54143746115945,124.14987520027454,121.41934384829082,122.42845153808594,3755783.0
2018-11-27T00:00:00,122.428444746024,124.58021288250609,122.30972353689843,123.97178649902344,3729895.0
2018-11-28T00:00:00,123.971777192421,124.87700653076172,122.44327853577657,124.87700653076172,3599068.0
2018-11-29T00:00:00,125.14412558794025,126.25711138365966,124.06081443181417,125.8119125366211,3690739.0
2018-11-30T00:00:00,125.32221031215961,126.40552159140435,124.37246323095685,124.3873062133789,5263765.0
2018-12-03T00:00:00,126.13837017065487,126.13837017065487,121.16703666948057,121.87934112548828,4255135.0
2018-12-04T00:00:00,121.55288762614425,122.7252226382489,121.09284582301476,121.15220642089844,3625908.0
2018-12-05T00:00:00,120.63282755929852,122.23552989884864,119.60887695538413,120.75154876708984,2916745.0
2018-12-06T00:00:00,120.2024485168871,120.35084433710078,116.5518569946289,116.5518569946289,3870148.0
2018-12-07T00:00:00,116.67057561752225,119.53465904006629,116.50733682230924,118.00614929199219,4134962.0
2018-12-10T00:00:00,117.23450460861739,118.61460745751798,116.61123527604992,117.30870819091797,3600144.0
2018-12-11T00:00:00,117.66484614403291,122.33938821259565,117.66484614403291,121.03347778320312,5394279.0
2018-12-12T00:00:00,120.2024392076037,120.2024392076037,115.78017164772388,117.41255950927734,6893748.0
2018-12-13T00:00:00,117.41257880879505,118.00616214124807,114.75625150512532,115.15692138671875,4188813.0
2018-12-14T00:00:00,113.52455456102147,116.47767379058776,112.41156873199186,115.83956146240234,4988086.0
2018-12-17T00:00:00,115.83955297241327,116.3292694185451,103.4483139150911,105.95624542236328,13433029.0
2018-12-18T00:00:00,105.36263699007111,106.47562259207889,102.69146701650239,102.85470581054688,7288700.0
2018-12-19T00:00:00,102.09789466367172,103.21088038461927,100.61391370240834,100.99974060058594,6220711.0
2018-12-20T00:00:00,100.12421510883853,100.16873273410873,97.74984741210938,97.74984741210938,5703475.0
2018-12-21T00:00:00,96.71103140263456,97.40850422896274,94.97477648722759,95.41997528076172,10791790.0
2018-12-27T00:00:00,95.53868398922377,96.08776098501332,92.09585449708703,92.76364135742188,7077249.0
2018-12-28T00:00:00,92.89719857353856,94.35150478233871,92.89719857353856,93.50563049316406,6398445.0
2019-01-02T00:00:00,93.11980230224461,95.83549009062003,91.63582138906142,94.27730560302734,4743927.0
2019-01-03T00:00:00,94.41088448268292,96.65169365427612,93.5946959365108,93.63921356201172,4714876.0
2019-01-04T00:00:00,94.08439887736375,97.11172151501887,94.08439887736375,96.8149185180664,4189054.0
2019-01-07T00:00:00,96.82976903466134,97.28979956339607,95.52386971206214,96.88912963867188,3067542.0
2019-01-08T00:00:00,96.90394931905269,100.42097651643745,96.3697153332949,99.35250854492188,5367076.0
2019-01-09T00:00:00,99.42673040834622,100.24292451507594,98.2098663995072,99.78288269042969,3557171.0
2019-01-10T00:00:00,99.02606328785741,101.84561830621116,98.68474265494365,100.30227661132812,4967667.0
2019-01-11T00:00:00,100.48033594277823,101.08877348913121,98.78859878142438,100.04998016357422,2535736.0
2019-01-14T00:00:00,99.47124758478037,101.10362446908333,97.86854533973666,97.98726654052734,5114118.0
2019-01-15T00:00:00,98.09114595084169,98.98153232382076,96.82976431229827,97.33431243896484,3622707.0
2019-01-16T00:00:00,97.34913328583114,100.28742010266029,97.30461567558554,99.20410919189453,3552398.0
2019-01-17T00:00:00,99.0557319564543,99.58996602331788,98.09114204006858,99.50093078613281,2555506.0
2019-01-18T00:00:00,99.58995873485095,101.99401185979704,99.57511575578087,101.45977783203125,4719543.0
2019-01-21T00:00:00,101.41523236039683,101.41523236039683,99.60478547466651,99.84221649169922,2395736.0
2019-01-22T00:00:00,99.04089168102323,100.910710966109,98.8628212017901,100.0648422241211,1873591.0
2019-01-23T00:00:00,99.72352399919087,99.76805294194621,98.31374650262113,98.78861999511719,3634048.0
2019-01-24T00:00:00,98.7886223936806,100.09452169928241,98.53634832132752,99.54545593261719,2690922.0
2019-01-25T00:00:00,99.7977260836053,100.99974711677895,98.77377553127101,99.60481262207031,2714842.0
2019-01-28T00:00:00,99.60481401287598,102.08305969542866,98.6847416688098,98.83313751220703,4238450.0
2019-01-29T00:00:00,99.01120796087768,103.22570830371889,98.86281213450138,103.09215545654297,5030157.0
2019-01-30T00:00:00,102.79535428965208,103.01795369406902,100.94037812263754,102.09789276123047,3774113.0
2019-01-31T00:00:00,98.65505367191983,105.19940345127435,97.3936608691313,104.32386016845703,14950851.0
2019-02-01T00:00:00,103.15151335520451,104.93228586892438,101.37072951960911,104.62065124511719,6958143.0
2019-02-04T00:00:00,104.11610254035544,106.16399205065588,103.73026434674796,104.99164581298828,3864020.0
2019-02-05T00:00:00,105.18458373884035,108.25642438044127,105.18458373884035,108.07835388183594,4728353.0
2019-02-06T00:00:00,107.60347031125205,108.21189666119308,105.11038166644354,105.2884521484375,5452046.0
2019-02-07T00:00:00,105.21427009818328,105.54074777602283,101.87531237426131,102.05338287353516,8745334.0
2019-02-08T00:00:00,101.65270923961292,102.91409095850264,100.895875679528,102.0237045288086,6031584.0
2019-02-11T00:00:00,102.39469191469986,104.21999357828336,102.20177845508407,104.1903076171875,3193267.0
2019-02-12T00:00:00,104.62066180527074,105.8672004263221,104.32387013031851,105.09553527832031,4549858.0
2019-02-13T00:00:00,105.45168805184535,105.71880508931756,104.50194110125013,104.84326171875,1943845.0
2019-02-14T00:00:00,105.21424536636503,105.34779820942727,102.54307528636545,102.70631408691406,3586661.0
2019-02-15T00:00:00,102.00885552440775,102.61729319726717,100.8513521019579,101.19267272949219,5697229.0
2019-02-18T00:00:00,100.16870989404026,102.12756421242646,99.96095347556563,101.68236541748047,3252618.0
2019-02-19T00:00:00,101.87529277845043,103.01795310921885,101.87529277845043,102.39468383789062,2745987.0
2019-02-20T00:00:00,102.52822663080778,104.33868499346819,102.424348429108,103.83413696289062,3431634.0
2019-02-21T00:00:00,103.83415642989017,104.68002517999469,103.40380056448583,103.61155700683594,3647957.0
2019-02-22T00:00:00,103.83414078618055,104.79873059283862,103.68574496712745,103.84898376464844,2318440.0
2019-02-25T00:00:00,103.89350348526672,104.47225511662431,101.80108503199274,102.58759307861328,3081058.0
2019-02-26T00:00:00,102.33532493988923,104.44257517136127,101.91981208544418,103.53734588623047,3668028.0
2019-02-27T00:00:00,103.41864535146549,103.5818841764312,102.46889836359796,102.66181182861328,2045661.0
2019-02-28T00:00:00,102.3946890287581,103.84899539079221,102.26113617322132,103.7154312133789,2795598.0
2019-03-01T00:00:00,103.13667430048403,103.62639072304592,101.89013575782757,102.39468383789062,4861780.0
2019-03-04T00:00:00,102.39469377251673,103.70059303750787,101.19267272949219,101.19267272949219,4437603.0
2019-03-05T00:00:00,101.19267501816731,102.11273605585849,99.85708976133473,101.96434020996094,3241002.0
2019-03-06T00:00:00,101.4746114785888,101.84560670948403,100.13903770486671,100.34679412841797,4101604.0
2019-03-07T00:00:00,100.07967966511089,101.51914300924523,99.0260545410863,101.02942657470703,3638883.0
2019-03-08T00:00:00,100.31709582146101,101.11844678017991,100.31709582146101,100.83648681640625,2105229.0
2019-03-11T00:00:00,101.13329854001621,102.67664000321453,100.98490271741312,102.37983703613281,3078161.0
2019-03-12T00:00:00,102.6914828764382,102.98828587593765,100.39131907017058,100.48035430908203,2881088.0
2019-03-13T00:00:00,100.48035053975262,102.82504319939605,99.66416779596943,102.54308319091797,3450650.0
2019-03-14T00:00:00,103.13668628455189,106.28273028738094,102.88441221520712,106.13432312011719,5366914.0
2019-03-15T00:00:00,107.58863617392147,107.58863617392147,99.85709553991055,100.91072082519531,15037041.0
2019-03-18T00:00:00,100.91071866122158,103.01796918660233,100.53972337202592,102.0237045288086,6190399.0
2019-03-19T00:00:00,101.87528834738391,103.68574680886609,101.4300895604414,102.780517578125,3619136.0
2019-03-20T00:00:00,102.8250385387377,103.77478541470609,102.49856092727184,103.04763793945312,2621601.0
2019-03-21T00:00:00,103.04763653782892,103.34442818682874,101.1926604268909,101.63784790039062,3027769.0
2019-03-22T00:00:00,101.63784913515954,101.71205270924881,100.74746285546738,100.97006225585938,2997144.0
2019-03-25T00:00:00,100.53971537401517,102.42436631157754,99.35252601427976,102.30565643310547,3256199.0
2019-03-26T00:00:00,102.29081050107705,102.37984573783127,101.43009880619782,101.80109405517578,3846837.0
2019-03-27T00:00:00,101.6526683807373,104.11608154533896,101.48942961335415,103.8786392211914,3689857.0
2019-03-28T00:00:00,103.87866393486736,105.33297021158089,103.24055168924957,104.976806640625,4572337.0
2019-03-29T00:00:00,118.71849010836695,121.53805651281615,114.35558197388366,115.00853729248047,19855550.0
2019-04-01T00:00:00,115.00854194798596,115.46857249277697,112.53029608390588,114.60787200927734,6038562.0
2019-04-02T00:00:00,114.607860456104,115.26080441343353,113.99942279650233,114.63753509521484,4276287.0
2019-04-03T00:00:00,114.66720368682536,118.28812084872855,114.66720368682536,117.97648620605469,4942136.0
2019-04-04T00:00:00,117.97647413987379,121.33027393334616,117.8132353453768,120.57344055175781,6453780.0
2019-04-05T00:00:00,120.8702437492808,121.62707720328329,120.20245685108081,120.51409149169922,3062267.0
2019-04-08T00:00:00,120.24697493526756,122.82909862605024,119.46046684085898,122.3839111328125,4239010.0
2019-04-09T00:00:00,123.12590571995581,125.02539959367701,120.12825775146484,120.12825775146484,6433989.0
2019-04-10T00:00:00,119.90566045838771,121.73095061310582,119.75725331186534,121.03347778320312,2639175.0
2019-04-11T00:00:00,120.89992655120369,121.55288177461479,120.11341848039079,120.1579360961914,2910014.0
2019-04-12T00:00:00,120.20247618036872,120.55862849522177,118.91140847144425,120.33602905273438,3298877.0
2019-04-15T00:00:00,120.3360248440355,121.10770137475234,119.53468499411215,120.58831024169922,3200923.0
2019-04-16T00:00:00,120.58830016392116,122.32455523011578,120.5734571836808,121.90904235839844,3283409.0
2019-04-17T00:00:00,121.86453066117146,123.318825782849,121.41933180734036,122.81427764892578,2423983.0
2019-04-18T00:00:00,122.19098343834098,124.38728018012918,121.99806999474255,124.0311279296875,1968447.0
2019-04-23T00:00:00,124.28342807654178,124.38730630982018,121.90906037169395,122.42845153808594,3488871.0
2019-04-24T00:00:00,123.14074130913126,123.31881177293187,121.21156159086829,122.04258728027344,3493101.0
2019-04-25T00:00:00,122.05743397129696,124.52084779962554,121.79031694559718,124.25373077392578,3516806.0
2019-04-26T00:00:00,124.25374550525474,125.09961429994286,123.42270837017553,124.47633361816406,2384547.0
2019-04-29T00:00:00,124.47632403945298,124.47632403945298,122.814272540948,123.46721649169922,2340853.0
2019-04-30T00:00:00,123.17042983468293,124.95120260474675,122.85879516601561,122.85879516601562,1903112.0
2019-05-02T00:00:00,122.84392992798018,124.92150533122053,122.72520874565214,124.69890594482422,3777264.0
2019-05-03T00:00:00,124.56538470531734,127.0584735572667,123.94210400092152,126.10872650146484,3399999.0
2019-05-06T00:00:00,124.89185381647863,125.0699243010599,122.23552630999524,124.58020782470703,2265848.0
2019-05-07T00:00:00,124.69893887797966,125.7080465505245,122.96268358491633,123.49691772460938,3317267.0
2019-05-08T00:00:00,123.8485756846037,124.75067699456525,122.85472675654293,123.83328247070312,3613192.0
2019-05-09T00:00:00,122.31959347065344,123.81801362340336,120.74473057116766,121.35633087158203,3017919.0
2019-05-10T00:00:00,122.10554240759244,122.33489399210816,120.94350293393732,121.52452850341797,2325100.0
2019-05-13T00:00:00,121.47860865331918,121.47860865331918,118.40533809988783,118.51236724853516,2635853.0
2019-05-14T00:00:00,118.4971081853525,120.46951306337118,117.36565519283602,120.37777709960938,7338962.0
2019-05-15T00:00:00,120.95877109896952,121.24928382354275,119.94962900222274,120.79058074951172,2556665.0
2019-05-16T00:00:00,120.60709446808065,122.31957268518245,120.0413739102059,122.24311828613281,3863610.0
2019-05-17T00:00:00,121.93731617927551,122.70181345939636,120.10252737310657,122.31956481933594,3561544.0
2019-05-20T00:00:00,122.31958337280898,122.5489349246939,118.4970963924087,118.81818389892578,2964617.0
2019-05-21T00:00:00,119.5673721022652,119.5673721022652,118.00780275541085,119.10868072509766,4019593.0
2019-05-22T00:00:00,119.26157332576155,119.47563162671179,116.81518441111412,117.45735931396484,4416658.0
2019-05-23T00:00:00,116.40235358127802,116.53996915991479,112.977408976435,113.19146728515625,4954788.0
2019-05-24T00:00:00,113.2067645047536,115.76018275296317,113.00799940113423,115.05684661865234,5047059.0
2019-05-27T00:00:00,115.94366580712867,116.1271376972741,114.56756830452152,115.36264038085938,1608209.0
2019-05-28T00:00:00,115.36263134454234,116.58583162111431,114.21588545974448,116.12712860107422,9134903.0
2019-05-29T00:00:00,114.73574461272685,115.53081659181042,114.58284750120714,114.6745834350586,1688917.0
2019-05-31T00:00:00,113.4361211189764,113.63488623150624,108.17637559057961,108.55862426757812,7348398.0
2019-06-03T00:00:00,108.25282742528674,109.8735580444336,107.07549499547723,109.8735580444336,3737586.0
2019-06-04T00:00:00,109.18552567787711,112.24351531738225,108.191676711977,112.1211929321289,4217775.0
2019-06-05T00:00:00,111.50959112991997,112.88568878173828,110.94385885492117,112.88568878173828,3801264.0
2019-06-07T00:00:00,112.51872644574378,114.96512756046023,112.51872644574378,114.24649810791016,3599796.0
2019-06-11T00:00:00,114.67457384166151,115.82131958007812,113.86420871962858,115.82131958007812,3058685.0
2019-06-12T00:00:00,115.34737134980388,117.16686722789677,115.10272658265939,116.72345733642578,2439137.0
2019-06-13T00:00:00,116.61641754153328,117.0904138183611,115.37793560029698,116.21888732910156,3179364.0
2019-06-14T00:00:00,116.20359885152942,118.46651617242453,114.78163329370776,117.76316833496094,2964870.0
2019-06-18T00:00:00,112.99270618845479,115.54612443666437,112.10588649790068,115.05684661865234,3639331.0
2019-06-19T00:00:00,115.05685522012428,115.14859117245229,112.5034367810251,112.65633392333984,3958768.0
2019-06-20T00:00:00,113.55841624002296,114.04769401279799,111.75420226567084,112.50341796875,5607187.0
2019-06-24T00:00:00,112.18235412475558,114.15475884207297,112.07532495398509,112.1211929321289,3188790.0
2019-06-25T00:00:00,111.93769645468399,112.42697427400884,110.98971557617188,110.98971557617188,2184574.0
2019-06-26T00:00:00,110.85210390692686,111.80008471915708,110.13347460825423,110.97442626953125,2633990.0
2019-06-27T00:00:00,118.49708603367661,126.81482070880857,118.49708603367661,126.14205932617188,15001364.0
2019-06-28T00:00:00,126.14206259222428,130.22447563644516,125.25524286766058,126.41728210449219,7490661.0
2019-07-01T00:00:00,128.1756312329005,128.54258670243757,125.53046521278173,126.90656280517578,3819276.0
2019-07-02T00:00:00,127.16646466181186,128.75662027783113,126.21849557564974,127.80863952636719,4435615.0
2019-07-03T00:00:00,128.06859901242504,128.58845160975648,126.55488586425781,126.55488586425781,2840717.0
2019-07-04T00:00:00,126.5242950648448,127.5028506130889,126.00444253340987,126.87596893310547,1508468.0
2019-07-05T00:00:00,127.99213693635656,128.71076626688352,126.53959672827658,128.52728271484375,2688846.0
2019-07-08T00:00:00,128.51200644103523,130.08686908176287,128.51200644103523,129.65875244140625,2827793.0
2019-07-09T00:00:00,129.75049218801382,131.44767725148577,129.18475994508853,129.73519897460938,3724744.0
2019-07-10T00:00:00,129.7352022873005,131.18775429991072,128.9707049118122,129.9645538330078,3111413.0
2019-07-11T00:00:00,129.9645424278974,130.98896602147985,129.67402971780862,129.9951171875,1727428.0
2019-07-12T00:00:00,129.9645538330078,131.03484549256973,129.56701193146873,129.9645538330078,2035558.0
2019-07-15T00:00:00,129.96452399059734,130.2703182044546,128.75661701484856,129.582275390625,1649863.0
2019-07-16T00:00:00,129.58229788125897,130.46911758678587,128.9554044691544,129.79635620117188,1667629.0
2019-07-17T00:00:00,129.85750432985503,130.8360598840025,128.557861328125,128.557861328125,2240490.0
2019-07-18T00:00:00,128.57315288583084,128.57315288583084,126.50901246761323,127.38053894042969,2120352.0
2019-07-19T00:00:00,127.6557403817061,129.13886683000308,127.38052092052416,128.95538330078125,1944535.0
2019-07-22T00:00:00,128.89426849072885,130.9889839364369,128.3591109694149,128.71078491210938,2817584.0
2019-07-23T00:00:00,129.20004605576534,130.1327337119957,128.60373908411682,129.4293975830078,1847709.0
2019-07-24T00:00:00,129.64344250389559,129.6893104715447,128.08386161201355,128.4661102294922,1621327.0
2019-07-25T00:00:00,128.84836085538268,130.2856194124022,128.03799564014477,129.41409301757812,1990701.0
2019-07-26T00:00:00,129.58228538445996,130.6831633037321,128.9706852442752,130.3162078857422,1608098.0
2019-07-29T00:00:00,130.08687561885418,131.4170935803361,128.8178071816645,130.20919799804688,2036334.0
2019-07-30T00:00:00,130.63733388077733,130.63733388077733,127.83927028790849,128.43557739257812,2022834.0
2019-07-31T00:00:00,128.08386439874275,129.82692886444724,127.73220219558038,128.9401092529297,1864548.0
2019-08-01T00:00:00,128.52729074494354,133.09899329681434,128.2062032577904,132.1204376220703,3117572.0
2019-08-02T00:00:00,129.20005361146934,129.78106740453222,127.15120628963926,127.5946044921875,3490514.0
2019-08-06T00:00:00,124.99529698379364,126.49371668587351,123.74152199442149,124.72007751464844,2344957.0
2019-08-07T00:00:00,125.37755772793035,127.16647861779028,124.94944110457615,126.37140655517578,2450519.0
2019-08-08T00:00:00,127.91570319981358,130.8819450085605,127.91570319981358,129.73519897460938,3353588.0
2019-08-09T00:00:00,129.73519427573882,131.14186656009778,129.33765239874924,130.17860412597656,2531473.0
2019-08-12T00:00:00,130.30092405428664,131.69230309969873,129.1235916582501,129.4293975830078,1845049.0
2019-08-13T00:00:00,129.18477590359083,133.1601603126493,128.45086488377052,131.2030487060547,4298902.0
2019-08-14T00:00:00,131.29480074548357,131.3100822959855,127.13593260903292,127.25825500488281,2952973.0
2019-08-15T00:00:00,127.3193790986723,128.16033082048327,124.75066762559011,126.60076141357422,3209436.0
2019-08-16T00:00:00,126.89124720336126,129.3223544652062,126.53958500948119,128.75662231445312,2890797.0
2019-08-19T00:00:00,129.53644472707796,134.4292235495539,129.5058582977035,133.64944458007812,4699920.0
2019-08-20T00:00:00,133.78704035750258,135.62182938771238,133.77174714374797,133.95523071289062,4134967.0
2019-08-21T00:00:00,133.95524211916907,136.43221801964035,133.95524211916907,135.77474975585938,2963748.0
2019-08-22T00:00:00,135.83588247052933,137.90003463138925,135.3924842765159,136.58509826660156,3763203.0
2019-08-23T00:00:00,137.0743695143677,138.31285141913781,135.7900079723108,136.03465270996094,2956511.0
2019-08-26T00:00:00,134.7502920870468,138.22111641798813,134.26101427371228,137.59422302246094,2906243.0
2019-08-27T00:00:00,137.76241279045558,138.32814499879603,136.40160851324777,137.8388671875,2271539.0
2019-08-28T00:00:00,141.9212836029256,144.85695054483335,141.44729899213,143.9089813232422,7585788.0
2019-08-29T00:00:00,143.9090054472533,145.33097118331304,140.59107761957694,143.3126983642578,4901525.0
2019-08-30T00:00:00,143.34324962536903,146.09544468429752,142.6093270545536,143.710205078125,3661595.0
2019-09-02T00:00:00,143.58789336498847,144.21477510633466,141.86012194247854,142.24237060546875,2015729.0
2019-09-03T00:00:00,141.4319895385141,142.53286743164062,137.91529756494913,142.53286743164062,2915368.0
2019-09-04T00:00:00,143.3738126527785,143.97013125449905,141.44728793449076,141.84481811523438,2255279.0
2019-09-05T00:00:00,142.56347122292235,143.54202695714858,140.6675209460221,143.25152587890625,3013618.0
2019-09-06T00:00:00,143.60318997448005,146.3553853027982,143.20565972229326,146.095458984375,3156040.0
2019-09-09T00:00:00,146.09545466476538,146.55414609571983,143.87840525325382,144.49000549316406,2515095.0
2019-09-10T00:00:00,144.35238832617432,147.47152709960938,144.35238832617432,147.47152709960938,3888527.0
2019-09-11T00:00:00,147.76205815491562,147.76205815491562,143.64905836503243,144.09246826171875,3227760.0
2019-09-12T00:00:00,144.23006312508198,145.3615158605018,143.48084737358369,144.96397399902344,4247552.0
2019-09-13T00:00:00,144.963991965061,145.4532698300947,143.6643487296875,145.43798828125,2639865.0
2019-09-16T00:00:00,142.96100946011944,143.77137481307037,139.79599078681238,141.35556030273438,5500942.0
2019-09-17T00:00:00,141.50845239659984,144.21476765806375,141.172071724093,142.1200408935547,3409944.0
2019-09-18T00:00:00,142.1200427828448,143.5725946456793,141.84482328943534,143.1138916015625,1602646.0
2019-09-19T00:00:00,143.1138926536783,144.85694556965151,142.93042076692518,144.58172607421875,2764735.0
2019-09-20T00:00:00,145.11687969980775,145.63673225233427,144.12303089993338,144.50527954101562,3909797.0
2019-09-23T00:00:00,144.38294930573323,144.41352406261993,141.60017981695825,142.5787353515625,2664389.0
2019-09-24T00:00:00,142.96100570522663,144.1077517402953,142.63991821524388,143.22093200683594,2194437.0
2019-09-25T00:00:00,143.22093526386877,143.64905192691504,141.99774646449427,143.49615478515625,2916442.0
2019-09-26T00:00:00,143.17505383769705,145.07100388106556,142.9151275545947,144.58172607421875,1640310.0
2019-09-27T00:00:00,144.87226464394092,148.9699713822762,144.76523546912753,146.82937622070312,2962613.0
2019-09-30T00:00:00,146.78348718186535,146.96697074035194,145.51441881593263,145.89666748046875,2874394.0
2019-10-01T00:00:00,146.01899473576597,147.13516600627045,144.4441320516613,145.31565856933594,4095376.0
2019-10-02T00:00:00,144.96401298029073,145.20865778092562,139.84188203638558,141.00392150878906,4631720.0
2019-10-03T00:00:00,143.80195096977013,151.52336692469152,142.30353108554726,146.5235595703125,13596166.0
2019-10-04T00:00:00,149.03111226208674,149.03111226208674,142.96100155937384,147.31863403320312,5977953.0
2019-10-07T00:00:00,147.85376527964996,154.08442494200634,147.85376527964996,153.090576171875,7396827.0
2019-10-08T00:00:00,152.89944862924068,152.89944862924068,150.59066368865453,152.74655151367188,4009387.0
2019-10-09T00:00:00,152.3031784213783,153.511085756519,150.89650595462143,153.43463134765625,3363980.0
2019-10-10T00:00:00,152.89946027031513,154.8107035236941,151.5692307664543,154.65780639648438,2918774.0
2019-10-11T00:00:00,154.88713811771797,155.11647794656002,152.10436876318582,152.86886596679688,3405502.0
2019-10-14T00:00:00,152.89944304483885,156.4925776233322,152.74654593485437,155.91920471191406,3155509.0
2019-10-15T00:00:00,156.64548258950197,158.7478500368078,156.45435827611055,157.86868286132812,3632461.0
2019-10-16T00:00:00,158.2509573683221,159.62705498284663,157.52468719172157,158.2891845703125,3193580.0
2019-10-17T00:00:00,157.6011210067031,159.13011567731016,155.72810486827015,156.98953247070312,2973477.0
2019-10-18T00:00:00,156.72196713375618,158.59498343229382,156.5690699866866,157.98338317871094,3157227.0
2019-10-21T00:00:00,157.9833604501163,158.32739356315855,155.80455017089844,155.80455017089844,2533648.0
2019-10-22T00:00:00,156.072119412424,158.9389842926324,154.92537346034067,158.67141723632812,2642427.0
2019-10-23T00:00:00,157.25711861152485,159.09191943796603,156.22505408287512,158.9390106201172,1946929.0
2019-10-24T00:00:00,158.786100495212,158.82432769655117,156.56906280118923,157.79225158691406,1899434.0
2019-10-25T00:00:00,157.7922452055711,158.1362783384063,156.68372640338978,157.1042022705078,1586978.0
2019-10-28T00:00:00,157.14245756215232,158.8243496659873,156.30150567758199,158.2509765625,2069996.0
2019-10-29T00:00:00,157.83047376801397,157.8687009681372,155.80456047982278,156.45437622070312,2977514.0
2019-10-30T00:00:00,156.33972246506633,156.6455167670912,154.9253975712653,155.9574737548828,2105000.0
2019-10-31T00:00:00,155.95746961402182,156.11036676097467,153.28172871378126,154.2373504638672,2888484.0
2019-11-01T00:00:00,154.23732052549636,154.50489922970362,153.62572039109563,153.96974182128906,292537.0
2019-11-04T00:00:00,154.81068556716957,155.19293417350826,153.39636105759573,154.0461883544922,2746787.0
2019-11-05T00:00:00,154.04620783595834,154.04620783595834,150.8047350447645,151.89031982421875,3114572.0
2019-11-06T00:00:00,152.13496624425747,152.27257016211774,150.300177347634,150.94235229492188,4338028.0
2019-11-07T00:00:00,151.72215319679546,152.97592841709783,149.58155822753906,149.58155822753906,4009726.0
2019-11-08T00:00:00,149.2910410524831,150.31546469822626,147.44095887179205,148.02197265625,4687563.0
2019-11-11T00:00:00,148.45324695088962,149.04918846705183,145.11280612433453,147.02610778808594,5855483.0
2019-11-12T00:00:00,147.02613696125033,148.46895058035915,146.1635788384039,147.99847412109375,3181447.0
2019-11-13T00:00:00,148.0141201001503,148.48460843481365,146.9633763797529,147.49659729003906,2199374.0
2019-11-14T00:00:00,147.60641198265995,147.88870265868468,144.46985423350455,145.0657958984375,3445316.0
2019-11-15T00:00:00,145.42648629751557,146.17925335851888,143.98366082806194,145.12850952148438,3373281.0
2019-11-18T00:00:00,145.06577324134548,145.81855224817807,144.12480845656708,145.1912384033203,2079469.0
2019-11-19T00:00:00,145.26963338293592,146.30470293782017,143.5445294231443,143.717041015625,2521051.0
2019-11-20T00:00:00,143.15245178727076,143.2622307977052,140.76867386140242,141.0352783203125,4961482.0
2019-11-21T00:00:00,140.75300663673278,143.3249826253169,139.96886732399332,142.3997039794922,4617722.0
2019-11-22T00:00:00,142.02330991875718,142.82313537597656,141.45872865072192,142.82313537597656,2807772.0
2019-11-25T00:00:00,142.83879276775428,145.6773727082958,142.8231066342943,144.67367553710938,2442937.0
2019-11-26T00:00:00,144.68938543922542,145.06576894899672,143.23088587821866,143.59158325195312,3731382.0
2019-11-27T00:00:00,144.28163516941845,144.8148441648801,142.46242620016133,144.21890258789062,4172064.0
2019-11-28T00:00:00,143.51318491075872,144.64234747125033,143.43476619099584,143.95230102539062,949381.0
2019-11-29T00:00:00,143.60728829770284,146.3360900416419,143.40341636244324,144.94032287597656,3191500.0
2019-12-02T00:00:00,144.79917402605128,146.91634786026015,142.87018597665053,143.01133728027344,4392340.0
2019-12-03T00:00:00,144.46982819115163,147.26136217029082,144.46982819115163,145.22259521484375,4273732.0
2019-12-04T00:00:00,145.2853216440094,148.42187869498545,144.68938011172958,148.35914611816406,3571311.0
2019-12-05T00:00:00,148.81397882897738,150.38225767591783,147.8416416364678,149.7706298828125,4115803.0
2019-12-06T00:00:00,149.77063536808785,150.97820485985068,149.5197050001785,150.38226318359375,2572092.0
2019-12-09T00:00:00,150.27245097696513,153.1424036102438,150.00584649365925,152.0446014404297,3430700.0
2019-12-10T00:00:00,151.33889826284067,151.33889826284067,147.66913175801736,150.16268920898438,3929451.0
2019-12-11T00:00:00,150.16267418174664,151.79368534234246,149.88038355847013,151.55844116210938,3733447.0
2019-12-12T00:00:00,151.79369392292745,151.80938005983398,148.93942722179295,150.47633361816406,2864220.0
2019-12-13T00:00:00,151.5584545606497,152.10734971970803,148.7512342157318,149.47264099121094,4009759.0
2019-12-16T00:00:00,149.45698303812003,153.34630798582347,147.90437832184202,152.73468017578125,4314730.0
2019-12-17T00:00:00,152.12303818555657,152.43668914838585,148.5787248735027,150.39793395996094,4608516.0
2019-12-18T00:00:00,150.09993303036563,151.40160705030198,149.39421249498662,151.22909545898438,2151921.0
2019-12-19T00:00:00,150.94681223145184,151.80937023020937,149.92742876883364,151.1036376953125,2271727.0
2019-12-20T00:00:00,151.1036266189734,151.88776584581294,150.41359223556486,151.2918243408203,3039747.0
2019-12-23T00:00:00,151.08796595977043,151.6839195302642,149.89608274881707,150.91546630859375,1663638.0
2019-12-27T00:00:00,150.94680253849475,151.76230207721292,150.6645119356663,151.73094177246094,1577404.0
2019-12-30T00:00:00,151.65252388490512,152.2327912285902,149.00214139594652,149.3628387451172,1961912.0
2020-01-02T00:00:00,148.95511500640225,152.12303269060962,148.82964983979565,151.18206787109375,2217514.0
2020-01-03T00:00:00,150.31948898174508,150.31948898174508,148.43755960343506,149.12759399414062,1978875.0
2020-01-07T00:00:00,148.7198488298121,152.84441686101354,148.53165110771738,151.2604522705078,3340628.0
2020-01-08T00:00:00,150.09995119616073,151.57413698582752,148.453265759315,150.9468231201172,2599853.0
2020-01-09T00:00:00,151.57413947529062,152.0446159085379,147.85731463105034,149.01783752441406,3694269.0
2020-01-10T00:00:00,149.1276131591206,149.50400865516684,144.1875449149353,145.09713745117188,5080619.0
2020-01-13T00:00:00,145.0971301567804,146.14788590748114,144.83052566757974,145.2069091796875,2777684.0
2020-01-14T00:00:00,145.06576100360556,146.0224118441819,143.68568023335516,144.908935546875,2506885.0
2020-01-15T00:00:00,145.22262152739742,145.59900510743958,142.7290638577181,143.6543426513672,4033902.0
2020-01-16T00:00:00,143.87387757329637,146.13220261999828,143.87387757329637,144.95599365234375,2744142.0
2020-01-17T00:00:00,145.065765481365,145.63034671503425,144.03069589796607,145.05007934570312,3494519.0
2020-01-20T00:00:00,145.05007369674118,145.05007369674118,144.156155439081,144.43844604492188,2149292.0
2020-01-21T00:00:00,143.59156226075234,145.58328247070312,142.63491150762908,145.58328247070312,1934108.0
2020-01-22T00:00:00,145.95969499999927,147.33977591899455,145.45784630536312,146.27334594726562,2884566.0
2020-01-23T00:00:00,145.99105415509874,148.84533279174474,145.94400770988221,147.22999572753906,3006940.0
2020-01-24T00:00:00,148.04549441989423,150.06857514292798,147.95138957264962,148.1552734375,2038574.0
2020-01-27T00:00:00,146.30469802809935,147.48090686553343,144.1561522443144,144.75210571289062,2585983.0
2020-01-28T00:00:00,145.06575706131363,149.50398795976608,145.06575706131363,148.70416259765625,3179852.0
2020-01-29T00:00:00,148.98646838447513,149.92743316021594,147.85730586757967,148.71986389160156,3800824.0
2020-01-30T00:00:00,160.74856544961742,163.8459134640579,158.317728698275,162.7481231689453,17760277.0
2020-01-31T00:00:00,163.10097014612245,168.08025935726283,162.59128440042218,165.96307373046875,7529461.0
2020-02-03T00:00:00,165.92391095386822,166.74724779714774,162.00321373818153,163.37545776367188,4359652.0
2020-02-04T00:00:00,164.47323090689522,165.76705606604395,163.92433574740843,164.6692657470703,2976452.0
2020-02-05T00:00:00,164.7868686352859,165.10053153339393,162.35604399128343,162.78732299804688,2973338.0
2020-02-06T00:00:00,163.25780409384856,164.3556063212811,162.82652507467924,163.7675018310547,2610285.0
2020-02-07T00:00:00,163.72828752053078,163.72828752053078,159.61155621344497,159.96441650390625,3173997.0
2020-02-10T00:00:00,159.41552195550994,160.59173090456926,157.3375456331621,160.1996612548828,3680721.0
2020-02-11T00:00:00,160.5133078086745,161.0230055183684,158.82741314703256,160.04283142089844,2707579.0
2020-02-12T00:00:00,159.14105644276404,160.7093349235304,157.8080221271157,159.885986328125,4386539.0
2020-02-13T00:00:00,159.5331373768275,159.96441638262704,156.31032439169454,158.55296325683594,5812876.0
2020-02-14T00:00:00,158.47456150512667,161.10142105055544,158.47456150512667,160.3564910888672,4014583.0
2020-02-17T00:00:00,160.63094463712858,160.98380493845283,159.61156112717893,160.3564910888672,1672599.0
2020-02-18T00:00:00,159.8468010756135,160.86617259350243,158.20010375976562,158.20010375976562,3031333.0
2020-02-19T00:00:00,159.02345848718372,160.55252778739367,157.69042401943702,159.0626678466797,3132548.0
2020-02-20T00:00:00,159.41550996290425,159.885986328125,157.8080221271157,159.885986328125,2807538.0
2020-02-21T00:00:00,159.3763220797554,162.43446074324947,159.21949660355358,160.16046142578125,3529216.0
2020-02-24T00:00:00,156.5612442950227,156.63965104039667,148.8296308722424,149.84901428222656,7326085.0
2020-02-25T00:00:00,150.38223382156258,152.07597757919277,146.4301770187749,146.88497924804688,4689628.0
2020-02-26T00:00:00,146.24198563854566,146.9633923892716,142.44675413754612,146.27334594726562,4467024.0
2020-02-27T00:00:00,145.5205689701065,145.84990603179574,137.9928270985881,141.52145385742188,7612560.0
2020-02-28T00:00:00,136.9107373847953,139.01222513164868,134.55831929890547,135.9384002685547,8229915.0
2020-03-02T00:00:00,138.07124359032883,140.48639396886097,133.64869860237147,136.9107208251953,6391303.0
2020-03-03T00:00:00,138.72993503925082,140.0629695669324,136.39320308143135,137.58509826660156,5486390.0
2020-03-04T00:00:00,137.82031670551282,141.0823390093751,136.45592200443804,139.43565368652344,6041756.0
2020-03-05T00:00:00,140.5648202085698,140.78437827660815,134.2917052017205,135.43655395507812,4980960.0
2020-03-06T00:00:00,133.3036988964028,133.53894311098824,129.14775765545258,130.19850158691406,5792517.0
2020-03-09T00:00:00,117.6522679631299,126.84238250490264,117.58954734159734,126.16802215576172,8573211.0
2020-03-10T00:00:00,127.03056431629018,128.95955222421864,122.84326340117185,123.39215850830078,5511891.0
2020-03-11T00:00:00,124.09788171757789,125.41524196770663,117.54247666947853,117.62089538574219,7382497.0
2020-03-12T00:00:00,110.95571309796468,113.49632878655366,102.56542481854235,103.42797088623047,12375393.0
2020-03-13T00:00:00,105.38831207352057,112.5867167236803,102.45563888995027,105.09034729003906,11173898.0
2020-03-16T00:00:00,94.09672306221243,97.84490824032254,90.12897982082521,93.8928451538086,9826517.0
2020-03-17T00:00:00,95.47680481150424,97.70375759781243,85.76915624856088,90.12897491455078,8911378.0
2020-03-18T00:00:00,85.47118256987385,85.47118256987385,76.94758633787254,83.02466583251953,12724057.0
2020-03-19T00:00:00,83.2285378924671,91.30517440288108,80.3272251170798,88.85865783691406,9522730.0
2020-03-20T00:00:00,93.54782502076118,97.06076588993919,88.30977402577415,88.79593658447266,8221134.0
2020-03-23T00:00:00,84.62430766423255,87.82359728691489,82.56986662793292,85.29866790771484,9203356.0
2020-03-24T00:00:00,94.5828856558997,96.57460021972656,89.29778240300547,96.57460021972656,8847096.0
2020-03-25T00:00:00,98.91133723937696,105.37264979790194,95.31997757661807,105.10603332519531,9958580.0
2020-03-26T00:00:00,102.25176128971462,103.94550507177527,97.78216961345707,101.9381103515625,7885709.0
2020-03-27T00:00:00,100.66781609310065,101.9694783531595,96.44914245605469,96.44914245605469,5829048.0
2020-03-30T00:00:00,96.82552451040014,97.07644884998702,93.46940324247706,95.8688735961914,7074777.0
2020-03-31T00:00:00,98.01740944385529,102.04788484158598,97.46851434397286,100.36982727050781,14738943.0
2020-04-01T00:00:00,98.01741151173613,99.19362044987696,95.39054607972321,96.48834228515625,6958119.0
2020-04-02T00:00:00,97.15486094522741,97.19406432091573,90.25443267822266,90.25443267822266,10098781.0
2020-04-03T00:00:00,98.80154740182978,100.36982593201755,88.37249278307794,89.39187622070312,16224974.0
2020-04-06T00:00:00,94.17512875146349,98.91917391037171,92.68526288467766,98.80155181884766,9963435.0
2020-04-07T00:00:00,101.85968216514532,109.50503973076292,101.31078709189889,105.81958770751953,10788304.0
2020-04-08T00:00:00,104.91783743265266,109.77949854671846,103.27114016844557,107.62311553955078,6025179.0
2020-04-09T00:00:00,110.32839386131626,112.01430048557654,105.62355820015125,107.0350112915039,3420708.0
2020-04-14T00:00:00,110.17157083917314,111.38698913823129,107.07422301997184,109.23060607910156,5430619.0
2020-04-15T00:00:00,109.5050472636741,109.77950080168473,104.4473512268854,104.99624633789062,4990344.0
2020-04-16T00:00:00,105.30991425671507,105.85880939390236,100.09538652340267,100.72269439697266,6476777.0
2020-04-17T00:00:00,104.36894217720507,108.09360372948301,104.29052346378238,106.21166229248047,6395138.0
2020-04-20T00:00:00,107.42707864120878,107.8975669833079,103.62399844345173,106.25086975097656,3204996.0
2020-04-21T00:00:00,104.48655135610586,105.70196954349508,101.66364537023509,101.85968017578125,3715003.0
2020-04-22T00:00:00,102.44779741218845,103.07511126143787,99.27203675444738,100.40904235839844,4187449.0
2020-04-23T00:00:00,101.03635730752012,101.38921761249647,99.46807266732436,100.72269439697266,3630573.0
2020-04-24T00:00:00,99.42886862155416,100.64428696608944,97.82138061523438,97.82138061523438,4354235.0
2020-04-27T00:00:00,99.27202697197528,102.09492705040674,99.07599216121604,101.62445068359375,3759532.0
2020-04-28T00:00:00,102.01652443636797,106.13325562902284,101.19317580483384,104.36894226074219,4893905.0
2020-04-29T00:00:00,103.89844583281388,110.75966395384876,102.99669052291239,110.56362915039062,7147845.0
2020-04-30T00:00:00,110.56365323874527,111.38700198565432,106.7997817993164,106.7997817993164,3410615.0
2020-05-04T00:00:00,103.38876797073105,103.38876797073105,99.66410044004385,100.25220489501953,8049007.0
2020-05-05T00:00:00,101.93811437633933,103.46718369898106,98.87996974854747,99.31124877929688,5569750.0
2020-05-06T00:00:00,99.3896585299274,100.84032105384614,97.07644993544915,99.585693359375,4528762.0
2020-05-07T00:00:00,100.52665324675462,103.89845454187136,99.93854878708365,102.60462951660156,8132652.0
2020-05-08T00:00:00,103.11432295155791,104.13370648400632,102.05573005920442,103.8592529296875,3845512.0
2020-05-11T00:00:00,102.64381543359939,104.32972187519138,100.48743265587659,102.52619934082031,6062269.0
2020-05-12T00:00:00,102.17335140936616,104.44735055388512,101.58524694457512,103.50638580322266,4508420.0
2020-05-13T00:00:00,102.4086001102053,102.48700686329661,96.99803161621094,96.99803161621094,6182310.0
2020-05-14T00:00:00,96.4491329569371,96.76278987037183,92.25398893945811,93.7830581665039,6207579.0
2020-05-15T00:00:00,94.60640382335401,96.44912990553543,92.48922421153267,94.05750274658203,4983520.0
2020-05-18T00:00:00,95.66499247280296,101.2715835571289,95.66499247280296,101.2715835571289,6297300.0
2020-05-19T00:00:00,102.99670026998612,103.70242084321522,100.33061951164245,102.91828155517578,5928876.0
2020-05-20T00:00:00,102.68303300703128,102.68303300703128,99.97775497139659,100.76189422607422,2352826.0
2020-05-22T00:00:00,99.97776230714307,102.83986601071356,98.48789641743694,101.35000610351562,3655862.0
2020-05-25T00:00:00,102.29097720557644,103.15353528831335,101.70287268507866,102.87908172607422,2568775.0
2020-05-26T00:00:00,103.89846368692835,106.01563753509257,103.74163821021561,105.15309143066406,4451341.0
2020-05-27T00:00:00,105.23149750498713,113.97465836404636,104.76102107789593,112.24954223632812,8489200.0
2020-05-28T00:00:00,113.07287730749105,114.79798126220703,111.19094789598553,114.79798126220703,6768820.0
2020-05-29T00:00:00,113.54339263738258,113.89625299030415,111.38700919006185,111.46541595458984,7283969.0
2020-06-01T00:00:00,113.8570274342177,116.05261993408203,112.05350459629285,116.05261993408203,4488481.0
2020-06-02T00:00:00,116.91518715283463,121.77684894946448,115.97421031831098,120.67904663085938,7375676.0
2020-06-03T00:00:00,122.32575108041839,125.1486578144353,121.62003037942323,123.26671600341797,7636042.0
2020-06-04T00:00:00,123.26668185709067,124.52130938355559,120.95347357237243,122.75699615478516,5616084.0
2020-06-05T00:00:00,124.05085394928373,132.00987624760057,123.8548190941284,131.93145751953125,8256634.0
2020-06-08T00:00:00,131.57859813583823,132.04907461264204,128.12837748085317,130.16714477539062,8046467.0
2020-06-09T00:00:00,130.9512464481752,131.34331604831945,123.61954013947211,125.2270278930664,6835916.0
2020-06-10T00:00:00,124.75655697803823,127.3834162342479,121.18872106854403,121.85523223876953,6359137.0
2020-06-11T00:00:00,117.89535201102815,118.09138684179807,113.30813218500575,113.38655090332031,7558708.0
2020-06-12T00:00:00,111.34778411842814,117.46407324469722,111.34778411842814,112.79844665527344,5686719.0
2020-06-15T00:00:00,110.21078185493832,113.89623420025661,108.99536353759497,113.19051361083984,6421836.0
2020-06-16T00:00:00,117.9737807379042,118.32664110600984,114.87643222783659,116.32709503173828,6772366.0
2020-06-17T00:00:00,116.71913199417921,117.9737476135111,113.15129601839354,114.79798126220703,5909845.0
2020-06-18T00:00:00,114.562749633214,114.79798183706859,112.68080824726907,113.0336685180664,5386562.0
2020-06-22T00:00:00,112.01428910792706,112.40635870653371,109.42662736412021,109.77948760986328,4999266.0
2020-06-23T00:00:00,111.11256176697435,115.07246852841772,111.07335240002561,113.81784057617188,4762710.0
2020-06-24T00:00:00,113.81781367087774,115.26847614992747,111.0733261434985,111.23016357421875,4062945.0
2020-06-25T00:00:00,110.87729471240479,114.48434035903861,109.1913999657269,113.73941040039062,4976202.0
2020-06-26T00:00:00,114.48435392418081,115.1508772090616,107.46630859375,107.46630859375,8812371.0
2020-06-29T00:00:00,107.46628799721964,108.95614780550754,104.87862604570566,106.25086975097656,5982375.0
2020-06-30T00:00:00,105.93721387436683,106.72135309781879,103.82002839903451,105.85879516601562,6238244.0
2020-07-01T00:00:00,105.50594418471343,108.5248732814235,103.70242141920235,106.40769958496094,7561730.0
2020-07-02T00:00:00,107.46630151166877,110.95571926516708,107.03502247134492,110.36761474609375,5139393.0
2020-07-03T00:00:00,111.19094790305857,112.21033131977866,110.40680865404549,110.95570373535156,3869309.0
2020-07-06T00:00:00,112.91605996345385,114.05305956313815,111.11253716825654,111.77906036376953,3784119.0
2020-07-07T00:00:00,110.95570990847233,110.95570990847233,109.2306058576689,109.81871032714844,4276696.0
2020-07-08T00:00:00,108.9169441719587,109.23060707150972,107.66232846880324,108.13280487060547,4694797.0
2020-07-09T00:00:00,109.0737840354172,109.66188852454056,107.03501702044969,107.07422637939453,4486007.0
2020-07-10T00:00:00,106.36849652980756,108.48568231673214,105.93722946545019,107.93677520751953,4630061.0
2020-07-13T00:00:00,108.6424881669069,109.77948760986328,107.5446861117995,109.77948760986328,4338200.0
2020-07-14T00:00:00,108.4072527164023,108.56407817543014,106.13325364795958,106.25086975097656,5610440.0
2020-07-15T00:00:00,107.42708010656432,109.58346310140412,106.44690601800077,109.3874282836914,5242810.0
2020-07-16T00:00:00,108.99536643099758,109.34822673507303,107.38787841796875,107.38787841796875,4063846.0
2020-07-17T00:00:00,107.54469666555573,107.97597565934898,105.70197655028034,106.21166229248047,5061019.0
2020-07-20T00:00:00,106.1724512369747,106.95659049859198,104.76101013807605,105.66276550292969,4223933.0
2020-07-21T00:00:00,106.40770614360403,108.2504383803184,106.13326455335978,107.34867095947266,4562267.0
2020-07-22T00:00:00,107.30945866276417,107.50549347072317,105.11386642062031,106.17244720458984,3865626.0
2020-07-23T00:00:00,106.7213750398597,107.54471182175128,106.32930534752371,106.7997817993164,3178469.0
2020-07-24T00:00:00,105.42751620011404,106.25086477774161,104.56497023332588,105.85879516601562,3985550.0
2020-07-27T00:00:00,105.97641754150392,107.03501034188045,104.44734835819447,105.9764175415039,3866020.0
2020-07-28T00:00:00,106.25087389977642,107.34866412085258,105.07466496361654,106.99580383300781,3254539.0
2020-07-29T00:00:00,107.27026559637106,108.83854429817468,106.3684981638238,108.64250946044922,3700708.0
2020-07-30T00:00:00,108.64249572800331,108.64249572800331,103.93766021728516,103.93766021728516,4776139.0
2020-07-31T00:00:00,104.44735324830054,108.21122431306249,104.17291166999456,106.52532958984375,6712070.0
2020-08-03T00:00:00,107.27025431012018,107.74073069215075,105.30990613912023,106.56452178955078,4072640.0
2020-08-04T00:00:00,107.2310516100467,109.07378379118022,106.4469122929714,107.6623306274414,5615311.0
2020-08-05T00:00:00,108.36805858217612,111.42620930534856,107.97598889702714,110.91651153564453,5807927.0
2020-08-06T00:00:00,110.91650739434941,111.03413547451257,108.28964778094074,108.76012420654297,4137579.0
2020-08-07T00:00:00,108.6032900011684,108.95615028325929,107.19183690778904,108.44646453857422,3416679.0
2020-08-10T00:00:00,109.77950523114744,113.38655090332031,109.30901685129305,113.38655090332031,5240117.0
2020-08-11T00:00:00,114.60195222195155,118.56185802166148,114.60195222195155,118.24820709228516,8433876.0
2020-08-12T00:00:00,118.01296824377935,118.83631692685555,115.9350038215068,116.05261993408203,4558323.0
2020-08-13T00:00:00,116.05261132396487,117.93454077564452,114.95482113798766,116.99357604980469,3766148.0
2020-08-14T00:00:00,116.87597072125449,116.87597072125449,112.48478564247218,112.75923919677734,5396625.0
2020-08-17T00:00:00,112.79845045941032,113.81782204398642,111.42620659477036,112.72003173828125,2790113.0
2020-08-18T00:00:00,112.01429803614366,113.11208821373695,109.93632181889235,110.09314727783203,4222679.0
2020-08-19T00:00:00,110.40683522672661,111.50462565355463,109.6226957889871,111.03414916992188,2655991.0
2020-08-20T00:00:00,109.58346081124317,109.93632108274855,108.25042647165868,108.60328674316406,4355260.0
2020-08-21T00:00:00,109.15218510275598,109.54425474174937,107.27025562159406,108.44646453857422,3499863.0
2020-08-24T00:00:00,109.34822774962328,112.52399444580078,109.34822774962328,112.52399444580078,4699613.0
2020-08-25T00:00:00,113.26892442020866,114.83720308844282,111.81827383110209,112.52399444580078,4007203.0
2020-08-26T00:00:00,111.70062699596832,112.72001035215597,111.11252259413098,112.01428985595703,2779859.0
2020-08-27T00:00:00,112.13192199904306,112.2887474689755,110.05395760115127,111.50460815429688,2761988.0
2020-08-28T00:00:00,111.50462738424623,111.8966971092014,110.05397658092319,110.17159271240234,4054412.0
2020-08-31T00:00:00,110.7596763161453,111.11253660875101,108.13280487060547,108.13280487060547,3518048.0
2020-09-01T00:00:00,108.21122900238987,108.87775222790407,105.27070647515102,106.09405517578125,6627536.0
2020-09-02T00:00:00,106.52534452620503,108.60330919409202,106.40771643470968,106.95661163330078,5301922.0
2020-09-03T00:00:00,108.60330065121015,111.73985807073969,108.13281225227391,108.87775421142578,6048829.0
2020-09-04T00:00:00,108.79931542543741,110.56362864855262,107.34865310042566,107.8975601196289,3997993.0
2020-09-07T00:00:00,109.1129808515238,111.6222362305085,109.1129808515238,111.50460815429688,3586846.0
2020-09-08T00:00:00,111.4262047151881,113.38655306017722,110.955716326384,112.75923919677734,5209389.0
2020-09-09T00:00:00,112.36715618463393,112.60240035110168,110.13235455071329,110.720458984375,4109948.0
2020-09-10T00:00:00,110.95572789549006,113.11211129981936,109.8971348928121,112.09272766113281,4562879.0
2020-09-11T00:00:00,111.73984260825844,113.2297023903624,111.38698234039333,112.13191223144531,3130904.0
2020-09-14T00:00:00,110.36761152598153,112.68082017384245,108.36805382646838,111.9358901977539,7746237.0
2020-09-15T00:00:00,125.4622665520963,127.30499837808586,122.83539556015613,124.01160430908203,19927694.0
2020-09-16T00:00:00,126.24643789729993,129.77506504349776,125.30547305131728,125.8935775756836,8124982.0
2020-09-17T00:00:00,124.67815916565645,126.20722853600542,124.0116359187011,125.8935775756836,4484133.0
2020-09-18T00:00:00,125.73673827475989,125.73673827475989,123.34511107888363,123.7763900756836,5188908.0
2020-09-21T00:00:00,123.18828342786355,123.18828342786355,116.48389031310435,116.99357604980469,6845613.0
2020-09-22T00:00:00,117.620906028427,118.36583604027025,116.17024340140281,116.64073181152344,4895289.0
2020-09-23T00:00:00,117.89534454514359,120.20855300873806,116.91517045336492,117.46406555175781,3816417.0
2020-09-24T00:00:00,116.05261659077865,116.71913978288082,114.28830316287831,114.95482635498047,4012228.0
2020-09-25T00:00:00,115.34689384849165,116.32706795677245,113.58258045358619,115.42530059814453,4393263.0
2020-09-28T00:00:00,116.9935795765884,119.81648580422035,116.9935795765884,119.65966033935547,4448680.0
2020-09-29T00:00:00,119.97332029757659,122.28652898220624,119.54204126298062,120.79666900634766,4338822.0
2020-09-30T00:00:00,120.79665544787677,122.6785848866787,119.26758628322327,121.34555053710938,5194365.0
2020-10-01T00:00:00,125.5799188717075,131.3825575528541,125.54072147411254,128.7164764404297,12460324.0
2020-10-02T00:00:00,128.99091486718112,129.30456580121643,124.48211389158055,126.87374114990234,5907838.0
2020-10-05T00:00:00,128.5204372721761,129.1085417965424,125.89357757568358,125.8935775756836,4185315.0
2020-10-06T00:00:00,126.9521606915609,128.95171850128952,125.73675422595758,128.08917236328125,4739968.0
2020-10-07T00:00:00,127.42262669371864,128.79487036580485,127.0305570731226,128.7556610107422,3547054.0
2020-10-08T00:00:00,129.81428155051356,129.97110703930704,128.40282822133653,128.4812469482422,2684778.0
2020-10-09T00:00:00,128.59883556164127,128.87328908207772,126.36403393813103,126.9129409790039,3166009.0
2020-10-12T00:00:00,126.91295672582143,126.95215412073412,125.26625932891815,125.57991027832031,2922482.0
2020-10-13T00:00:00,125.57989774496411,125.85435127206206,123.03144514911239,123.34510803222656,3179479.0
2020-10-14T00:00:00,123.73717858189588,124.7173526645075,122.32572550993198,124.24686431884766,2754351.0
2020-10-15T00:00:00,123.18830450007151,123.18830450007151,119.698874598792,120.20857238769531,4645122.0
2020-10-16T00:00:00,121.0710970099853,122.44334071557458,119.77727201643592,121.34555053710938,3774554.0
2020-10-19T00:00:00,122.16889480310098,124.12924288413593,121.85523193112631,123.18827819824219,2442389.0
2020-10-20T00:00:00,122.4825778110996,125.30548457364195,121.58082224349155,124.40371704101562,2972913.0
2020-10-21T00:00:00,124.40369781364271,124.44290717248263,121.3455592643916,121.65921020507812,3172547.0
2020-10-22T00:00:00,120.9534793801382,124.05082702636719,119.9733053170901,124.05082702636719,3806776.0
2020-10-23T00:00:00,124.12923945356457,125.69751787504987,123.4235069848873,123.9332046508789,2575608.0
2020-10-26T00:00:00,121.93365789158725,122.63937845672191,119.8948909800624,120.3653793334961,3763587.0
2020-10-27T00:00:00,120.3654011602025,120.56143601551227,115.66056463276787,116.4054946899414,4381167.0
2020-10-28T00:00:00,113.70020509480887,114.0138560469947,110.17157804014239,111.81827545166016,7737042.0
2020-10-29T00:00:00,111.3869882492963,112.79844136064746,108.7993262059885,111.58302307128906,4746750.0
2020-10-30T00:00:00,110.21078425184453,113.62178312823099,110.21078425184453,113.38655090332031,2629800.0
2020-11-02T00:00:00,113.46494773434829,113.81780800587393,110.4068094277721,112.60240173339844,3722968.0
2020-11-03T00:00:00,112.91606583054491,117.1504135131836,112.87685647023926,117.1504135131836,3366791.0
2020-11-04T00:00:00,114.60195473535457,117.30724491187456,113.81781542970036,116.44468688964844,4621171.0
2020-11-05T00:00:00,117.38565805501764,121.03191320385609,116.4839025904217,120.79666900634766,3956362.0
2020-11-06T00:00:00,120.52221599955566,121.18873923470801,117.89535634958033,121.03191375732422,3116648.0
2020-11-09T00:00:00,122.325736268035,140.32173161446374,122.16891079402805,132.9900360107422,15900301.0
2020-11-10T00:00:00,132.20589364970635,137.9301010925509,130.55919629778182,137.22438049316406,8458638.0
2020-11-11T00:00:00,137.14596661836467,137.9301059631581,133.38210733536968,134.79354858398438,3983944.0
2020-11-12T00:00:00,133.3428910347168,134.44068127428162,130.4023686447937,131.7746124267578,4757671.0
2020-11-13T00:00:00,130.71604332231107,132.7156013036414,129.89269451058465,132.08828735351562,4147428.0
2020-11-16T00:00:00,132.87244448252466,136.91077034792775,132.55879344823043,136.00900268554688,5014734.0
2020-11-17T00:00:00,136.00894851212198,136.04815786704637,132.48032193920147,134.5190887451172,4125606.0
2020-11-18T00:00:00,134.51912876587903,137.06758204895593,133.81339606232336,136.7147216796875,3612044.0
2020-11-19T00:00:00,132.7155899973963,136.59707753341564,132.36272966957952,135.65611267089844,3444911.0
2020-11-20T00:00:00,135.61686860597047,138.6750185828744,135.14639227761057,137.49880981445312,4182610.0
2020-11-23T00:00:00,137.73404052026095,139.65519106010808,137.45959898957864,138.20452880859375,2717167.0
2020-11-24T00:00:00,141.576367373008,147.53581947867238,141.576367373008,147.45741271972656,7880705.0
2020-11-25T00:00:00,147.45741798810946,148.12392930554034,145.45786010578115,145.8499298095703,4235002.0
2020-11-26T00:00:00,145.84990602039073,146.24197566023048,144.08559264111182,144.94815063476562,1914578.0
2020-11-27T00:00:00,144.75213434160986,146.0067501706653,142.90940201250612,143.22305297851562,2859231.0
2020-11-30T00:00:00,142.55652944903682,143.30145940313602,140.12569279353792,142.3997039794922,6152805.0
2020-12-01T00:00:00,142.71334736183547,146.2027647257563,142.36048708279012,145.65386962890625,3415614.0
2020-12-02T00:00:00,145.06575983179215,145.41862009783938,143.8111322580516,144.43844604492188,2328252.0
2020-12-03T00:00:00,144.55607298488528,146.08514210252946,144.1247940119561,145.96751403808594,3238213.0
2020-12-04T00:00:00,145.96755152854809,147.77107462809744,145.53628440986702,147.30059814453125,2290450.0
2020-12-07T00:00:00,147.3397685954772,148.5159775367876,146.83008284024913,147.8102569580078,3903985.0
2020-12-08T00:00:00,147.02611811020793,147.3789784006692,144.75211893610984,146.63404846191406,3031870.0
2020-12-09T00:00:00,146.86928905139314,147.49660286632218,145.65387077840865,146.12435913085938,3883215.0
2020-12-10T00:00:00,146.2419675567723,146.3987930110151,144.83051453855643,145.96751403808594,3996555.0
2020-12-11T00:00:00,145.4186206595515,146.12435315938734,141.49792443273688,142.67413330078125,4672443.0
2020-12-14T00:00:00,142.43887438339593,145.45781495141202,142.04680480131665,143.49746704101562,4213236.0
2020-12-15T00:00:00,142.04681540079696,144.90893074255413,137.26357332151449,139.34153747558594,6637701.0
2020-12-16T00:00:00,138.2045677281245,140.43936977952248,137.4988470619028,139.1063232421875,3932908.0
2020-12-17T00:00:00,139.49839539629187,140.24333740323124,138.4790237415664,139.45919799804688,2305606.0
2020-12-18T00:00:00,139.34153972094677,139.34153972094677,135.96973861612614,136.2834014892578,4646740.0
2020-12-21T00:00:00,133.14684503353558,134.04860037142004,130.95125277366864,132.51953125,3916968.0
2020-12-22T00:00:00,132.75479616905383,134.55831909179688,132.32351712763443,134.55831909179688,2080233.0
2020-12-23T00:00:00,134.55830227666522,135.3424415394313,133.53891884206618,135.26402282714844,1332813.0
2020-12-28T00:00:00,135.57767374624862,135.61688310239006,133.49970948592477,135.26402282714844,1999654.0
2020-12-29T00:00:00,135.30325259830235,139.10632141752836,135.30325259830235,136.47946166992188,2645356.0
2020-12-30T00:00:00,136.12660660400317,137.06757150467237,134.87197875976562,134.87197875976562,2242121.0
2021-01-04T00:00:00,135.3816547384758,137.06756152928813,132.7940044412117,134.08782958984375,3570441.0
2021-01-05T00:00:00,132.16667120822868,135.26401881119205,131.97063639835739,133.9309844970703,1554905.0
2021-01-07T00:00:00,136.4402540975527,139.1063232421875,135.26404501050482,139.1063232421875,4242777.0
2021-01-08T00:00:00,139.61601637878354,140.43936510531728,138.94949313229978,139.53759765625,2660546.0
2021-01-11T00:00:00,138.94948435602987,139.6944143129791,137.02834542547149,137.81248474121094,2553530.0
2021-01-12T00:00:00,137.30281221406148,139.4591955403159,136.98914927850484,139.1063232421875,2214802.0
2021-01-13T00:00:00,139.26314726133552,139.57679820162474,137.38120572455097,137.81248474121094,2941260.0
2021-01-14T00:00:00,138.59663655168512,142.94861253938086,138.40060170507735,140.87063598632812,3555145.0
2021-01-15T00:00:00,140.63540048949469,143.22305083285036,139.38077271421776,141.18429565429688,2950266.0
2021-01-18T00:00:00,140.2824914394083,144.90891967895303,140.1648753509935,144.67367553710938,2693326.0
2021-01-19T00:00:00,145.26180198844443,146.98690601581683,143.10541896297494,143.77194213867188,2654736.0
2021-01-20T00:00:00,143.88957703631857,145.22261159678507,143.65433282799685,144.28164672851562,2219527.0
2021-01-21T00:00:00,145.06574891612118,145.84988809945156,143.53667990162978,144.5952606201172,2577464.0
2021-01-22T00:00:00,144.2032272035671,144.2032272035671,142.39971620148629,143.22305297851562,2789905.0
2021-01-25T00:00:00,143.4974842560597,143.61510035878797,137.42040500477847,137.61643981933594,3965109.0
2021-01-26T00:00:00,137.6164586043494,140.7530160654172,136.28342407639903,139.53759765625,2838073.0
2021-01-27T00:00:00,139.53759422616105,145.77149963378906,139.45918747057203,145.77149963378906,7741040.0
2021-01-28T00:00:00,145.06576942828352,148.59439625221475,141.61556131977943,147.8102569580078,6521728.0
2021-01-29T00:00:00,151.4564974443342,152.39747415420044,139.65521082910058,140.36093139648438,9606922.0
2021-02-01T00:00:00,140.75299645547813,142.20365886512016,138.43978804322407,138.7926483154297,4618132.0
2021-02-02T00:00:00,139.18471794271247,141.57634506656217,138.1653345168895,140.79220581054688,3136187.0
2021-02-03T00:00:00,141.53715079229335,143.7327433360913,140.47855789786783,141.3803253173828,3074425.0
2021-02-04T00:00:00,141.38034457713624,142.55655374672136,140.59620513074614,142.12527465820312,2644885.0
2021-02-05T00:00:00,142.39970137116916,144.5560844417044,141.7331781815427,144.04638671875,2254221.0
2021-02-08T00:00:00,144.04637178952748,144.63447620235763,142.8701629638672,142.8701629638672,1845776.0
2021-02-09T00:00:00,142.71336833044805,142.9094031770558,140.51777565543765,140.87063598632812,2273787.0
2021-02-10T00:00:00,141.45872342171614,142.67414171672584,138.2437595050957,139.06710815429688,2315594.0
2021-02-11T00:00:00,139.10630334110368,141.53713989257812,138.55740823867856,141.53713989257812,2352069.0
2021-02-12T00:00:00,141.2234853763351,141.4195201911468,139.81203231668798,141.02745056152344,1623966.0
2021-02-15T00:00:00,141.02748360333942,146.1635873827483,140.83144874259807,145.53628540039062,3575544.0
2021-02-16T00:00:00,145.37943214739332,147.49661798542735,145.02657182939333,145.301025390625,2237689.0
2021-02-17T00:00:00,144.9089456429249,146.16356134919587,144.51687599127467,145.10498046875,2528681.0
2021-02-18T00:00:00,145.26182006394816,148.55520306510707,144.79133165020372,147.45741271972656,3573132.0
2021-02-19T00:00:00,147.45738639956386,149.57455995347766,146.712456514948,148.2023162841797,3281061.0
2021-02-22T00:00:00,148.00630649767425,149.49616651879623,146.51644647655226,148.98648071289062,2000193.0
2021-02-23T00:00:00,148.98645893692054,154.71067791013166,148.98645893692054,153.29922485351562,4890173.0
2021-02-24T00:00:00,152.4758801697213,155.10275153626316,151.8093689626248,154.63226318359375,3109873.0
2021-02-25T00:00:00,155.25958341478753,158.08248971742657,154.43623474609979,156.31817626953125,3397248.0
2021-02-26T00:00:00,153.06399974660087,160.67014909926428,151.7309652357245,156.04373168945312,4397101.0
2021-03-01T00:00:00,156.82785544322783,160.1996567282604,156.78864608636385,158.63137817382812,2590638.0
2021-03-02T00:00:00,158.39613881277208,159.41552229714463,157.3767553283995,157.61199951171875,2354429.0
2021-03-03T00:00:00,158.00406280283383,159.96441097656626,157.84723734193838,159.33709716796875,3053506.0
2021-03-04T00:00:00,158.78821086161346,161.0622100830078,158.23931573558895,161.0622100830078,2586541.0
2021-03-05T00:00:00,159.88599824013164,161.37587008686896,158.55296382516806,158.7882080078125,2024966.0
2021-03-08T00:00:00,160.04281954438255,164.04192238628355,159.88598212841333,163.728271484375,2724246.0
2021-03-09T00:00:00,164.66926306252964,168.11947140735683,164.51243758594967,167.72740173339844,3050594.0
2021-03-10T00:00:00,167.80581776512642,170.23665449072138,166.70802748164164,168.27630615234375,3819297.0
2021-03-11T00:00:00,170.23663212423045,171.09917810078124,168.66835365957616,169.76614379882812,2667482.0
2021-03-12T00:00:00,169.37407836914062,173.53001879620132,169.13883420062484,172.51063537597656,3632545.0
2021-03-15T00:00:00,173.2947702271456,177.84278016457145,171.25600343846725,172.3538055419922,4127579.0
2021-03-16T00:00:00,174.0789369828387,179.95998215117785,173.84369278310174,175.17672729492188,4962375.0
2021-03-17T00:00:00,175.0983232918833,175.0983232918833,171.0992077285173,173.53004455566406,4051767.0
2021-03-18T00:00:00,174.86305292569105,176.1960872590273,169.53090362733056,171.09918212890625,5434305.0
2021-03-19T00:00:00,168.58993625066435,169.68772639838352,166.78641360939838,167.6489715576172,5381882.0
2021-03-22T00:00:00,167.41373755633128,168.04105137811698,164.12035494822632,165.845458984375,2818720.0
2021-03-23T00:00:00,164.747674134644,166.00228985405312,163.49304645021851,165.0613250732422,2479300.0
2021-03-24T00:00:00,163.33622737893424,164.9045060633887,160.43491420569688,161.92477416992188,4850495.0
2021-03-25T00:00:00,159.10186331286343,160.12124682232078,154.51465546783,158.94503784179688,6983926.0
2021-03-26T00:00:00,157.298350953116,161.6111171740487,156.90628129666757,161.0622100830078,3677728.0
2021-03-29T00:00:00,160.67013904908003,161.06220870216714,156.51421029837,156.67103576660156,3868950.0
2021-03-30T00:00:00,157.37675330927547,159.49392700195312,156.43578855308718,159.49392700195312,2715980.0
2021-03-31T00:00:00,156.82785635224747,159.33709966088023,153.18161347806407,154.27940368652344,5907819.0
2021-04-01T00:00:00,154.28723973054372,155.5732276653515,152.54644957958232,153.2364959716797,2097856.0
2021-04-06T00:00:00,155.71440027295858,157.49440002441406,153.55017988104694,157.49440002441406,5060040.0
2021-04-07T00:00:00,157.4551694670882,159.14106412933526,156.45147214812002,158.04327392578125,2473670.0
2021-04-08T00:00:00,157.8472244327343,158.74897973289677,155.65163226471273,156.2632598876953,2955254.0
2021-04-09T00:00:00,156.592611895554,156.8670654296875,155.29093781854704,156.8670654296875,2505061.0
2021-04-12T00:00:00,156.86707402213182,157.0631088529605,154.69500474634515,155.2282257080078,2520407.0
2021-04-13T00:00:00,154.78907866639068,159.61154209277683,154.78907866639068,158.43533325195312,4216118.0
2021-04-14T00:00:00,158.43537129681184,159.9252314002738,157.41598766364518,159.6899871826172,3193452.0
2021-04-15T00:00:00,159.80760030102113,160.86618123376678,158.90583287866352,160.51332092285156,3393580.0
2021-04-16T00:00:00,160.31727414014134,163.72828480983162,159.88599514115512,163.61065673828125,3016611.0
2021-04-19T00:00:00,163.33622711900043,163.84591290463027,162.08159938742676,162.51287841796875,2101529.0
2021-04-20T00:00:00,162.31685188855568,163.1009912696598,156.74945749670937,157.2591552734375,3039254.0
2021-04-21T00:00:00,158.0432738690566,160.7093426281685,157.41596005367268,160.04283142089844,2597188.0
2021-04-22T00:00:00,160.8269647658132,162.63047546661198,159.45472107997867,162.59127807617188,2139915.0
2021-04-23T00:00:00,162.0423789527561,163.4146227056854,160.90537937904648,163.25779724121094,2453370.0
2021-04-26T00:00:00,163.25778208729898,167.33530361023054,163.21857273356585,165.25733947753906,2194037.0
2021-04-27T00:00:00,165.21814545968132,165.25735481705394,162.63048341829722,163.25779724121094,2643142.0
2021-04-28T00:00:00,163.25779228804888,164.00272219546363,162.04237403646925,162.86572265625,2592457.0
2021-04-29T00:00:00,163.21859290518282,167.49216172493541,163.21859290518282,165.0613250732422,3530687.0
2021-04-30T00:00:00,164.74765486310014,165.76702627681033,163.21857381250496,163.728271484375,1366934.0
2021-05-03T00:00:00,164.08115521234845,164.4340155187265,161.41508626969568,163.80670166015625,1792513.0
2021-05-04T00:00:00,163.92433162473492,166.43357512286545,162.31684358272392,162.51287841796875,3727795.0
2021-05-05T00:00:00,162.9833615603253,166.1199188232422,162.94415220153556,166.1199188232422,1935719.0
2021-05-06T00:00:00,166.0807296839145,166.90407845867188,163.37545110829842,165.10055541992188,2612898.0
2021-05-07T00:00:00,166.66881776619547,167.21771290676654,165.17894585319786,166.04150390625,1446617.0
2021-05-10T00:00:00,166.04149494834098,167.02166906255786,164.27718154275058,166.31594848632812,1638101.0
2021-05-11T00:00:00,164.27718252946616,165.4141821157838,161.3366601691535,161.96397399902344,2282290.0
2021-05-12T00:00:00,161.3758656440846,161.45427239279672,158.39613399766012,158.63137817382812,1869498.0
2021-05-14T00:00:00,160.19968165598456,166.1591339111328,160.19968165598456,166.1591339111328,3692408.0
2021-05-17T00:00:00,166.23751831054688,166.9432388381233,163.5714496896857,166.23751831054688,2484123.0
2021-05-18T00:00:00,166.62959741267846,168.70756172381846,166.62959741267846,168.1978759765625,3753656.0
2021-05-19T00:00:00,165.84547830971542,168.0410709593014,164.8260947261558,166.5904083251953,2948566.0
2021-05-20T00:00:00,167.5705568353543,167.5705568353543,163.76748861774436,166.98245239257812,3175715.0
2021-05-21T00:00:00,167.41375078023847,168.4331343255337,166.23754175836325,167.72740173339844,2209073.0
2021-05-24T00:00:00,169.5309345080322,171.0208065349242,167.13930696448216,168.5115509033203,3001079.0
2021-05-25T00:00:00,168.78598585285124,168.9428113212676,167.06088177023884,167.4137420654297,2780619.0
2021-05-26T00:00:00,168.00183218667212,168.31548309669714,166.08069344148453,166.47276306152344,2017614.0
2021-05-27T00:00:00,165.68864198922122,168.15867608029973,165.41418843909403,166.74722290039062,8910529.0
2021-05-28T00:00:00,166.8648478342937,168.98202158175792,165.5318133981137,168.4723358154297,2356285.0
2021-05-31T00:00:00,168.27630194149754,169.021231898437,165.5710117302186,166.1199188232422,2051723.0
2021-06-01T00:00:00,167.06087568858416,167.96263107291304,165.41417841761788,166.55117797851562,2365843.0
2021-06-02T00:00:00,166.55118838062626,168.9820250819651,166.00229324436103,167.57057189941406,4738910.0
2021-06-03T00:00:00,167.7666030663567,167.7666030663567,164.23797616957185,165.64942932128906,2215604.0
2021-06-04T00:00:00,165.57101188456653,167.10009312367708,163.6890823110686,164.120361328125,2012404.0
2021-06-07T00:00:00,164.12035445163437,165.2181446626757,163.02255227557714,163.61065673828125,1772519.0
2021-06-08T00:00:00,163.76751026827176,164.90450994828385,163.45384734498137,164.6692657470703,260755.0
2021-06-09T00:00:00,166.23755517314976,167.3745549263776,164.47324149796302,165.10055541992188,1506482.0
2021-06-10T00:00:00,165.10051332024855,165.10051332024855,162.15999127808672,163.0225372314453,2520225.0
2021-06-11T00:00:00,164.59081635912074,165.531792988656,163.57144495214902,165.25733947753906,2113516.0
2021-06-14T00:00:00,166.15910593643483,166.98245456001163,163.29700239711354,164.51242065429688,2133150.0
2021-06-15T00:00:00,166.00228215765284,166.159107619681,159.80758666992188,159.80758666992188,4658618.0
2021-06-16T00:00:00,160.39571190280856,161.2190606413769,159.6115725260801,160.43492126464844,2704086.0
2021-06-17T00:00:00,160.39569908256544,161.14062903791262,159.96442006683296,160.47410583496094,2438468.0
2021-06-18T00:00:00,160.47411852482549,161.9247811565448,155.6516661480588,156.23193359375,4132073.0
2021-06-21T00:00:00,155.62028462650017,157.80802792291152,154.28723829687792,156.79649353027344,2582739.0
2021-06-22T00:00:00,157.7688260092389,157.7688260092389,155.3223152027807,156.67103576660156,2071940.0
2021-06-23T00:00:00,156.57693091185251,156.68672190113125,154.74204780702993,155.243896484375,2126148.0
2021-06-24T00:00:00,155.87120343484872,158.35692348975414,155.6045989541369,158.160888671875,2294660.0
2021-06-28T00:00:00,158.00405821805344,158.00405821805344,154.75772221515163,155.2125244140625,2463671.0
2021-06-29T00:00:00,155.33800032467056,157.84724369503797,155.32231418844498,157.61199951171875,2170129.0
2021-06-30T00:00:00,157.61200394653923,160.51331704906923,155.16549308721912,159.18028259277344,3655991.0
2021-07-01T00:00:00,156.65534426263739,157.92564606630873,151.33888090614107,157.45516967773438,9502701.0
2021-07-02T00:00:00,156.04372419707784,160.5133159142421,156.04372419707784,158.7097930908203,4140211.0
2021-07-05T00:00:00,158.7489734762806,160.59170532226562,157.29832318253946,160.59170532226562,2708192.0
2021-07-06T00:00:00,160.67014635948541,161.65032053680054,158.51376316939218,159.10186767578125,2834238.0
2021-07-07T00:00:00,160.0428420089959,161.06221356579144,158.12169107884284,159.0626678466797,2749573.0
2021-07-08T00:00:00,158.2001135324724,158.59218320665448,152.04461486180685,152.78170776367188,5676725.0
2021-07-09T00:00:00,154.00495174359833,156.12213739824827,153.048300852761,155.55755615234375,3537756.0
2021-07-12T00:00:00,156.04373179161638,156.6396733945702,155.07139468309666,156.02804565429688,1809913.0
2021-07-13T00:00:00,156.10645725420096,157.53358459472656,155.77712017561814,157.53358459472656,3190976.0
2021-07-14T00:00:00,156.82785430330011,158.51374895105428,155.9025757061182,158.160888671875,1928961.0
2021-07-15T00:00:00,157.61201688970803,157.61201688970803,149.943134637052,150.13133239746094,4231202.0
2021-07-16T00:00:00,150.9468291433234,152.4837475773903,148.98648071289062,148.98648071289062,4510423.0
2021-07-19T00:00:00,147.90434624514785,148.10823011429028,142.79176678614854,143.87387084960938,4705014.0
2021-07-20T00:00:00,145.20692843995113,145.6460565548417,142.85451023847432,144.01504516601562,3753319.0
2021-07-21T00:00:00,145.06578667388294,147.778914218986,144.54825180657733,147.32411193847656,2975359.0
2021-07-22T00:00:00,147.92003449512765,149.6765108039178,145.95968627929688,145.95968627929688,2795335.0
2021-07-23T00:00:00,146.68108470706247,147.3554449338426,145.91263160003894,147.0104217529297,2452727.0
2021-07-26T00:00:00,146.47721339382787,148.06117801930873,145.74012058895016,147.24566650390625,1685163.0
2021-07-27T00:00:00,146.90067245322922,146.96340504108636,144.94032395150998,145.4108123779297,2715101.0
2021-07-28T00:00:00,145.53625264472015,147.18293792531904,145.30100847177297,146.0224151611328,1767767.0
2021-07-29T00:00:00,146.24198670688915,147.05748635474916,145.19124286435252,145.33238220214844,1900258.0
2021-07-30T00:00:00,144.32867700244364,145.06576985557183,141.08234079346553,141.23916625976562,5315734.0
2021-08-02T00:00:00,142.2742384559457,144.1091215714847,142.13308715820312,142.13308715820312,2359099.0
2021-08-03T00:00:00,142.43107846784483,142.4938110549116,141.28622969265678,141.92922973632812,2017463.0
2021-08-04T00:00:00,142.41539178634022,143.0897521384627,141.53715950079186,141.69398498535156,2330102.0
2021-08-05T00:00:00,141.30191400214784,141.8664953134253,140.00023975864602,141.25486755371094,2604431.0
2021-08-06T00:00:00,141.25486830172974,141.6312518562354,140.09434536241045,141.458740234375,2059815.0
2021-08-09T00:00:00,141.1450800084471,141.49010322953708,140.09433617332155,140.9098358154297,1399810.0
2021-08-10T00:00:00,140.9098306805828,141.78807483817621,139.41997078745842,140.54913330078125,1872847.0
2021-08-11T00:00:00,140.4236640755452,141.11371047260457,139.96886185612115,140.34524536132812,1485725.0
2021-08-12T00:00:00,140.28251536081407,141.23916625976562,140.047283143872,141.23916625976562,1240449.0
2021-08-13T00:00:00,141.1450884164484,142.55654169361637,140.9255303472242,141.2705535888672,1525823.0
2021-08-16T00:00:00,141.11371932256134,141.11371932256134,136.6441155622265,136.70684814453125,3694686.0
2021-08-17T00:00:00,136.7538849505931,138.55740767842528,136.7538849505931,137.31846618652344,3202714.0
2021-08-18T00:00:00,137.36552703526644,137.50667834156056,136.2050041352592,137.1302947998047,2245305.0
2021-08-19T00:00:00,135.35814744734284,135.90705463199401,133.72713596256375,134.32308959960938,2952362.0
2021-08-20T00:00:00,134.32304124594665,137.64778364517642,134.29166897896482,137.14593505859375,3128631.0
2021-08-23T00:00:00,138.2908090330038,139.74930862654656,137.77327421738818,139.32586669921875,2595020.0
2021-08-24T00:00:00,139.84339655214822,140.67458227590413,138.77696665100467,138.9337921142578,2756565.0
2021-08-25T00:00:00,137.61643312758164,138.82400226192934,136.44022429743137,137.96145629882812,2203406.0
2021-08-26T00:00:00,137.4125872136985,137.4125872136985,134.9974365234375,134.9974365234375,2710355.0
2021-08-27T00:00:00,135.62472981896315,136.5186480845344,134.90331118041792,135.765869140625,2171905.0
2021-08-30T00:00:00,136.03249622290184,136.33047301595562,135.35813587784466,135.65611267089844,1421325.0
2021-08-31T00:00:00,135.57769744477028,135.98545328288733,134.27603513446428,135.624755859375,3634948.0
2021-09-01T00:00:00,137.2086833819271,141.63122829805286,136.91071860147167,141.39599609375,5402839.0
2021-09-02T00:00:00,140.80003869140393,141.6155501937173,138.71422546108207,140.04727172851562,3317943.0
2021-09-03T00:00:00,140.01591203457644,140.6275397337383,137.74191284179688,137.74191284179688,3467829.0
2021-09-06T00:00:00,138.52605491705955,139.46701970652285,138.1653455658401,138.60446166992188,1875282.0
2021-09-07T00:00:00,138.714240875265,138.714240875265,137.3498461165352,137.47531127929688,1803508.0
2021-09-08T00:00:00,137.2243704828983,137.9144168604173,136.173626746233,136.45591735839844,2372200.0
2021-09-09T00:00:00,135.42084944230913,136.2206748473602,134.80922176933353,135.73451232910156,2623895.0
2021-09-10T00:00:00,135.92271181579193,136.65980471788444,134.96606085329103,135.0131072998047,2281901.0
2021-09-13T00:00:00,135.01307216343312,136.4715714508753,133.4761661405454,136.03245544433594,3103306.0
2021-09-14T00:00:00,136.67548905041693,138.2123954529825,135.4208613232062,137.16165161132812,3929475.0
2021-09-15T00:00:00,133.52321457256755,134.8719348785542,131.73537825347157,132.95863342285156,8861882.0
2021-09-16T00:00:00,132.9586665792846,135.5306426960352,132.01770175011043,135.24835205078125,4427387.0
2021-09-17T00:00:00,136.44023084278632,137.74190488220054,136.0168009082259,136.18930053710938,6407420.0
2021-09-20T00:00:00,134.49558135209966,137.02051095415933,132.9586629993177,136.7225341796875,4957086.0
2021-09-21T00:00:00,136.76958006520843,138.40059130219205,136.37751040146284,136.48728942871094,3052980.0
2021-09-22T00:00:00,137.82032492750878,141.0509871172468,137.27142978714593,140.9098358154297,3286186.0
2021-09-23T00:00:00,141.72535390997314,142.47812100406645,140.1884354815887,140.61187744140625,3472029.0
2021-09-24T00:00:00,139.9845445031399,140.23546284535226,139.18471910512017,139.2631378173828,1900788.0
2021-09-27T00:00:00,140.75301534657902,143.60728214297302,140.67459662444594,142.6976776123047,3136800.0
2021-09-28T00:00:00,143.18385270305825,146.99477049204705,142.88587591582734,142.93292236328125,6033996.0
2021-09-29T00:00:00,144.2816407353993,145.2226055645833,142.7604084784603,144.83053588867188,3861602.0
2021-09-30T00:00:00,149.1433240041794,149.6922192372431,139.73365041445174,139.85911560058594,13418301.0
2021-10-01T00:00:00,138.36921524854722,142.3212717447875,137.38119215072572,141.66259765625,6024494.0
2021-10-04T00:00:00,141.6625966332709,142.88585192172582,139.92180657969584,140.04727172851562,2975868.0
2021-10-05T00:00:00,140.4393550114117,140.59618048019001,136.6127513551359,136.8009490966797,4131134.0
2021-10-06T00:00:00,135.0758532769838,135.53065558007347,129.64960988239017,130.16714477539062,8740662.0
2021-10-07T00:00:00,132.34701966040234,132.94296117400276,131.1237643632663,132.51953125,3841371.0
2021-10-08T00:00:00,132.51955427709186,133.00571686042713,130.98263583861976,131.24925231933594,3077873.0
2021-10-11T00:00:00,130.85717890045498,130.95127179389667,127.15604020153391,128.48907470703125,5058911.0
2021-10-12T00:00:00,127.21874172347987,130.1357403581206,126.38754416262991,129.4300079345703,3481854.0
2021-10-13T00:00:00,129.2261371182328,131.43740334742756,128.59882339161234,131.06101989746094,2878723.0
2021-10-14T00:00:00,131.18653274448292,131.32767210266832,128.0342887964717,128.9438934326172,5715361.0
2021-10-15T00:00:00,129.3829958923309,132.7861578823796,128.91250748489736,132.15884399414062,4998643.0
2021-10-18T00:00:00,131.34333741540388,133.97804603559115,130.65329097808777,132.5352325439453,3721208.0
2021-10-19T00:00:00,132.53524175409927,135.93840380187092,132.33135785707853,134.49559020996094,4615260.0
2021-10-20T00:00:00,132.67637370999745,132.69205984697555,130.3082695570087,131.7981414794922,6080984.0
2021-10-21T00:00:00,131.2806274027313,133.02141796703796,130.63763926515983,132.39410400390625,2817657.0
2021-10-22T00:00:00,132.6606813628048,132.75478621525133,130.8101240965889,130.95126342773438,3219082.0
2021-10-25T00:00:00,131.7354236281062,132.7391211366427,130.16714477539062,130.16714477539062,4127395.0
2021-10-26T00:00:00,130.70034075668167,134.5896771866326,130.59056172658313,133.61734008789062,4394001.0
2021-10-27T00:00:00,133.61734404464656,133.80554180111002,131.64132144435777,132.4254608154297,2594069.0
2021-10-28T00:00:00,132.58228707005398,133.36642644570014,130.88854314705412,131.21788024902344,3607542.0
2021-10-29T00:00:00,131.1852475386363,132.42531055454552,130.9404964574157,131.36473083496094,4554004.0
2021-11-01T00:00:00,131.91947380574706,134.69329833984375,131.88684614117085,134.69329833984375,2745649.0
2021-11-02T00:00:00,134.31800503132803,134.87277488990168,133.58376435370232,134.18746948242188,2306653.0
2021-11-03T00:00:00,134.18749975856022,134.69332201255926,131.7073860125415,134.677001953125,2724297.0
2021-11-04T00:00:00,135.4275525806612,137.9403062549003,135.36228479643404,137.4834442138672,3670647.0
2021-11-05T00:00:00,137.2876405278358,140.90992162802732,136.65129519386238,140.48568725585938,2841851.0
2021-11-08T00:00:00,135.590722734593,136.96132137617525,133.1921844482422,133.1921844482422,8373106.0
2021-11-09T00:00:00,133.38799332016012,136.76552366225118,133.06166681745452,135.2154541015625,4436714.0
2021-11-10T00:00:00,135.34596463785476,137.84241070060324,134.70961930280816,137.7281951904297,3370264.0
2021-11-11T00:00:00,137.04287885669984,137.95661531447521,135.5091296195896,135.85177612304688,3092631.0
2021-11-12T00:00:00,135.55807627277778,137.1570932763027,134.74224771424912,136.2596893310547,2489267.0
2021-11-15T00:00:00,135.65598639946333,139.50669860839844,135.65598639946333,139.50669860839844,3388840.0
2021-11-16T00:00:00,139.50669439565192,141.48099816754134,139.0987800845535,140.6488494873047,3698847.0
2021-11-17T00:00:00,140.64886060227096,141.7094403846519,137.05921936035156,137.05921936035156,4866213.0
2021-11-18T00:00:00,136.65127630747978,137.18972611521025,134.98699161369626,135.3785858154297,4159988.0
2021-11-19T00:00:00,136.24339631042062,137.0918527022935,129.9778377128901,131.69107055664062,10425096.0
2021-11-22T00:00:00,131.7889469945053,133.29008108428187,130.9894384495054,132.53952026367188,4904552.0
2021-11-23T00:00:00,131.34842554160903,141.10574263063717,131.20158234550414,139.6698760986328,8990964.0
2021-11-24T00:00:00,137.87504950310088,139.3435436443248,135.96601334378877,137.27133178710938,4981001.0
2021-11-25T00:00:00,137.67922678176768,137.9566179600768,134.54644801989005,137.2550048828125,3194669.0
2021-11-26T00:00:00,132.16423937723152,133.22481909651333,128.81933698147134,130.0104522705078,8160598.0
2021-11-29T00:00:00,130.94049128385515,134.48118444680549,130.59784476310736,132.6700439453125,4166408.0
2021-11-30T00:00:00,131.23420595753706,132.08266233319884,129.78203185881722,130.5325927734375,4203037.0
2021-12-01T00:00:00,132.73529483632407,136.73286196678205,132.24580520407036,136.4391632080078,5076435.0
2021-12-02T00:00:00,134.31799806954723,136.70021569511493,133.61638509123551,134.66064453125,4117884.0
2021-12-03T00:00:00,136.12918425273202,136.29234751125807,130.2062720731813,130.7120819091797,4929283.0
2021-12-06T00:00:00,132.40899051203644,136.56970909905658,132.0010761928056,136.34127807617188,4772167.0
2021-12-07T00:00:00,137.05920197500276,139.49036766729694,136.6023399601884,139.47406005859375,4652353.0
2021-12-08T00:00:00,139.0988028955899,139.588305128605,136.3086700439453,136.3086700439453,4628632.0
2021-12-09T00:00:00,136.45548587130054,137.01025578733288,134.48118217169355,135.32965087890625,3320792.0
2021-12-10T00:00:00,134.35063742743833,136.83076314980957,133.89377543872666,135.01962280273438,2884585.0
2021-12-13T00:00:00,135.70490250061337,137.40182718438575,133.46954049631714,134.2037811279297,3773541.0
2021-12-14T00:00:00,134.2038189570109,137.49976137378724,134.1222311089209,137.05921936035156,4456271.0
2021-12-15T00:00:00,136.74918068228573,137.6302770301817,132.49055455839982,133.2248077392578,6305438.0
2021-12-16T00:00:00,136.1617729775459,136.1617729775459,133.290065592941,134.18746948242188,4172001.0
2021-12-17T00:00:00,133.79588874510065,138.34821377062048,133.71430090668719,137.2223663330078,6435130.0
2021-12-20T00:00:00,134.56275723296167,137.04287044077518,133.37164212390016,135.6233367919922,3220261.0
2021-12-21T00:00:00,136.8960504316463,140.69781494140625,136.83078264559444,140.69781494140625,4611270.0
2021-12-22T00:00:00,140.69780057346657,141.83995559134522,139.4577376622297,141.69309997558594,3249194.0
2021-12-23T00:00:00,142.49262397172723,145.51118725346376,142.49262397172723,145.3153839111328,3792098.0
2021-12-27T00:00:00,144.48324500444562,146.26174531516102,144.23849394326345,146.0006866455078,1814633.0
2021-12-28T00:00:00,146.00069975569644,146.32702623420457,144.59747349070855,145.21749877929688,1986559.0
2021-12-29T00:00:00,145.21747171663435,146.27805124697244,144.3690155614968,145.10325622558594,1629411.0
2021-12-30T00:00:00,145.10327732971456,145.98437372390296,144.12428548569076,145.2827606201172,1680442.0
2022-01-03T00:00:00,145.49488201662973,147.74657711285218,145.1359154100692,146.29440307617188,2854084.0
2022-01-04T00:00:00,146.84917516945714,147.59973612649617,143.94482680787505,144.85855102539062,3706640.0
2022-01-05T00:00:00,144.85850857319807,145.4295860417855,143.6021381423057,145.23379516601562,1468474.0
2022-01-07T00:00:00,141.986818832206,145.11961044289595,141.986818832206,143.39004516601562,2696248.0
2022-01-10T00:00:00,143.39001438419788,145.85381996910118,143.0636879597381,144.3690185546875,2529287.0
2022-01-11T00:00:00,143.879530385152,145.36433194317237,142.688415168417,143.66741943359375,3460915.0
2022-01-12T00:00:00,144.87484246872114,146.26174858165274,143.39002845999642,144.77694702148438,2801305.0
2022-01-13T00:00:00,144.40166144861377,146.88177490234375,143.58583285285889,146.88177490234375,2940689.0
2022-01-14T00:00:00,145.78855842123806,148.15446866956427,143.30844512317287,143.5695037841797,2829462.0
2022-01-17T00:00:00,143.7816278203008,144.80956730958172,141.83995189199223,142.54156494140625,2496671.0
2022-01-18T00:00:00,142.3131376554824,142.70473188324706,140.38778173351835,141.69309997558594,2735717.0
2022-01-19T00:00:00,141.18729734305563,143.60215550752955,141.18729734305563,142.57420349121094,1900387.0
2022-01-20T00:00:00,143.81426885465737,144.63009747872445,142.1010237646938,142.86790466308594,3068042.0
2022-01-21T00:00:00,141.54627870358627,142.23157182031858,139.06616494603014,140.84466552734375,3232357.0
2022-01-24T00:00:00,140.3225401994856,140.81204241216298,135.24808455220094,136.99395751953125,4188064.0
2022-01-25T00:00:00,137.89135227394203,141.2199344271964,137.8750322164863,140.7957000732422,4020198.0
2022-01-26T00:00:00,141.95415400751833,144.66271050756566,141.35043645727106,144.10794067382812,4072069.0
2022-01-27T00:00:00,141.18729068607928,146.32701317966453,141.18729068607928,145.7559356689453,4758585.0
2022-01-28T00:00:00,156.3127904272471,156.52490141662423,147.66500086668103,153.11473083496094,10820914.0
2022-01-31T00:00:00,155.00744213453268,155.52957196799093,148.92135498178007,149.5740203857422,5607189.0
2022-02-01T00:00:00,150.7161739298111,151.43409460366132,147.48548732753906,147.51812744140625,4152375.0
2022-02-02T00:00:00,147.66499651231373,148.97032742775747,144.32009382183804,144.46694946289062,4499356.0
2022-02-03T00:00:00,144.45062110681744,145.46225313061288,142.3621017209046,142.8842315673828,3195314.0
2022-02-04T00:00:00,143.58584033752004,144.15691789460558,139.1640506118619,139.29458618164062,4267519.0
2022-02-07T00:00:00,141.83995827858948,143.45529539120884,140.32251661262697,140.33883666992188,4683923.0
2022-02-08T00:00:00,140.5346305142944,142.85159320512886,139.83301741855598,142.36209106445312,3668360.0
2022-02-09T00:00:00,143.17792229649746,146.3107011984082,143.08002684598674,145.11959838867188,3843427.0
2022-02-10T00:00:00,146.70229520900415,149.8187537834291,146.03330982555798,149.28030395507812,4628083.0
2022-02-11T00:00:00,147.5670838289547,150.25930829895648,147.5670838289547,149.9656219482422,2683444.0
2022-02-14T00:00:00,146.60440940600432,146.8981082249397,142.78633720840182,145.18487548828125,5155216.0
2022-02-15T00:00:00,144.76063125239494,147.6649791263147,144.43429233767787,147.25706481933594,3019738.0
2022-02-16T00:00:00,148.1055243400358,149.1661040510903,145.8048940716028,146.278076171875,2681801.0
2022-02-17T00:00:00,146.03334025500618,146.29441141959686,143.47163858311208,144.0590362548828,3009867.0
2022-02-18T00:00:00,143.0800244069761,145.11959591489372,141.5625827071431,141.87258911132812,3276619.0
2022-02-21T00:00:00,142.76999892657537,144.59745939431568,139.53931233064364,140.2082977294922,2807820.0
2022-02-22T00:00:00,137.53240545823465,140.07778705049952,137.17343883398024,138.4298095703125,3100390.0
2022-02-23T00:00:00,138.73981021925965,140.6325385533201,136.32496452583504,136.4065399169922,2961327.0
2022-02-24T00:00:00,130.4672980721531,132.65372502337115,128.2482434568373,132.0173797607422,6571010.0
2022-02-25T00:00:00,134.61171584158916,135.78651098979384,131.57683252491248,135.41122436523438,3699320.0
2022-02-28T00:00:00,132.32741670484756,132.7516511274425,125.65394370967783,130.9078826904297,7749981.0
2022-03-01T00:00:00,129.40671975330605,132.34370749311566,124.20174210408192,124.52806854248047,5492109.0
2022-03-02T00:00:00,123.23908131773165,124.08755013614963,120.17156989001273,123.4022445678711,4759398.0
2022-03-03T00:00:00,121.55845146396764,122.78219426394047,115.55395296082541,116.36978149414062,6315709.0
2022-03-04T00:00:00,113.75914753892512,115.37448476032402,109.1415544494577,114.00389862060547,8750875.0
2022-03-07T00:00:00,107.68938442942871,114.49339254890698,102.69651072877848,110.05528259277344,14887947.0
2022-03-08T00:00:00,107.49357333557893,114.65654754638672,107.15092681268469,114.65654754638672,7404218.0
2022-03-09T00:00:00,118.19724586761758,122.5374473376547,116.77769969040098,119.97574615478516,7203626.0
2022-03-10T00:00:00,119.86152908862796,120.23681569904402,113.20436513206069,116.66348266601562,6786405.0
2022-03-11T00:00:00,116.663485980856,122.29269815715318,116.663485980856,118.2951431274414,6250210.0
2022-03-14T00:00:00,119.74732645965058,122.65167441843128,118.06672145756222,119.7146987915039,6308659.0
2022-03-15T00:00:00,117.47931066174102,119.37203886437581,114.4933751947684,115.94554901123047,7821272.0
2022-03-16T00:00:00,117.62616118997798,118.91517186761077,114.86866899596833,116.924560546875,9509701.0
2022-03-17T00:00:00,116.8103458295676,117.87092561601291,112.40487588409673,113.43281555175781,7532780.0
2022-03-18T00:00:00,114.21601250377786,116.69612615506605,113.9875814746549,115.78240203857422,6259463.0
2022-03-21T00:00:00,114.24863645314007,116.0108292906216,112.89437038130535,113.67755889892578,3547354.0
2022-03-22T00:00:00,115.03183822539438,115.74977141204151,113.9386308355869,114.00389862060547,3241394.0
2022-03-23T00:00:00,114.21600501703524,115.21131691378251,111.75219913750048,112.92699432373047,3684136.0
2022-03-24T00:00:00,112.9269920328178,113.30227866191109,110.56109409916948,112.38854217529297,4351252.0
2022-03-25T00:00:00,112.50275141544847,115.30920360299952,112.11115719930703,114.93392944335938,3912176.0
2022-03-28T00:00:00,115.19500001835986,117.46300261293167,114.68919025150855,114.80340576171875,3358435.0
2022-03-29T00:00:00,114.98287581714611,122.21111714163042,114.98287581714611,120.82421112060547,6684621.0
2022-03-30T00:00:00,120.87315934937173,121.36264900373345,117.16929081040117,118.1972427368164,5848625.0
2022-03-31T00:00:00,109.32102500413424,110.07158577152998,102.94124603271484,102.94124603271484,24270799.0
2022-04-01T00:00:00,103.398121422668,107.05303651562934,101.89699969338582,106.5309066772461,10090762.0
2022-04-04T00:00:00,106.53089847607644,108.12991553678266,105.56821426933769,107.65674591064453,5877818.0
2022-04-05T00:00:00,107.65675206128158,109.15787376076344,105.99245467609153,107.10198211669922,5672105.0
2022-04-06T00:00:00,107.10197526964123,107.36304639123836,104.62186185724974,107.08565521240234,5795086.0
2022-04-07T00:00:00,107.46095526360813,108.12992831130806,105.79665777688163,106.15562438964844,4696093.0
2022-04-08T00:00:00,107.1509269592458,107.83622000597163,105.58453751734817,107.68937683105469,4143810.0
2022-04-11T00:00:00,107.68937683105469,108.24413431214987,106.48195397036298,107.68937683105469,3966855.0
2022-04-12T00:00:00,106.46563845242704,107.24883943105145,104.9808243393156,107.16725158691406,4006699.0
2022-04-13T00:00:00,107.16723861584767,107.18355867241128,104.55658975067682,105.86190795898438,4175495.0
2022-04-14T00:00:00,105.97613840067557,105.97613840067557,104.08342237475819,105.24189758300781,2385824.0
2022-04-19T00:00:00,105.56821542886983,107.39567596687702,104.47500809699393,107.00408172607422,4143408.0
2022-04-20T00:00:00,107.28146696824294,108.74996102101778,105.66612973446921,106.05772399902344,3357721.0
2022-04-21T00:00:00,106.8735482600993,108.29309452762989,106.12298743026739,106.4330062866211,3886849.0
2022-04-22T00:00:00,105.02977469394804,105.79664309376898,103.69181011140246,103.77339172363281,5234000.0
2022-04-25T00:00:00,102.79441053636246,102.9412599432427,100.83642051938554,102.4843978881836,4927775.0
2022-04-26T00:00:00,104.13236146734637,104.45868792623557,101.99488830566406,101.99488830566406,3848570.0
2022-04-27T00:00:00,101.99489177888748,102.66387100123619,100.10216962119759,101.88067626953125,4035736.0
2022-04-28T00:00:00,102.7780790517992,103.26757491591232,101.04852035937003,101.94593048095703,4297335.0
2022-04-29T00:00:00,103.12073145799533,103.44706412757606,101.22800944356072,102.12541961669922,3831063.0
2022-05-02T00:00:00,101.30960011753666,103.77339985592826,89.82273144582769,103.69181823730469,6447470.0
2022-05-03T00:00:00,104.5892259991827,104.91556491445995,102.94125493484205,103.64286804199219,3931994.0
2022-05-04T00:00:00,103.65919164581557,104.42607260830205,100.44483083085096,100.60799407958984,6719620.0
2022-05-05T00:00:00,101.48778805413576,103.48201403949741,99.5438346857841,99.62762451171875,6384675.0
2022-05-06T00:00:00,99.47679013488548,102.20838165283203,98.5048103533419,102.20838165283203,7476837.0
2022-05-09T00:00:00,101.88998961541834,101.88998961541834,99.27571104568591,99.44329071044922,3703956.0
2022-05-10T00:00:00,100.88450110234943,102.29219205327541,99.72817965420211,101.16938781738281,4625111.0
2022-05-11T00:00:00,102.20839701364068,104.2361403061218,101.11911004547916,101.48779296875,7799083.0
2022-05-12T00:00:00,100.13037428045587,104.72212982177734,98.87350765768863,104.72212982177734,6724042.0
2022-05-13T00:00:00,105.5265294167975,108.35867311840636,104.70537369923963,108.34191131591797,4974264.0
2022-05-16T00:00:00,108.24134050599363,110.0177205802537,107.53749831069636,109.36415100097656,4496225.0
2022-05-17T00:00:00,110.43669361182614,112.6320167629773,110.03449983436167,111.44218444824219,5147767.0
2022-05-18T00:00:00,111.44216939923636,112.90013922573854,109.24684654453876,109.28035736083984,4737667.0
2022-05-19T00:00:00,106.9844793145971,107.5207482488573,104.90645717169429,105.97898864746094,6944433.0
2022-05-20T00:00:00,106.58229087658535,108.67706865633549,104.75564439693305,105.15784454345703,4598379.0
2022-05-23T00:00:00,106.49849697951792,107.42019788888113,104.93998185944292,106.6828384399414,3120543.0
2022-05-24T00:00:00,105.79465669087307,106.85042006825103,101.15262845541532,101.99053955078125,6645630.0
2022-05-25T00:00:00,102.74465313080646,103.98475787925717,102.15811157226562,102.15811157226562,2592805.0
2022-05-27T00:00:00,105.15783878542342,111.4924443988481,104.77240046218503,111.0232162475586,9363117.0
2022-05-30T00:00:00,111.30811030739244,113.13476320065911,111.19080326180716,112.63201141357422,3415246.0
2022-05-31T00:00:00,112.28008266632331,114.27431509161018,111.74382009635224,112.7995834350586,9333429.0
2022-06-01T00:00:00,113.5034485980698,114.3748705576468,112.5985030330229,113.2688217163086,3136813.0
2022-06-02T00:00:00,113.93914283124408,114.40837098110818,112.29684430671973,114.07321166992188,1983645.0
2022-06-03T00:00:00,115.63173194330787,115.93338045110205,113.28557830329842,113.788330078125,2004183.0
2022-06-07T00:00:00,113.30233488811787,115.8831024947428,111.96167207398528,115.330078125,4628826.0
2022-06-08T00:00:00,117.54217502262871,119.56991847004733,116.2015120692978,118.64822387695312,4043941.0
2022-06-09T00:00:00,117.30754090715673,118.96660112004447,116.28528845641092,117.12319946289062,4527825.0
2022-06-10T00:00:00,116.55343409211586,117.05617305910533,113.87210845947266,113.87210845947266,2801793.0
2022-06-13T00:00:00,113.11799648096752,113.57046284126766,111.0734913877783,111.30810546875,3987032.0
2022-06-14T00:00:00,111.86114760198016,112.61526258396908,109.69933512529862,111.64329528808594,3100924.0
2022-06-15T00:00:00,115.59822557485533,115.61497459195456,104.38697052001953,104.38697052001953,11127403.0
2022-06-16T00:00:00,104.3869658630668,104.73888698908911,100.31471742551068,101.62185668945312,6719030.0
2022-06-17T00:00:00,102.69437770749737,104.420478842197,100.33146876849503,104.40371704101562,8977508.0
2022-06-20T00:00:00,104.65509936918417,106.36443880809125,103.14685680757366,103.9009780883789,2657427.0
2022-06-21T00:00:00,104.82268038505727,105.69410872157351,103.23064797012862,103.51554107666016,3536518.0
2022-06-22T00:00:00,102.22514595201349,102.89547733502988,100.63311371191497,102.69437408447266,3305836.0
2022-06-23T00:00:00,102.3089447640839,103.06306603803505,100.71691238413248,101.78944396972656,2614822.0
2022-06-27T00:00:00,103.76690164825641,105.64382700819033,103.07981484108093,103.5490493774414,3900084.0
2022-06-28T00:00:00,102.9625118266819,103.39822917083814,101.0018029562416,102.00729370117188,4910739.0
2022-06-29T00:00:00,105.57679253675717,108.89492592782163,100.54932622548301,104.25289154052734,14470183.0
2022-06-30T00:00:00,102.3927332302785,105.64383236955481,100.34823450598313,102.35922241210938,9298656.0
2022-07-01T00:00:00,101.70565857522656,105.45950354265447,101.48780626725129,104.0350570678711,5683366.0
2022-07-04T00:00:00,104.8729463768592,106.09629569945528,103.4317383989983,105.96222686767578,3211974.0
2022-07-05T00:00:00,106.61581085281145,107.00124920714961,102.34246534986133,104.20262908935547,3622720.0
2022-07-06T00:00:00,105.710871102885,107.77212532033445,105.42597799479336,107.25262451171875,4966433.0
2022-07-07T00:00:00,107.78887674218545,109.17981215088915,107.40343203434291,108.92843627929688,3618025.0
2022-07-08T00:00:00,109.26360559853512,110.77184818081278,108.82790101905088,110.10151672363281,3038058.0
2022-07-11T00:00:00,109.514968849037,110.57074492749054,108.32513672303229,109.36415100097656,1947308.0
2022-07-12T00:00:00,108.71057880157944,112.26331329345703,108.00672383773872,112.26331329345703,3566607.0
2022-07-13T00:00:00,111.92816701994214,112.17954290872306,109.0960233916606,110.16854858398438,2760068.0
2022-07-14T00:00:00,110.16854116903646,110.77183814730199,106.98448301772414,107.83914947509766,4024952.0
2022-07-15T00:00:00,107.77211744113774,109.39766695823137,106.18009152663826,109.21332550048828,3332276.0
2022-07-18T00:00:00,109.14629097328458,109.95069122314453,107.87267535714297,109.95069122314453,3681476.0
2022-07-19T00:00:00,108.71060587404556,112.31361387799745,108.42570634333606,112.17955780029297,3183054.0
2022-07-20T00:00:00,112.41415668470327,113.36937483102328,111.49244935689065,111.97843933105469,2948518.0
2022-07-21T00:00:00,112.21305080290983,113.53695184951202,110.97294597888707,112.56497192382812,2933366.0
2022-07-22T00:00:00,112.84986365712544,113.26881921769184,111.86113467123303,112.66553497314453,2187902.0
2022-07-25T00:00:00,112.54824058082765,113.97268708979487,111.59300952125581,113.03421783447266,2530973.0
2022-07-26T00:00:00,111.86113456236534,111.89464538155406,106.38119506835938,106.38119506835938,6021860.0
2022-07-27T00:00:00,106.91744361354131,107.60453038613458,106.49848810847826,106.6995849609375,2390635.0
2022-07-28T00:00:00,107.57101955685592,107.67156478669514,105.47623563906926,106.88392639160156,3152320.0
2022-07-29T00:00:00,107.67157983442351,109.17982242033438,106.80015149509218,108.35867309570312,3506382.0
2022-08-01T00:00:00,108.57652184316952,108.92844297081419,106.28064082700153,106.8001480102539,2718195.0
2022-08-02T00:00:00,106.41471121130712,106.73311513243753,105.07405471081792,105.15784454345703,2636454.0
2022-08-03T00:00:00,105.15783663353722,108.04025268734095,104.78915372635191,107.87267303466797,2521710.0
2022-08-04T00:00:00,108.1910727842594,110.78860220387183,108.09052754767072,110.67129516601562,3820121.0
2022-08-05T00:00:00,110.8556395566552,111.14052625820004,108.24134826660156,108.24134826660156,2024995.0
2022-08-08T00:00:00,108.94520764086458,112.17954508256612,108.7273425664618,112.1292724609375,2458033.0
2022-08-09T00:00:00,112.04546903440736,112.17953787380767,108.8446426176432,108.86140441894531,2055340.0
2022-08-10T00:00:00,108.42568426424361,111.94492088669536,108.30837722919576,111.81085205078125,2751786.0
2022-08-11T00:00:00,112.0957541311881,112.1962993791768,110.53723885981485,111.44218444824219,1901520.0
2022-08-12T00:00:00,111.44217680606732,112.90014672947122,111.44217680606732,111.60975646972656,2109973.0
2022-08-15T00:00:00,111.71030433322531,111.84436038065138,110.8723933056512,110.97293853759766,1938348.0
2022-08-16T00:00:00,112.02871706400347,112.16278591516877,108.86141397190197,112.01195526123047,3679811.0
2022-08-17T00:00:00,112.22980254607286,114.12347682286978,110.01771799462146,110.13502502441406,4512431.0
2022-08-18T00:00:00,110.18530795659608,111.14052608449526,108.32514432034365,109.01223754882812,2963085.0
2022-08-19T00:00:00,108.09053184862177,108.71059066511017,106.69959635476081,106.81690979003906,3826492.0
2022-08-22T00:00:00,106.63256759210526,107.05152313902548,103.06306454237378,103.24740600585938,4215227.0
2022-08-23T00:00:00,102.92900312118321,104.63834264301094,102.64411639725597,104.1355972290039,2996344.0
2022-08-24T00:00:00,103.78366740010281,103.91772984934218,102.39273193181319,102.72789764404297,3438216.0
2022-08-25T00:00:00,102.72789839785871,103.64959931868836,94.86829467180554,97.5160903930664,8822184.0
2022-08-26T00:00:00,97.19768977158137,97.68367975470035,93.02488958754115,93.1589584350586,6502960.0
2022-08-29T00:00:00,90.4943981530316,95.22021621182513,90.2765394786179,94.48285675048828,6844488.0
2022-08-30T00:00:00,92.7064767994502,95.48834119189704,92.7064767994502,93.36004638671875,4448856.0
2022-08-31T00:00:00,94.3990658647742,94.44933848417162,93.04164760625567,93.05840301513672,3928611.0
2022-09-01T00:00:00,92.37131882401007,93.2259917347423,90.94687249646228,92.28752899169922,4137028.0
2022-09-02T00:00:00,93.84603873807139,94.85152945316338,92.23725103682256,94.56664276123047,4083914.0
2022-09-05T00:00:00,93.42708328792027,93.84603881835938,91.96911983196333,93.84603881835938,2567117.0
2022-09-06T00:00:00,92.55566108454481,97.08038238843562,92.55566108454481,95.11966705322266,4692047.0
2022-09-07T00:00:00,93.00814442014845,93.99687990482961,91.34907740957135,92.9075927734375,5102647.0
2022-09-08T00:00:00,92.58916346686216,93.39355724206828,89.06993990124118,91.55015563964844,6866117.0
2022-09-09T00:00:00,91.78478207971433,94.49961223654586,91.58368520695942,93.94659423828125,3215657.0
2022-09-12T00:00:00,92.32104168497435,98.58861928350858,92.32104168497435,98.30372619628906,5571721.0
2022-09-13T00:00:00,97.4993275587478,98.23668696070507,94.4660873413086,94.4660873413086,4425596.0
2022-09-14T00:00:00,94.6839421383502,96.25921250262353,93.09190997428742,94.93531799316406,4170037.0
2022-09-15T00:00:00,93.3935664475935,96.32625517226184,89.03643147090216,90.44412231445312,7657693.0
2022-09-16T00:00:00,89.45539318766409,91.4998919785675,88.98615861220296,91.01390838623047,5977260.0
2022-09-19T00:00:00,90.7960482767615,93.05840571381275,89.9748925771829,92.10318756103516,3265486.0
2022-09-20T00:00:00,91.90208068116144,93.14219180022461,89.47213745117188,89.47213745117188,3954161.0
2022-09-21T00:00:00,89.45538953594419,90.61170453587752,88.93588236004439,90.37709045410156,3674404.0
2022-09-22T00:00:00,89.20402007058179,90.56143843206267,88.90237154580825,89.69001007080078,2997849.0
2022-09-23T00:00:00,89.89109700249301,90.31005253020244,87.24330139160156,87.24330139160156,4046345.0
2022-09-26T00:00:00,87.31033577738245,89.06995423613898,86.30484499473971,87.42764282226562,3704177.0
2022-09-27T00:00:00,87.98065689419205,89.84082037708129,87.46114976161596,89.10345458984375,4833742.0
2022-09-28T00:00:00,88.33258812121404,88.7515436782975,85.38314381215851,88.7012710571289,6024437.0
2022-09-29T00:00:00,84.04247542096661,86.8578568777766,82.28285721589519,83.51458740234375,14628068.0
2022-09-30T00:00:00,83.7073231523556,87.29358176534954,83.22971406404108,86.6902847290039,6597688.0
2022-10-03T00:00:00,85.63451792438501,90.49440520548521,85.46693824962492,90.02517700195312,7206148.0
2022-10-04T00:00:00,91.08093570924363,95.30400849902718,90.67874195369538,95.13642883300781,9218548.0
2022-10-05T00:00:00,94.61691862319827,94.71747025525661,89.55593487917213,89.65648651123047,5023229.0
2022-10-06T00:00:00,91.76802908045907,92.35457073865851,88.0812250243709,88.3661117553711,4405841.0
2022-10-07T00:00:00,88.09797427253045,89.38835815899981,87.17627332298218,87.42764282226562,4287455.0
2022-10-10T00:00:00,86.1875424033565,90.17600131374023,85.61776255901597,89.84083557128906,4977062.0
2022-10-11T00:00:00,89.13697925279203,91.56692268689028,88.71802370873213,90.3603286743164,4259467.0
2022-10-12T00:00:00,90.4943922494125,92.27076595421829,90.34356800661999,92.11994171142578,3877346.0
2022-10-13T00:00:00,91.33231296502629,94.38230895996094,89.37160399374885,94.38230895996094,5169662.0
2022-10-14T00:00:00,95.3375297725043,95.72296813497346,92.77352369519622,94.13093566894531,3659747.0
2022-10-17T00:00:00,94.04714286334904,96.69494508640162,93.25951075306182,96.35977935791016,4579628.0
2022-10-18T00:00:00,97.53284576404225,98.75619510815592,97.13064565438316,98.38751220703125,3651200.0
2022-10-19T00:00:00,98.38751242692732,98.72267812026666,95.35427856445312,95.35427856445312,4831320.0
2022-10-20T00:00:00,95.55538176436801,96.7954866014364,93.54439386363747,95.72296142578125,4023312.0
2022-10-21T00:00:00,94.70069890297661,94.70069890297661,92.58916598473364,92.92433166503906,3887068.0
2022-10-24T00:00:00,93.82928833150173,95.2369792433237,93.2595085245082,94.96884155273438,3056062.0
2022-10-25T00:00:00,95.68944888956356,98.05235803034722,94.36555415711372,97.76747131347656,4575506.0
2022-10-26T00:00:00,97.90152999129127,98.0858714563877,96.6949423526904,97.49933624267578,2662575.0
2022-10-27T00:00:00,97.19768407789283,97.43229815455052,95.67268618686364,96.32625579833984,2889034.0
2022-10-28T00:00:00,93.86279433873395,95.35428139878977,92.52213791828036,92.77351379394531,4973764.0
2022-10-31T00:00:00,93.69521977342697,94.19796515931431,92.80703604526752,93.17571258544922,3718326.0
2022-11-01T00:00:00,93.9298284825444,96.81224457263396,93.76224882776181,95.45482635498047,3881039.0
2022-11-02T00:00:00,95.52185695801538,96.35976798396288,94.98559441282929,95.53861236572266,2631234.0
2022-11-03T00:00:00,94.85152703317381,95.18669272723793,92.2204868828144,92.84054565429688,3748876.0
2022-11-04T00:00:00,93.51087400215098,97.21443939208984,93.51087400215098,97.21443939208984,2455276.0
2022-11-07T00:00:00,96.7787347290725,98.05235682351757,96.29274474335806,97.43230438232422,2704264.0
2022-11-08T00:00:00,97.43229657174176,99.3762499660095,97.26471691763837,99.22542572021484,3322078.0
2022-11-09T00:00:00,98.60537205901423,99.09136199951172,97.71718839674595,99.09136199951172,3073041.0
2022-11-10T00:00:00,98.4279289152834,103.83870697021484,96.9459947324112,103.83870697021484,5967167.0
2022-11-11T00:00:00,104.25228753981602,106.80259064454359,103.90765056384666,106.68196868896484,5373317.0
2022-11-14T00:00:00,107.68141444320827,108.19836661653001,106.02715828581374,107.11276245117188,3463709.0
2022-11-15T00:00:00,107.42291664694773,107.95710419269635,105.14832221569937,107.5780029296875,3933827.0
2022-11-16T00:00:00,106.83705294371471,107.26784751203614,101.4262742173421,101.56412506103516,3529210.0
2022-11-17T00:00:00,101.96045158393446,102.66696096087203,98.97935406787956,99.41014862060547,3673247.0
2022-11-18T00:00:00,99.61694188626221,102.1844739236228,99.61694188626221,101.40904235839844,3436435.0
2022-11-21T00:00:00,101.40903319514547,101.40903319514547,99.11720963546301,100.80592346191406,2287208.0
2022-11-22T00:00:00,99.9443320720011,101.4779595641201,98.60025522693554,100.63360595703125,3707469.0
2022-11-23T00:00:00,101.23672918796872,102.80482124096537,100.54745521094443,101.90876770019531,4090739.0
2022-11-24T00:00:00,101.90875365721422,102.35678365256283,101.04716459136236,101.78813171386719,1617074.0
2022-11-25T00:00:00,102.35678024946328,102.7875747680664,101.23671187173409,102.7875747680664,2124277.0
2022-11-28T00:00:00,101.1333292978144,101.39180866511468,99.61693716808975,100.42682647705078,3346751.0
2022-11-29T00:00:00,101.23671772194406,103.18391089910622,100.94378058759914,101.3401107788086,2989053.0
2022-11-30T00:00:00,102.04661274016996,102.40847857615849,100.47852087748333,100.51298522949219,6066519.0
2022-12-01T00:00:00,101.75367818470124,103.39069889860995,100.4612944484686,101.32288360595703,3814023.0
2022-12-02T00:00:00,102.32232649626623,104.49352820259116,101.49520172369468,103.99380493164062,4196370.0
2022-12-05T00:00:00,103.80425804110895,104.45906102666085,103.21837718802348,103.71809387207031,2542579.0
2022-12-06T00:00:00,103.13220748829545,103.42515118583003,98.39346767503638,98.65194702148438,5634502.0
2022-12-07T00:00:00,98.53133182844856,101.30564983362345,98.13500162390976,100.54744720458984,4470564.0
2022-12-08T00:00:00,100.80592597221232,101.65028619316588,99.47907795265857,100.35790252685547,3355089.0
2022-12-09T00:00:00,101.11610404871281,101.51243427234905,100.03049986972441,101.32288360595703,2484972.0
2022-12-12T00:00:00,100.03050199548565,100.11665959838471,97.91099341183063,99.5135498046875,3193394.0
2022-12-13T00:00:00,100.18557117559105,104.20057920336802,99.44460408525798,103.95933532714844,6314361.0
2022-12-14T00:00:00,103.82147842616487,104.56244552005785,101.70197019482079,102.89096069335938,3645019.0
2022-12-15T00:00:00,101.61582111153191,101.77090741331362,95.84317016601562,95.84317016601562,7388075.0
2022-12-16T00:00:00,95.96378785699626,97.08385627276833,94.53355342482568,96.01548767089844,14677052.0
2022-12-19T00:00:00,96.4979805886559,97.35956970105461,95.58469823300231,96.46351623535156,2509977.0
2022-12-20T00:00:00,94.96434526590143,95.58469042791799,93.80981253139224,94.15444946289062,3650206.0
2022-12-21T00:00:00,95.25728860906713,97.53188330281453,95.25728860906713,97.32510375976562,3492213.0
2022-12-22T00:00:00,97.3595701998904,98.41070997414703,96.13611523163246,96.56690979003906,1977778.0
2022-12-23T00:00:00,96.49798502604166,97.89376181873648,96.39459196137419,96.92877960205078,1500060.0
2022-12-27T00:00:00,97.65250446457897,98.47963577692224,97.37679621826558,97.75589752197266,1573476.0
2022-12-28T00:00:00,97.7558918139314,98.46239456469392,96.997695824192,97.4112548828125,1551080.0
2022-12-29T00:00:00,97.04939438745986,98.49686431884766,96.27396289325155,98.49686431884766,1798592.0
2022-12-30T00:00:00,98.22115633047052,98.34177827728482,96.63583555896659,96.70475769042969,2274124.0
2023-01-02T00:00:00,97.85928836779095,100.09941864013672,97.1700144808832,100.09941864013672,2053024.0
2023-01-03T00:00:00,100.0994167130832,101.35733594508064,99.46184265267965,100.44405364990234,2775139.0
2023-01-04T00:00:00,100.87484771963041,104.44182586669922,100.5474396731073,104.44182586669922,4120322.0
2023-01-05T00:00:00,105.11387350981643,109.6630630493164,105.11387350981643,109.6630630493164,3657953.0
2023-01-09T00:00:00,110.92098477782017,112.04104008341743,109.3873506676883,111.17945098876953,4726261.0
2023-01-10T00:00:00,110.49018715571488,111.12775465405574,109.18056808718912,109.97322845458984,2221615.0
2023-01-11T00:00:00,110.283399424679,113.02324631866914,110.283399424679,112.21336364746094,3305641.0
2023-01-12T00:00:00,112.43736538792811,113.88482860889255,111.71363377744589,113.33341217041016,3275145.0
2023-01-13T00:00:00,113.3334268483687,113.55744843310622,110.66250846944502,111.8859634399414,2468088.0
2023-01-16T00:00:00,112.42014454147457,113.33342690392615,111.93765673842896,112.93710327148438,1925966.0
2023-01-17T00:00:00,112.60969239840169,112.81647851462353,109.33565777239386,110.43848419189453,2696624.0
2023-01-18T00:00:00,110.92098246430257,112.0238154307052,109.8009140352607,111.00713348388672,2061089.0
2023-01-19T00:00:00,109.93877040024219,110.69696645943716,107.9915771484375,107.9915771484375,2364389.0
2023-01-20T00:00:00,108.8531612543333,109.6458282040281,106.47518012545794,108.38790893554688,3735057.0
2023-01-23T00:00:00,108.80146761810818,109.68029215796624,107.9571140035498,109.33565521240234,2216309.0
2023-01-24T00:00:00,110.26617755099086,110.85205841064453,109.0944158316835,110.85205841064453,1929188.0
2023-01-25T00:00:00,110.40402232716983,110.71419491662171,109.18056743177794,109.99046325683594,1558043.0
2023-01-26T00:00:00,111.02437382401423,113.24727531711454,109.49074625189805,113.04048919677734,4437100.0
2023-01-27T00:00:00,105.11386780091138,109.30119125721338,104.09719242317956,108.38790893554688,12130985.0
2023-01-30T00:00:00,110.85205188778396,112.00657807579337,108.49129312472101,111.14498901367188,5624001.0
2023-01-31T00:00:00,111.14499768474187,111.98935135038828,109.47351267033496,110.38679504394531,4554767.0
2023-02-01T00:00:00,110.38678600819756,112.29951477050781,109.68028981630953,112.29951477050781,2917932.0
2023-02-02T00:00:00,113.67805792982708,118.14108276367188,113.21279249465708,118.14108276367188,5068402.0
2023-02-03T00:00:00,117.69308847738431,119.05438782682812,116.34899829921143,118.46851348876953,3087977.0
2023-02-06T00:00:00,117.4690588087051,118.1238749613485,115.72865823210617,116.0560531616211,2742008.0
2023-02-07T00:00:00,116.31451976169221,116.90039399521046,114.36733327482789,115.40123748779297,3759747.0
2023-02-08T00:00:00,116.31452564925084,117.60690926757586,115.65972268214966,117.08995056152344,3173384.0
2023-02-09T00:00:00,118.03770314641184,118.6063550905258,114.26393879504501,115.64248657226562,3437164.0
2023-02-10T00:00:00,114.6947459568663,115.62526383689418,110.73144366801499,111.59303283691406,3192793.0
2023-02-13T00:00:00,109.6630633305341,111.1277622210492,106.6475013778473,110.38679504394531,5743047.0
2023-02-14T00:00:00,110.74865452679144,111.47239934535612,109.1633337752803,110.05938720703125,3663099.0
2023-02-15T00:00:00,109.62860107421875,110.7658984837716,108.90486934695944,109.62860107421875,3375956.0
2023-02-16T00:00:00,110.28340915494272,111.71365027265452,109.97323654082217,111.33454895019531,3273684.0
2023-02-17T00:00:00,111.19668751800883,113.35066027528254,110.05939016510443,112.4373779296875,3520354.0
2023-02-20T00:00:00,112.73032354731558,113.24728230666165,110.85206547218576,110.95545196533203,1714698.0
2023-02-21T00:00:00,112.17888193323526,112.17888193323526,109.30117791151694,109.71473693847656,1655760.0
2023-02-22T00:00:00,109.42182125113499,110.19725279515444,107.76757167282915,108.90486907958984,2248893.0
2023-02-23T00:00:00,108.9048581779678,110.00769111977561,108.30174189370219,108.31897735595703,2160708.0
2023-02-24T00:00:00,109.24949516945148,109.24949516945148,107.62970353364582,108.11219787597656,1991233.0
2023-02-27T00:00:00,111.59301496871231,113.00602045358497,110.81757695278135,112.661376953125,4141010.0
2023-02-28T00:00:00,112.81648105106244,114.50518835768567,112.23059361533132,113.76422119140625,3655020.0
2023-03-01T00:00:00,113.76422403119673,114.72921280587614,112.50631125154966,112.78201293945312,1979380.0
2023-03-02T00:00:00,112.07550975077902,114.81535673052316,112.04103882516871,113.7297592163086,1927443.0
2023-03-03T00:00:00,113.90207515495257,115.28062295871969,113.85038191300238,114.76366424560547,2086359.0
2023-03-06T00:00:00,115.4529417166047,118.45126816366141,115.4529417166047,116.83148956298828,3837966.0
2023-03-07T00:00:00,116.31453058271698,117.55522101242168,114.8325962524371,115.14276885986328,2533114.0
2023-03-08T00:00:00,115.1427707874677,116.6074696788537,115.1427707874677,116.0560531616211,2805489.0
2023-03-09T00:00:00,115.95266376969114,117.48629133068174,115.53910467882343,116.95211029052734,2377849.0
2023-03-10T00:00:00,114.5396526105426,115.12552686532928,113.17834030777813,113.97100067138672,2876304.0
2023-03-13T00:00:00,114.81535572502374,115.71141572775879,112.00658006546304,114.48796081542969,3750611.0
2023-03-14T00:00:00,114.33288476232624,116.57302195185866,113.43683777459802,115.72866821289062,3541181.0
2023-03-15T00:00:00,113.12665256191681,113.29896775423497,104.94155603214318,105.92376708984375,8311640.0
2023-03-16T00:00:00,107.06105597609177,108.45682601424177,105.04493420384895,108.02603149414062,5085827.0
2023-03-17T00:00:00,108.52575377894347,108.99101264544777,104.68306748159607,105.73420715332031,4677635.0
2023-03-20T00:00:00,105.97545346418372,105.97545346418372,103.32175760469968,105.49296569824219,2885683.0
2023-03-21T00:00:00,106.35455352700025,108.42236197061463,106.16500288587496,107.28506469726562,2594687.0
2023-03-22T00:00:00,107.31952360065375,109.19778788121212,107.2333660154433,107.5780029296875,1744728.0
2023-03-23T00:00:00,107.56077954159059,107.66417259948976,105.90653005562274,106.78535461425781,2400649.0
2023-03-24T00:00:00,106.3373198224704,106.37178417355393,103.94210329608943,104.42459106445312,2833725.0
2023-03-27T00:00:00,105.51019718216781,106.97490255157837,104.92431634908418,105.13109588623047,2599616.0
2023-03-28T00:00:00,106.11330633190903,106.9748953476339,104.07995572892611,105.02770233154297,2132679.0
2023-03-29T00:00:00,105.95822856688025,106.02715069789477,104.35567234288861,105.8548355102539,4052032.0
2023-03-30T00:00:00,113.21282477800645,125.9988195317203,111.42073066625159,123.12110137939453,19783306.0
2023-03-31T00:00:00,124.93043481043469,128.80758623558611,123.72421518133298,127.36012268066406,9186570.0
2023-04-03T00:00:00,128.37677976717498,129.75532762742438,125.37845328996026,126.36066436767578,6042465.0
2023-04-04T00:00:00,127.36009523954712,129.5485255656271,126.29172012195869,128.97987365722656,4742076.0
2023-04-05T00:00:00,130.96152606848875,131.3923205621351,126.91206045757404,127.58409881591797,4060503.0
2023-04-06T00:00:00,127.58412161234625,130.09996032714844,127.3084067766823,130.09996032714844,1690794.0
2023-04-11T00:00:00,130.96155261193772,132.2883941367003,129.66916886905673,130.8926239013672,3802235.0
2023-04-12T00:00:00,130.80647245643667,131.16833832567335,128.97989449915644,129.53131103515625,3527371.0
2023-04-13T00:00:00,129.8931584619178,131.46125681944247,129.39343524293102,131.16831970214844,2946628.0
2023-04-14T00:00:00,131.8231230496442,134.1838817508342,131.68526564808448,133.35675048828125,4062479.0
2023-04-17T00:00:00,133.35676158361827,135.5279698250104,133.33952612028796,134.87315368652344,4039856.0
2023-04-18T00:00:00,135.06269524582737,135.52796069676322,133.27058843756734,133.85647583007812,1994608.0
2023-04-19T00:00:00,133.92540828953852,134.7353041257532,133.08105467482378,133.5807647705078,1878565.0
2023-04-20T00:00:00,133.5463199453979,133.8909503510502,131.5991331745285,133.40846252441406,2356479.0
2023-04-21T00:00:00,133.40845752774112,133.80479431152344,132.44348191061096,133.80479431152344,1931944.0
2023-04-24T00:00:00,133.97709310824848,134.11495050719438,132.87426021029157,133.5118408203125,2133476.0
2023-04-25T00:00:00,134.39067923100583,134.39067923100583,130.97879337401085,131.77145385742188,2233228.0
2023-04-26T00:00:00,131.15109287878587,131.77143807791882,129.16943533415596,130.41012573242188,3468642.0
2023-04-27T00:00:00,130.49628334196748,131.6163385899039,128.94542042207902,129.2383575439453,3861560.0
2023-04-28T00:00:00,129.87593105778254,130.61689812630726,128.29059730053567,129.1349639892578,3557712.0
2023-05-02T00:00:00,129.23836324106213,129.70361556413525,125.13720391372931,125.89539337158203,3595186.0
2023-05-03T00:00:00,126.96378162768463,128.44571606362518,125.6024691506319,126.77423095703125,3028395.0
2023-05-04T00:00:00,125.92986120430726,126.2227983318919,124.41345603223459,126.15386962890625,2706120.0
2023-05-05T00:00:00,126.88521852268522,127.51964569091797,125.81021767902648,127.51964569091797,1912316.0
2023-05-08T00:00:00,127.51966271666251,127.7487562181844,126.40942174664252,127.71351623535156,1660658.0
2023-05-09T00:00:00,127.64300506678426,127.67824504471453,126.0040704655762,126.26841735839844,2197338.0
2023-05-10T00:00:00,126.9909687632938,127.0790888881756,122.9729384611611,124.31228637695312,2223729.0
2023-05-11T00:00:00,124.69997357704382,126.67373498607844,124.69997357704382,126.32128143310547,2488242.0
2023-05-12T00:00:00,126.88522915073207,127.96023008443409,125.56350801374529,126.00408172607422,2245744.0
2023-05-15T00:00:00,126.00407732501586,127.04382479607945,124.68235623419402,125.86309051513672,1972092.0
2023-05-16T00:00:00,125.5635098616282,127.20244463342128,125.21105626467518,126.8852310180664,2752856.0
2023-05-17T00:00:00,127.18480013061736,129.12332153320312,126.99094664583468,129.12332153320312,1491748.0
2023-05-19T00:00:00,132.17211520332862,132.34834200121782,127.00859069824219,127.00859069824219,2878570.0
2023-05-22T00:00:00,127.5901709301328,128.17173155367055,126.9204901714245,127.8368911743164,1480995.0
2023-05-23T00:00:00,127.34342684153789,128.5065344255825,126.6737462082239,126.70899963378906,1443187.0
2023-05-24T00:00:00,125.26390871057826,125.26390871057826,122.4971066089754,123.1491470336914,2378780.0
2023-05-25T00:00:00,123.09627455009384,123.09627455009384,120.06512570091225,121.1929931640625,3594669.0
2023-05-26T00:00:00,122.33850945745077,122.47949627714613,119.80081392915007,122.09178924560547,1982196.0
2023-05-29T00:00:00,122.69098058510083,122.93770080514744,120.31187162069713,121.01679229736328,934376.0
2023-05-30T00:00:00,121.95079836654395,122.4618654869954,120.98154426519893,121.14014434814453,1344583.0
2023-05-31T00:00:00,120.17088629516898,121.03440697948808,119.16637880048367,119.34260559082031,9223082.0
2023-06-01T00:00:00,120.5762004355148,122.86718892909062,120.5762004355148,122.5323486328125,2840455.0
2023-06-02T00:00:00,123.9069488247165,125.89835064591048,122.39137415089785,125.42252349853516,2160039.0
2023-06-05T00:00:00,125.2462894546889,125.96883676807764,123.11391438469425,123.95980834960938,1955922.0
2023-06-07T00:00:00,125.22865664878027,128.43603245393837,125.22865664878027,126.9557113647461,2931236.0
2023-06-08T00:00:00,125.81021417422579,127.57250882683603,125.52825402133357,126.28604125976562,2113207.0
2023-06-09T00:00:00,126.74425178264177,127.1143321151524,124.59424975499023,126.19794464111328,1765386.0
2023-06-12T00:00:00,126.1979417021097,127.87211651665537,125.38728764331177,127.7487564086914,2167190.0
2023-06-13T00:00:00,128.75326207675732,129.0704756989944,126.67375354103496,128.2069549560547,2618839.0
2023-06-14T00:00:00,128.1364456899889,128.54177938583996,126.92045804767722,128.29505920410156,2012516.0
2023-06-15T00:00:00,132.13686084237006,137.15939798448238,130.14545925172732,133.00038146972656,7901346.0
2023-06-16T00:00:00,133.82868465304213,135.76720643575558,132.31310989949947,135.15040588378906,6167059.0
2023-06-19T00:00:00,134.19875940664747,134.99178673403833,133.21186511927473,134.04014587402344,2948335.0
2023-06-20T00:00:00,133.5290722841539,136.1901412208172,133.38809891726686,135.8553009033203,2715802.0
2023-06-21T00:00:00,135.50284587759538,136.47211339412732,134.0753913943777,134.65695190429688,2901942.0
2023-06-22T00:00:00,133.74056805225106,137.26515809383415,132.8594205418553,136.91270446777344,3372171.0
2023-06-26T00:00:00,135.89054652035136,138.53398859228884,135.36185272786722,138.0052947998047,3695544.0
2023-06-27T00:00:00,137.599968131838,138.3225019396344,135.78480681160974,138.28726196289062,2107723.0
2023-06-28T00:00:00,138.56923071997912,139.0450578296436,136.89505609321446,138.72784423828125,3439074.0
2023-06-29T00:00:00,148.08563528496964,167.04793178810723,147.15162115819837,163.9462890625,17019151.0
2023-06-30T00:00:00,163.94628192889468,164.5102157230816,159.13522468838443,163.17086791992188,6148157.0
2023-07-03T00:00:00,163.6290831487125,164.49260390812086,161.3381077846352,162.60694885253906,3093467.0
2023-07-04T00:00:00,162.60694591416362,165.28564171467903,162.48358580790588,163.27662658691406,2692836.0
2023-07-05T00:00:00,162.2721190230316,163.77006701194503,162.0430120790935,163.27662658691406,2163979.0
2023-07-06T00:00:00,163.24136427128252,164.03440500711207,158.72989383635732,159.434814453125,2586553.0
2023-07-07T00:00:00,159.92826056962397,159.92826056962397,156.9676046295336,157.8663787841797,2921388.0
2023-07-10T00:00:00,157.86637311535665,157.86637311535665,155.205304173957,156.75611877441406,1985237.0
2023-07-11T00:00:00,156.75612356309054,158.11309814453125,155.39916242689267,158.11309814453125,1429330.0
2023-07-12T00:00:00,158.58890939386876,161.44383188408202,157.30244168589238,160.87989807128906,1870678.0
2023-07-13T00:00:00,161.0208854226857,161.0208854226857,158.76513671875,158.76513671875,1701982.0
2023-07-14T00:00:00,158.85324785860186,160.3335824417046,158.13071400185797,158.2540740966797,1336399.0
2023-07-17T00:00:00,157.5138987734045,158.00735259383228,155.71636405733545,157.28480529785156,1679178.0
2023-07-18T00:00:00,156.8089953528746,160.35119817812523,156.7032485233689,159.69915771484375,2031805.0
2023-07-19T00:00:00,159.78727300752183,160.58031376801125,156.91473720303108,157.46104431152344,1379494.0
2023-07-20T00:00:00,156.861867192852,157.63726777830186,155.73399957288623,156.91473388671875,1682267.0
2023-07-21T00:00:00,156.40367861038573,156.4565453082545,155.01146397045278,155.87498474121094,1314111.0
2023-07-24T00:00:00,155.52249868027542,156.033565728461,154.04217766779914,155.64585876464844,1503374.0
2023-07-25T00:00:00,155.52253474090088,155.69876155297493,153.33729269164604,154.23605346679688,1771906.0
2023-07-26T00:00:00,154.200788753205,154.8880826217428,152.84382772808317,154.69422912597656,1495208.0
2023-07-27T00:00:00,155.4520158497138,158.21881802607638,155.32865575695527,156.31553649902344,1560273.0
2023-07-28T00:00:00,156.3155584837754,156.42130532475653,154.7118770523674,155.87498474121094,1474987.0
2023-07-31T00:00:00,155.87497190848816,156.03358543427987,154.2712906091065,155.786865234375,1798325.0
2023-08-01T00:00:00,155.64588994294866,155.64588994294866,151.73359299022326,152.64999389648438,1950187.0
2023-08-02T00:00:00,149.91839921825377,150.42946625932174,146.94011707884545,147.62741088867188,3241220.0
2023-08-03T00:00:00,147.39834458314277,147.39834458314277,144.2790885213356,145.0544891357422,2485473.0
2023-08-04T00:00:00,146.35859668781367,146.35859668781367,144.50818166642685,145.86514282226562,1657486.0
2023-08-07T00:00:00,145.38932258489373,146.79916381835938,144.38481507575324,146.79916381835938,1840946.0
2023-08-08T00:00:00,145.42455525730782,146.41144944923607,144.61390129463797,146.18234252929688,1614880.0
2023-08-09T00:00:00,146.7991569915896,148.808171916443,146.2880899043561,146.74627685546875,1504090.0
2023-08-10T00:00:00,147.69794855823412,150.16516439613162,147.1516413777531,149.33688354492188,1832005.0
2023-08-11T00:00:00,148.8434278666475,148.86105458057918,146.79917274360037,147.3102264404297,1308427.0
2023-08-14T00:00:00,147.08112065903512,148.64956193690836,146.28809338648966,147.78604125976562,1305718.0
2023-08-15T00:00:00,148.24423364324255,149.28398105298058,146.41144555864057,147.25733947753906,1603035.0
2023-08-16T00:00:00,147.13399685756647,149.70694578801636,146.53482304764006,149.3544921875,1277753.0
2023-08-17T00:00:00,148.52621496975232,148.8962952926711,147.18686705449147,147.71556091308594,2313048.0
2023-08-18T00:00:00,146.86964196753215,146.86964196753215,143.6975193992294,145.26596069335938,4316361.0
2023-08-21T00:00:00,146.05898613390312,146.05898613390312,143.53890406746055,143.73275756835938,1310363.0
2023-08-22T00:00:00,144.56105126980248,146.006132577723,143.66227708888746,144.3143310546875,1471072.0
2023-08-23T00:00:00,144.43768781927608,144.43768781927608,140.73687123296253,141.7413787841797,2137748.0
2023-08-24T00:00:00,142.85161930342724,143.0807262437981,138.1110551979827,138.49874877929688,2734080.0
2023-08-25T00:00:00,139.7675944545276,143.1688239117802,138.92170049094474,140.8954620361328,2122311.0
2023-08-28T00:00:00,141.93522621408758,142.69301352341805,140.73686520038456,142.0938262939453,1347138.0
2023-08-29T00:00:00,142.44630846179112,143.57417618921946,140.96597366626403,142.7458953857422,1813649.0
2023-08-30T00:00:00,142.7458764839125,143.5741571777122,141.49464880964308,143.01022338867188,1352559.0
2023-08-31T00:00:00,143.18645920920514,148.50858383867424,142.9397390012641,147.57456970214844,4684902.0
2023-09-01T00:00:00,146.71103217576047,150.4294750278465,146.39381859540862,148.0679931640625,2084597.0
2023-09-04T00:00:00,148.4909705704234,149.05490439503762,147.18686267674312,147.57456970214844,1272682.0
2023-09-05T00:00:00,146.95776306015603,148.27948416702534,145.90038886370905,147.04588317871094,1555175.0
2023-09-06T00:00:00,146.72864224742094,147.0987224749888,144.59626753891683,145.40692138671875,1365424.0
2023-09-07T00:00:00,144.94876154375012,148.54384490245897,144.94876154375012,146.8872833251953,2241905.0
2023-09-08T00:00:00,147.92703868636508,148.29711900313148,145.28359632782528,146.9225311279297,1247195.0
2023-09-11T00:00:00,148.0151371579429,150.05940558892115,146.65817607170155,149.2311248779297,2013913.0
2023-09-12T00:00:00,149.79505632925725,155.59300777001872,149.6364562527425,151.9979248046875,4385860.0
2023-09-13T00:00:00,150.6762021126687,151.29300259016338,147.97989327873336,150.30612182617188,3286193.0
2023-09-14T00:00:00,150.30611928868305,152.26226751660082,147.7155438816978,151.69833374023438,2963633.0
2023-09-15T00:00:00,145.8298938851916,146.79916139787284,140.13767579708963,140.49014282226562,10554192.0
2023-09-18T00:00:00,139.37989357218575,142.1467094008562,138.7983464886541,139.89096069335938,2770799.0
2023-09-19T00:00:00,138.9040861798154,141.4594084563813,138.7102326614284,140.26104736328125,2140075.0
2023-09-20T00:00:00,140.2786559571344,141.7589905022127,139.37988189209548,140.9307098388672,2536617.0
2023-09-21T00:00:00,140.10242342430013,141.00119745244427,138.1991419924329,139.82044982910156,2607237.0
2023-09-22T00:00:00,138.78070850801018,139.67948257539638,137.86432117408583,138.81594848632812,2403034.0
2023-09-25T00:00:00,138.34012482895412,139.6266057910401,137.0712705773736,138.710205078125,3129270.0
2023-09-26T00:00:00,137.79383808602728,138.0846183485712,135.66146293928125,136.57785034179688,4217146.0
2023-09-27T00:00:00,139.08028688628252,145.8651184209494,134.88603057009084,141.21266174316406,7760704.0
2023-09-28T00:00:00,137.72334257006116,139.5561307922715,132.8770318256877,134.32211303710938,7750386.0
2023-09-29T00:00:00,135.69670365609247,138.39301262944872,135.48522343348392,136.98318481445312,4054883.0
2023-10-02T00:00:00,136.93029498435817,139.23891022074952,136.48972130236828,137.5999755859375,3244440.0
2023-10-03T00:00:00,137.30038904761577,137.45898911980717,133.9520263671875,133.9520263671875,4411163.0
2023-10-04T00:00:00,133.2118605626849,133.49383419093007,131.6786726561404,132.52456665039062,3373868.0
2023-10-05T00:00:00,132.31308734083032,133.0180078994256,130.97373962402344,130.97373962402344,3179299.0
2023-10-06T00:00:00,131.36146221823262,133.82867774396922,131.16760870544485,133.72293090820312,2042111.0
2023-10-09T00:00:00,133.03562283438555,133.05324954601292,130.23358072150333,130.4803009033203,3079615.0
2023-10-10T00:00:00,131.8020189046512,134.63931437576278,131.73152550499884,134.1458740234375,3198405.0
2023-10-11T00:00:00,133.5290660091924,133.98726640445963,132.03111817512695,133.2999725341797,3101053.0
2023-10-12T00:00:00,134.8155656843188,136.19015361456698,133.5467111501686,134.49835205078125,3872208.0
2023-10-13T00:00:00,134.00490234075673,135.1327699719428,133.3704751175592,133.65243530273438,2684025.0
2023-10-16T00:00:00,133.88152168315756,140.04955272648672,133.54668140975696,138.710205078125,4986314.0
2023-10-17T00:00:00,138.4987469193768,138.8335872460419,135.52047774173818,137.6175994873047,2713525.0
2023-10-18T00:00:00,137.72332565372352,139.1155400008964,135.89053765663164,136.19012451171875,1850562.0
2023-10-19T00:00:00,135.52047015161614,136.34875084261307,134.18112236521165,134.74505615234375,1516946.0
2023-10-20T00:00:00,133.45858411110873,133.45858411110873,131.9606228535828,132.4188232421875,1819200.0
2023-10-23T00:00:00,133.17661387752992,133.93440115873773,130.92087874609516,132.9651336669922,2084700.0
2023-10-24T00:00:00,133.58196386953676,134.65696487496862,132.59506954530403,134.093017578125,1693299.0
2023-10-25T00:00:00,133.81105208957737,133.81105208957737,130.65654260998642,131.2909698486328,2513306.0
2023-10-26T00:00:00,130.18071650462767,130.9561170428205,129.17620904665185,129.74014282226562,2598180.0
2023-10-27T00:00:00,130.5860490283011,130.5860490283011,127.02621925636664,127.88973999023438,2825349.0
2023-10-30T00:00:00,128.24217421882406,130.0573489804474,128.13644084357568,129.12332153320312,1510956.0
2023-10-31T00:00:00,129.91637836367633,132.77128741287387,129.22908444848116,131.55531311035156,2477738.0
2023-11-01T00:00:00,132.4540758834027,136.15489205814288,132.29546236914334,134.8507843017578,2770466.0
2023-11-02T00:00:00,135.73196263766926,140.19058053308407,135.67909593592725,139.30943298339844,2572098.0
2023-11-03T00:00:00,139.5561415740083,141.7413835501748,139.5561415740083,141.07171630859375,1157304.0
2023-11-06T00:00:00,140.78973774833807,141.63564521181664,137.86433522117912,138.34014892578125,2717464.0
2023-11-07T00:00:00,138.3401261676032,142.37578241700422,138.25200605946384,142.0233154296875,3114740.0
2023-11-08T00:00:00,142.02334068822586,144.70203648726985,142.02334068822586,143.2745819091797,2269850.0
2023-11-09T00:00:00,142.95986801908745,143.643193266839,141.43136902944244,142.47434997558594,3269134.0
2023-11-10T00:00:00,141.16163832737084,141.3954042543841,139.03971761010447,139.50726318359375,2617834.0
2023-11-13T00:00:00,139.9028850798086,140.2265683834273,138.5362207179226,138.75201416015625,2549414.0
2023-11-14T00:00:00,139.0577059529899,142.58224972517527,138.248490865019,142.29452514648438,2860239.0
2023-11-15T00:00:00,143.049794757205,147.67126445886532,142.6901390352207,147.27565002441406,4377590.0
2023-11-16T00:00:00,147.27566174427628,147.61731755802086,143.57128297009822,143.93093872070312,2567811.0
2023-11-17T00:00:00,146.77214321869445,150.9080810546875,146.14274914587003,150.9080810546875,3716594.0
2023-11-20T00:00:00,150.9080810546875,153.20982275810323,150.47650791516273,150.9080810546875,2814545.0
2023-11-21T00:00:00,150.92606384558775,153.67736484175362,150.87211891930409,151.5194854736328,3598109.0
2023-11-22T00:00:00,152.40063532598307,154.14492797851562,151.10590206969232,154.14492797851562,4078998.0
2023-11-23T00:00:00,154.19885571409426,157.34577113683088,153.69535144157038,155.79928588867188,2534184.0
2023-11-24T00:00:00,155.5475289288524,156.5005925179268,154.9361348224507,156.08700561523438,1378280.0
2023-11-27T00:00:00,156.23086083462638,157.56156639257142,155.92516376839413,156.91419982910156,2031778.0
2023-11-28T00:00:00,156.7883133335864,157.45365234885335,155.13392460391796,156.62646484375,2631101.0
2023-11-29T00:00:00,157.05806107689384,157.95717985215282,155.78131406236176,157.38174438476562,2464267.0
2023-11-30T00:00:00,150.89011870427495,154.05500689954584,150.1528347268604,150.9620361328125,7902101.0
2023-12-01T00:00:00,151.4835204562202,154.88218817303394,151.4835204562202,154.64842224121094,2691300.0
2023-12-04T00:00:00,154.64843324679043,158.80235770307456,154.64843324679043,157.95718383789062,3222132.0
2023-12-05T00:00:00,156.8062788778517,157.6514525597986,154.7023446394697,155.2418212890625,2277782.0
2023-12-06T00:00:00,152.86816898021215,153.51553555771218,151.4835184652126,152.41860961914062,2503312.0
2023-12-07T00:00:00,151.9690476453707,153.47956048725962,151.6633368583061,152.16685485839844,2087726.0
2023-12-08T00:00:00,153.20981302246958,156.26682467512595,153.10192317430986,155.13392639160156,2567290.0
2023-12-11T00:00:00,155.13395428332956,158.85630562816615,155.13395428332956,158.8383331298828,2917237.0
2023-12-12T00:00:00,158.53262526291758,159.43174401676043,157.0400848388672,157.0400848388672,2054406.0
2023-12-13T00:00:00,157.79533346860194,159.48568103216888,156.98613211808652,157.0041046142578,3744475.0
2023-12-14T00:00:00,158.73042443362797,160.3848134265537,157.88526429919222,158.89227294921875,3761782.0
2023-12-15T00:00:00,157.32779396704578,162.0032086914591,157.12998674582963,159.64752197265625,8266725.0
2023-12-18T00:00:00,159.6295183453797,163.94529058929078,159.0540829608223,162.95626831054688,3121230.0
2023-12-19T00:00:00,163.10012595578362,163.74749251441764,162.0751311911902,163.6396026611328,2244635.0
2023-12-20T00:00:00,163.6396024579459,164.21503787385467,161.31987457896477,163.24398803710938,3038005.0
2023-12-21T00:00:00,162.70452349489773,164.05320152422743,161.87732223044864,162.36285400390625,1862856.0
2023-12-22T00:00:00,161.6255737989275,161.6255737989275,158.3887546860537,158.6584930419922,2131687.0
2023-12-27T00:00:00,158.65850974996042,160.3848162025124,158.65850974996042,159.53964233398438,1630462.0
2023-12-28T00:00:00,160.04313225977123,160.38480176381236,158.26288103451103,158.51463317871094,1489054.0
2023-12-29T00:00:00,158.6944477945857,159.52163533788772,158.49664058646323,158.80233764648438,1685539.0
2024-01-02T00:00:00,159.59359341267776,160.79840936041742,156.9861542756931,158.46070861816406,1691424.0
2024-01-03T00:00:00,158.2268914950056,158.26286392283782,151.68130901460256,152.25674438476562,3042354.0
2024-01-04T00:00:00,152.2567684027433,153.83922620991504,151.80720902015378,151.98703002929688,2857305.0
2024-01-05T00:00:00,150.24276433954316,150.24276433954316,148.0129397281212,148.80416870117188,2023777.0
2024-01-08T00:00:00,150.15282382056026,151.98701994324185,148.5703798378651,151.771240234375,1930885.0
2024-01-09T00:00:00,151.7712487118507,152.27475301994775,150.1708184242006,150.54844665527344,1957539.0
2024-01-10T00:00:00,151.37562547549328,151.93307468145534,150.3865894138226,150.81817626953125,1534592.0
2024-01-11T00:00:00,152.00500582407344,153.4615737335679,150.6923001998152,150.81817626953125,1761815.0
2024-01-12T00:00:00,151.0159927023298,154.0550047765853,150.6383507506617,151.89712524414062,1830450.0
2024-01-15T00:00:00,151.17783516396725,152.09494018554688,150.74626197947384,152.09494018554688,1201325.0
2024-01-16T00:00:00,151.0339684092736,151.19581692335146,148.9300337625075,150.33265686035156,2345219.0
2024-01-17T00:00:00,146.66424230257854,146.70021473454423,142.8699601785156,144.66819763183594,4945394.0
2024-01-18T00:00:00,146.3765201711675,146.3765201711675,144.90196612178426,145.081787109375,3127225.0
2024-01-19T00:00:00,145.99891048092277,146.10680034325557,141.9888347241685,142.9598846435547,3172433.0
2024-01-22T00:00:00,142.9598791644303,145.1357448613521,139.1655969972261,142.22259521484375,5038243.0
2024-01-23T00:00:00,143.76908681379732,146.03486997106947,143.15769263137832,145.09979248046875,1976767.0
2024-01-24T00:00:00,146.73617943269753,147.43749097054325,145.74715702470502,146.75416564941406,1629765.0
2024-01-25T00:00:00,145.27960832562772,149.2537115284224,145.27960832562772,149.0379180908203,2087126.0
2024-01-26T00:00:00,149.90107216245363,151.1058879390422,148.85809116803546,149.95501708984375,2307927.0
2024-01-29T00:00:00,149.52344414738724,150.69230121373644,147.67126180076227,150.3506317138672,2202767.0
2024-01-30T00:00:00,150.87211121021727,151.5914088693245,149.2177361978938,151.32167053222656,2834944.0
2024-01-31T00:00:00,136.7019992858033,140.62215731422873,129.4371323599515,132.60202026367188,30917093.0
2024-02-01T00:00:00,131.28931215845395,132.17044461443413,129.34721253675463,129.4191436767578,12712453.0
2024-02-02T00:00:00,128.59197478477782,131.1814276029117,128.21434653462214,128.80775451660156,7644298.0
2024-02-05T00:00:00,128.50203952486842,129.36519949037356,125.5888900756836,125.5888900756836,7187399.0
2024-02-06T00:00:00,126.54197205052017,128.19634718249873,125.84066055501921,127.3511734008789,5010507.0
2024-02-07T00:00:00,127.3511908493685,127.49505315519805,124.15033000171665,125.69681549072266,5125749.0
2024-02-08T00:00:00,125.9485486368991,126.7397774799519,124.3481184548787,125.71478271484375,3716923.0
2024-02-09T00:00:00,125.71477913803413,127.6568650401931,125.69679292316853,126.29021453857422,3684595.0
2024-02-12T00:00:00,126.66784420082101,127.45905931106223,126.020477652784,126.97354125976562,2641368.0
2024-02-13T00:00:00,126.90161576646979,127.38713383937355,123.93452124249842,125.46302032470703,3862729.0
2024-02-14T00:00:00,125.24724512071663,127.11741377454537,125.21127268767302,126.86566162109375,2199460.0
2024-02-15T00:00:00,127.65688186028203,128.59197308403125,127.18934996787137,127.33319854736328,2648531.0
2024-02-16T00:00:00,127.67485577133294,128.95160268271076,127.67485577133294,128.0165252685547,2612394.0
2024-02-19T00:00:00,127.56697837445455,129.00556020744182,126.93758424559215,127.72881317138672,1950920.0
2024-02-20T00:00:00,127.27924014381426,128.41213847885524,126.64985980182622,128.0884552001953,2438377.0
2024-02-21T00:00:00,128.46607746459438,130.28228726470488,128.4480912500943,129.16738891601562,1560937.0
2024-02-22T00:00:00,129.59896291523734,129.83272882749122,125.12135583639531,125.73274993896484,4662890.0
2024-02-23T00:00:00,126.03845385359881,126.99153120806074,125.2472387200979,126.95555877685547,2297870.0
2024-02-26T00:00:00,126.95555736440546,127.58493770886854,125.87661767111697,126.63187408447266,1598509.0
2024-02-27T00:00:00,126.63187847636658,128.39415722144577,126.39811254587633,127.99854278564453,2258994.0
2024-02-28T00:00:00,127.67486521113054,128.28625938877087,125.26523349530527,126.48802185058594,2629401.0
2024-02-29T00:00:00,127.17134699451888,127.42309912478879,125.60687556830264,126.29021453857422,5044889.0
2024-03-01T00:00:00,126.30818718846369,127.92660354179408,125.8766140673963,126.84766387939453,2448978.0
2024-03-04T00:00:00,126.6678380129544,126.6678380129544,123.43100543089224,124.36609649658203,3235452.0
2024-03-05T00:00:00,123.28716351502183,125.28320831699592,123.26919101732037,125.06742858886719,2822333.0
2024-03-06T00:00:00,125.2112676456977,128.41214180397978,125.1393365019704,126.91960144042969,4147005.0
2024-03-07T00:00:00,125.2472419859541,126.84767222975292,124.59987540200594,125.42706298828125,3619901.0
2024-03-08T00:00:00,126.11037845734599,126.757744990846,125.37310828941996,126.326171875,2781093.0
2024-03-11T00:00:00,125.96654324522001,128.39416114333355,125.87662588180477,128.3761749267578,3534363.0
2024-03-12T00:00:00,128.37615260503506,129.7787754258622,128.05246936027027,129.5270233154297,2622354.0
2024-03-13T00:00:00,130.37222829530327,132.5121354672065,130.24635220986568,131.82879638671875,3272498.0
2024-03-14T00:00:00,132.63801170305717,133.80686890885414,132.20642479295518,132.2244110107422,2956907.0
2024-03-15T00:00:00,132.1165028662288,132.96167663226188,131.073521890296,131.18141174316406,3282769.0
2024-03-18T00:00:00,131.1814027929771,132.13448006631458,130.60596741783723,131.05552673339844,1513905.0
2024-03-19T00:00:00,130.62395826846148,133.33930047228264,130.44413727974646,132.97964477539062,2286077.0
2024-03-20T00:00:00,133.0695502326945,135.8208509005,132.51210110167688,134.58006286621094,2627252.0
2024-03-21T00:00:00,136.57612769716388,138.57217234752267,136.10859584208845,137.29542541503906,2810947.0
2024-03-22T00:00:00,136.37831526277887,137.76296571760622,136.09060441831676,136.7919158935547,1681834.0
2024-03-25T00:00:00,136.6660309340726,137.2414663050166,134.61604156761845,136.5041961669922,1975916.0
2024-03-26T00:00:00,135.94675047165234,139.3454182044839,135.155535311273,138.73402404785156,3323867.0
2024-03-27T00:00:00,155.2957771431132,162.03916714045963,153.803236864363,159.80935668945312,13768317.0
2024-03-28T00:00:00,160.5466437337705,161.05014804470574,156.8063063961611,156.96815490722656,3853425.0
2024-04-02T00:00:00,156.1319554938876,156.53656988115785,148.71422627938256,149.70326232910156,6621066.0
2024-04-03T00:00:00,150.06290486464943,152.94009566722838,148.804144178118,151.05194091796875,3182797.0
2024-04-04T00:00:00,150.28769726139032,151.8611551124885,149.79319291233043,151.2767333984375,1768301.0
2024-04-05T00:00:00,150.06290902117289,151.1418624617567,148.57936861956452,148.9390106201172,2178518.0
2024-04-08T00:00:00,148.93901487690295,150.69230740823053,148.6243315472912,149.74822998046875,1799130.0
2024-04-09T00:00:00,149.29865864541034,149.5683969916542,148.17476030227937,148.57936096191406,1505997.0
2024-04-10T00:00:00,149.61334580994065,151.14185857160527,147.8151084145353,148.75918579101562,2249879.0
2024-04-11T00:00:00,148.03988287954607,149.25369856651642,147.41050255719412,148.1747589111328,1993105.0
2024-04-12T00:00:00,149.4784768219606,150.73723745478182,147.77015686035156,147.77015686035156,2275296.0
2024-04-15T00:00:00,147.7701788121649,150.33265913524454,147.2307020496934,149.0738983154297,1861383.0
2024-04-16T00:00:00,148.35460469260144,152.22081834666514,147.18574748749413,150.60240173339844,3145879.0
2024-04-17T00:00:00,150.87213423827652,155.95214986457484,150.73725818941017,151.99603271484375,3504870.0
2024-04-18T00:00:00,152.58043699212556,153.79425269584226,151.77123566928927,153.25477600097656,2284236.0
2024-04-19T00:00:00,152.35566402325082,153.88416309997876,150.69230262660622,153.83921813964844,2384756.0
2024-04-22T00:00:00,155.36773204448573,158.55960654194976,155.36773204448573,156.8512725830078,2316637.0
2024-04-23T00:00:00,158.37975517884308,163.45978411881734,158.37975517884308,163.41482543945312,2921276.0
2024-04-24T00:00:00,163.41483189014906,164.62864768358335,159.72843954817057,160.0431365966797,2949748.0
2024-04-25T00:00:00,159.86333463155162,161.07713685008832,158.19995926754424,160.2229766845703,1915659.0
2024-04-26T00:00:00,160.22292919410637,162.20098733833763,159.54859025497336,161.79638671875,1525303.0
2024-04-29T00:00:00,162.15608311102298,162.87536718451497,160.67252884065107,161.21200561523438,1268230.0
2024-04-30T00:00:00,161.21197525165513,161.21197525165513,155.8622220757416,158.91921997070312,2028024.0
2024-05-02T00:00:00,159.14402513988554,159.68350189933173,153.43461536035832,154.69338989257812,2604898.0
2024-05-03T00:00:00,155.23282720073033,155.8172625464967,152.80520962455898,154.24380493164062,2720848.0
2024-05-06T00:00:00,154.65622892472987,155.16029646773407,153.51062722899113,154.5645751953125,1405414.0
2024-05-07T00:00:00,155.3894091881084,156.16840991237876,154.7020482043666,155.20611572265625,1372283.0
2024-05-08T00:00:00,154.93117482205722,154.93117482205722,152.59414458557913,153.60227966308594,1431634.0
2024-05-10T00:00:00,154.2896518859982,156.305908203125,153.3273436028887,156.305908203125,1866763.0
2024-05-13T00:00:00,156.305902388572,158.73457245542915,155.8018348319424,158.45962524414062,1767221.0
2024-05-14T00:00:00,158.5054596068258,161.3465576171875,158.23051238253328,161.3465576171875,2091645.0
2024-05-15T00:00:00,161.5298374079156,161.5298374079156,159.3302877688852,159.7885284423828,2072171.0
2024-05-16T00:00:00,158.55129528710103,161.62151382428078,158.18470829060084,160.7050323486328,1997430.0
2024-05-17T00:00:00,163.13367464878905,166.66213331781586,163.13367464878905,166.15806579589844,2711791.0
2024-05-20T00:00:00,166.1580692393713,170.51135559128434,165.42488137269632,169.77816772460938,2949947.0
2024-05-21T00:00:00,169.7781744688749,172.39015197753906,169.18246716976003,172.39015197753906,2351731.0
2024-05-22T00:00:00,171.84026226778627,173.44410471561895,171.70279565173058,172.34432983398438,2026216.0
2024-05-23T00:00:00,173.21498403285457,173.21498403285457,168.5867501811292,170.37388610839844,3180168.0
2024-05-24T00:00:00,170.0989562780043,174.0398151763828,169.86983592417315,171.61114501953125,2297751.0
2024-05-27T00:00:00,171.61114011280515,172.02355394103012,169.31993664000402,171.79443359375,719402.0
2024-05-28T00:00:00,172.4818059091306,173.62740772040857,170.0989625323107,172.252685546875,2307952.0
2024-05-29T00:00:00,171.70278867100149,171.70278867100149,167.4869688143378,167.6244354248047,2717866.0
2024-05-30T00:00:00,167.7161037667033,169.4116000269561,167.30368991497605,169.3199462890625,1421714.0
2024-05-31T00:00:00,171.01543464606445,171.8860891782296,167.166201582772,170.0989532470703,9481281.0
2024-06-03T00:00:00,171.3820279162863,172.5734565756853,168.35763639147245,168.63258361816406,1678908.0
2024-06-04T00:00:00,168.63257216913104,169.31993319699436,166.6163159509445,168.31179809570312,1268348.0
2024-06-05T00:00:00,169.54906594769042,171.74861580406386,168.35763728198944,168.90753173828125,1485859.0
2024-06-07T00:00:00,169.82399862875175,172.206841771643,168.08267565592024,171.5653076171875,2043635.0
2024-06-10T00:00:00,169.59489262461514,170.41972032372294,167.99105011070787,169.0449981689453,1752181.0
2024-06-11T00:00:00,170.55719269609477,171.794434185028,167.8535614013672,167.8535614013672,1544243.0
2024-06-12T00:00:00,168.77004455783367,171.61114249734263,167.5328030559673,170.64883422851562,1706488.0
2024-06-13T00:00:00,170.2364259332637,170.2364259332637,167.12039465933415,168.77005004882812,2097767.0
2024-06-14T00:00:00,171.56530638776272,175.18540493318775,170.8779453734012,172.848388671875,3408461.0
2024-06-17T00:00:00,172.84838302594903,173.7648643484951,170.55717971958381,172.6192626953125,2957361.0
2024-06-18T00:00:00,173.67322248619195,176.1018925630847,172.94003458119158,175.87277221679688,1947783.0
2024-06-19T00:00:00,175.13960738609336,176.056088818811,173.53576487883757,175.09378051757812,1357004.0
2024-06-20T00:00:00,175.4603585614233,177.98068237304688,174.40641056123008,177.98068237304688,4135714.0
2024-06-24T00:00:00,176.0102354594159,178.80550620537446,174.26891260869667,176.88088989257812,2290262.0
2024-06-25T00:00:00,177.15585694574133,177.56827077776526,171.79443517624125,174.7271728515625,2005391.0
2024-06-26T00:00:00,175.96442683471167,178.7596978703715,175.73530648727063,178.39309692382812,3682901.0
2024-06-27T00:00:00,156.71831364613192,158.91786333161755,151.6318392660011,155.25193786621094,15281880.0
2024-06-28T00:00:00,155.2519442638473,155.43525173218805,151.86096586548962,153.64810180664062,6875893.0
2024-07-01T00:00:00,154.24381270835806,155.80182819341312,153.05238416647052,153.4647979736328,4442577.0
2024-07-02T00:00:00,153.05238903281963,154.38128422454875,149.79887736727872,151.0361328125,4053422.0
2024-07-03T00:00:00,153.51062328389358,155.61853314676046,151.31107367836012,155.02281188964844,4033154.0
2024-07-04T00:00:00,155.8018235667355,158.04719999184766,155.481049512693,155.75599670410156,2090047.0
2024-07-05T00:00:00,155.93929127211726,157.95556136709698,155.71017094172367,155.8934783935547,1735962.0
2024-07-08T00:00:00,155.89348928703197,156.80997067264792,154.51876720860804,156.6266632080078,1655615.0
2024-07-09T00:00:00,156.16842344269986,156.30590404199643,154.15216717924923,154.65623474121094,2109126.0
2024-07-10T00:00:00,155.66436658272573,155.66436658272573,153.69392324286073,155.52688598632812,2047947.0
2024-07-11T00:00:00,156.58083921030885,157.03907987058557,154.5187562390637,156.03094482421875,2306801.0
2024-07-12T00:00:00,156.71831496748862,161.16325522552958,156.4891946239689,159.74270629882812,2561739.0
2024-07-15T00:00:00,159.00952003418817,159.7885348039066,157.03909065345954,158.1846923828125,1328919.0
2024-07-16T00:00:00,156.99326578125138,157.68062682759276,155.89349090398443,157.31402587890625,1233090.0
2024-07-17T00:00:00,156.71832356650447,156.90161705449825,153.87722555721265,154.88536071777344,2368697.0
2024-07-18T00:00:00,155.5268981081592,157.45151473256374,154.1980028124499,156.2600860595703,1856213.0
2024-07-19T00:00:00,154.93119231321057,156.03096725912675,154.42712471754984,154.83953857421875,1290016.0
2024-07-22T00:00:00,153.73975956292034,155.2519483255182,151.4943828609672,153.1898651123047,2626697.0
2024-07-23T00:00:00,153.18986388434666,153.78558519847118,152.18174271216137,152.22756958007812,2004940.0
2024-07-24T00:00:00,152.1359065593056,152.18173342442552,149.3864624648603,150.89865112304688,2459001.0
2024-07-25T00:00:00,149.8447011921942,151.76931762695312,148.65327263660038,151.76931762695312,1385597.0
2024-07-26T00:00:00,151.86096753707346,152.73162208368996,150.99031299045697,152.090087890625,1544528.0
2024-07-29T00:00:00,153.18987408410953,154.70207691966874,152.3650463442755,152.54833984375,1292184.0
2024-07-30T00:00:00,152.5483166313186,154.381279315947,152.5483166313186,153.4647979736328,1802046.0
2024-07-31T00:00:00,154.47294607273253,155.98513482133612,152.3650360107422,152.3650360107422,2197646.0
2024-08-01T00:00:00,152.54830667868183,154.2896295061078,151.17358475490087,151.58599853515625,1644708.0
2024-08-02T00:00:00,150.07381433405632,151.21941597019415,146.36206223609074,147.04942321777344,2874083.0
2024-08-05T00:00:00,143.42934515709715,145.26230803450412,141.1381415603384,145.170654296875,3221850.0
2024-08-06T00:00:00,146.63701713431482,146.72867086378204,143.06274543542418,144.02503967285156,2006825.0
2024-08-07T00:00:00,144.1625324075769,145.62889431177103,143.47517133187426,144.75823974609375,1952034.0
2024-08-08T00:00:00,143.97923350582647,144.57494082195234,142.1920835886561,144.3916473388672,1644034.0
2024-08-09T00:00:00,144.57494135279615,146.63702450996757,143.97923403448297,144.9415283203125,1048728.0
2024-08-12T00:00:00,145.85803025201704,146.4995785120588,144.43749506466327,144.62078857421875,1425362.0
2024-08-13T00:00:00,145.2622838614467,145.58305790537176,140.8173440296572,143.4293212890625,2681231.0
2024-08-14T00:00:00,144.116701021899,145.03318242744368,143.4293399677405,144.66659545898438,1588610.0
2024-08-15T00:00:00,145.30811281681056,147.23271515491447,144.9873387682625,146.22459411621094,1805776.0
2024-08-16T00:00:00,146.54537269866495,148.42416239672917,146.36207921250184,147.59933471679688,3110728.0
2024-08-19T00:00:00,147.8284582648248,149.47812764473147,147.69097765893437,148.97406005859375,1382961.0
2024-08-20T00:00:00,148.46999087584788,150.25712685802966,147.2327353581238,148.2866973876953,3250119.0
2024-08-21T00:00:00,148.2867034928829,149.1115312157272,147.41604890001452,149.06570434570312,1959514.0
2024-08-22T00:00:00,149.0198820158496,150.8528448254694,148.88240141449023,149.1573486328125,1401974.0
2024-08-23T00:00:00,149.56977416489207,152.73163246187355,149.11153342665133,152.2733917236328,1959967.0
2024-08-26T00:00:00,152.2733943502844,154.38130457943177,152.09010084870587,153.09823608398438,1429306.0
2024-08-27T00:00:00,153.05238814448276,154.19798985215107,152.50249373104367,153.00656127929688,1367257.0
2024-08-28T00:00:00,150.48625201046454,150.94449273764891,148.0575817501463,148.24087524414062,3056495.0
2024-08-29T00:00:00,146.63703650481068,149.20318744052437,146.2704495073077,147.92010498046875,2804489.0
2024-08-30T00:00:00,146.86615462083083,150.34878698126198,146.86615462083083,148.92823791503906,3485406.0
2024-09-02T00:00:00,148.74493408203125,149.11152104843327,146.54537033043,148.74493408203125,1282942.0
2024-09-03T00:00:00,148.69910322280055,150.07382528649362,148.51580974452065,149.2031707763672,1833704.0
2024-09-04T00:00:00,147.04944792421912,149.06570434570312,146.8661544285201,149.06570434570312,1647708.0
2024-09-05T00:00:00,148.46998653720277,148.46998653720277,146.72867747404348,146.7744903564453,1726034.0
2024-09-06T00:00:00,146.27043791868755,146.77449150421995,143.88758067051285,144.66659545898438,2699684.0
2024-09-09T00:00:00,145.30814710535108,146.22462862101474,143.29189056777068,143.7959442138672,2005065.0
2024-09-10T00:00:00,143.65844404727216,146.13294076508302,141.0464667435638,142.14625549316406,3091468.0
2024-09-11T00:00:00,142.2379284341186,146.54538876085815,142.19210156145581,143.7959442138672,3685631.0
2024-09-12T00:00:00,145.7205297828945,149.15733473060428,145.53723631589568,147.73678588867188,2053008.0
2024-09-13T00:00:00,147.73677994544846,152.8690807213219,147.64514020783315,151.58599853515625,2191369.0
2024-09-16T00:00:00,150.6695492592602,156.3975584918111,150.44042888995816,156.35174560546875,3466219.0
2024-09-17T00:00:00,156.3517303151182,161.16325759991972,156.0767831019646,160.8424835205078,3906749.0
2024-09-18T00:00:00,160.75084523489718,161.3923934553688,159.42194989208713,160.7050323486328,1630893.0
2024-09-19T00:00:00,164.64588243864554,165.56236386381897,162.26303912383273,163.4544677734375,2123099.0
2024-09-20T00:00:00,162.76710879879232,165.56236599401888,162.76710879879232,164.69171142578125,3734340.0
2024-09-23T00:00:00,164.6917003701885,168.90752029098368,163.59192551653635,168.5867462158203,2061179.0
2024-09-24T00:00:00,169.54905702691255,170.60300503088894,166.15807868325356,167.30368041992188,3348711.0
2024-09-25T00:00:00,167.25785118730792,168.26598629507203,166.2039031982422,166.2039031982422,3566350.0
2024-09-26T00:00:00,153.098223167839,162.21721044992435,151.99844826675275,158.55128479003906,9228698.0
2024-09-27T00:00:00,155.80184672305475,160.38425397961518,155.80184672305475,157.0849151611328,4594588.0
2024-09-30T00:00:00,156.3517398372271,159.97183874176443,155.89349911552875,158.3679962158203,2861854.0
2024-10-01T00:00:00,158.8720646699285,161.75897563855753,155.80184622410638,156.5350341796875,2719551.0
2024-10-02T00:00:00,156.5350147720695,158.27632371433512,155.80182690739093,157.13072204589844,1787361.0
2024-10-03T00:00:00,156.62664641250365,157.58895456108868,155.80181884765625,155.80181884765625,1643521.0
2024-10-04T00:00:00,155.34357820398668,155.89347257014802,153.78556281238906,155.80181884765625,2521899.0
2024-10-07T00:00:00,156.76414111549323,161.8047886498538,156.35172729592472,159.33029174804688,2494371.0
2024-10-08T00:00:00,157.9097345041392,158.8720426886713,155.2519302809365,155.8934783935547,2149904.0
2024-10-09T00:00:00,155.8934783935547,156.48918565881993,154.51875641119315,155.8934783935547,2712098.0
2024-10-10T00:00:00,155.801835014951,156.62666266538938,154.5187666732922,156.0767822265625,1604052.0
2024-10-11T00:00:00,156.07679014968423,158.09304649652873,155.98513641302898,157.4056854248047,1756710.0
2024-10-14T00:00:00,157.35984660393706,158.87204923750605,156.4433652445846,158.7803955078125,1690936.0
2024-10-15T00:00:00,158.4596049422439,161.0257552781673,157.77224399428553,160.200927734375,1916545.0
2024-10-16T00:00:00,160.06347125717662,163.08786268049784,159.7427111571312,161.80479431152344,1787201.0
2024-10-17T00:00:00,162.21721377796132,163.042041474599,161.6215064397671,162.03392028808594,1158449.0
2024-10-18T00:00:00,162.03390718410677,162.67544133898699,161.02577209472656,161.02577209472656,1060777.0
2024-10-21T00:00:00,161.02576587168366,163.59191637642823,160.20093827362783,160.24676513671875,1415208.0
2024-10-22T00:00:00,160.15512888517313,160.52171586110867,156.71832354428958,159.2386474609375,1599237.0
2024-10-23T00:00:00,158.50546213800848,159.78854454373104,157.45151407651937,157.95558166503906,1414241.0
2024-10-24T00:00:00,158.13887515602886,160.47590562324052,157.63480756750917,157.95558166503906,1216722.0
2024-10-25T00:00:00,157.2223937166829,157.95558166503906,155.38943083799091,157.95558166503906,1687276.0
2024-10-28T00:00:00,158.55126270967372,159.23862367517808,155.068631020906,155.80181884765625,2166641.0
2024-10-29T00:00:00,156.58085202052072,156.6266649027803,152.45668574062356,152.82327270507812,3638754.0
2024-10-30T00:00:00,152.41086107685217,153.5564628378261,151.0819658310017,151.8151397705078,1972306.0
2024-10-31T00:00:00,150.39460988346,150.44042276793806,144.52912027737946,145.03318786621094,6166749.0
2024-11-01T00:00:00,144.8957037058393,147.23271990722762,144.16251584577452,146.17877197265625,1438247.0
2024-11-04T00:00:00,146.40790282355414,148.8823997927068,146.40790282355414,148.46998596191406,2405481.0
2024-11-05T00:00:00,148.46998596191406,150.16548213610184,147.69097118255291,148.46998596191406,1811215.0
2024-11-06T00:00:00,149.52394118183682,152.22757261445403,147.278564453125,147.278564453125,4586050.0
2024-11-07T00:00:00,146.71733314654014,149.1961346908015,146.71733314654014,148.02688598632812,2483983.0
2024-11-08T00:00:00,148.02687905786013,149.8041312962523,147.23178426681082,148.54135131835938,2657803.0
2024-11-11T00:00:00,149.66384733630187,149.80415148395696,147.5124266762312,147.60597229003906,2454757.0
2024-11-12T00:00:00,145.92224711970323,149.6638431996956,145.8287015084809,146.9044189453125,4133699.0
2024-11-13T00:00:00,146.85762949297504,148.68165452060168,143.6305060943964,144.98683166503906,3876860.0
2024-11-14T00:00:00,145.54807672264175,146.15608030749905,144.00465995076172,144.98683166503906,2671435.0
2024-11-15T00:00:00,144.14498703264044,147.88658291384533,144.09821422951427,145.64161682128906,3743914.0
2024-11-18T00:00:00,145.0803842782877,145.40776535016803,142.13386899303245,143.583740234375,3113313.0
2024-11-19T00:00:00,143.4901812276582,143.7240309456127,140.91783433015874,142.97572326660156,2488630.0
2024-11-20T00:00:00,143.58374257804522,144.3320646122162,141.80649023581284,143.1160430908203,3073444.0
2024-11-21T00:00:00,143.11603615721788,143.95788948421483,141.90001469473512,143.63050842285156,1961613.0
2024-11-22T00:00:00,145.1739307337159,146.3431795544982,144.3788500994181,145.3610076904297,2554733.0
2024-11-25T00:00:00,146.29638957370844,146.62378491431815,144.09821061251034,144.19174194335938,5469278.0
2024-11-26T00:00:00,142.55480076454282,143.2563500090003,142.0871012682378,142.7886505126953,2536897.0
2024-11-27T00:00:00,142.41449897917042,142.41449897917042,141.1984774140638,142.32095336914062,2606993.0
2024-11-28T00:00:00,142.3209418535182,142.928959723403,141.5726341260523,141.99356079101562,1410724.0
2024-11-29T00:00:00,141.43232265546118,142.5547985747395,140.35661953970606,141.47909545898438,2680612.0
2024-12-02T00:00:00,140.9646112400989,144.79975243563993,140.54368459011377,143.67727661132812,2093663.0
2024-12-03T00:00:00,143.53695958835874,148.30749972872525,143.53695958835874,148.26072692871094,4378856.0
2024-12-04T00:00:00,148.7284331713638,155.41652996009924,148.40103782937453,152.79742431640625,4578992.0
2024-12-05T00:00:00,152.4232529036853,153.21834770400608,151.72170370565692,152.37648010253906,1444199.0
2024-12-06T00:00:00,152.89095236903754,153.5925015670659,151.4878539729808,152.37648010253906,1548461.0
2024-12-09T00:00:00,152.84418788966656,154.48113610752492,152.0958801228045,152.89096069335938,1914076.0
2024-12-10T00:00:00,152.51679388646446,154.99559526853005,152.4700210867349,153.31187438964844,1747329.0
2024-12-11T00:00:00,150.13153119413303,152.56357416880525,149.61705891798445,150.27183532714844,3090024.0
2024-12-12T00:00:00,150.2718246155774,150.7862968550537,145.45452608469503,146.67054748535156,3116177.0
2024-12-13T00:00:00,147.6059537825776,149.28967470861025,145.5013061933005,146.29638671875,2951961.0
2024-12-16T00:00:00,145.22067676241977,145.68837620448875,141.94678066793688,144.1449737548828,2853546.0
2024-12-17T00:00:00,143.67729334929194,144.98684625137219,142.04034508516355,142.32095336914062,1983852.0
2024-12-18T00:00:00,142.32094370944918,143.11603852156887,141.572635972225,142.27418518066406,2057006.0
2024-12-19T00:00:00,139.88890999239504,140.8243089033799,138.2987346983317,138.90673828125,3783100.0
2024-12-20T00:00:00,138.43903653433551,141.1516876220703,137.7842601620948,141.1516876220703,6649474.0
2024-12-23T00:00:00,141.24524867934667,142.83542412112547,139.37445068359375,139.37445068359375,1875786.0
2024-12-27T00:00:00,140.35661783897712,140.49692197479092,138.7196696468902,139.4212188720703,1548847.0
2024-12-30T00:00:00,138.81319638693228,139.88891372711691,138.06488865661,139.46798706054688,1562988.0
2025-01-02T00:00:00,140.26305499133036,141.10492252189385,137.31655431699258,139.1405792236328,1842026.0
2025-01-03T00:00:00,138.5326002918793,139.28090808792533,136.84887920466318,137.26980590820312,1679631.0
2025-01-07T00:00:00,136.9891672175183,140.77753564940556,136.56824056354296,139.65505981445312,3319551.0
2025-01-08T00:00:00,139.56153064797073,140.59047527711846,136.38117969560625,137.26980590820312,1991088.0
2025-01-09T00:00:00,136.10054430839344,136.80209350585938,135.21191817954755,136.80209350585938,1570081.0
2025-01-10T00:00:00,136.38116268934095,136.8020893403928,134.9780643371318,135.2119140625,1392600.0
2025-01-13T00:00:00,134.6974422554348,135.4925370335255,134.18297000332046,134.46359252929688,1575890.0
2025-01-14T00:00:00,135.39899517152102,135.96024023896695,134.69744597374114,135.02484130859375,1727140.0
2025-01-15T00:00:00,135.16515078176306,139.14059639299137,135.16515078176306,138.5325927734375,1965675.0
2025-01-16T00:00:00,140.87109531754413,141.71294870956666,138.48582500940554,138.62612915039062,2171563.0
2025-01-17T00:00:00,139.28090033434,141.94679309678014,138.29874283844094,141.19847106933594,3158308.0
2025-01-20T00:00:00,140.30984039368695,141.3387849324627,138.48581532318005,139.46798706054688,2038366.0
2025-01-21T00:00:00,139.4679768557918,140.0759804104553,138.7664277051551,139.56150817871094,1871241.0
2025-01-22T00:00:00,139.561514652157,140.7307632907861,139.14058799686146,139.7953643798828,2237697.0
2025-01-23T00:00:00,139.46797727317147,140.029208031528,137.17623862245676,138.8131866455078,3263263.0
2025-01-24T00:00:00,139.8421431633325,142.13386773848845,138.8599714102499,140.7775421142578,1923505.0
2025-01-27T00:00:00,139.982436247614,142.41447903727516,139.37443268672578,139.7018280029297,2287045.0
2025-01-28T00:00:00,140.21629379659726,143.58373565138928,139.88891273516646,142.74188232421875,2302620.0
2025-01-29T00:00:00,144.00466457611802,144.75298658593908,142.60156616009922,144.0514373779297,3219889.0
2025-01-30T00:00:00,136.52147908373328,142.78864943218417,135.21192621321129,139.0938262939453,11626369.0
2025-01-31T00:00:00,138.4390522047252,141.47909895922083,137.8778070946728,138.62612915039062,5338405.0
2025-02-03T00:00:00,135.63284672190713,137.50364460772653,135.2586928539653,136.194091796875,4639991.0
2025-02-04T00:00:00,136.0070000400385,138.81319685742352,135.1183739024776,138.71966552734375,2800823.0
2025-02-05T00:00:00,138.2051914060438,139.09381753170857,137.03594274778624,138.4390411376953,2365087.0
2025-02-06T00:00:00,138.67288129239108,141.5258506761202,138.06487774130875,141.0581512451172,2838202.0
2025-02-07T00:00:00,141.0581512451172,141.0581512451172,141.0581512451172,141.0581512451172,0.0
2025-02-10T00:00:00,138.6261070004641,139.93567395698938,137.87778506431448,139.1405792236328,2255062.0
2025-02-11T00:00:00,138.6261198473894,140.59046332769242,138.43904291427842,140.49691772460938,1420853.0
2025-02-12T00:00:00,139.00027886489045,141.99355241740034,138.20518411002735,140.5904541015625,2481188.0
2025-02-13T00:00:00,141.6661769181005,142.7886528731773,140.59047376803858,142.32095336914062,2167647.0
2025-02-14T00:00:00,142.6483395301362,143.39666154293815,141.52586364746094,141.52586364746094,1918339.0
2025-02-17T00:00:00,140.9178355884154,142.36770670729,140.40337762276516,140.7307586669922,2237686.0
2025-02-18T00:00:00,139.98244703563884,139.98244703563884,134.93129841928626,135.58607482910156,5319339.0
2025-02-19T00:00:00,135.4457651403787,136.56824097874375,132.17186895253212,132.96694946289062,3582328.0
2025-02-20T00:00:00,132.8266430307983,133.01371995510405,131.14292216593788,132.5460205078125,3236820.0
2025-02-21T00:00:00,132.12510262870808,133.9023549371464,131.517099016099,132.3121795654297,3495925.0
2025-02-24T00:00:00,132.31217220024004,133.57496643066406,131.33000049580522,133.57496643066406,1743804.0
2025-02-25T00:00:00,131.70416593071482,135.07159335462356,131.18969368908793,134.79098510742188,3634731.0
2025-02-26T00:00:00,134.13619040400368,137.55040479638043,133.94911348718736,136.75531005859375,3137766.0
2025-02-27T00:00:00,135.58607297498085,137.59718925205033,134.74421964145273,135.30545043945312,3107029.0
2025-02-28T00:00:00,134.37005381964065,135.07160303402733,133.71527740749082,134.83775329589844,4620404.0
2025-03-03T00:00:00,134.37004970658785,135.49253983369147,133.0137241215683,133.24757385253906,2429146.0
2025-03-04T00:00:00,132.31218392412774,135.02484955164695,130.20753620230263,130.3478546142578,3468443.0
2025-03-05T00:00:00,130.4413886314095,131.6106373897998,129.833384986269,130.90908813476562,3044052.0
2025-03-06T00:00:00,133.1072692657182,135.67961629755618,131.89124781423837,133.9958953857422,3304079.0
2025-03-07T00:00:00,132.12509526198244,135.9134636798573,131.51709168327304,135.3522186279297,3473583.0
2025-03-10T00:00:00,136.00700407902715,140.45014917183448,135.86669994321335,139.4212188720703,3512890.0
2025-03-11T00:00:00,139.42121497879458,140.02921858108357,130.3010753061291,131.00262451171875,4782022.0
2025-03-12T00:00:00,130.76877369971268,131.42355009826028,123.70650890031973,126.18531036376953,7593446.0
2025-03-13T00:00:00,125.76439072230767,126.93363945396366,124.64191479452907,124.78221893310547,2743712.0
2025-03-14T00:00:00,124.7822180011255,126.84010717191462,124.12744157089973,125.3902359008789,2488239.0
2025-03-17T00:00:00,125.39023998897902,127.35456934369938,124.40806817509076,126.09178924560547,3094893.0
2025-03-18T00:00:00,126.69978216456369,127.7287266963851,125.85792883711342,126.93363189697266,3164198.0
2025-03-19T00:00:00,126.41915800606392,128.9915050294974,126.23208107715244,128.80442810058594,2442846.0
2025-03-20T00:00:00,128.89796951925342,130.5816903709351,127.82225223507005,128.10287475585938,3552170.0
2025-03-21T00:00:00,126.84010591969762,127.96258182801107,125.2499162537767,126.51271057128906,6565162.0
2025-03-24T00:00:00,126.88685956358232,128.1964266337325,125.20315290247565,126.18531036376953,2724580.0
2025-03-25T00:00:00,126.55947875976562,128.24319969737203,124.78221221943745,126.55947875976562,5820341.0
2025-03-26T00:00:00,127.21425924613081,127.30780485185751,123.37911778022378,124.22098541259766,3775679.0
2025-03-27T00:00:00,118.00057428982214,126.93362962611448,117.86026302558145,124.7354507446289,9995387.0
2025-03-28T00:00:00,123.51942401876276,126.69977447734207,121.60185347474254,124.26774597167969,6560216.0
2025-03-31T00:00:00,123.47265581149789,124.45482751915482,121.83570772308788,123.33235168457031,4122984.0
2025-04-01T00:00:00,124.22099122793493,127.16749239654357,124.03391428077911,126.09178924560547,2764816.0
2025-04-02T00:00:00,126.09177903429418,126.37240156883028,124.87575756667435,126.18531036376953,4817474.0
2025-04-03T00:00:00,123.2855852036957,123.33235800608716,118.79566736216805,121.41478729248047,8048029.0
2025-04-04T00:00:00,121.13416268596613,122.44371549226804,116.22331825275128,119.87136840820312,9002790.0
2025-04-07T00:00:00,113.27680464869711,122.06955568058078,112.24786729248808,114.96052551269531,6292047.0
2025-04-08T00:00:00,116.83133027073572,118.3747399653884,115.52177031355987,116.97164154052734,3987791.0
2025-04-09T00:00:00,113.7445134006668,117.62642055606517,113.32358671849677,116.1297836303711,5583339.0
2025-04-10T00:00:00,122.95818420524873,125.90469934373776,120.15198746748092,120.57291412353516,4336628.0
2025-04-11T00:00:00,122.16310852449499,123.00496186989575,120.52616036272832,122.67756652832031,3778859.0
2025-04-14T00:00:00,125.15638418959603,127.30780466057831,124.17421242316331,126.8868637084961,2909726.0
2025-04-15T00:00:00,127.35457436322098,128.3835190227168,126.27887116988539,128.3367462158203,2475446.0
2025-04-16T00:00:00,127.30779837809153,129.92690392858844,127.30779837809153,129.69305419921875,3128213.0
2025-04-17T00:00:00,129.0382750801702,130.62845035161314,128.47704430539562,130.02044677734375,1161197.0
2025-04-22T00:00:00,130.95585575810185,134.08944801582152,130.90908295500572,132.59280395507812,2513133.0
2025-04-23T00:00:00,133.99588890342446,135.63283693540347,132.92018590591704,133.7620391845703,2588626.0
2025-04-24T00:00:00,132.77988089440717,133.62174853097116,131.61063218228125,132.59280395507812,2181307.0
2025-04-25T00:00:00,133.62173591461104,133.99588975794208,132.03154639781863,132.26539611816406,2144084.0
2025-04-28T00:00:00,132.8266523376162,132.8266523376162,131.1429313547818,131.56385803222656,2383433.0
2025-04-29T00:00:00,132.0783323100329,132.0783323100329,129.59953073748244,130.06723022460938,2626080.0
2025-04-30T00:00:00,129.92690716598153,131.28324704856564,129.41244916699324,131.00262451171875,1616374.0
2025-05-02T00:00:00,131.98479435546804,132.82664768084294,130.67522729337324,131.61062622070312,2074229.0
2025-05-05T00:00:00,131.70418072199467,132.12510741312443,130.4881591796875,130.4881591796875,1905091.0
2025-05-06T00:00:00,130.02045925941823,130.86231263892594,129.2721372148248,130.3478546142578,2883322.0
2025-05-07T00:00:00,129.17859669095395,129.64629615142366,127.77549830954486,128.0561065673828,2446625.0
2025-05-08T00:00:00,128.48776384503367,132.56445670641833,128.15204497956387,131.26951599121094,2196169.0
2025-05-09T00:00:00,131.26952295073207,133.47572161284347,131.26952295073207,133.2359161376953,1712494.0
2025-05-12T00:00:00,134.2910592064287,139.56677938953842,134.2910592064287,138.3677520751953,4006512.0
2025-05-13T00:00:00,138.12794244900442,140.95764389825118,138.07997843056359,140.8137664794922,4035140.0
2025-05-14T00:00:00,141.34134671787504,141.43726012179565,138.65552258651,138.99124145507812,2993174.0
2025-05-15T00:00:00,138.79940231197025,139.71066016542673,137.60037496885275,138.8473663330078,3674666.0
2025-05-16T00:00:00,139.80658355779497,142.6842490855712,139.13513119529327,139.9025115966797,3395392.0
2025-05-19T00:00:00,139.8545414715638,140.23822433722455,137.45648696977622,138.1759033203125,2174210.0
2025-05-20T00:00:00,138.03200740559492,138.03200740559492,134.29104834211816,136.305419921875,4491089.0
2025-05-21T00:00:00,135.8737686491553,135.8737686491553,133.71551949537127,135.2023162841797,2584672.0
2025-05-22T00:00:00,134.29106037574616,135.1543541949646,133.04406903065856,133.66757202148438,2658641.0
2025-05-23T00:00:00,133.1399937445662,135.53804833421412,132.08484387049563,133.18795776367188,2571973.0
2025-05-26T00:00:00,134.6267835827782,135.10639447600283,133.13998688646927,134.00328063964844,856276.0
2025-05-27T00:00:00,134.00328292667626,134.4828938280864,132.46853682410176,133.4757080078125,2063266.0
2025-05-28T00:00:00,133.57163158361462,133.85940104216655,131.6052240261663,132.3726043701172,1306435.0
2025-05-30T00:00:00,131.509315182724,132.90018387120818,131.36542313018643,131.70115661621094,3690354.0
2025-06-02T00:00:00,130.45417653195966,132.22874287617458,130.21437106039357,131.60523986816406,2427400.0
2025-06-03T00:00:00,131.6052251994249,132.18076412165965,129.97455110184347,130.8378448486328,1721360.0
2025-06-04T00:00:00,130.8378521588896,132.1807715069489,130.5500973182574,131.41339111328125,2013920.0
2025-06-05T00:00:00,131.41339048753275,132.2287348962779,130.50213267788814,131.7970733642578,1446577.0
2025-06-09T00:00:00,131.79707439242515,133.81144610235486,131.79707439242515,133.18795776367188,2093368.0
2025-06-10T00:00:00,133.61961367987115,134.57883558046382,132.75630518739897,133.2359161376953,1905689.0
2025-06-11T00:00:00,132.61241969695638,132.85222515752955,129.87863159179688,129.87863159179688,2470800.0
2025-06-12T00:00:00,128.77552348743944,129.7347452638822,127.192813410934,127.28872680664062,3587163.0
2025-06-13T00:00:00,125.65806213387928,126.71321202169007,124.55496286290206,125.75399017333984,2877067.0
2025-06-16T00:00:00,125.89786804467255,129.63882741194584,125.2743796956483,128.72756958007812,4572925.0
2025-06-17T00:00:00,128.00815477142606,128.24796023732853,125.41825866699219,125.41825866699219,2396111.0
2025-06-18T00:00:00,126.8091274419137,127.62447188060774,124.93864773518725,125.41825866699219,2716542.0
2025-06-19T00:00:00,125.03457034648042,125.75398671294678,123.30796813964844,123.30796813964844,6216494.0
2025-06-23T00:00:00,123.30796522749957,123.35592924477724,119.23127258046888,120.09456634521484,3888564.0
2025-06-24T00:00:00,121.72525200942421,124.17126329136063,121.34156181276308,123.73961639404297,3961275.0
2025-06-25T00:00:00,124.50699416929693,126.80912066429228,123.8834912093367,124.45903015136719,3809257.0
2025-06-26T00:00:00,128.67960554733966,134.24309521435725,126.13767349503114,129.11126708984375,6597997.0
2025-06-27T00:00:00,128.39184202106253,128.6795968478595,126.76115327421083,127.72037506103516,4129263.0
2025-06-30T00:00:00,127.81630905719969,127.81630905719969,126.23359888972847,127.48057556152344,6768251.0
2025-07-01T00:00:00,127.09688247992273,130.3582305908203,127.09688247992273,130.3582305908203,3230215.0
2025-07-02T00:00:00,131.02969471096165,132.61240471733942,129.8786169209828,131.65318298339844,2011265.0
2025-07-03T00:00:00,132.37261231238085,134.05125051199437,131.89300139820557,132.18077087402344,1678245.0
2025-07-04T00:00:00,131.74912002726634,133.09202469205644,130.98173966028781,132.46853637695312,1813682.0
2025-07-07T00:00:00,132.46855067165345,132.66039212495895,130.78991234124217,131.46136474609375,1501475.0
2025-07-08T00:00:00,131.36543070321625,131.4133947234938,129.0153400752549,129.73475646972656,1781536.0
2025-07-09T00:00:00,129.73475914199315,131.46136145160241,129.30311222373192,130.59805297851562,955067.0
2025-07-10T00:00:00,131.22155399777935,132.99610566525877,130.74194306550424,132.9001922607422,1470550.0
2025-07-11T00:00:00,131.89300734178607,132.5164957036852,129.9745635986328,129.9745635986328,1351285.0
2025-07-14T00:00:00,128.67959824015054,130.07048155534525,128.48775680802254,128.5357208251953,1293067.0
2025-07-15T00:00:00,128.77553461043098,131.17358925866992,128.77553461043098,129.73475646972656,1131278.0
2025-07-16T00:00:00,128.8235002800537,131.46136042688943,128.8235002800537,129.9745635986328,1321082.0
2025-07-17T00:00:00,130.837858448279,130.98175051207565,129.1592201599353,130.59805297851562,1396361.0
2025-07-18T00:00:00,131.65319861940327,134.19513066161866,131.173587695471,133.42776489257812,2118608.0
2025-07-21T00:00:00,133.71552177272267,135.68192951808473,133.427766923235,135.05844116210938,2344087.0
2025-07-22T00:00:00,135.2502899169922,136.64115876542132,134.86660700589616,135.2502899169922,1533407.0
2025-07-23T00:00:00,136.593181261714,139.03919982910156,136.4972678616883,139.03919982910156,2291122.0
2025-07-24T00:00:00,140.33415236424045,140.43006576236883,137.4085229449071,137.79220581054688,2002470.0
2025-07-25T00:00:00,137.1687247608522,138.3677520751953,136.68911383511497,138.3677520751953,1430295.0
2025-07-28T00:00:00,139.23104748188518,139.90251449486055,133.8114498135946,135.05844116210938,1660146.0
2025-07-29T00:00:00,134.96250344874292,135.2023088971723,127.14485168457031,127.14485168457031,1600114.0
2025-07-30T00:00:00,129.8306917778798,131.79708499025827,129.7827277549173,130.310302734375,1714922.0
2025-07-31T00:00:00,130.11843859635204,130.64601354318592,126.61728468506483,126.95301818847656,2884383.0
2025-08-01T00:00:00,123.93145678294746,125.22641210048965,122.9242709400328,123.11612701416016,2548555.0
2025-08-04T00:00:00,123.116124105511,123.64368438720703,122.30077971942293,123.64368438720703,1577954.0
2025-08-05T00:00:00,124.0753525792733,124.98661041259766,123.54777763264427,124.98661041259766,1137551.0
2025-08-06T00:00:00,125.41824452729882,126.4733943129374,125.32231649712716,126.42543029785156,1461217.0
2025-08-07T00:00:00,126.56931486444675,129.97455521624403,126.32950941201827,128.77552795410156,2509127.0
2025-08-08T00:00:00,129.4469854530146,133.09203140252257,129.4469854530146,133.0440673828125,3299672.0
2025-08-11T00:00:00,133.81144908558238,134.00329052971844,131.65319990678267,131.89300537109375,1656053.0
2025-08-12T00:00:00,131.940978576229,134.09922790527344,131.41340359070514,134.09922790527344,2067201.0
2025-08-13T00:00:00,134.2910565723705,137.8881384448447,134.2910565723705,137.50445556640625,2472928.0
2025-08-14T00:00:00,137.1687176465637,137.45648711439358,135.10639662748187,135.6339569091797,2232462.0
2025-08-15T00:00:00,136.545225840218,137.93609448985737,135.3941479983179,137.31259155273438,1799497.0
2025-08-18T00:00:00,136.78504022504785,138.99123874757788,136.4013427071477,138.12794494628906,2669600.0
2025-08-19T00:00:00,138.1279466123267,139.99842629538918,137.84017712957157,138.3677520751953,1908577.0
2025-08-20T00:00:00,137.8401675499775,138.94328138444746,137.55239808722172,138.3197784423828,1774919.0
2025-08-21T00:00:00,137.8401693750117,138.79939117252266,135.9217257799898,136.7850341796875,2226752.0
2025-08-22T00:00:00,136.305418651404,139.7586082232202,136.305418651404,139.2310333251953,1598962.0
2025-08-25T00:00:00,139.23104380734108,139.3749358648514,136.16153685578166,136.35337829589844,1297258.0
2025-08-26T00:00:00,136.11358242997179,137.4085378560156,135.34621661542033,136.40135192871094,2589950.0
2025-08-27T00:00:00,136.40133559885982,136.9768745274351,134.81862550012224,135.77784729003906,1269461.0
2025-08-28T00:00:00,136.11357976958666,137.45649919193332,134.96251643369266,135.53805541992188,1009955.0
2025-08-29T00:00:00,135.25027885614364,135.44212029600274,133.0920297254605,133.18795776367188,1296583.0
2025-09-01T00:00:00,133.18796343364673,133.66757437199394,131.79708000318837,132.7563018798828,1057303.0
2025-09-02T00:00:00,132.75628326532916,133.139980744145,131.26950127417484,132.66036987304688,1922198.0
2025-09-03T00:00:00,132.70833826985398,136.49726134933692,132.70833826985398,136.305419921875,1911928.0
2025-09-04T00:00:00,136.78504123807872,140.52600058678746,136.64114917908913,139.1351318359375,1926124.0
2025-09-05T00:00:00,139.8065875404206,141.005614877817,139.47085403132394,139.61474609375,1619965.0
2025-09-08T00:00:00,139.71065198523883,142.0607571493997,139.13512767617846,141.58114624023438,1036501.0
2025-09-09T00:00:00,141.72501907090788,143.97919612564561,141.6290910375545,141.868896484375,1612384.0
2025-09-10T00:00:00,142.30055405689123,144.41083900315462,142.30055405689123,142.5403594970703,1819430.0
2025-09-11T00:00:00,142.34851933388697,143.21182779688786,141.14949199907807,141.7729949951172,1937647.0
2025-09-12T00:00:00,141.82096606525675,141.8689154517812,139.13514177446885,140.19027709960938,1570051.0
2025-09-15T00:00:00,140.57396371727495,142.06076049804688,140.28619423767978,142.06076049804688,1734131.0
2025-09-16T00:00:00,142.4444363597978,145.7537486206421,141.8688974289714,145.03433227539062,3021939.0
2025-09-17T00:00:00,145.75374729641393,148.82325408095346,145.32210042049732,148.34364318847656,3222793.0
2025-09-18T00:00:00,148.67938294880724,150.16617970560802,146.47316982289937,148.2957000732422,2142577.0
2025-09-19T00:00:00,145.8496816965139,148.00793080687694,145.178229345047,146.137451171875,2746756.0
2025-09-22T00:00:00,146.76094286406627,146.95278430651044,145.13026864844497,146.23336791992188,1671362.0
2025-09-23T00:00:00,146.56910771070326,149.35084533691406,146.2333741945972,149.35084533691406,2388881.0
2025-09-24T00:00:00,149.35084135322353,151.0774436363807,148.67938897548578,149.63861083984375,3022536.0
2025-09-25T00:00:00,164.6024723877573,167.43217386762836,160.38188754086704,164.26673889160156,10743151.0
2025-09-26T00:00:00,164.41061278078382,166.85663132956842,163.83508847531664,165.94537353515625,4864248.0
2025-09-29T00:00:00,166.28110702410123,166.90459534749817,165.03411574074406,165.94537353515625,3379126.0
2025-09-30T00:00:00,165.94537336101885,168.10362243652344,164.41061260825694,168.10362243652344,3820792.0
2025-10-01T00:00:00,166.9045850580389,170.16593316431812,166.85662104306604,168.82302856445312,2192751.0
2025-10-02T00:00:00,169.6383853041733,171.07721803911434,168.8710049182254,170.1179962158203,2904013.0
2025-10-03T00:00:00,170.26187571991335,171.36497497558594,169.4465313055024,171.36497497558594,1672260.0
2025-10-06T00:00:00,171.31701706501536,173.37933805306847,170.30983126104596,172.32418823242188,2461455.0
2025-10-07T00:00:00,172.08439458366564,172.22828664356246,168.24750717144065,168.29547119140625,1964891.0
2025-10-08T00:00:00,168.10363470989725,168.5832456505817,165.4657745361328,165.4657745361328,2718512.0
2025-10-09T00:00:00,165.4657623567738,166.04130129785744,161.00538679134695,162.01255798339844,2862160.0
2025-10-10T00:00:00,162.68401820708152,164.6024617489737,161.29313492995954,161.43702697753906,1639476.0
2025-10-13T00:00:00,161.82072778332022,163.40345266290282,161.67685035634193,162.6840362548828,1284920.0
2025-10-14T00:00:00,161.62887720476118,164.9381895673976,161.43703576743914,164.0269317626953,1340753.0
2025-10-15T00:00:00,165.0820870319134,167.04848012459973,164.55451208456861,166.13722229003906,1965530.0
2025-10-16T00:00:00,166.47295386578907,168.43936157226562,165.46576800280707,168.43936157226562,1720623.0
2025-10-17T00:00:00,167.4801328921536,170.30983428763997,166.7607165388996,169.2546844482422,1899918.0
2025-10-20T00:00:00,169.30265057681297,171.26905822753906,168.82303966866337,171.26905822753906,1921854.0
2025-10-21T00:00:00,171.60477707999235,171.60477707999235,169.68633344740857,170.88536071777344,801356.0
2025-10-22T00:00:00,170.88536071908135,171.84458253538057,170.16594435685693,171.26905822753906,1213770.0
2025-10-23T00:00:00,171.70070493239527,173.04360961914062,171.36497144242725,173.04360961914062,1166850.0
2025-10-24T00:00:00,172.65991608598264,174.0987487200325,172.03642779918601,172.75584411621094,971628.0
2025-10-27T00:00:00,172.85176818511633,173.66711258272483,172.65992674937414,173.42730712890625,841628.0
2025-10-28T00:00:00,173.61915421650784,174.48244802373233,172.42012690838277,173.3793487548828,843419.0
2025-10-29T00:00:00,174.0987573331216,174.9141017207119,171.17312790516974,171.796630859375,1305852.0
2025-10-30T00:00:00,171.6527527600426,172.61197464150308,170.6455668571962,172.5640106201172,1147286.0
2025-10-31T00:00:00,172.27624054072112,172.94769287109375,171.36496812461215,172.94769287109375,652693.0
2025-11-03T00:00:00,170.83742359018157,171.74868145370968,168.63121032714844,168.63121032714844,3015940.0
2025-11-04T00:00:00,167.3842138905467,167.81586079848174,163.45139842588534,164.3626708984375,2243237.0
2025-11-05T00:00:00,164.02692491949384,167.57604258985452,164.02692491949384,165.2259521484375,2156944.0
2025-11-06T00:00:00,165.4705992253239,167.57444763183594,164.88347110052177,167.57444763183594,2396949.0
2025-11-07T00:00:00,167.8680153462299,169.9229339651654,167.13411263990534,169.0911865234375,1828489.0
2025-11-10T00:00:00,169.7761595692323,173.8370819091797,169.7761595692323,173.8370819091797,1771060.0
2025-11-11T00:00:00,173.83707518689417,175.7452340965228,172.1246356032805,175.5495147705078,1759460.0
2025-11-12T00:00:00,175.54950797289175,178.09370979968807,174.66883076507867,177.70230102539062,2698249.0
2025-11-13T00:00:00,178.28941692252158,181.22502756865956,178.14264236272982,179.9529266357422,2314364.0
2025-11-14T00:00:00,179.4636549055423,181.51858829269162,177.06624257472654,177.995849609375,2188149.0
2025-11-17T00:00:00,177.408741326942,177.408741326942,172.36926737945146,173.0053253173828,2042701.0
2025-11-18T00:00:00,171.24396458057018,171.6843032175196,169.0422564645343,169.38475036621094,1987410.0
2025-11-19T00:00:00,169.38474359339662,171.7332261840825,168.79761548008108,170.9503936767578,1059708.0
2025-11-20T00:00:00,171.63536959935539,171.9778634934794,167.03624906686855,167.72122192382812,1833192.0
2025-11-21T00:00:00,166.93839836167166,169.6293747923292,165.7152272568273,168.6997528076172,2289818.0
2025-11-24T00:00:00,169.09118071500407,169.77615356445312,168.16157363851687,169.77615356445312,6156715.0
2025-11-25T00:00:00,168.50405378812647,169.43366087118162,166.15557116448318,168.60191345214844,2555241.0
2025-11-26T00:00:00,168.94438546325728,172.17356013638448,168.94438546325728,170.46112060546875,2001459.0
2025-11-27T00:00:00,170.0207875196194,170.90146476303306,169.14011027620572,169.9229278564453,1142795.0
2025-11-28T00:00:00,169.97184980393183,170.6568226205133,166.84053483435395,167.6233673095703,5860280.0
2025-12-01T00:00:00,167.28087920315193,172.27142333984375,165.76414402974262,172.27142333984375,2232123.0
2025-12-02T00:00:00,172.271431312494,176.4791431417101,171.53752860732686,174.42420959472656,2445726.0
2025-12-03T00:00:00,175.94094360622628,178.2894262737994,175.35381547368868,175.59844970703125,2147882.0
2025-12-04T00:00:00,175.79415584582406,176.5769883865192,173.4456731550275,173.98387145996094,1855521.0
2025-12-05T00:00:00,173.7881529524932,174.42419594133506,171.8799941233924,172.8096160888672,1686207.0
2025-12-08T00:00:00,172.6139041310664,172.95639802045386,169.97185747288145,170.21649169921875,1682117.0
2025-12-09T00:00:00,170.16756306345778,170.26542272719564,167.8680102785014,169.04225158691406,1585849.0
2025-12-10T00:00:00,168.55298672735017,170.41220092773438,167.91694369334732,170.41220092773438,1418314.0
2025-12-11T00:00:00,172.22249595704,176.72377171025067,171.63536783921657,174.81561279296875,2715952.0
2025-12-12T00:00:00,174.81561623778907,177.94694635283378,173.73923457561995,176.62591552734375,2108941.0
2025-12-15T00:00:00,176.82162014925075,179.46366687226737,176.3323516845703,176.3323516845703,2436178.0
2025-12-16T00:00:00,176.52805081653884,179.41474661704447,175.98986746648077,176.72377014160156,2147659.0
2025-12-17T00:00:00,176.91946868687393,178.28941432929727,176.87053885722574,177.26194763183594,1470733.0
2025-12-18T00:00:00,179.0722560349222,183.76923622865326,178.68084724014813,183.72030639648438,3439041.0
2025-12-19T00:00:00,183.27996099347126,184.30742770587713,178.4362064136012,179.9529266357422,4538822.0
2025-12-22T00:00:00,180.0997263419242,180.58899481069807,179.2679639724931,180.05079650878906,1170468.0
2025-12-23T00:00:00,180.34435551881043,181.56752665644305,180.001861627758,180.14865112304688,1181105.0
2025-12-29T00:00:00,181.22502552714536,183.03532471105243,181.22502552714536,182.15463256835938,1296692.0
2025-12-30T00:00:00,181.02932642498953,182.64390633680526,180.637917637667,181.91000366210938,1326275.0
