timestamp,open,high,low,close,volume
2018-01-02T00:00:00,78.16057071279032,78.24380753580101,77.34900057495169,77.78599548339844,3342496.0
2018-01-03T00:00:00,78.11896421296747,78.95134530495554,77.95249053479536,78.84729766845703,3741312.0
2018-01-04T00:00:00,79.01376045085735,81.094712726618,79.01376045085735,80.7825698852539,5859592.0
2018-01-05T00:00:00,81.0322994618396,81.49011161072025,80.78258894018423,81.15715789794922,1938604.0
2018-01-08T00:00:00,81.65658652975672,82.0935878874835,81.46930204803495,81.90630340576172,5573500.0
2018-01-09T00:00:00,82.03115844726562,82.55139662526562,81.92711081166563,82.03115844726562,3997244.0
2018-01-10T00:00:00,82.09358448840015,82.15601052953467,81.61496790486562,82.03115844726562,3606220.0
2018-01-11T00:00:00,82.01032788016424,82.30165991950138,81.8646586852146,82.07275390625,3255224.0
2018-01-12T00:00:00,82.4057123493744,82.4057123493744,81.15714095014145,81.63575744628906,3459424.0
2018-01-15T00:00:00,81.61495944598818,82.03114994525265,81.53171626568485,81.78143310546875,2885052.0
2018-01-16T00:00:00,81.92708868454176,82.32246832292365,81.17794464044019,81.30280303955078,3906408.0
2018-01-17T00:00:00,81.15715303300435,82.01034488628453,80.74096250462998,81.59415435791016,3314652.0
2018-01-18T00:00:00,81.94790055527855,81.9895221422763,81.15714120682172,81.46928405761719,3028536.0
2018-01-19T00:00:00,81.49009561065066,81.90628608225708,81.40685878644189,81.80223846435547,2505440.0
2018-01-22T00:00:00,81.80224595625388,82.03115200671442,81.38605544653045,81.88548278808594,3228236.0
2018-01-23T00:00:00,82.40572400695501,83.36296348522929,82.3016763756331,82.9051513671875,4247604.0
2018-01-24T00:00:00,83.23810344262382,83.88320001441681,83.13405581332054,83.30052947998047,4617120.0
2018-01-25T00:00:00,83.23809423535982,83.23809423535982,80.67852537784756,80.82418823242188,6192212.0
2018-01-26T00:00:00,81.15715087629499,81.19877246825175,80.38719587903815,80.59529113769531,4380612.0
2018-01-29T00:00:00,81.19877272165046,81.84386294505018,81.05310349991052,81.40686798095703,4968436.0
2018-01-30T00:00:00,81.05309791466371,81.09471950388227,80.2623385240141,80.5328598022461,5594220.0
2018-01-31T00:00:00,80.61609054714309,81.05309179871205,79.99180485934814,80.1374740600586,4990580.0
2018-02-01T00:00:00,80.55365924112667,81.71899371877635,80.49122686609996,80.90741729736328,5855900.0
2018-02-02T00:00:00,80.9490451128566,80.96985590613436,79.1802356438096,79.3259048461914,5006340.0
2018-02-05T00:00:00,78.97215220761397,79.01377380038618,75.85072326660156,75.85072326660156,10276128.0
2018-02-06T00:00:00,72.8333309295905,75.49694734907625,72.41714046713571,74.41485595703125,14592580.0
2018-02-07T00:00:00,75.9131508652821,77.34901328810686,74.9351069206699,77.18253326416016,7902972.0
2018-02-08T00:00:00,76.78714805475161,77.03686489759393,74.49810028076172,74.49810028076172,5503464.0
2018-02-09T00:00:00,74.01948313024566,74.53972125640549,72.91657449244897,73.1038589477539,8159392.0
2018-02-12T00:00:00,74.16515244795825,75.1640135474287,73.85300954510443,74.22758483886719,6078560.0
2018-02-13T00:00:00,74.29001122991865,74.70620176902183,73.83219909667969,73.83219909667969,4361124.0
2018-02-14T00:00:00,74.51891645144613,75.70505566410044,73.35358168506012,75.4553451538086,6619472.0
2018-02-15T00:00:00,76.12124740886271,76.16286900318828,75.01834501543546,75.30967712402344,7267564.0
2018-02-16T00:00:00,76.22529425785353,76.47501112010382,75.45534557528181,75.95477294921875,5034512.0
2018-02-19T00:00:00,76.32934132175643,76.32934132175643,75.33048658134524,75.53858184814453,3217252.0
2018-02-20T00:00:00,75.70504240813798,76.8079509414725,75.33047353300547,76.62066650390625,4229940.0
2018-02-21T00:00:00,76.51661682128906,76.82875965898718,75.58018830819472,76.51661682128906,4422252.0
2018-02-22T00:00:00,75.95477365339107,76.32934259967548,75.37210943682341,76.28772735595703,5119048.0
2018-02-23T00:00:00,76.28771171736345,76.76632820067553,75.97556887592624,76.53742218017578,4058596.0
2018-02-26T00:00:00,77.03687080876118,77.97329951542895,77.03687080876118,77.68196105957031,4612804.0
2018-02-27T00:00:00,77.82762145996094,78.3062379821901,77.45305256000447,77.82762145996094,3736140.0
2018-02-28T00:00:00,77.59871411356971,78.66000111298443,77.41142966674659,78.05652618408203,4252452.0
2018-03-01T00:00:00,77.70275921561824,77.74438080270227,76.39176177978516,76.39176177978516,4982604.0
2018-03-02T00:00:00,75.53857686750584,75.76748291600484,74.95591269911121,75.08076477050781,5976596.0
2018-03-05T00:00:00,74.93510670356015,75.74667697243785,74.81024827360277,75.62181854248047,4369180.0
2018-03-06T00:00:00,76.14204277024524,77.01604526939204,76.01718436314393,76.3709487915039,5010876.0
2018-03-07T00:00:00,76.24611037682656,76.97444386690377,75.66344612499041,76.91201782226562,4368156.0
2018-03-08T00:00:00,76.99524427624857,78.26462660064531,76.7871490214479,78.20219421386719,4754668.0
2018-03-09T00:00:00,78.13976301038534,78.26462142512167,77.47385569883336,78.05652618408203,4400824.0
2018-03-12T00:00:00,78.66000851959218,78.74324535373303,77.91086431119767,78.22300720214844,3910716.0
2018-03-13T00:00:00,78.22300115448454,79.20105134407282,77.66114780454981,77.82762145996094,5025668.0
2018-03-14T00:00:00,78.13977488961443,79.07620361665374,77.8692535753619,78.181396484375,4988768.0
2018-03-15T00:00:00,78.43108490399163,79.42994574175174,78.09813129140494,79.3467025756836,9189184.0
2018-03-16T00:00:00,79.28429646202922,79.67967619789513,78.93053196908609,79.22187042236328,9690556.0
2018-03-19T00:00:00,79.0761900604271,79.0761900604271,77.22414372122962,77.39061737060547,5993388.0
2018-03-20T00:00:00,77.97330171441199,78.34787066741715,77.390631136826,77.70277404785156,4088672.0
2018-03-21T00:00:00,77.9524801445406,77.9524801445406,77.01605154087021,77.66114807128906,3371564.0
2018-03-22T00:00:00,77.20333769124113,77.72357581584518,75.78829253254332,76.20448303222656,5107948.0
2018-03-23T00:00:00,75.33049200576512,76.2252991772102,74.97672748650692,75.51777648925781,5923840.0
2018-03-26T00:00:00,75.55938766292631,76.22528866243972,74.81024348173098,75.08076477050781,4853656.0
2018-03-27T00:00:00,76.41256985613369,76.62066508302885,75.74666258984418,75.87152099609375,5896564.0
2018-03-28T00:00:00,75.33048044266654,76.20448303222656,74.51891023839683,76.20448303222656,5078352.0
2018-03-29T00:00:00,76.32933220800403,77.36980841776725,76.26690617564337,76.82876586914062,2122656.0
2018-04-03T00:00:00,76.41257581589252,76.57904947016776,75.55938404896558,76.35014343261719,5173516.0
2018-04-04T00:00:00,76.55824617432341,76.57905697078687,74.66457800629182,75.68424987792969,4541968.0
2018-04-05T00:00:00,76.66228504748283,77.61952442036664,76.412574570141,77.55709838867188,3625516.0
2018-04-06T00:00:00,77.20332452474413,77.70275176907752,76.49580206605833,77.05765533447266,3742160.0
2018-04-09T00:00:00,77.76519968180318,78.16057939796026,76.51662814621456,76.97443389892578,6945248.0
2018-04-10T00:00:00,77.59869675845219,78.03569793701172,77.22412794857907,78.03569793701172,3365548.0
2018-04-11T00:00:00,78.01492305102676,78.01492305102676,76.32934992975031,76.45420837402344,4478496.0
2018-04-12T00:00:00,76.66228765203127,77.26576259764673,76.30852954280431,77.09928894042969,3619672.0
2018-04-13T00:00:00,77.43222565822585,78.32703248341076,77.18250887649158,77.57788848876953,4493096.0
2018-04-16T00:00:00,77.61953445198795,77.89005575837804,77.16172232518244,77.2657699584961,2845860.0
2018-04-17T00:00:00,77.49467216489919,78.11895793370971,77.349009295848,77.86924743652344,4239728.0
2018-04-18T00:00:00,77.84843252191055,78.34785984042217,77.22414678613029,77.66114807128906,2075268.0
2018-04-19T00:00:00,77.49467161765754,78.5351478916609,77.45305637703532,78.20219421386719,5579176.0
2018-04-20T00:00:00,78.84729135396823,79.92938922711836,78.26462717646477,79.596435546875,6279020.0
2018-04-23T00:00:00,79.7004825770145,80.28314675014597,79.09700760829334,80.15829467773438,5760688.0
2018-04-24T00:00:00,80.40800977313297,81.28201243339367,79.7421087301109,79.88777160644531,5685716.0
2018-04-25T00:00:00,79.74210864919525,79.86696072862276,77.84844045426097,78.24382019042969,5479280.0
2018-04-26T00:00:00,78.45190466092944,79.34671164336218,78.22299862920677,79.0345687866211,4315480.0
2018-04-27T00:00:00,79.26349352534697,79.82535334031074,78.97216139374376,79.8045425415039,3721600.0
2018-04-30T00:00:00,80.09587482414068,80.51206539880553,79.61725820350175,79.72130584716797,3303788.0
2018-05-02T00:00:00,80.26233970409535,80.5744825761353,79.82533841312684,80.38719177246094,8246124.0
2018-05-03T00:00:00,80.32477415505261,80.34558495214851,78.68082279349457,78.99296569824219,5065292.0
2018-05-04T00:00:00,79.38833330449575,80.01261901855469,79.09700124138077,80.01261901855469,4740876.0
2018-05-07T00:00:00,80.0126290799748,81.78143882556593,79.6796753871626,81.59415435791016,5261836.0
2018-05-08T00:00:00,81.67738429908249,81.9271011352539,80.90742934635641,81.9271011352539,7601580.0
2018-05-09T00:00:00,81.90586617410816,82.60682144970151,81.6509698108285,81.99082946777344,5259780.0
2018-05-11T00:00:00,82.01205958815112,82.45812491572025,80.80131176793249,80.97124481201172,5543448.0
2018-05-14T00:00:00,81.07744161036709,81.31108898655135,79.42062864492723,79.78173065185547,5642064.0
2018-05-15T00:00:00,79.78174453197515,80.61014791767644,79.61181147703435,80.52518463134766,4545820.0
2018-05-16T00:00:00,80.46145497906718,80.50393986214513,79.39939772494918,80.01539611816406,4755104.0
2018-05-17T00:00:00,80.12161384275794,81.20490721836818,80.0578865085971,81.09870147705078,3892944.0
2018-05-18T00:00:00,81.20490500570783,81.50228625912074,80.84380938443817,81.11994171142578,3967392.0
2018-05-21T00:00:00,81.4597985111941,82.03331207146145,81.28987192859526,81.48104095458984,3732956.0
2018-05-22T00:00:00,81.75717922483673,81.90586985714997,80.99249658289627,81.22615051269531,3365724.0
2018-05-23T00:00:00,81.01373733903476,81.09870063474943,79.14451890417612,79.31444549560547,4330864.0
2018-05-24T00:00:00,79.46313778909074,80.22782043110618,78.78341844456943,79.03831481933594,4193788.0
2018-05-25T00:00:00,79.48436576550966,80.0578727809128,78.99581554985193,79.1657485961914,3359104.0
2018-05-28T00:00:00,80.03664494446204,80.14285068694794,78.97458751960302,79.56934356689453,4965272.0
2018-05-29T00:00:00,79.16575513338424,79.16575513338424,77.9125223114191,78.57099914550781,4570520.0
2018-05-30T00:00:00,78.63472580382248,78.63472580382248,77.46646276314176,77.78507995605469,4612464.0
2018-05-31T00:00:00,78.12493224212523,78.31610774157758,76.95666921441257,77.65763092041016,12148728.0
2018-06-01T00:00:00,78.2099165333435,79.44190063476563,77.70012374985963,79.12328338623047,5678640.0
2018-06-04T00:00:00,79.46312688732955,79.9516706426093,78.80465007809103,78.99581909179688,4089908.0
2018-06-05T00:00:00,79.16574832854445,79.63304961926163,78.10369110107422,78.10369110107422,5438300.0
2018-06-06T00:00:00,78.10369110107422,78.10369110107422,78.10369110107422,78.10369110107422,0.0
2018-06-07T00:00:00,78.69846038818359,79.08079849351198,77.70012374985963,78.06122589111328,4628900.0
2018-06-08T00:00:00,77.57266308632097,78.29486071012064,77.12659775088258,77.76383209228516,4669044.0
2018-06-11T00:00:00,78.0824469205431,78.48602736153423,77.70010243780199,78.44354248046875,4712396.0
2018-06-12T00:00:00,78.63473883854748,78.65597480243511,77.65764465519185,77.87005615234375,4092860.0
2018-06-13T00:00:00,77.82755146233329,78.29485923010814,77.57266161996021,77.97624206542969,4401396.0
2018-06-14T00:00:00,77.74258787094128,79.59057001160627,77.59389726843892,79.37815856933594,7790784.0
2018-06-15T00:00:00,79.44187468893335,79.6542861185829,78.76215552114182,78.95333099365234,5627460.0
2018-06-18T00:00:00,78.80463665860131,78.95332724520962,77.65761628940693,77.91250610351562,3812376.0
2018-06-19T00:00:00,77.48771156341182,77.70012306055087,76.9566828205642,77.33902740478516,5344772.0
2018-06-20T00:00:00,77.53018573252888,78.25238342645736,77.16908364442286,77.2328109741211,4289068.0
2018-06-21T00:00:00,77.21157061205747,77.42398208554319,75.93710177114319,76.1495132446289,4524964.0
2018-06-22T00:00:00,76.1495132446289,76.1495132446289,76.1495132446289,76.1495132446289,0.0
2018-06-25T00:00:00,76.46812650672005,76.72302285465582,75.8521345618726,75.91585540771484,5029984.0
2018-06-26T00:00:00,76.0220818957504,76.2132509677566,75.21492071070865,75.40608978271484,4563332.0
2018-06-27T00:00:00,75.27861650536195,76.48936436201772,74.49269803054798,76.02205657958984,4898756.0
2018-06-28T00:00:00,75.76717512129827,76.36192465364263,75.10869825759175,75.61848449707031,4028008.0
2018-06-29T00:00:00,76.25571531356039,77.50894165039062,76.25571531356039,77.50894165039062,6007300.0
2018-07-02T00:00:00,76.93542895182333,76.9566649107675,75.95833499592172,76.4256362915039,3531316.0
2018-07-03T00:00:00,76.63806319194917,77.2752976635528,76.10703446561281,76.36193084716797,3947216.0
2018-07-04T00:00:00,76.31943739153667,76.44688556801194,75.4910339678727,75.70344543457031,3252676.0
2018-07-05T00:00:00,75.70344629229558,76.44688643416043,75.55476215329277,75.83089447021484,2938568.0
2018-07-06T00:00:00,76.08578404302213,76.21322572729639,75.2361382423509,75.95833587646484,3185524.0
2018-07-09T00:00:00,76.1495163470383,76.85047164518531,76.10703145769679,76.78675079345703,2374156.0
2018-07-10T00:00:00,76.97790174268079,77.27527645134236,76.76549031045359,77.14783477783203,2594248.0
2018-07-11T00:00:00,76.80799640543121,76.87171725978712,75.61849075994157,75.76718139648438,3117188.0
2018-07-12T00:00:00,76.0220591744999,76.53184537491471,75.55475785840433,76.40440368652344,1952812.0
2018-07-13T00:00:00,76.5318530687205,77.25405728105206,76.5318530687205,76.93544006347656,2325608.0
2018-07-16T00:00:00,77.10534654882552,77.53016939482455,76.99914083732577,77.1690673828125,2489576.0
2018-07-17T00:00:00,77.74259148127129,79.25071408788372,77.59390087186382,79.1445083618164,5564868.0
2018-07-18T00:00:00,79.6542978329937,80.31277465820312,79.31443819911627,80.31277465820312,4743712.0
2018-07-19T00:00:00,80.41899106402099,80.58891766237527,79.80299904213146,79.8879623413086,4260144.0
2018-07-20T00:00:00,79.88794314100105,80.84379461215353,79.59056842421015,80.24903869628906,4747076.0
2018-07-23T00:00:00,80.07912201194932,80.18532774406066,79.56933579427158,79.633056640625,2557708.0
2018-07-24T00:00:00,79.90919793725789,80.90752796101481,79.84547060662426,80.61015319824219,3294948.0
2018-07-25T00:00:00,80.75883133339651,81.18365420946428,80.18531785779196,80.24903869628906,3011540.0
2018-07-26T00:00:00,80.95000310546766,81.48103171875164,80.84379738281086,81.16241455078125,2731900.0
2018-07-27T00:00:00,81.37481923163736,81.71467881234412,81.1199229255367,81.28985595703125,3244244.0
2018-07-30T00:00:00,81.28986814430174,81.50227960380367,80.97125095504884,81.18366241455078,1799840.0
2018-07-31T00:00:00,81.14117050594628,81.73591994815528,80.88627418369512,81.43854522705078,2300188.0
2018-08-01T00:00:00,81.60848061052667,82.52184724061125,81.3323418397855,81.94833374023438,2962064.0
2018-08-02T00:00:00,81.7784069134498,81.7784069134498,80.82255540407182,80.88627624511719,2992268.0
2018-08-03T00:00:00,81.28985525633331,81.77839894281905,81.20488550017728,81.69343566894531,2097668.0
2018-08-06T00:00:00,81.82090523416403,82.07579512249225,81.28987653062528,81.90586853027344,2764380.0
2018-08-07T00:00:00,82.03330704247699,83.64762892505199,81.96957971619648,83.58390808105469,5156376.0
2018-08-08T00:00:00,83.58390119191108,84.19989306815224,83.26528403361917,83.77507019042969,3515912.0
2018-08-09T00:00:00,83.77508719186982,84.62473311974331,83.3715066725867,84.5610122680664,3701884.0
2018-08-10T00:00:00,84.051219683252,84.24238870618197,83.43522124606815,83.88128662109375,3386760.0
2018-08-13T00:00:00,83.4776978081253,84.11493214253846,83.11659575904469,83.69010925292969,3292640.0
2018-08-14T00:00:00,84.07245564402372,84.47604261522238,83.6051543082264,83.88128662109375,3390168.0
2018-08-15T00:00:00,84.11491860100384,84.70966795779518,83.73258065482109,83.94499206542969,4708956.0
2018-08-16T00:00:00,84.32735159096313,84.81589536746841,84.07245524009217,84.6884536743164,4203380.0
2018-08-17T00:00:00,84.75217383799459,85.62306213378906,84.49727748917748,85.62306213378906,4312660.0
2018-08-20T00:00:00,85.6230733608399,86.36651357970703,85.43190431530235,85.98416900634766,3666596.0
2018-08-21T00:00:00,85.98415767858255,86.6213920679464,85.8142311009989,86.21781158447266,3017664.0
2018-08-22T00:00:00,86.21780861913035,86.77007970070777,86.17533021733713,86.64263153076172,3276052.0
2018-08-23T00:00:00,86.62138995293851,87.04621286880831,86.5364266662212,86.77008056640625,3552648.0
2018-08-24T00:00:00,86.72759347565197,87.34359187381948,86.60015178995963,86.79132080078125,2646436.0
2018-08-27T00:00:00,87.08870028879778,88.00206699159618,87.08870028879778,87.74717712402344,3742380.0
2018-08-28T00:00:00,88.06578271054461,88.32067254451539,87.81088639429123,88.10826110839844,3437456.0
2018-08-29T00:00:00,87.93835754762657,88.44814383115595,87.64098275575812,88.04456329345703,3113224.0
2018-08-30T00:00:00,87.91711289448915,88.34193586714412,87.68345896307208,88.06580352783203,3841084.0
2018-08-31T00:00:00,87.9596062583621,88.04456956462131,87.49229835050932,87.6622314453125,4678760.0
2018-09-03T00:00:00,87.64096890431063,88.12951266500387,87.619726462045,87.89585876464844,3030808.0
2018-09-04T00:00:00,88.04455187733336,88.10827272365569,86.74884064975066,87.74717712402344,4136776.0
2018-09-05T00:00:00,87.53475777949755,87.68344190162536,86.6638695585555,86.68511199951172,3364476.0
2018-09-06T00:00:00,86.34526538891072,87.32235947943634,86.23905965042496,86.70636749267578,3290360.0
2018-09-07T00:00:00,86.79134064341838,86.96126725137965,85.79300399536329,86.15410614013672,4022280.0
2018-09-10T00:00:00,85.9416793642486,87.32235387596548,85.79298874699649,86.74884033203125,3295568.0
2018-09-11T00:00:00,86.7063587481109,86.72759470783927,85.15575123323157,86.11160278320312,5005072.0
2018-09-12T00:00:00,86.23905474424573,86.89753158185307,86.19656985835488,86.40898132324219,3175916.0
2018-09-13T00:00:00,86.38774167315282,87.15241772826273,86.38774167315282,86.64263153076172,2893360.0
2018-09-14T00:00:00,86.94001413519882,87.34360112357511,86.79132999205095,87.10994720458984,2569540.0
2018-09-17T00:00:00,86.79132300865639,87.1736610400259,86.60015399297163,86.77008056640625,2933032.0
2018-09-18T00:00:00,86.6638686816663,86.68511112240759,85.3681575838417,85.9629135131836,3818060.0
2018-09-19T00:00:00,86.21780015323714,86.770071180586,86.11159443575784,86.51517486572266,4289056.0
2018-09-20T00:00:00,86.53641601479622,87.38606174195628,86.43021029890122,87.25861358642578,3893236.0
2018-09-21T00:00:00,87.5135173104587,89.19156646728516,87.42855402700224,89.19156646728516,11532456.0
2018-09-24T00:00:00,88.57557820666025,88.7030263782344,87.10994043926569,87.23738861083984,4679040.0
2018-09-25T00:00:00,87.30112473372823,88.02332252265985,87.19491898587698,87.7684326171875,4022852.0
2018-09-26T00:00:00,87.74719017116037,87.83215347298449,87.04622834597147,87.7684326171875,3543436.0
2018-09-27T00:00:00,87.42855304696337,88.53308868408203,87.30110488206581,88.53308868408203,4508396.0
2018-09-28T00:00:00,88.53309332204111,88.55433576435068,86.91877142304611,87.23738861083984,5217756.0
2018-10-01T00:00:00,87.5984809725703,87.72592913944742,86.62138700288982,87.19490051269531,5330688.0
2018-10-02T00:00:00,87.19490642182915,87.19490642182915,86.578914469508,86.94001007080078,3483992.0
2018-10-03T00:00:00,87.76841352124785,88.89419161061967,87.51351718894935,88.66053771972656,7016512.0
2018-10-04T00:00:00,88.53309550751868,88.639301239405,87.76841942376397,87.81089782714844,3969064.0
2018-10-05T00:00:00,87.89584962683797,88.06578266501324,86.91876220703125,86.91876220703125,5324076.0
2018-10-08T00:00:00,86.89753300848156,86.89753300848156,85.45313113416452,85.66554260253906,4284040.0
2018-10-09T00:00:00,85.7717514038086,86.1116110618175,84.92210549992824,85.7717514038086,5205976.0
2018-10-10T00:00:00,85.92043498931265,86.02664071859488,83.4564607735086,83.71135711669922,7471364.0
2018-10-11T00:00:00,82.54309765721187,82.71302423848425,81.26862885081833,81.8208999633789,8198744.0
2018-10-12T00:00:00,81.90586620242944,82.43689489087583,80.82256638154202,80.86505126953125,7005588.0
2018-10-15T00:00:00,81.07746938071934,81.14119023563464,79.52686159417561,80.27030181884766,6090796.0
2018-10-16T00:00:00,80.2915208307423,81.48102613950608,79.59056570211705,81.20488739013672,6466332.0
2018-10-17T00:00:00,82.39440058138103,82.52184874849169,80.84379958133675,81.14117431640625,6353008.0
2018-10-18T00:00:00,81.14116875402597,82.9041810843025,80.82255159923267,82.45812225341797,7544884.0
2018-10-19T00:00:00,82.67054576805035,83.32901613166575,81.20490145604559,82.4156494140625,7590068.0
2018-10-22T00:00:00,82.81922372502397,83.64762709023387,81.86337219233184,82.20323181152344,5093692.0
2018-10-23T00:00:00,81.77841103706263,81.77841103706263,80.61014802224744,81.05621337890625,6671216.0
2018-10-24T00:00:00,81.07745321357392,81.9695774159169,80.50393970455963,80.67386627197266,5108336.0
2018-10-25T00:00:00,80.079135958238,81.65097977077568,79.7392762598363,81.37484741210938,6360496.0
2018-10-26T00:00:00,80.92876025450076,81.14117169873829,79.10202053760139,80.16407775878906,6885652.0
2018-10-29T00:00:00,80.41898494392827,82.37316660542105,80.41898494392827,81.33235168457031,4770804.0
2018-10-30T00:00:00,81.62972424842519,82.4793701171875,81.20490131404404,82.4793701171875,4034956.0
2018-10-31T00:00:00,83.4564586868991,84.28486205813168,83.26528967542744,84.26362609863281,8101216.0
2018-11-01T00:00:00,84.28487556809786,84.28487556809786,82.73427430371468,82.94668579101562,4316868.0
2018-11-02T00:00:00,84.02997292723661,84.51851668101393,83.41398100395296,84.45479583740234,2238164.0
2018-11-05T00:00:00,84.41230971120227,84.41230971120227,83.2440467254395,83.32901000976562,4897012.0
2018-11-06T00:00:00,83.56265505852782,83.73258809147629,82.9254207701065,83.41397094726562,2881000.0
2018-11-07T00:00:00,83.79631718525503,83.9662437526668,83.45645756814847,83.66886901855469,3308856.0
2018-11-08T00:00:00,84.13617680236159,84.81588955429169,83.37149428444258,83.66886901855469,5783992.0
2018-11-09T00:00:00,83.69034221154133,84.59162543948773,83.49721196234883,84.33411407470703,4571452.0
2018-11-12T00:00:00,84.65598902355201,85.04224947182601,83.28261053672925,83.51866149902344,3746672.0
2018-11-13T00:00:00,83.69033362960326,83.81908929879049,82.8748919727264,83.58303833007812,4419896.0
2018-11-14T00:00:00,83.23970637216541,83.43283663475596,82.23113431250965,82.83198547363281,4902828.0
2018-11-15T00:00:00,82.83197206732765,83.54011843180876,81.2010821883693,81.78047943115234,5024744.0
2018-11-16T00:00:00,82.14527941846636,82.6173813600379,81.67318402568026,82.51008605957031,5521456.0
2018-11-19T00:00:00,82.76759232578033,82.89634143941956,81.86630923759554,82.01652526855469,5502444.0
2018-11-20T00:00:00,81.60879351994686,81.80193027757969,79.20538299546547,79.74185943603516,7500288.0
2018-11-21T00:00:00,79.74187588283577,80.68607330322266,79.41998995210483,80.68607330322266,5245112.0
2018-11-22T00:00:00,80.47148173287411,80.6431516077232,79.84917025056374,79.93500518798828,2815752.0
2018-11-23T00:00:00,80.04229783428639,80.45001868507921,79.52728167808566,80.4071044921875,3491972.0
2018-11-26T00:00:00,80.70753285379926,81.8019463169056,80.70753285379926,81.75902557373047,4140404.0
2018-11-27T00:00:00,81.82339161585388,82.20965861783331,81.2654613054146,81.90923309326172,4218388.0
2018-11-28T00:00:00,82.18820710219357,82.9392742689238,81.97361648312778,82.85343933105469,3402476.0
2018-11-29T00:00:00,83.26115897789376,84.4628677368164,83.13240329858313,84.4628677368164,6384488.0
2018-11-30T00:00:00,84.44141519772283,85.55728912353516,83.73326871901001,85.55728912353516,8626268.0
2018-12-03T00:00:00,86.48000653248974,86.88772733789833,85.5143488913081,85.64310455322266,4954508.0
2018-12-04T00:00:00,85.29976718301937,85.57873235555019,84.72036991848836,84.9564208984375,4445260.0
2018-12-05T00:00:00,84.03369658443273,84.39849674598541,83.41138503337147,83.79764556884766,3834100.0
2018-12-06T00:00:00,83.21824140389714,83.21824140389714,80.90066528320312,80.90066528320312,6797296.0
2018-12-07T00:00:00,81.43714659107597,82.57447434556059,81.15818138300587,81.20109558105469,5468316.0
2018-12-10T00:00:00,80.9006378018314,81.00793307743065,79.99935486728417,80.06373596191406,7100468.0
2018-12-11T00:00:00,80.81482150239579,81.84485376584675,80.55731016214034,81.60880279541016,6590760.0
2018-12-12T00:00:00,81.90923650066601,83.64741516113281,81.75902045773863,83.64741516113281,6324992.0
2018-12-13T00:00:00,84.11953469300882,84.24829039260243,83.21825134464038,83.69035339355469,4452800.0
2018-12-14T00:00:00,83.26115529122191,83.99076204329508,82.5744627311615,83.2826156616211,4169496.0
2018-12-17T00:00:00,83.30406247665141,83.49719268124645,81.90922376188739,82.23110961914062,4516120.0
2018-12-18T00:00:00,81.97361842717275,82.16674867915494,81.58735792320839,81.80194854736328,3656748.0
2018-12-19T00:00:00,81.90923128971258,83.08947954144455,81.75901525634173,82.96072387695312,5456296.0
2018-12-20T00:00:00,81.80194043345524,82.1667405290625,81.22254318619278,81.4371337890625,5842752.0
2018-12-21T00:00:00,81.32982179150304,81.41565670527285,79.69893223473981,80.492919921875,6841392.0
2018-12-27T00:00:00,80.6860667918398,81.0937876281053,78.62599569165276,79.0766372680664,5413972.0
2018-12-28T00:00:00,79.46289329344617,81.1796180228647,79.46289329344617,80.60022735595703,4929688.0
2019-01-02T00:00:00,79.61311303563865,80.45001507046105,78.56162039964201,80.14958953857422,4224180.0
2019-01-03T00:00:00,79.63458140474503,80.2568929009039,79.39853040998516,79.61312103271484,3352448.0
2019-01-04T00:00:00,79.95646153868697,82.20966291389836,79.91354079774013,81.84485626220703,4066980.0
2019-01-07T00:00:00,82.03799458857722,82.53155696299314,81.69465482228856,82.20967102050781,3303808.0
2019-01-08T00:00:00,82.53154596434601,84.11951509256075,82.40279029475337,83.77616882324219,4831632.0
2019-01-09T00:00:00,84.14096920197395,84.44139470948068,83.54011163817556,83.99075317382812,4292004.0
2019-01-10T00:00:00,83.5830418056742,84.84912508296065,83.36845119770071,84.57015991210938,3612784.0
2019-01-11T00:00:00,84.76327373291636,85.25682941615123,84.22679731688524,84.5486831665039,3768292.0
2019-01-14T00:00:00,84.24827240683256,84.41994227045045,83.81909119900233,84.18389129638672,3212644.0
2019-01-15T00:00:00,84.74183697810706,85.23539934764742,83.86201410091441,84.20536041259766,2833028.0
2019-01-16T00:00:00,84.65599661072994,84.84912685217598,83.54012280648612,84.24827575683594,4271300.0
2019-01-17T00:00:00,83.81909990494538,84.37703684283238,83.41137902491548,84.20536041259766,3156704.0
2019-01-18T00:00:00,85.0207948086579,86.05082702636719,84.78474384870385,86.05082702636719,5176112.0
2019-01-21T00:00:00,86.05082926115364,86.26541985781486,85.51435276950056,86.09375,2486360.0
2019-01-22T00:00:00,85.62165742053557,86.35126421912378,85.47144136695005,85.7718734741211,2485884.0
2019-01-23T00:00:00,85.62163912105103,86.05082026952748,85.02078813269786,85.90060424804688,3466748.0
2019-01-24T00:00:00,84.7632949401292,85.90062260715324,84.7632949401292,85.7718734741211,3259520.0
2019-01-25T00:00:00,86.11520961205355,86.84482292879788,85.51435852050781,85.51435852050781,5167852.0
2019-01-28T00:00:00,85.47142428603978,85.47142428603978,83.5615694585649,83.73324584960938,6215184.0
2019-01-29T00:00:00,83.79761507331308,84.84910752503954,83.43280849573372,84.5272216796875,5157564.0
2019-01-30T00:00:00,84.76329313417527,85.2568489303789,84.26973733797163,85.19247436523438,2849552.0
2019-01-31T00:00:00,85.4070584521125,86.17958591872285,84.7418262850651,85.21392822265625,5371320.0
2019-02-01T00:00:00,85.4070610851975,86.37271881103516,85.25684504166408,86.37271881103516,4342420.0
2019-02-04T00:00:00,86.37272244239183,86.86627823683402,85.94354121286442,86.65168762207031,3233464.0
2019-02-05T00:00:00,86.75898274374266,87.48859607140619,86.75898274374266,87.3598403930664,3635020.0
2019-02-06T00:00:00,87.2525487018605,88.02507625512872,87.05941845073998,87.63880920410156,4720380.0
2019-02-07T00:00:00,87.40274906703435,88.0679812391246,86.50147247314453,86.50147247314453,4476184.0
2019-02-08T00:00:00,86.48000848022687,86.58730377610804,85.98645273868752,86.24395751953125,3485904.0
2019-02-11T00:00:00,86.45856053720405,87.70319007757617,86.45856053720405,87.4456787109375,4049976.0
2019-02-12T00:00:00,87.7890187356304,88.00360934288017,87.381297891613,87.66026306152344,4224100.0
2019-02-13T00:00:00,87.98213675717717,88.32548299086457,87.16669518235625,88.28256225585938,5031148.0
2019-02-14T00:00:00,88.51862093981575,88.71175116665465,87.14524243377929,87.55296325683594,5204892.0
2019-02-15T00:00:00,87.31691775777382,88.79759165461772,86.95211765063628,88.41133117675781,6995528.0
2019-02-18T00:00:00,88.41133028093475,88.81905112538581,88.0465236287079,88.5615463256836,3293068.0
2019-02-19T00:00:00,88.73321132189605,89.26968781114572,88.36840468969216,88.99072265625,3410964.0
2019-02-20T00:00:00,89.05508564823187,90.10657812082759,88.75466016303086,89.99928283691406,4177652.0
2019-02-21T00:00:00,89.91345074302272,90.68597812121611,89.69886016845703,89.69886016845703,5052636.0
2019-02-22T00:00:00,89.69886918170354,90.49285700689303,89.69886918170354,89.91345977783203,4003056.0
2019-02-25T00:00:00,90.14950740386435,90.51430747449805,88.69028747497434,89.09801483154297,3802108.0
2019-02-26T00:00:00,88.71175183886089,88.990723545329,88.43278668117811,88.84050750732422,4532940.0
2019-02-27T00:00:00,88.84050079502796,88.84050079502796,87.61733186022016,87.96067810058594,4149836.0
2019-02-28T00:00:00,87.85339874794876,88.51863098144531,87.1881665144522,88.51863098144531,4591264.0
2019-03-01T00:00:00,88.84049593769466,89.03362614084578,87.9821336581034,88.38985443115234,2805256.0
2019-03-04T00:00:00,88.84050095609562,89.87053313027555,88.84050095609562,89.59156799316406,3474152.0
2019-03-05T00:00:00,89.48427354251288,89.63448957085122,88.77612723471199,89.4198989868164,3384664.0
2019-03-06T00:00:00,89.6773940952592,89.6773940952592,88.08942525426917,88.11088562011719,4755144.0
2019-03-07T00:00:00,88.1538131813494,88.45424525124712,87.1881555106973,87.53150177001953,3309468.0
2019-03-08T00:00:00,86.90919097394716,87.23107686644326,86.75897493793488,87.18815612792969,3212764.0
2019-03-11T00:00:00,87.33837154564615,87.9177687675515,87.33837154564615,87.53150177001953,2602408.0
2019-03-12T00:00:00,87.78901337069546,88.08943889272847,87.35983218242394,87.7246322631836,3635016.0
2019-03-13T00:00:00,87.7246271510354,88.32548470887173,87.5100365694049,87.96067810058594,3587388.0
2019-03-14T00:00:00,87.96067747062555,89.09801147439272,87.9177632838777,89.03363037109375,4308700.0
2019-03-15T00:00:00,89.2053033527609,89.99928453947048,88.6902807412055,89.67739868164062,7341652.0
2019-03-18T00:00:00,89.67741130053315,90.25680854567017,89.54865562952654,90.1495132446289,3541140.0
2019-03-19T00:00:00,90.14950306729926,91.43704653443865,90.02074741082838,90.64305877685547,3816796.0
2019-03-20T00:00:00,90.55722696984314,91.09370343293463,90.34263638460655,90.5357666015625,2940316.0
2019-03-21T00:00:00,90.57869107988364,90.92203734020264,89.80616363136218,90.08512878417969,3559648.0
2019-03-22T00:00:00,90.40700359836941,90.70743563232938,89.22675547542055,89.2696762084961,4102536.0
2019-03-25T00:00:00,89.1623947878918,89.35552501919152,88.411327683782,89.05509948730469,3252936.0
2019-03-26T00:00:00,89.26969724229524,89.26969724229524,88.2825790880319,88.6688461303711,4992292.0
2019-03-27T00:00:00,88.94779485585738,90.17096377375098,88.73320427719428,89.3769760131836,4066196.0
2019-03-28T00:00:00,89.44135558541392,90.40701324357653,89.31260647002034,89.84908294677734,4552536.0
2019-03-29T00:00:00,90.12804809517694,90.49285471888575,89.39844139654443,89.84908294677734,4484504.0
2019-04-01T00:00:00,90.21387393472789,91.94133194515486,90.1387659257903,91.81257629394531,5611336.0
2019-04-02T00:00:00,91.80185436801769,92.78897241957615,91.45851465337584,92.27395629882812,3217084.0
2019-04-03T00:00:00,92.55293366921384,93.30400085449219,92.55293366921384,93.30400085449219,4669848.0
2019-04-04T00:00:00,92.83190043452008,92.96065611199535,92.33833809566248,92.81044006347656,4147380.0
2019-04-05T00:00:00,92.85334014892578,93.26106091290565,92.48853356870023,92.85334014892578,2793972.0
2019-04-08T00:00:00,92.85336708525672,92.98211622265354,92.01645839946,92.59585571289062,3396980.0
2019-04-09T00:00:00,92.59584645183078,93.04648803400701,91.99499537478621,92.18812561035156,3051712.0
2019-04-10T00:00:00,92.27395942519236,92.57438496007542,91.82331784847501,92.16666412353516,3503992.0
2019-04-11T00:00:00,92.46708625791094,92.74605796123168,91.8662352102413,92.08082580566406,2892756.0
2019-04-12T00:00:00,92.08083278867707,92.93919523546262,91.99499785375566,92.42417907714844,3884772.0
2019-04-15T00:00:00,92.48853723903954,93.45419482042163,92.48853723903954,93.13230895996094,3483172.0
2019-04-16T00:00:00,93.34690433369943,94.14089211651152,93.13231374902425,93.4327392578125,3655088.0
2019-04-17T00:00:00,93.69026947021484,93.94777429447619,93.0464975863821,93.69026947021484,3320732.0
2019-04-18T00:00:00,93.56150241365029,94.26964878029446,93.21815614090733,94.14089965820312,1723040.0
2019-04-23T00:00:00,94.14090118877546,94.14090118877546,93.11086235379987,93.6473388671875,4417044.0
2019-04-24T00:00:00,93.69025759875254,95.19239180402732,93.56150192854334,93.77609252929688,4762568.0
2019-04-25T00:00:00,94.74175002499581,96.13658892683607,94.05505748457567,95.23530578613281,6865624.0
2019-04-26T00:00:00,95.29968000334408,96.73743299199032,95.27821963511072,96.52284240722656,4773452.0
2019-04-29T00:00:00,96.71599355779203,96.88766343162274,96.05076133632272,96.6730728149414,3296196.0
2019-04-30T00:00:00,96.65160978507762,97.38121655196888,96.60869559219327,97.14517211914062,2943872.0
2019-05-02T00:00:00,97.16661416151784,97.38120474628161,96.24387726654764,96.52284240722656,5421652.0
2019-05-03T00:00:00,96.56575634249924,97.08077239990234,96.35116577284924,97.08077239990234,4251144.0
2019-05-06T00:00:00,95.98636378647603,95.98636378647603,93.62586740716485,95.02070617675781,5676152.0
2019-05-07T00:00:00,95.06362581766341,95.81469283879618,93.8833776415976,94.26963806152344,5688332.0
2019-05-08T00:00:00,93.8833875879504,95.21385192871094,93.60442242720322,95.21385192871094,5151232.0
2019-05-09T00:00:00,95.06051826113867,95.10432762532977,93.17682923521896,93.48347473144531,5795600.0
2019-05-10T00:00:00,94.05296140601891,94.6662590721607,93.61489450921923,94.29389953613281,4287408.0
2019-05-13T00:00:00,94.2939087925359,94.31581347640025,92.36641693115234,92.36641693115234,5865568.0
2019-05-14T00:00:00,92.30069201174352,94.5567404967149,92.30069201174352,94.53483581542969,4490328.0
2019-05-15T00:00:00,94.86338944229361,95.0386135302271,93.43967200362997,94.819580078125,3643116.0
2019-05-16T00:00:00,94.84149858301336,96.48424971320412,94.31581955822661,96.3747329711914,3348192.0
2019-05-17T00:00:00,96.19948853460872,96.24329121153717,95.1481240227751,96.11186981201172,3807412.0
2019-05-20T00:00:00,96.22141360188145,96.33093035156917,94.62247173018952,95.2576675415039,3253880.0
2019-05-21T00:00:00,95.63000535451978,96.06807225336378,95.21384313749206,95.43287658691406,2856960.0
2019-05-22T00:00:00,95.23574298773151,95.67380989509803,94.75387340025067,95.19194030761719,2722476.0
2019-05-23T00:00:00,94.62247364268937,94.6881810200813,92.9578176769158,93.3301773071289,4234008.0
2019-05-24T00:00:00,93.52728886786645,95.01671374517548,93.52728886786645,94.512939453125,3377832.0
2019-05-27T00:00:00,95.10432970936327,95.27955380122647,94.03106042249664,94.20629119873047,2138856.0
2019-05-28T00:00:00,94.20629405942168,94.55674893816071,93.17683410644531,93.17683410644531,6843908.0
2019-05-29T00:00:00,92.65116479056222,93.15493913576938,91.70932347235004,91.99406433105469,2925592.0
2019-05-31T00:00:00,91.5998080879227,91.77503220597544,89.82563548405935,89.86943817138672,7092888.0
2019-06-03T00:00:00,89.60659105543664,91.18362797850676,88.83997393489162,91.09601593017578,6128752.0
2019-06-04T00:00:00,90.85508771354759,92.27880537872943,89.80372964993117,92.1692886352539,5298544.0
2019-06-05T00:00:00,92.16926946540977,92.69495507225471,91.57788318426446,92.47592163085938,4367340.0
2019-06-07T00:00:00,92.67305843880422,93.72441637505182,92.65115375588849,93.22064208984375,3544340.0
2019-06-11T00:00:00,95.06054019813466,96.50616265322955,94.88531606967494,95.7833480834961,3706308.0
2019-06-12T00:00:00,95.47669372037802,96.28712027967795,95.10434081061243,96.00237274169922,2973444.0
2019-06-13T00:00:00,95.82712581868205,97.11942172142003,95.5861877083211,96.39661407470703,3621236.0
2019-06-14T00:00:00,96.39662748799422,96.44043016955588,95.4109769138519,96.24330139160156,3151132.0
2019-06-18T00:00:00,96.83471220505638,98.49936815083868,95.8928641393932,98.45555877685547,4587512.0
2019-06-19T00:00:00,98.56506702067686,99.41929626464844,98.06129268520863,99.41929626464844,4909672.0
2019-06-20T00:00:00,99.66023254394531,100.60207382610662,99.50690643551381,99.66023254394531,7139628.0
2019-06-24T00:00:00,99.66023734826472,100.33924250003929,98.56506990487719,98.78410339355469,4055960.0
2019-06-25T00:00:00,98.4993624137258,98.71839590214026,98.03939075118114,98.21461486816406,3639520.0
2019-06-26T00:00:00,98.01747963545068,98.63077068903017,97.42608658177882,97.99557495117188,2376152.0
2019-06-27T00:00:00,98.08319059049171,98.30222407254674,96.87850643918908,97.3384780883789,2676996.0
2019-06-28T00:00:00,97.49180483438981,98.039388543093,97.07564255264968,97.7108383178711,3570572.0
2019-07-01T00:00:00,98.78410276619813,99.37549585562022,97.84226144461493,98.4117431640625,3264548.0
2019-07-02T00:00:00,98.41173569943571,99.2440668986141,98.21460691270461,98.9812240600586,2894840.0
2019-07-03T00:00:00,98.91551887618301,100.0544889382007,98.67458071625023,99.87926483154297,2753672.0
2019-07-04T00:00:00,99.90116345478611,100.60206652326322,99.90116345478611,100.40493774414062,2053420.0
2019-07-05T00:00:00,100.53636386411128,100.75539733658212,99.55071323799255,99.9230728149414,2917204.0
2019-07-08T00:00:00,99.92307151280815,101.34678906531558,99.92307151280815,101.08394622802734,3104072.0
2019-07-09T00:00:00,100.75540803259727,101.50012058118124,100.29543635470452,100.97444152832031,2674068.0
2019-07-10T00:00:00,100.93061738758264,101.71913919368595,100.53635982671639,100.77729797363281,3251316.0
2019-07-11T00:00:00,100.82111520632536,101.2810868833,99.59453298022208,99.83546447753906,2216028.0
2019-07-12T00:00:00,100.07639223504832,100.53636386411128,99.55071323799255,99.9230728149414,2621312.0
2019-07-15T00:00:00,99.9449518536577,100.62395682637423,99.4630823162623,100.01066589355469,2331412.0
2019-07-16T00:00:00,99.74784598612075,100.09830089286062,99.3535883937705,99.61642456054688,2392168.0
2019-07-17T00:00:00,99.4630933297453,100.60206328600894,99.09073378220742,100.29541778564453,2460508.0
2019-07-18T00:00:00,99.98879059798787,100.2954361545137,98.89362312155866,99.83546447753906,3946856.0
2019-07-19T00:00:00,99.94498211248684,101.08395897183371,99.85737005046904,100.9525375366211,3362232.0
2019-07-22T00:00:00,100.77729641742577,100.77729641742577,99.66022443306018,99.85735321044922,3659340.0
2019-07-23T00:00:00,100.16399996724653,101.653431526434,100.09829260208758,101.54391479492188,3153856.0
2019-07-24T00:00:00,101.6315413163725,101.6315413163725,100.71159796691525,100.99634552001953,1761156.0
2019-07-25T00:00:00,101.12776806661503,102.28864292499146,99.74785302723936,100.20782470703125,2672964.0
2019-07-26T00:00:00,100.4268544058632,101.14966224365075,100.18591623181014,100.689697265625,1796320.0
2019-07-29T00:00:00,100.68969644406974,101.45631364701975,100.14211272767687,101.2591781616211,1575944.0
2019-07-30T00:00:00,101.25917733987879,101.50011551001069,100.09830254429528,100.71159362792969,2031636.0
2019-07-31T00:00:00,100.75539651284663,101.08394671886678,100.05448673292189,100.8868179321289,2567024.0
2019-08-01T00:00:00,100.18590571203283,102.46385241474903,99.8792601974237,102.2667236328125,3024380.0
2019-08-02T00:00:00,100.27352360892877,100.9963380973428,99.28787295739525,99.66023254394531,4747856.0
2019-08-06T00:00:00,96.74709377156948,97.46990160409844,95.87095982456634,96.15570068359375,3316892.0
2019-08-07T00:00:00,96.70327415405234,97.57940800822269,95.67381420165384,96.41853332519531,3772472.0
2019-08-08T00:00:00,97.51369683520521,98.2584092452964,97.18514665272052,97.44798278808594,3072428.0
2019-08-09T00:00:00,97.51370580200151,97.64512053958308,96.13379089805446,96.28711700439453,2345512.0
2019-08-12T00:00:00,96.74709256778323,97.66702919006718,95.95857068841737,96.3747329711914,2536644.0
2019-08-13T00:00:00,95.91474290985076,96.81278135887727,94.77577302213314,96.26519775390625,4327104.0
2019-08-14T00:00:00,96.48424649095475,96.57185854476468,94.38152377766015,94.7538833618164,5840424.0
2019-08-15T00:00:00,94.4253190821717,95.32335753979666,92.62924216692177,94.14057159423828,6325692.0
2019-08-16T00:00:00,94.14059210907489,95.71763592390391,94.14059210907489,95.54241180419922,6151912.0
2019-08-19T00:00:00,96.15569829616416,96.92231548075773,95.84905275920102,96.59376525878906,2857660.0
2019-08-20T00:00:00,96.50614186659922,97.86414528058943,96.26520372858417,97.07563018798828,3587964.0
2019-08-21T00:00:00,97.07563631394801,98.32412307893266,97.00992226250396,98.06128692626953,3104832.0
2019-08-22T00:00:00,97.79843971701509,98.10508522359855,97.09752997250656,97.77653503417969,3490364.0
2019-08-23T00:00:00,97.90794367986972,98.41171789753946,96.96610260009766,96.96610260009766,3328988.0
2019-08-26T00:00:00,96.17760417244281,96.94422136653183,95.2576608657874,96.3747329711914,3800576.0
2019-08-27T00:00:00,96.70326395092988,97.22894287109375,96.2432923891477,97.22894287109375,3615620.0
2019-08-28T00:00:00,97.25085633817895,97.6013112114069,96.52804859319754,97.40418243408203,3062552.0
2019-08-29T00:00:00,97.46989791745126,98.9374248969232,97.3384764934973,98.71839141845703,3219652.0
2019-08-30T00:00:00,99.11264163285882,100.99633074441273,98.82790080578346,100.79920196533203,5024388.0
2019-09-02T00:00:00,100.97443132785796,102.02578932737136,100.97443132785796,101.23727416992188,3270276.0
2019-09-03T00:00:00,101.2372801604626,102.20102616443975,100.79921318734831,101.2591781616211,3244812.0
2019-09-04T00:00:00,102.06960517818457,102.35434603819483,101.21537591378224,101.45631408691406,2986160.0
2019-09-05T00:00:00,102.13531051578046,102.39815336930049,99.87926831315727,101.12776184082031,5005292.0
2019-09-06T00:00:00,101.17157182190772,101.697250882481,100.86492626027096,101.5001220703125,2914508.0
2019-09-09T00:00:00,101.65344670193609,101.87248019765913,100.64589128473575,100.97444152832031,2398304.0
2019-09-10T00:00:00,100.97442744711171,101.19346091228982,100.03258622059415,100.7553939819336,3531940.0
2019-09-11T00:00:00,101.0839312212969,101.69722217142673,100.90870714536551,101.6534194946289,2944352.0
2019-09-12T00:00:00,101.89437209916069,103.29618495902476,101.65343394722211,102.61717987060547,4217684.0
2019-09-13T00:00:00,102.94573316145998,103.88757442940145,102.88002579276497,103.66854095458984,3289036.0
2019-09-16T00:00:00,103.20855241544231,103.36187180214478,102.31051403709779,102.35431671142578,2961520.0
2019-09-17T00:00:00,102.1134023554265,103.07714824849525,101.67533543272518,102.50765991210938,3051732.0
2019-09-18T00:00:00,102.57336698531955,103.58092224154393,102.55146898674332,103.27427673339844,3433772.0
2019-09-19T00:00:00,103.25238383794101,104.6103941232379,102.85812623736915,104.5008773803711,3829672.0
2019-09-20T00:00:00,104.28183599501548,105.1360651877921,104.25993131122716,104.87322235107422,5883340.0
2019-09-23T00:00:00,104.74179633108525,104.96082977662549,102.6609785984531,103.07714080810547,3726716.0
2019-09-24T00:00:00,103.38378953689526,103.909468485802,102.85811058798855,103.18666076660156,3348644.0
2019-09-25T00:00:00,103.03333424542046,103.03333424542046,101.0839378640071,102.44194793701172,4927368.0
2019-09-26T00:00:00,102.22291533411182,103.99708095843658,102.22291533411182,103.9313735961914,2255116.0
2019-09-27T00:00:00,104.04090503290615,104.6761008004433,103.69045012118417,104.52278137207031,3313348.0
2019-09-30T00:00:00,104.54467531220556,105.44271389974482,103.95328893824401,105.37700653076172,3837096.0
2019-10-01T00:00:00,105.48653009631184,105.94650176207907,104.47897470567212,104.82942962646484,2868588.0
2019-10-02T00:00:00,104.54468110659268,104.61039516358919,101.28108347357995,101.63153839111328,4818460.0
2019-10-03T00:00:00,101.3248951414804,101.587731322309,99.76975600518386,100.62398529052734,4687136.0
2019-10-04T00:00:00,100.9744377406504,101.52202145941749,100.73349956751858,101.45631408691406,3941684.0
2019-10-07T00:00:00,101.45629740529334,102.57336266041112,101.21535927177698,102.44194793701172,2703000.0
2019-10-08T00:00:00,102.50765854467662,103.164758919963,101.65342939367844,102.1572036743164,2883376.0
2019-10-09T00:00:00,102.06958562174636,103.40569097641581,101.69722609057986,103.07714080810547,2226416.0
2019-10-10T00:00:00,103.07714080810547,103.09904548953355,101.93816421754816,103.07714080810547,2714444.0
2019-10-11T00:00:00,103.27428150529886,104.25993212411932,102.8800239315191,103.90947723388672,3666640.0
2019-10-14T00:00:00,103.88756950528743,104.39135048409841,103.2961831619496,104.36944580078125,3845588.0
2019-10-15T00:00:00,104.69799686822115,105.48651868360076,104.69799686822115,104.91703033447266,4440648.0
2019-10-16T00:00:00,104.91704168557011,105.1141704896499,104.52278407741058,104.82942962646484,4282892.0
2019-10-17T00:00:00,104.82940443883402,105.8807622642281,104.80749975822789,105.26747131347656,3949908.0
2019-10-18T00:00:00,105.5303217170062,106.4283602684966,105.31128825002664,106.0560073852539,3986700.0
2019-10-21T00:00:00,106.05600039955125,107.3702011148648,105.77125290061102,106.97593688964844,5308532.0
2019-10-22T00:00:00,106.99784986042926,108.22443862661441,106.82262575856181,107.34830474853516,4165076.0
2019-10-23T00:00:00,107.10736105124523,107.61113533131672,106.64738945218784,107.28258514404297,4857104.0
2019-10-24T00:00:00,107.32640461769016,107.87398831471918,107.0635617693677,107.80828094482422,6687668.0
2019-10-25T00:00:00,107.87398850941997,108.33396015262882,107.52353360581459,107.98350524902344,4606844.0
2019-10-28T00:00:00,108.15872356077324,108.50917844559241,107.91779209405782,108.13682556152344,3314732.0
2019-10-29T00:00:00,108.26823980685559,108.66250405714048,107.50162267417885,108.33395385742188,4697148.0
2019-10-30T00:00:00,108.20254219925562,109.56055248765075,108.02731808401758,109.23200225830078,4329940.0
2019-10-31T00:00:00,109.29769277235134,109.69195031301241,108.07110410175946,108.31204223632812,4191276.0
2019-11-01T00:00:00,108.57489593004188,108.96915351019966,108.11492429694368,108.42156982421875,1487276.0
2019-11-04T00:00:00,109.07867495912954,110.65571871662458,108.68441736194151,110.56809997558594,4552712.0
2019-11-05T00:00:00,110.65570949098293,110.65570949098293,109.998609094206,110.43667602539062,2944968.0
2019-11-06T00:00:00,110.43667505632924,111.04996608085783,109.82337734742981,110.8309326171875,2942232.0
2019-11-07T00:00:00,111.22520036663589,111.70707670460038,110.78713339916686,110.96236419677734,3686832.0
2019-11-08T00:00:00,111.00651087192921,112.77272429383783,110.65327357760309,112.41948699951172,4100716.0
2019-11-11T00:00:00,112.41948640176436,112.64026307832904,111.44806363482418,111.75715637207031,3045072.0
2019-11-12T00:00:00,112.06623874980234,113.52336611554925,111.66883670228813,113.3908920288086,3783868.0
2019-11-13T00:00:00,113.03766450415947,113.21428315991928,112.1987157829456,112.90519714355469,4538728.0
2019-11-14T00:00:00,112.86103791065047,113.69998657285936,112.77272185141217,113.47920989990234,3241704.0
2019-11-15T00:00:00,114.05322818969212,114.22986031487474,111.80131008257568,112.59610748291016,5922092.0
2019-11-18T00:00:00,112.46362698587083,112.6844036414134,111.7571457306759,112.154541015625,2704640.0
2019-11-19T00:00:00,112.19869744262337,112.59609272190849,111.05065615513719,111.40390014648438,4212348.0
2019-11-20T00:00:00,110.74158081358851,111.49222015623543,110.52080414001182,111.05066680908203,4170640.0
2019-11-21T00:00:00,110.3000371096303,110.32211612643215,109.70393734383026,109.9688720703125,3926380.0
2019-11-22T00:00:00,110.07924442441701,110.74157440682919,109.88054677720716,110.56494903564453,3079420.0
2019-11-25T00:00:00,111.00650390694177,111.492215262519,110.91819458890112,111.27143859863281,1962988.0
2019-11-26T00:00:00,111.4922216651649,112.19870972519968,111.13897763514751,111.75715637207031,4724544.0
2019-11-27T00:00:00,111.93376068581937,112.33115595772382,111.27143074093286,111.88960266113281,4557304.0
2019-11-28T00:00:00,111.75715363875094,111.84546295970307,111.13897491694735,111.58052825927734,1732404.0
2019-11-29T00:00:00,111.27144498860022,111.977933048635,110.74158231235887,111.75715637207031,3163476.0
2019-12-02T00:00:00,111.93378328941746,112.72858073129419,109.63770703099469,109.9688720703125,3719980.0
2019-12-03T00:00:00,110.2117189409304,111.05066761155653,108.42342652452265,108.6883544921875,4619408.0
2019-12-04T00:00:00,108.71043603743693,110.23379378406631,108.71043603743693,110.07925415039062,2752268.0
2019-12-05T00:00:00,110.34419031996158,111.4480738035049,110.03510429208347,110.7857437133789,4111884.0
2019-12-06T00:00:00,110.78573690213412,112.81688508200433,110.78573690213412,112.68441772460938,3584552.0
2019-12-09T00:00:00,112.72858391010807,113.8324606680588,112.37533984402735,113.30260467529297,3825452.0
2019-12-10T00:00:00,113.25842194123462,113.3467379916726,111.58051804644333,113.21426391601562,6457436.0
2019-12-11T00:00:00,113.30260035069297,114.27400970458984,112.68442157425419,114.27400970458984,4707096.0
2019-12-12T00:00:00,114.27397435418183,114.89215967695623,112.81685403652365,114.4947509765625,5754736.0
2019-12-13T00:00:00,115.90776702969421,116.0402276591006,113.03766994133989,113.30260467529297,4446316.0
2019-12-16T00:00:00,113.74414580838415,114.80387115478516,113.47921110299917,114.80387115478516,3088664.0
2019-12-17T00:00:00,114.80386931376479,114.98048795614285,114.0532232397347,114.62725067138672,4243812.0
2019-12-18T00:00:00,114.49477323319701,114.84802398275586,113.61166657200725,113.83244323730469,2756176.0
2019-12-19T00:00:00,113.69998168945312,114.0973769886799,113.17011230705866,113.69998168945312,4504532.0
2019-12-20T00:00:00,113.69997630671969,115.15709682661488,113.47919965369694,115.06879425048828,3953260.0
2019-12-23T00:00:00,115.06880492420923,115.15710750852674,114.40647490370358,114.6714096069336,2428236.0
2019-12-27T00:00:00,114.80387915227163,115.02465584294909,114.1415490802393,114.27400970458984,2715684.0
2019-12-30T00:00:00,114.31815886330767,114.36231689304317,112.72857085637071,112.86103820800781,3012980.0
2020-01-02T00:00:00,113.2142695068314,115.99606353135148,113.2142695068314,115.46619415283203,4537988.0
2020-01-03T00:00:00,114.58310244040311,114.58310244040311,113.39090292090945,114.18570709228516,3417924.0
2020-01-07T00:00:00,114.1857012977705,115.20126863310661,113.9649246183375,114.36231994628906,3683196.0
2020-01-08T00:00:00,113.65582339249264,114.49477201668137,112.90518408597077,114.31815338134766,3259716.0
2020-01-09T00:00:00,115.02465330686606,115.77529942867491,114.89219268543602,115.24542999267578,3710640.0
2020-01-10T00:00:00,115.46620118067814,115.90775453127347,114.80387115478516,114.80387115478516,3759264.0
2020-01-13T00:00:00,114.80386446583684,115.64281308805957,114.58308780340253,114.93632507324219,3031172.0
2020-01-14T00:00:00,114.93633143986926,115.333740234375,113.65582942184754,115.333740234375,3935064.0
2020-01-15T00:00:00,115.33373354577118,115.46619415283203,114.58308750539163,115.46619415283203,3866612.0
2020-01-16T00:00:00,115.64280149701574,117.62979125976562,115.64280149701574,117.62979125976562,4215800.0
2020-01-17T00:00:00,118.33628725942742,119.13107782857747,118.0271945519037,118.8219985961914,4483936.0
2020-01-20T00:00:00,118.91030331863605,119.21939603173645,118.24797334068197,118.46875,2397040.0
2020-01-21T00:00:00,118.15968017707868,118.55707550048828,117.27657346944004,118.55707550048828,2715888.0
2020-01-22T00:00:00,118.91031185790534,119.26356262326482,118.07136318727726,118.42461395263672,3058768.0
2020-01-23T00:00:00,118.42461367883665,118.55707429357841,117.05579560090351,117.23241424560547,4160728.0
2020-01-24T00:00:00,117.98306032871157,120.19082707531815,117.89474426879178,119.13108825683594,5122604.0
2020-01-27T00:00:00,117.6739632915468,117.89473995813506,116.04021056873827,116.30514526367188,5682300.0
2020-01-28T00:00:00,116.39346765008938,118.91031370098413,116.39346765008938,118.60123443603516,5608380.0
2020-01-29T00:00:00,118.95447540283203,119.70512152327522,118.4246194429364,118.95447540283203,4652788.0
2020-01-30T00:00:00,118.24796685975129,118.64537560485289,117.23239967260467,117.89472961425781,5228848.0
2020-01-31T00:00:00,118.64538289861218,118.8220015322166,116.4817608427596,116.6142349243164,4484428.0
2020-02-03T00:00:00,116.61423830196449,117.85058224814324,115.73113163322586,117.49734497070312,4408928.0
2020-02-04T00:00:00,117.89473677168414,120.8531494140625,117.89473677168414,120.8531494140625,5221104.0
2020-02-05T00:00:00,120.80898971571865,123.06091431793016,120.05834368993557,122.66350555419922,6095304.0
2020-02-06T00:00:00,123.5465939540215,124.12062126407547,122.13363163917074,122.35440826416016,4040660.0
2020-02-07T00:00:00,122.35443694470459,122.70767423743406,121.38301417699007,122.17781829833984,4295608.0
2020-02-10T00:00:00,122.13364966112097,122.92844023830725,121.60378029290493,122.66350555419922,2689484.0
2020-02-11T00:00:00,123.50247650901848,123.89987182617188,123.23754180586997,123.89987182617188,4360592.0
2020-02-12T00:00:00,124.07647636836671,124.42971361565948,123.23752779969345,123.41414642333984,4061336.0
2020-02-13T00:00:00,123.23753150327414,123.76738739013672,122.31026685734257,123.76738739013672,4191124.0
2020-02-14T00:00:00,123.98819510132428,124.60638067021178,123.59079971785447,124.34144592285156,2312124.0
2020-02-17T00:00:00,124.47387114578332,125.0920430636581,124.16479192441452,124.56218719482422,2289348.0
2020-02-18T00:00:00,124.03233244017676,124.95959716362718,123.41416044958939,123.89987182617188,3837924.0
2020-02-19T00:00:00,124.25309725802987,125.13620386750434,124.25309725802987,124.78296661376953,2678792.0
2020-02-20T00:00:00,125.1803563631319,125.53359360126235,124.07647315005313,124.4297103881836,3922096.0
2020-02-21T00:00:00,123.76739988075352,124.56220400396555,122.88429317172171,123.45832061767578,3345672.0
2020-02-24T00:00:00,121.25056727023639,121.25056727023639,116.70255913007328,117.18827056884766,8618228.0
2020-02-25T00:00:00,117.18826471656008,118.42462226943766,113.83245632323495,114.27400970458984,7610660.0
2020-02-26T00:00:00,113.47921716978907,114.40648195064016,109.32861814732276,114.00908660888672,10379288.0
2020-02-27T00:00:00,112.06624087498236,112.15455019691487,107.18707504055544,109.24029541015625,9609836.0
2020-02-28T00:00:00,105.17801131552301,107.3636991480344,103.91958825441391,105.376708984375,13921592.0
2020-03-02T00:00:00,106.98837464678283,108.73250897624841,104.16242925419871,107.16499328613281,13295428.0
2020-03-03T00:00:00,109.28445250465822,111.448061192551,108.60004347479196,109.10783386230469,9273760.0
2020-03-04T00:00:00,109.70393924702049,111.80131786575278,108.79875344300095,110.7857437133789,6653812.0
2020-03-05T00:00:00,112.46363367619901,112.86103572235791,108.53381166878837,110.21171569824219,7062604.0
2020-03-06T00:00:00,107.62863409758306,108.31304316961499,105.6195649135809,106.6130599975586,7339608.0
2020-03-09T00:00:00,99.0404147847145,103.63256679208041,97.6715967457041,101.0715560913086,13965428.0
2020-03-10T00:00:00,102.21960240698719,106.52474764875015,99.92352629222752,100.85078430175781,11396380.0
2020-03-11T00:00:00,101.88843444154317,103.10270614127987,99.10664701826886,99.94560241699219,9589164.0
2020-03-12T00:00:00,94.62487494751986,95.11057954221614,87.64833135604859,88.31066131591797,20984856.0
2020-03-13T00:00:00,89.78988384564374,95.66253849641976,87.47172856636794,90.20935821533203,19463044.0
2020-03-16T00:00:00,85.66134066362234,87.62625151174323,81.70943995474732,85.83795928955078,16791436.0
2020-03-17T00:00:00,89.74572844872108,91.48986302923878,82.94580879142293,86.10291290283203,17254576.0
2020-03-18T00:00:00,83.63019991471647,86.87561965927755,82.81333027812379,86.4119873046875,10764304.0
2020-03-19T00:00:00,86.43407040957372,91.004150390625,84.99902198642627,91.004150390625,15254648.0
2020-03-20T00:00:00,94.1170909489297,96.45732497912229,87.18470491567821,88.77429962158203,17026204.0
2020-03-23T00:00:00,83.38735183729428,89.28208494619169,83.16657516495574,84.60162353515625,12865592.0
2020-03-24T00:00:00,88.97299999207807,92.7041244506836,87.05224022526103,92.7041244506836,10219848.0
2020-03-25T00:00:00,96.03784318085242,96.98718008508395,88.88468103627508,96.14823150634766,14620496.0
2020-03-26T00:00:00,93.91837993240256,97.47288513183594,92.96904308933951,97.47288513183594,7969908.0
2020-03-27T00:00:00,96.63395095708458,96.67810224845304,93.74177523846508,96.17031860351562,9151776.0
2020-03-30T00:00:00,96.17031494541995,98.97417449951172,93.83008098969263,98.97417449951172,7613512.0
2020-03-31T00:00:00,101.20402969669396,102.35207113829661,98.64301883759013,100.91702270507812,10609792.0
2020-04-01T00:00:00,98.40015788016312,99.08456012096721,95.59629166516427,97.53912353515625,8240996.0
2020-04-02T00:00:00,97.8923764149642,98.44431810284466,94.73527265531575,97.00926971435547,8870972.0
2020-04-03T00:00:00,96.92096010357686,97.56121111210028,95.0443583703641,95.77291870117188,4942340.0
2020-04-06T00:00:00,98.24562159212815,100.67416504721446,98.02484491439301,100.14430236816406,6716424.0
2020-04-07T00:00:00,102.21959826087958,104.91307633124796,101.95466356172,104.18450927734375,9996492.0
2020-04-08T00:00:00,103.76502638842825,105.8182465559803,102.88191978086716,105.31046295166016,8534332.0
2020-04-09T00:00:00,106.43643206324764,106.43643206324764,102.15336608886719,102.15336608886719,5631700.0
2020-04-14T00:00:00,105.31047498094148,106.9221420288086,103.76503824117923,106.9221420288086,7655788.0
2020-04-15T00:00:00,106.92214318029069,107.5182429099321,103.61049298799298,103.89750671386719,6995968.0
2020-04-16T00:00:00,104.40529393038042,105.35463772698225,102.72738976173727,103.56634521484375,5659736.0
2020-04-17T00:00:00,105.99487346165088,107.47407300828834,105.90656414712413,107.27537536621094,8300540.0
2020-04-20T00:00:00,108.53381456061527,109.19614458429164,105.53125043910184,107.40785217285156,6082684.0
2020-04-21T00:00:00,106.52473824731848,107.27537754237646,105.53124327920877,105.57540130615234,5933352.0
2020-04-22T00:00:00,106.61304915812916,107.18706982913577,105.70786349279977,106.37019348144531,5001600.0
2020-04-23T00:00:00,106.63512049117826,108.07016869654608,105.48707923185657,107.5403060913086,5093916.0
2020-04-24T00:00:00,106.23775021101763,106.76761294089007,105.24425506591797,105.24425506591797,5630188.0
2020-04-27T00:00:00,106.7013529234318,107.12083395113434,105.81824631785797,105.92863464355469,5305528.0
2020-04-28T00:00:00,106.43644587392654,107.84941537264577,105.77411578975472,106.96630859375,5537100.0
2020-04-29T00:00:00,106.96628453063573,109.92469022690018,106.30395459546152,109.88053894042969,5623860.0
2020-04-30T00:00:00,109.94679736912637,110.0351067022301,107.3195559682617,108.44551849365234,4437676.0
2020-05-04T00:00:00,105.5312497040321,105.70786834742114,102.32998794522778,102.44037628173828,7712320.0
2020-05-05T00:00:00,103.91957918295121,104.75852781712285,103.21309115807152,104.5819091796875,5580184.0
2020-05-06T00:00:00,104.58191240313508,104.60398468031795,102.9040083455059,103.05854797363281,4375944.0
2020-05-07T00:00:00,103.43386437364406,105.20007763936263,103.12477839965709,104.91307067871094,4175188.0
2020-05-08T00:00:00,105.53124274884117,107.67277903103141,105.20007776113559,106.76759338378906,5757988.0
2020-05-11T00:00:00,107.29746697056582,107.34162500179553,104.07412608031473,105.20008850097656,4359344.0
2020-05-12T00:00:00,104.36112715303223,106.78967034964329,104.14035049879486,105.994873046875,5918744.0
2020-05-13T00:00:00,104.8026940392898,105.28839869899653,102.79362487792969,102.79362487792969,5935168.0
2020-05-14T00:00:00,101.93258572730818,102.1754346611333,98.17938254006805,98.86378479003906,8493440.0
2020-05-15T00:00:00,100.0339204787284,102.41830605696707,99.79106477004837,101.27027130126953,7463844.0
2020-05-18T00:00:00,102.88194220809336,105.97281600833651,102.81571189311623,105.90658569335938,5663656.0
2020-05-19T00:00:00,106.6351380975753,107.03253343272472,104.9351549401223,106.52474975585938,6734628.0
2020-05-20T00:00:00,106.19358016066707,106.96629851942453,105.11177580592052,106.12734985351562,2782008.0
2020-05-22T00:00:00,105.17800066553757,106.28188397801712,104.71436832678235,105.72994232177734,3754860.0
2020-05-25T00:00:00,107.07668790439743,109.01951995897521,106.25981150783095,108.71043395996094,3297700.0
2020-05-26T00:00:00,109.61561216189885,109.94677715332453,108.71042650448821,109.30652618408203,4845680.0
2020-05-27T00:00:00,109.61561225298199,110.0350865616226,107.89355699116517,108.09225463867188,5078440.0
2020-05-28T00:00:00,109.06366381007516,110.78571896468048,108.07016889682549,110.60910034179688,5261824.0
2020-05-29T00:00:00,109.68183572773641,111.49220693135213,109.19613114602217,110.60910034179688,8213356.0
2020-06-01T00:00:00,112.15454368846135,112.41947837645382,109.46106573162425,110.56494903564453,3796260.0
2020-06-02T00:00:00,111.00650756673448,112.59610229415021,110.43249361176093,111.58052825927734,4616484.0
2020-06-03T00:00:00,112.19870731011272,114.7155532836914,111.93377260891006,114.7155532836914,4748868.0
2020-06-04T00:00:00,114.27401369454903,114.5389484276403,112.64027421157662,113.9207763671875,4662592.0
2020-06-05T00:00:00,114.71554573400319,116.43761444091797,114.2739924194379,116.43761444091797,4791712.0
2020-06-08T00:00:00,116.2168404954716,116.34930110287695,114.49477174837358,114.93632507324219,3660360.0
2020-06-09T00:00:00,115.11296145537415,115.46619873832314,112.6844113408994,114.05322265625,5687980.0
2020-06-10T00:00:00,114.22985597801167,115.90775330242944,113.39089384066405,113.47920989990234,4512628.0
2020-06-11T00:00:00,111.44806438114814,111.8454664441675,106.94422149658203,106.94422149658203,6589072.0
2020-06-12T00:00:00,105.75204028648866,108.79875607988131,105.24425656677997,106.63514709472656,5876716.0
2020-06-15T00:00:00,105.04553507709385,109.01951506847297,103.9416517461552,108.93120574951172,7499764.0
2020-06-16T00:00:00,111.27144616495579,113.30259430585184,110.74158348311276,113.08181762695312,7834408.0
2020-06-17T00:00:00,113.2142761281916,115.51035893587873,113.17011809820937,113.6116714477539,6336236.0
2020-06-18T00:00:00,113.74650825007252,114.24085876242897,112.53308686178235,113.16226959228516,7596440.0
2020-06-22T00:00:00,112.35332365120944,112.48814901109142,110.37590789794922,110.37590789794922,4312696.0
2020-06-23T00:00:00,111.22978086996216,111.92637278832495,110.73542354531705,111.05001831054688,3844540.0
2020-06-24T00:00:00,110.46578289550139,110.69048953000912,108.2411885853753,108.37600708007812,4357728.0
2020-06-25T00:00:00,108.08389323471476,109.83660227389836,106.98283207638136,109.45460510253906,4036960.0
2020-06-26T00:00:00,110.10625482872095,112.08367053978677,109.56696025820324,109.72425079345703,3610040.0
2020-06-29T00:00:00,109.31978067977691,111.11743380503532,108.71307000700122,110.96013641357422,3577760.0
2020-06-30T00:00:00,111.0724978134155,111.36462058202073,109.76920194580123,110.48826599121094,3935828.0
2020-07-01T00:00:00,110.48826019298339,111.72414674164091,109.52201750407686,110.75790405273438,4425956.0
2020-07-02T00:00:00,111.65672973328017,112.9375603436534,111.40955105404117,112.89261627197266,3558624.0
2020-07-03T00:00:00,112.84767771791195,113.16226564343431,111.65672840753825,111.85896301269531,2502640.0
2020-07-06T00:00:00,113.47683794273179,114.46554565429688,113.11730599557136,114.46554565429688,3168020.0
2020-07-07T00:00:00,114.06108725193798,114.1959126020205,112.98249130878006,113.92626190185547,2762260.0
2020-07-08T00:00:00,113.43190334195813,115.31944450766197,113.02743415359421,113.74649810791016,2877868.0
2020-07-09T00:00:00,114.60038813330277,114.78015070502066,112.57802834271507,112.89261627197266,2585352.0
2020-07-10T00:00:00,112.53307682781424,113.9262606677381,112.30837019927826,113.74649810791016,2579548.0
2020-07-13T00:00:00,114.82508995106056,116.17332975479121,114.06108876711365,115.81380462646484,3579000.0
2020-07-14T00:00:00,114.87002424032882,115.58908815076191,113.7914283746792,114.78013610839844,3217472.0
2020-07-15T00:00:00,115.7239308304611,116.93735229021988,114.69027881464956,116.75757598876953,3429812.0
2020-07-16T00:00:00,116.39803638874632,116.44298045853824,115.0947406548076,115.81380462646484,3584964.0
2020-07-17T00:00:00,117.07216192693215,117.38675671561695,115.85874055915382,116.57780456542969,3063992.0
2020-07-20T00:00:00,116.93734860549141,118.33051889278893,116.66769787681888,118.01593780517578,3002916.0
2020-07-21T00:00:00,118.42040007938985,119.5439332869742,117.88109865374737,118.06087493896484,4037532.0
2020-07-22T00:00:00,119.0945224797883,119.31922912597656,117.74628260265861,119.31922912597656,3256916.0
2020-07-23T00:00:00,119.76863791820625,120.84722703638239,119.18440614607056,119.72369384765625,3169608.0
2020-07-24T00:00:00,118.6451084605726,118.91475917734766,116.98227380296402,117.47663116455078,3454012.0
2020-07-27T00:00:00,117.47662944201801,118.60016264960235,117.16204837289737,118.06087493896484,1978008.0
2020-07-28T00:00:00,118.0159325981009,118.51028995968765,116.75756715815233,117.47663116455078,2615988.0
2020-07-29T00:00:00,117.52156783644527,118.33050622082825,117.07215457512042,118.28557586669922,2521560.0
2020-07-30T00:00:00,118.28558273173549,118.28558273173549,114.73521364671232,115.54415893554688,3515968.0
2020-07-31T00:00:00,115.67897348613211,117.5215706445932,115.67897348613211,116.08344268798828,3345940.0
2020-08-03T00:00:00,116.21827697387906,120.17310835265563,115.81380776480042,119.90345764160156,3569084.0
2020-08-04T00:00:00,120.21806027849091,120.75736173583599,117.74628707650325,118.01593780517578,3382652.0
2020-08-05T00:00:00,118.64509663039384,119.76862974242408,118.64509663039384,119.5888671875,2673200.0
2020-08-06T00:00:00,119.58887792553068,120.44276042434404,118.42040064109946,119.09452056884766,2200348.0
2020-08-07T00:00:00,119.00463108142463,120.35287092169004,118.7799244413804,119.90345764160156,2421384.0
2020-08-10T00:00:00,120.44275922398356,120.98206064680933,119.54393266261054,119.81358337402344,2166588.0
2020-08-11T00:00:00,120.84723781201605,122.91454180660921,120.62253115423431,121.92582702636719,4267264.0
2020-08-12T00:00:00,121.79099021140819,122.82463519583554,120.93710778318507,122.420166015625,4006248.0
2020-08-13T00:00:00,122.06062954386951,122.82462376538884,121.74603481353633,121.88086700439453,2356792.0
2020-08-14T00:00:00,121.79099716668027,121.835941237049,119.31922416145245,120.48770141601562,3605176.0
2020-08-17T00:00:00,120.4877022003666,122.3302993774414,120.4877022003666,122.3302993774414,2775484.0
2020-08-18T00:00:00,121.92580746525475,122.82463395217886,120.53263738252538,122.24040222167969,3735952.0
2020-08-19T00:00:00,122.28538797471333,124.03809747869317,121.79103049538352,123.58868408203125,2593260.0
2020-08-20T00:00:00,122.82464997210714,123.54371399843417,122.15053001898909,123.18418884277344,4172592.0
2020-08-21T00:00:00,123.58865287258784,124.12795429839748,122.3303011657053,123.54370880126953,3106852.0
2020-08-24T00:00:00,124.44254180170509,126.55478982783058,124.44254180170509,125.16160583496094,3336028.0
2020-08-25T00:00:00,125.70088304741743,126.68958390184468,124.93687508785737,124.98181915283203,2796560.0
2020-08-26T00:00:00,124.98183192923204,126.50983428955078,124.71218122682181,126.50983428955078,2658592.0
2020-08-27T00:00:00,126.509822770661,127.04912412637735,125.92559106447095,126.06040954589844,2571644.0
2020-08-28T00:00:00,126.50982119418674,126.64463967393422,123.81334187921296,124.08299255371094,2962068.0
2020-08-31T00:00:00,124.48747578352246,125.65595302846256,123.54370517357064,123.90324401855469,4269288.0
2020-09-01T00:00:00,124.48746614765514,125.07169786740084,123.49875154423553,124.66722869873047,3234456.0
2020-09-02T00:00:00,125.16157691125157,127.54346139878606,125.16157691125157,126.1502914428711,3664488.0
2020-09-03T00:00:00,127.72325347955355,128.21759709162092,124.03805927593355,124.48747253417969,4444028.0
2020-09-04T00:00:00,123.9481774789885,125.97053724455216,122.77971391977788,123.40888977050781,3375512.0
2020-09-07T00:00:00,124.21782814178928,126.24018790655613,124.21782814178928,126.19524383544922,2581728.0
2020-09-08T00:00:00,126.37502863972179,126.37502863972179,124.66724982755991,125.25149536132812,3427392.0
2020-09-09T00:00:00,124.93688297302407,129.02654627377493,124.93688297302407,128.66700744628906,3695880.0
2020-09-10T00:00:00,128.6670003623429,128.75688849301642,127.13899814591505,127.81311798095703,3324232.0
2020-09-11T00:00:00,127.81313131774509,128.26254458800088,127.049136987313,127.58842468261719,3748780.0
2020-09-14T00:00:00,128.08278533586437,128.80184932987373,127.27384691448195,127.90302276611328,2425672.0
2020-09-15T00:00:00,127.8580913143558,129.16138721744113,127.18397132500068,128.53221130371094,3559060.0
2020-09-16T00:00:00,128.53219189687474,130.68937005110033,128.3074852676844,130.64443969726562,3559884.0
2020-09-17T00:00:00,129.29621870391952,130.15010127587846,128.667029078786,129.38609313964844,3296444.0
2020-09-18T00:00:00,129.43103830974164,131.63316087131582,129.43103830974164,131.36351013183594,6726032.0
2020-09-21T00:00:00,131.0039755619878,131.0039755619878,126.5547866821289,126.5547866821289,5985048.0
2020-09-22T00:00:00,127.09407822913371,129.07150775964823,126.41995826600534,127.00420379638672,3962212.0
2020-09-23T00:00:00,127.76818724771859,129.56584032874176,127.5434806125907,127.58842468261719,3077816.0
2020-09-24T00:00:00,126.55476892012082,128.39736591499008,125.5660543233607,127.18394470214844,3785984.0
2020-09-25T00:00:00,127.40867918235477,129.11644435205926,127.09408436503776,128.71197509765625,2880652.0
2020-09-28T00:00:00,130.1501125213633,132.6668300943331,129.61081100036714,132.44212341308594,4426288.0
2020-09-29T00:00:00,132.21739196777344,132.89151188525358,131.5432720502933,132.21739196777344,2962596.0
2020-09-30T00:00:00,131.6780948671409,132.66680959787925,131.0489189998553,131.90280151367188,3768060.0
2020-10-01T00:00:00,131.8578574150199,132.17245220610252,130.1051483154297,130.1051483154297,3783716.0
2020-10-02T00:00:00,129.56584355498202,129.56584355498202,126.8693638663039,128.8917236328125,4131280.0
2020-10-05T00:00:00,129.6107769837685,130.77925416258617,129.07148931931678,130.28489685058594,3224760.0
2020-10-06T00:00:00,130.32986583027474,130.59951657154556,128.17268733012102,128.71197509765625,3774876.0
2020-10-07T00:00:00,128.21758214763383,129.6557098924068,127.54346233883447,128.082763671875,2755572.0
2020-10-08T00:00:00,128.39737749538668,128.7119585572714,126.464892193789,127.63336944580078,3117700.0
2020-10-09T00:00:00,127.6333579343115,128.3524218487731,126.82441960241934,127.18394470214844,2319632.0
2020-10-12T00:00:00,127.18398507265384,128.84682004547255,126.95927838524632,128.4423370361328,3086332.0
2020-10-13T00:00:00,128.5771431913926,128.5771431913926,126.46489527229922,127.1390151977539,2902724.0
2020-10-14T00:00:00,127.00419100071096,128.03783602069905,126.46488959854058,127.36371612548828,2496748.0
2020-10-15T00:00:00,126.01548767964213,126.01548767964213,124.26277853730691,125.11666107177734,3604708.0
2020-10-16T00:00:00,125.56607930627466,128.12774072527952,125.43126079580331,127.54349517822266,3717076.0
2020-10-19T00:00:00,127.54345647004357,128.756877556049,127.13898734637574,127.40863800048828,2138716.0
2020-10-20T00:00:00,127.8580734583104,129.70067058155405,127.18395356309962,127.36371612548828,3278768.0
2020-10-21T00:00:00,128.08276961803188,128.30747623139686,124.66722635188371,125.20652770996094,3647556.0
2020-10-22T00:00:00,124.9369022488549,126.64466736913181,123.45384378729898,126.46490478515625,3162256.0
2020-10-23T00:00:00,126.91432310230219,127.90303792562659,126.41996569064,127.09408569335938,2052940.0
2020-10-26T00:00:00,126.015459792874,126.50981706080127,123.58863123168862,123.72344970703125,3191516.0
2020-10-27T00:00:00,123.81337031667172,124.26278363905529,122.15053553785006,123.04936218261719,3232180.0
2020-10-28T00:00:00,121.34156641334114,121.7010914944907,119.09450036864963,120.35285186767578,5493888.0
2020-10-29T00:00:00,119.67874807333715,122.15052105334603,119.67874807333715,120.30793762207031,4127944.0
2020-10-30T00:00:00,119.6338386055684,120.4427771451675,118.95971858423351,120.083251953125,2471172.0
2020-11-02T00:00:00,120.98204539461081,122.3752154170982,120.03827488114925,121.70109558105469,4481352.0
2020-11-03T00:00:00,122.3303013553978,124.48747963197148,122.2404132126218,124.3526611328125,4151880.0
2020-11-04T00:00:00,123.58864745530882,127.76818531961388,122.51005836597245,127.36371612548828,4412524.0
2020-11-05T00:00:00,128.53219173255746,130.41973290134496,128.39737324121728,128.84678649902344,3903312.0
2020-11-06T00:00:00,128.71194015715312,130.01523571865832,127.85805780409817,129.1164093017578,2828896.0
2020-11-09T00:00:00,131.45339268312784,134.77904842168275,130.64445421415704,133.29598999023438,6436436.0
2020-11-10T00:00:00,133.5656482609657,134.14988010877013,131.9028134402815,132.48704528808594,4526100.0
2020-11-11T00:00:00,132.4870246251849,134.77903501257873,132.44209427082774,134.4195098876953,3767672.0
2020-11-12T00:00:00,133.47576089771664,134.37458757042853,132.7566968165458,133.3409423828125,3663092.0
2020-11-13T00:00:00,133.25104020154134,133.83527199129645,132.4870321241645,133.52069091796875,3785212.0
2020-11-16T00:00:00,133.92516709658435,134.1948178270283,132.80163381557273,133.4757537841797,3461736.0
2020-11-17T00:00:00,133.38587770302976,134.4644807223861,132.801645830051,133.97012329101562,4014080.0
2020-11-18T00:00:00,133.70044286574887,135.85762099573245,132.93643484908583,134.9138641357422,3533676.0
2020-11-19T00:00:00,133.4757461803015,134.77904196902736,133.4757461803015,134.37457275390625,3382004.0
2020-11-20T00:00:00,134.0599722743768,135.2733935832181,134.0150419196086,134.59927368164062,2965060.0
2020-11-23T00:00:00,134.73409856938443,135.63292514747238,133.52069091796875,133.52069091796875,2687052.0
2020-11-24T00:00:00,134.37456319479887,134.68915795918298,132.6218542439545,134.1498565673828,2777972.0
2020-11-25T00:00:00,134.68915407121682,135.13856731307607,133.38584469782205,133.700439453125,3179792.0
2020-11-26T00:00:00,134.19480186964063,134.73408955139485,133.61055640398493,134.32962036132812,1791056.0
2020-11-27T00:00:00,133.74538352031166,134.68915407121682,133.29597027845242,133.700439453125,2380036.0
2020-11-30T00:00:00,133.25104575148612,133.83527756557467,131.99269397575432,133.3858642578125,5799508.0
2020-12-01T00:00:00,133.52067176951465,133.6554902508912,131.72301887114355,133.07125854492188,3007316.0
2020-12-02T00:00:00,132.9364385077756,133.97009724788606,132.3971508179394,133.5656280517578,2471168.0
2020-12-03T00:00:00,133.56565664203347,133.8802377663575,132.39717915809769,132.53199768066406,2113336.0
2020-12-04T00:00:00,132.711718490824,133.34090797135187,132.21737492041362,132.89149475097656,1590684.0
2020-12-07T00:00:00,132.98138999499292,133.25104071245426,131.6780941947693,132.75668334960938,2498968.0
2020-12-08T00:00:00,132.75667395495424,134.32962036132812,132.0825540665083,134.32962036132812,3427252.0
2020-12-09T00:00:00,134.46447295063746,134.6891796141813,133.02634481795434,133.16116333007812,2568888.0
2020-12-10T00:00:00,133.16117382107097,133.83529386481248,130.91410700859925,132.44212341308594,3656924.0
2020-12-11T00:00:00,131.992663397277,132.12748187237023,130.23994093104963,131.5881805419922,3372852.0
2020-12-14T00:00:00,132.5768991501125,133.1611308468067,131.6331286504501,131.94772338867188,2951176.0
2020-12-15T00:00:00,131.90279580460114,133.29597969579376,131.18373182382382,132.12750244140625,3037264.0
2020-12-16T00:00:00,132.62182774099034,133.20605936951839,130.91404948490595,132.03758239746094,3299752.0
2020-12-17T00:00:00,132.48701560052515,133.92514343210618,132.35219711662845,133.4307861328125,3466336.0
2020-12-18T00:00:00,133.43081603185246,134.41953085199006,132.4421149267214,132.48704528808594,4623980.0
2020-12-21T00:00:00,131.67808971405105,131.67808971405105,128.93666599065517,129.47596740722656,3924332.0
2020-12-22T00:00:00,129.7006608452127,130.95901240247608,129.7006608452127,130.5994873046875,2414684.0
2020-12-23T00:00:00,130.95898706663706,131.4533442667086,130.37475546700753,131.2286376953125,1846416.0
2020-12-28T00:00:00,132.0825709704453,133.92516831101415,131.67810172861456,133.655517578125,2080372.0
2020-12-29T00:00:00,134.1498504618435,135.81268491504363,133.92514384465449,135.13856506347656,2572436.0
2020-12-30T00:00:00,135.27338661482347,135.58798137202226,134.6442108154297,134.6442108154297,2704920.0
2021-01-04T00:00:00,135.45316951421898,137.96988680479956,135.45316951421898,137.07106018066406,3109640.0
2021-01-05T00:00:00,136.57669196641447,137.16093745478634,134.86892700195312,134.86892700195312,1778668.0
2021-01-07T00:00:00,137.02611176749278,137.65528764146347,135.31834672171445,137.38565063476562,4379888.0
2021-01-08T00:00:00,137.79013733878946,140.6214359883165,137.3856680624295,139.5428466796875,3682516.0
2021-01-11T00:00:00,139.5428326746714,140.57647780107402,137.83506758365678,137.92494201660156,3057460.0
2021-01-12T00:00:00,137.9698594555977,139.9023308284208,137.83504097470424,138.37432861328125,2836224.0
2021-01-13T00:00:00,138.41925755307548,138.5990200796246,137.56537526571594,138.28443908691406,3232372.0
2021-01-14T00:00:00,138.3743692140864,139.81249743559653,137.9249558592404,139.5428466796875,2491432.0
2021-01-15T00:00:00,139.36307335935476,140.21695592487038,138.77882781399745,139.13836669921875,4273176.0
2021-01-18T00:00:00,138.86869888293504,140.08212018441876,138.46422968744193,139.81246948242188,2177024.0
2021-01-19T00:00:00,140.57646691823197,140.9360057671945,139.1383526673961,139.318115234375,3298088.0
2021-01-20T00:00:00,139.76755137321277,140.57648991445043,139.6776632175166,140.2169647216797,5689192.0
2021-01-21T00:00:00,140.66635393286037,142.6437695838038,139.8124714602944,140.93600463867188,6762164.0
2021-01-22T00:00:00,141.11577031250002,141.25058881087304,139.542823828125,140.441650390625,5379300.0
2021-01-25T00:00:00,141.56518796695175,141.96965718957054,139.09341484371927,140.12705993652344,4568332.0
2021-01-26T00:00:00,140.1270550376218,143.6324868461124,140.1270550376218,143.0931854248047,4214436.0
2021-01-27T00:00:00,143.13812488203837,143.27294337551734,140.93600262685405,141.6999969482422,4547888.0
2021-01-28T00:00:00,140.89105857540497,141.1157652079016,137.56540315745528,139.81246948242188,5145848.0
2021-01-29T00:00:00,138.10466850640748,139.4079777360662,137.1159677123587,138.0597381591797,4846028.0
2021-02-01T00:00:00,138.64397828653233,142.64375319912375,138.41927167666762,142.5538787841797,3309780.0
2021-02-02T00:00:00,143.1381479460986,144.98074537223653,142.77862276222095,144.30662536621094,3894608.0
2021-02-03T00:00:00,144.89085080930218,145.34026412677213,143.27296012340926,143.58755493164062,2672616.0
2021-02-04T00:00:00,143.67742472983784,145.1604830020615,143.18306740076184,144.08189392089844,3838044.0
2021-02-05T00:00:00,144.3066055281234,144.80096287425,142.91342163085938,142.91342163085938,2757056.0
2021-02-08T00:00:00,143.90215047005518,144.30661971482925,142.68872902072687,142.73367309570312,2408816.0
2021-02-09T00:00:00,142.9583613847609,143.3628305775588,141.78988416056364,143.22801208496094,2138900.0
2021-02-10T00:00:00,143.4078012563278,143.90215867925602,142.05956122016363,142.86849975585938,2877304.0
2021-02-11T00:00:00,143.3628207111622,145.69977499872482,143.31787664505455,145.6548309326172,2920828.0
2021-02-12T00:00:00,145.60991406778786,146.73344735534795,144.8459059462446,146.2390899658203,2631976.0
2021-02-15T00:00:00,147.00309808736355,147.4525114023876,146.0593273828119,146.2390899658203,2150104.0
2021-02-16T00:00:00,146.23907969700613,146.32896783970145,145.0706024169922,145.0706024169922,2608036.0
2021-02-17T00:00:00,144.7560233577161,145.02567407454148,141.83483697461875,142.5089569091797,4222316.0
2021-02-18T00:00:00,142.41904698217675,143.22799900892338,140.98093290407675,141.7898712158203,3274336.0
2021-02-19T00:00:00,141.92473351650165,142.50897911315408,141.3854457138309,142.4640350341797,3108520.0
2021-02-22T00:00:00,142.46401649211543,142.50896056524024,140.44165663654914,141.25059509277344,3167056.0
2021-02-23T00:00:00,141.69999184529013,141.8797681167938,138.8686938641584,141.07081604003906,3390156.0
2021-02-24T00:00:00,141.02587414310074,142.3291835565457,140.44164239673196,142.10447692871094,3023496.0
2021-02-25T00:00:00,142.68870296058077,143.18306026501972,141.3404632475674,142.3291778564453,2738040.0
2021-02-26T00:00:00,139.8574255216914,141.87978538724602,139.31812407154126,140.39671325683594,2503620.0
2021-03-01T00:00:00,141.56518613823732,144.62119101966388,141.34047949357347,144.396484375,2700116.0
2021-03-02T00:00:00,144.39647130399442,145.69978069707128,143.81223956675603,145.4301300048828,2730152.0
2021-03-03T00:00:00,145.8346176265746,146.2840309320494,143.6774392462978,144.935791015625,2288768.0
2021-03-04T00:00:00,143.94706171637625,146.23907208576526,143.72235508633818,145.96942138671875,2680736.0
2021-03-05T00:00:00,145.38520747253395,145.969439296313,144.30661825901558,144.44143676757812,2533792.0
2021-03-08T00:00:00,145.47506512247244,148.9804827602416,145.02565190147624,148.80072021484375,4036564.0
2021-03-09T00:00:00,148.62095713222752,149.7444901806568,147.09294121436125,149.65460205078125,3995564.0
2021-03-10T00:00:00,149.65461102507126,151.1376692519308,148.84567266769406,150.7332000732422,3252368.0
2021-03-11T00:00:00,151.002859795384,153.78922757522926,150.957915725063,153.6094512939453,3690400.0
2021-03-12T00:00:00,153.11510782307118,153.5195770263672,151.4522732245153,153.5195770263672,4052116.0
2021-03-15T00:00:00,153.47464511490807,154.1937091527375,151.85675445854332,152.21629333496094,2948540.0
2021-03-16T00:00:00,152.57580196631216,154.1038043092773,152.57580196631216,153.92404174804688,3867996.0
2021-03-17T00:00:00,153.92404607118758,154.01393421182954,152.8005128881862,153.6094512939453,3831200.0
2021-03-18T00:00:00,154.0139225560112,154.193685108686,152.1263814654167,152.26119995117188,4557396.0
2021-03-19T00:00:00,152.26120766114474,153.11510383084473,151.13767450628092,151.2725067138672,7126312.0
2021-03-22T00:00:00,150.95790950460085,153.38473833688153,150.10402706370635,152.80050659179688,3257320.0
2021-03-23T00:00:00,152.66571423187258,153.56454089508054,151.67699941634126,153.11512756347656,3323484.0
2021-03-24T00:00:00,152.26119911107648,154.5082652946225,152.0364924927219,153.78921508789062,3417948.0
2021-03-25T00:00:00,153.56451923585604,155.04757753497134,153.16003632245685,154.19369506835938,3898884.0
2021-03-26T00:00:00,154.59817126711096,156.26100592081158,153.8791072624024,155.9464111328125,3336400.0
2021-03-29T00:00:00,155.94640142064895,156.84522794180543,153.8341536099295,153.92404174804688,4345116.0
2021-03-30T00:00:00,155.0475510847453,156.6654413173257,154.86778855112576,156.53060913085938,2967356.0
2021-03-31T00:00:00,156.53063286861533,157.5642915949352,156.08121960891216,156.48570251464844,4355396.0
2021-04-01T00:00:00,157.3171186515813,158.26088931541918,156.4857150266579,158.1035919189453,1924260.0
2021-04-06T00:00:00,159.54167317243557,159.87873304533508,158.10354556206377,159.3394317626953,4104244.0
2021-04-07T00:00:00,159.4967720744225,159.74395761013045,157.72159782799915,159.4518280029297,3215044.0
2021-04-08T00:00:00,159.45182841555496,160.68771495227784,158.7327781298293,158.97994995117188,3897440.0
2021-04-09T00:00:00,159.0923021150513,160.66524860488937,158.41818219083498,160.59783935546875,3235100.0
2021-04-12T00:00:00,160.59783126186647,160.6652405078899,159.63159549551918,160.17088317871094,2592152.0
2021-04-13T00:00:00,160.21584386137573,162.23820374181386,159.49677982755216,162.05844116210938,4069320.0
2021-04-14T00:00:00,162.3280858685925,162.3280858685925,160.41807938568547,160.86749267578125,4161172.0
2021-04-15T00:00:00,160.8450269222235,162.57527097344246,160.68772951483882,161.63150024414062,3274428.0
2021-04-16T00:00:00,161.7887667592059,164.2830047607422,161.22700020795867,164.2830047607422,4263836.0
2021-04-19T00:00:00,164.28303042847767,165.56386110844034,163.4066827006128,163.56398010253906,3332520.0
2021-04-20T00:00:00,163.56394357364192,163.74370611498003,158.62039825432868,159.42933654785156,4824648.0
2021-04-21T00:00:00,159.54171377853308,162.05843087973062,159.54171377853308,160.88995361328125,4111032.0
2021-04-22T00:00:00,161.11465252651257,161.33935915486197,159.60911537357083,159.99111938476562,4430792.0
2021-04-23T00:00:00,159.58666499250353,160.4630126953125,159.22712612480805,160.4630126953125,2917452.0
2021-04-26T00:00:00,160.4630055129424,161.69889202812823,160.37313108629542,160.88995361328125,2937628.0
2021-04-27T00:00:00,160.88995012877714,161.90112998293844,160.23829540342695,161.85618591308594,4880184.0
2021-04-28T00:00:00,162.57526111602783,162.68761444091797,160.28325054526795,161.78878784179688,3748456.0
2021-04-29T00:00:00,162.2382006154814,163.56397533088986,161.85619656909205,162.55279541015625,3315708.0
2021-04-30T00:00:00,162.88983518612014,163.11454180730942,161.20453552720042,161.54159545898438,2154004.0
2021-05-03T00:00:00,161.67645019148665,163.40669430554354,160.97986499563586,162.82244873046875,2920864.0
2021-05-04T00:00:00,162.82245604451998,163.00223236185357,159.2945721144707,159.47433471679688,3982612.0
2021-05-05T00:00:00,159.9461940252637,164.48527119186554,159.9461940252637,164.41786193847656,3842352.0
2021-05-06T00:00:00,165.03296775101654,165.4886081767178,163.3243161546368,165.2607879638672,5254728.0
2021-05-07T00:00:00,166.85552870209267,166.8783051612582,165.39747378440063,165.57972717285156,3196452.0
2021-05-10T00:00:00,165.85312522502429,166.4454522530964,164.62289043743678,166.26319885253906,3177440.0
2021-05-11T00:00:00,165.16963657981248,165.19241303663475,161.22835010174373,161.68399047851562,4541752.0
2021-05-12T00:00:00,161.7523635137643,164.2811625080889,161.7523635137643,162.00296020507812,2020408.0
2021-05-14T00:00:00,163.64326222569693,166.5821486433266,163.27875543352957,166.3087615966797,4692304.0
2021-05-17T00:00:00,166.69606752052303,167.33396139288405,164.78237199839637,166.53659057617188,3413668.0
2021-05-18T00:00:00,167.74402032264152,170.04501282069458,167.4478568262702,169.72605895996094,4790948.0
2021-05-19T00:00:00,170.4094955558344,170.86513591828316,167.67565338114187,168.0948486328125,4996905.0
2021-05-20T00:00:00,169.04258808830943,173.07044754827766,169.04258808830943,172.4872283935547,4583975.0
2021-05-21T00:00:00,174.28246341792192,174.328030241654,171.6853074206575,171.9586944580078,3284940.0
2021-05-24T00:00:00,172.23206213136382,173.5989832593905,170.59175399672364,172.00424194335938,2735800.0
2021-05-25T00:00:00,172.23205162209794,173.05219868685387,171.1840843832387,171.6397247314453,3616667.0
2021-05-26T00:00:00,171.77644120885972,172.68772206407914,170.63734013983546,171.32080078125,2750472.0
2021-05-27T00:00:00,171.3207709256847,172.5054386120299,171.0929507515814,171.6397247314453,4732597.0
2021-05-28T00:00:00,172.23206896477325,174.14576418195392,171.50304155322627,174.00906372070312,2634119.0
2021-05-31T00:00:00,174.0546358604786,175.42155708451378,173.00666848406834,174.60140991210938,4674382.0
2021-06-01T00:00:00,175.14818685422583,177.06188231340224,173.96351889878537,175.37600708007812,3400761.0
2021-06-02T00:00:00,175.4215545654297,176.2872685472118,174.28245356175808,175.4215545654297,2843206.0
2021-06-03T00:00:00,175.46712584157265,177.10743410951437,174.51027819318648,176.97073364257812,2641016.0
2021-06-04T00:00:00,176.97073185662302,179.11224733830213,176.469524626332,177.47193908691406,3011881.0
2021-06-07T00:00:00,177.47194087792727,177.9275812909643,176.5150932295411,176.97073364257812,2270410.0
2021-06-08T00:00:00,176.97075986024655,177.79092106824268,176.33286596850107,177.6542205810547,609722.0
2021-06-09T00:00:00,176.97075986024655,178.33768130186283,176.33286596850107,177.6542205810547,2415073.0
2021-06-10T00:00:00,177.6997511294323,178.51989826493627,176.65178380017258,177.5630645751953,2430821.0
2021-06-11T00:00:00,177.69976551781508,178.83886657882672,176.46953080990562,178.51991271972656,2691517.0
2021-06-14T00:00:00,178.61104061432914,180.16021522640423,177.28968620711925,178.4287872314453,2701465.0
2021-06-15T00:00:00,178.6110375836504,179.02111116444127,177.69975677965215,178.29208374023438,2169386.0
2021-06-16T00:00:00,178.33763827543123,179.88681275449437,177.88199790482204,179.06666564941406,4575721.0
2021-06-17T00:00:00,178.74775142339894,178.83888507972455,176.92518953723612,178.01873779296875,2867736.0
2021-06-18T00:00:00,178.01874130851206,180.84370394482602,177.28971375864126,177.6542205810547,4400287.0
2021-06-21T00:00:00,176.37839024382794,179.9323795725634,175.92274987321875,179.06666564941406,2801231.0
2021-06-22T00:00:00,179.8413055915216,180.43363266198014,178.61107071589953,179.70460510253906,2541805.0
2021-06-23T00:00:00,179.70457612080037,180.38803674035594,176.97073364257812,176.97073364257812,2903426.0
2021-06-24T00:00:00,177.74535089815475,179.93241960161356,177.33527725438668,179.6134796142578,2407607.0
2021-06-28T00:00:00,179.61343965616135,180.75254058268433,178.61102527880487,179.06666564941406,2458627.0
2021-06-29T00:00:00,179.47678334350215,181.80055258613828,179.15784334865816,181.16265869140625,2564404.0
2021-06-30T00:00:00,181.16262534640953,182.80293356312063,179.61345077147624,179.75013732910156,3908668.0
2021-07-01T00:00:00,180.57028428431707,181.43601216512045,179.20336308941674,181.0259246826172,2637722.0
2021-07-02T00:00:00,181.34489184731805,183.1674535744268,181.34489184731805,182.1650390625,2566368.0
2021-07-05T00:00:00,182.25618892457527,183.71424399798934,180.752580927965,183.44085693359375,1575238.0
2021-07-06T00:00:00,183.5319649059591,185.08115353642611,182.52956427423416,183.07632446289062,3367613.0
2021-07-07T00:00:00,184.26096960777122,187.7238393278366,184.0787162340922,187.63270568847656,2720563.0
2021-07-08T00:00:00,187.26821348373394,187.5416005180033,183.44083671908942,184.4432373046875,2907392.0
2021-07-09T00:00:00,185.35451896273167,187.08596091734512,184.53437176136472,186.9948272705078,1904679.0
2021-07-12T00:00:00,187.2681953010836,190.54881158370287,187.08594193094717,189.91090393066406,2177935.0
2021-07-13T00:00:00,190.00205166189937,191.18671951322173,189.1819044829295,190.7310791015625,2283399.0
2021-07-14T00:00:00,190.36656657358114,191.00447430122887,189.36416596807067,190.63995361328125,2213902.0
2021-07-15T00:00:00,190.63993259937203,192.46249412308504,189.27301145658728,190.54881286621094,2513062.0
2021-07-16T00:00:00,190.54880457690354,193.28264674354466,190.00203058155915,192.55361938476562,3101165.0
2021-07-19T00:00:00,192.28028856448722,192.4625419811698,184.80778724014635,185.263427734375,4347570.0
2021-07-20T00:00:00,185.90127445024203,188.1794763430146,185.17224706354665,187.3593292236328,3325596.0
2021-07-21T00:00:00,188.63513256082058,192.1891222499497,187.72385172719345,191.82461547851562,2573483.0
2021-07-22T00:00:00,193.0092945339864,196.01652424032466,192.7359074870388,194.74072265625,2485444.0
2021-07-23T00:00:00,195.65201474923697,198.93263169042947,195.1963742799071,197.01893615722656,3281610.0
2021-07-26T00:00:00,197.0189259058971,197.20117930313728,195.37861752064973,196.0165252685547,2400227.0
2021-07-27T00:00:00,193.7383466830959,195.46977502573492,191.3690105147055,194.64962768554688,3142715.0
2021-07-28T00:00:00,194.64957479961146,194.83182816957483,193.6471604072517,194.55844116210938,2269540.0
2021-07-29T00:00:00,195.28748362231653,195.92537741895126,194.1939494130796,195.83424377441406,1960696.0
2021-07-30T00:00:00,195.1963526361728,195.74312670075878,193.556044347457,194.37620544433594,2946856.0
2021-08-02T00:00:00,195.10525735122783,197.29232607362928,194.6496168753072,195.56089782714844,2256061.0
2021-08-03T00:00:00,195.7431159797894,196.0165029971088,194.28506115744676,195.2874755859375,2192210.0
2021-08-04T00:00:00,196.0165316145098,199.1148811830293,196.0165316145098,198.65924072265625,2364025.0
2021-08-05T00:00:00,198.7503461507586,201.93982892040827,198.65921250960918,199.11485290527344,2583911.0
2021-08-06T00:00:00,199.20600347690882,199.66164391129786,196.3810272216797,196.3810272216797,2413528.0
2021-08-09T00:00:00,196.19878887445026,197.47457662655643,195.2875079357905,197.01893615722656,2603564.0
2021-08-10T00:00:00,197.01891489028287,199.0237299579185,196.65440811618262,198.20358276367188,2273981.0
2021-08-11T00:00:00,198.65922064754557,199.84388850580996,197.9301932036104,199.0237274169922,2075513.0
2021-08-12T00:00:00,199.29713458616988,199.57052164340237,197.65682614781815,198.65924072265625,2089671.0
2021-08-13T00:00:00,198.65924072265625,199.66165529749432,198.38585366542372,198.65924072265625,2410044.0
2021-08-16T00:00:00,197.20117304087165,197.20117304087165,189.45528571127574,190.63995361328125,5581374.0
2021-08-17T00:00:00,190.00204534992324,194.46731567382812,188.63512416035545,194.46731567382812,5031563.0
2021-08-18T00:00:00,194.467330305676,194.9229707364813,189.68310578222057,191.27784729003906,3397288.0
2021-08-19T00:00:00,188.27061797416053,189.09076512836336,184.53436114936665,188.5439910888672,4380054.0
2021-08-20T00:00:00,188.36175399858564,190.82220957899415,185.44565798087766,189.81980895996094,3742244.0
2021-08-23T00:00:00,191.36898594167153,192.64477361926555,188.7262769359227,190.27545166015625,2507586.0
2021-08-24T00:00:00,190.73107334181046,191.5512204960133,187.0859501586131,188.5439910888672,1988369.0
2021-08-25T00:00:00,188.54397597455136,188.54397597455136,185.9012674405982,186.6302947998047,2094957.0
2021-08-26T00:00:00,185.99242668050846,187.26821430597752,184.99001218546687,186.9948272705078,2416960.0
2021-08-27T00:00:00,186.81257160244647,186.81257160244647,185.53678399254414,186.5391845703125,1869455.0
2021-08-30T00:00:00,186.63034237728647,189.63757230999306,185.9924484897533,188.3617706298828,2382751.0
2021-08-31T00:00:00,188.72625606195626,189.5464032061201,187.6327079963495,188.08834838867188,4780338.0
2021-09-01T00:00:00,189.3641766681779,190.36657733032945,188.72628280952813,189.7286834716797,2300992.0
2021-09-02T00:00:00,190.00203884708066,192.46249412308504,190.00203884708066,190.54881286621094,2734416.0
2021-09-03T00:00:00,190.54881528750496,191.55121579526002,187.63270568847656,187.63270568847656,3102299.0
2021-09-06T00:00:00,187.90611356128616,190.18431574778344,187.81499381685188,189.81980895996094,1676371.0
2021-09-07T00:00:00,189.63757630612977,189.72869606052956,185.53681192194665,186.72146606445312,2779757.0
2021-09-08T00:00:00,185.9012887281115,186.17467575724945,182.34729906444377,184.80775451660156,3937654.0
2021-09-09T00:00:00,183.25857989154235,186.17467575724945,182.5295524488551,184.80775451660156,2778245.0
2021-09-10T00:00:00,185.62789341726005,186.35692082742204,184.80774627147863,185.53677368164062,2527880.0
2021-09-13T00:00:00,185.5367833989187,185.8101565251359,182.25616683389183,182.71180725097656,2724152.0
2021-09-14T00:00:00,182.98519629698788,184.62550459756187,182.34730248705415,184.4432373046875,2808044.0
2021-09-15T00:00:00,184.4432570503647,185.08116483363222,181.90989714467324,183.1219024658203,2678546.0
2021-09-16T00:00:00,183.16743532766876,184.94443005357076,182.98518195412208,183.48638916015625,2133866.0
2021-09-17T00:00:00,184.53436802435237,185.126695001673,179.92328925062463,180.2877960205078,4726824.0
2021-09-20T00:00:00,178.17365500970712,178.17365500970712,174.83836339975912,175.6038360595703,4303692.0
2021-09-21T00:00:00,175.51266948235278,177.6815081065226,175.23928248963082,176.55152893066406,2974294.0
2021-09-22T00:00:00,177.38991604592488,178.41054604732258,176.0047653975702,176.78846740722656,2513205.0
2021-09-23T00:00:00,178.5017004385347,180.41538191364648,178.13717974919732,180.25135803222656,3149886.0
2021-09-24T00:00:00,180.25134423908878,180.25134423908878,176.58799154556857,177.38992309570312,2737857.0
2021-09-27T00:00:00,179.23071916597954,179.50410621459093,176.1870443238786,177.28057861328125,2738226.0
2021-09-28T00:00:00,176.970741613162,176.970741613162,171.72176882438194,171.90402221679688,4223148.0
2021-09-29T00:00:00,172.2320580418679,174.32800650275058,171.6852840416236,172.17738342285156,3253131.0
2021-09-30T00:00:00,173.78129163286556,174.52854876045652,171.52131854596144,172.3596954345703,2870189.0
2021-10-01T00:00:00,169.07905263614987,173.14337158203125,164.94184345446135,173.14337158203125,4049009.0
2021-10-04T00:00:00,173.14337827488094,173.16160778705893,169.89922035937963,170.172607421875,2712196.0
2021-10-05T00:00:00,170.17262649950763,172.4508291006334,169.49827352375814,172.3596954345703,2622536.0
2021-10-06T00:00:00,171.5759467750893,171.5759467750893,167.60276195720576,169.04258728027344,3874241.0
2021-10-07T00:00:00,171.32079713755502,172.99755053828696,170.50064994731758,172.578369140625,3424362.0
2021-10-08T00:00:00,172.68771254417553,173.01577419017087,170.3730654177384,171.0291748046875,2503569.0
2021-10-11T00:00:00,171.02917147063337,171.28434288369237,169.42532229094476,170.6282196044922,3016988.0
2021-10-12T00:00:00,168.82388476265567,173.69013505500268,168.6051862585337,173.54432678222656,2578494.0
2021-10-13T00:00:00,174.45561194085832,176.29640319128248,172.3961082758649,175.4762420654297,3928275.0
2021-10-14T00:00:00,176.78848703150942,178.97555553586164,176.36929171723665,178.46524047851562,4099457.0
2021-10-15T00:00:00,179.7227630492636,180.57936904762545,178.30116752221144,179.4676055908203,3907518.0
2021-10-18T00:00:00,179.50407424516982,180.72520099081402,176.04120469125783,177.7179718017578,3145713.0
2021-10-19T00:00:00,178.1553895048344,181.1626188094536,178.1553895048344,180.10552978515625,3396002.0
2021-10-20T00:00:00,180.1602222244652,180.1602222244652,177.0071982534794,179.285400390625,3690228.0
2021-10-21T00:00:00,178.64747037805563,179.64988475534375,177.80909376479673,179.19424438476562,2853942.0
2021-10-22T00:00:00,179.97797297123708,181.85520935058594,178.75685993487033,181.85520935058594,3015237.0
2021-10-25T00:00:00,181.855214230028,182.12860128111302,180.45184776185465,181.36312866210938,3032218.0
2021-10-26T00:00:00,181.80053678431605,184.71663283894566,181.21731757339015,183.07632446289062,3111780.0
2021-10-27T00:00:00,183.0763146365776,184.3521161517185,182.62067421796488,183.03076171875,2498076.0
2021-10-28T00:00:00,182.80294799804688,183.07632113488427,181.65472520315961,182.80294799804688,2832103.0
2021-10-29T00:00:00,182.71181940902608,183.12189303068115,178.70218903388758,180.3424835205078,4115934.0
2021-11-01T00:00:00,180.85282182006392,183.1219024658203,180.5247601248283,183.1219024658203,2410915.0
2021-11-02T00:00:00,183.16745208177954,184.62550701360172,181.89166444521695,184.260986328125,2157876.0
2021-11-03T00:00:00,184.39768579555692,187.31378173828125,183.80534489927334,187.31378173828125,2205348.0
2021-11-04T00:00:00,188.63514328536192,190.5032718815154,188.0428162718453,190.27545166015625,3134789.0
2021-11-05T00:00:00,190.68748742417478,192.28990328488214,189.4055603243919,191.51158142089844,1696763.0
2021-11-08T00:00:00,191.5115940510726,191.55738015878958,189.72604762577637,190.6875,2850742.0
2021-11-09T00:00:00,190.68748221319902,191.51157618740237,188.62723330573348,188.6730194091797,2625881.0
2021-11-10T00:00:00,188.71883438980737,190.55016703222392,188.62726216890286,189.72605895996094,2128678.0
2021-11-11T00:00:00,189.7260447400972,191.74050770138064,189.63448649801416,191.1911163330078,2613719.0
2021-11-12T00:00:00,197.7838949838481,203.23210596331734,195.49472953264618,200.485107421875,8420128.0
2021-11-15T00:00:00,198.5622306143706,200.3019908893117,196.18149279101726,199.93572998046875,3921894.0
2021-11-16T00:00:00,200.07306482543004,201.4923502307113,198.19594631986178,199.06582641601562,4523529.0
2021-11-17T00:00:00,199.06584427537132,200.43934369945703,197.8754892853973,199.61524963378906,3107358.0
2021-11-18T00:00:00,199.61525288787504,200.6682635413899,197.60078982743505,197.9212646484375,2812708.0
2021-11-19T00:00:00,198.15015905036478,199.3863140026544,195.76943532604477,197.32606506347656,3513500.0
2021-11-22T00:00:00,197.32606371425956,199.15739609211812,196.9140167236328,196.9140167236328,2923677.0
2021-11-23T00:00:00,196.18148848801923,196.18148848801923,192.88508449290302,193.6634063720703,4116491.0
2021-11-24T00:00:00,193.8465146051146,195.9525494732841,191.2368745490413,193.06820678710938,3746413.0
2021-11-25T00:00:00,194.12122673659917,196.5019643513968,193.57182144950528,195.54051208496094,2928003.0
2021-11-26T00:00:00,189.77183429735786,191.46582248421174,187.84892954319713,188.03207397460938,7083997.0
2021-11-29T00:00:00,189.359769693977,194.80798069577773,189.359769693977,193.98388671875,4686525.0
2021-11-30T00:00:00,192.61038495956834,195.49472781394206,190.18386121945295,192.24411010742188,9783982.0
2021-12-01T00:00:00,193.98389074706964,195.90678139071795,191.23689213732285,195.22003173828125,3185104.0
2021-12-02T00:00:00,192.5646040103323,195.8152218038516,191.8778543626292,194.8079833984375,3268179.0
2021-12-03T00:00:00,196.50197457314093,197.09715202182215,192.6561653073442,193.11399841308594,3273527.0
2021-12-06T00:00:00,194.53328758655368,195.76944258467677,192.3814803312477,195.2658233642578,2837069.0
2021-12-07T00:00:00,197.23448002251484,201.99595510527377,196.95979135939572,201.8585968017578,3933649.0
2021-12-08T00:00:00,201.8585941780805,204.42246211886737,199.84413150030372,199.98147583007812,3926284.0
2021-12-09T00:00:00,201.40078734082223,203.09477547904916,200.66825155207658,201.26344299316406,3166708.0
2021-12-10T00:00:00,200.6224852180904,201.67549583913677,199.88994940816494,200.25621032714844,2421246.0
2021-12-13T00:00:00,200.94296294934685,203.36948698174012,199.3405469545802,199.61524963378906,2582259.0
2021-12-14T00:00:00,200.53089539667428,201.76705034064213,196.86823064057063,197.05136108398438,2729591.0
2021-12-15T00:00:00,197.96703917255323,199.98150211510557,197.64656437030519,199.93572998046875,3499399.0
2021-12-16T00:00:00,202.86586076866195,203.46103824322003,199.0200653076172,199.0200653076172,3750015.0
2021-12-17T00:00:00,198.1043909310225,199.4321041465512,195.99835584503333,198.42486572265625,4523604.0
2021-12-20T00:00:00,195.03689842893365,197.69232479059164,193.20556604931926,195.72364807128906,2510638.0
2021-12-21T00:00:00,197.41766099049437,199.02007702459917,196.27307810899094,197.00559997558594,2655547.0
2021-12-22T00:00:00,198.05858134379835,198.1043674434483,195.76941608086022,197.6923065185547,1874654.0
2021-12-23T00:00:00,198.6995690633704,202.5453643798828,198.3333081654007,202.5453643798828,2259655.0
2021-12-27T00:00:00,202.54535959692987,207.12369057322556,202.27065694396066,206.3453826904297,2254792.0
2021-12-28T00:00:00,206.66584481741546,208.8176658332594,206.39114218127165,208.35983276367188,1987598.0
2021-12-29T00:00:00,208.3598424781147,208.63454512706608,206.66585445287882,208.1767120361328,1588626.0
2021-12-30T00:00:00,208.4972131583087,209.45866556513062,208.08516611880188,208.54299926757812,2024865.0
2022-01-03T00:00:00,208.6803429824341,211.9309611231524,208.5887847361354,211.19842529296875,2576064.0
2022-01-04T00:00:00,212.38877712255163,214.1743234587401,211.56468311260545,213.16709899902344,2393464.0
2022-01-05T00:00:00,213.35024301629318,213.57915958605315,208.77191162109375,208.77191162109375,1873142.0
2022-01-07T00:00:00,205.10922227145673,207.3526015956594,204.37668654038157,206.4369354248047,3213989.0
2022-01-10T00:00:00,206.43693757226723,207.35260375264716,199.38631077773306,200.34776306152344,4240729.0
2022-01-11T00:00:00,200.53092828383205,201.81285556992205,198.19597632449143,200.11888122558594,3941527.0
2022-01-12T00:00:00,201.17186946667314,201.81283303815658,198.88270387426232,200.98873901367188,2867838.0
2022-01-13T00:00:00,200.98875495884246,201.76707691079244,197.18874536275504,198.47067260742188,2991926.0
2022-01-14T00:00:00,196.86824296702537,196.86824296702537,190.82484015227763,191.0537567138672,4498520.0
2022-01-17T00:00:00,191.37422717699425,192.88507075013518,189.17663398479712,192.61038208007812,2604992.0
2022-01-18T00:00:00,191.92364754526304,191.96941967923217,185.92603093973148,186.2465057373047,4428238.0
2022-01-19T00:00:00,184.04889977294653,190.59590728553974,183.31636404413547,187.98626708984375,4504618.0
2022-01-20T00:00:00,188.48989561766322,190.96219159945815,185.92602742574505,190.4585723876953,4016601.0
2022-01-21T00:00:00,188.718807217785,190.5501395965235,185.3766172434129,186.56698608398438,5077013.0
2022-01-24T00:00:00,184.96458999583265,185.33085092189242,175.88118210435553,177.89564514160156,6474171.0
2022-01-25T00:00:00,179.47057399175108,182.63878517008303,178.86623095054995,180.20310974121094,5524922.0
2022-01-26T00:00:00,181.75975141394304,184.55253628295696,180.12986659962502,183.36216735839844,3842255.0
2022-01-27T00:00:00,180.2031483566429,182.93183028684925,179.50723295814873,181.6865234375,4505339.0
2022-01-28T00:00:00,181.68647552184038,182.18094306636175,178.28019633141815,180.8990020751953,3489529.0
2022-01-31T00:00:00,184.41518905730462,186.01760509817183,183.27060617097092,183.45375061035156,4217037.0
2022-02-01T00:00:00,185.05615787134505,187.62001223752486,184.5525386308603,185.23928833007812,3681170.0
2022-02-02T00:00:00,186.9790506846974,188.90195545225697,186.24651486981955,188.44412231445312,4112500.0
2022-02-03T00:00:00,188.71879484096178,188.71879484096178,183.54527282714844,183.54527282714844,4119339.0
2022-02-04T00:00:00,184.0489258482113,184.8730199274048,181.21035473639563,181.57662963867188,3984094.0
2022-02-07T00:00:00,182.71203422593067,183.31637729377695,180.14817994771843,182.4007110595703,2999409.0
2022-02-08T00:00:00,182.40069500484483,182.49226720898855,179.85514421556383,181.88792419433594,3050336.0
2022-02-09T00:00:00,183.54529702437756,187.94049781891934,183.49951091748437,187.07061767578125,3171719.0
2022-02-10T00:00:00,187.4826439741591,187.5284300759922,184.0488959160243,185.6970977783203,2847732.0
2022-02-11T00:00:00,183.4079519039799,185.74290362612712,183.00505652014797,184.41517639160156,2761733.0
2022-02-14T00:00:00,178.55493105173642,179.2874668965969,174.5809426062141,178.518310546875,6712963.0
2022-02-15T00:00:00,177.2180419097245,184.32362103326648,177.03491145201593,183.63687133789062,3646650.0
2022-02-16T00:00:00,184.23206283606797,184.78146822295446,182.23591694283508,183.49952697753906,3526431.0
2022-02-17T00:00:00,183.49953002508664,184.8272574034533,179.39734870993922,179.96505737304688,3697595.0
2022-02-18T00:00:00,179.92840131543238,180.44117213201415,176.613694271131,177.87730407714844,3836928.0
2022-02-21T00:00:00,177.87731721923615,179.2141960657741,171.3760953544499,172.7312774658203,4296817.0
2022-02-22T00:00:00,167.98814304453407,178.3534781407889,166.65126411877657,177.14480590820312,5309841.0
2022-02-23T00:00:00,177.6392674817747,180.45952144626483,173.86672668463206,174.0315399169922,3699782.0
2022-02-24T00:00:00,163.55629647538132,173.06091635243016,163.00690512410384,171.7057342529297,8044243.0
2022-02-25T00:00:00,173.0609211452456,176.02768482335475,170.14910917854806,175.7346649169922,5328594.0
2022-02-28T00:00:00,171.88887947809022,178.40841908295073,171.33947410763074,177.7308349609375,6783848.0
2022-03-01T00:00:00,177.65756409678355,178.2069554461663,173.885009765625,173.885009765625,3326296.0
2022-03-02T00:00:00,172.3466991888882,177.23635351120987,170.8083726547447,176.33900451660156,4231502.0
2022-03-03T00:00:00,175.77130734270133,175.77130734270133,170.2223578835953,170.40550231933594,4447374.0
2022-03-04T00:00:00,168.9037875628215,170.25896957984213,165.44255659223109,166.57798767089844,4834198.0
2022-03-07T00:00:00,159.94858178150585,169.3433269148084,159.05123272411984,166.35824584960938,7530832.0
2022-03-08T00:00:00,165.7355966980182,171.68742751866526,165.13125359988243,167.20066833496094,5280527.0
2022-03-09T00:00:00,171.41272162744906,174.48936082979634,168.6291023357817,173.86671447753906,4428372.0
2022-03-10T00:00:00,175.53321021775554,176.26574598246378,171.1746440742757,172.85946655273438,4958290.0
2022-03-11T00:00:00,174.14140536711628,179.04937715701155,173.8850199280288,175.405029296875,4339090.0
2022-03-14T00:00:00,177.5110487182849,181.97950421075922,174.9105600836628,179.72695922851562,4267558.0
2022-03-15T00:00:00,179.01276421262935,180.12987823237793,175.95444208011855,178.79299926757812,3230814.0
2022-03-16T00:00:00,184.04892999985637,187.20797600396955,183.13326368144914,186.79592895507812,5516984.0
2022-03-17T00:00:00,188.62721252441406,189.81758122308545,185.97178648057104,188.62721252441406,5420477.0
2022-03-18T00:00:00,189.7260405818533,191.557373046875,188.4441134451213,191.557373046875,6320174.0
2022-03-21T00:00:00,190.96221372267073,191.6031773519173,188.9019645038329,190.9164276123047,2621907.0
2022-03-22T00:00:00,191.3742425947644,192.56461149142007,189.77182668787043,191.557373046875,2638376.0
2022-03-23T00:00:00,192.33572215476892,193.11403017938315,187.8031764567359,189.2682342529297,2219217.0
2022-03-24T00:00:00,189.26822259271637,189.6802696358872,185.42242690319017,185.97183227539062,2465381.0
2022-03-25T00:00:00,185.97180463617363,188.30674219110855,184.64407751267643,185.60552978515625,2481278.0
2022-03-28T00:00:00,186.4296496679951,189.08507614124397,186.10916089931158,188.48989868164062,2305675.0
2022-03-29T00:00:00,191.37424102871478,194.21281191505298,189.72603902929123,192.335693359375,3107040.0
2022-03-30T00:00:00,192.47305756103475,193.02246294150854,187.71159549411254,190.9164276123047,2749943.0
2022-03-31T00:00:00,191.46581395378257,192.5188245276955,188.3525403939412,188.76458740234375,3003781.0
2022-04-01T00:00:00,187.9862666411863,191.9236339486864,186.56698128974412,191.69471740722656,2906880.0
2022-04-04T00:00:00,192.51882096440468,193.9838924915613,190.09231109275646,193.11399841308594,2738671.0
2022-04-05T00:00:00,193.1140276573816,194.94536035767715,191.64896988032098,192.56463623046875,2837239.0
2022-04-06T00:00:00,191.83207726719164,192.4272547343687,188.03206796022855,190.50436401367188,3897493.0
2022-04-07T00:00:00,190.77905124138735,193.7091801776815,189.77181287018144,191.69471740722656,2811276.0
2022-04-08T00:00:00,193.80076075119985,193.80076075119985,190.6875010172526,192.2899169921875,2843315.0
2022-04-11T00:00:00,192.2899077134024,192.93087127805552,188.90194546712925,189.81761169433594,3409129.0
2022-04-12T00:00:00,187.98626013269356,190.36698369827562,185.7886530275912,188.9934844970703,2815953.0
2022-04-13T00:00:00,188.9934857439464,190.5959014892578,187.61998653367948,190.5959014892578,2575875.0
2022-04-14T00:00:00,190.5959083222084,190.779052734375,188.81036207924006,190.779052734375,1183947.0
2022-04-19T00:00:00,192.0152132920429,192.0152132920429,189.2682144925231,190.6875,2864056.0
2022-04-20T00:00:00,190.96219008040183,194.21280790651394,190.3212265305104,191.51158142089844,2554063.0
2022-04-21T00:00:00,191.7404899955705,193.25134755598526,186.70432607143513,187.98626708984375,3835054.0
2022-04-22T00:00:00,185.78866926091018,187.16216858212525,181.30191040039062,181.30191040039062,3512784.0
2022-04-25T00:00:00,178.51828725960243,179.04936135659088,174.01319729157407,174.6541748046875,4056302.0
2022-04-26T00:00:00,176.65034390577654,177.3096247706789,172.01707458496094,172.01707458496094,3642188.0
2022-04-27T00:00:00,172.0170450589143,174.7823607691571,170.039202803696,173.00596618652344,3156112.0
2022-04-28T00:00:00,174.70912900691332,176.10094566457028,171.2845320900332,172.31007385253906,3452424.0
2022-04-29T00:00:00,174.10479570467413,177.76746103050883,172.45659351365666,175.0204620361328,4018646.0
2022-05-02T00:00:00,173.9033010035735,173.9033010035735,166.65122729463926,170.42376708984375,3618868.0
2022-05-03T00:00:00,171.50428144575142,171.96211454412662,167.40210079645743,167.475341796875,3615499.0
2022-05-04T00:00:00,167.56845533583513,168.3132068672074,164.42188757338806,165.8369140625,3848414.0
2022-05-05T00:00:00,169.4117049731989,169.69098857408187,163.8447124700689,164.27294921875,3345991.0
2022-05-06T00:00:00,162.91376329503655,164.2915442872306,159.39482714425998,160.86570739746094,4979956.0
2022-05-09T00:00:00,160.12096126925294,160.4560987331309,156.24826484331942,156.82545471191406,5138280.0
2022-05-10T00:00:00,158.3894027964171,161.33116308013348,157.42123589801707,157.92393493652344,4809237.0
2022-05-11T00:00:00,159.05969463600454,161.163604473604,156.6206473352964,161.12637329101562,5588106.0
2022-05-12T00:00:00,158.29630975110794,160.60504065429814,156.54616018863115,159.8230438232422,4836354.0
2022-05-13T00:00:00,161.0518871692682,164.01225608036083,159.93476709347766,163.7702178955078,3368288.0
2022-05-16T00:00:00,163.84472377232143,164.5149987786955,161.46153006297138,162.91378784179688,3290359.0
2022-05-17T00:00:00,164.7011494559509,167.69876367587045,163.47232166542946,165.5017547607422,3319141.0
2022-05-18T00:00:00,166.17203970222283,167.40088177217973,162.504150390625,162.504150390625,3272494.0
2022-05-19T00:00:00,160.6423048533245,161.87114712259822,158.7618102616883,161.10777282714844,3474454.0
2022-05-20T00:00:00,162.00144935627134,165.1666253447201,160.9960370034228,162.78343200683594,4536590.0
2022-05-23T00:00:00,164.9432100866218,166.2651515180407,162.96963059428745,164.701171875,3362244.0
2022-05-24T00:00:00,163.84470420400214,165.78105241282566,163.2489058478221,164.2543182373047,2682958.0
2022-05-25T00:00:00,166.04172163017492,166.8237043484364,162.35520935058594,162.35520935058594,1821651.0
2022-05-27T00:00:00,166.5258040843144,170.7522464583849,165.66934483421497,170.1192169189453,3424567.0
2022-05-30T00:00:00,171.29217926873628,174.4946005452485,170.91981064795908,173.43333435058594,2622560.0
2022-05-31T00:00:00,173.17269035542066,173.86157379150404,170.156453095283,170.3798828125,10201654.0
2022-06-01T00:00:00,171.2921816999741,172.53963222273094,168.49937438964844,168.49937438964844,3730793.0
2022-06-02T00:00:00,168.7973194504005,171.42255153890784,168.03394512508225,171.29222106933594,3023144.0
2022-06-03T00:00:00,173.0423597626037,173.47058229739184,170.7708740234375,170.7708740234375,3042846.0
2022-06-07T00:00:00,171.2177228375476,174.08500701055115,171.06876968973998,173.3030242919922,3081398.0
2022-06-08T00:00:00,173.56367212116373,173.91743226931453,170.7150108575047,172.2417449951172,2952282.0
2022-06-09T00:00:00,171.0687610739629,171.16186033789228,167.12160229053546,167.38226318359375,4113128.0
2022-06-10T00:00:00,166.84231519956384,167.32640579291348,163.37923288743397,164.06813049316406,3309285.0
2022-06-13T00:00:00,162.91377444578518,163.06272759161027,160.2699200296825,162.20626831054688,3511857.0
2022-06-14T00:00:00,163.00688944230194,164.32881677791093,159.07833862304688,159.07833862304688,5499677.0
2022-06-15T00:00:00,161.08914828892668,164.01228656291985,158.91076160552743,163.34202575683594,4147786.0
2022-06-16T00:00:00,163.21168227035292,163.21168227035292,155.61524222137322,156.8068389892578,5065442.0
2022-06-17T00:00:00,157.4212537275307,160.10233924481045,155.42905162974733,155.68971252441406,6292605.0
2022-06-20T00:00:00,156.4903368338744,157.7936414648766,153.88371336691495,155.48492431640625,2572551.0
2022-06-21T00:00:00,156.67651467732668,158.5011410849955,155.5035263531565,155.5780029296875,3545603.0
2022-06-22T00:00:00,154.53533026660526,156.24824859049244,151.3887629722187,155.61521911621094,3190854.0
2022-06-23T00:00:00,155.00083103269012,155.00083103269012,152.31973103140396,154.16299438476562,2457999.0
2022-06-27T00:00:00,157.79363842353587,160.67954545721668,157.34679315936984,160.45611572265625,3284129.0
2022-06-28T00:00:00,161.10776419684092,162.05732278996277,158.2591026224299,158.70594787597656,2323089.0
2022-06-29T00:00:00,157.3281569579358,159.17140594372458,155.85727662616065,157.7936248779297,3007403.0
2022-06-30T00:00:00,156.6392501269916,156.97438757791096,154.70290198889666,156.5647735595703,4248019.0
2022-07-01T00:00:00,155.8945187666384,159.562393967613,154.6842993588772,158.03565979003906,2266611.0
2022-07-04T00:00:00,159.50651841378925,160.90292195490323,158.85486626892634,159.6182403564453,2107604.0
2022-07-05T00:00:00,161.051911815864,162.26213133524004,157.92396660199356,158.35220336914062,3362200.0
2022-07-06T00:00:00,160.23269244355504,163.4909682944846,159.89755493068978,163.13722229003906,3001029.0
2022-07-07T00:00:00,165.01771274935905,166.0789792372591,163.5654548401228,166.041748046875,3530698.0
2022-07-08T00:00:00,166.04172337144647,167.791887363489,164.34741325915778,167.51260375976562,2560556.0
2022-07-11T00:00:00,165.7065804579643,166.6002851196026,165.01768281868158,165.68795776367188,2078659.0
2022-07-12T00:00:00,164.775640957588,168.5924835205078,163.62127542127703,168.5924835205078,2883577.0
2022-07-13T00:00:00,168.23872174802582,168.23872174802582,164.10536445356644,165.3900604248047,3091214.0
2022-07-14T00:00:00,165.3900726915701,165.93001720931213,162.35521261615665,164.85012817382812,3644357.0
2022-07-15T00:00:00,164.85011482394157,164.9431998819045,159.05969295340063,161.44288635253906,3719637.0
2022-07-18T00:00:00,162.85793005883482,164.51499483909075,161.72218711439584,163.90057373046875,3590559.0
2022-07-19T00:00:00,163.82609145366587,164.86874929398016,160.86572218685947,164.77565002441406,4038961.0
2022-07-20T00:00:00,166.45132065769772,167.38225643967036,162.78343140393312,163.91917419433594,3095959.0
2022-07-21T00:00:00,164.3101660294722,169.56064328793823,163.49093799320212,169.39308166503906,4118196.0
2022-07-22T00:00:00,169.87715455031434,172.40930096945576,167.82909870673151,170.41709899902344,2960236.0
2022-07-25T00:00:00,170.34264297353053,170.95706406217963,169.0207157314079,169.8957977294922,2658902.0
2022-07-26T00:00:00,169.89579950792492,170.36126745178225,166.46996225951307,166.8423309326172,2185834.0
2022-07-27T00:00:00,167.21469116210938,168.44353329021965,166.6747466699052,167.21469116210938,2130899.0
2022-07-28T00:00:00,168.38768146478654,169.67236328125,166.65614021177132,169.67236328125,2733351.0
2022-07-29T00:00:00,171.01290291004528,176.35647949367564,170.10058980721428,175.76068115234375,3123170.0
2022-08-01T00:00:00,175.9468921982058,176.82197425230189,171.98111021799835,173.5823211669922,2166681.0
2022-08-02T00:00:00,171.60871977591074,172.27899475788197,169.784093373287,170.0819854736328,2059991.0
2022-08-03T00:00:00,169.89580163705907,172.94927025063288,169.83994775588894,172.07418823242188,2122185.0
2022-08-04T00:00:00,172.39068102375916,174.19669871081743,171.94383582648223,172.13002014160156,2088063.0
2022-08-05T00:00:00,172.13003499270476,172.98650848506375,168.79729711115306,168.92762756347656,1904784.0
2022-08-08T00:00:00,170.47296198073275,173.00510853516954,170.11921603022765,172.8561553955078,2050995.0
2022-08-09T00:00:00,172.85614545774385,173.13542902731487,167.7918668449766,168.03390502929688,3317232.0
2022-08-10T00:00:00,167.56844060846242,172.05555789202188,166.74921257545842,171.73902893066406,2897573.0
2022-08-11T00:00:00,172.18590392838266,172.85616468296678,170.37988607656908,170.95706176757812,1953718.0
2022-08-12T00:00:00,171.32942727100556,172.80030761591445,170.73362889629152,170.80810546875,1700925.0
2022-08-15T00:00:00,170.90120548135903,173.78709810071146,170.67777576300858,172.40931701660156,2333484.0
2022-08-16T00:00:00,173.04236480701042,174.53185368245778,172.1672828126461,173.76849365234375,2295332.0
2022-08-17T00:00:00,173.89881328774098,174.45736625442666,170.86395343609763,171.6459503173828,2852008.0
2022-08-18T00:00:00,171.1060199959159,173.56369018554688,170.8825902677842,173.56369018554688,1505257.0
2022-08-19T00:00:00,172.2231371152116,173.11684180663795,170.6591716614082,170.6777801513672,2666338.0
2022-08-22T00:00:00,170.3612493623837,170.6405329400339,167.6615412566549,167.86634826660156,2293594.0
2022-08-23T00:00:00,167.6615349464188,168.46214026290906,163.84469267374274,164.47772216796875,2302376.0
2022-08-24T00:00:00,163.50957131206889,166.30237884817,162.56001277240745,164.86874389648438,2952993.0
2022-08-25T00:00:00,165.7065627873857,167.08434371407398,164.32878186069743,166.71197509765625,2244345.0
2022-08-26T00:00:00,167.5684293887323,168.2573269344464,162.03866894611187,162.1876220703125,2386834.0
2022-08-29T00:00:00,160.51196701955132,162.67174513731487,159.3017475021807,161.4801483154297,2511222.0
2022-08-30T00:00:00,161.81526062557086,164.68253026608352,160.75398022239037,161.38702392578125,1993964.0
2022-08-31T00:00:00,162.15038259008747,162.29933571971094,156.86267433302493,157.04885864257812,5243126.0
2022-09-01T00:00:00,156.02487151232762,156.862708188623,154.4608917236328,154.4608917236328,2977006.0
2022-09-02T00:00:00,156.39722871151557,159.4134660933069,155.33596237059987,159.376220703125,2354079.0
2022-09-05T00:00:00,155.35458228548603,158.44528198242188,154.53535417559638,158.44528198242188,2227890.0
2022-09-06T00:00:00,158.4452769874413,160.00925658383952,156.82545771843843,158.1846160888672,2185038.0
2022-09-07T00:00:00,156.19240234060462,157.70051374228848,154.98218299871948,157.16058349609375,2342843.0
2022-09-08T00:00:00,157.9611927709666,159.39484197613928,155.26148440999035,158.91075134277344,1972558.0
2022-09-09T00:00:00,159.0038454286108,162.41107403610584,158.98522273429313,161.3498077392578,2042205.0
2022-09-12T00:00:00,162.1131648285736,164.75701917594174,161.66631960766924,164.36602783203125,2391673.0
2022-09-13T00:00:00,165.44589563556315,166.09754779203746,161.33116149902344,161.33116149902344,2709292.0
2022-09-14T00:00:00,160.1581951095089,161.2008529060713,158.91074449741214,159.3575897216797,2367184.0
2022-09-15T00:00:00,159.74860416234938,161.90836803727925,159.74860416234938,160.54920959472656,2069855.0
2022-09-16T00:00:00,158.89210529311637,160.1768011599681,157.84946180984662,158.11012268066406,4615154.0
2022-09-19T00:00:00,157.84948389361412,158.46390497719463,155.07529897753645,157.66329956054688,2571845.0
2022-09-20T00:00:00,158.24045120401192,158.8921033731814,153.69749450683594,153.69749450683594,2576496.0
2022-09-21T00:00:00,153.6044046585389,155.82003637434997,152.28247754728397,155.3545684814453,2275042.0
2022-09-22T00:00:00,153.32513932970284,154.66568929360542,150.830237945182,150.84884643554688,3205294.0
2022-09-23T00:00:00,151.29569614499468,152.11491002185255,147.92569875705908,149.5455322265625,4354584.0
2022-09-26T00:00:00,148.8752512312731,151.51910549053025,148.16774513800726,148.46563720703125,3676549.0
2022-09-27T00:00:00,149.84343969164732,151.407405091098,148.6890741313716,149.97377014160156,3069207.0
2022-09-28T00:00:00,148.94973357146574,153.32512915413685,147.27404622779605,152.63624572753906,3650032.0
2022-09-29T00:00:00,152.69210792335545,152.74796180369506,147.27405425114532,148.00018310546875,3613819.0
2022-09-30T00:00:00,148.9497488848109,152.74796918596817,148.13052072035885,152.28250122070312,4029776.0
2022-10-03T00:00:00,151.5191092792108,154.125732421875,148.4842636131884,154.125732421875,3694335.0
2022-10-04T00:00:00,157.32814458318785,159.54377625367198,155.72693392795685,159.11553955078125,3559439.0
2022-10-05T00:00:00,158.89212926488358,159.67412620026644,156.3041286534977,157.34678649902344,2874996.0
2022-10-06T00:00:00,158.72455238078263,159.5251577293178,157.0116339343664,157.77499389648438,2456916.0
2022-10-07T00:00:00,157.6818941967914,157.73774806627728,152.2824642689136,152.37554931640625,2509702.0
2022-10-10T00:00:00,150.96056555876817,152.35696937736935,149.69449219503824,149.91790771484375,2671309.0
2022-10-11T00:00:00,148.94973998222423,150.9047110014726,148.50289473966473,150.23443603515625,2880699.0
2022-10-12T00:00:00,150.81160671917104,151.91010419664897,149.35934907540863,149.97377014160156,2288592.0
2022-10-13T00:00:00,149.52693459212242,153.604438785468,147.57197753055365,152.841064453125,3518037.0
2022-10-14T00:00:00,155.1497959424385,155.59664124151766,152.54317232205756,152.841064453125,2651819.0
2022-10-17T00:00:00,153.23204175154507,158.85488785774572,151.8170153268572,158.03565979003906,3608278.0
2022-10-18T00:00:00,159.19002482974895,163.13719781065575,158.91074124344297,161.90835571289062,4324857.0
2022-10-19T00:00:00,163.0068791783292,163.49095561105963,159.376220703125,159.376220703125,5030438.0
2022-10-20T00:00:00,158.2590989181882,160.64229248792824,156.4903264357901,159.30174255371094,3158661.0
2022-10-21T00:00:00,158.07290609994553,159.35758788049097,156.41584146601824,159.24588012695312,3435674.0
2022-10-24T00:00:00,160.80986551493697,163.84471130371094,159.3762163362553,163.84471130371094,3243132.0
2022-10-25T00:00:00,164.8128671294058,169.50479149760642,163.56541657153258,168.72280883789062,3620742.0
2022-10-26T00:00:00,168.90901068671076,169.07657232906072,166.02310373663406,168.48077392578125,2534596.0
2022-10-27T00:00:00,167.56844579991537,169.35584085052008,166.80507161733826,167.6987762451172,2185586.0
2022-10-28T00:00:00,166.32101298030588,169.31862774492902,165.55763871623012,169.02072143554688,1960161.0
2022-10-31T00:00:00,169.4303138398553,169.6164981569305,167.28915868110832,167.90357971191406,2679193.0
2022-11-01T00:00:00,168.7600524251348,170.84535387595392,167.17746429605387,167.79188537597656,3172680.0
2022-11-02T00:00:00,168.0525416784828,168.79729319087215,166.116193428252,167.17745971679688,2310576.0
2022-11-03T00:00:00,165.70659188923779,166.89818871698873,164.81288716594722,165.8555450439453,3063955.0
2022-11-04T00:00:00,166.79173236145084,169.26327514648438,165.78064472869133,169.26327514648438,1649155.0
2022-11-07T00:00:00,168.51430302659082,170.55519161749277,167.87770029424382,169.31942749023438,1999335.0
2022-11-08T00:00:00,169.31942908871673,173.32632363347696,168.5892015781851,172.55865478515625,2806520.0
2022-11-09T00:00:00,172.07183007543819,172.52119755038203,170.6300885941723,172.4088592529297,2456779.0
2022-11-10T00:00:00,171.3228802136136,181.45246938693356,169.46922682097622,181.19032287597656,4081162.0
2022-11-11T00:00:00,182.5571513367555,183.4933418564312,178.58769839068256,180.83456420898438,3901220.0
2022-11-14T00:00:00,180.96563841052964,181.77076286489418,178.70005896572104,179.87965393066406,2261620.0
2022-11-15T00:00:00,180.49754143826655,181.90182726747744,177.95110199182008,179.52389526367188,2769777.0
2022-11-16T00:00:00,179.3928293600366,180.68477689561084,176.69661027880161,177.25831604003906,2091480.0
2022-11-17T00:00:00,177.46428445210415,180.12306227675867,176.26596164986168,177.445556640625,2129863.0
2022-11-18T00:00:00,177.87622163750206,180.85330101646468,177.46429547019355,179.26177978515625,2680939.0
2022-11-21T00:00:00,178.99963992060373,179.65497048378774,177.2021556822412,178.56900024414062,1842319.0
2022-11-22T00:00:00,178.56899439325738,180.53498601839294,177.98854652619738,179.823486328125,2025741.0
2022-11-23T00:00:00,180.49753659111863,181.3775579727465,179.7485813119587,180.7783966064453,2424392.0
2022-11-24T00:00:00,181.0030770702318,183.41845039759855,180.55370960715757,181.22776794433594,1897641.0
2022-11-25T00:00:00,181.71460362457535,183.06270610724195,181.2839496573084,182.7818603515625,2046348.0
2022-11-28T00:00:00,182.50099446849208,182.50099446849208,180.36648108284822,180.94691467285156,2211072.0
2022-11-29T00:00:00,181.34009483684915,182.18267484791093,179.13068471171357,179.20558166503906,2161822.0
2022-11-30T00:00:00,180.68479919433594,183.39974642154363,179.76733633816133,180.68479919433594,6997577.0
2022-12-01T00:00:00,183.4933751502214,185.62788877956615,180.44139864496373,181.5460968017578,4243629.0
2022-12-02T00:00:00,181.32137673622518,182.31375070707534,179.24304688197336,180.87200927734375,2411952.0
2022-12-05T00:00:00,181.15288200862227,183.24995410578927,180.0107283280827,182.83802795410156,2542083.0
2022-12-06T00:00:00,182.42610363842192,183.30612510131436,180.1230684422324,180.31031799316406,3370401.0
2022-12-07T00:00:00,180.1417852947264,180.2354100644962,178.13833807380695,179.1119842529297,2319216.0
2022-12-08T00:00:00,178.41921837307675,180.19797491976243,177.27706462073806,178.26942443847656,2768205.0
2022-12-09T00:00:00,179.28052226138567,181.99546962596295,179.1494561324434,181.52737426757812,2809660.0
2022-12-12T00:00:00,180.06688819601436,181.62096794812643,179.91709427855278,181.58352661132812,2530904.0
2022-12-13T00:00:00,182.20140736283597,187.98707261534096,180.9843710285642,184.59805297851562,3952316.0
2022-12-14T00:00:00,184.59806316516887,186.8449292677081,182.76313751415404,185.44064331054688,2826842.0
2022-12-15T00:00:00,183.56824187149823,183.8303740785653,180.46008243751146,180.51626586914062,3688777.0
2022-12-16T00:00:00,179.9545525455436,182.014168942944,177.14598083496094,177.14598083496094,4475312.0
2022-12-19T00:00:00,177.7451490186992,178.6064426619649,175.928936957518,176.86512756347656,2532101.0
2022-12-20T00:00:00,175.40467535709257,176.7715199494858,174.74934477928838,175.92893981933594,2402600.0
2022-12-21T00:00:00,176.8651098536813,178.62515258789062,176.35957326254328,178.62515258789062,2806549.0
2022-12-22T00:00:00,178.92475876358603,179.89840507358159,175.92895143501545,176.30343627929688,1779418.0
2022-12-23T00:00:00,176.3033999333818,178.5689792049622,176.15360602655008,177.3519287109375,1690342.0
2022-12-27T00:00:00,178.47536556440824,179.86092357611602,178.08216724832093,178.7562255859375,1634233.0
2022-12-28T00:00:00,178.75622678134093,179.261763395367,177.16470569554426,177.6702423095703,1707065.0
2022-12-29T00:00:00,177.67024878487098,179.67369607333092,176.49065378572962,179.65496826171875,1752810.0
2022-12-30T00:00:00,179.31791982691328,179.31791982691328,176.28467178758748,176.528076171875,2855446.0
2023-01-02T00:00:00,177.87618882387017,178.3442840576172,176.1348739829259,178.3442840576172,1790984.0
2023-01-03T00:00:00,178.3443005186894,182.07033492338928,177.87620524173747,180.14178466796875,2231197.0
2023-01-04T00:00:00,180.87202185334692,182.66950609898538,180.572448288308,182.4261016845703,2045968.0
2023-01-05T00:00:00,182.42608929519335,182.83801541863923,181.62096485894935,181.69586181640625,971154.0
2023-01-09T00:00:00,182.74438051986854,186.24573808992216,182.74438051986854,186.20828247070312,4110848.0
2023-01-10T00:00:00,185.34701837752965,185.40318753014742,183.30612964502876,184.82275390625,2488937.0
2023-01-11T00:00:00,186.41425995514618,192.5275831763236,186.0585172558192,191.310546875,4206091.0
2023-01-12T00:00:00,190.98289820831278,194.68084852737792,190.65522575713626,193.69784545898438,3888026.0
2023-01-13T00:00:00,193.41700953471053,194.82129562246942,191.73186337237252,192.99571228027344,2528402.0
2023-01-16T00:00:00,193.74462374907492,194.91486188996706,192.05947796916354,194.07229614257812,1602869.0
2023-01-17T00:00:00,193.51059025268006,194.21273318849177,192.05949199497562,192.4807891845703,2151218.0
2023-01-18T00:00:00,192.85526255930307,193.5574055055141,190.42116129838413,191.5446014404297,2645768.0
2023-01-19T00:00:00,190.4679789940118,190.70202664927234,187.75303190704346,188.12750244140625,3303935.0
2023-01-20T00:00:00,190.04668955547797,191.35735066594464,187.56579020883228,189.43817138671875,3510748.0
2023-01-23T00:00:00,190.98287557337093,192.94888147715056,189.76582497984708,192.90206909179688,2387178.0
2023-01-24T00:00:00,193.18294022086613,193.27655071181883,190.88926177292907,191.21693420410156,2264327.0
2023-01-25T00:00:00,190.98289088991214,190.98289088991214,188.59560189676114,189.81265258789062,2091951.0
2023-01-26T00:00:00,190.42114811801414,192.855249210452,189.95305285294023,191.123291015625,3666833.0
2023-01-27T00:00:00,191.73185028349775,192.34036849926377,190.1403290163794,190.98289489746094,2333211.0
2023-01-30T00:00:00,190.7488004154964,191.07647278056982,189.25089001106412,189.90623474121094,1935761.0
2023-01-31T00:00:00,189.90626668119037,190.5615972364237,188.4551684113014,189.43817138671875,2610442.0
2023-02-01T00:00:00,189.578572040131,190.98285775894678,188.54875679894621,189.2041015625,2645576.0
2023-02-02T00:00:00,190.88926817433466,197.62985229492188,190.4211728484681,197.62985229492188,5664509.0
2023-02-03T00:00:00,196.22555617197372,196.88088673727756,193.8850796636493,196.78726196289062,2594966.0
2023-02-06T00:00:00,195.66380450348026,195.66380450348026,192.29351316161606,193.13609313964844,2548269.0
2023-02-07T00:00:00,193.13613333977057,193.3701810015286,191.2169396563274,191.91908264160156,2594298.0
2023-02-08T00:00:00,193.41697960414902,193.88507489429932,191.96588134765625,191.96588134765625,3107579.0
2023-02-09T00:00:00,192.57441846838563,193.74465680896301,191.12332006904248,191.59141540527344,2460843.0
2023-02-10T00:00:00,190.889255371473,190.889255371473,187.89344834388157,189.43817138671875,2352675.0
2023-02-13T00:00:00,190.18711364964713,191.68502431561797,190.04669077445885,191.5446014404297,2206902.0
2023-02-14T00:00:00,191.91905109721807,192.7616168270062,189.90624725098348,190.84243774414062,2874891.0
2023-02-15T00:00:00,190.65520969848325,192.10630798339844,189.34454857444464,192.10630798339844,2475378.0
2023-02-16T00:00:00,192.85527328863378,194.25955925918208,189.9530765687797,191.91908264160156,3352561.0
2023-02-17T00:00:00,190.93605874458575,191.73182642167626,189.20411480788005,190.70201110839844,2650495.0
2023-02-20T00:00:00,191.82541369765363,191.82541369765363,189.62537475473835,189.90623474121094,1434428.0
2023-02-21T00:00:00,189.2509383242322,190.09351849874915,187.65941704143705,187.94027709960938,1890367.0
2023-02-22T00:00:00,187.5189841135381,188.03389181175876,185.21594890201263,187.6125946044922,2712743.0
2023-02-23T00:00:00,187.79985130342854,189.9998907738976,187.79985130342854,188.87646484375,2210787.0
2023-02-24T00:00:00,189.48497364239685,190.65521190423263,186.39555605925838,187.51898193359375,2534644.0
2023-02-27T00:00:00,187.9402630434835,190.7488348448805,187.9402630434835,190.04669189453125,1392629.0
2023-02-28T00:00:00,189.5786011757853,190.60841657523875,188.5487857763319,189.67222595214844,2967120.0
2023-03-01T00:00:00,190.18714450587865,191.6382430205034,188.08071532549545,188.4552001953125,2344426.0
2023-03-02T00:00:00,187.70622664181514,189.57860795495046,187.0883373800479,189.39137268066406,1504959.0
2023-03-03T00:00:00,190.09350034578358,192.66802444375986,190.09350034578358,192.4807891845703,1934497.0
2023-03-06T00:00:00,193.22973948116382,194.91488546489333,193.0425042130017,193.3233642578125,1970775.0
2023-03-07T00:00:00,193.04251687272927,194.6340381841821,190.79566493716487,191.17013549804688,2183187.0
2023-03-08T00:00:00,190.37435298881664,191.5445911697532,190.18710345175955,190.70201110839844,3019438.0
2023-03-09T00:00:00,190.56159845870724,192.05949483954328,188.97007730432247,191.5446014404297,2319953.0
2023-03-10T00:00:00,188.17431408565548,189.06369231510294,186.2083080751841,187.5657958984375,3615124.0
2023-03-13T00:00:00,187.79983677193954,188.36154255098205,181.80820846621037,184.65423583984375,4679370.0
2023-03-14T00:00:00,183.98020956824269,188.82967077999245,183.5870111687876,188.4552001953125,3967532.0
2023-03-15T00:00:00,188.54878641816833,188.64241119485015,181.02182006835938,181.02182006835938,4279958.0
2023-03-16T00:00:00,183.549524155449,185.3470083678209,180.51627579681784,184.80401611328125,4226647.0
2023-03-17T00:00:00,185.08489536746978,185.96491689604062,178.49411923765172,179.13072204589844,7937215.0
2023-03-20T00:00:00,176.5468221621847,182.9878179556254,175.68552853854885,182.1826934814453,3237377.0
2023-03-21T00:00:00,184.12996124411674,186.54533471804686,183.39973371538613,186.1334228515625,3067296.0
2023-03-22T00:00:00,186.43300325634394,187.10706165915266,185.38447431203502,186.05853271484375,2032366.0
2023-03-23T00:00:00,186.00232690065843,186.00232690065843,183.02524788401286,185.30955505371094,2141142.0
2023-03-24T00:00:00,187.33173649664698,188.8296328193803,183.1375925086716,183.99888610839844,3196555.0
2023-03-27T00:00:00,185.92745756413444,188.50198169599608,185.75893582905158,187.21939086914062,2784494.0
2023-03-28T00:00:00,187.65939589459094,188.73602361540645,185.21593794856983,186.00233459472656,3048475.0
2023-03-29T00:00:00,188.08068704559736,188.6424071232939,187.33174598884858,188.5487823486328,2662076.0
2023-03-30T00:00:00,189.57861117353477,191.8254630733889,189.39137589606958,191.59141540527344,2717296.0
2023-03-31T00:00:00,191.59139372756565,193.65102440205266,191.07650034407828,192.90206909179688,2866728.0
2023-04-03T00:00:00,193.18294282132553,193.55741336044755,191.9190797528017,192.8552703857422,2386143.0
2023-04-04T00:00:00,193.55741135130785,195.47660498594158,193.46378657493148,194.86807250976562,2482928.0
2023-04-05T00:00:00,194.86803821115888,195.05528773095395,193.51056490344098,194.7276153564453,2508815.0
2023-04-06T00:00:00,195.52342767430497,196.22557067871094,194.72765988859047,196.22557067871094,1392420.0
2023-04-11T00:00:00,197.02132727056483,198.28519041238008,196.97451487917607,197.91070556640625,2760185.0
2023-04-12T00:00:00,198.47240427066396,200.29797305669265,196.78725835850875,197.1617431640625,3317173.0
2023-04-13T00:00:00,198.09795660839032,198.37880238854356,195.80427797947257,197.44261169433594,2646477.0
2023-04-14T00:00:00,197.86389850577652,199.08093491598953,197.8170861165063,198.0979461669922,2490949.0
2023-04-17T00:00:00,198.8468775186575,198.8468775186575,195.24255228349577,195.7106475830078,2714894.0
2023-04-18T00:00:00,196.13193139758675,197.44259252819447,195.28936556864394,196.78726196289062,1883714.0
2023-04-19T00:00:00,196.74044187975153,197.0681142921533,195.4297808004133,195.9915008544922,2325928.0
2023-04-20T00:00:00,195.99151974596973,196.60003795893118,194.9148919193989,195.61703491210938,2343419.0
2023-04-21T00:00:00,195.66382703652295,197.02130049147195,194.86805934648336,196.4595947265625,3909974.0
2023-04-24T00:00:00,196.693628259115,203.24696170897428,196.27233110923174,202.68524169921875,2826448.0
2023-04-25T00:00:00,202.21716450557443,205.30659626476984,202.07674163316605,204.8385009765625,3673186.0
2023-04-26T00:00:00,205.96195056403758,205.96195056403758,203.29380139949444,204.60447692871094,3636568.0
2023-04-27T00:00:00,204.65126978041403,206.57044907205017,203.9959249358082,206.0087432861328,4559993.0
2023-04-28T00:00:00,206.71089461244244,207.78750812628107,204.37041803006682,205.7747039794922,3978401.0
2023-05-02T00:00:00,206.43002429974425,206.47683668609085,203.57464015421743,204.93211364746094,3429817.0
2023-05-03T00:00:00,205.07256257521323,207.3194143974459,203.57465183696775,205.82151794433594,2957138.0
2023-05-04T00:00:00,204.68095809926623,206.86699799589465,203.54039788888988,206.3917694091797,2514870.0
2023-05-05T00:00:00,207.38975431311687,207.57984284904458,204.72847130165206,207.1046142578125,2462259.0
2023-05-08T00:00:00,207.1996729990233,207.72242736816406,205.86903869832517,207.72242736816406,2152672.0
2023-05-09T00:00:00,207.72241416361072,207.76993992193442,203.58791973747836,204.96607971191406,2743203.0
2023-05-10T00:00:00,206.0115773802435,207.2947002723229,202.78002902638906,204.5858917236328,2803674.0
2023-05-11T00:00:00,204.68095595551858,206.6293815383825,203.73049879204336,205.393798828125,2885007.0
2023-05-12T00:00:00,206.20167045282972,206.81947628602822,203.54038760117234,204.4908447265625,2302144.0
2023-05-15T00:00:00,204.4908717101233,205.7264690367385,203.87308029822904,205.0136260986328,2637662.0
2023-05-16T00:00:00,205.58390516940744,206.2016965780537,203.73051644064202,204.443359375,2116272.0
2023-05-17T00:00:00,203.73049199456756,204.01561753183663,202.63745759134497,203.11268615722656,1144742.0
2023-05-19T00:00:00,205.67891190519853,208.91047476678932,205.67891190519853,208.34019470214844,2093355.0
2023-05-22T00:00:00,208.34022430134632,208.91050444700772,207.48481858568076,208.05508422851562,2005826.0
2023-05-23T00:00:00,208.00755573685646,208.81543562298563,206.81948428417354,207.34222412109375,1868668.0
2023-05-24T00:00:00,206.72443916487018,206.72443916487018,203.77801606989573,204.0631561279297,1684281.0
2023-05-25T00:00:00,204.34829765579207,204.82352625499158,202.68499755859375,202.68499755859375,2273492.0
2023-05-26T00:00:00,203.16022366853602,207.91250960230295,202.25729224168543,207.38975524902344,2219582.0
2023-05-29T00:00:00,207.76995413863315,208.81544837916638,207.53233983358112,208.15013122558594,1625604.0
2023-05-30T00:00:00,208.15013323511457,210.52627630857478,207.91251892776853,209.0055389404297,1980331.0
2023-05-31T00:00:00,207.7699429361623,210.4787371660079,207.34222560786915,209.71836853027344,11598885.0
2023-06-01T00:00:00,210.7638702392578,212.5222217447514,209.86093885920366,210.7638702392578,2802559.0
2023-06-02T00:00:00,211.23911947913732,212.522242541446,209.86095939547425,210.81141662597656,3100505.0
2023-06-05T00:00:00,210.81141815026862,211.2391210065219,208.5303120788735,209.43325805664062,1998222.0
2023-06-07T00:00:00,209.43325083096352,211.90443086118336,208.67288216673202,208.81544494628906,3010234.0
2023-06-08T00:00:00,207.8174590177587,208.43526489362418,206.58187627167925,207.67489624023438,2545540.0
2023-06-09T00:00:00,208.5303034724691,208.767917772006,205.29875479989735,206.43930053710938,2206708.0
2023-06-12T00:00:00,207.1046227101016,207.67490284398448,204.4908653516533,204.53839111328125,2519451.0
2023-06-13T00:00:00,205.20371111993157,206.20169411668545,204.63344548094824,205.536376953125,2969474.0
2023-06-14T00:00:00,205.53635676038363,205.6314082756225,203.82553100585938,203.82553100585938,2912978.0
2023-06-15T00:00:00,203.87307579637195,205.1561988577594,203.44537294351827,205.10867309570312,2127672.0
2023-06-16T00:00:00,205.29874254993558,207.96002544651827,204.2532338932272,207.43727111816406,11840028.0
2023-06-19T00:00:00,207.00956502703434,207.00956502703434,202.06719087040167,202.54241943359375,3036218.0
2023-06-20T00:00:00,202.4473713927466,203.82553134908056,201.5444400077571,202.01966857910156,2994763.0
2023-06-21T00:00:00,202.01969689342204,202.2097854480369,198.97823651110278,199.21585083007812,3883919.0
2023-06-22T00:00:00,198.4554749346258,199.31088065088338,197.40996616779853,198.59803771972656,2349993.0
2023-06-26T00:00:00,198.5980170907136,198.5980170907136,195.74664566226738,198.5504913330078,2963948.0
2023-06-27T00:00:00,198.55049528765412,200.16628406488297,197.55252687008087,199.97618103027344,2122812.0
2023-06-28T00:00:00,200.83160698345807,202.68499560187843,200.5464669261259,201.97215270996094,1892635.0
2023-06-29T00:00:00,201.97215270996094,203.3027869737433,201.0692212807639,201.97215270996094,1932192.0
2023-06-30T00:00:00,202.35232253518848,205.2987455173547,202.0671969908968,204.96607971191406,2722850.0
2023-07-03T00:00:00,204.96609925793456,205.7264679551484,203.92060498923883,204.443359375,2324641.0
2023-07-04T00:00:00,204.443359375,205.7264679551484,204.06316777497977,204.443359375,2208956.0
2023-07-05T00:00:00,203.20773755843007,203.58791460979378,199.26333176211335,199.50094604492188,3437029.0
2023-07-06T00:00:00,198.6455506889349,199.31086781460064,196.79216208785684,197.64756774902344,2984938.0
2023-07-07T00:00:00,197.64755786096012,199.2633320861205,196.50701220218951,197.69508361816406,1964128.0
2023-07-10T00:00:00,197.55254314829014,197.60005440803207,196.41198285795292,196.64959716796875,1958537.0
2023-07-11T00:00:00,197.64757815175193,197.69510391383497,195.1288722924418,195.794189453125,2581513.0
2023-07-12T00:00:00,196.74462846767403,198.55049123702025,195.36646851182297,198.40792846679688,2036149.0
2023-07-13T00:00:00,199.31087228907688,199.31087228907688,197.4099578857422,197.4099578857422,1776725.0
2023-07-14T00:00:00,197.60003859671846,199.12077586026592,196.41196714170493,198.31288146972656,2135629.0
2023-07-17T00:00:00,197.457479631683,197.457479631683,194.41601954875168,195.84170532226562,2623843.0
2023-07-18T00:00:00,201.49693349913434,202.54244225710005,198.4554732525429,199.69107055664062,3963259.0
2023-07-19T00:00:00,200.59397457110177,202.16222299056608,200.30883453951975,200.97415161132812,2935979.0
2023-07-20T00:00:00,199.92868876838762,201.2593231201172,199.45346014236608,201.2593231201172,2801050.0
2023-07-21T00:00:00,201.11673488221882,203.11268615722656,199.21582061869248,203.11268615722656,2128227.0
2023-07-24T00:00:00,202.44738812708783,204.96609396228027,201.97215951646086,204.53839111328125,1504070.0
2023-07-25T00:00:00,204.53839929472497,205.77399663234368,202.9226248545283,205.5839080810547,1673645.0
2023-07-26T00:00:00,205.2987517413116,205.48884027754397,203.01766030087174,205.15618896484375,1712119.0
2023-07-27T00:00:00,205.8690374107499,207.5323375276328,204.53838861554794,205.4888458251953,3377346.0
2023-07-28T00:00:00,205.1086687424668,206.3442660155736,204.58591437659553,205.4888458251953,1613436.0
2023-07-31T00:00:00,205.4888374548756,205.63141473221066,204.30076599121094,204.30076599121094,1582626.0
2023-08-01T00:00:00,204.0631452911315,205.48883100276421,203.82553100585938,203.82553100585938,1222378.0
2023-08-02T00:00:00,202.01969273950724,202.49492136768635,199.69107536199493,201.54446411132812,2063285.0
2023-08-03T00:00:00,200.26133341343495,200.59399924166513,198.0277676474615,198.8356475830078,2325584.0
2023-08-04T00:00:00,199.64354044095572,200.11876904733606,197.83766303501466,200.0712432861328,1576572.0
2023-08-07T00:00:00,199.16833243247845,200.3564040712992,198.8356665724776,200.2613525390625,1594897.0
2023-08-08T00:00:00,199.5959993610677,201.11673658590107,199.21582230627186,199.9286651611328,1479539.0
2023-08-09T00:00:00,201.1642762858942,203.82555955425397,200.8791507058922,202.97015380859375,1856424.0
2023-08-10T00:00:00,203.16022019540486,205.25122306995036,203.16022019540486,204.158203125,1873731.0
2023-08-11T00:00:00,203.87305917149686,203.87305917149686,198.4079305456875,199.26333618164062,2907574.0
2023-08-14T00:00:00,198.69308222076927,199.92867949165864,197.98023931481305,199.64353942871094,2055303.0
2023-08-15T00:00:00,199.64352600031287,199.73856301301905,195.6991201509675,196.60206604003906,2733034.0
2023-08-16T00:00:00,195.79418455020257,198.31289034644126,195.41400746871122,197.83766174316406,1993279.0
2023-08-17T00:00:00,196.79217143390653,196.98225997843505,194.89125698296866,195.36648559570312,2746384.0
2023-08-18T00:00:00,194.84371306552282,195.17637886456956,193.22793883334933,194.3684844970703,2756003.0
2023-08-21T00:00:00,194.1783872614027,197.5525128466517,193.56058144842788,194.98626708984375,2103666.0
2023-08-22T00:00:00,196.26939153096762,197.93269145919615,195.50902294892683,197.2198486328125,2794269.0
2023-08-23T00:00:00,197.55255790424775,200.3564040712992,197.02980348260107,200.2613525390625,2820422.0
2023-08-24T00:00:00,201.49691829019753,201.87709535376587,199.64352972535747,199.97618103027344,3251172.0
2023-08-25T00:00:00,199.12077340992352,200.9266361981913,198.4079305456875,199.26333618164062,2441517.0
2023-08-28T00:00:00,200.54647189251318,201.11675202130004,198.1228030994081,200.0712432861328,2475822.0
2023-08-29T00:00:00,200.7365623731034,201.21179098407325,199.64354236900323,200.78408813476562,2938904.0
2023-08-30T00:00:00,201.35436177229425,201.35436177229425,198.8356415137256,200.16629028320312,2702124.0
2023-08-31T00:00:00,200.30885943988463,201.97215957758237,199.35840221834306,200.6415252685547,6232783.0
2023-09-01T00:00:00,200.64151691201516,201.21178251949328,199.2633423959186,199.4534454345703,1920676.0
2023-09-04T00:00:00,199.4534411935733,200.87912693619262,199.35838967626853,199.97618103027344,1912472.0
2023-09-05T00:00:00,199.59598934807946,202.30479786179023,199.40590083021758,201.9246063232422,2694843.0
2023-09-06T00:00:00,201.9246230638816,204.3958175094343,200.78407735932862,204.30076599121094,2657896.0
2023-09-07T00:00:00,203.82554338411978,204.4908605227212,201.78206620780983,202.8275604248047,2442055.0
2023-09-08T00:00:00,203.39783755199545,203.63545184820106,200.64151751714076,201.68701171875,1338381.0
2023-09-11T00:00:00,201.6870037229751,203.54039225933707,201.30682666524834,202.3048095703125,2060559.0
2023-09-12T00:00:00,202.7800471219311,203.25527571654274,200.26132686879376,201.97215270996094,2676558.0
2023-09-13T00:00:00,200.87914150185577,202.0672130401851,199.92868427119228,201.3543701171875,2036770.0
2023-09-14T00:00:00,201.35437934299833,203.35033091714783,200.8791507058922,202.97015380859375,2556221.0
2023-09-15T00:00:00,204.20574506354734,205.7264679551484,203.82555346352711,204.443359375,5998381.0
2023-09-18T00:00:00,204.4433520684768,204.77600339092606,203.06517750904413,203.6829833984375,1956926.0
2023-09-19T00:00:00,203.6829799825737,206.15415999022593,203.49289144395829,204.34829711914062,2349349.0
2023-09-20T00:00:00,204.58591721933098,207.19967458217957,204.53839145762302,206.48683166503906,2923165.0
2023-09-21T00:00:00,205.4413092344689,206.72443220098444,203.635446432464,205.251220703125,2580389.0
2023-09-22T00:00:00,204.34829507090527,204.77599790420945,202.87508353145682,203.49288940429688,2138288.0
2023-09-25T00:00:00,203.49290283124859,204.44336008033835,201.78207688232166,202.92262268066406,2638206.0
2023-09-26T00:00:00,202.35232346045953,203.49288365414256,200.97416347972208,201.6394805908203,2955168.0
2023-09-27T00:00:00,202.30481258458175,202.4949011162774,199.3108638247805,199.8336181640625,2573251.0
2023-09-28T00:00:00,199.83361184198378,200.35636616472758,198.5980146708144,199.50094604492188,1906039.0
2023-09-29T00:00:00,200.11874186058017,201.63946449270674,199.07323326744853,199.40589904785156,2614246.0
2023-10-02T00:00:00,199.4059034607383,200.45139757418275,197.5525150071929,199.1682891845703,2894256.0
2023-10-03T00:00:00,198.64553428557983,199.35837711196348,196.93470860169415,197.2198486328125,1987139.0
2023-10-04T00:00:00,196.60206509122068,197.7901365155021,194.93876509722668,196.31692504882812,2396048.0
2023-10-05T00:00:00,196.88718590753504,199.6910460038356,196.69709738477516,198.3603973388672,2802808.0
2023-10-06T00:00:00,199.3583969724308,200.73655700683594,198.21785123715847,200.73655700683594,2079817.0
2023-10-09T00:00:00,200.40389433709535,202.78003719381775,199.73856273495306,202.01966857910156,2980767.0
2023-10-10T00:00:00,203.58794203545318,206.43931381326857,203.3978534841642,205.5839080810547,2577896.0
2023-10-11T00:00:00,205.3937955407108,206.81948126310493,204.91856696657942,206.20167541503906,2935927.0
2023-10-12T00:00:00,207.0095581872399,210.90642357496387,206.77194391349485,209.2906494140625,5675957.0
2023-10-13T00:00:00,208.91049888765386,209.57581603800293,207.38976154157643,207.72242736816406,2752920.0
2023-10-16T00:00:00,207.72242386233827,209.1481096616641,205.96407224203938,208.24517822265625,2751654.0
2023-10-17T00:00:00,208.15014261895152,208.91051133730303,205.10868224837242,206.58189392089844,3223682.0
2023-10-18T00:00:00,206.58189418393272,207.34224840042538,201.16427612304688,201.16427612304688,3721398.0
2023-10-19T00:00:00,201.1642568505857,201.87709973737418,198.26537404657296,199.59600830078125,3178555.0
2023-10-20T00:00:00,198.21784301045764,198.21784301045764,189.84431777699862,190.07241821289062,7650512.0
2023-10-23T00:00:00,191.08945020070192,191.51715310110652,188.07650218754,189.6732635498047,5126515.0
2023-10-24T00:00:00,189.69225762287218,191.32704523523756,188.39963519688155,190.9468536376953,3209396.0
2023-10-25T00:00:00,190.99435720172028,193.37050002459023,189.84431219703316,191.99234008789062,3412543.0
2023-10-26T00:00:00,190.1389607998763,194.65363238208937,189.78728178312988,193.46556091308594,3294134.0
2023-10-27T00:00:00,193.8932733091167,193.8932733091167,190.2815329645581,191.4696044921875,2350348.0
2023-10-30T00:00:00,191.46961717781554,193.27549472115456,191.08944006491637,192.42007446289062,2060304.0
2023-10-31T00:00:00,192.56262621604677,194.4160147755463,191.80225758827572,194.2734375,2425381.0
2023-11-01T00:00:00,194.79618479122877,196.50701051611784,193.9883049369928,195.17637634277344,2417559.0
2023-11-02T00:00:00,196.5545442339027,199.6910557727657,196.4119669577394,198.0277557373047,3238846.0
2023-11-03T00:00:00,199.22213401439552,199.69988493529337,197.50222778320312,197.50222778320312,1711807.0
2023-11-06T00:00:00,198.64883427426366,198.93548775314775,195.63900919548453,196.88116455078125,2906849.0
2023-11-07T00:00:00,196.498957788904,197.5022376890699,196.02120684404423,196.83338928222656,1869380.0
2023-11-08T00:00:00,196.26008218649906,198.55329546818834,195.78233124195566,197.59779357910156,1577673.0
2023-11-09T00:00:00,197.88442730186864,199.6998748779297,197.45443983087495,199.6998748779297,2404067.0
2023-11-10T00:00:00,198.69662406187436,199.31770906623862,196.54674471251093,197.69334411621094,1881388.0
2023-11-13T00:00:00,197.9799805684701,198.74438496506522,196.26007432108142,197.215576171875,2229516.0
2023-11-14T00:00:00,197.3111292987223,200.55982971191406,196.21230801832536,200.55982971191406,4662374.0
2023-11-15T00:00:00,200.65539099384958,202.61417272665457,199.74766714102813,201.9930877685547,5649863.0
2023-11-16T00:00:00,201.6586564165757,202.27972675037648,199.7476528297421,200.4642791748047,3891750.0
2023-11-17T00:00:00,200.65537923017155,202.99635573856344,200.60760122391855,201.9453125,2890412.0
2023-11-20T00:00:00,202.13640642510902,203.52188110351562,201.41978008319523,203.52188110351562,2639449.0
2023-11-21T00:00:00,203.52188733301844,204.14295768310032,201.65866170297207,202.6619415283203,3738764.0
2023-11-22T00:00:00,202.853029106642,204.95513008903103,202.1841807822182,204.09518432617188,3744718.0
2023-11-23T00:00:00,204.3340724257684,206.9139244539438,203.95186294542336,205.146240234375,2324382.0
2023-11-24T00:00:00,205.19400746822168,206.3883846944628,204.76403458273492,206.34060668945312,1924919.0
2023-11-27T00:00:00,206.34062381095757,206.72283330294937,204.7640515734203,206.05397033691406,1959520.0
2023-11-28T00:00:00,205.43290448717363,206.24508691822965,203.76077619483618,204.71627807617188,1977551.0
2023-11-29T00:00:00,204.71626724278568,206.62727090432858,204.52516979259156,205.91064453125,2687670.0
2023-11-30T00:00:00,206.38841576290338,208.49051708156506,206.10176226949443,208.1083221435547,11116972.0
2023-12-01T00:00:00,208.58604698596147,210.16261913258228,208.1082960833733,209.30267333984375,2600401.0
2023-12-04T00:00:00,209.25491506798122,210.64038990018784,208.77716412033743,209.732666015625,2610601.0
2023-12-05T00:00:00,209.73265072545018,212.79025365150113,209.637094710967,212.2647247314453,2858366.0
2023-12-06T00:00:00,212.3602663554293,214.223491873184,211.64364003476982,213.2679901123047,2135352.0
2023-12-07T00:00:00,212.83805386887067,214.4146262137562,212.4080809184294,214.17575073242188,2721924.0
2023-12-08T00:00:00,214.7490475995398,215.51345201974766,213.65022626910465,214.60572814941406,3113515.0
2023-12-11T00:00:00,214.6057324012524,217.56777954101562,214.08020344070994,217.56777954101562,3538288.0
2023-12-12T00:00:00,217.7588777316785,218.90549167843503,217.13780732702034,218.57106018066406,3548097.0
2023-12-13T00:00:00,218.57105945117812,219.81321483615068,217.42446008805035,217.56777954101562,3816536.0
2023-12-14T00:00:00,219.33543212706365,220.81646277239506,218.47547179438746,219.62208557128906,4607698.0
2023-12-15T00:00:00,220.0520665632513,222.2974870362618,219.81319111422036,221.007568359375,5155985.0
2023-12-18T00:00:00,221.0075765763388,221.24645203425104,219.43098980623768,220.86424255371094,2447438.0
2023-12-19T00:00:00,220.8642638206552,223.2530186297897,220.8642638206552,221.5331268310547,2878852.0
2023-12-20T00:00:00,222.53636785005102,223.92185715167113,221.53310260377535,222.44082641601562,3808937.0
2023-12-21T00:00:00,221.67642494253283,221.91530040044503,219.5265458213229,220.86424255371094,2213157.0
2023-12-22T00:00:00,220.72093822311908,222.15419106872375,219.86099234767704,221.628662109375,2107061.0
2023-12-27T00:00:00,221.67643189695605,222.72748977666387,221.15090295710212,221.77198791503906,2610513.0
2023-12-28T00:00:00,222.2497470903515,222.58416400644478,221.19868917165397,221.628662109375,2084982.0
2023-12-29T00:00:00,221.6764274123394,223.30077762827995,221.53310796791564,223.10968017578125,2445449.0
2024-01-02T00:00:00,222.7752567899949,224.97291402304896,222.5363813207456,223.7307586669922,2600876.0
2024-01-03T00:00:00,224.54294316305592,224.92513808545533,219.81321174430508,220.9120330810547,2496083.0
2024-01-04T00:00:00,220.91202135826325,222.39305211862245,220.4820484484302,221.86752319335938,2088293.0
2024-01-05T00:00:00,220.33872273199648,220.91201506885184,218.23660709079195,218.42771911621094,1651230.0
2024-01-08T00:00:00,218.80991769052383,220.38648986816406,217.99773530822384,220.38648986816406,2008029.0
2024-01-09T00:00:00,220.7209123123134,220.81646832272367,217.13778061893169,218.7621307373047,2889016.0
2024-01-10T00:00:00,218.23662407911482,218.90548706054688,217.61555368755836,218.90548706054688,2556991.0
2024-01-11T00:00:00,219.76541581534062,221.29422453988929,218.23660709079195,218.42771911621094,2608031.0
2024-01-12T00:00:00,218.8099325814468,221.91531372070312,218.8099325814468,221.91531372070312,2165046.0
2024-01-15T00:00:00,221.29423444901622,221.67642935736706,219.52655019334088,220.29095458984375,1097491.0
2024-01-16T00:00:00,219.28767483019075,220.05207922704057,218.4277289961105,219.52655029296875,1678419.0
2024-01-17T00:00:00,217.23336014566786,217.4244576073752,214.51017393198256,216.0867462158203,2686885.0
2024-01-18T00:00:00,216.89894104003906,217.4244700245988,215.27459065305658,216.89894104003906,2369609.0
2024-01-19T00:00:00,218.28439487149885,221.05535898634665,218.28439487149885,220.29095458984375,3740667.0
2024-01-22T00:00:00,222.58414221756325,229.36821085458334,222.10639131579566,228.07827758789062,5366447.0
2024-01-23T00:00:00,229.32044553997355,229.32044553997355,226.16728649783866,227.36166381835938,3983260.0
2024-01-24T00:00:00,229.32042381800517,230.75367646686772,228.6993535020847,230.51480102539062,2563718.0
2024-01-25T00:00:00,231.04034962081687,231.70919799804688,228.69937301061125,231.70919799804688,2358131.0
2024-01-26T00:00:00,232.04362928352222,233.42910404516059,230.18038901877284,233.23800659179688,1912320.0
2024-01-29T00:00:00,233.3335436413371,235.14900586366014,232.13916635551965,233.81129455566406,2062003.0
2024-01-30T00:00:00,234.14572314007697,235.67451729918938,234.14572314007697,235.38787841796875,1747896.0
2024-01-31T00:00:00,236.00894354942898,236.3911384358075,234.81456630474563,234.9578857421875,2891500.0
2024-02-01T00:00:00,234.09794785706944,236.8688973263144,233.42909949343797,235.34010314941406,2140249.0
2024-02-02T00:00:00,237.25109139062823,238.2543711607904,235.57896330029126,236.1044921875,1790912.0
2024-02-05T00:00:00,236.20005082475058,236.6778017425109,234.19350571803773,235.05345153808594,2231078.0
2024-02-06T00:00:00,236.6300479151159,237.1555768943143,234.28907109483475,236.67782592773438,2146537.0
2024-02-07T00:00:00,236.677807050156,237.48998946048263,235.91340264863703,236.48670959472656,1964922.0
2024-02-08T00:00:00,237.34664095790507,238.06326730690816,236.15226370956657,237.48997497558594,1780531.0
2024-02-09T00:00:00,237.48997503379502,238.49325483860534,235.48341542417438,236.72557067871094,1935019.0
2024-02-12T00:00:00,237.29888013476562,239.1143277402338,236.63001720451894,238.97100830078125,1852216.0
2024-02-13T00:00:00,238.49328184506712,238.8754767759879,236.6300414623728,238.3021697998047,2624004.0
2024-02-14T00:00:00,238.30216592327014,240.0698502545778,237.96774900910506,239.63987731933594,2189320.0
2024-02-15T00:00:00,240.4042654713649,242.21971311048966,239.54430507930516,240.16539001464844,2601878.0
2024-02-16T00:00:00,241.26420683510125,244.75178260693596,241.26420683510125,244.03515625,2950388.0
2024-02-19T00:00:00,243.4618645214896,244.84733923240552,241.4075268785861,244.79957580566406,1880913.0
2024-02-20T00:00:00,244.799579510588,245.3728572785665,242.50636638006816,244.2262725830078,2008306.0
2024-02-21T00:00:00,244.22629260300928,244.6562509642382,241.16867484500693,243.12745666503906,1729125.0
2024-02-22T00:00:00,244.60846820375522,246.51947186159705,243.7962858172521,245.99395751953125,2128590.0
2024-02-23T00:00:00,246.5194655062748,248.38270568847656,245.75507572668485,248.38270568847656,1752658.0
2024-02-26T00:00:00,248.43048612759662,249.14711252988778,247.57054027676784,248.8604736328125,1852987.0
2024-02-27T00:00:00,249.3860044811723,249.52932393918306,247.3794445902074,247.570556640625,2332476.0
2024-02-28T00:00:00,247.57054686616266,248.47825617079613,246.80612785427772,247.47499084472656,1828391.0
2024-02-29T00:00:00,247.9527372475136,249.09935116452257,245.9939700621934,248.81268310546875,5045604.0
2024-03-01T00:00:00,249.38597937549096,250.34148121217868,247.42721227412196,248.47824096679688,2017229.0
2024-03-04T00:00:00,248.52604707456882,248.71712995654036,246.80612617920357,248.00050354003906,1990489.0
2024-03-05T00:00:00,247.95274353027344,249.24267692969275,245.181793846827,247.95274353027344,2441962.0
2024-03-06T00:00:00,247.9527283805408,249.14710568487865,246.13728070986767,248.95599365234375,2269039.0
2024-03-07T00:00:00,248.33491590783467,250.6281144321107,246.75834374487,250.10260009765625,1954307.0
2024-03-08T00:00:00,250.43705206770355,252.30026326389014,249.95930112105003,251.53587341308594,2332242.0
2024-03-11T00:00:00,251.0103624501678,251.77475231137018,250.10262397533643,251.4881134033203,2227295.0
2024-03-12T00:00:00,252.25248441847734,257.3644250672115,252.1569284030651,256.6000061035156,3604738.0
2024-03-13T00:00:00,257.22112521762074,257.746639603016,255.83563578760902,256.7911376953125,3231380.0
2024-03-14T00:00:00,257.50774273287686,258.7021200182798,255.50118306147954,256.12225341796875,3255856.0
2024-03-15T00:00:00,255.97895666734536,259.3710059543449,255.11901077754416,258.7976989746094,6096263.0
2024-03-18T00:00:00,258.7976835734782,259.08432246648584,247.90496824514855,251.4403076171875,4510799.0
2024-03-19T00:00:00,251.24917822776723,254.5456415254889,250.8669542283817,254.25900268554688,2846219.0
2024-03-20T00:00:00,253.6857356228999,253.82905506534277,251.29698105017957,252.06137084960938,2375250.0
2024-03-21T00:00:00,255.6445435939759,256.02676771442174,252.8258302431295,255.45346069335938,2881461.0
2024-03-22T00:00:00,254.21129189028568,257.93777296599234,253.6857774614586,257.46002197265625,2521694.0
2024-03-25T00:00:00,257.4599880356487,258.22437786038597,256.2178181209472,257.50775146484375,2190907.0
2024-03-26T00:00:00,257.5555148940388,259.8965061166512,256.69556905130867,257.50775146484375,3101811.0
2024-03-27T00:00:00,257.5554950540416,258.74987228794015,256.93442472433446,257.8421630859375,2615776.0
2024-03-28T00:00:00,257.88996456835633,259.2276614358069,255.64452920534737,256.6955871582031,1953790.0
2024-04-02T00:00:00,257.0299774081191,259.8964827323732,254.25902809326013,256.3611145019531,3400878.0
2024-04-03T00:00:00,256.4566794070518,258.65435106097055,256.2178039550781,256.2178039550781,2191643.0
2024-04-04T00:00:00,256.4089159804975,256.69555485902555,255.16674613447358,256.2178039550781,1582991.0
2024-04-05T00:00:00,252.2047230588126,252.3002499154063,248.62159114848433,250.48480224609375,3711341.0
2024-04-08T00:00:00,250.48480916788048,251.77474252316452,247.76162300885923,251.39254760742188,2984987.0
2024-04-09T00:00:00,250.96253517680623,252.01359296040945,248.95597561894553,249.76815795898438,2209083.0
2024-04-10T00:00:00,250.53260628990253,252.2047345911825,247.8571835120925,250.0548553466797,2134669.0
2024-04-11T00:00:00,250.00704766488835,250.62811802166635,245.5639699930435,248.52603149414062,2710792.0
2024-04-12T00:00:00,250.34148387518027,253.11243339913014,248.4304801814766,249.1948699951172,2025169.0
2024-04-15T00:00:00,249.9114953085208,252.1569304709136,249.52930040333956,250.48480224609375,1824980.0
2024-04-16T00:00:00,248.43047930227596,249.33821771741358,246.18504413820034,248.95599365234375,2310200.0
2024-04-17T00:00:00,248.7649169068584,252.53913178576926,248.43048542148583,250.6281280517578,2238013.0
2024-04-18T00:00:00,253.68572635155806,255.35785449135176,248.048271597888,250.19815063476562,2462315.0
2024-04-19T00:00:00,248.28716161337977,250.1503727255608,247.2838671748801,249.43374633789062,2728206.0
2024-04-22T00:00:00,250.62813840272537,253.20800521403072,250.0548605865278,252.4913787841797,3045616.0
2024-04-23T00:00:00,254.35462832228094,256.9344660668552,254.16351627026577,256.6478271484375,2336127.0
2024-04-24T00:00:00,257.9855041503906,259.0843254657773,256.36113931226924,257.9855041503906,2610904.0
2024-04-25T00:00:00,258.3676482425671,259.22759392199026,253.3990570061237,254.25900268554688,2613937.0
2024-04-26T00:00:00,256.07450049911245,259.466520465017,255.97894448043849,258.98876953125,2712920.0
2024-04-29T00:00:00,259.51428403177096,261.8552458496696,259.51428403177096,259.9920349121094,2472214.0
2024-04-30T00:00:00,260.4220093819145,260.75644085084093,257.45997706754156,260.2309265136719,2378073.0
2024-05-02T00:00:00,260.89981516190113,261.1386906671435,256.64784866435105,257.79443359375,3172663.0
2024-05-03T00:00:00,258.8454655360187,261.2820129394531,257.8422001790546,261.2820129394531,2302094.0
2024-05-06T00:00:00,262.2852637040046,264.2440308765685,261.23420581352514,264.0529479980469,1920504.0
2024-05-07T00:00:00,265.15177263532365,267.54052734375,263.5274077697524,267.54052734375,3069271.0
2024-05-08T00:00:00,268.60526956537717,270.5411634000826,267.5889371179151,270.05718994140625,1711385.0
2024-05-10T00:00:00,273.4449908101398,274.1709509627331,271.2187248246114,273.2998046875,2660951.0
2024-05-13T00:00:00,273.34816106081405,273.73533385969034,271.50906811160826,273.49334716796875,1418436.0
2024-05-14T00:00:00,273.34818303391165,274.1225582333035,271.1703026333485,272.6222229003906,2178056.0
2024-05-15T00:00:00,273.7837861622478,275.23570651007014,271.50910504278045,272.5738525390625,2203115.0
2024-05-16T00:00:00,273.39662443577913,273.6869967014014,267.29854100314463,269.13763427734375,3052113.0
2024-05-17T00:00:00,268.75047873862883,268.79889381228514,266.28222570350175,267.78253173828125,2265296.0
2024-05-20T00:00:00,268.7020505318403,274.3645454924934,268.5568644127248,274.2193298339844,3031183.0
2024-05-21T00:00:00,274.6065458184702,277.6071575602655,273.541798326513,277.0747985839844,2970255.0
2024-05-22T00:00:00,277.8007881992581,278.768735196468,276.494053845145,276.97802734375,2326242.0
2024-05-23T00:00:00,277.4135584323781,278.187904055629,274.75170473578925,275.8648376464844,2565028.0
2024-05-24T00:00:00,274.94529032540123,276.3004395439522,273.15461228833254,275.71966552734375,2297502.0
2024-05-27T00:00:00,275.7196763457974,277.0264105495906,274.703314392005,276.784423828125,1798520.0
2024-05-28T00:00:00,277.4135935353641,278.42992598690813,272.86423118977615,274.7517395019531,2476247.0
2024-05-29T00:00:00,274.4129517482722,275.09052640785336,272.23507117884145,273.1546325683594,2440485.0
2024-05-30T00:00:00,273.15463025079947,273.4933880383202,271.84789601234877,272.9610290527344,1701868.0
2024-05-31T00:00:00,273.10620764392195,275.5260748559705,271.9930746342585,275.2840881347656,11369683.0
2024-06-03T00:00:00,277.7039496236206,279.5914578258768,275.2356969339571,276.2036437988281,2523250.0
2024-06-04T00:00:00,275.86487389540974,276.7844352908195,273.6869933120249,274.9453125,2104864.0
2024-06-05T00:00:00,276.59081946388096,279.63984621150945,276.54243393590053,277.9943542480469,2701102.0
2024-06-07T00:00:00,279.73666150361635,280.4626216978299,277.36517972009375,279.5430603027344,2750445.0
2024-06-10T00:00:00,279.30107064595967,279.30107064595967,276.7360172278171,277.65557861328125,2391057.0
2024-06-11T00:00:00,278.67187981727886,280.3174012048759,274.2193185973625,276.0584411621094,2553026.0
2024-06-12T00:00:00,276.97796979835726,284.0923846576277,276.7843981627709,283.3664245605469,2634228.0
2024-06-13T00:00:00,283.3664595067334,284.0924196933433,277.2199906855571,277.65557861328125,4070228.0
2024-06-14T00:00:00,278.3331242135902,278.72032661197073,273.20301736840065,274.6549377441406,2134683.0
2024-06-17T00:00:00,275.47768196637657,276.4456288253312,272.96101422521565,274.5097351074219,2701276.0
2024-06-18T00:00:00,275.5260643420097,276.2036389512852,274.07414407018524,275.71966552734375,2370255.0
2024-06-19T00:00:00,275.71969240026016,276.30046647347353,273.735383445064,275.33251953125,2012828.0
2024-06-20T00:00:00,275.86485138220934,279.6398381774556,275.7196652630448,278.7203063964844,3714162.0
2024-06-24T00:00:00,277.5103510146418,280.60776295768454,274.21930836228404,279.5914306640625,2490084.0
2024-06-25T00:00:00,279.591472444241,279.78504410369965,276.7844322972285,277.65557861328125,1753948.0
2024-06-26T00:00:00,279.2042755256285,282.05970095659177,278.76868763544087,279.83343505859375,2315878.0
2024-06-27T00:00:00,279.83342106806157,282.3984741369196,279.6398198955701,279.9786071777344,1861227.0
2024-06-28T00:00:00,281.3337822919347,282.10815759534216,279.2527022041851,280.8982238769531,2689656.0
2024-07-01T00:00:00,283.2213038640384,283.3664900091095,279.83348929518485,280.7530212402344,1646829.0
2024-07-02T00:00:00,280.7529802042895,281.1885681152344,278.86550151544867,281.1885681152344,1661739.0
2024-07-03T00:00:00,281.96293478448825,282.1081504585392,279.0590939338163,280.22064208984375,2241054.0
2024-07-04T00:00:00,280.7045843789838,282.5436774722088,279.97862424696916,281.7209167480469,1357774.0
2024-07-05T00:00:00,282.35011704624185,282.640489294828,278.9623029622285,279.7850341796875,1582571.0
2024-07-08T00:00:00,279.7850408686394,279.8818414669472,277.4135886767714,278.8655090332031,1700346.0
2024-07-09T00:00:00,278.4783405607313,281.1885801196199,277.0748057116737,277.75238037109375,1531158.0
2024-07-10T00:00:00,278.1395380436329,278.28472416575363,275.8164714715194,277.8007507324219,1669480.0
2024-07-11T00:00:00,278.28471617114536,279.39784912795125,277.3167693322892,278.5267028808594,1741129.0
2024-07-12T00:00:00,279.05909634127744,286.85108708144054,278.9139102053706,286.6091003417969,2358240.0
2024-07-15T00:00:00,286.4638825395849,287.480214917982,285.108733315864,286.51226806640625,1554415.0
2024-07-16T00:00:00,286.3670679600138,287.96417427923024,284.67316105248887,286.6574401855469,1757464.0
2024-07-17T00:00:00,286.6574548182955,287.2382288384002,282.5436806900286,285.011962890625,2297955.0
2024-07-18T00:00:00,285.5443074014268,289.27090850759504,283.36642709073794,283.65679931640625,3464009.0
2024-07-19T00:00:00,283.6568428872918,285.8831386038219,282.3017230603673,284.9151916503906,1847223.0
2024-07-22T00:00:00,285.6411180816352,289.80327767335723,285.6411180816352,289.2225036621094,1864666.0
2024-07-23T00:00:00,289.9000902811686,292.2715719506455,288.2545687709935,290.3840637207031,1714113.0
2024-07-24T00:00:00,288.93215669112703,289.02895729136503,286.7058905826321,287.1414489746094,1939410.0
2024-07-25T00:00:00,284.76997804763886,287.1414301311681,282.5436825458471,286.8026428222656,2249443.0
2024-07-26T00:00:00,286.80261580158145,290.9163895692956,286.22187137177,290.0936584472656,1953612.0
2024-07-29T00:00:00,291.35204963219167,294.4010768018582,291.20686348875967,291.2552490234375,1839287.0
2024-07-30T00:00:00,291.4488396726042,293.7235209685511,291.0616667910254,291.6908264160156,1553253.0
2024-07-31T00:00:00,293.52989688111944,295.80457799978376,292.3199632583613,294.062255859375,2587431.0
2024-08-01T00:00:00,294.2558626520554,294.44946385113735,288.01259322410715,288.44818115234375,2049044.0
2024-08-02T00:00:00,286.65747194306874,286.65747194306874,272.57385619599967,272.9610290527344,5709207.0
2024-08-05T00:00:00,263.2815951951694,266.71779537552305,257.3771123362214,264.2495422363281,7907477.0
2024-08-06T00:00:00,271.2671208131649,272.3802538488546,267.10496092688345,268.2664794921875,4770692.0
2024-08-07T00:00:00,271.0251404061013,276.0100611878343,270.444366340209,275.0421142578125,3302325.0
2024-08-08T00:00:00,273.54175549553,275.4776489816422,270.54111468417807,274.31610107421875,2437573.0
2024-08-09T00:00:00,276.05845534967494,278.6235086120798,274.7033061187648,276.0100402832031,1745275.0
2024-08-12T00:00:00,276.929625308864,278.8655191879342,275.7680771656634,276.83282470703125,1603131.0
2024-08-13T00:00:00,277.8007355688156,278.67188179338285,275.57446971276676,277.84912109375,1442123.0
2024-08-14T00:00:00,279.6398551889548,280.60780209479367,278.28473542865953,280.4626159667969,1619445.0
2024-08-15T00:00:00,281.18860040195153,284.96358775248024,280.7046269072838,284.4796142578125,1677349.0
2024-08-16T00:00:00,284.4795937875111,287.1898628862662,283.5116468678262,287.0446472167969,2192656.0
2024-08-19T00:00:00,287.18984070282283,287.8673857706291,285.59270477719394,287.8190002441406,1647792.0
2024-08-20T00:00:00,288.44816176955766,288.7869490754879,285.5443212148306,286.51226806640625,1646163.0
2024-08-21T00:00:00,286.5122657352787,287.722199289904,285.1087309961559,286.31866455078125,1418717.0
2024-08-22T00:00:00,286.31866484127454,291.93277426406814,286.31866484127454,290.9164123535156,1895514.0
2024-08-23T00:00:00,290.91641387111525,293.7234833668522,290.91641387111525,292.5135498046875,2249758.0
2024-08-26T00:00:00,292.5135387467662,294.98179130451706,291.884349686711,294.4494323730469,1868505.0
2024-08-27T00:00:00,294.44946799157873,295.0302125181996,290.28727846795414,290.4324645996094,1758899.0
2024-08-28T00:00:00,291.73916665327897,294.64300712336353,289.9968741869854,293.239501953125,1649738.0
2024-08-29T00:00:00,293.23949042517467,296.77249028367487,293.23949042517467,296.6756896972656,1430354.0
2024-08-30T00:00:00,296.1917511292803,296.5789239810474,294.401043458038,295.5625915527344,3517623.0
2024-09-02T00:00:00,295.56262464777797,297.35333251953125,294.49787703164907,297.35333251953125,1615102.0
2024-09-03T00:00:00,297.25647477253244,298.7083950046945,293.96546148751025,294.73980712890625,2128567.0
2024-09-04T00:00:00,287.96420360288056,293.3847121668138,287.48023015144713,291.0616455078125,2376260.0
2024-09-05T00:00:00,290.2872744384051,290.33568950788214,282.78568583325773,283.8504333496094,2932133.0
2024-09-06T00:00:00,283.4632536391135,288.69016095557686,281.72093150736237,284.6731872558594,2198654.0
2024-09-09T00:00:00,286.5122466028809,289.31928635428756,286.4154460170962,288.88372802734375,1615837.0
2024-09-10T00:00:00,288.8837867578037,290.916451775568,287.09307894460414,288.690185546875,1624154.0
2024-09-11T00:00:00,288.835315580595,290.57763752232404,285.35070123652866,286.1734619140625,1774801.0
2024-09-12T00:00:00,289.9484813233762,292.8523220158062,287.7706008040537,289.36773681640625,1764072.0
2024-09-13T00:00:00,290.3840886480687,291.7392084872136,289.8517296346394,291.4004211425781,1557431.0
2024-09-16T00:00:00,290.4324398283237,294.8366157088689,289.9968814705073,294.01385498046875,1347593.0
2024-09-17T00:00:00,294.4494596819056,296.8209118704054,294.4494596819056,295.6593933105469,1828582.0
2024-09-18T00:00:00,295.6593747097777,296.04654753870574,291.2551988549654,292.3199462890625,2595955.0
2024-09-19T00:00:00,295.1754345944702,299.3375946690163,293.86870030242534,298.70843505859375,2930601.0
2024-09-20T00:00:00,298.3212310823221,301.9026167048452,298.0792443697438,300.2087097167969,6997514.0
2024-09-23T00:00:00,300.402310902617,302.33820460324364,298.2728160161702,300.2087097167969,2431205.0
2024-09-24T00:00:00,301.2734658709197,301.37026646662866,295.5625851968278,297.9824523925781,2402431.0
2024-09-25T00:00:00,297.1597238563629,301.85427263298305,296.7241358981434,301.27349853515625,2199416.0
2024-09-26T00:00:00,302.91898568462494,304.9032649582782,302.338211653016,303.98370361328125,2357220.0
2024-09-27T00:00:00,303.98371351293093,305.2420622122958,300.11192589530714,301.854248046875,2675795.0
2024-09-30T00:00:00,301.32183526573505,303.1609578675508,300.54748962031266,302.5317687988281,2520648.0
2024-10-01T00:00:00,302.67700720131535,304.8064726559585,299.5311797788559,300.16033935546875,2305913.0
2024-10-02T00:00:00,300.74111340287874,301.6122597042962,297.93404376362963,300.16033935546875,1950905.0
2024-10-03T00:00:00,299.33761206914534,299.821585572895,296.724143333138,297.35333251953125,1672899.0
2024-10-04T00:00:00,297.45007440086914,298.9019947696454,295.75616730396354,297.546875,1981778.0
2024-10-07T00:00:00,298.12762276785713,298.8535828882334,295.3689684025487,296.4337158203125,1586151.0
2024-10-08T00:00:00,294.7882163098051,296.86932577441905,294.0622561354686,295.5625915527344,1622753.0
2024-10-09T00:00:00,295.562593161469,297.98246042242846,293.8686860787974,297.2565002441406,1968312.0
2024-10-10T00:00:00,297.2564925981091,298.07925335355134,293.38470508016405,294.9818115234375,1817082.0
2024-10-11T00:00:00,295.51416325221237,301.9026184082031,295.46577772518117,301.9026184082031,3153821.0
2024-10-14T00:00:00,301.9994170241421,303.2093505859375,299.57954990055117,303.2093505859375,1771744.0
2024-10-15T00:00:00,303.35457265727666,305.09689491638807,299.869957678451,300.6927185058594,2443402.0
2024-10-16T00:00:00,300.69268915124917,301.66063602090674,298.756795411934,300.78948974609375,2041032.0
2024-10-17T00:00:00,301.6606602774966,306.6455811491927,296.1917659320553,298.61163330078125,3254778.0
2024-10-18T00:00:00,298.6116323511718,301.1283003145229,296.3853661947823,300.0151672363281,1833620.0
2024-10-21T00:00:00,297.45005358824284,301.6606282709585,296.19173450577307,298.5148010253906,2066505.0
2024-10-22T00:00:00,298.5148452532366,299.33760610108686,294.06228319963355,296.7725524902344,1729416.0
2024-10-23T00:00:00,296.19174908999514,298.0792573460325,294.78821428018324,296.86932373046875,2331128.0
2024-10-24T00:00:00,297.0628675044217,298.07922936974126,293.82023981116953,294.1590270996094,2452808.0
2024-10-25T00:00:00,294.15904761037905,297.25648940724375,294.15904761037905,296.1917419433594,1972766.0
2024-10-28T00:00:00,296.86930119101,300.0151283526323,296.288527191755,299.2407531738281,2210618.0
2024-10-29T00:00:00,300.1603446480341,301.75745115202614,297.5952912277565,297.6436767578125,1922341.0
2024-10-30T00:00:00,296.7725211970954,297.45006629375354,292.9975342490449,293.6750793457031,2297132.0
2024-10-31T00:00:00,291.78759765625,292.85231558859095,290.14207615089583,291.78759765625,3745213.0
2024-11-01T00:00:00,291.7875733748591,293.7234669662282,291.44878608849115,292.4651184082031,1371460.0
2024-11-04T00:00:00,292.4651959686322,294.7398774496043,292.02963751870124,294.1107177734375,1495060.0
2024-11-05T00:00:00,294.11066842288136,294.6914424647376,291.4488144754854,293.7718811035156,1770222.0
2024-11-06T00:00:00,297.15971191164465,302.7254068415859,293.8686982087761,293.9170837402344,3692105.0
2024-11-07T00:00:00,294.1106609274519,296.627328685095,291.11001973716174,296.0949401855469,2348102.0
2024-11-08T00:00:00,295.4147108536334,296.19210612516724,291.5762512680792,294.20001220703125,2330513.0
2024-11-11T00:00:00,295.90062243465206,298.67014158070407,295.2689850009954,296.72662353515625,1882241.0
2024-11-12T00:00:00,293.9085315893,294.54016903002514,288.661009083012,289.7299499511719,3167245.0
2024-11-13T00:00:00,289.7299250180793,290.5559260567444,285.016888179324,288.3208923339844,2873329.0
2024-11-14T00:00:00,290.07006508860246,292.6938262833548,289.8757014239054,292.20794677734375,2711664.0
2024-11-15T00:00:00,290.5559124266548,290.8960339743534,287.59205963041336,287.8835754394531,2149695.0
2024-11-18T00:00:00,288.6609984324475,290.31300059099,286.7174804368593,289.48699951171875,2149254.0
2024-11-19T00:00:00,289.77855108408517,290.4587646033733,283.8508151420302,287.5434875488281,3139576.0
2024-11-20T00:00:00,288.80677374284096,290.1186246095718,286.32877061025295,286.71746826171875,2154957.0
2024-11-21T00:00:00,286.71749075228786,288.8553724866434,284.0937591572867,288.4666748046875,2415279.0
2024-11-22T00:00:00,289.2926651276067,291.04181945905816,286.28020630723483,290.021484375,2399073.0
2024-11-25T00:00:00,290.8960818616303,292.2079625297275,287.73786490230486,289.24407958984375,5459052.0
2024-11-26T00:00:00,287.1547914038878,289.58418896229637,286.523153969848,288.2723083496094,1636499.0
2024-11-27T00:00:00,287.8835798596315,289.53558188483055,286.28018357383746,288.8067626953125,1921878.0
2024-11-28T00:00:00,290.2644444009118,291.4305374847614,289.0983216613292,289.24407958984375,1596770.0
2024-11-29T00:00:00,288.80679501483564,290.8960709941131,287.8350359867315,290.79888916015625,2351311.0
2024-12-02T00:00:00,289.2926548112723,295.5604823219019,288.12653219473515,294.6373291015625,3157384.0
2024-12-03T00:00:00,294.9774367271132,297.16389450779565,294.34579929939565,296.5322570800781,2112026.0
2024-12-04T00:00:00,296.8723675904832,298.1356423987888,296.19212444402297,296.82379150390625,2013475.0
2024-12-05T00:00:00,296.8238100785692,298.76732815495666,296.8238100785692,297.1153259277344,1983564.0
2024-12-06T00:00:00,296.6294536898246,300.07918649779793,295.60911853696854,299.49615478515625,1781884.0
2024-12-09T00:00:00,299.7876477229296,300.71083062359077,296.24073334876397,296.4836730957031,2113271.0
2024-12-10T00:00:00,296.0463589871757,297.01811793980437,294.4429626464844,294.4429626464844,2000252.0
2024-12-11T00:00:00,293.90850386615654,295.51190018928867,290.2158020931696,291.18756103515625,2640985.0
2024-12-12T00:00:00,291.5276806015572,293.17968265392443,287.68922094467837,289.1954650878906,2345766.0
2024-12-13T00:00:00,288.80677375189026,290.8474438360821,288.1265306200064,288.5152282714844,2170864.0
2024-12-16T00:00:00,288.5152481054502,289.3898252953309,287.44630724860406,288.2723083496094,2028754.0
2024-12-17T00:00:00,287.05759542966206,287.6406567461043,285.5027751377262,287.106201171875,2178490.0
2024-12-18T00:00:00,287.15477882381015,289.0011149561674,286.03726192704636,287.83502197265625,1807710.0
2024-12-19T00:00:00,283.1219970593445,284.72539351488604,281.22705510369326,282.1502380371094,3596454.0
2024-12-20T00:00:00,280.3524963568426,282.7818940722399,277.09709748706354,282.4417724609375,5317894.0
2024-12-23T00:00:00,282.29598365842446,284.14231978907185,280.88692127528986,282.9762268066406,2200592.0
2024-12-27T00:00:00,283.26777168153825,285.79435121945,282.53895237189454,285.3084716796875,2014146.0
2024-12-30T00:00:00,284.53102058267746,285.794325063884,282.49035042702167,284.4338684082031,2000072.0
2025-01-02T00:00:00,284.4338627744378,288.1265350032497,283.94798328876624,287.6406555175781,2330368.0
2025-01-03T00:00:00,287.9321650293916,288.56383207149,286.57170843050596,288.3208923339844,1873431.0
2025-01-07T00:00:00,290.65308956980846,292.79094133172134,287.5191612222982,289.2926330566406,2499747.0
2025-01-08T00:00:00,289.146862905004,293.0338986941796,288.3208915243879,291.9163818359375,2560590.0
2025-01-09T00:00:00,291.8192031671862,292.8395678663216,290.45874655740215,291.5762634277344,1587252.0
2025-01-10T00:00:00,291.91636950193845,293.66555332659897,289.6813358798886,290.9446105957031,1778061.0
2025-01-13T00:00:00,289.8756924423788,290.0214800142503,286.06155030066225,289.0982971191406,1968666.0
2025-01-14T00:00:00,290.55594002627225,291.1875774430093,287.73784486686264,288.2237243652344,2159933.0
2025-01-15T00:00:00,288.2237051156623,295.6090789288119,287.83500747407106,295.1231994628906,2903104.0
2025-01-16T00:00:00,296.28931732666894,297.3582581728156,294.92886063872396,296.5322570800781,2257111.0
2025-01-17T00:00:00,296.92095043235634,304.0633850097656,296.92095043235634,304.0633850097656,4401121.0
2025-01-20T00:00:00,304.0633739559914,304.9865568342399,302.02267420009946,302.5571594238281,2328960.0
2025-01-21T00:00:00,303.04304361247193,305.6667750630278,302.8001038676577,304.7436218261719,2478671.0
2025-01-22T00:00:00,305.1323063937947,309.26228187842406,305.1323063937947,307.3673400878906,2955809.0
2025-01-23T00:00:00,307.22160961792866,307.2702153625855,296.9209580286447,305.90972900390625,6617645.0
2025-01-24T00:00:00,308.53349584846706,314.0239285048602,306.1526743331701,306.2984619140625,3291158.0
2025-01-27T00:00:00,304.79218717762245,304.8407929183117,300.71081740193273,302.7029113769531,3184842.0
2025-01-28T00:00:00,303.3831300493051,307.4159234150082,302.8000687981334,304.3548889160156,2947295.0
2025-01-29T00:00:00,305.6181973780291,306.97865401072795,305.2780758059218,305.81256103515625,2370745.0
2025-01-30T00:00:00,306.1040881543356,308.92218335222924,306.1040881543356,308.5820617675781,2080629.0
2025-01-31T00:00:00,308.9221603191323,309.31085796301033,307.3673400878906,307.3673400878906,2408078.0
2025-02-03T00:00:00,300.9537795506866,302.0712964895488,295.1718015348713,297.7955627441406,5235221.0
2025-02-04T00:00:00,298.2328472006016,298.62154489035015,293.5684156121538,298.03851318359375,2860283.0
2025-02-05T00:00:00,296.82376942408064,301.00232085370516,295.8034047802921,299.9333801269531,2770171.0
2025-02-06T00:00:00,301.0995393529077,306.24985031499875,301.0509336082951,304.6464538574219,3230390.0
2025-02-07T00:00:00,304.30633685407577,305.08376187800593,301.87693925879216,301.97412109375,2254776.0
2025-02-10T00:00:00,302.1684542660264,304.30630614066473,302.07127244087707,303.7718505859375,3017055.0
2025-02-11T00:00:00,303.18879994259163,305.81256103515625,302.9458601990479,305.81256103515625,3370926.0
2025-02-12T00:00:00,306.39558235627266,309.0679194450803,305.7153688907411,306.8328857421875,3266442.0
2025-02-13T00:00:00,308.29052024552243,312.2261320459396,307.3673374006201,310.76849365234375,3080237.0
2025-02-14T00:00:00,310.9628890955364,311.6917083668541,309.5052505529011,310.23406982421875,2305304.0
2025-02-17T00:00:00,309.99112734697184,314.99568036829226,309.89394551383583,314.89849853515625,2264269.0
2025-02-18T00:00:00,315.62729321493384,316.98777946140206,313.73238106717514,316.55047607421875,2421077.0
2025-02-19T00:00:00,316.55047846844457,317.3764795084107,311.3029860612034,311.88604736328125,3264464.0
2025-02-20T00:00:00,312.03179811331347,315.3357725416176,311.74025264110105,312.5662536621094,2408085.0
2025-02-21T00:00:00,312.6634489855724,316.2103632993287,312.3233274145042,313.0035705566406,3491212.0
2025-02-24T00:00:00,313.2950880106914,314.9956662191226,309.31087027693513,310.1368713378906,2867389.0
2025-02-25T00:00:00,309.3108592542761,311.49731687291353,308.3391003126595,310.42840576171875,2529595.0
2025-02-26T00:00:00,311.4487400465745,316.4047165681651,311.4487400465745,315.8216552734375,3371858.0
2025-02-27T00:00:00,314.5584232198521,315.9188799884292,311.1086607235411,311.9346618652344,4145014.0
2025-02-28T00:00:00,310.5255765232947,312.46909452289157,309.4566653481014,310.7199401855469,6028619.0
2025-03-03T00:00:00,311.448745923435,316.599056536632,310.0882893138858,315.6759033203125,4048172.0
2025-03-04T00:00:00,312.85783129551,312.9064073846744,301.39105695816033,301.7797546386719,5376265.0
2025-03-05T00:00:00,305.18089709630556,310.3312375055076,304.93795735027896,307.27020263671875,4036485.0
2025-03-06T00:00:00,308.8250057960443,309.4566728858845,299.54471898421144,304.6464538574219,3866064.0
2025-03-07T00:00:00,300.90514084222235,304.64641858049697,298.86444119809727,304.2577209472656,3026936.0
2025-03-10T00:00:00,304.8894057172235,305.0837693919261,299.0588513449419,299.49615478515625,2725142.0
2025-03-11T00:00:00,300.27352852753245,302.07128859387586,293.51979167085057,294.1514587402344,3422475.0
2025-03-12T00:00:00,295.2689790640898,297.30967890202953,293.76273481563686,296.87237548828125,3423411.0
2025-03-13T00:00:00,296.1435392401755,298.1356332201884,294.0542634342702,295.51190185546875,2957554.0
2025-03-14T00:00:00,295.9977981640874,300.9051692656043,295.4147368313004,300.4678955078125,2247469.0
2025-03-17T00:00:00,300.66220407285346,301.0509017099094,298.6701101481114,300.32208251953125,2759560.0
2025-03-18T00:00:00,301.2452908477076,302.9944451903373,298.8158933408713,300.4678955078125,2340527.0
2025-03-19T00:00:00,299.4961218558335,304.74361428278337,299.0588184637003,304.1605529785156,3541833.0
2025-03-20T00:00:00,304.25773638627857,307.95040857294697,303.3831592531971,304.8893737792969,3006503.0
2025-03-21T00:00:00,303.4317461012145,303.7718676805126,300.17634753775747,301.53680419921875,5487622.0
2025-03-24T00:00:00,302.8972718267732,303.67466711228894,299.4961155551155,301.2452697753906,2030069.0
2025-03-25T00:00:00,301.48820955814244,303.04302978515625,299.3503280390324,303.04302978515625,2298930.0
2025-03-26T00:00:00,304.84078969629184,305.42382133256405,300.6136323989429,301.2452697753906,2597096.0
2025-03-27T00:00:00,299.3017621863367,300.51646089650853,296.3379091958095,300.2249450683594,2935073.0
2025-03-28T00:00:00,298.8158779497113,301.05091167858797,294.44296266264234,296.24072265625,2218367.0
2025-03-31T00:00:00,294.24862635410165,294.2972320996905,289.82713457080484,289.92431640625,4817457.0
2025-04-01T00:00:00,292.40225815351556,293.76271473389687,290.3615584550789,292.2565002441406,2592178.0
2025-04-02T00:00:00,291.09040781579716,291.6248930798523,280.8383618326424,286.13446044921875,5184480.0
2025-04-03T00:00:00,278.4575560822794,280.9841356538236,272.04396979662687,275.2507629394531,7569104.0
2025-04-04T00:00:00,274.03603154250527,278.4089469394602,261.88904432874176,266.6020812988281,7985716.0
2025-04-07T00:00:00,241.7736442892559,266.2619683387825,240.3645966924523,250.90818786621094,13992978.0
2025-04-08T00:00:00,257.5161425411726,262.1805740154746,254.60086545580083,258.05059814453125,7263751.0
2025-04-09T00:00:00,248.28441232511202,251.1025073557775,240.0244612301474,246.77818298339844,10226382.0
2025-04-10T00:00:00,279.8665724274862,279.8665724274862,263.0065490254484,263.8325500488281,8090552.0
2025-04-11T00:00:00,264.65857065881914,265.19302624870295,256.35001338154854,262.32635498046875,4893109.0
2025-04-14T00:00:00,267.91395622735035,268.8371094427873,265.4359530943009,268.0111083984375,3294248.0
2025-04-15T00:00:00,268.39981468516424,273.4043669891302,267.37945006709333,272.9184875488281,3467126.0
2025-04-16T00:00:00,269.17722186865666,269.6631013305134,266.16476327399886,268.4969787597656,4402162.0
2025-04-17T00:00:00,268.69137406821625,270.0032547009616,266.89361391636015,269.76031494140625,1856649.0
2025-04-22T00:00:00,268.69133506106084,272.38400700792704,267.33087853620106,271.5094299316406,3386802.0
2025-04-23T00:00:00,274.0360277611879,277.43718413411045,272.043933747911,273.5987243652344,4272480.0
2025-04-24T00:00:00,274.0360459721821,275.3965026806139,271.8981642476949,274.42474365234375,3320252.0
2025-04-25T00:00:00,277.14566393117894,279.6236373871748,275.833783419763,278.0688171386719,2765290.0
2025-04-28T00:00:00,277.8258710476782,279.4778730843804,276.9512939453125,276.9512939453125,2920791.0
2025-04-29T00:00:00,277.4371821673218,278.16600138492424,272.4812055564794,273.4043884277344,3980576.0
2025-04-30T00:00:00,274.3761269360756,277.2427978515625,272.8698828718487,277.2427978515625,3199722.0
2025-05-02T00:00:00,279.47787794289604,282.0530332107458,278.31175534898364,280.9355163574219,3496258.0
2025-05-05T00:00:00,281.7129160389468,281.7129160389468,278.6033051662782,280.0609436035156,2224207.0
2025-05-06T00:00:00,280.3524766995246,280.74117437558726,275.1535600219572,276.02813720703125,3712854.0
2025-05-07T00:00:00,275.68802949767905,276.9513042865185,273.3072081774854,275.93096923828125,3385281.0
2025-05-08T00:00:00,278.1959020189737,282.97201466592963,277.4081026360742,279.0821838378906,3547556.0
2025-05-09T00:00:00,279.37764435956507,281.49488159728827,278.24514137073083,279.8207702636719,2198796.0
2025-05-12T00:00:00,281.7903052677231,292.1795869162299,281.7903052677231,289.9638671875,4475500.0
2025-05-13T00:00:00,289.5699322171422,290.6531789644868,287.7973684870304,288.880615234375,3691841.0
2025-05-14T00:00:00,289.0283289000222,290.25928430419606,286.81260917250927,287.3542175292969,3980195.0
2025-05-15T00:00:00,286.5664204421218,290.9978599334948,284.99079150133133,289.8653869628906,3231908.0
2025-05-16T00:00:00,290.6039300815396,293.4597403360308,287.5511549601376,288.5359191894531,4597267.0
2025-05-19T00:00:00,288.1420445123024,290.1115731418429,285.97555099875905,290.06231689453125,3192148.0
2025-05-20T00:00:00,290.5054643204444,292.42576669886523,289.17602652404696,291.7364196777344,2567356.0
2025-05-21T00:00:00,289.86537564710187,289.914601840702,284.9415541822373,287.7481384277344,3392443.0
2025-05-22T00:00:00,285.5816733660507,285.5816733660507,276.47260275006465,278.737548828125,4818558.0
2025-05-23T00:00:00,279.5745908399568,281.5933757737618,272.2381145195189,275.4385986328125,3731890.0
2025-05-26T00:00:00,279.623829671433,281.1502022862646,278.392874319917,280.06695556640625,1848051.0
2025-05-27T00:00:00,279.8700345102898,281.54411583913765,277.2603849945942,279.4761047363281,2478454.0
2025-05-28T00:00:00,279.4760889532079,279.5253451984826,276.2263788699044,277.5558166503906,2344469.0
2025-05-30T00:00:00,277.30964807244004,279.62385031466033,274.3060987614314,277.9005126953125,14428667.0
2025-06-02T00:00:00,276.71875538521385,277.1619113205798,273.41978912365613,275.1923828125,2886770.0
2025-06-03T00:00:00,276.7187562633945,276.96494732768576,272.6812167984935,275.14312744140625,3165409.0
2025-06-04T00:00:00,276.5710562487123,279.4268666729068,275.78322678687243,278.68829345703125,2916870.0
2025-06-05T00:00:00,279.0821992485339,281.7410749047254,277.94972630334934,279.7222900390625,2442606.0
2025-06-09T00:00:00,279.7715360921675,282.57812028196895,279.7222798469236,280.1654357910156,2293991.0
2025-06-10T00:00:00,280.16544676567685,281.93801050623875,279.7222908042255,281.00250244140625,3223784.0
2025-06-11T00:00:00,281.0025052486599,282.0857520132125,279.32839388047654,279.5745849609375,2257371.0
2025-06-12T00:00:00,276.81725389974804,277.40811849701566,273.27209636876404,274.5030517578125,2591525.0
2025-06-13T00:00:00,270.1700920947415,272.287329332189,269.13607154671723,270.7117004394531,2379784.0
2025-06-16T00:00:00,270.71169713400604,274.4538194651393,270.5147623077071,273.46905517578125,2371239.0
2025-06-17T00:00:00,271.6472456923104,273.3213270171228,270.4162902832031,270.4162902832031,3284957.0
2025-06-18T00:00:00,270.41626151870594,272.33653372107824,269.1853062405369,271.647216796875,3300693.0
2025-06-19T00:00:00,270.31779630698486,271.7949427348919,269.18532338944703,270.9086608886719,6242863.0
2025-06-23T00:00:00,269.52999353697925,272.53351254853453,267.7573998140343,268.4467468261719,2967899.0
2025-06-24T00:00:00,274.84774829491533,277.70355902614875,272.0411637623177,272.2381286621094,3500844.0
2025-06-25T00:00:00,273.7644826684372,276.22639348380085,272.5335272607554,273.0259094238281,2373560.0
2025-06-26T00:00:00,272.97667277984607,273.4690549240719,268.6929421145572,270.8594055175781,3387260.0
2025-06-27T00:00:00,273.173625764956,278.0974475345212,273.0751433190401,277.9005126953125,2768729.0
2025-06-30T00:00:00,279.67307192177725,279.7222981176159,275.09392376175157,275.4878234863281,4103853.0
2025-07-01T00:00:00,275.7340132274838,276.81726000425914,272.0903731745002,275.53704833984375,2137347.0
2025-07-02T00:00:00,277.2111475682317,278.3436204909347,275.5862925006473,277.3588562011719,1945811.0
2025-07-03T00:00:00,278.6882841464409,280.36239540087746,277.50655501947153,279.0821838378906,1809921.0
2025-07-04T00:00:00,278.5405933985299,278.5405933985299,275.881717718483,277.0141906738281,1393615.0
2025-07-07T00:00:00,277.0142051662774,277.8512608910191,275.3401237694177,277.70355224609375,1778227.0
2025-07-08T00:00:00,278.146688982677,280.16544377972485,277.40811575654413,279.8207702636719,3005341.0
2025-07-09T00:00:00,280.1654273388438,282.9227552002169,278.7867634081573,281.83953857421875,1431811.0
2025-07-10T00:00:00,283.11976226225056,289.1268310546875,282.62738006701187,289.1268310546875,2626878.0
2025-07-11T00:00:00,288.0927901942402,288.1912726369011,284.399923989122,284.7938537597656,1586768.0
2025-07-14T00:00:00,282.4796579435467,283.41516603829825,281.0517376244224,283.2182312011719,1482315.0
2025-07-15T00:00:00,283.61212897383217,286.9110955123509,283.61212897383217,284.5968933105469,1673938.0
2025-07-16T00:00:00,284.0552646564746,286.81259258127216,283.07050039010113,284.1537170410156,1928944.0
2025-07-17T00:00:00,284.5968666325498,289.56991404573847,283.9075196404196,288.3389587402344,3581942.0
2025-07-18T00:00:00,290.4562424702358,292.47499726532834,286.3694465808285,287.649658203125,2817572.0
2025-07-21T00:00:00,288.53595228301975,288.53595228301975,285.3354681706654,285.8278503417969,1695817.0
2025-07-22T00:00:00,285.82784682807903,286.664902519237,281.8887895074509,282.08575439453125,1766635.0
2025-07-23T00:00:00,285.1877540495242,288.14204701954145,284.5968894449963,287.3542175292969,2298452.0
2025-07-24T00:00:00,290.013092629466,291.539465306467,287.74814671147317,288.68365478515625,2063288.0
2025-07-25T00:00:00,288.48671386912247,288.48671386912247,284.59688286087504,287.649658203125,1768442.0
2025-07-28T00:00:00,292.0318373629884,293.6567224790481,285.77860818104676,286.5171813964844,2120505.0
2025-07-29T00:00:00,287.45268097172215,289.8653654254749,286.7633640225215,286.86181640625,1516581.0
2025-07-30T00:00:00,286.86183120899034,287.64966068781376,284.59688531919426,284.9415588378906,2090688.0
2025-07-31T00:00:00,285.4831568570169,286.2217300620899,279.9684709152812,280.1654357910156,2570627.0
2025-08-01T00:00:00,277.5065915911872,277.80203893817566,274.4538460406749,276.2264099121094,2546080.0
2025-08-04T00:00:00,276.8172451216186,278.98370850607034,276.8172451216186,278.7867736816406,1528698.0
2025-08-05T00:00:00,279.91926205000686,280.60860910512804,277.8020247415955,279.4268798828125,1723299.0
2025-08-06T00:00:00,280.65781043320106,282.2334392391395,278.6390557476242,279.1806640625,1524607.0
2025-08-07T00:00:00,279.6730893990611,284.15375539479203,279.57460694860697,282.5289001464844,1552339.0
2025-08-08T00:00:00,282.7750672443779,284.104505081105,281.8395591760306,283.5628967285156,1093876.0
2025-08-11T00:00:00,284.6953799490436,285.0400534824962,283.1197509765625,283.1197509765625,1285470.0
2025-08-12T00:00:00,283.6121158120121,285.6801268336656,282.47964288787034,283.8583068847656,1529476.0
2025-08-13T00:00:00,285.0892603619902,285.4339338720885,283.61211393524417,285.2369689941406,1779318.0
2025-08-14T00:00:00,285.1877512750704,289.47148205044556,284.8430777547305,288.7821350097656,1902085.0
2025-08-15T00:00:00,289.7176574966117,292.0318294669818,289.32372775026596,290.75164794921875,3102783.0
2025-08-18T00:00:00,290.5547017397302,291.58872231137747,288.8806204207076,289.9638671875,1799903.0
2025-08-19T00:00:00,290.3084896846593,294.0998380682056,289.1760168045403,293.4597473144531,1966465.0
2025-08-20T00:00:00,292.3764936164835,292.72116710720087,290.2100303439816,291.1455383300781,5225984.0
2025-08-21T00:00:00,291.1455539545695,291.2440363932909,288.8806081270817,289.176025390625,1531021.0
2025-08-22T00:00:00,288.53592170552935,294.5429895672605,287.7481223362549,293.6567077636719,2063448.0
2025-08-25T00:00:00,293.9521606476619,294.8876988081259,291.98263193310476,292.1303405761719,1468220.0
2025-08-26T00:00:00,290.9978657411294,291.68721280792744,289.61920166015625,289.61920166015625,2503225.0
2025-08-27T00:00:00,290.01309338264514,290.4069931016727,287.45270013003284,289.9638671875,1609292.0
2025-08-28T00:00:00,290.4069865403365,291.93338923943685,288.43745793707535,288.9298400878906,1783210.0
2025-08-29T00:00:00,288.142057744915,288.43747503186404,286.3202376684005,286.9111022949219,1848565.0
2025-09-01T00:00:00,287.05879612779466,289.0775509405778,286.76337885608746,288.83135986328125,1319657.0
2025-09-02T00:00:00,288.83134883870935,289.42221341219243,281.494873046875,281.494873046875,2613206.0
2025-09-03T00:00:00,282.1842108660786,285.4831774303351,282.08575847373714,284.4984130859375,1819115.0
2025-09-04T00:00:00,284.49838782829266,286.32020771421236,283.56287981574263,285.5816345214844,1451851.0
2025-09-05T00:00:00,286.0740343032087,288.19127157582335,285.1877524277679,286.1232604980469,1622686.0
2025-09-08T00:00:00,286.36943798978365,287.1572674381671,282.5288633433537,284.1044921875,1758122.0
2025-09-09T00:00:00,284.30146561762194,285.43393855284086,281.4456251036506,282.4303894042969,1878016.0
2025-09-10T00:00:00,283.61212573625653,285.38468950105926,282.0364968049751,282.1349792480469,2098964.0
2025-09-11T00:00:00,282.52887287558895,282.62735531653715,279.52535376870924,281.1009826660156,2526932.0
2025-09-12T00:00:00,281.1009777718102,282.92276766083586,280.313148310563,281.29791259765625,1792987.0
2025-09-15T00:00:00,281.7410966805039,284.252233842287,279.42689436423126,280.1162414550781,2085507.0
2025-09-16T00:00:00,279.77152378694603,280.65780558352805,276.5710400390637,276.7679748535156,2572724.0
2025-09-17T00:00:00,276.91571659921436,278.8359888376548,276.91571659921436,277.94970703125,2199661.0
2025-09-18T00:00:00,278.2451198152081,281.8395332793609,278.2451198152081,280.75628662109375,1947769.0
2025-09-19T00:00:00,281.29792164234453,282.43039459839036,278.7375284030525,279.62384033203125,7255571.0
2025-09-22T00:00:00,280.8547932322697,282.57813077476493,279.5745815977002,282.3319396972656,2361066.0
2025-09-23T00:00:00,283.16895474948984,288.3882234292411,282.52886398240713,287.99432373046875,2712970.0
2025-09-24T00:00:00,287.79737864865217,287.79737864865217,281.642601517586,281.9380187988281,2549391.0
2025-09-25T00:00:00,282.1842035187012,282.87355056287976,278.4913373233633,279.62384033203125,3381446.0
2025-09-26T00:00:00,280.01773566906536,284.0552753233386,280.01773566906536,283.7106018066406,2116771.0
2025-09-29T00:00:00,285.13848601911485,287.5019443395621,285.0892598260309,286.56640625,2975677.0
2025-09-30T00:00:00,287.1572613898895,290.11155414070606,285.6308587703957,289.5699157714844,3503312.0
2025-10-01T00:00:00,288.5359529085369,291.63795458286523,287.4527061191748,290.99786376953125,2674938.0
2025-10-02T00:00:00,292.0811197473186,298.4328319369254,292.0811197473186,297.1034240722656,3582047.0
2025-10-03T00:00:00,298.0389230789542,299.3191347593511,296.6110328099175,298.7774963378906,2763948.0
2025-10-06T00:00:00,299.86072467834214,303.06120860348045,298.23586961918073,302.1749267578125,3364704.0
2025-10-07T00:00:00,302.4703714388154,302.5688538867321,299.56533456732745,299.7130432128906,2055634.0
2025-10-08T00:00:00,301.33787552470284,303.9474949067944,299.90995526995874,301.97796630859375,2844034.0
2025-10-09T00:00:00,302.6180322742618,305.1784252524647,300.6485038375855,301.73175048828125,2538677.0
2025-10-10T00:00:00,302.3718765833018,304.68607877757563,298.9252014160156,298.9252014160156,2261950.0
2025-10-13T00:00:00,299.8115009055151,301.4363559777939,297.9896809536663,299.4668273925781,2135787.0
2025-10-14T00:00:00,298.5312800092381,300.25461746770617,296.9064249874923,299.8607177734375,2377901.0
2025-10-15T00:00:00,303.0119923606377,305.57235554272904,302.3718715124929,304.3414001464844,2818917.0
2025-10-16T00:00:00,304.63683915168235,306.95104124393185,302.3226370594328,303.4058837890625,2712947.0
2025-10-17T00:00:00,302.1749608461031,304.5876155841135,298.08819461426964,302.0272521972656,4254513.0
2025-10-20T00:00:00,304.04597162119495,307.73883767327425,301.23938741109055,307.44342041015625,3254913.0
2025-10-21T00:00:00,308.18198835545644,308.72359667946,303.30739322894317,306.36016845703125,2381475.0
2025-10-22T00:00:00,305.6708297457318,308.03425803229203,304.48913062876227,307.2956848144531,2567338.0
2025-10-23T00:00:00,307.6896175731922,308.92057294826077,306.36017975759387,308.4774169921875,2768397.0
2025-10-24T00:00:00,310.1022789302404,311.2840081374719,308.57590625247,310.7916259765625,2208612.0
2025-10-27T00:00:00,311.727133750658,313.9428534726177,311.727133750658,313.4012451171875,2327269.0
2025-10-28T00:00:00,313.4997353092015,313.4997353092015,310.69315091481883,311.7763977050781,2034366.0
2025-10-29T00:00:00,312.4164700436157,313.1550432588488,309.4129509893827,309.9545593261719,1570415.0
2025-10-30T00:00:00,310.200744113754,312.0717902105827,309.1174974094994,311.5301818847656,2000525.0
2025-10-31T00:00:00,311.9240848570711,311.97331104989127,308.5266360790949,308.7728271484375,1327230.0
2025-11-03T00:00:00,309.4622040902084,312.2687885626491,308.9698219039073,310.102294921875,2689552.0
2025-11-04T00:00:00,307.98504444356155,310.4961814659373,304.5875954814085,309.36370849609375,2830562.0
2025-11-05T00:00:00,308.5266595322868,312.0225910142735,307.00028680738114,311.67791748046875,2558949.0
2025-11-06T00:00:00,311.4317079825121,312.21950739667625,309.2652145146287,309.8560791015625,2693566.0
2025-11-07T00:00:00,310.84540506958785,311.3400667388954,306.24502739162546,309.2624816894531,3028099.0
2025-11-10T00:00:00,312.62617753151744,314.30803929747026,311.9336391121833,312.0820617675781,3057835.0
2025-11-11T00:00:00,313.36817835449716,317.0781410027351,312.67563991679145,316.92974853515625,3385811.0
2025-11-12T00:00:00,318.2158508300781,320.243981821176,316.3361424955077,318.2158508300781,2585071.0
2025-11-13T00:00:00,319.6504020481824,321.1343871735763,317.1770935058594,317.1770935058594,2915146.0
2025-11-14T00:00:00,316.4350772238756,316.48453131431324,312.3293913897236,315.6930847167969,2735136.0
2025-11-17T00:00:00,315.6931025306303,315.74255662385855,311.24114723694413,311.8347473144531,2747951.0
2025-11-18T00:00:00,308.1742412010704,308.6689029044429,303.4255009253961,304.6126708984375,3456486.0
2025-11-19T00:00:00,304.7610447293024,307.13544491365525,303.42548236529456,305.3546447753906,2579034.0
2025-11-20T00:00:00,310.6475268423513,311.38951934277094,308.7183342645594,309.55926513671875,3142702.0
2025-11-21T00:00:00,304.76104276216626,310.4001978759766,303.87065779465735,309.1635437011719,2995354.0
2025-11-24T00:00:00,311.3895214899882,314.5553682569766,310.6475289844521,312.477783203125,16288258.0
2025-11-25T00:00:00,313.5165859493315,317.8696029616142,311.735815868956,316.8802795410156,3293967.0
2025-11-26T00:00:00,318.36425891900734,318.76001243349924,316.53403477737635,318.1664123535156,3013636.0
2025-11-27T00:00:00,318.5621296412072,320.49132231666755,317.91907547997164,319.4525146484375,2005646.0
2025-11-28T00:00:00,319.4525214846785,320.14505994498546,317.9685363769531,317.9685363769531,3794078.0
2025-12-01T00:00:00,317.27600848997673,317.5727934164687,314.060707622053,315.5941467285156,2643268.0
2025-12-02T00:00:00,316.03936579770385,317.47386658356095,314.1101731301245,316.4350891113281,2351496.0
2025-12-03T00:00:00,316.18774941580114,317.17707276804595,314.50588764028385,315.00054931640625,2013161.0
2025-12-04T00:00:00,316.6824306904667,319.4525241714841,316.6329464047404,317.37493896484375,2313924.0
2025-12-05T00:00:00,318.06746833612067,320.194507575912,316.28669831949395,319.35357666015625,2382954.0
2025-12-08T00:00:00,319.35357346474376,320.04611190414346,315.9898800271313,316.73187255859375,2121153.0
2025-12-09T00:00:00,316.7318689468158,318.3147923675692,313.6649604800597,314.2091064453125,2041187.0
2025-12-10T00:00:00,314.11015755413155,324.6959292712393,311.6863033167768,319.897705078125,8501145.0
2025-12-11T00:00:00,319.7987798873692,319.7987798873692,316.5834789294916,317.0286865234375,2408883.0
2025-12-12T00:00:00,318.1664150263766,320.04612346898733,316.9297607625861,317.57281494140625,2597413.0
2025-12-15T00:00:00,318.90839847626495,321.53009940227116,318.46319087731416,319.55145263671875,3137862.0
2025-12-16T00:00:00,319.65040014292526,320.59023926835334,317.57281494140625,317.57281494140625,2684218.0
2025-12-17T00:00:00,318.06747010654607,318.80946264956293,314.6048382391342,315.64361572265625,2566738.0
2025-12-18T00:00:00,316.08881428296854,317.7706760757294,314.11016755819253,317.62225341796875,2593632.0
2025-12-19T00:00:00,317.7211979542287,319.74932900150816,316.58348210376903,319.650390625,4327625.0
2025-12-22T00:00:00,319.6503861050712,321.43115609002297,318.61157845405506,320.63970947265625,2020048.0
2025-12-23T00:00:00,321.03542826975286,322.81619822967906,320.19449738077276,321.6290283203125,2260321.0
2025-12-29T00:00:00,322.51943096768275,324.3991394042969,321.87637679091404,324.3991394042969,2530450.0
2025-12-30T00:00:00,324.3991280900099,328.2574832078063,323.2614122489839,326.8724365234375,3184359.0
