timestamp,open,high,low,close,volume
2018-01-02T00:00:00,112.74497262340674,113.8842166148502,112.62712066542322,113.25566864013672,3753938.0
2018-01-03T00:00:00,113.29495438702394,115.61270531202439,113.29495438702394,115.53414154052734,3019130.0
2018-01-04T00:00:00,116.04482145074438,117.77332514279118,116.00554586438213,117.41976928710938,4103127.0
2018-01-05T00:00:00,117.4983192907734,118.91254254781795,117.3411791745233,118.48042297363281,2175286.0
2018-01-08T00:00:00,119.4232485756951,120.32677597862263,118.5197085763644,120.09107208251953,4573454.0
2018-01-09T00:00:00,119.97321624974953,120.68032791516268,119.34466834835915,120.16963195800781,4463626.0
2018-01-10T00:00:00,120.05177764285582,120.36604528914312,119.30537781197064,119.85536193847656,5068290.0
2018-01-11T00:00:00,119.97322908875141,121.62315648461664,119.89465271991699,121.15174865722656,5022531.0
2018-01-12T00:00:00,121.70171774455342,121.70171774455342,120.79819029284353,120.9946060180664,4042221.0
2018-01-15T00:00:00,119.973226574075,123.19450492945205,119.81608643610399,122.29097747802734,5256329.0
2018-01-16T00:00:00,121.93742120433647,122.72309669873853,121.3874496178954,121.78028106689453,4481704.0
2018-01-17T00:00:00,121.23031815082365,122.91953381082448,121.07317800214308,122.17313385009766,4124853.0
2018-01-18T00:00:00,122.56595848414159,123.74447792131616,122.21240265298921,122.8802261352539,3758880.0
2018-01-19T00:00:00,122.88022463769781,125.04084777832031,122.84093645813657,125.04084777832031,3591491.0
2018-01-22T00:00:00,124.96226433637129,125.55152401437812,124.53014477130023,125.08011627197266,3921070.0
2018-01-23T00:00:00,125.43368640726996,125.66939030539753,124.29445509845446,124.53015899658203,3578859.0
2018-01-24T00:00:00,124.60870322964693,124.92298344215135,123.86231606685189,123.94087982177734,3492715.0
2018-01-25T00:00:00,123.54806255404982,125.90510167520097,123.35164682608857,123.86234283447266,5712225.0
2018-01-26T00:00:00,124.49086239632818,125.04084651903652,120.20891693417036,123.35163116455078,6921338.0
2018-01-29T00:00:00,123.19449625178801,123.74448039774447,121.74099731445312,121.74099731445312,3077780.0
2018-01-30T00:00:00,121.2696004496378,122.76238770221416,120.91604457957466,121.30887603759766,3210489.0
2018-01-31T00:00:00,121.7410124036388,123.43021544249382,121.46602029657669,121.89813995361328,3209606.0
2018-02-01T00:00:00,122.36953707589025,122.9195212418319,119.85537053251255,120.40534210205078,6140957.0
2018-02-02T00:00:00,119.85536997357036,120.3267777728057,117.45904279532289,117.77332305908203,4875306.0
2018-02-05T00:00:00,120.13035520657775,120.24820716202528,115.49485335657684,115.53414154052734,7864283.0
2018-02-06T00:00:00,111.56643765391249,116.04481143953177,111.17360624575808,114.04132843017578,8402894.0
2018-02-07T00:00:00,115.33770552181495,118.99111589693237,114.237762408629,118.28400421142578,7511796.0
2018-02-08T00:00:00,117.85190059078508,117.89118877744428,114.63060938766002,114.90560150146484,5392076.0
2018-02-09T00:00:00,114.31632409149994,115.96625132761253,113.21636840195725,113.2949447631836,5063825.0
2018-02-12T00:00:00,115.10200028132215,116.39837168959879,113.8056288730455,114.47346496582031,3855071.0
2018-02-13T00:00:00,114.31633860768059,114.8270346348897,113.45208669926622,113.56993865966797,2994204.0
2018-02-14T00:00:00,114.15918982194344,115.06272984757868,111.52717130310221,114.31632995605469,4220822.0
2018-02-15T00:00:00,115.14130542861047,115.88770539670652,114.00207397954158,114.90560150146484,3522281.0
2018-02-16T00:00:00,115.49484903899076,116.43766464732552,115.33770890546714,116.39837646484375,2683018.0
2018-02-19T00:00:00,116.75192180912504,116.83049816701593,115.53412682224206,115.57340240478516,2201771.0
2018-02-20T00:00:00,115.73054021946773,118.48042297363281,115.49483634329364,118.48042297363281,2940148.0
2018-02-21T00:00:00,118.51970854504324,118.912552570579,117.10548516879831,118.7947006225586,3612479.0
2018-02-22T00:00:00,117.85188395877293,119.93393082259252,117.14477227712821,119.69822692871094,2803692.0
2018-02-23T00:00:00,119.77679109607716,119.93393122465936,118.20544019586755,118.91255187988281,2224007.0
2018-02-26T00:00:00,119.38396384444093,120.32677945610101,119.14825994152591,119.50181579589844,2064396.0
2018-02-27T00:00:00,119.81607960244664,121.38744310332326,119.5411001221855,120.87674713134766,2807395.0
2018-02-28T00:00:00,120.40533220866138,122.4481033791596,120.16962832731167,121.38743591308594,3715927.0
2018-03-01T00:00:00,121.23030661441014,122.09455845530302,118.79470382186192,118.83399200439453,4704070.0
2018-03-02T00:00:00,117.53762110949333,117.96974073382711,113.17709889422234,113.68778228759766,5843152.0
2018-03-05T00:00:00,113.33421588730516,115.65197912061524,112.98066006490895,114.78772735595703,4343966.0
2018-03-06T00:00:00,115.73054878309071,116.39837228286635,115.33770476159755,115.80911254882812,4590131.0
2018-03-07T00:00:00,115.41629362632769,115.41629362632769,112.8628261046197,114.98416137695312,4522655.0
2018-03-08T00:00:00,115.37700732686436,117.38049067237108,114.98416325639484,117.22335052490234,3985404.0
2018-03-09T00:00:00,117.3804768120795,118.51970810659463,116.55551317898846,118.28400421142578,2614967.0
2018-03-12T00:00:00,119.0304068678428,119.34467453663206,117.26262761264687,117.8125991821289,3171733.0
2018-03-13T00:00:00,117.81259192568892,119.26610342256936,116.86977638098865,117.02691650390625,3365638.0
2018-03-14T00:00:00,117.1054780005514,119.50180499575045,117.02691423881454,118.00901794433594,3482297.0
2018-03-15T00:00:00,118.75540772377337,121.03388282712804,118.55899201700929,120.91603088378906,3714063.0
2018-03-16T00:00:00,120.91603388328593,120.95530946777144,119.18753027383428,119.81607818603516,3532493.0
2018-03-19T00:00:00,118.95183507679496,119.1089626023901,116.55550804924232,117.14476776123047,2962279.0
2018-03-20T00:00:00,117.85188254535029,118.99111381998053,117.26262281771348,118.63755798339844,3578376.0
2018-03-21T00:00:00,118.71612502368862,120.13033566257735,118.08757716475881,119.65892791748047,3395574.0
2018-03-22T00:00:00,119.06968147412537,119.89464511976333,116.67336690106497,117.26262664794922,3307924.0
2018-03-23T00:00:00,116.5162168239263,117.69473621709628,114.8270140913175,116.94834899902344,4446222.0
2018-03-26T00:00:00,116.98762846719562,117.5376125998787,114.8270179055494,115.10199737548828,3117858.0
2018-03-27T00:00:00,117.45905163683936,118.36259171765502,116.79122806978788,117.69475555419922,4440960.0
2018-03-28T00:00:00,115.9269615162909,117.1840573142002,114.59131455106602,116.90906524658203,4378482.0
2018-03-29T00:00:00,117.57687308635516,120.52317128883998,117.53759750792273,119.77677154541016,1734413.0
2018-04-03T00:00:00,119.06968358240128,119.14825994764603,117.22334054160662,118.2054443359375,3229929.0
2018-04-04T00:00:00,118.91255365654582,119.06968119107256,115.41628336547839,116.59480285644531,3608582.0
2018-04-05T00:00:00,118.67684870590085,120.20892403057108,118.16615273220972,120.09107208251953,3283433.0
2018-04-06T00:00:00,119.42324854413516,120.05178386930858,118.51970854504324,118.7947006225586,3013585.0
2018-04-09T00:00:00,119.42323997937696,121.23029465515671,118.87325586378985,119.54109191894531,3299174.0
2018-04-10T00:00:00,120.64105657179486,122.1731320606754,120.48391642541586,121.89813995361328,3492690.0
2018-04-11T00:00:00,122.01599006289834,122.36954593958305,120.64105474125925,120.7981948852539,4208361.0
2018-04-12T00:00:00,121.15174951317947,123.54806425507319,120.40534958240376,122.99809265136719,4214019.0
2018-04-13T00:00:00,123.46949559359449,124.84443084662414,122.60524373935668,123.82305145263672,5473034.0
2018-04-16T00:00:00,123.86232811564783,125.15869947823039,123.31234398846567,123.90160369873047,3263949.0
2018-04-17T00:00:00,124.9230081364394,126.25865521620403,124.21589641312737,125.66939544677734,4005112.0
2018-04-18T00:00:00,126.45507521955633,127.71215844618258,124.92299991981689,127.08361053466797,1947938.0
2018-04-19T00:00:00,126.80861678631315,127.90857246783169,126.10151771525463,126.6514892578125,3696570.0
2018-04-20T00:00:00,126.65147534764135,127.00503114254087,125.5908079629428,126.415771484375,4289151.0
2018-04-23T00:00:00,126.14079648678953,126.69078063964844,125.04085337387792,126.69078063964844,3712397.0
2018-04-24T00:00:00,126.9657531593084,129.83348792473708,122.84093522100802,123.35163116455078,10758492.0
2018-04-25T00:00:00,123.35163116489238,123.58733504708162,118.8732574032967,120.13034057617188,6907625.0
2018-04-26T00:00:00,120.32677351886298,122.4873841247048,120.01249326621468,121.23030090332031,4081142.0
2018-04-27T00:00:00,121.38744518916837,122.09455688725295,119.7767934792624,120.523193359375,3150958.0
2018-04-30T00:00:00,121.47103120992776,122.19551090618363,120.30381822344711,120.74655151367188,2204235.0
2018-05-02T00:00:00,121.55152839773633,123.44322113876694,121.06854191868212,122.3162612915039,4286359.0
2018-05-03T00:00:00,122.47726931093996,122.83949628875939,121.02830977647805,121.5515365600586,2789772.0
2018-05-04T00:00:00,122.31626181222973,122.7589951179825,121.02830216453377,121.79302215576172,2360124.0
2018-05-07T00:00:00,121.95401430836144,124.77142666773722,121.8735208684861,124.4494400024414,2538618.0
2018-05-08T00:00:00,124.52993343977214,126.38138580322266,123.88596010919369,126.38138580322266,3540053.0
2018-05-09T00:00:00,126.38138580041017,128.9975581070887,126.05939913512812,128.55482482910156,3050781.0
2018-05-11T00:00:00,128.3938554284676,128.71585507574653,126.74365563290348,126.90465545654297,3735711.0
2018-05-14T00:00:00,127.105864991383,127.4278516554358,126.05939865386561,127.1461181640625,2496612.0
2018-05-15T00:00:00,126.9851155613814,128.47432804794494,126.42163568534384,127.91083526611328,3229246.0
2018-05-16T00:00:00,127.83037217273257,129.1585851932365,127.02539888648074,128.63534545898438,3521651.0
2018-05-17T00:00:00,128.51456358918048,129.31954956054688,127.9510837338589,129.31954956054688,2213733.0
2018-05-18T00:00:00,129.40005960505505,131.57349877629673,129.40005960505505,131.13075256347656,3579518.0
2018-05-21T00:00:00,131.05026240674954,132.4992218906025,131.01000923026618,131.5332489013672,2230887.0
2018-05-22T00:00:00,132.01622822000078,132.41872124556912,131.0502552832727,131.73448181152344,2258346.0
2018-05-23T00:00:00,131.21127022322705,131.21127022322705,127.50837784019569,128.8768310546875,3891002.0
2018-05-24T00:00:00,128.9573289015211,130.08428877957186,127.06562320301525,127.74986267089844,2347736.0
2018-05-25T00:00:00,128.31333929253182,128.8768192169891,126.98512647318631,127.34736633300781,1870562.0
2018-05-28T00:00:00,128.313347009327,128.55484026373148,126.98513411010245,127.10588073730469,1343752.0
2018-05-29T00:00:00,126.13990013360281,127.87060598801506,125.49591385865506,127.34736633300781,2766524.0
2018-05-30T00:00:00,127.2668569540613,128.3938166618766,124.04693888826269,124.2481918334961,5161538.0
2018-05-31T00:00:00,124.24819561170294,125.41540852521688,121.18927722791507,123.1614761352539,6806702.0
2018-06-01T00:00:00,123.64449323637902,125.61667972707897,123.2822533210508,125.29469299316406,2410056.0
2018-06-04T00:00:00,125.81790254689662,126.05939576585222,123.08097079487044,124.28843688964844,2744654.0
2018-06-05T00:00:00,124.08719205846808,125.53615131633939,123.36271242953244,124.2481918334961,3256106.0
2018-06-06T00:00:00,124.2481918334961,124.2481918334961,124.2481918334961,124.2481918334961,0.0
2018-06-07T00:00:00,125.9788774661971,126.50211702620707,124.892158084033,125.41539764404297,3795011.0
2018-06-08T00:00:00,124.16770928892994,125.53617537444067,123.16149599310374,124.65069580078125,1973395.0
2018-06-11T00:00:00,124.6506795695827,125.4556655883789,123.7249598443409,125.4556655883789,2700100.0
2018-06-12T00:00:00,125.85813413111927,126.42162687367512,124.57017468746469,124.61042785644531,3396767.0
2018-06-13T00:00:00,124.69092128861335,125.254401125376,123.16146864266146,124.61042785644531,3350063.0
2018-06-14T00:00:00,123.88597087755636,126.38139678849167,123.00049133880067,126.05941009521484,3631518.0
2018-06-15T00:00:00,125.65692533170845,126.58264520201857,124.8116989135742,124.81169891357422,3352217.0
2018-06-18T00:00:00,124.44944758671583,125.1739273071289,123.20172821073935,125.1739273071289,3749536.0
2018-06-19T00:00:00,123.72499546826292,124.087235409282,122.03454241017384,122.5980224609375,3889679.0
2018-06-20T00:00:00,125.29466677210384,127.91083908893094,125.13366698594105,126.34113311767578,7046547.0
2018-06-21T00:00:00,126.42164682223064,126.8241269523729,122.71874186551422,123.00048828125,3758599.0
2018-06-22T00:00:00,123.00048828125,123.00048828125,123.00048828125,123.00048828125,0.0
2018-06-25T00:00:00,124.20794285680915,124.20794285680915,120.58554458983122,120.70629119873047,3993621.0
2018-06-26T00:00:00,120.7867975564091,121.99425073975317,120.06231790292624,121.18927764892578,3221935.0
2018-06-27T00:00:00,121.02830565449328,126.34114419411277,120.78681240697442,125.05318450927734,5294251.0
2018-06-28T00:00:00,124.77144943069264,125.29468914982685,121.67229010765952,122.79926300048828,3880191.0
2018-06-29T00:00:00,123.92620359596067,128.07184170856655,123.56396374842602,127.99134826660156,4604123.0
2018-07-02T00:00:00,126.62289012117566,126.62289012117566,124.40919772567588,125.09343719482422,3354751.0
2018-07-03T00:00:00,125.45568192439747,125.89841525832915,124.48970890069485,124.65069580078125,3226375.0
2018-07-04T00:00:00,124.57019392133238,124.57019392133238,120.9880485027635,121.8332748413086,2345728.0
2018-07-05T00:00:00,121.95401382478029,123.2822265593261,121.31002759094783,122.07476043701172,3927291.0
2018-07-06T00:00:00,122.51750093363681,123.00048741102661,118.9353555282609,121.1490478515625,3921963.0
2018-07-09T00:00:00,121.55152885398455,122.91999485170646,121.31003561355098,122.75899505615234,2899440.0
2018-07-10T00:00:00,122.75899169958008,123.68471146066523,122.27600523191916,123.56396484375,2551552.0
2018-07-11T00:00:00,122.71873376247693,122.75898693515136,121.1087875366211,121.1087875366211,2838975.0
2018-07-12T00:00:00,121.5515284265285,122.51750138486574,120.66606181858282,121.8332748413086,2924205.0
2018-07-13T00:00:00,122.11500497339415,123.76521733544969,122.11500497339415,123.12123107910156,2364244.0
2018-07-16T00:00:00,122.96024690511717,124.44945966577426,122.55776673635313,123.80547332763672,2687642.0
2018-07-17T00:00:00,124.16769745309679,127.87060229485496,119.29759252668512,123.12123107910156,5961069.0
2018-07-18T00:00:00,123.88597527168659,125.33493480151895,123.04074887928438,124.69094848632812,3531295.0
2018-07-19T00:00:00,125.81793322644556,127.02539961565316,124.81170693350681,125.25444030761719,3754988.0
2018-07-20T00:00:00,125.49592559671206,127.34737824423742,123.60423267597285,124.3287124633789,5407866.0
2018-07-23T00:00:00,123.88596395190278,124.32869724363253,122.79924440382491,123.12123107910156,1762556.0
2018-07-24T00:00:00,123.12123462082457,128.15233948249747,123.00048800089806,127.58885955810547,3598267.0
2018-07-25T00:00:00,127.38761237411958,127.42785264131602,125.05317355074122,125.37516021728516,2281099.0
2018-07-26T00:00:00,126.58263763868379,128.15234375,126.5021441913174,128.15234375,2449224.0
2018-07-27T00:00:00,128.3938288572212,128.83657505415357,127.79009577576323,128.43408203125,1992376.0
2018-07-30T00:00:00,128.27308939157095,129.27931555202503,127.50836938295775,128.23284912109375,1361470.0
2018-07-31T00:00:00,128.39382552552036,129.8427848834203,127.06561278077875,129.4805450439453,2402354.0
2018-08-01T00:00:00,129.76229913594992,130.24528561721613,128.51457975741377,128.75607299804688,2077657.0
2018-08-02T00:00:00,128.0718610744298,128.0718610744298,125.49592857829828,126.42166137695312,2561118.0
2018-08-03T00:00:00,126.62289801050714,128.11211075908025,126.42165792775805,127.22663116455078,1771626.0
2018-08-06T00:00:00,127.42784397875305,127.99133673914172,126.18013766459299,126.66312408447266,2019433.0
2018-08-07T00:00:00,127.14611816886523,129.23905084397904,127.14611816886523,129.07806396484375,1999541.0
2018-08-08T00:00:00,129.52082490261654,129.88306481672527,128.55485179832667,129.601318359375,1687855.0
2018-08-09T00:00:00,129.6012954628809,129.96353531299314,128.99756237936046,129.84278869628906,1728485.0
2018-08-10T00:00:00,129.31956579896405,129.88304572504074,128.75607296709208,129.2390594482422,1749713.0
2018-08-13T00:00:00,129.03783855500885,129.27933183146413,128.0316122678462,128.63534545898438,1876701.0
2018-08-14T00:00:00,129.07808032816266,129.64156028815768,127.87061405260474,128.03160095214844,1277280.0
2018-08-15T00:00:00,128.3535962482008,128.43408969526686,122.2760118969262,122.67850494384766,4031112.0
2018-08-16T00:00:00,123.84571125181716,125.37516409747849,122.35651158039256,123.56396484375,3098411.0
2018-08-17T00:00:00,123.92620788673912,125.89840698242188,123.2017281665857,125.89840698242188,2637966.0
2018-08-20T00:00:00,125.89841446528236,127.91085395005423,125.61666803321182,127.10588073730469,2139200.0
2018-08-21T00:00:00,127.18638151828434,128.95734075653166,127.18638151828434,128.7963409423828,2130507.0
2018-08-22T00:00:00,128.55483198272057,129.11831190476846,127.79009909110229,128.3535919189453,2577336.0
2018-08-23T00:00:00,128.11209105765872,128.11209105765872,125.41541241570077,125.4556655883789,2676932.0
2018-08-24T00:00:00,125.4556617855883,125.97888848557206,124.61043552552873,125.81790161132812,1927825.0
2018-08-27T00:00:00,126.3814044278789,129.4000701904297,126.18016434564097,129.4000701904297,1826332.0
2018-08-28T00:00:00,129.1183350276489,130.36605462040916,128.83660146906888,130.00381469726562,1851369.0
2018-08-29T00:00:00,129.84277775548216,130.36601735237562,128.39381847712528,130.16476440429688,1976011.0
2018-08-30T00:00:00,130.76848958048572,133.42491476454424,130.64774298121034,132.86143493652344,4999833.0
2018-08-31T00:00:00,132.66023272646817,132.66023272646817,128.63534063456677,128.8365936279297,4270155.0
2018-09-03T00:00:00,128.95732596910463,129.76229913594992,128.6353263777303,128.75607299804688,1374967.0
2018-09-04T00:00:00,129.11830083601168,129.15855400763405,125.97888900011084,126.74362182617188,2355908.0
2018-09-05T00:00:00,126.22039377359536,126.58263363397735,124.16770123143075,124.20795440673828,2700993.0
2018-09-06T00:00:00,122.63826751708984,124.08722718513326,122.03453432207175,122.63826751708984,4249230.0
2018-09-07T00:00:00,122.5175018774273,123.96646132075847,120.86730236889855,121.79302215576172,4677770.0
2018-09-10T00:00:00,121.7930112381084,123.72495698936832,121.39053114379197,123.32246398925781,2331590.0
2018-09-11T00:00:00,123.64447405101559,123.64447405101559,121.35028827658216,123.28223419189453,1971346.0
2018-09-12T00:00:00,123.16147615140851,124.85192867055096,122.75898315444327,123.64446258544922,2834174.0
2018-09-13T00:00:00,123.36272853645849,125.93866074426674,123.24198191587053,124.40919494628906,2384255.0
2018-09-14T00:00:00,124.97267535126855,126.05939482848801,124.57018235407075,125.81790161132812,1623522.0
2018-09-17T00:00:00,125.2141761746126,126.18014910193052,124.24820324729467,125.33492279052734,1577469.0
2018-09-18T00:00:00,124.85195285743383,125.49592629037888,122.55776685130046,123.08099365234375,2370718.0
2018-09-19T00:00:00,124.36896215064485,126.13990839042918,124.20796234492043,125.61666870117188,2461051.0
2018-09-20T00:00:00,125.53614408261586,128.1523160677571,125.33490405477203,128.11207580566406,3226397.0
2018-09-21T00:00:00,128.47434277191846,130.28554212296493,128.39383641911934,129.1585693359375,3763488.0
2018-09-24T00:00:00,128.7158212670745,129.0780610957688,127.38760856186201,127.91083526611328,1866099.0
2018-09-25T00:00:00,127.74985936807455,128.35359246777708,127.06561991788158,127.34736633300781,1442910.0
2018-09-26T00:00:00,127.34737825187264,127.7901115978263,125.81792522474477,127.42787170410156,1479497.0
2018-09-27T00:00:00,126.62288697727755,129.27931262360312,126.62288697727755,129.2390594482422,1915014.0
2018-09-28T00:00:00,129.07806057724935,129.07806057724935,126.9046216138144,126.98511505126953,2353294.0
2018-10-01T00:00:00,127.26688388574901,128.15235057129786,126.26065766402935,127.025390625,1459744.0
2018-10-02T00:00:00,126.34115501701991,126.42166137695312,124.08722214902778,126.42166137695312,2032714.0
2018-10-03T00:00:00,124.36895770305725,127.99135640884468,124.36895770305725,127.70960998535156,2553179.0
2018-10-04T00:00:00,127.10585440421931,127.1863478370793,124.65066919116025,125.73738861083984,2308430.0
2018-10-05T00:00:00,125.69717151347133,126.42165126011369,122.83949279785156,122.83949279785156,2796366.0
2018-10-08T00:00:00,122.6784901782677,123.76520965894204,121.83326391552097,122.87973022460938,2661807.0
2018-10-09T00:00:00,123.0809892402321,125.21418826455819,122.03452276986195,123.96646881103516,3498957.0
2018-10-10T00:00:00,124.04696210945383,124.0872152871945,117.28516387939453,117.28516387939453,4590447.0
2018-10-11T00:00:00,115.23247543517141,115.87644886784064,113.22003587293624,114.2665023803711,5412051.0
2018-10-12T00:00:00,115.23246441174096,116.84241074519895,113.78350496815162,113.86399841308594,3182419.0
2018-10-15T00:00:00,115.47396551922634,115.47396551922634,112.49555298420323,112.89803314208984,3402684.0
2018-10-16T00:00:00,111.61006247340079,115.9166875003359,110.92583594738161,115.87643432617188,3759333.0
2018-10-17T00:00:00,116.1581956132997,117.56690201995377,115.0714759238189,115.4337158203125,3006104.0
2018-10-18T00:00:00,115.11172834408026,115.99719503691698,113.17978224218716,114.06526184082031,3294001.0
2018-10-19T00:00:00,113.50176176562431,114.02500143699939,106.61921066661537,109.71837615966797,7068726.0
2018-10-22T00:00:00,110.92584244221129,111.52957556104653,108.91339010889679,109.23538970947266,3455470.0
2018-10-23T00:00:00,107.46443806761246,111.65032321443763,103.92253922208216,108.91339111328125,8512915.0
2018-10-24T00:00:00,109.71836568659423,110.24159240222953,106.29720737255903,108.55113983154297,6694512.0
2018-10-25T00:00:00,107.54492988840319,112.37479452074662,105.33123762998086,111.36856842041016,7159189.0
2018-10-26T00:00:00,109.55736924883777,110.20135550213384,107.26318354710186,108.9536361694336,6000116.0
2018-10-29T00:00:00,109.23539035772455,116.03744159977079,109.23539035772455,112.5357894897461,4880733.0
2018-10-30T00:00:00,112.85779646514051,114.95072948905556,111.04659697956217,114.22624969482422,4278254.0
2018-10-31T00:00:00,115.55445469983435,118.00964035772498,115.15196165102398,116.64117431640625,5075205.0
2018-11-01T00:00:00,116.31917620532548,117.12414931815087,114.34697723723971,115.554443359375,4061405.0
2018-11-02T00:00:00,117.52664615242735,119.57933862686329,116.96315333989546,117.36564636230469,2864941.0
2018-11-05T00:00:00,116.1581912641155,116.80217758014645,114.62873828256254,115.59471130371094,3339784.0
2018-11-06T00:00:00,115.67518997158852,116.27892303265617,115.03120373785158,115.554443359375,2214168.0
2018-11-07T00:00:00,115.99718048329284,117.5668864941373,113.82375429714915,114.95071411132812,2940306.0
2018-11-08T00:00:00,115.35320665671419,116.35941985051115,113.98474070996484,114.50798034667969,2404513.0
2018-11-09T00:00:00,114.06525493262899,114.46773507561683,111.08682960206339,111.61006927490234,3286577.0
2018-11-12T00:00:00,111.97231754446351,112.9785437889866,109.71838469499211,110.12086486816406,2677475.0
2018-11-13T00:00:00,110.04036278754775,111.48932227128051,107.98767018559299,110.44285583496094,3690104.0
2018-11-14T00:00:00,108.59141580087307,110.00012227024442,107.58519597233659,109.03414916992188,3239100.0
2018-11-15T00:00:00,109.27562454494189,110.92583692487541,107.26318521751965,108.18891143798828,3893456.0
2018-11-16T00:00:00,108.99389746706544,110.6440970385011,108.26941771778212,108.91339111328125,2928200.0
2018-11-19T00:00:00,109.19514494053334,110.24161145848952,107.38394544457267,107.50469207763672,2705645.0
2018-11-20T00:00:00,106.49847216026825,106.57897206651504,104.0432927751733,105.37150573730469,4191272.0
2018-11-21T00:00:00,106.0959760208458,107.54493548596511,105.0092564220063,107.34368896484375,3195318.0
2018-11-22T00:00:00,107.34369859071549,107.38394531738975,105.25075910438366,105.37150573730469,1930993.0
2018-11-23T00:00:00,105.13000701497158,106.41796673068232,104.52627388170156,105.29100036621094,2699131.0
2018-11-26T00:00:00,106.09596847823354,107.58517456054688,105.93496869162321,107.58517456054688,3406964.0
2018-11-27T00:00:00,106.25697174577212,107.02169821852405,104.2847790250446,104.84825897216797,4527319.0
2018-11-28T00:00:00,105.17025379617264,105.77398692976767,104.28478068453258,104.80801391601562,3756240.0
2018-11-29T00:00:00,105.8544852683261,108.59140446493183,105.77398536740316,108.43040466308594,3905292.0
2018-11-30T00:00:00,108.43038941348706,108.79262923734827,106.82044324463317,108.67188262939453,3691713.0
2018-12-03T00:00:00,112.69678956028713,113.78350918323642,109.7183771178395,109.87936401367188,5105354.0
2018-12-04T00:00:00,109.5171160749459,109.87935592258842,108.59139632179108,108.9536361694336,3081082.0
2018-12-05T00:00:00,107.86692607948119,108.51091238921333,106.69971299227534,106.73995971679688,2115245.0
2018-12-06T00:00:00,105.45198401618025,105.73373042105173,101.50759887695312,101.50759887695312,4701655.0
2018-12-07T00:00:00,101.50760053240779,103.19805317761629,101.50760053240779,101.70884704589844,3633374.0
2018-12-10T00:00:00,100.70262104241624,101.02461417377692,99.05242156982422,99.05242156982422,3740714.0
2018-12-11T00:00:00,99.45491177411095,102.19183735832141,99.41466505105856,101.58810424804688,3131599.0
2018-12-12T00:00:00,101.95034019320147,104.08352613219735,101.46735372355751,103.88228607177734,4199904.0
2018-12-13T00:00:00,104.24452473641325,104.56651141057606,102.95655868106991,104.12377166748047,3451726.0
2018-12-14T00:00:00,102.87606046401594,104.72750645579043,102.39307399199672,103.35904693603516,3311670.0
2018-12-17T00:00:00,103.52004459612722,103.92253116355285,101.86983869975663,102.47357177734375,2951846.0
2018-12-18T00:00:00,101.99058317158868,104.24452209817207,101.66859005267756,103.27854919433594,3335228.0
2018-12-19T00:00:00,102.67481613202553,103.64078903588599,102.03082989418705,102.55406951904297,3321501.0
2018-12-20T00:00:00,101.38684629326015,102.15157266240126,100.2598800988053,101.2258529663086,3281481.0
2018-12-21T00:00:00,100.78312852790064,101.990594795309,100.34039519844957,100.50138854980469,4855971.0
2018-12-27T00:00:00,100.74288180328637,101.990594795309,99.7366620647454,100.50138854980469,3657464.0
2018-12-28T00:00:00,100.86362072329419,102.67481998601757,100.86362072329419,101.70884704589844,2282885.0
2019-01-02T00:00:00,101.02460646794641,101.70883940006024,99.13291390435045,101.2258529663086,2522849.0
2019-01-03T00:00:00,100.50138268659184,101.18560922960707,98.6499366688777,98.77068328857422,2668970.0
2019-01-04T00:00:00,99.25366833524326,104.40551973269447,99.25366833524326,104.32501983642578,3224071.0
2019-01-07T00:00:00,104.84826270413232,105.49224902790658,104.12378292955987,105.45199584960938,2588925.0
2019-01-08T00:00:00,106.57896407494216,109.19513662346485,106.45821745107503,108.26941680908203,4734843.0
2019-01-09T00:00:00,108.34990637587063,110.36234573298265,107.74617327815751,109.35613250732422,3417868.0
2019-01-10T00:00:00,107.8669204711914,108.43040039678776,105.93497454823793,107.8669204711914,3804211.0
2019-01-11T00:00:00,107.90717048458282,108.71215012799631,107.18269719427784,108.26941680908203,2317605.0
2019-01-14T00:00:00,107.30344054559505,108.26941350707179,106.69970744467209,107.8669204711914,2472499.0
2019-01-15T00:00:00,108.30964778870432,110.08060672403437,107.02168821320525,107.58517456054688,3758683.0
2019-01-16T00:00:00,107.6656808304017,109.59762676096794,107.3839344135957,108.79264068603516,5723145.0
2019-01-17T00:00:00,108.02791750463024,109.47688344924757,107.50468428358636,109.19513702392578,2743699.0
2019-01-18T00:00:00,110.08063127844143,112.09307098388672,110.08063127844143,112.09307098388672,5402539.0
2019-01-21T00:00:00,114.30673457379186,114.30673457379186,109.51712281756896,113.82376098632812,5381097.0
2019-01-22T00:00:00,114.78972602038607,115.51420579153734,112.09305992052049,112.89803314208984,3629668.0
2019-01-23T00:00:00,112.49555268064435,112.49555268064435,111.12708659245263,111.48932647705078,2745234.0
2019-01-24T00:00:00,111.8112974092757,113.30050991556821,110.96607113112479,112.97852325439453,3398153.0
2019-01-25T00:00:00,113.50177391981636,115.67521337947426,113.46153364479846,115.51421356201172,3447031.0
2019-01-28T00:00:00,115.4337158203125,116.80218195344273,114.22624949866714,115.4337158203125,4357911.0
2019-01-29T00:00:00,115.91669401896908,117.92913344182796,114.58848116060719,117.4059066772461,4751273.0
2019-01-30T00:00:00,117.24490407046609,118.13038359010734,116.56067752234961,116.9631576538086,4173412.0
2019-01-31T00:00:00,117.6876330731731,118.61336573442134,115.75568721428263,116.1581802368164,8976338.0
2019-02-01T00:00:00,116.31918330738687,117.04366302490234,115.79594365391617,117.04366302490234,2269071.0
2019-02-04T00:00:00,117.04367114667022,117.56689793065293,116.35943165100659,117.00341796875,2826988.0
2019-02-05T00:00:00,117.2046537009033,118.0498800653154,116.60092058346606,117.4059066772461,2743382.0
2019-02-06T00:00:00,117.08390747653446,118.77436021112115,116.84241422873636,118.33162689208984,2361579.0
2019-02-07T00:00:00,117.72789849288905,118.25113818602941,115.03121948242188,115.03121948242188,3181294.0
2019-02-08T00:00:00,115.03121862005216,115.95695137065243,114.06525850316692,114.145751953125,3037558.0
2019-02-11T00:00:00,115.11172861091474,116.56068819069331,114.78972898932186,115.47396850585938,2160864.0
2019-02-12T00:00:00,116.19844099677181,116.96316101197716,115.47396125239054,116.64117431640625,2084795.0
2019-02-13T00:00:00,116.7216715349005,117.84864436450243,116.31919137888242,117.00341796875,2620516.0
2019-02-14T00:00:00,117.84864039649365,119.3780933306164,117.56689397213066,118.33162689208984,2712903.0
2019-02-15T00:00:00,118.4121205079947,121.95402578267424,117.44614751542716,121.67227935791016,4497452.0
2019-02-18T00:00:00,121.55152515188007,121.75277811664195,119.78057907790354,120.46480560302734,3401576.0
2019-02-19T00:00:00,120.18309034386978,120.54533024847068,119.09637063006707,119.45861053466797,3808508.0
2019-02-20T00:00:00,119.45859928586283,123.00049163790746,119.45859928586283,122.67850494384766,4009010.0
2019-02-21T00:00:00,123.08098892695138,123.9664684955006,122.2760157137768,122.5577621459961,2927548.0
2019-02-22T00:00:00,122.55776575964194,124.48971185286163,122.55776575964194,123.88597869873047,3003607.0
2019-02-25T00:00:00,124.77143001289579,125.21417620856641,123.2419771794926,124.12745666503906,1884512.0
2019-02-26T00:00:00,123.84571075439453,124.24820377776034,122.96023126530771,123.84571075439453,1549347.0
2019-02-27T00:00:00,122.87974885010672,123.56397543601533,122.03452245924483,122.5577621459961,1669516.0
2019-02-28T00:00:00,122.43701223276325,122.83949237565078,120.22331982369928,122.15526580810547,2783499.0
2019-03-01T00:00:00,122.83947757591484,125.05316971827253,122.83947757591484,124.28843688964844,2623771.0
2019-03-04T00:00:00,124.81169456362579,125.73741440167264,124.6506947590888,125.21418762207031,2294991.0
2019-03-05T00:00:00,125.13367473501062,125.13367473501062,122.23575583938975,123.44322204589844,2915577.0
2019-03-06T00:00:00,123.28223806133204,124.28845131994227,122.11501209699851,122.67850494384766,3005112.0
2019-03-07T00:00:00,122.67850079756936,122.67850079756936,119.13659565943817,119.94158172607422,2999784.0
2019-03-08T00:00:00,118.69385100865928,119.33783721923828,117.36563832207341,119.33783721923828,2829322.0
2019-03-11T00:00:00,119.70010461086686,120.3843312444573,119.21711806814493,120.34407806396484,1681069.0
2019-03-12T00:00:00,120.7465548869151,121.3905411590649,119.74032875651763,119.94158172607422,2071161.0
2019-03-13T00:00:00,119.61960062471579,122.47727966308594,119.33786707306594,122.47727966308594,3056391.0
2019-03-14T00:00:00,122.35651108895125,123.88596392846956,121.83327144915519,123.84571075439453,3576303.0
2019-03-15T00:00:00,123.84571121707786,124.85193732635418,122.67849822248967,124.52993774414062,5196713.0
2019-03-18T00:00:00,124.52994535012027,125.65691814511065,124.0067185822069,124.77143859863281,2435395.0
2019-03-19T00:00:00,124.93246035683472,127.06564679167757,124.61047360415975,126.50216674804688,2319092.0
2019-03-20T00:00:00,125.69716364452371,126.18015011204916,124.48969747571009,124.52993774414062,2335018.0
2019-03-21T00:00:00,124.52993674055682,126.46188259508911,124.24820324063404,125.576416015625,2483616.0
2019-03-22T00:00:00,126.34113213199294,126.34113213199294,121.99425409166118,122.07476043701172,2658626.0
2019-03-25T00:00:00,121.51126763954461,121.83326720934959,120.06232119859979,120.86729431152344,2588987.0
2019-03-26T00:00:00,119.01585339084095,120.10257300531077,117.36565383376309,119.05610656738281,3663913.0
2019-03-27T00:00:00,118.97560217019662,120.66605474823585,118.89509582452227,119.37808227539062,2664449.0
2019-03-28T00:00:00,119.33785243515473,120.86730536127132,118.81461276573262,119.82083892822266,2878016.0
2019-03-29T00:00:00,120.18308338137528,121.79302981580226,120.18308338137528,121.5515365600586,3339976.0
2019-04-01T00:00:00,122.4852973067207,125.4637095261656,122.4852973067207,125.15782928466797,3092465.0
2019-04-02T00:00:00,125.6971738461477,127.95110657559809,125.29468078861173,127.62911987304688,3228313.0
2019-04-03T00:00:00,128.39383210661424,130.08428477747853,128.39383210661424,129.80255126953125,3744711.0
2019-04-04T00:00:00,129.7220458984375,130.36603217508238,128.595086046553,129.7220458984375,3289858.0
2019-04-05T00:00:00,129.6818059583528,132.5394716764708,129.6818059583528,132.0967254638672,2749316.0
2019-04-08T00:00:00,131.85523222273622,132.29797843533984,131.37224574047428,132.0967254638672,2298172.0
2019-04-09T00:00:00,132.09671304419524,133.1431922612368,131.3722333889176,132.0564727783203,2726362.0
2019-04-10T00:00:00,132.0564959102678,133.78718900828437,131.93574927990403,133.70669555664062,2597192.0
2019-04-11T00:00:00,133.70670313671457,134.9544226898078,133.14322313167102,133.9481964111328,3069053.0
2019-04-12T00:00:00,133.94817394987595,135.92037299551342,133.46518748202965,135.59837341308594,3487050.0
2019-04-15T00:00:00,135.59837292452568,136.0813593906318,134.83365295705423,135.6386260986328,2240072.0
2019-04-16T00:00:00,136.04112683950996,136.64485995639052,134.39091438283936,134.91415405273438,3225913.0
2019-04-17T00:00:00,134.83365340800455,136.56434631347656,134.1494139748692,136.56434631347656,4081578.0
2019-04-18T00:00:00,136.76559588993328,144.4128728354991,132.3382114416641,141.47470092773438,8062264.0
2019-04-23T00:00:00,141.67596928491582,142.92367582734462,139.78426352376925,140.5087432861328,6532194.0
2019-04-24T00:00:00,140.7099916504579,144.05064392089844,140.02575218237337,144.05064392089844,4117291.0
2019-04-25T00:00:00,144.0908927848128,146.86805212715117,143.28590671772227,144.21163940429688,5993654.0
2019-04-26T00:00:00,144.0908856624784,144.21163227599402,142.48092651367188,142.48092651367188,3385224.0
2019-04-29T00:00:00,142.48093737559213,143.97015002441196,142.36019075287146,143.60791015625,3060679.0
2019-04-30T00:00:00,143.3228314663723,144.63395719838564,142.83115767462635,143.9374237060547,4271863.0
2019-05-02T00:00:00,143.1589368557639,143.4867281445771,140.823486328125,140.823486328125,4607758.0
2019-05-03T00:00:00,140.7005726344131,141.2741876487696,139.47138821941581,139.55332946777344,4317810.0
2019-05-06T00:00:00,136.07063359516619,137.6276092529297,135.0053448329541,137.6276092529297,4419043.0
2019-05-07T00:00:00,137.8324726729658,138.77484302129898,134.5956159682775,135.04632568359375,3700191.0
2019-05-08T00:00:00,134.759518905728,136.6442728424355,134.759518905728,136.48037719726562,3637511.0
2019-05-09T00:00:00,135.16926415829525,135.25120541962056,132.66991773962158,132.99769592285156,2940721.0
2019-05-10T00:00:00,134.1039408441039,135.9067534113233,132.13725891810145,132.9567108154297,3656389.0
2019-05-13T00:00:00,132.9567025873319,132.9567025873319,129.5149864384485,129.96568298339844,3073940.0
2019-05-14T00:00:00,130.5393307396227,132.1372706205835,130.33445789370148,131.8914337158203,2591883.0
2019-05-15T00:00:00,132.79280903999395,132.91572747580534,130.12958064338912,132.1372528076172,2835647.0
2019-05-16T00:00:00,132.13727365496297,135.12828063964844,130.99003036041364,135.12828063964844,3318618.0
2019-05-17T00:00:00,135.0053504318464,135.0053504318464,132.2192034024007,133.24351501464844,2629575.0
2019-05-20T00:00:00,132.62893645014412,132.9567145907975,129.3511024919023,130.37542724609375,2480017.0
2019-05-21T00:00:00,131.1539164008163,133.36643529440573,131.1539164008163,132.4650421142578,2459466.0
2019-05-22T00:00:00,133.5713029575268,133.5713029575268,130.9490384942627,131.481689453125,2693335.0
2019-05-23T00:00:00,129.88376026690415,129.88376026690415,124.96702221002649,125.37675476074219,5422156.0
2019-05-24T00:00:00,125.41773653925232,127.13859510229571,125.41773653925232,125.86844635009766,2056825.0
2019-05-27T00:00:00,127.30245557662788,127.58926963714636,123.65587972341146,123.98365783691406,2275519.0
2019-05-28T00:00:00,124.02465664221613,124.88508583579691,123.41006436108701,124.10659790039062,4271378.0
2019-05-29T00:00:00,123.16421537188461,123.3690750661976,121.44335715346018,123.20519256591797,2232998.0
2019-05-31T00:00:00,122.05795030983268,122.71351972975648,119.06693043271865,120.09125518798828,3748674.0
2019-06-03T00:00:00,119.64054945967877,120.17318725585938,118.08357384857513,120.17318725585938,4493369.0
2019-06-04T00:00:00,120.17319896020997,123.77881113855271,119.14888732137543,123.53297424316406,4000273.0
2019-06-05T00:00:00,123.73782986665553,125.33576963403577,123.20519203614668,124.59825897216797,3618357.0
2019-06-07T00:00:00,124.88508940230021,127.75317803752499,124.88508940230021,126.6878890991211,4506695.0
2019-06-11T00:00:00,128.40874058557145,131.60462036574137,128.40874058557145,130.9490509033203,3257101.0
2019-06-12T00:00:00,130.04764662756241,132.54697953603625,129.8018097422747,132.09628295898438,3561012.0
2019-06-13T00:00:00,132.01433869601945,134.71853123452163,131.48168774408077,133.7351837158203,3364860.0
2019-06-14T00:00:00,133.94007089877516,133.98103495782794,131.03100522341683,132.424072265625,2636410.0
2019-06-18T00:00:00,131.76849674423434,136.76718902889706,130.41640696118233,136.02967834472656,5611044.0
2019-06-19T00:00:00,136.02970095679075,136.9720714972376,135.57899114959184,135.9887237548828,3422402.0
2019-06-20T00:00:00,138.07832700779366,139.92210388183594,137.70957163298522,139.92210388183594,7573620.0
2019-06-24T00:00:00,139.9221027879164,140.1679397025334,137.46373364174636,137.83248901367188,2632955.0
2019-06-25T00:00:00,137.1359393084347,138.6929018715639,137.09496211485109,137.99636840820312,1924166.0
2019-06-26T00:00:00,137.7505499679354,139.30751273954846,136.89012075295187,138.28318786621094,2231868.0
2019-06-27T00:00:00,138.73386836864677,139.79915707834502,137.87343933521814,138.8977508544922,2301880.0
2019-06-28T00:00:00,138.61095661802818,140.16791913617868,138.44706098635524,139.79916381835938,2357331.0
2019-07-01T00:00:00,140.8644660260884,143.322835046222,140.82348882977698,142.05267333984375,4162656.0
2019-07-02T00:00:00,141.9707377645476,142.74922569804176,140.33182063958608,141.64295959472656,2437103.0
2019-07-03T00:00:00,141.43808944187398,141.43808944187398,139.67626696529697,139.92210388183594,3173303.0
2019-07-04T00:00:00,139.30749864885826,141.3561350503891,138.65192921968043,140.37278747558594,1634684.0
2019-07-05T00:00:00,138.07832778478522,138.65194288062784,133.20256662530167,134.80050659179688,5028367.0
2019-07-08T00:00:00,134.71855659307465,136.5623335377003,134.3088371417771,135.701904296875,3084299.0
2019-07-09T00:00:00,134.80050108569162,135.005360796283,132.17823635565372,132.2601776123047,3234497.0
2019-07-10T00:00:00,132.2601909157055,132.75187791885142,130.21155418994584,130.33447265625,3814413.0
2019-07-11T00:00:00,130.70320405878218,131.1129365838812,127.67122015924457,128.2858123779297,3611759.0
2019-07-12T00:00:00,128.32678833003342,130.37542465985075,127.91705580889926,129.146240234375,3038207.0
2019-07-15T00:00:00,129.47402626175213,132.34212780868808,126.89273881088803,130.66224670410156,3917356.0
2019-07-16T00:00:00,129.92474109321756,130.86711153447135,129.1872303640812,130.1705780029297,2507994.0
2019-07-17T00:00:00,130.53933842055824,132.91575321447897,123.4920090233722,125.17189025878906,7594100.0
2019-07-18T00:00:00,123.61494027764671,123.81981315682782,121.19754803433496,121.97603607177734,3434370.0
2019-07-19T00:00:00,122.2628260393775,124.84411372531075,122.2628260393775,124.3524398803711,3808465.0
2019-07-22T00:00:00,123.98368349334093,124.92605397587302,123.12325427165946,124.5163345336914,3748767.0
2019-07-23T00:00:00,125.1309285948555,129.02334217789937,125.08995139488954,128.6545867919922,5026663.0
2019-07-24T00:00:00,128.65457764189716,128.69555483894877,127.05663774994716,127.99900817871094,2323927.0
2019-07-25T00:00:00,127.99901589075024,129.55599181738552,125.90940205999172,127.26150512695312,3219583.0
2019-07-26T00:00:00,127.5892827081967,127.87608366017098,126.76981763360017,127.17955017089844,1789310.0
2019-07-29T00:00:00,126.76981281431195,126.93370845058604,125.29479150162537,126.23717498779297,1784707.0
2019-07-30T00:00:00,125.37676000223625,125.78647943215297,122.13990293349602,123.41006469726562,3699837.0
2019-07-31T00:00:00,123.4100471028274,123.94269805129356,122.05794427342796,122.22183990478516,3418465.0
2019-08-01T00:00:00,121.44336161731844,123.0413014503047,121.0746062712447,122.6315689086914,1912843.0
2019-08-02T00:00:00,119.72250497943777,120.09126033057456,117.50997287261707,118.12456512451172,3359651.0
2019-08-06T00:00:00,115.54328725336505,117.05928597979918,114.5599395687437,115.1335678100586,4603434.0
2019-08-07T00:00:00,115.25647609874552,116.28078775454031,113.78145470199063,114.64188385009766,3044464.0
2019-08-08T00:00:00,116.36272614191002,117.01829557029433,115.5842514047513,116.32176208496094,2110113.0
2019-08-09T00:00:00,116.19885014387458,116.48565111028397,113.12588880428876,113.49464416503906,2610474.0
2019-08-12T00:00:00,111.77377417372334,113.20781827019955,110.99528633613117,111.60987854003906,4976424.0
2019-08-13T00:00:00,111.20016605875963,112.96198839393669,108.8237383436336,111.81475830078125,4302694.0
2019-08-14T00:00:00,111.855724239182,112.1425383362574,107.79942194259517,107.9223403930664,3919453.0
2019-08-15T00:00:00,108.16817091805639,109.06957064539131,105.91466831523738,107.7994155883789,4435886.0
2019-08-16T00:00:00,108.16818733909086,109.31542412703969,108.16818733909086,109.15153503417969,2959346.0
2019-08-19T00:00:00,110.05293039590319,111.56892907645263,109.9300119390459,111.07725524902344,2675235.0
2019-08-20T00:00:00,111.40501913587546,112.34738947163191,110.79042693039808,111.6508560180664,6974512.0
2019-08-21T00:00:00,111.89670827200204,114.35507743162859,111.89670827200204,113.90438079833984,3879010.0
2019-08-22T00:00:00,113.94534558452004,114.64189227613463,112.34740562058896,113.69950866699219,6683359.0
2019-08-23T00:00:00,114.72381994492015,115.0925752775263,111.44599914550781,111.44599914550781,3852021.0
2019-08-26T00:00:00,110.62653917071471,111.60988676947339,109.64319814091978,110.2168197631836,3120211.0
2019-08-27T00:00:00,110.62654011959832,111.73280617769068,109.97097723779078,111.52794647216797,3652099.0
2019-08-28T00:00:00,111.77377601283196,111.93767164921296,110.21681344995613,111.56891632080078,2481840.0
2019-08-29T00:00:00,111.5689308070364,113.78146306478712,111.44601234827246,113.69950866699219,3682834.0
2019-08-30T00:00:00,114.31409982379664,115.91203977183395,113.9043803906111,115.33842468261719,3841940.0
2019-09-02T00:00:00,115.33841479371715,115.87106577670387,114.3140900227203,114.8877182006836,1920489.0
2019-09-03T00:00:00,114.80576480009537,115.58425268379595,113.94533566366269,114.72382354736328,2140362.0
2019-09-04T00:00:00,115.99399906059413,117.2231705499166,115.54328927198272,117.05928802490234,2880653.0
2019-09-05T00:00:00,119.02596508243676,119.84541699498847,117.91969908842485,118.73915100097656,4551537.0
2019-09-06T00:00:00,118.90305330657222,119.14889020791661,117.34607750610604,118.16554260253906,3168926.0
2019-09-09T00:00:00,118.16553879012612,120.00931549072266,117.83774750695751,120.00931549072266,2213881.0
2019-09-10T00:00:00,120.17318757999675,123.94269504427454,119.64054978237948,123.8607406616211,6916639.0
2019-09-11T00:00:00,124.22951613680826,127.30247753701667,124.22951613680826,127.056640625,5717302.0
2019-09-12T00:00:00,127.99899986601369,130.17056782394545,127.71219891906196,129.67889404296875,6758532.0
2019-09-13T00:00:00,129.96571159867025,132.99769592285156,129.3511192939086,132.99769592285156,5127859.0
2019-09-16T00:00:00,131.93240356445312,132.62895025046834,130.7032189866949,131.93240356445312,3615383.0
2019-09-17T00:00:00,131.19486888391006,131.23584607500263,128.9003958033184,129.8837432861328,3300187.0
2019-09-18T00:00:00,129.8837432861328,130.99000920429904,129.1872098651146,129.8837432861328,2171537.0
2019-09-19T00:00:00,129.6379304060422,131.68656699504803,128.8594424587729,131.23587036132812,3390547.0
2019-09-20T00:00:00,131.23584763908732,131.56362575795666,129.10525702162147,129.8018035888672,4857761.0
2019-09-23T00:00:00,129.637915161598,129.637915161598,123.94270269801449,124.59825897216797,5576681.0
2019-09-24T00:00:00,124.88506690267313,125.45868189878836,123.69684658067743,123.77880096435547,3193741.0
2019-09-25T00:00:00,123.00030565260785,123.00030565260785,120.45999580981916,122.3447494506836,4532121.0
2019-09-26T00:00:00,122.09893887326129,124.27049389319028,121.7301835035793,123.41006469726562,3021411.0
2019-09-27T00:00:00,124.06562116074822,125.66354779044748,123.4510289424305,125.33576965332031,2191697.0
2019-09-30T00:00:00,125.33578079369944,126.81080224876821,124.84410697534318,125.66355895996094,3474353.0
2019-10-01T00:00:00,125.37676420277623,127.01566825320836,122.79547652852054,123.08229064941406,4272683.0
2019-10-02T00:00:00,122.59059198476629,123.04128853668956,120.54194262964013,120.91069793701172,3756225.0
2019-10-03T00:00:00,120.46002851323465,120.78780670318453,117.83776357984871,119.10792541503906,3797323.0
2019-10-04T00:00:00,119.2308295959843,120.09125873722074,117.83774946419712,118.94401550292969,3592834.0
2019-10-07T00:00:00,118.82108975132122,120.17319260444836,117.67385972546745,119.72249603271484,2948697.0
2019-10-08T00:00:00,119.39472397033195,119.84542056497182,116.44468123175699,117.59191131591797,3295325.0
2019-10-09T00:00:00,117.14120528789012,120.95167685169196,116.85439122098339,119.39471435546875,3998683.0
2019-10-10T00:00:00,119.39472573480252,122.7135238647461,118.69817909706025,122.7135238647461,3504655.0
2019-10-11T00:00:00,122.91838939958056,126.76982556709076,122.5496340343129,126.48302459716797,5411807.0
2019-10-14T00:00:00,126.31912999939014,126.31912999939014,123.9427152731034,125.58161926269531,3563728.0
2019-10-15T00:00:00,126.44204419236013,129.39208703967515,126.23718448505028,128.85943603515625,3948907.0
2019-10-16T00:00:00,128.65457026638666,129.84277753348675,127.83511833782735,129.51499938964844,3798223.0
2019-10-17T00:00:00,129.10526714118,131.52267201334195,128.65457055016734,130.29348754882812,5138213.0
2019-10-18T00:00:00,128.40872475249182,136.23452758789062,128.3677475605406,136.23452758789062,11963973.0
2019-10-21T00:00:00,137.3408130939356,142.74922513318668,136.31648825264682,141.56100463867188,9321036.0
2019-10-22T00:00:00,141.60198250667105,143.28186369295884,139.71724160632715,140.16793823242188,4076513.0
2019-10-23T00:00:00,139.38946034267983,141.02837758701313,138.48806702553628,140.6596221923828,3345871.0
2019-10-24T00:00:00,140.94639894169242,142.38045621054277,138.73388009240347,139.3074951171875,3515139.0
2019-10-25T00:00:00,138.4061041018021,139.4304289586824,137.1769195287171,137.83248901367188,4767794.0
2019-10-28T00:00:00,138.07832437293317,141.80684211067302,137.2588723794165,141.64295959472656,5494215.0
2019-10-29T00:00:00,141.2741978892198,142.42142800109136,139.7172352300069,141.52003479003906,4170817.0
2019-10-30T00:00:00,141.2332000732422,142.54432564021315,140.12693418106883,141.2332000732422,3393873.0
2019-10-31T00:00:00,141.88877239103928,141.88877239103928,138.03732371404283,139.59429931640625,5054150.0
2019-11-01T00:00:00,139.59430258578254,141.1922291407046,137.66857163321964,139.881103515625,337570.0
2019-11-04T00:00:00,142.01169584555797,146.600642157023,141.11028957748294,146.39578247070312,3880537.0
2019-11-05T00:00:00,146.27287574081507,146.80552673339844,145.08466844435867,146.80552673339844,2751379.0
2019-11-06T00:00:00,146.51870057755272,147.42010684358198,145.08465650071528,145.61729431152344,2213369.0
2019-11-07T00:00:00,146.600667931001,149.0180599511143,145.98607562606298,146.19094848632812,2601904.0
2019-11-08T00:00:00,146.14996107271918,147.17428588867188,144.34716148353598,147.17428588867188,2040962.0
2019-11-11T00:00:00,146.68259556258002,147.54302463247592,145.6992480541275,146.55967712402344,1942112.0
2019-11-12T00:00:00,147.21525507448587,147.379150729366,145.78121079255183,146.6826171875,2133037.0
2019-11-13T00:00:00,146.10897756711702,146.2728732092124,143.1999120319692,145.5763397216797,2335582.0
2019-11-14T00:00:00,145.4534184413798,146.31384755424804,144.59298932851155,145.04368591308594,1948318.0
2019-11-15T00:00:00,146.72357557683574,147.78886444756182,144.92077599454674,147.0923309326172,1765597.0
2019-11-18T00:00:00,146.8055163842824,147.62496827531984,143.15892722262387,143.36380004882812,2403313.0
2019-11-19T00:00:00,143.48674526509063,144.92078962649126,142.503397557175,142.9950714111328,2985871.0
2019-11-20T00:00:00,142.21656772945124,142.21656772945124,140.9873832302549,141.43807983398438,3097215.0
2019-11-21T00:00:00,139.96308264421302,140.00404670547488,138.77486210904777,139.8401641845703,3030380.0
2019-11-22T00:00:00,139.84014586075227,143.28184914183933,139.51235458603782,141.4790496826172,2187972.0
2019-11-25T00:00:00,142.38046514373985,143.65061371673346,142.01170978940087,143.60964965820312,1666520.0
2019-11-26T00:00:00,143.7325540584077,143.97839093726742,141.92974152148537,142.74920654296875,4216170.0
2019-11-27T00:00:00,142.99506238079053,143.9374328287213,140.86447143554688,140.86447143554688,2545904.0
2019-11-28T00:00:00,142.09364321470238,144.26519802462062,141.92974757582908,143.56866455078125,2294132.0
2019-11-29T00:00:00,142.79017794553044,143.65060706581752,141.76586632285438,142.70823669433594,2743722.0
2019-12-02T00:00:00,142.95408234301135,145.24855575835738,140.0040394641688,140.33181762695312,2759094.0
2019-12-03T00:00:00,140.49572554789745,141.47907326006174,138.11931066878645,138.57000732421875,2830753.0
2019-12-04T00:00:00,138.73389072283703,143.81451136120057,138.73389072283703,143.2818603515625,3633959.0
2019-12-05T00:00:00,143.56868015599446,144.63396907964523,142.5033912323437,142.8721466064453,1658916.0
2019-12-06T00:00:00,142.9540845438506,146.14996437846528,142.9540845438506,145.98606872558594,2066854.0
2019-12-09T00:00:00,146.02703603119804,148.32150932643742,145.86314038942123,147.74789428710938,2984116.0
2019-12-10T00:00:00,148.7722309510262,148.81319501130002,145.4124554225178,146.6826171875,3849475.0
2019-12-11T00:00:00,146.6825876384651,147.37912104001524,145.00269364365943,146.51869201660156,2470384.0
2019-12-12T00:00:00,146.7645687335393,151.51741167893346,146.51873180295118,150.656982421875,3928034.0
2019-12-13T00:00:00,153.97576143052544,155.7785609799139,152.29588033082095,153.23825073242188,4328145.0
2019-12-16T00:00:00,154.1396781662554,155.65566382783038,153.72994556527146,155.53274536132812,1668505.0
2019-12-17T00:00:00,155.45079318377267,156.311222388887,154.26258580363856,155.9834442138672,2931556.0
2019-12-18T00:00:00,155.69659500418626,156.39312839582195,153.32016764165655,154.05767822265625,2415600.0
2019-12-19T00:00:00,154.05769784121384,154.05769784121384,151.55836486816406,151.55836486816406,3616474.0
2019-12-20T00:00:00,151.59932483752672,152.8285092625838,151.2715467034871,151.88613891601562,3085458.0
2019-12-23T00:00:00,151.72224963020992,152.3368418684616,151.43544867764402,152.00906372070312,1035431.0
2019-12-27T00:00:00,152.82849891637824,153.68892795566873,151.80418739012583,153.56600952148438,1087517.0
2019-12-30T00:00:00,153.32019076761677,153.68894611373761,149.14096351158054,149.67361450195312,1728530.0
2020-01-02T00:00:00,150.3701464228701,153.23824790861886,150.3701464228701,152.70559692382812,1699684.0
2020-01-03T00:00:00,151.599318018448,151.6402952100823,148.77220710590956,149.50970458984375,2156647.0
2020-01-07T00:00:00,149.05899938000965,152.41877417496502,148.85413970958356,151.10763549804688,3095153.0
2020-01-08T00:00:00,149.79653767941542,151.39447756304926,148.854167255556,151.35350036621094,1824133.0
2020-01-09T00:00:00,152.2958790979968,153.32019074511945,150.77988051819108,151.1486358642578,3065883.0
2020-01-10T00:00:00,151.92712920963345,152.37782582504076,149.50972420662575,149.96043395996094,2834441.0
2020-01-13T00:00:00,150.86183077433813,151.3944817964196,148.40346165385156,149.5507049560547,2310820.0
2020-01-14T00:00:00,149.59168115417225,150.04237777727297,148.07568249402905,149.714599609375,2276193.0
2020-01-15T00:00:00,149.50971022480704,149.91944274281414,148.28053894663898,149.09999084472656,2643576.0
2020-01-16T00:00:00,149.09998697204767,152.3778076171875,148.8951141494021,152.3778076171875,3978130.0
2020-01-17T00:00:00,154.05770294961508,155.2459233905574,153.27922819222806,154.01673889160156,4046509.0
2020-01-20T00:00:00,154.05768722819172,156.63897441258138,153.03337567554345,155.4097900390625,2730489.0
2020-01-21T00:00:00,151.76323199552462,159.22028036104174,149.22292170351938,156.720947265625,5957059.0
2020-01-22T00:00:00,158.3188728364215,158.76958258179485,153.15631103515625,153.15631103515625,3292181.0
2020-01-23T00:00:00,153.77092125530103,154.0577222490344,149.22293803942063,150.656982421875,3124156.0
2020-01-24T00:00:00,152.74657186872938,155.73759175783422,152.41879372641694,153.72991943359375,2739612.0
2020-01-27T00:00:00,149.87846497664873,150.53403437536852,147.8298286702984,149.01803588867188,3179300.0
2020-01-28T00:00:00,150.0833327210192,150.94376177985626,146.10896554612984,149.50970458984375,3600959.0
2020-01-29T00:00:00,150.28820670180926,153.52506356279395,149.0999994106299,152.6236572265625,3001592.0
2020-01-30T00:00:00,150.08334119980003,151.23057125111006,147.82983201527543,148.15762329101562,3267853.0
2020-01-31T00:00:00,148.73122381078971,149.3458159704523,143.8964277754689,144.34713745117188,3318518.0
2020-02-03T00:00:00,144.2242413005637,146.02704086811474,143.44575339874666,145.00271606445312,2091591.0
2020-02-04T00:00:00,146.06800205171575,149.67360079155463,145.04367736034555,149.59165954589844,2965120.0
2020-02-05T00:00:00,149.632643722521,155.2459285461158,148.60833203132648,153.5250701904297,2837172.0
2020-02-06T00:00:00,154.87719366648935,155.81956422563542,151.84519597544602,152.2549285888672,2184344.0
2020-02-07T00:00:00,151.59933766191463,151.68129205580246,148.1985981775503,149.18194580078125,2139554.0
2020-02-10T00:00:00,148.89513014318604,150.08335060080057,147.6249815683949,149.26388549804688,1079061.0
2020-02-11T00:00:00,150.37014766722288,153.52506326903244,149.9604282643877,153.3201904296875,2902864.0
2020-02-12T00:00:00,154.01674514507076,155.6966263158753,152.8695018534885,155.61468505859375,2042637.0
2020-02-13T00:00:00,154.5493703425271,155.53271790092822,151.189608276608,152.41879272460938,3180427.0
2020-02-14T00:00:00,152.58265665613575,153.52504004353167,151.10763549804688,151.10763549804688,1811054.0
2020-02-17T00:00:00,151.14864734184187,153.32020238760214,150.77989196777344,150.77989196777344,1661142.0
2020-02-18T00:00:00,149.1409763054717,149.75556860172856,148.03472331013788,148.44444274902344,2077504.0
2020-02-19T00:00:00,149.5097274246783,150.69794792221597,149.5097274246783,150.2472381591797,1290852.0
2020-02-20T00:00:00,150.24723180504404,151.3534978600108,149.75555800283658,150.1243133544922,1546598.0
2020-02-21T00:00:00,148.7312537528241,149.34584603621417,145.65829233587382,146.6826171875,3002958.0
2020-02-24T00:00:00,142.2985070408379,142.62629832810043,136.93107251359643,137.34080505371094,4484789.0
2020-02-25T00:00:00,137.95539602190885,139.06166204587512,134.80049359212896,135.25119018554688,2989268.0
2020-02-26T00:00:00,133.98102728692658,139.75819424782657,130.45736954823985,139.06166076660156,3926224.0
2020-02-27T00:00:00,135.37413033169688,135.82482699735672,129.84279932525166,133.12062072753906,5512882.0
2020-02-28T00:00:00,127.4253760977678,130.99001076545383,127.38439890618685,129.8018035888672,6365085.0
2020-03-02T00:00:00,132.915754145409,134.39077567110942,126.11427475774283,128.7365264892578,4263113.0
2020-03-03T00:00:00,130.37543639414193,134.51368661972646,130.08862228974095,131.031005859375,3546589.0
2020-03-04T00:00:00,131.48169679990255,133.4893560302446,130.33445356975898,131.4407196044922,3802004.0
2020-03-05T00:00:00,133.16158217839958,133.53033753521186,127.34345086286878,128.16290283203125,3308881.0
2020-03-06T00:00:00,124.76215360023664,125.99133802673784,122.59059882606013,124.02464294433594,3947696.0
2020-03-09T00:00:00,112.88004214011784,118.65720895917862,110.83140580344777,115.99398040771484,7209113.0
2020-03-10T00:00:00,116.56760026829045,121.4433609954332,113.49463906674517,114.72382354736328,4682577.0
2020-03-11T00:00:00,115.37938526767186,117.59190404690773,113.16685335050954,113.9863052368164,5477160.0
2020-03-12T00:00:00,106.11953998068806,109.60222719310858,101.12085417864337,102.18614959716797,8532303.0
2020-03-13T00:00:00,104.07089741393739,112.3883748188905,100.87501771358045,104.31673431396484,6848710.0
2020-03-16T00:00:00,98.49860652493877,103.08756026782414,92.14782367617937,101.12086486816406,7499087.0
2020-03-17T00:00:00,104.07089912322881,105.70980962734188,96.08120631007513,100.5472412109375,6799535.0
2020-03-18T00:00:00,97.18748338468936,101.81740788960512,93.99160326991422,100.91600799560547,5925410.0
2020-03-19T00:00:00,101.98129222147615,106.07857203875187,97.84304177378588,102.06324005126953,6872640.0
2020-03-20T00:00:00,106.52926247162355,107.88136537173399,99.93264361099982,100.26042175292969,6519648.0
2020-03-23T00:00:00,94.52422891535865,98.5395602897439,93.82768889087971,94.68811798095703,4782268.0
2020-03-24T00:00:00,98.33470790649216,104.97229766845703,98.2527600831224,104.97229766845703,5220306.0
2020-03-25T00:00:00,110.58556795035693,110.58556795035693,100.46528509158641,110.1348648071289,6427518.0
2020-03-26T00:00:00,106.16050319353921,119.6815185546875,105.38202192415599,119.6815185546875,5800485.0
2020-03-27T00:00:00,118.78013204623514,118.78013204623514,111.97864022394937,113.9453353881836,5269567.0
2020-03-30T00:00:00,114.76479567153274,115.95300290431733,110.17583610069028,115.21549224853516,3871637.0
2020-03-31T00:00:00,117.34608044738637,119.14889319438446,113.41270306521368,115.74815368652344,6529601.0
2020-04-01T00:00:00,111.65086321663992,112.18351420837129,107.96330974602446,108.04525756835938,3971424.0
2020-04-02T00:00:00,108.74180085126703,111.60988932126949,107.2258022225438,110.70849609375,5440517.0
2020-04-03T00:00:00,110.50362077586371,111.07724896737676,107.7994214468953,108.00428771972656,2440662.0
2020-04-06T00:00:00,111.60987296425776,114.51895134270835,111.5279317204725,113.78144073486328,2557237.0
2020-04-07T00:00:00,116.81343559275258,119.72250111176645,115.46133268226447,117.75580596923828,5838552.0
2020-04-08T00:00:00,116.60858000903102,116.85440377259332,113.69950124944859,115.95301055908203,2371511.0
2020-04-09T00:00:00,117.59191089681212,120.50098956782357,114.8877182006836,114.8877182006836,2231948.0
2020-04-14T00:00:00,116.40371101932116,116.93636203615833,114.55993419710953,115.58425903320312,3568319.0
2020-04-15T00:00:00,115.46133972339881,115.46133972339881,108.33206939697266,108.33206939697266,4231573.0
2020-04-16T00:00:00,110.79044442707604,112.14254749265834,109.39737073097936,110.62654876708984,3057378.0
2020-04-17T00:00:00,114.84674548793924,117.26413732735917,113.69950222516532,115.78911590576172,5510372.0
2020-04-20T00:00:00,116.97731837911631,120.21417518833671,113.49463781441212,119.27180480957031,5442454.0
2020-04-21T00:00:00,117.05927012332101,118.45233706254838,112.75712458585764,112.88004302978516,6424491.0
2020-04-22T00:00:00,113.49463180135798,115.25646715676872,113.0439352332919,114.7647933959961,2539171.0
2020-04-23T00:00:00,115.25647641366675,120.33709692441954,114.8467438674728,118.82109832763672,2680533.0
2020-04-24T00:00:00,116.60857814861619,117.67386699210063,115.1335567632097,116.73148345947266,3115157.0
2020-04-27T00:00:00,119.23083451315247,123.00032938424071,119.06693886208674,122.13990020751953,2923218.0
2020-04-28T00:00:00,122.71351731809233,127.17954531089268,120.82876348405647,125.49966430664062,3943151.0
2020-04-29T00:00:00,125.2948114799107,129.84279458587125,123.86076713211564,127.95805358886719,4518119.0
2020-04-30T00:00:00,128.65455835947427,129.26915053349535,123.98365783691406,123.98365783691406,2253253.0
2020-05-04T00:00:00,119.76347462585858,120.33708964549135,115.21549224853516,115.21549224853516,4178999.0
2020-05-05T00:00:00,116.81343899469206,122.0989323441651,116.7724617987203,121.7711410522461,2558560.0
2020-05-06T00:00:00,121.60724984365547,122.50864298712249,119.4356819572881,119.72249603271484,2293202.0
2020-05-07T00:00:00,120.37807820217694,121.27947144126937,118.45234699390278,119.96834564208984,2148328.0
2020-05-08T00:00:00,121.2794863219766,122.91840362548828,120.70587117781582,122.91840362548828,1703716.0
2020-05-11T00:00:00,123.28713118625863,124.43436121545244,120.3780657821882,121.23849487304688,2293678.0
2020-05-12T00:00:00,120.46001458238884,124.35242776289004,119.96834078536016,122.7135238647461,3219079.0
2020-05-13T00:00:00,120.86975017887202,120.86975017887202,116.60858154296875,116.60858154296875,3120564.0
2020-05-14T00:00:00,115.46133425795753,116.93635563498317,111.11821137962848,112.51129150390625,3588399.0
2020-05-15T00:00:00,113.90436685429087,117.71482544731141,113.86338966067068,115.2564697265625,3309461.0
2020-05-18T00:00:00,117.67388638341137,122.87742614746094,116.36274728837105,122.87742614746094,3684529.0
2020-05-19T00:00:00,123.32812096978753,124.06563169438624,121.23850725009117,122.18087768554688,3490536.0
2020-05-20T00:00:00,121.40237577610205,122.50864173554052,118.86206573003366,120.58292388916016,1828966.0
2020-05-22T00:00:00,118.94402649785073,118.94402649785073,116.56761169433594,116.56761169433594,3617459.0
2020-05-25T00:00:00,117.8787453901007,122.0989505136629,117.55096718733269,121.56629943847656,2113672.0
2020-05-26T00:00:00,122.87740104129638,125.54062961369318,122.59060009742291,124.63923645019531,2757311.0
2020-05-27T00:00:00,124.6392377879576,130.08861343516466,124.51631934271343,129.67889404296875,3339520.0
2020-05-28T00:00:00,130.703214316627,130.86710996711483,127.46637046946944,130.2525177001953,3139307.0
2020-05-29T00:00:00,129.1872158063422,130.08860894842587,126.8927294823028,127.75315856933594,5431291.0
2020-06-01T00:00:00,130.29349756789523,130.49835728175805,126.56496669285131,128.5316619873047,2324973.0
2020-06-02T00:00:00,128.5316590386549,133.20256025582634,127.9990080293173,130.9490509033203,2935176.0
2020-06-03T00:00:00,135.21020777404001,139.7581901415484,134.59561556221456,139.38943481445312,4431668.0
2020-06-04T00:00:00,138.8568033219153,140.9873809947886,137.46372319893865,139.51235961914062,4855636.0
2020-06-05T00:00:00,140.57764745078353,144.1422824164542,139.4304173698755,144.101318359375,4183493.0
2020-06-08T00:00:00,142.7492339296814,144.4700924118495,141.84782748828368,142.91311645507812,3733158.0
2020-06-09T00:00:00,142.46239238176088,142.83114769981776,139.22554890410115,141.27418518066406,4447017.0
2020-06-10T00:00:00,141.23322236791435,143.07699914592325,138.44707517156573,138.48805236816406,3892615.0
2020-06-11T00:00:00,134.18591468918243,134.63661132738116,127.999014524078,128.12193298339844,6755200.0
2020-06-12T00:00:00,126.19619909691161,130.99001841262753,126.19619909691161,127.58927917480469,2939434.0
2020-06-15T00:00:00,121.73016977649566,126.19619776929602,121.44335569755438,125.49966430664062,4059619.0
2020-06-16T00:00:00,129.0643027996299,131.11293918999172,126.85177076838534,129.51499938964844,3707089.0
2020-06-17T00:00:00,130.12959956830306,131.39976130238404,129.02333348511482,129.5559844970703,2792163.0
2020-06-18T00:00:00,129.31013470040847,132.38308259836685,128.69554249323144,131.481689453125,4658553.0
2020-06-22T00:00:00,129.51498917563336,130.90806916845534,128.0809451292666,129.0233154296875,2206395.0
2020-06-23T00:00:00,130.45736057021625,134.71852869151064,130.45736057021625,133.98101806640625,2627122.0
2020-06-24T00:00:00,133.98102752538253,135.7428629668251,131.72753143708564,132.4650421142578,4196301.0
2020-06-25T00:00:00,132.0143526337642,136.84913635253906,131.9733754368499,136.84913635253906,3476045.0
2020-06-26T00:00:00,139.1436093704405,141.76587406914683,138.28318020313833,139.02069091796875,3986036.0
2020-06-29T00:00:00,138.4880516989604,141.92975519668488,137.66858659852002,141.35614013671875,3003636.0
2020-06-30T00:00:00,142.58531034026433,143.73255348299236,140.65959250954793,142.66725158691406,4108253.0
2020-07-01T00:00:00,142.83116651579576,146.47774298432327,141.47906350480005,143.81451416015625,3962897.0
2020-07-02T00:00:00,145.3714716738593,146.19093677340635,143.1999167497077,145.7812042236328,2688376.0
2020-07-03T00:00:00,147.05136497172813,147.62498002732553,144.0193677714606,144.47007751464844,1664618.0
2020-07-06T00:00:00,147.50206628694886,148.7722280269665,145.57634821615198,147.62498474121094,1738133.0
2020-07-07T00:00:00,146.88748288688382,148.4854228887984,146.02705365508365,147.5020751953125,2285467.0
2020-07-08T00:00:00,146.76455844597592,148.69027655462202,146.5187215326199,146.6826171875,2281718.0
2020-07-09T00:00:00,147.3791482520578,147.7069264183801,145.16661606904424,145.45343017578125,2366915.0
2020-07-10T00:00:00,144.22423056038494,147.6659469299092,144.22423056038494,146.92843627929688,1644789.0
2020-07-13T00:00:00,148.32152449314756,149.9604416647226,146.6826204595011,149.22293090820312,3242397.0
2020-07-14T00:00:00,148.0756785480344,148.48541110043416,145.98606486527282,147.0923309326172,4427035.0
2020-07-15T00:00:00,149.18193093876542,152.0090550739065,148.56733873547387,151.43544006347656,3407942.0
2020-07-16T00:00:00,149.96044373043966,150.77989575855094,139.1026550907328,142.46241760253906,6871026.0
2020-07-17T00:00:00,143.77353408915792,145.0027186200445,140.45473585576414,144.7568817138672,5338157.0
2020-07-20T00:00:00,144.75687696715207,145.00271386526816,141.23321914013056,141.6019744873047,2817914.0
2020-07-21T00:00:00,144.22423916809055,144.3471576171954,138.2422123576308,138.6519317626953,3496498.0
2020-07-22T00:00:00,138.65193048334598,140.16792905429327,137.99637418612065,139.51235961914062,2140966.0
2020-07-23T00:00:00,141.2332000732422,141.97071066802442,139.88109731614145,141.2332000732422,1755241.0
2020-07-24T00:00:00,138.8977943374149,139.14363128106976,136.64429777919864,137.66860961914062,1784711.0
2020-07-27T00:00:00,137.42275030101777,140.37279314456518,137.21789059396954,139.96307373046875,1269719.0
2020-07-28T00:00:00,140.4547216269856,140.7415357011127,138.65192221029398,139.71722412109375,1557640.0
2020-07-29T00:00:00,139.59433047172186,140.41378250885293,138.93876095925967,140.12696838378906,1278699.0
2020-07-30T00:00:00,139.30750548239394,139.51236519121798,134.5956270760185,135.37411499023438,1683955.0
2020-07-31T00:00:00,135.49702420986196,136.480371765893,133.24351501464844,133.24351501464844,2495191.0
2020-08-03T00:00:00,133.28451373902462,138.36514797853226,132.6699214172265,137.87347412109375,1689121.0
2020-08-04T00:00:00,139.38943990058,139.67625398920623,136.35745592425044,137.42274475097656,1098927.0
2020-08-05T00:00:00,138.56998218798483,139.7172253567126,137.54565746098052,138.85679626464844,1375230.0
2020-08-06T00:00:00,138.89777278170848,139.71723789200416,137.38178728972431,138.32415771484375,1243159.0
2020-08-07T00:00:00,137.83248489779814,139.22556508500455,137.54567079333353,138.16026306152344,1244247.0
2020-08-10T00:00:00,139.18457439660207,139.55332972177243,137.87344873086084,138.85679626464844,891743.0
2020-08-11T00:00:00,140.12695888916969,146.06802188512432,140.12695888916969,145.37147521972656,3040833.0
2020-08-12T00:00:00,144.22425803590252,145.1666285563473,142.79020051678708,144.92079162597656,1470880.0
2020-08-13T00:00:00,144.06033583819612,145.41243870621946,143.93741739564857,145.28952026367188,1125588.0
2020-08-14T00:00:00,144.42911579490317,144.55203425841168,140.41378369960213,140.74156188964844,1819758.0
2020-08-17T00:00:00,140.61862561176972,143.9374237060547,140.61862561176972,143.9374237060547,1596229.0
2020-08-18T00:00:00,142.79018021394248,144.92077102019059,141.15127633645375,141.6839141845703,2157972.0
2020-08-19T00:00:00,141.68390398002947,142.8311471219852,140.86445210030473,141.19223022460938,2108209.0
2020-08-20T00:00:00,139.2255656506773,139.2255656506773,137.2998344439061,138.24221801757812,2231506.0
2020-08-21T00:00:00,138.89776282292482,139.79916912444932,135.7838376684345,137.1359405517578,2395661.0
2020-08-24T00:00:00,138.48805541359286,142.62630567148375,138.16026410945338,141.7248992919922,2445981.0
2020-08-25T00:00:00,142.17558726862222,143.48672612960803,140.65960184637774,141.15127563476562,1800976.0
2020-08-26T00:00:00,140.57765218053967,142.83116149902344,139.96307306232885,142.83116149902344,1004940.0
2020-08-27T00:00:00,143.19990789212414,144.51103357720143,141.4790496826172,141.4790496826172,2204827.0
2020-08-28T00:00:00,141.80682109583205,142.0936351631266,139.34846547959418,140.57763671875,1939269.0
2020-08-31T00:00:00,141.1922368279538,142.13462032853374,139.1436004638672,139.1436004638672,1941728.0
2020-09-01T00:00:00,139.96305789951677,141.315147578616,138.20122257681118,139.881103515625,2339221.0
2020-09-02T00:00:00,140.86446633162558,144.2652057708774,140.3318153301321,141.35614013671875,2509442.0
2020-09-03T00:00:00,143.0770065981099,145.00272473168903,139.3075115904885,139.92210388183594,3007055.0
2020-09-04T00:00:00,139.30749962083348,145.28952636331462,138.6519301870816,141.6839141845703,2711919.0
2020-09-07T00:00:00,142.5853259532,147.2562271442941,142.5853259532,147.17428588867188,2593526.0
2020-09-08T00:00:00,147.4201202392578,147.5020614934603,144.92077403784236,147.4201202392578,3246771.0
2020-09-09T00:00:00,147.37913498667746,152.62365086542314,147.13329809958114,152.500732421875,4873094.0
2020-09-10T00:00:00,152.50074294820888,153.23825366040435,149.42778164739445,150.82086181640625,2933726.0
2020-09-11T00:00:00,150.69796119118257,151.10768065447377,149.34585805887724,150.57504272460938,1773231.0
2020-09-14T00:00:00,151.43545539721532,152.29588456894703,149.3048644974275,149.96043395996094,1752373.0
2020-09-15T00:00:00,150.165274311764,150.8208436897898,148.977067130898,150.28819274902344,1909673.0
2020-09-16T00:00:00,149.79652404785156,150.49305750315162,148.28053869584988,149.79652404785156,2594682.0
2020-09-17T00:00:00,148.15762373894745,150.57501543072388,147.66594996177756,149.3867950439453,2493557.0
2020-09-18T00:00:00,150.69794206506927,152.33684598608798,150.0423726139052,151.68128967285156,4070985.0
2020-09-21T00:00:00,150.24725342735192,150.24725342735192,144.42912135588597,144.5110626220703,2311659.0
2020-09-22T00:00:00,144.63395620482257,146.23189601701978,143.65060862808585,144.101318359375,1830268.0
2020-09-23T00:00:00,144.83884023395933,147.4610918825999,144.42910766601562,144.42910766601562,2098519.0
2020-09-24T00:00:00,142.29851436734427,143.07700229226552,140.24987783714855,141.7248992919922,3197805.0
2020-09-25T00:00:00,141.1922394084074,141.43807630210785,134.96437581397228,137.42274475097656,7128768.0
2020-09-28T00:00:00,139.30749143630953,143.32282277955565,139.30749143630953,141.88877868652344,4268094.0
2020-09-29T00:00:00,141.6429730362741,144.59301625839933,141.4790773668462,143.19993591308594,2676085.0
2020-09-30T00:00:00,141.76585855347219,145.33049328501838,141.4380672908044,144.14227294921875,2824114.0
2020-10-01T00:00:00,145.00271994533077,145.82218506536344,143.52769849478557,143.89645385742188,2859484.0
2020-10-02T00:00:00,142.4623873006809,142.4623873006809,139.34846237343507,141.76585388183594,2482958.0
2020-10-05T00:00:00,143.40478368560807,146.31386260118884,143.28186522827164,145.740234375,1972987.0
2020-10-06T00:00:00,146.55968800493764,147.50205839119283,145.69925887116156,146.10897827148438,1916631.0
2020-10-07T00:00:00,145.82218291230254,148.60833012066342,145.69926445990532,147.17428588867188,2181387.0
2020-10-08T00:00:00,147.58399992287235,148.7312431493866,146.06801449054095,146.88746643066406,1635160.0
2020-10-09T00:00:00,147.05135341751208,148.36247907211364,146.27286558056895,146.3138427734375,1483466.0
2020-10-12T00:00:00,146.60064951316036,146.84648640425038,145.12562816662006,146.3548126220703,2324915.0
2020-10-13T00:00:00,146.68260443901792,146.68260443901792,141.7658665992211,142.01170349121094,3853262.0
2020-10-14T00:00:00,142.54435228217207,142.9540848462732,140.61863419296023,141.56100463867188,3655565.0
2020-10-15T00:00:00,139.43040980086326,140.53667576463818,138.07830695624946,140.41375732421875,3091049.0
2020-10-16T00:00:00,141.92976045871782,143.69159603826412,134.7595259605585,143.11798095703125,7620300.0
2020-10-19T00:00:00,143.19992699904736,146.02705157759863,143.1179857383989,143.32284545898438,3152951.0
2020-10-20T00:00:00,142.9130803010834,146.76452888043406,142.9130803010834,146.51869201660156,3086625.0
2020-10-21T00:00:00,146.68258728626986,146.8464697698143,141.2331991050925,141.3970947265625,3434804.0
2020-10-22T00:00:00,140.94639489442878,141.84780116857146,139.47138674989984,141.11029052734375,2934751.0
2020-10-23T00:00:00,140.94639529268898,143.36380004882812,140.53667591613353,143.36380004882812,2912611.0
2020-10-26T00:00:00,141.35615396659085,141.39713116700028,137.25888061523438,137.25888061523438,2556789.0
2020-10-27T00:00:00,137.25886025584833,138.07831217698586,134.63659571511047,136.2755126953125,2475089.0
2020-10-28T00:00:00,134.22687412408732,134.75952514209374,132.09629632791786,132.87477111816406,3050731.0
2020-10-29T00:00:00,132.5060190030647,134.4727143326474,130.86711498703136,131.23587036132812,2501862.0
2020-10-30T00:00:00,129.47401078898483,131.52266013679883,129.1052554829294,129.8837432861328,1919192.0
2020-11-02T00:00:00,130.25250641689266,135.456045067429,129.55597295403135,135.04632568359375,3347565.0
2020-11-03T00:00:00,136.8491378504607,137.42275292390048,132.62894634956794,133.03866577148438,4542690.0
2020-11-04T00:00:00,128.8594312203799,132.4240661943612,127.34344579466118,131.6046142578125,6122758.0
2020-11-05T00:00:00,132.26016901205816,135.2511889094255,131.80947242289264,134.6365966796875,3268884.0
2020-11-06T00:00:00,134.3907597985875,137.38177969619514,133.77616756880013,136.1116180419922,2589105.0
2020-11-09T00:00:00,138.56999515954342,149.18194619643654,137.87346163721682,147.01039123535156,6844312.0
2020-11-10T00:00:00,146.68260364547788,149.63263319546948,145.04368666176964,148.5263671875,4072375.0
2020-11-11T00:00:00,148.44444431281244,149.96044303885913,147.1742956457869,148.3625030517578,2517449.0
2020-11-12T00:00:00,146.8464699244749,147.87079456837142,145.78118122861187,147.21522521972656,2709390.0
2020-11-13T00:00:00,146.31386591176764,150.94379019688918,145.98607459283485,150.5340576171875,3901468.0
2020-11-16T00:00:00,151.599338588057,157.37650590983222,150.86182786612824,155.69662475585938,4132323.0
2020-11-17T00:00:00,155.28689352067875,155.28689352067875,152.54172345761933,154.83619689941406,2723388.0
2020-11-18T00:00:00,154.139635491497,154.959087328664,153.07433365146167,154.59033203125,2977802.0
2020-11-19T00:00:00,154.1396618963179,154.54938131612536,153.19727832731937,153.443115234375,2029402.0
2020-11-20T00:00:00,152.50073399964654,155.00008009029287,152.29587430425576,153.89381408691406,2171702.0
2020-11-23T00:00:00,154.34451948411836,157.37650358347477,154.34451948411836,156.720947265625,2461057.0
2020-11-24T00:00:00,157.7452735245051,161.18699049419308,157.7452735245051,160.36753845214844,3074393.0
2020-11-25T00:00:00,159.79389737765362,160.85919939855987,156.55705353162892,157.86817932128906,2495481.0
2020-11-26T00:00:00,160.20363209877968,162.0883861214416,159.3022257161278,159.7938995361328,2294389.0
2020-11-27T00:00:00,159.01541462092993,160.8182141335104,158.6876233365137,160.77723693847656,2200891.0
2020-11-30T00:00:00,159.79389996896464,160.73628355181225,157.62234497070312,157.62234497070312,5635744.0
2020-12-01T00:00:00,158.15496959348351,159.22025831593888,157.3355046027401,158.76956176757812,1688477.0
2020-12-02T00:00:00,157.7862314372247,159.34319406816638,156.96676635742188,156.96676635742188,2747063.0
2020-12-03T00:00:00,156.51607191084437,157.33552386398037,155.32786460810806,155.49176025390625,2481012.0
2020-12-04T00:00:00,155.3278818478786,157.41749572753906,155.00010365782973,157.41749572753906,1797736.0
2020-12-07T00:00:00,157.49942303640844,158.72860756259934,156.51607541545573,156.5570526123047,1850318.0
2020-12-08T00:00:00,157.33551944565718,159.4661102294922,155.32786024616428,159.4661102294922,2675284.0
2020-12-09T00:00:00,160.36752798265772,162.04740915745438,159.71195850906307,160.5723876953125,2078237.0
2020-12-10T00:00:00,161.6376673561783,161.6376673561783,157.99109110693772,159.91680908203125,2490324.0
2020-12-11T00:00:00,157.74525295415324,160.90015538565086,157.74525295415324,160.77723693847656,2596232.0
2020-12-14T00:00:00,162.25226138187682,163.8911784212604,161.71962352597095,163.5634002685547,2721756.0
2020-12-15T00:00:00,163.11269886721954,168.07041429670693,162.49810658827184,167.08706665039062,3485210.0
2020-12-16T00:00:00,167.5787353515625,169.62737183946288,166.0217595338647,167.5787353515625,2915174.0
2020-12-17T00:00:00,168.3162461266712,168.88986119039507,165.12036637262963,166.1037139892578,2110775.0
2020-12-18T00:00:00,165.77592113746073,168.07040764669873,165.03841043190445,166.18565368652344,3357229.0
2020-12-21T00:00:00,163.03075793157404,164.54674346402265,160.40849315690483,162.66200256347656,2664620.0
2020-12-22T00:00:00,162.98975392197545,165.4481226382267,162.5800345612176,165.20228576660156,1264154.0
2020-12-23T00:00:00,165.20230769089522,165.20230769089522,163.80924065876044,164.62869262695312,1163007.0
2020-12-28T00:00:00,166.34954019085237,168.725954686192,165.61202952583102,168.48011779785156,1179654.0
2020-12-29T00:00:00,168.9717998519805,168.9717998519805,166.26759394776428,166.34954833984375,1533338.0
2020-12-30T00:00:00,165.69399269618285,166.923177300498,164.95648193359375,164.95648193359375,1863945.0
2021-01-04T00:00:00,165.93981523036567,170.11904252270583,165.5300826851408,166.26759338378906,2570365.0
2021-01-05T00:00:00,164.9564752525595,167.742622530187,164.30091891542838,165.53009033203125,1322681.0
2021-01-07T00:00:00,171.67600095232547,177.4941451445681,170.4468164848043,176.92051696777344,4701221.0
2021-01-08T00:00:00,179.460840292602,179.460840292602,175.52744999653422,176.92051696777344,2530412.0
2021-01-11T00:00:00,175.60938872782248,178.88720954818908,175.60938872782248,177.16635131835938,2102930.0
2021-01-12T00:00:00,178.3136061515276,182.73867045980055,178.2316648954985,180.52613830566406,2772829.0
2021-01-13T00:00:00,178.64137678103577,180.85390884187933,177.90386609408793,178.3135986328125,2749230.0
2021-01-14T00:00:00,178.14969890065095,179.54277898999715,177.739979509258,178.64137268066406,1707811.0
2021-01-15T00:00:00,178.80526634979722,181.09973958526766,177.73997755081572,178.9691619873047,3819301.0
2021-01-18T00:00:00,178.23167934505526,179.1330726482365,177.16637724067172,177.74000549316406,1426234.0
2021-01-19T00:00:00,181.26364037889152,181.67335977742457,175.52745055808379,177.00247192382812,2410919.0
2021-01-20T00:00:00,177.4121932884469,179.95251664955444,176.75663698835825,178.1497039794922,2770748.0
2021-01-21T00:00:00,181.09975964873328,182.16504856573474,175.52746501126447,178.3955535888672,5449618.0
2021-01-22T00:00:00,178.8052612949067,180.44417820986814,178.06775065386302,179.46083068847656,2849964.0
2021-01-25T00:00:00,181.09974674367328,183.14838317282323,178.1497039794922,178.1497039794922,3378715.0
2021-01-26T00:00:00,177.73999448800416,182.8206152176828,177.4941575772801,181.5914306640625,2544019.0
2021-01-27T00:00:00,181.91917925750442,181.91917925750442,173.1510062924201,175.609375,4912413.0
2021-01-28T00:00:00,174.54409987225108,175.52744743190033,169.46346643475434,174.21630859375,3009231.0
2021-01-29T00:00:00,173.39684431212297,175.60937616360533,170.61069747104645,171.1023712158203,3158234.0
2021-02-01T00:00:00,172.41351471456642,174.29826864442947,171.75795841212246,173.8065948486328,1973402.0
2021-02-02T00:00:00,171.83990880244062,175.93718189331966,171.67601314915134,172.98715209960938,3004991.0
2021-02-03T00:00:00,174.87188310476444,175.69133504902405,172.57740977808115,175.1996612548828,1909327.0
2021-02-04T00:00:00,175.44549205135826,175.69132893988063,173.31491444278234,174.3802032470703,1847082.0
2021-02-05T00:00:00,174.95382846200124,175.52745666057416,173.3149245350355,174.87188720703125,2240021.0
2021-02-08T00:00:00,175.5274590752018,177.5760955810547,173.97048324385995,177.5760955810547,1941060.0
2021-02-09T00:00:00,177.65801797916362,177.82191361188873,175.69132293816804,176.5107879638672,1769974.0
2021-02-10T00:00:00,177.00246017038575,178.47748143818464,175.36354327130036,176.5927276611328,2201512.0
2021-02-11T00:00:00,177.0024688169936,178.31359451755483,176.26495814706658,177.16635131835938,1581698.0
2021-02-12T00:00:00,176.83857472896156,177.90386354889205,175.19965773543788,177.08441162109375,2001080.0
2021-02-15T00:00:00,177.82191049148963,178.23164299714927,176.34688923662648,176.67466735839844,1517196.0
2021-02-16T00:00:00,176.34691701373262,179.46085564379695,176.34691701373262,178.3955535888672,1742324.0
2021-02-17T00:00:00,177.57608037357326,181.09973801497955,177.49413912449344,179.0511016845703,3041522.0
2021-02-18T00:00:00,178.64136916331776,180.44418174648757,177.7399760096596,179.0511016845703,2084758.0
2021-02-19T00:00:00,179.46084673479288,185.19703674316406,179.46084673479288,185.19703674316406,3667194.0
2021-02-22T00:00:00,183.88589727920413,185.60675559027146,183.14838657446097,185.11508178710938,2570601.0
2021-02-23T00:00:00,186.59010482756514,187.49151118721733,182.410877464157,183.55812072753906,3083476.0
2021-02-24T00:00:00,183.55813278904043,190.2776708865519,183.14840020992472,189.7040557861328,2768273.0
2021-02-25T00:00:00,190.60541066844607,192.49016438716862,188.9665069580078,188.9665069580078,2356164.0
2021-02-26T00:00:00,188.0651184350935,189.37624415452785,185.44286699622475,185.77064514160156,2217682.0
2021-03-01T00:00:00,186.99983812545148,189.37625277903163,186.91789686985734,189.2943115234375,2526050.0
2021-03-02T00:00:00,188.63874960562967,190.9332362332643,188.2290301733529,190.03182983398438,1918599.0
2021-03-03T00:00:00,191.34296084221774,192.0804716057829,188.55681344805896,189.5401611328125,1931030.0
2021-03-04T00:00:00,188.39291325363214,190.11375840259777,186.83593747353922,188.3109588623047,2424552.0
2021-03-05T00:00:00,187.40955104375806,190.68737171715676,185.68869289108662,188.3928985595703,2071578.0
2021-03-08T00:00:00,190.03181697199568,198.79999090508477,189.3762475316243,198.6361083984375,3500146.0
2021-03-09T00:00:00,198.63610072115665,199.4555526365035,194.7846517569653,196.42356872558594,2797307.0
2021-03-10T00:00:00,195.8499649202562,196.34163872522117,192.49018954035324,193.8013153076172,3442047.0
2021-03-11T00:00:00,193.80131367046388,197.32497153030366,192.57212916843517,196.8332977294922,2354394.0
2021-03-12T00:00:00,195.84995373022957,197.89859008789062,194.94854742665376,197.89859008789062,2205659.0
2021-03-15T00:00:00,197.8986133299405,198.88196099917462,193.71938573569545,194.2110595703125,2283593.0
2021-03-16T00:00:00,194.2110238801258,195.68604511291213,192.73600264733946,193.22767639160156,2984009.0
2021-03-17T00:00:00,192.73602446848503,195.6041260140428,192.73602446848503,194.1291046142578,3034909.0
2021-03-18T00:00:00,195.03050280618206,197.40693061254112,193.80131827494938,196.5874786376953,1986108.0
2021-03-19T00:00:00,193.8013204243915,196.42358516608056,191.83462515260672,193.3096466064453,4080167.0
2021-03-22T00:00:00,192.08046715878297,194.37495379537222,190.2776674911157,192.81797790527344,2166565.0
2021-03-23T00:00:00,190.52349618186014,191.09711124728074,184.70536485821842,186.34426879882812,3773008.0
2021-03-24T00:00:00,185.7706525688565,191.50684260088727,185.03314185882707,190.9332275390625,2996901.0
2021-03-25T00:00:00,190.68740014305553,190.93323705865566,184.21369907822805,187.1637420654297,3457085.0
2021-03-26T00:00:00,188.2290240462205,192.89992527038638,187.8192914893528,192.16241455078125,2652636.0
2021-03-29T00:00:00,192.16240694922178,192.3262894551437,189.212364187499,189.9498748779297,3537096.0
2021-03-30T00:00:00,190.9332322792877,196.34164428710938,190.68739536984123,196.34164428710938,2884628.0
2021-03-31T00:00:00,196.25968171813108,196.25968171813108,193.39159331932555,195.5221710205078,2429079.0
2021-04-01T00:00:00,195.93190854446033,198.06248629978782,194.29299146211565,197.9805450439453,1152397.0
2021-04-06T00:00:00,198.96389359010908,200.19307812309617,197.32497650015034,199.2916717529297,3201444.0
2021-04-07T00:00:00,199.4555510602997,200.11112047015268,196.17773028688848,196.50550842285156,2665954.0
2021-04-08T00:00:00,197.73470407695575,199.6194580260423,195.6860676195504,196.8332977294922,2365533.0
2021-04-09T00:00:00,197.24302419649115,198.96388244628906,196.6694091592009,198.96388244628906,1663584.0
2021-04-12T00:00:00,199.12777707392357,199.70139210829413,195.60411934062947,196.177734375,2359687.0
2021-04-13T00:00:00,197.3249618910894,198.8819376095534,195.60411681023908,196.42356872558594,2540702.0
2021-04-14T00:00:00,196.91524603026326,197.32496542631367,192.6540776010199,193.0637969970703,3402002.0
2021-04-15T00:00:00,194.2929957074635,196.50552790490565,194.21105444983056,194.70272827148438,2728066.0
2021-04-16T00:00:00,194.37494578725276,199.45556640625,193.1457612604102,199.45556640625,3182082.0
2021-04-19T00:00:00,199.53750266159201,199.7833395607998,195.5221710205078,195.5221710205078,3032680.0
2021-04-20T00:00:00,195.5221729080646,198.88194827564814,182.90254967287993,185.11508178710938,7690632.0
2021-04-21T00:00:00,185.19702659010127,188.22901050662912,183.55810961844807,186.1803741455078,4375495.0
2021-04-22T00:00:00,187.32761192566713,188.96652896489832,182.08309579322582,183.9678497314453,3272955.0
2021-04-23T00:00:00,183.9678391320477,188.22900742302647,182.90253720585795,187.81927490234375,2597975.0
2021-04-26T00:00:00,188.47486992636362,188.55681118646737,185.5248269074865,186.83595275878906,2479916.0
2021-04-27T00:00:00,186.83593752688188,187.16372881643053,183.72201224166182,185.3609161376953,2467848.0
2021-04-28T00:00:00,186.23086533402966,187.2448270537789,181.83703573076465,184.20294189453125,4332057.0
2021-04-29T00:00:00,184.79444452664228,185.3859177318381,179.8936200940623,180.82308959960938,3087059.0
2021-04-30T00:00:00,181.24557552257644,182.1750314674393,176.85174560546875,176.85174560546875,2307842.0
2021-05-03T00:00:00,178.1191975616485,182.76653181979,178.1191975616485,181.9215545654297,3120416.0
2021-05-04T00:00:00,184.11846872277908,185.3014287009972,181.24558140075928,182.42852783203125,4843620.0
2021-05-05T00:00:00,184.54093918259386,191.30067498687268,183.94945247818447,190.9626922607422,4409625.0
2021-05-06T00:00:00,190.54022207448256,193.5821075439453,188.59679073112153,193.5821075439453,3783548.0
2021-05-07T00:00:00,194.9340400138616,196.45498265409117,191.63866429336417,193.15960693359375,2938434.0
2021-05-10T00:00:00,194.0890920670287,197.89144897460938,192.99063792048753,197.89144897460938,3139083.0
2021-05-11T00:00:00,196.5394943416722,196.5394943416722,190.62472133956413,193.41311645507812,3892287.0
2021-05-12T00:00:00,192.90611652518677,197.13096170883236,192.56813378739545,194.17356872558594,1540953.0
2021-05-14T00:00:00,196.79297694539392,197.8069387650759,193.9200896386103,196.96197509765625,3003474.0
2021-05-17T00:00:00,194.34257835737708,196.70848475567809,192.65263747462146,192.9061279296875,2705027.0
2021-05-18T00:00:00,194.17358393661684,196.5394903803855,194.00459932795602,195.1875457763672,2387418.0
2021-05-19T00:00:00,190.5402309019159,190.6247232087778,182.2595513271559,183.6114959716797,5895880.0
2021-05-20T00:00:00,185.30144116730634,186.23089720484336,181.2455935942079,185.554931640625,4938866.0
2021-05-21T00:00:00,186.73785453861106,187.16034312303444,183.94945968469642,185.3859100341797,2697200.0
2021-05-24T00:00:00,185.63941963337228,185.89291010079737,183.61149589397147,184.62545776367188,1405213.0
2021-05-25T00:00:00,184.8789526309275,187.07586103626352,184.5409698486328,184.5409698486328,1747371.0
2021-05-26T00:00:00,185.0479504912243,185.72391605470202,181.07659523126793,181.83706665039062,3073635.0
2021-05-27T00:00:00,181.66806118643558,187.0758532117016,180.65409933501402,186.06190490722656,3594134.0
2021-05-28T00:00:00,186.737864874951,187.66733439335243,185.6394107509828,186.82235717773438,1954397.0
2021-05-31T00:00:00,186.82234624141705,187.66732340757133,184.70993041992188,184.70993041992188,1696840.0
2021-06-01T00:00:00,185.97739399260266,190.70922035274992,185.97739399260266,189.52626037597656,2565239.0
2021-06-02T00:00:00,189.6952694045988,190.87821590224706,188.5123093600036,189.6107635498047,1564871.0
2021-06-03T00:00:00,189.77973943797699,191.8921552617975,188.00530635282306,191.8076629638672,2615071.0
2021-06-04T00:00:00,191.8076706103238,193.41310561667282,189.35725840320515,190.28672790527344,2171549.0
2021-06-07T00:00:00,190.28671326153636,192.0611462808749,189.86422469366465,190.9626922607422,1946712.0
2021-06-08T00:00:00,191.13167255810657,192.06114196777344,189.77972813700026,192.06114196777344,336360.0
2021-06-09T00:00:00,192.14566419794937,192.90613559335907,189.94875586473015,192.39915466308594,2447410.0
2021-06-10T00:00:00,192.652623251546,193.41309456060037,190.2022247314453,190.2022247314453,3192571.0
2021-06-11T00:00:00,190.20223944083935,191.72318217657102,188.51229855215544,189.52626037597656,1906556.0
2021-06-14T00:00:00,190.28673124909787,190.87820446247363,186.39988211687142,186.82235717773438,2167565.0
2021-06-15T00:00:00,187.66734582069546,188.8502923194784,186.06191068837754,187.5828399658203,2208271.0
2021-06-16T00:00:00,187.92082158064665,188.5122947837365,184.7944438686775,187.24484252929688,3117428.0
2021-06-17T00:00:00,187.2448348849845,189.86423158824033,186.06188852709877,186.73785400390625,2641644.0
2021-06-18T00:00:00,186.9068519931004,188.5122869328814,180.99207956769294,181.6680450439453,5317707.0
2021-06-21T00:00:00,180.14711050126377,184.45644818063536,178.03469458584786,183.86497497558594,2327227.0
2021-06-22T00:00:00,184.96343678781108,184.96343678781108,181.92155124038376,183.35800170898438,2200047.0
2021-06-23T00:00:00,183.6959730065674,184.4564443459411,181.9215398813622,182.59751892089844,1514324.0
2021-06-24T00:00:00,183.0200031210657,184.62543806111626,182.42851639556397,182.6820068359375,1835618.0
2021-06-28T00:00:00,183.44249071337757,185.80841068343707,182.51303473301854,184.79444885253906,1929419.0
2021-06-29T00:00:00,184.6254494725057,187.83631955106526,183.9494704074134,187.4983367919922,2154611.0
2021-06-30T00:00:00,186.4843635031225,187.75181570540866,182.59751459842673,184.70993041992188,2350575.0
2021-07-01T00:00:00,185.63938849825496,187.75180419019117,185.1324076484347,185.9773712158203,1707005.0
2021-07-02T00:00:00,187.16034258711989,188.5967793855447,186.230873122828,186.73785400390625,2169828.0
2021-07-05T00:00:00,186.90686736640018,188.08981382061316,184.79445137220864,187.7518310546875,1415503.0
2021-07-06T00:00:00,187.92083384019818,189.18828617732368,184.62545776367188,184.62545776367188,2657865.0
2021-07-07T00:00:00,185.89290172098626,188.9347871929632,185.80840941796896,188.51229858398438,1729537.0
2021-07-08T00:00:00,188.51230368353094,188.59679598883392,184.4564562778448,186.06190490722656,1509195.0
2021-07-09T00:00:00,187.0758475751939,189.01927891417935,186.3153762095404,188.85028076171875,1844333.0
2021-07-12T00:00:00,189.27277371659193,190.03324509971185,187.1603577235743,189.77975463867188,1158560.0
2021-07-13T00:00:00,190.2022248236351,193.83558323078535,190.2022248236351,192.2301483154297,2242260.0
2021-07-14T00:00:00,191.3851670056246,196.03248705773132,190.96269198530703,195.3565216064453,2514933.0
2021-07-15T00:00:00,193.4976234994318,195.6945318453988,192.23017116639443,192.73715209960938,1959258.0
2021-07-16T00:00:00,194.25808290187678,195.35653700701977,179.6401290480014,183.18899536132812,6263571.0
2021-07-19T00:00:00,183.69596530679945,185.72388879346047,180.90757051264055,182.0905303955078,2974943.0
2021-07-20T00:00:00,184.11846978295833,185.80841068343707,181.83705566343778,184.79444885253906,2350597.0
2021-07-21T00:00:00,185.89289099641962,188.6812858515299,184.54094649140853,188.42779541015625,2209844.0
2021-07-22T00:00:00,189.86423111770628,191.89215463699352,189.27275794022927,190.1177215576172,1790388.0
2021-07-23T00:00:00,190.9627189074995,192.23017124102898,188.68130470714644,191.7231903076172,1519697.0
2021-07-26T00:00:00,190.8782157230376,192.48366439925525,189.69526922649996,191.63868713378906,1441145.0
2021-07-27T00:00:00,190.79371970361566,191.0472101689348,188.76579598106255,190.37123107910156,1348434.0
2021-07-28T00:00:00,190.54022923829652,190.96271786281065,189.10377875250586,190.37123107910156,1267699.0
2021-07-29T00:00:00,191.30067886604215,192.65262334492348,190.28671712014486,192.2301483154297,1268183.0
2021-07-30T00:00:00,190.87820495875602,191.46969172061574,188.93478716106296,189.52626037597656,1973756.0
2021-08-02T00:00:00,191.13167228682937,192.3146321204587,189.01925659179688,189.01925659179688,1351756.0
2021-08-03T00:00:00,189.44176865497624,190.03324187170696,188.08981052109718,189.1882781982422,1512949.0
2021-08-04T00:00:00,190.5402101397838,192.06115277924923,189.27275794022927,190.1177215576172,1705803.0
2021-08-05T00:00:00,189.94874575673265,190.03323805829976,187.66733169190744,187.9208221435547,1492627.0
2021-08-06T00:00:00,188.59677885328026,189.4417560173228,187.16034205890938,188.0897979736328,1132264.0
2021-08-09T00:00:00,187.58282851446975,188.34329988024018,186.48437439067226,187.83631896972656,993357.0
2021-08-10T00:00:00,187.7518343281079,188.51230572490908,186.48438200010585,187.329345703125,1191342.0
2021-08-11T00:00:00,187.07585239825667,190.62471886280082,187.07585239825667,190.4557342529297,1160606.0
2021-08-12T00:00:00,190.70921646101,194.51155967579987,190.54021831150644,194.3425750732422,2065524.0
2021-08-13T00:00:00,194.25807180722424,195.01852956970214,191.97665787895536,192.2301483154297,998005.0
2021-08-16T00:00:00,191.55417183353865,191.55417183353865,187.3293266541617,188.0897979736328,1421452.0
2021-08-17T00:00:00,187.92081066395525,188.17430110011742,186.39986804698225,187.16033935546875,1550388.0
2021-08-18T00:00:00,188.2588049565515,188.51229540827924,182.76652086708103,183.86497497558594,1919836.0
2021-08-19T00:00:00,181.24557436375585,181.24557436375585,175.83778268904913,178.5416717529297,3665367.0
2021-08-20T00:00:00,178.28818887007492,180.4851106812559,177.02073658419093,180.0626220703125,2234100.0
2021-08-23T00:00:00,181.4145747424189,182.93551755324432,180.4006128685353,182.25955200195312,1465242.0
2021-08-24T00:00:00,182.93552514870936,183.61150427501397,181.24559765336892,182.76654052734375,1246494.0
2021-08-25T00:00:00,182.93550858324804,187.92082540104315,182.175037215124,187.4983367919922,2469978.0
2021-08-26T00:00:00,186.82234691682615,189.10376088918912,186.39987187916694,188.42779541015625,1923539.0
2021-08-27T00:00:00,188.42781446463314,188.93479539864813,186.14640026156562,188.68130493164062,1325979.0
2021-08-30T00:00:00,189.10376360715128,192.06115664799867,188.93477900843695,191.3851776123047,2036290.0
2021-08-31T00:00:00,192.48365030343373,193.1596158099686,185.5549158063029,185.8928985595703,3978830.0
2021-09-01T00:00:00,186.6533743211206,188.00531891305278,184.54095835617412,185.80841064453125,1834399.0
2021-09-02T00:00:00,185.9773864837194,187.413836858451,185.2169151465578,186.99134826660156,1254500.0
2021-09-03T00:00:00,186.99135591217015,189.01927956085075,186.484375,186.484375,1786691.0
2021-09-06T00:00:00,186.82233945209697,190.87818635201893,186.82233945209697,189.94873046875,1446530.0
2021-09-07T00:00:00,189.4417572543016,192.14564626544635,189.1037609676995,191.4696807861328,1486420.0
2021-09-08T00:00:00,190.45571492816723,190.45571492816723,185.13241577148438,185.13241577148438,2435935.0
2021-09-09T00:00:00,183.78049456912072,186.48438386459435,182.8510250036441,185.3014373779297,1623535.0
2021-09-10T00:00:00,185.30142914832498,188.42780693415693,185.30142914832498,186.14639282226562,1898625.0
2021-09-13T00:00:00,186.73787825396883,188.4278192593364,184.20297351939107,184.5409698486328,2110626.0
2021-09-14T00:00:00,184.0339890038375,184.79446042463283,182.51304616224687,183.52700805664062,2024249.0
2021-09-15T00:00:00,183.52700815961109,184.45646419869547,181.83706715235763,182.51304626464844,2209410.0
2021-09-16T00:00:00,182.51304616224687,185.7239164631957,182.17504983281756,183.52700805664062,1842228.0
2021-09-17T00:00:00,184.70993535933567,185.72389714827943,178.6261646256732,179.2176513671875,3595095.0
2021-09-20T00:00:00,176.76725935714717,176.76725935714717,171.10597657212912,172.0354461669922,3663370.0
2021-09-21T00:00:00,172.71140304700887,173.5563802896142,170.09200610760402,170.17649841308594,2498989.0
2021-09-22T00:00:00,171.35945067100457,175.33080560010606,171.35945067100457,174.73931884765625,2391518.0
2021-09-23T00:00:00,176.17576486594433,179.8091234039487,175.83778212078795,177.86569213867188,2511632.0
2021-09-24T00:00:00,177.61221580132988,177.61221580132988,175.92227497631598,176.5137481689453,1754527.0
2021-09-27T00:00:00,177.696731333283,178.541695082788,174.90833605827436,174.99282836914062,1730453.0
2021-09-28T00:00:00,174.06335067810394,174.40133342651572,170.00750350937986,170.76797485351562,2536963.0
2021-09-29T00:00:00,170.9369517489609,171.44393262219836,168.86678888120474,169.2470245361328,2458579.0
2021-09-30T00:00:00,170.51448823168553,170.68347283621046,168.3175664503475,170.00750732421875,2640751.0
2021-10-01T00:00:00,165.78265575459505,169.50052012022388,164.64194875516927,168.44430541992188,2305176.0
2021-10-04T00:00:00,167.72608126929163,169.92300289382598,166.28963095167936,167.5570831298828,1878999.0
2021-10-05T00:00:00,167.55708760277892,171.5284423828125,166.88112212098903,171.5284423828125,1860367.0
2021-10-06T00:00:00,169.33152886889349,171.27496020342582,167.85283906582634,168.6555633544922,2551457.0
2021-10-07T00:00:00,171.44394297266342,175.66878835368746,171.44394297266342,174.73931884765625,2883681.0
2021-10-08T00:00:00,175.4997716582963,178.2036740420628,174.4013176650214,175.1617889404297,2702589.0
2021-10-11T00:00:00,175.16180363074088,176.17576541632326,173.13388005957606,175.49978637695312,1585444.0
2021-10-12T00:00:00,172.96489056421564,175.83779146502397,172.03543457890675,175.330810546875,2172903.0
2021-10-13T00:00:00,175.33080178368664,177.10523490852026,173.30287821244818,176.5137481689453,2236621.0
2021-10-14T00:00:00,177.44322523152013,179.38664303897662,176.76724616326132,179.0486602783203,1892889.0
2021-10-15T00:00:00,180.06260620582842,181.07656794520014,178.4571713008049,179.38662719726562,2288708.0
2021-10-18T00:00:00,178.964172301843,189.0192849837303,177.4432295216974,179.97813415527344,4837895.0
2021-10-19T00:00:00,183.35800165214843,184.87894442539064,181.83705887890622,184.37196350097656,3704805.0
2021-10-20T00:00:00,184.28746687593772,186.06190006979182,180.82309279133577,182.42852783203125,4049681.0
2021-10-21T00:00:00,181.66805636606853,185.7239036641371,181.24558130381712,185.4704132080078,2556297.0
2021-10-22T00:00:00,186.23086629483993,190.6246959207738,186.0618817053064,189.94873046875,3906849.0
2021-10-25T00:00:00,190.45572999431488,190.96271090648503,184.70994180740448,186.484375,2981644.0
2021-10-26T00:00:00,186.48437558245266,188.34330108390054,185.63941190851202,186.14639282226562,2798954.0
2021-10-27T00:00:00,185.04793821137565,186.7378655548727,182.42852779914674,183.44248962402344,3181963.0
2021-10-28T00:00:00,182.93548974484472,184.3719400301377,182.5130147262457,184.20294189453125,2041830.0
2021-10-29T00:00:00,183.27350614499053,184.54095843388137,182.51303477165604,183.78048706054688,2263078.0
2021-11-01T00:00:00,184.54096545684575,186.31538518187472,183.86498636139657,184.62545776367188,1289090.0
2021-11-02T00:00:00,184.62545776367188,185.30143685912105,182.6820263310972,184.62545776367188,1359882.0
2021-11-03T00:00:00,184.2029697318911,185.6394202342652,183.44249832715425,184.2874755859375,1470153.0
2021-11-04T00:00:00,185.55490444209005,187.58281438444232,184.7099272902528,187.16033935546875,1961859.0
2021-11-05T00:00:00,186.99134444444536,187.413833027659,186.1463808249634,186.73785400390625,685471.0
2021-11-08T00:00:00,186.48435665994248,189.61073412854185,185.80839120815844,188.9347686767578,1634166.0
2021-11-09T00:00:00,188.93476420770313,189.77972777591884,187.5828062422246,188.0052947998047,1556153.0
2021-11-10T00:00:00,188.4278134186912,188.596798031127,185.047945059668,187.329345703125,1807583.0
2021-11-11T00:00:00,187.24483065089734,190.87818903415007,186.90684792013627,189.86422729492188,2030775.0
2021-11-12T00:00:00,189.86424307183864,191.55418395996094,188.68129664240456,191.55418395996094,1372825.0
2021-11-15T00:00:00,190.87820873533883,191.4696955089013,190.11773735242681,190.79371643066406,1238612.0
2021-11-16T00:00:00,190.79370557412088,194.34257182577258,190.54021512757433,193.7510986328125,1605985.0
2021-11-17T00:00:00,195.10304152811392,199.83485412597656,195.01853568201048,199.83485412597656,4073857.0
2021-11-18T00:00:00,199.83485795473177,201.10231020111198,196.79297256341928,197.0464630126953,2176946.0
2021-11-19T00:00:00,197.04646416127233,197.9759336630176,193.41310554945227,196.37049865722656,2872427.0
2021-11-22T00:00:00,198.7364038366435,202.87674332541593,198.5674056881614,201.10231018066406,3569886.0
2021-11-23T00:00:00,200.2573471189033,201.18681661785956,197.80693491998903,198.7364044189453,2416344.0
2021-11-24T00:00:00,199.41238402240384,201.94728852938252,198.9054031210081,200.4263458251953,2185969.0
2021-11-25T00:00:00,200.76432742567025,203.0457414688661,200.34183882794835,202.11627197265625,1647236.0
2021-11-26T00:00:00,194.7650708529964,195.7790191465564,191.554187175744,192.14566040039062,4640781.0
2021-11-29T00:00:00,194.17356928661945,196.2859851110731,192.23015160502246,193.83558654785156,2099205.0
2021-11-30T00:00:00,190.96272175704118,193.15963013664336,186.82236837443148,189.6107635498047,2508096.0
2021-12-01T00:00:00,191.4696803387825,196.03249472779683,190.8781936120834,195.86351013183594,2198632.0
2021-12-02T00:00:00,192.9061235336151,195.4410280265084,191.46968668560606,195.01853942871094,2602614.0
2021-12-03T00:00:00,197.04647913569076,197.80695054574318,193.58211841008324,193.66661071777344,2390614.0
2021-12-06T00:00:00,195.94801643599914,198.98990194407008,194.5960718369497,198.56741333007812,2133156.0
2021-12-07T00:00:00,200.5108337627691,203.13023051399304,200.08834517181856,202.53875732421875,2578684.0
2021-12-08T00:00:00,202.3697591557058,204.22868457117718,199.3278738138732,200.51083374023438,2478520.0
2021-12-09T00:00:00,201.1023107618642,201.7782898108005,198.1449312100279,199.7503662109375,2178824.0
2021-12-10T00:00:00,198.4829145424708,200.25734769754905,197.72244319029443,198.39842224121094,1252854.0
2021-12-13T00:00:00,198.98989487696926,202.03178027700804,197.72244262695312,197.72244262695312,1744582.0
2021-12-14T00:00:00,198.90540258406045,200.34183943617344,196.3704980839248,196.70848083496094,2322008.0
2021-12-15T00:00:00,196.7084808269402,198.98989487696926,196.37049807591782,197.72244262695312,2343291.0
2021-12-16T00:00:00,201.69378988291137,202.53875350192078,199.91935680012992,202.28526306152344,2362122.0
2021-12-17T00:00:00,201.1023223000522,202.11628415815946,198.3984330430639,199.49688720703125,2543121.0
2021-12-20T00:00:00,194.68056148774303,199.66587829589844,193.75110551535278,199.66587829589844,2511016.0
2021-12-21T00:00:00,201.6092910791646,202.45426827462933,199.91936378212665,201.10231018066406,1543614.0
2021-12-22T00:00:00,201.10230321720402,204.3131866455078,200.42633774057344,204.3131866455078,1326868.0
2021-12-23T00:00:00,204.48218138253245,213.18534908808542,204.39768908049953,212.8473663330078,2468346.0
2021-12-27T00:00:00,211.91788599424348,213.69231907488614,211.74890139881248,212.7628631591797,1105049.0
2021-12-28T00:00:00,212.93187046946827,215.29779052734375,212.67838000233496,215.29779052734375,1143435.0
2021-12-29T00:00:00,214.87529372220138,215.80476324863255,213.6078414347708,215.1287841796875,1382683.0
2021-12-30T00:00:00,214.87527784994515,215.297766430196,213.35433521737636,213.43882751464844,1876636.0
2022-01-03T00:00:00,213.60783010692919,217.41018676757812,213.60783010692919,217.41018676757812,1457089.0
2022-01-04T00:00:00,217.57919511497917,222.05751747177047,217.57919511497917,220.8745574951172,2440947.0
2022-01-05T00:00:00,221.38154728236387,222.3955091467327,219.2691312472443,219.69161987304688,1056241.0
2022-01-07T00:00:00,217.4101900099761,219.1001308444497,214.19930648856,214.95977783203125,2880519.0
2022-01-10T00:00:00,216.31173708438914,217.57918933033994,210.48145675301546,211.24192810058594,2258132.0
2022-01-11T00:00:00,212.93187431259523,215.46677902967997,212.00241828096213,214.53732299804688,1902894.0
2022-01-12T00:00:00,216.3117250242723,217.32568676450114,212.25587806335704,215.8892364501953,2060192.0
2022-01-13T00:00:00,215.88924845833535,218.50864525064023,213.60783441592423,217.32569885253906,1870711.0
2022-01-14T00:00:00,214.5373084489588,215.8892530240714,208.45353754053318,209.1295166015625,2264342.0
2022-01-17T00:00:00,209.88997488242768,213.1853370388084,209.88997488242768,212.42486572265625,1202653.0
2022-01-18T00:00:00,210.90395252221788,211.57991804507998,206.59461473945058,208.0310516357422,2312453.0
2022-01-19T00:00:00,207.01709092532926,212.42488287223586,206.67910816206833,208.36904907226562,2814324.0
2022-01-20T00:00:00,211.24192428249907,215.12877325084688,207.3550753141513,210.98843383789062,3790620.0
2022-01-21T00:00:00,210.48144182786422,210.56593412262103,204.5666696151564,206.84808349609375,2339631.0
2022-01-24T00:00:00,204.9046720126589,206.17212429041484,197.2154660432549,199.66587829589844,2983427.0
2022-01-25T00:00:00,200.42635289173379,202.116280258005,197.72245013997497,200.25735473632812,2367083.0
2022-01-26T00:00:00,201.9472979974965,208.2845460151134,201.52480937754345,206.25662231445312,2920105.0
2022-01-27T00:00:00,202.79225791074919,208.45354028726018,202.28527699503337,207.01708984375,1311018.0
2022-01-28T00:00:00,207.1860977391592,208.28455192587361,200.42636090975947,202.45428466796875,1189487.0
2022-01-31T00:00:00,205.32714344973306,206.76358021309898,203.8062008436198,204.73565673828125,2048582.0
2022-02-01T00:00:00,207.01709092532926,210.22797459062028,206.59461585798965,208.36904907226562,2024250.0
2022-02-02T00:00:00,209.63649368855567,210.90394593803646,207.4395719404737,208.8760223388672,1629760.0
2022-02-03T00:00:00,208.45354853081875,208.45354853081875,205.15817244834628,207.18609619140625,1866853.0
2022-02-04T00:00:00,207.18608556815624,208.2000473876964,197.97593688964844,197.97593688964844,2340889.0
2022-02-07T00:00:00,199.75036946521143,201.18681988749856,197.29995722647368,199.327880859375,1534095.0
2022-02-08T00:00:00,198.39841784530557,200.59532600495223,196.53947888321005,197.4689483642578,1462730.0
2022-02-09T00:00:00,199.24338472531795,204.73566876083902,198.8208961276064,203.13023376464844,1522789.0
2022-02-10T00:00:00,203.13022668053284,203.97519029954222,200.341831836162,202.28526306152344,1600476.0
2022-02-11T00:00:00,199.3278770359122,202.28527012614722,198.82089613741164,201.10231018066406,1809025.0
2022-02-14T00:00:00,196.2859878612721,197.72243822831632,192.65262934103734,196.79296875,2989530.0
2022-02-15T00:00:00,196.20149564648122,203.383720390899,195.8635129028325,202.87673950195312,2037664.0
2022-02-16T00:00:00,203.9752081512103,207.27058416478326,203.13024445825067,206.25662231445312,2429008.0
2022-02-17T00:00:00,206.34111789425452,207.9465528950378,201.44030704395325,201.77828979492188,1654149.0
2022-02-18T00:00:00,201.35580177979028,202.70775988147614,199.24338587295665,200.4263458251953,1991084.0
2022-02-21T00:00:00,201.01782635493154,202.20078635028906,192.7371470282681,195.1875457763672,1986659.0
2022-02-22T00:00:00,189.35727281404752,195.35655178951941,188.25881862578524,192.65264892578125,2623726.0
2022-02-23T00:00:00,193.07511182778012,195.35652575494322,190.2022247314453,190.2022247314453,2021842.0
2022-02-24T00:00:00,179.21764260533368,185.21690719865293,177.52770185739917,179.38662719726562,4403240.0
2022-02-25T00:00:00,180.231623856444,184.70994632552546,176.68275738444544,183.35800170898438,2929937.0
2022-02-28T00:00:00,174.73931617417253,177.5277111026583,170.17648810937763,174.82382202148438,5882948.0
2022-03-01T00:00:00,173.13388259316963,174.7393175948534,164.64195251464844,164.64195251464844,4864559.0
2022-03-02T00:00:00,160.92409617291403,171.6129340931712,160.67060573137522,170.8524627685547,4955884.0
2022-03-03T00:00:00,169.58501628306993,171.44394173476422,165.36018447949692,165.65591430664062,3302413.0
2022-03-04T00:00:00,163.07876043779925,163.83923174148632,156.91049771243019,157.79771423339844,4653577.0
2022-03-07T00:00:00,151.16471047361526,166.83886454279542,150.4042391676128,163.50123596191406,4936045.0
2022-03-08T00:00:00,160.12137916016644,170.09199912886103,158.98067212170344,166.28964233398438,3801060.0
2022-03-09T00:00:00,171.69741896928696,174.73930413625928,168.19080586189767,174.4013214111328,4325595.0
2022-03-10T00:00:00,174.90831698229746,177.1052387477451,171.52844880594768,175.75328063964844,4343721.0
2022-03-11T00:00:00,175.75328063964844,179.38663926789812,174.0633533249465,175.75328063964844,4097469.0
2022-03-14T00:00:00,179.13314932841882,182.6820156651689,177.69671246150776,179.4711456298828,2313865.0
2022-03-15T00:00:00,177.8656932839654,180.56959590346395,174.7393156170374,179.2176513671875,2029208.0
2022-03-16T00:00:00,185.04793808155665,188.17431585708448,180.4006040228346,187.4983367919922,3404320.0
2022-03-17T00:00:00,188.00531059635153,189.1037646820205,181.6680494349043,182.59751892089844,3270348.0
2022-03-18T00:00:00,183.273505599954,184.45645203477,181.3300742471189,183.10450744628906,3031786.0
2022-03-21T00:00:00,183.10449661853363,185.38591059684265,182.00604255203334,185.0479278564453,1496273.0
2022-03-22T00:00:00,185.63941963337228,186.2308928750486,183.6959882007976,184.62545776367188,1605417.0
2022-03-23T00:00:00,184.87894064545924,186.06190062722143,179.5556410479487,183.10450744628906,2037809.0
2022-03-24T00:00:00,183.02001137954952,184.03397318679703,179.21765460237145,179.8091278076172,2152379.0
2022-03-25T00:00:00,180.40059029629649,180.99207701335126,171.02145768336374,171.2749481201172,2726486.0
2022-03-28T00:00:00,172.54241179293018,174.73932002644847,171.6974345828576,173.0493927001953,1636168.0
2022-03-29T00:00:00,175.3307986205544,181.8370442629352,173.97884056615558,178.9641571044922,2607296.0
2022-03-30T00:00:00,175.92226385241412,177.1052237098176,169.07802223225886,172.37339782714844,5068474.0
2022-03-31T00:00:00,174.48583689807026,174.99281782661944,169.16255069525036,169.83851623535156,3809279.0
2022-04-01T00:00:00,169.83849729380404,174.0633424095126,169.24702412544397,172.62689208984375,2095421.0
2022-04-04T00:00:00,173.64085824306466,174.1478391279455,169.50051886551972,172.5424041748047,1920099.0
2022-04-05T00:00:00,172.5424183383285,173.30288972807472,167.93733707366098,168.52882385253906,2569440.0
2022-04-06T00:00:00,167.72608693442083,169.24702959963648,160.96635078698168,163.37449645996094,3845005.0
2022-04-07T00:00:00,163.29000338932954,165.02218356754761,162.27604161731009,163.07876586914062,2894278.0
2022-04-08T00:00:00,164.68420597806875,167.59934616382603,162.7407746719153,167.34585571289062,2607151.0
2022-04-11T00:00:00,167.3458453612935,167.3458453612935,161.7268164111015,162.48727416992188,1960068.0
2022-04-12T00:00:00,161.3888256096404,163.2477510156136,158.72717594913664,161.72682189941406,2864129.0
2022-04-13T00:00:00,161.68456897645598,162.19154986417098,158.93842701698154,161.72682189941406,1611753.0
2022-04-14T00:00:00,163.03650986101712,163.20550800213738,160.37486025983517,162.10704040527344,812364.0
2022-04-19T00:00:00,162.107065328807,166.58540160799228,160.6706283227445,165.95167541503906,2289114.0
2022-04-20T00:00:00,165.95165579024768,174.9083137424918,165.23343737215012,172.1199188232422,5900812.0
2022-04-21T00:00:00,173.38737427089816,179.38663926789812,170.00750609454838,175.75328063964844,4800131.0
2022-04-22T00:00:00,172.71138815752434,173.47185948214081,169.83850100239937,170.8524627685547,2743502.0
2022-04-25T00:00:00,167.55708880477835,168.99353917104094,164.34621887587912,164.38845825195312,3391574.0
2022-04-26T00:00:00,166.83887349309376,167.64159776369684,162.86751861082828,163.33226013183594,2872519.0
2022-04-27T00:00:00,163.07878289570388,167.64161134618257,161.8113305483487,164.72647094726562,2712095.0
2022-04-28T00:00:00,167.32003725468763,167.32003725468763,158.64835855440973,160.5994873046875,3384262.0
2022-04-29T00:00:00,162.29044928380173,163.89471517414415,161.4232856715761,163.2443389892578,2660481.0
2022-05-02T00:00:00,161.29322162192778,162.20374834392294,145.6841921020106,160.1658935546875,2685198.0
2022-05-03T00:00:00,161.24983888433775,162.16036549516122,159.2553473882447,160.7295379638672,2263024.0
2022-05-04T00:00:00,160.68619189936447,161.4232942164997,156.48043494971392,157.0874481201172,3044799.0
2022-05-05T00:00:00,160.77291264694156,160.90298788647567,155.52654001810976,155.9601287841797,2663804.0
2022-05-06T00:00:00,155.9601294983719,156.9140192269464,152.44809801486835,154.962890625,3203718.0
2022-05-09T00:00:00,154.48594476498636,154.87617050041953,150.62705045999243,152.75161743164062,2537627.0
2022-05-10T00:00:00,154.35584460259204,161.3365436641759,153.0117432216542,156.56712341308594,3634845.0
2022-05-11T00:00:00,157.99796973939823,163.98143076441036,156.30699162363393,162.98419189453125,5406839.0
2022-05-12T00:00:00,159.94909827877066,162.11701430496186,158.3448323557253,160.64283752441406,2803350.0
2022-05-13T00:00:00,162.16037243747223,162.8974608054054,158.77841630962737,162.55059814453125,2812407.0
2022-05-16T00:00:00,162.63732396960816,165.28219195126658,161.33657150368916,164.19822692871094,2763430.0
2022-05-17T00:00:00,165.2821842134858,171.09220698830126,164.37165752996935,167.36338806152344,3077491.0
2022-05-18T00:00:00,167.406732211512,170.91876360028664,166.79971907490216,166.92979431152344,2575946.0
2022-05-19T00:00:00,163.98143429566255,165.93256293279174,163.2009828408109,165.41226196289062,2044719.0
2022-05-20T00:00:00,167.45009512773245,169.3578606290709,165.71575400650855,166.5829315185547,2254101.0
2022-05-23T00:00:00,169.09771790338425,169.31451924276288,164.8485979500073,167.7536163330078,1769615.0
2022-05-24T00:00:00,166.49620802839186,167.5801729839605,164.80524383006502,164.97866821289062,1506865.0
2022-05-25T00:00:00,166.32279304950214,167.75362075448996,163.50450068911897,164.84860229492188,1479445.0
2022-05-27T00:00:00,169.18441552209038,175.25458784841172,168.10045071626396,174.8209991455078,2749195.0
2022-05-30T00:00:00,175.60147931231617,177.0756700220383,174.73431566693966,175.77491760253906,1764640.0
2022-05-31T00:00:00,175.9483419746567,176.98894391016597,173.43356323242188,173.43356323242188,10292928.0
2022-06-01T00:00:00,174.04056971725888,177.50923806826762,172.91325563132645,176.2952117919922,2688539.0
2022-06-02T00:00:00,177.24909621888156,179.93732718186945,176.3819325646524,179.5037384033203,1699290.0
2022-06-03T00:00:00,180.37088836521718,181.23806585648617,178.72327337639496,180.1974639892578,1897923.0
2022-06-07T00:00:00,180.37087813964618,180.89117904376351,176.29519699263864,178.98341369628906,1772639.0
2022-06-08T00:00:00,179.24357754295366,180.02402895745163,177.33581205291475,177.59596252441406,1136802.0
2022-06-09T00:00:00,177.33580314095278,178.2896788866013,173.60698453780935,174.38743591308594,1918720.0
2022-06-10T00:00:00,173.04333387980745,175.0811746598459,167.79696126395,168.6641387939453,2298201.0
2022-06-13T00:00:00,165.88920232077913,168.0571184262512,164.58844987692206,165.45562744140625,2368612.0
2022-06-14T00:00:00,167.14658493681893,167.36338627058205,163.02754033261158,163.98143005371094,1905669.0
2022-06-15T00:00:00,164.9786486874261,166.7997018116507,163.2876707863604,165.5423126220703,2340518.0
2022-06-16T00:00:00,164.9353084947104,165.32554812111584,158.82178606217292,160.0358123779297,2185426.0
2022-06-17T00:00:00,160.42603967750884,161.9869425869896,156.04684448242188,156.04684448242188,4615457.0
2022-06-20T00:00:00,157.0874513803368,157.8245398099005,152.83833129358862,153.79222106933594,2216427.0
2022-06-21T00:00:00,154.96289580971836,158.0413386281644,154.31251958730937,156.0902099609375,1921919.0
2022-06-22T00:00:00,153.22857410739996,153.7922382062687,149.84661731992944,152.49148559570312,2396897.0
2022-06-23T00:00:00,151.75437438325716,151.88444963677267,144.64359849203237,145.25062561035156,2426017.0
2022-06-27T00:00:00,147.85211149867342,153.7054832445986,147.85211149867342,151.88442993164062,2689213.0
2022-06-28T00:00:00,152.27465633531784,154.74608584273489,150.627041297996,150.88719177246094,2079697.0
2022-06-29T00:00:00,151.8844349962187,152.66488644208195,148.54584177875992,150.3235321044922,2657397.0
2022-06-30T00:00:00,148.0688981837097,148.5458360813772,142.21551256423822,143.8197784423828,3656589.0
2022-07-01T00:00:00,142.30223062671334,147.7220416184769,141.13155345450554,143.94985961914062,2307457.0
2022-07-04T00:00:00,145.20725586016522,147.41853506792805,144.64359181997503,146.11778259277344,1302930.0
2022-07-05T00:00:00,147.20173889493978,148.63255262990256,142.73581769408526,142.9092559814453,2184119.0
2022-07-06T00:00:00,144.1232689983591,146.68142441390438,143.16939326298362,146.29119873046875,2217968.0
2022-07-07T00:00:00,146.98493465548665,151.27741748415835,145.98769580432716,150.88719177246094,2363224.0
2022-07-08T00:00:00,151.3641573979656,153.05513579170088,149.71654205887288,152.49148559570312,1902620.0
2022-07-11T00:00:00,149.67314972386075,150.19345066630115,146.984932822208,147.50523376464844,1878400.0
2022-07-12T00:00:00,144.34008155477397,150.23681640625,144.0799310788892,150.23681640625,2533206.0
2022-07-13T00:00:00,149.8899578428678,151.88443561067453,147.11501472317156,148.97943115234375,2141601.0
2022-07-14T00:00:00,147.93882565899773,150.06337861716372,144.21000679328577,146.55136108398438,2104592.0
2022-07-15T00:00:00,146.55138267518464,148.84937425736274,138.79023027649697,145.03382873535156,4996420.0
2022-07-18T00:00:00,145.81425284848044,147.3318065028156,143.25611123249453,144.42678833007812,3123596.0
2022-07-19T00:00:00,142.99596782682147,149.28292846679688,142.0854411504101,149.28292846679688,2868305.0
2022-07-20T00:00:00,149.152846488199,152.44809037394677,147.85210805496507,149.80322265625,2227339.0
2022-07-21T00:00:00,149.71651302409668,152.53480516614232,147.50523401497227,152.1879425048828,3230226.0
2022-07-22T00:00:00,151.88443395913242,154.35586352082416,149.97666840544943,152.6215362548828,2307700.0
2022-07-25T00:00:00,152.01452385358843,152.79497536935904,150.06339506416188,151.62429809570312,1360680.0
2022-07-26T00:00:00,151.6242752949646,155.17966963311721,151.14733740800398,152.79495239257812,1978640.0
2022-07-27T00:00:00,153.96562609872532,155.4398166753146,152.7949490268988,153.0550994873047,1622511.0
2022-07-28T00:00:00,154.0523556511955,157.30423647938537,153.74884213960846,156.783935546875,1669191.0
2022-07-29T00:00:00,158.6916989482055,162.16036715250448,158.21474716432107,161.42327880859375,1958699.0
2022-08-01T00:00:00,162.16038163817797,162.59397041602298,156.48043399189325,157.39096069335938,2140163.0
2022-08-02T00:00:00,155.65662284443715,157.39096409038092,154.78945917289997,157.1308135986328,1916463.0
2022-08-03T00:00:00,157.04407372516707,157.04407372516707,154.6593703618843,155.48318481445312,1988714.0
2022-08-04T00:00:00,156.26364593570807,157.65111055530193,155.6999819170282,156.39370727539062,2094512.0
2022-08-05T00:00:00,156.39369242822443,157.47765731420486,153.0550994873047,153.0550994873047,2046636.0
2022-08-08T00:00:00,154.3558678903857,158.82178922748855,154.3558678903857,156.74058532714844,1121568.0
2022-08-09T00:00:00,156.61051267140658,156.65387572100332,153.1851932278695,154.78945922851562,1257144.0
2022-08-10T00:00:00,153.87892524408184,159.3854344595783,152.79496027828134,158.99520874023438,1458083.0
2022-08-11T00:00:00,160.16588822951394,161.07641492123605,156.74058280066248,158.69171142578125,991735.0
2022-08-12T00:00:00,158.69171396599543,160.51276737858967,158.25812518584996,159.08193969726562,1065489.0
2022-08-15T00:00:00,159.73231260186114,159.81902479494343,156.69721900955437,157.34759521484375,1094487.0
2022-08-16T00:00:00,158.17141964413977,160.9029998779297,157.26089289954314,160.9029998779297,1586970.0
2022-08-17T00:00:00,161.2498314823671,161.68342019714515,156.17689774064584,156.56712341308594,1959976.0
2022-08-18T00:00:00,157.34758468487667,164.1548598123075,157.34758468487667,163.46112060546875,2735360.0
2022-08-19T00:00:00,162.29045109620424,163.15761471811405,160.29595947265625,160.29595947265625,2391994.0
2022-08-22T00:00:00,160.29594264671695,161.16312008046947,155.916748046875,155.916748046875,2454717.0
2022-08-23T00:00:00,156.0902126972552,159.38544301331441,155.65662390709184,157.17416381835938,2586563.0
2022-08-24T00:00:00,157.08742934767568,157.69444244553898,153.7054734113977,157.00071716308594,3949636.0
2022-08-25T00:00:00,157.82452298843754,159.16863836061174,155.83004535563862,158.12803649902344,3965097.0
2022-08-26T00:00:00,162.00039703760925,162.18262192211677,155.21241929391437,155.25796508789062,3853667.0
2022-08-29T00:00:00,154.52908862505913,157.39916921751578,153.20792673364394,156.1235809326172,1559933.0
2022-08-30T00:00:00,156.71580645298855,161.22593879998627,155.75910834232386,156.48802185058594,1793238.0
2022-08-31T00:00:00,157.12582451405964,157.90029776555505,152.11456298828125,152.11456298828125,3105910.0
2022-09-01T00:00:00,150.47449739185456,151.06674567859187,144.369873046875,144.369873046875,2733337.0
2022-09-02T00:00:00,146.51106274200282,152.38790285167286,145.59992430940687,152.29678344726562,2275863.0
2022-09-05T00:00:00,148.24221443083076,149.0166876295301,145.91880873760135,147.4221954345703,1955956.0
2022-09-06T00:00:00,147.3766357341406,149.74560112779974,146.19215303731104,147.4221954345703,1827340.0
2022-09-07T00:00:00,145.41770162484968,148.47000707895137,144.91657269869287,148.05999755859375,1629952.0
2022-09-08T00:00:00,147.9688662109547,149.5633583636713,144.64321671072162,148.60667419433594,2298716.0
2022-09-09T00:00:00,149.24446359120893,152.29676870318562,148.97111930731919,150.79339599609375,2429705.0
2022-09-12T00:00:00,153.02569210314,155.07575351122784,152.02344820090715,154.7113037109375,1612463.0
2022-09-13T00:00:00,156.12356317727554,156.12356317727554,149.3355712890625,149.3355712890625,1861573.0
2022-09-14T00:00:00,147.51329483291258,148.88000237207928,143.6865165038194,144.825439453125,2515268.0
2022-09-15T00:00:00,145.64546696855,146.5566052945269,143.18538236611843,143.73207092285156,1699784.0
2022-09-16T00:00:00,141.955356932583,142.91205497541335,139.95085535414228,141.27200317382812,2751465.0
2022-09-19T00:00:00,142.27426332903872,144.1420999310976,140.7253307454543,143.04873657226562,2092093.0
2022-09-20T00:00:00,143.73207363881724,144.87099656780947,140.3153048518406,140.7708740234375,1655007.0
2022-09-21T00:00:00,139.81418997103972,142.0920360569246,138.90305153668575,141.4998016357422,1588937.0
2022-09-22T00:00:00,140.0875375912474,140.77089143315592,135.53184531185724,136.03297424316406,2979362.0
2022-09-23T00:00:00,137.08077812623702,138.7663898334639,135.85074955054966,136.5341033935547,2261336.0
2022-09-26T00:00:00,135.57739870823735,138.35637364996285,135.30405440361588,135.4407196044922,2065765.0
2022-09-27T00:00:00,136.39742879948287,137.53635190886877,135.2129459851475,136.12408447265625,2345936.0
2022-09-28T00:00:00,134.2562454881765,139.81418124930502,133.8006762994183,139.35861206054688,2431772.0
2022-09-29T00:00:00,139.35860407751136,139.35860407751136,132.38840144994083,134.21067810058594,2862755.0
2022-09-30T00:00:00,135.1218179572819,139.4952847489694,134.43846420554536,138.99415588378906,2783841.0
2022-10-03T00:00:00,139.13082443502913,141.9097992064841,136.12406507415764,141.8186798095703,2492602.0
2022-10-04T00:00:00,143.45873861239852,148.69778442382812,143.00316941140466,148.69778442382812,2222982.0
2022-10-05T00:00:00,146.96663398606347,148.33334165381444,143.27652050256194,144.55210876464844,1848944.0
2022-10-06T00:00:00,144.8709957946933,146.64771277386598,143.86873806138166,144.5065460205078,1519677.0
2022-10-07T00:00:00,144.50656169744306,144.68878660430462,138.85749226464938,139.49530029296875,1742078.0
2022-10-10T00:00:00,139.03971449092634,142.09201954969572,138.17412195655308,139.7230682373047,1492930.0
2022-10-11T00:00:00,138.3563761331442,140.7708874110864,137.21745309583767,139.9964141845703,2050156.0
2022-10-12T00:00:00,140.86199066069338,143.5498459399107,139.5863886634789,141.2264404296875,2114304.0
2022-10-13T00:00:00,140.49753198085656,145.14434316640904,138.2652457850002,144.32431030273438,2217628.0
2022-10-14T00:00:00,145.64546948433474,147.37662677244666,142.1831410052431,142.77537536621094,3040312.0
2022-10-17T00:00:00,143.2309531521741,151.43119872084287,142.00092465859495,149.92782592773438,5087481.0
2022-10-18T00:00:00,152.29677397433534,156.44245636535737,150.88452061394975,154.39239501953125,4575979.0
2022-10-19T00:00:00,155.34908942855836,156.0780028926677,151.06674194335938,151.06674194335938,2513543.0
2022-10-20T00:00:00,151.24898653227473,155.03020563443368,149.38114988187448,153.6634979248047,3356771.0
2022-10-21T00:00:00,151.7956578862551,155.66799595577316,151.34008870160594,155.12130737304688,2793201.0
2022-10-24T00:00:00,156.71580908764366,159.13032035255569,153.9823938128592,158.5380859375,2860310.0
2022-10-25T00:00:00,159.44923788889204,159.44923788889204,155.25799521752165,157.7636260986328,2765490.0
2022-10-26T00:00:00,157.6269605028964,160.26925659179688,156.12358753901682,160.26925659179688,1747213.0
2022-10-27T00:00:00,160.17813443599172,160.95259373879327,158.2647382236703,160.4970245361328,2357126.0
2022-10-28T00:00:00,158.6292000092256,160.36035739725307,156.48801922146714,159.95034790039062,2024721.0
2022-10-31T00:00:00,161.2714847897461,161.2714847897461,156.85245831769356,157.26248168945312,2074765.0
2022-11-01T00:00:00,159.039197871091,160.77035513247037,157.35358640379985,158.2647247314453,1758328.0
2022-11-02T00:00:00,159.08477714823206,159.90479618289407,157.26250026865492,157.58139038085938,1458657.0
2022-11-03T00:00:00,155.94133528074943,156.12357408734715,153.43570462158954,154.75686645507812,1754578.0
2022-11-04T00:00:00,155.85023791383102,161.6815185546875,155.80467820980394,161.6815185546875,1316817.0
2022-11-07T00:00:00,161.18037211599295,168.5150387761651,160.0414491533224,168.1505889892578,2575820.0
2022-11-08T00:00:00,167.74059565002023,170.56511652761142,166.41943376385245,169.9273223876953,1796421.0
2022-11-09T00:00:00,169.92732260505744,170.79290136054146,168.24171089474416,170.42845153808594,1589489.0
2022-11-10T00:00:00,169.56285374857717,175.89526254727622,168.01390741984198,174.11854553222656,3155918.0
2022-11-11T00:00:00,176.35084654372972,180.45096949353186,174.66523488099674,178.62869262695312,3188510.0
2022-11-14T00:00:00,179.08425855176486,181.17987969038361,175.98637959380312,178.08200073242188,1823570.0
2022-11-15T00:00:00,178.8564664460871,179.22091623627043,174.52855914903571,175.94082641601562,2437767.0
2022-11-16T00:00:00,175.84972396923712,177.12531226071584,172.7518587454347,173.20742797851562,1171010.0
2022-11-17T00:00:00,174.5285629070023,175.8497108034493,171.20289941278068,171.7495880126953,1818026.0
2022-11-18T00:00:00,172.66072165362115,175.6674810645745,172.3873773611948,173.93630981445312,2003390.0
2022-11-21T00:00:00,173.57187475637525,173.61743445945734,172.34183228750513,173.161865234375,1225992.0
2022-11-22T00:00:00,172.93406727870388,176.7152859939909,172.84294787957018,176.2141571044922,1426642.0
2022-11-23T00:00:00,176.35084608403946,179.12982107890195,176.30528638191993,177.62643432617188,1525393.0
2022-11-24T00:00:00,177.58086799508797,178.53756609240898,175.98637580050914,176.76084899902344,824532.0
2022-11-25T00:00:00,177.03419967453104,177.62643409269927,175.71305173201563,177.12530517578125,939345.0
2022-11-28T00:00:00,175.84972753075405,176.48752168941078,174.02745056152344,174.02745056152344,1083348.0
2022-11-29T00:00:00,174.756343220688,176.03193138538094,174.43743922808062,174.93856811523438,1108309.0
2022-11-30T00:00:00,176.2141773634522,177.8997891211385,173.84522564517437,174.02745056152344,4159794.0
2022-12-01T00:00:00,176.35083924934045,177.30753734529625,173.66298376288827,176.2597198486328,2196135.0
2022-12-02T00:00:00,176.07749495008613,176.62418354859474,173.43519916398776,176.2597198486328,1729721.0
2022-12-05T00:00:00,176.2597187098027,178.12755518929225,174.7107862278608,176.98863220214844,1295757.0
2022-12-06T00:00:00,176.98863499795237,179.0842561079742,175.57636769101146,176.53306579589844,2218167.0
2022-12-07T00:00:00,175.8041505862204,175.98637548470012,170.4739993156288,170.74732971191406,2741999.0
2022-12-08T00:00:00,172.11402609963545,173.1162838303265,170.06396484375,170.06396484375,1888054.0
2022-12-09T00:00:00,170.92957089640328,173.07073781341256,170.3828822904735,172.52406311035156,2320047.0
2022-12-12T00:00:00,171.7496020664253,173.48075960302916,171.38515223857283,172.478515625,1349326.0
2022-12-13T00:00:00,172.9340686464047,178.99313335927093,171.97737055940783,175.9863739013672,2324276.0
2022-12-14T00:00:00,176.62417464110274,178.03642796076835,173.84519989409188,176.85195922851562,2078686.0
2022-12-15T00:00:00,174.84745492838118,175.5763684353313,171.9773745044218,172.52406311035156,2553019.0
2022-12-16T00:00:00,172.4329351213873,174.30077154528374,170.88400268554688,170.88400268554688,4039563.0
2022-12-19T00:00:00,171.38514428586566,172.84295743249905,171.02068057205548,171.84071350097656,1729402.0
2022-12-20T00:00:00,169.92731210816547,172.29627751639728,169.10729310686065,170.51954650878906,2037466.0
2022-12-21T00:00:00,171.294030936787,174.89302508281045,170.33733277066187,174.71080017089844,1906174.0
2022-12-22T00:00:00,174.48300269365677,175.21191619044419,170.20065501647494,170.74732971191406,1594427.0
2022-12-23T00:00:00,170.74733070987824,173.2529613115075,170.74733070987824,172.75184631347656,1232321.0
2022-12-27T00:00:00,173.7996525831932,175.71304881498142,173.75409288188987,174.80191040039062,694041.0
2022-12-28T00:00:00,174.98413457030378,176.12305758377508,172.61516914113596,173.29852294921875,1103728.0
2022-12-29T00:00:00,172.34182860586574,175.12080360007633,172.34182860586574,174.6196746826172,1071731.0
2022-12-30T00:00:00,174.07300300848382,174.84746234639437,171.65847778320312,171.65847778320312,1670326.0
2023-01-02T00:00:00,173.70854439188918,175.75860595703125,172.25073117617669,175.75860595703125,897968.0
2023-01-03T00:00:00,175.07524599150616,176.98864228000528,174.66523647336186,175.89527893066406,1242246.0
2023-01-04T00:00:00,176.25973489797326,177.94534663490464,175.303036720333,175.75860595703125,2045704.0
2023-01-05T00:00:00,175.94084253358878,180.7243194580078,175.30303448803724,180.7243194580078,1257637.0
2023-01-09T00:00:00,181.77210548314778,187.42116061733861,181.77210548314778,186.96559143066406,2396713.0
2023-01-10T00:00:00,185.69000356831802,185.78110906407878,182.13655556481,184.96109008789062,2014983.0
2023-01-11T00:00:00,184.96109695248032,187.33006237607339,184.96109695248032,186.3278045654297,2200568.0
2023-01-12T00:00:00,188.1500803536879,191.88575336979966,187.33006135155054,190.0634765625,2714921.0
2023-01-13T00:00:00,189.79013582119086,191.7946375662501,189.06122230402323,190.8834991455078,2014468.0
2023-01-16T00:00:00,191.33906632665216,192.61465454101562,188.60565109341425,192.61465454101562,1716366.0
2023-01-17T00:00:00,192.1590817545003,193.89025304501106,190.15458006805446,191.7946319580078,2676690.0
2023-01-18T00:00:00,192.34133138877306,196.80590421017087,192.1590925773941,194.98362731933594,2643599.0
2023-01-19T00:00:00,193.6169184453818,193.70803785050379,186.05446661494128,186.6922607421875,4959409.0
2023-01-20T00:00:00,187.69450398742413,195.7125244140625,187.69450398742413,195.7125244140625,4780686.0
2023-01-23T00:00:00,195.8947550532174,197.8081512451172,194.52804745982286,197.8081512451172,2506084.0
2023-01-24T00:00:00,198.62817024000648,199.44818923489578,196.16809935247002,197.8081512451172,2088487.0
2023-01-25T00:00:00,198.08148754383978,198.5370567552128,195.62141658299927,197.17034912109375,1724404.0
2023-01-26T00:00:00,198.2637320182311,198.53706243057312,195.6214221750134,196.25921630859375,2384786.0
2023-01-27T00:00:00,196.89701363734167,200.2682229339633,196.5325499359237,199.083740234375,1721504.0
2023-01-30T00:00:00,198.08147667002083,198.35482096241302,195.80363073819967,196.9881134033203,1314298.0
2023-01-31T00:00:00,196.44145512064762,197.07924925422796,193.79914527742991,196.25921630859375,2235429.0
2023-02-01T00:00:00,196.98811116937125,198.71928239964387,196.71476688007894,198.44593811035156,1656372.0
2023-02-02T00:00:00,199.99487681204945,203.8216552734375,199.8126519144345,203.8216552734375,2261513.0
2023-02-03T00:00:00,203.3660973170824,205.0061492919922,201.5438204344869,205.0061492919922,1559387.0
2023-02-06T00:00:00,204.7327776105867,204.7327776105867,199.9037417366748,200.5415496826172,1660174.0
2023-02-07T00:00:00,201.361593608286,203.09275106911002,200.0860053637703,201.4527130126953,1045589.0
2023-02-08T00:00:00,203.63944938925684,204.09501862726412,201.9082918459771,202.36386108398438,1975162.0
2023-02-09T00:00:00,204.09501204055948,204.82392557842107,200.17711393956418,201.27047729492188,1762643.0
2023-02-10T00:00:00,200.3593393281566,201.27047777694835,194.8014031322486,196.25921630859375,1443878.0
2023-02-13T00:00:00,198.1726146969304,198.35483960803182,196.4414571871625,197.53482055664062,1963699.0
2023-02-14T00:00:00,197.62591474563135,198.08148394873595,195.25696323120863,196.35032653808594,1908703.0
2023-02-15T00:00:00,195.89475906922922,200.1771068357502,195.07474005752883,199.63043212890625,2063319.0
2023-02-16T00:00:00,200.35932728257802,201.17936017891196,198.44594499686931,199.81265258789062,2026148.0
2023-02-17T00:00:00,198.44594006499258,199.9037531174639,196.6236633222523,198.99261474609375,1687609.0
2023-02-20T00:00:00,199.9037672649952,200.2682309810579,197.71704058009573,199.72154235839844,1376332.0
2023-02-21T00:00:00,198.08148629048765,200.17710743011736,194.80139633107797,194.8925018310547,1783085.0
2023-02-22T00:00:00,194.71026499730283,195.80362825010988,192.6146439860829,195.43917846679688,1723532.0
2023-02-23T00:00:00,195.43918371490327,197.8992545754962,195.34806431519416,196.5325469970703,1492380.0
2023-02-24T00:00:00,196.71476857074177,197.35257655219485,192.61464590472278,193.70802307128906,1997331.0
2023-02-27T00:00:00,195.07472229003906,196.98810444402457,194.61915312439476,195.07472229003906,1222388.0
2023-02-28T00:00:00,194.80138054031607,197.44367617422628,193.89024219719286,196.6236572265625,2125026.0
2023-03-01T00:00:00,197.71702463986142,201.3615780894441,196.98811116937125,198.44593811035156,1930095.0
2023-03-02T00:00:00,197.07925014082448,198.9926325501732,196.71478641794656,198.26373291015625,1737250.0
2023-03-03T00:00:00,198.90150838072066,203.00163103395317,198.90150838072066,202.72828674316406,1503110.0
2023-03-06T00:00:00,203.1838611803509,204.3683438691509,201.90827299417774,203.8216552734375,1864034.0
2023-03-07T00:00:00,203.18386353918012,204.1861213420007,199.53930993309618,200.08599853515625,1864711.0
2023-03-08T00:00:00,199.90377053091257,200.9971477940945,199.08375148639556,200.2682342529297,2279382.0
2023-03-09T00:00:00,200.45045586252022,201.2704748935374,195.6214193725311,196.71478271484375,2708208.0
2023-03-10T00:00:00,193.16135377150317,193.34357868316653,188.514542058305,189.5167999267578,3304516.0
2023-03-13T00:00:00,191.06570870085739,191.06570870085739,182.77435807986458,185.87222290039062,3121133.0
2023-03-14T00:00:00,185.8722487582147,193.2524759612329,185.05222969248814,192.0679931640625,2697819.0
2023-03-15T00:00:00,191.43018870264285,191.61241360711568,181.3621063232422,181.3621063232422,3427954.0
2023-03-16T00:00:00,184.5055241911006,185.78111237744722,181.1343149247258,185.50778198242188,3243754.0
2023-03-17T00:00:00,186.3277962701279,188.0589536083119,181.04319095475358,182.68324279785156,4926169.0
2023-03-20T00:00:00,181.99990146765947,187.14782803813776,178.67425175793375,186.1455841064453,2733396.0
2023-03-21T00:00:00,188.78789487898635,188.9701197988559,187.05673728592032,188.1501007080078,1741114.0
2023-03-22T00:00:00,188.33230755046674,189.69901517260783,187.51228853832964,188.60565185546875,1623444.0
2023-03-23T00:00:00,188.24119567871094,188.60564547113097,185.14331683166697,188.24119567871094,1815411.0
2023-03-24T00:00:00,188.05895817740364,188.05895817740364,181.9543337435961,182.5010223388672,1808236.0
2023-03-27T00:00:00,184.96109926154676,186.14558198813046,183.13882242153153,184.86997985839844,1770746.0
2023-03-28T00:00:00,187.14781685140255,188.42341891940185,185.59888439292396,187.9678497314453,2219562.0
2023-03-29T00:00:00,189.6078831078595,194.89247405077947,189.243419451297,194.43690490722656,3037724.0
2023-03-30T00:00:00,194.3458165775004,197.71702575683594,193.89024739372888,197.71702575683594,2111644.0
2023-03-31T00:00:00,198.1726130356569,200.63268407207738,195.9858863150319,200.2682342529297,1894915.0
2023-04-03T00:00:00,199.53930385998007,201.45270000608608,198.081476900769,199.994873046875,1814797.0
2023-04-04T00:00:00,201.17936465260078,203.36609128571442,198.90151861691209,199.63043212890625,2413536.0
2023-04-05T00:00:00,199.08374044928752,199.17485985045752,192.34132184876574,194.07247924804688,2119211.0
2023-04-06T00:00:00,194.61915699035717,195.53029533974487,193.25244946627564,193.89024353027344,960816.0
2023-04-11T00:00:00,195.89475455107512,197.35258154143983,193.34356426937111,196.80589294433594,2392207.0
2023-04-12T00:00:00,199.53930438461222,204.00387686677357,199.08373519651948,200.99713134765625,2774357.0
2023-04-13T00:00:00,200.99713887674594,202.18160768786103,198.81039835026743,200.63267517089844,1838522.0
2023-04-14T00:00:00,199.0837431360445,202.2727275798713,199.0837431360445,201.6349334716797,1882290.0
2023-04-17T00:00:00,203.18385094323907,205.09724702896378,202.45493748663594,204.6416778564453,1854089.0
2023-04-18T00:00:00,204.91502071908255,207.19286672041903,204.09500171974886,205.09725952148438,1870664.0
2023-04-19T00:00:00,204.45943906514367,205.3705774101806,203.73053951140835,204.6416778564453,1614019.0
2023-04-20T00:00:00,204.82390582388612,206.19061336198652,204.09499235632563,204.45944213867188,2333597.0
2023-04-21T00:00:00,204.45945107705342,205.7350531767669,194.80139239397542,196.0769805908203,5286460.0
2023-04-24T00:00:00,197.5347997479559,199.72152625655826,196.0769728069756,198.44593811035156,1991810.0
2023-04-25T00:00:00,198.1725935502486,198.1725935502486,193.52578234723347,195.43917846679688,2660967.0
2023-04-26T00:00:00,195.2569671819324,195.2569671819324,192.159088196419,195.1658477783203,3221013.0
2023-04-27T00:00:00,194.52804150592632,197.71702579290874,191.70350700488038,192.7057647705078,4254085.0
2023-04-28T00:00:00,194.57215881347656,194.94543303866206,192.14583363127392,194.57215881347656,3089007.0
2023-05-02T00:00:00,195.78533381219543,197.18513360459983,193.73229696456895,194.66549682617188,3004413.0
2023-05-03T00:00:00,195.59868863987856,196.34523710684434,193.7322889934656,194.01223754882812,2027917.0
2023-05-04T00:00:00,194.01225154064127,194.19890291034292,189.25294064275485,190.65274047851562,2605789.0
2023-05-05T00:00:00,191.39928526930532,192.51912218487803,188.22639739576724,192.42579650878906,1966869.0
2023-05-08T00:00:00,192.70576881587897,194.478842833155,191.77256896689167,193.45233154296875,1498706.0
2023-05-09T00:00:00,193.1723620048116,193.1723620048116,189.43956273901813,191.4925994873047,1628518.0
2023-05-10T00:00:00,191.95920505423058,193.26569337947132,187.85313143661585,189.62620544433594,1835464.0
2023-05-11T00:00:00,189.62619990460956,192.42579935469584,185.00686365986707,185.9400634765625,2633934.0
2023-05-12T00:00:00,186.6399689750605,187.5731688199358,185.1468435274602,187.47984313964844,1582843.0
2023-05-15T00:00:00,188.50637389986755,190.09281083231298,188.13309964735097,189.9061737060547,1631210.0
2023-05-16T00:00:00,188.69299579054092,188.97295857707337,186.03338491722954,186.919921875,1869347.0
2023-05-17T00:00:00,186.63997149267112,188.5996968891441,186.40667152830528,187.85313415527344,1430780.0
2023-05-19T00:00:00,192.79909883502162,194.38553576609877,190.74604772945125,192.8924102783203,2214114.0
2023-05-22T00:00:00,191.5859251647492,192.23916218836322,190.27943687802198,191.4925994873047,1784802.0
2023-05-23T00:00:00,190.55940262008244,191.2126396538064,187.75980312740884,188.4130401611328,2017626.0
2023-05-24T00:00:00,187.19988614415303,187.19988614415303,183.37376125673705,184.3069610595703,2243406.0
2023-05-25T00:00:00,184.49359678366983,184.7735595703125,181.27406033602628,182.20726013183594,2391230.0
2023-05-26T00:00:00,183.18714183927068,185.70677870240831,182.53390476208688,185.10020446777344,1711665.0
2023-05-29T00:00:00,185.94007761935742,186.45334040547903,183.98035215943864,184.6802520751953,563350.0
2023-05-30T00:00:00,184.8202294925104,186.36000351881924,182.8138413109117,182.86050415039062,1910595.0
2023-05-31T00:00:00,181.32073887460245,181.32073887460245,177.91455078125,177.91455078125,6367654.0
2023-06-01T00:00:00,179.64096634075287,181.8806402253054,178.7077665156061,181.1807403564453,1521803.0
2023-06-02T00:00:00,182.9071665945258,190.4660909097932,182.9071665945258,189.7195281982422,2714084.0
2023-06-05T00:00:00,189.53290095195538,192.79910052554743,189.2529381406046,190.27944946289062,2021017.0
2023-06-07T00:00:00,190.93268952384614,194.57216313855173,190.2794382560022,194.01223754882812,2363426.0
2023-06-08T00:00:00,192.70578227110948,197.83838179891143,192.70578227110948,196.90518188476562,2355036.0
2023-06-09T00:00:00,196.3452369823404,196.43856266040157,193.17236328125,193.17236328125,2108685.0
2023-06-12T00:00:00,194.47884974917082,195.13210105829245,191.77257578666755,193.2657012939453,1415596.0
2023-06-13T00:00:00,195.5987033625179,197.83837741099316,195.41205199222802,197.46510314941406,2291313.0
2023-06-14T00:00:00,197.55840499133342,199.4248046875,196.15860521920848,199.4248046875,2033180.0
2023-06-15T00:00:00,197.5584009680446,200.1713633373646,196.81183825688183,198.67823791503906,2529691.0
2023-06-16T00:00:00,199.7047686060876,200.35800565549732,198.5849316300282,200.2646942138672,3716727.0
2023-06-19T00:00:00,198.95821037977612,199.23817319000398,196.71853637695312,196.71853637695312,1664387.0
2023-06-20T00:00:00,195.97195127390003,196.4385511578855,189.81282710949236,190.93267822265625,4083935.0
2023-06-21T00:00:00,191.30596782749296,192.5191304713721,190.18613086371974,191.77256774902344,2357916.0
2023-06-22T00:00:00,190.37276675408697,190.55940387359306,188.59969275953006,190.09280395507812,1521891.0
2023-06-26T00:00:00,189.9994883246868,192.3324878658077,187.5731631061214,191.4925994873047,1914200.0
2023-06-27T00:00:00,190.93268814113517,192.42579930375305,188.87963715334945,191.4925994873047,2679479.0
2023-06-28T00:00:00,191.95919369365842,194.5721559499994,191.95919369365842,192.5191192626953,1210976.0
2023-06-29T00:00:00,191.95921032798262,193.45233581513608,191.58593607594423,192.0525360107422,1335401.0
2023-06-30T00:00:00,193.73228885856778,196.62519976479396,193.54563750245705,196.15859985351562,1884657.0
2023-07-03T00:00:00,197.46508241544444,198.21163086021454,196.53188261998298,197.18511962890625,1096620.0
2023-07-04T00:00:00,197.1851226575192,197.46508544835743,193.54563485562045,194.9454345703125,1151571.0
2023-07-05T00:00:00,193.91892612451576,194.2922003580262,191.0260009765625,191.0260009765625,2077661.0
2023-07-06T00:00:00,189.6262165886931,189.81285372055345,186.26670549670567,187.1999053955078,2182312.0
2023-07-07T00:00:00,186.9199329871855,189.9994953431216,184.2603077162635,189.15960693359375,2013996.0
2023-07-10T00:00:00,189.15960804549613,190.27944502528277,187.47984545606627,189.99949645996094,1246171.0
2023-07-11T00:00:00,191.67924751920384,192.42581026278057,189.15961071919483,192.0525360107422,1345352.0
2023-07-12T00:00:00,193.079045669847,194.66549682617188,191.58593443498222,194.66549682617188,1313895.0
2023-07-13T00:00:00,195.87862735232275,195.87862735232275,191.8658797057752,192.1458282470703,2161885.0
2023-07-14T00:00:00,190.9327022059784,192.70577629204215,188.78633962213792,189.81285095214844,1835022.0
2023-07-17T00:00:00,188.50636959103605,190.93269489543343,187.5731697415755,190.46609497070312,1271793.0
2023-07-18T00:00:00,190.37275549495175,195.22539151260963,190.18611838648388,195.132080078125,1859093.0
2023-07-19T00:00:00,195.78533291096912,198.7715696064525,188.22640837098018,191.6792449951172,2583766.0
2023-07-20T00:00:00,189.71952263679486,191.58592224121094,187.9464344689002,191.58592224121094,1596155.0
2023-07-21T00:00:00,190.83936246369066,192.05252507297337,188.7863257154041,191.4925994873047,1157252.0
2023-07-24T00:00:00,190.93269479860294,193.54564298416767,190.2794435127121,193.45233154296875,1127354.0
2023-07-25T00:00:00,193.6389821852553,197.27845615462368,192.61245658389464,196.90518188476562,1661120.0
2023-07-26T00:00:00,195.9719753265381,196.43857526779175,192.70577573776245,194.10557556152344,1852004.0
2023-07-27T00:00:00,194.6654995011154,197.55841056813674,194.19889956390227,196.71853637695312,1380908.0
2023-07-28T00:00:00,196.7185254428493,196.81183688140544,194.94543723629207,196.15859985351562,1203026.0
2023-07-31T00:00:00,196.15861734364552,200.26470547270642,195.22541743788173,199.5181427001953,2897465.0
2023-08-01T00:00:00,198.3049550867071,200.91791734280818,198.11831797687822,199.79808044433594,1342495.0
2023-08-02T00:00:00,197.65172245637604,198.21163379825305,194.01223465642988,197.091796875,1422548.0
2023-08-03T00:00:00,195.4120400070882,196.06529128403648,191.30596642355317,192.23916625976562,1633342.0
2023-08-04T00:00:00,193.6389561612704,193.6389561612704,190.74603112041095,192.5191192626953,1030565.0
2023-08-07T00:00:00,191.49260616429555,193.63896866486627,190.55940631530822,193.45233154296875,997552.0
2023-08-08T00:00:00,191.30597351224182,192.89241044468724,188.50637389986755,189.9061737060547,1171396.0
2023-08-09T00:00:00,191.77255949466323,194.3855217906655,191.77255949466323,192.42579650878906,1117239.0
2023-08-10T00:00:00,192.61245434316774,194.10557988423125,190.93270590884688,192.70578002929688,1289593.0
2023-08-11T00:00:00,192.14583511207798,192.42579790287417,190.6527239603301,191.95919799804688,717862.0
2023-08-14T00:00:00,190.37276230899002,194.38552436242247,190.27943663166636,192.79908752441406,1280304.0
2023-08-15T00:00:00,192.79908906037312,193.2656889717104,189.1596012082426,190.18612670898438,1068947.0
2023-08-16T00:00:00,188.87964533233654,191.399296337454,188.78633389035056,190.83937072753906,748869.0
2023-08-17T00:00:00,189.53289674660743,189.71953387020017,187.66649703168073,187.85313415527344,1136343.0
2023-08-18T00:00:00,187.10656470216787,189.62620137893563,186.26669055641173,188.879638671875,1608442.0
2023-08-21T00:00:00,188.7863200685448,189.62619418242687,186.82659481682165,187.3865203857422,955548.0
2023-08-22T00:00:00,188.03977106570946,190.74604495348552,187.47984545606627,189.99949645996094,1424273.0
2023-08-23T00:00:00,190.83937063492598,191.67924480989103,189.15960804549613,189.99949645996094,1085059.0
2023-08-24T00:00:00,191.30595383876118,192.61242782771427,187.94642895359817,188.31971740722656,1689036.0
2023-08-25T00:00:00,187.94644165039062,189.7195298860355,187.01324181252474,187.94644165039062,1421218.0
2023-08-28T00:00:00,189.5328923208429,192.42580326772733,189.5328923208429,191.3992919921875,1367358.0
2023-08-29T00:00:00,192.79909718968418,195.8786453427591,192.705771507682,195.50537109375,2779749.0
2023-08-30T00:00:00,196.25192976539125,196.43856688602912,193.17236743661772,194.75880432128906,1403305.0
2023-08-31T00:00:00,195.50534896351326,195.87862317026958,193.35898667591871,193.54562377929688,2211290.0
2023-09-01T00:00:00,193.17236201229167,195.87863578429705,192.89239921944647,194.4788360595703,1142239.0
2023-09-04T00:00:00,194.75879453757608,196.6251941291954,194.75879453757608,195.03875732421875,853987.0
2023-09-05T00:00:00,194.47883593976584,197.74503529544953,193.63896180124684,196.6251983642578,1331275.0
2023-09-06T00:00:00,196.43858192769272,197.55841897676754,194.5721820994011,196.90518188476562,1195760.0
2023-09-07T00:00:00,196.71852390052285,196.90516101567104,192.14583626214664,192.79908752441406,1347698.0
2023-09-08T00:00:00,193.35900749315672,193.82560742158591,189.4395709422515,190.83937072753906,988064.0
2023-09-11T00:00:00,192.4258034895201,194.10556604356623,191.77256645169646,193.07904052734375,824803.0
2023-09-12T00:00:00,191.11931948256378,191.77255648644265,189.2529199060534,189.5328826904297,2007851.0
2023-09-13T00:00:00,188.413047037199,189.25293545935213,185.1935103510284,188.22640991210938,1757340.0
2023-09-14T00:00:00,187.94645118176547,190.6527393925209,187.1065769808932,189.81285095214844,1691827.0
2023-09-15T00:00:00,191.3059553178687,195.41202866303811,191.02599253535743,192.9857177734375,3098435.0
2023-09-18T00:00:00,193.26568464500707,194.4788329957255,191.95919637881187,193.73228454589844,1233739.0
2023-09-19T00:00:00,192.98573039290258,193.82560455585758,190.6527307852502,191.77256774902344,1085361.0
2023-09-20T00:00:00,191.49261557994893,195.9719779232373,190.9327041867256,195.31874084472656,2434365.0
2023-09-21T00:00:00,193.54565159538768,193.8256144104399,190.3727776634634,190.65274047851562,1434504.0
2023-09-22T00:00:00,190.37277789622962,190.5594150266592,187.66650390625,187.66650390625,1722950.0
2023-09-25T00:00:00,187.1065576012819,188.039757389817,185.24015802421178,187.3865203857422,1544987.0
2023-09-26T00:00:00,186.6399775351141,186.73330321968174,183.00050366897946,184.6802520751953,1658475.0
2023-09-27T00:00:00,184.866885245693,187.01323338445613,184.1203225611455,184.7735595703125,1542189.0
2023-09-28T00:00:00,185.33348658905078,187.29319763183594,184.26029827180037,187.29319763183594,1330288.0
2023-09-29T00:00:00,187.85312436765093,189.71952398533352,187.57316157709874,188.13308715820312,1495796.0
2023-10-02T00:00:00,187.75981679108884,190.3727793556349,185.8001055473046,187.1999053955078,1499189.0
2023-10-03T00:00:00,184.54026665453014,187.1065661908131,183.7470411020611,185.84674072265625,1461660.0
2023-10-04T00:00:00,182.90716412959208,184.9602008790652,182.39390138234901,183.37376403808594,1663367.0
2023-10-05T00:00:00,183.8403680659124,186.8266046992862,182.72053110833465,184.54026794433594,1430386.0
2023-10-06T00:00:00,185.38013795458411,187.66648889787456,184.82022660807354,186.36000061035156,1833807.0
2023-10-09T00:00:00,184.82023373697453,185.94007071268928,180.90079720222306,181.040771484375,1438657.0
2023-10-10T00:00:00,181.97395609052893,189.06628007498483,181.83398182010484,188.31971740722656,2233754.0
2023-10-11T00:00:00,188.31973559440414,189.0662983342625,187.10657292207176,188.22640991210938,1427375.0
2023-10-12T00:00:00,190.3727736414504,192.42581050929152,189.43957377065897,189.9061737060547,3005230.0
2023-10-13T00:00:00,188.97295425820852,189.71951692539992,184.8202181112982,185.33348083496094,1742010.0
2023-10-16T00:00:00,185.10020051928362,186.36001180422844,183.79371215328524,185.19351196289062,1491392.0
2023-10-17T00:00:00,184.58692231137877,184.9601965336045,181.0874230798922,183.93368530273438,1840575.0
2023-10-18T00:00:00,181.97398557501324,183.74705973866176,178.61446014552035,178.9410858154297,2445670.0
2023-10-19T00:00:00,177.3079696025959,179.03439500242098,176.84136968258906,177.2613067626953,1900078.0
2023-10-20T00:00:00,175.161605996404,175.161605996404,172.40866933396453,173.01524353027344,3570175.0
2023-10-23T00:00:00,174.27505753495373,174.32172037148393,163.9165343631812,170.35562133789062,5202665.0
2023-10-24T00:00:00,168.20926723840103,173.6684918709255,168.20926723840103,173.1085662841797,2555803.0
2023-10-25T00:00:00,172.12870781487555,177.8212325404554,171.33549649376985,175.1149444580078,2860629.0
2023-10-26T00:00:00,173.06190732427524,177.16799516027783,171.94207036518344,176.00149536132812,2710004.0
2023-10-27T00:00:00,175.72153284474788,178.24116956663815,173.34187040315726,174.69500732421875,2644056.0
2023-10-30T00:00:00,175.25493555704492,176.84137246210315,174.64834710780227,175.90817260742188,1839275.0
2023-10-31T00:00:00,175.90816688028434,179.7809404553238,175.34824128990547,176.9346923828125,3822724.0
2023-11-01T00:00:00,177.82122957083047,178.75442939619353,174.04176743021023,175.20826721191406,3773815.0
2023-11-02T00:00:00,177.16798000238919,182.76717855829932,177.1213171665236,181.1340789794922,2876940.0
2023-11-03T00:00:00,181.97396157182686,183.23378700158523,181.74066162109375,181.74066162109375,742323.0
2023-11-06T00:00:00,183.70040383956814,184.7735780160837,181.36740411714285,182.11395263671875,2184687.0
2023-11-07T00:00:00,180.99410165104314,181.64733867501369,178.98772774038378,180.3875274658203,1792488.0
2023-11-08T00:00:00,179.73430710619394,181.41405554085893,179.50100713032376,180.34088134765625,1136598.0
2023-11-09T00:00:00,180.247536221446,185.00686091169527,179.78093632002938,184.3069610595703,2158992.0
2023-11-10T00:00:00,182.44056701660156,182.90716693224505,180.6674930329561,182.44056701660156,1140213.0
2023-11-13T00:00:00,182.44056000694948,183.4204226400528,180.90078604028628,181.78732299804688,811643.0
2023-11-14T00:00:00,182.86049856716855,187.57316042066208,181.9272987640807,187.29319763183594,2172688.0
2023-11-15T00:00:00,187.66649413535512,192.5191304713721,186.91993141300645,191.77256774902344,3463178.0
2023-11-16T00:00:00,191.11932252029578,191.9591966472753,187.0132348430098,187.29319763183594,2745779.0
2023-11-17T00:00:00,188.03976845410216,190.27944238256956,187.66649421252413,188.7863311767578,2774106.0
2023-11-20T00:00:00,189.43956691705714,190.6527295530958,188.31972996052122,190.09280395507812,1839184.0
2023-11-21T00:00:00,189.81283123530727,190.65271958843618,189.2529199060534,189.5328826904297,2294427.0
2023-11-22T00:00:00,190.09278988778334,193.0790262973907,190.09278988778334,190.93267822265625,2613572.0
2023-11-23T00:00:00,191.77256228013903,192.42579930375305,190.93268814113517,191.4925994873047,1115612.0
2023-11-24T00:00:00,191.30595674701766,191.30595674701766,189.71951995360067,190.3727569580078,1495476.0
2023-11-27T00:00:00,186.91993672796457,192.42581026278057,186.826611045205,192.0525360107422,1965263.0
2023-11-28T00:00:00,190.83936373695676,192.23916347096866,189.25292688630975,190.18612670898438,1664765.0
2023-11-29T00:00:00,190.1861213806253,192.98572077021402,189.62619580690804,190.74603271484375,2471932.0
2023-11-30T00:00:00,191.49260075264363,194.01223742580356,190.746038046652,193.17236328125,3894023.0
2023-12-01T00:00:00,194.47883871686747,196.71852685073216,194.38552727764355,195.69200134277344,1871382.0
2023-12-04T00:00:00,195.31874084472656,196.90517781810985,194.57217808092844,195.31874084472656,2109234.0
2023-12-05T00:00:00,195.0387657127419,196.1586026679774,194.19889155619018,195.22540283203125,1294365.0
2023-12-06T00:00:00,196.43854758489974,200.07802091798933,195.8786220385022,199.1448211669922,1665167.0
2023-12-07T00:00:00,198.77156764174163,200.45133021619148,198.5849305200249,199.4248046875,1752493.0
2023-12-08T00:00:00,196.9984893798828,198.02500064694823,195.505363959334,196.9984893798828,2841548.0
2023-12-11T00:00:00,196.71852517769526,200.63796157925054,196.06528815068592,200.45132446289062,3081061.0
2023-12-12T00:00:00,199.70477294921875,201.10457275961045,198.3982988219865,199.70477294921875,2762022.0
2023-12-13T00:00:00,199.7047702446413,199.8914073689326,197.6517333984375,197.6517333984375,2574060.0
2023-12-14T00:00:00,200.637961693398,204.74403521364925,200.4513245769319,204.27743530273438,3219880.0
2023-12-15T00:00:00,205.3039645935372,206.8904014720419,204.65072755409403,206.3304901123047,4619540.0
2023-12-18T00:00:00,205.30395786511843,206.14383199694885,204.37075805664062,204.37075805664062,3154509.0
2023-12-19T00:00:00,204.37077338817153,205.95721033369566,204.277447704523,205.2106475830078,2384158.0
2023-12-20T00:00:00,203.99748382904912,204.83735796087953,202.31772132588924,204.37075805664062,2624203.0
2023-12-21T00:00:00,203.4375639605179,203.62420107955427,202.22440132753235,203.34423828125,1514009.0
2023-12-22T00:00:00,203.0642991089427,204.3707732420875,202.4110478028702,203.53089904785156,1007243.0
2023-12-27T00:00:00,203.6241996742439,205.7705621270976,203.25092543874732,203.8108367919922,1108854.0
2023-12-28T00:00:00,203.9974782014306,204.37075241872472,202.59767852732975,203.25091552734375,875511.0
2023-12-29T00:00:00,203.2509362366062,204.27744755850568,202.78433629769734,203.53089904785156,842536.0
2024-01-02T00:00:00,204.4640880633602,205.4905993307255,201.7578000177623,203.8108367919922,1436783.0
2024-01-03T00:00:00,203.7175225381851,203.9041596533547,197.46508662325894,198.7715606689453,1619315.0
2024-01-04T00:00:00,198.8648848161929,199.79808462435992,197.27843375070972,198.39828491210938,1387339.0
2024-01-05T00:00:00,198.86490154683403,200.73130132018957,197.46510171681737,197.93170166015625,1406211.0
2024-01-08T00:00:00,198.7715799276842,199.79810551982456,197.0918172494093,199.5181427001953,1784985.0
2024-01-09T00:00:00,199.6114234339382,199.79807477797232,195.69198728069293,196.53187561035156,2112975.0
2024-01-10T00:00:00,196.43856659912902,196.81184083985963,193.82560419551623,196.06529235839844,1714830.0
2024-01-11T00:00:00,198.11834022692764,199.6114515127444,197.37177746426912,197.46510314941406,1771405.0
2024-01-12T00:00:00,198.02500899997625,201.47784566120512,198.02500899997625,201.01124572753906,2024095.0
2024-01-15T00:00:00,199.61143762586013,199.79808898316477,197.18512661539276,197.83836364746094,1180451.0
2024-01-16T00:00:00,197.1851264975766,197.65172641156067,195.87863819472153,196.9984893798828,1227840.0
2024-01-17T00:00:00,194.10555347312726,194.10555347312726,190.83935425603136,192.1458282470703,1912466.0
2024-01-18T00:00:00,192.612436298741,194.66548728524336,191.8658878376483,193.6389617919922,2683518.0
2024-01-19T00:00:00,195.22541692027863,195.87865400468124,191.95921725876514,192.70578002929688,2623456.0
2024-01-22T00:00:00,194.19889989263606,196.06529964464795,193.3590114605307,195.41204833984375,2301072.0
2024-01-23T00:00:00,197.0917981534206,199.8913975994621,195.22539852272627,198.7715606689453,2613274.0
2024-01-24T00:00:00,201.4778388292043,201.75780162781055,196.1586026136835,198.21163940429688,2176512.0
2024-01-25T00:00:00,192.89239494595677,205.58391786476767,192.89239494595677,205.303955078125,3574582.0
2024-01-26T00:00:00,205.49059921130004,205.5839248898696,202.69099972820464,202.97096252441406,1567514.0
2024-01-29T00:00:00,202.5043749106807,203.71753760827605,200.45133801294247,203.06430053710938,1632091.0
2024-01-30T00:00:00,203.43757336426975,204.65073605333285,201.8511364198796,203.53089904785156,1563815.0
2024-01-31T00:00:00,204.09079679056285,208.10355884488877,203.53088544499357,204.74403381347656,2782530.0
2024-02-01T00:00:00,203.7175224308272,205.86388485289436,203.06428540832826,203.90415954589844,1378463.0
2024-02-02T00:00:00,205.4905976619778,207.26368586493604,204.46408640294862,205.58392333984375,1152089.0
2024-02-05T00:00:00,205.58391943763348,205.86388222641807,200.5446319580078,200.5446319580078,1721708.0
2024-02-06T00:00:00,202.78432400817255,204.09079806213992,200.9179243656482,203.43756103515625,1242484.0
2024-02-07T00:00:00,203.43757075577105,205.4906076127458,201.2912082164111,202.31773376464844,2359402.0
2024-02-08T00:00:00,202.31773376464844,203.25093363050058,201.19789677352583,202.31773376464844,1179696.0
2024-02-09T00:00:00,201.94442041998363,202.78430873957996,199.05150973559137,199.1448211669922,1684317.0
2024-02-12T00:00:00,199.33150127468474,201.5711753044901,199.33150127468474,200.91793823242188,1075199.0
2024-02-13T00:00:00,200.6379603106328,202.22439714891007,199.798086172574,201.75779724121094,1656642.0
2024-02-14T00:00:00,198.77156467701434,203.34423816862005,198.67823899779813,202.50436401367188,1296944.0
2024-02-15T00:00:00,204.18413626037457,207.17037302362593,204.09081057672606,205.2106475830078,1359774.0
2024-02-16T00:00:00,205.58393408380468,209.96997062223585,205.49060840106148,209.13009643554688,2375546.0
2024-02-19T00:00:00,208.10356292051318,209.22339987308243,207.26368876596112,208.47683715820312,889703.0
2024-02-20T00:00:00,207.82359313964844,209.1300814066642,206.3304819995576,207.82359313964844,1223148.0
2024-02-21T00:00:00,208.75678889029112,212.20962524414062,208.38351467238795,212.20962524414062,1547982.0
2024-02-22T00:00:00,214.4493301229088,215.19589285688363,210.7165306925344,211.7430419921875,2104323.0
2024-02-23T00:00:00,211.92967781314897,215.9424255149212,211.74302646371876,215.1958770751953,1440295.0
2024-02-26T00:00:00,215.19589263988848,215.56916688674963,213.04953012168755,213.889404296875,875639.0
2024-02-27T00:00:00,214.63595442037519,215.849117010651,214.26268019544366,215.10255432128906,1281971.0
2024-02-28T00:00:00,214.82259711149345,216.4090339678984,214.07603440274426,216.22239685058594,1413885.0
2024-02-29T00:00:00,217.15560225777358,218.36876491073315,215.19589111637706,217.3422393798828,2824003.0
2024-03-01T00:00:00,218.46209859935288,219.2086471151549,216.96897308874853,217.99549865722656,840499.0
2024-03-04T00:00:00,217.99548365305915,218.55539500137314,215.7557955413056,216.68899536132812,1381640.0
2024-03-05T00:00:00,216.12907135280565,217.43554532850808,215.10254591511207,217.06227111816406,1293075.0
2024-03-06T00:00:00,217.06228912156428,219.11532592773438,216.22240071938137,219.11532592773438,1520225.0
2024-03-07T00:00:00,217.90216049049175,220.14183438859857,216.68899786255918,220.04852294921875,1489026.0
2024-03-08T00:00:00,219.7685686070342,222.66149388959343,219.20864299121632,221.07504272460938,1471053.0
2024-03-11T00:00:00,219.30195757575126,219.8618831632337,217.90215784654433,218.83535766601562,1431751.0
2024-03-12T00:00:00,220.3284801679036,222.47482833278823,219.9551917013374,221.9149169921875,1979419.0
2024-03-13T00:00:00,222.66148121815854,223.03475544779454,219.7685561002327,222.28819274902344,1982298.0
2024-03-14T00:00:00,222.56816797120172,224.5278933849871,221.63496810549438,223.22140502929688,2527846.0
2024-03-15T00:00:00,222.84812923314234,227.79409133498615,222.2882036218016,226.6742401123047,2899865.0
2024-03-18T00:00:00,226.48759474583218,227.5141202494321,223.78132094834052,224.3412322998047,1458266.0
2024-03-19T00:00:00,223.5946917894171,224.99449157714844,222.10156632003714,224.99449157714844,1717453.0
2024-03-20T00:00:00,224.99447924098487,226.20762759890346,224.0612794336635,224.90115356445312,2305741.0
2024-03-21T00:00:00,227.98072542532387,229.75379943847656,226.30096285315312,229.75379943847656,1862326.0
2024-03-22T00:00:00,228.7272881506775,230.78032496577526,227.42079982143375,229.75379943847656,1288177.0
2024-03-25T00:00:00,229.56715558555936,229.9404298175411,224.80783081054688,224.80783081054688,2350407.0
2024-03-26T00:00:00,224.24793184097507,226.39429439209636,223.22140628711273,225.7410430908203,1826181.0
2024-03-27T00:00:00,225.08779755396134,226.76756010635273,223.68799780021843,224.7145233154297,1754284.0
2024-03-28T00:00:00,224.99448216815247,226.11431910360736,221.82159423828125,221.82159423828125,1099150.0
2024-04-02T00:00:00,221.821599699369,226.02099899033536,221.448325458194,222.1015625,2324017.0
2024-04-03T00:00:00,221.91491838796352,222.84811820099995,219.58191885537244,221.4483184814453,1631263.0
2024-04-04T00:00:00,222.2881870012416,225.64771193909363,221.26167577653592,225.46107482910156,1787061.0
2024-04-05T00:00:00,223.03476775606282,226.67424153410656,222.56816782351873,226.2076416015625,1658946.0
2024-04-08T00:00:00,226.39429556508475,228.35400676056648,224.7145329407432,227.42080688476562,1239007.0
2024-04-09T00:00:00,227.51412407061068,229.753797993082,225.64772438871805,226.394287109375,1574635.0
2024-04-10T00:00:00,227.23416975750547,229.28720663636733,224.7145329407432,227.42080688476562,1501946.0
2024-04-11T00:00:00,227.0475246199378,228.26068726357815,219.5819258769197,222.94143676757812,2027105.0
2024-04-12T00:00:00,224.52788494629823,227.60743299579036,222.8481224032575,223.03475952148438,1546286.0
2024-04-15T00:00:00,223.87464334888878,228.44733126032105,223.87464334888878,225.7410430908203,1105134.0
2024-04-16T00:00:00,222.9414351384398,223.40803505646878,219.30196147361366,221.72828674316406,1929997.0
2024-04-17T00:00:00,221.16837208572133,225.554408684247,220.88840927315584,223.1280975341797,1421126.0
2024-04-18T00:00:00,224.4345593835322,225.55439633297217,222.1948854846522,223.8746337890625,1737469.0
2024-04-19T00:00:00,220.70174741125095,221.9149099700793,218.7420221824129,221.2616729736328,2953189.0
2024-04-22T00:00:00,222.1948871263927,223.68799832351178,210.80983771105002,211.4630889892578,5039840.0
2024-04-23T00:00:00,213.23616432777317,214.72928977378933,211.18312751912558,213.98272705078125,3770826.0
2024-04-24T00:00:00,216.03575124872432,216.03575124872432,211.92967787111394,213.0495147705078,2609258.0
2024-04-25T00:00:00,210.99650051350147,211.08981195866363,206.42381251554772,207.7303009033203,2340682.0
2024-04-26T00:00:00,209.50337052749828,213.23617000237576,209.0367705931386,212.1163330078125,1977836.0
2024-04-29T00:00:00,212.48960026737103,212.86288874627542,210.43656347164512,211.4630889892578,2306164.0
2024-04-30T00:00:00,211.8456383672424,213.7584658017096,210.98487185921823,212.9933319091797,2187568.0
2024-05-02T00:00:00,210.98487805470893,211.74999737599111,208.21126943705642,209.3589630126953,3315537.0
2024-05-03T00:00:00,210.60230661048536,211.9412946280269,209.45461301953245,210.1240997314453,1606956.0
2024-05-06T00:00:00,211.46309505244398,214.90617594421894,210.50668126133155,214.33233642578125,1403945.0
2024-05-07T00:00:00,217.29720887830197,219.6882433390969,215.19310147154565,219.49696350097656,2941003.0
2024-05-08T00:00:00,218.63619644957683,222.8444112537929,218.15798955847427,222.74876403808594,1531914.0
2024-05-10T00:00:00,224.2790369642355,224.37468418209065,221.8880024550219,222.9400634765625,1734359.0
2024-05-13T00:00:00,223.51390459133734,223.51390459133734,221.6967241889046,222.3662109375,952243.0
2024-05-14T00:00:00,222.36620202414557,224.0877497327531,220.54902169455292,223.6095428466797,1622883.0
2024-05-15T00:00:00,224.27902221679688,226.9569836097704,223.51388830541651,224.27902221679688,1251267.0
2024-05-16T00:00:00,224.8528812817756,224.8528812817756,218.82747166248365,219.5926055908203,2470239.0
2024-05-17T00:00:00,218.54054260253906,218.92310226632637,216.81899492806474,218.54054260253906,1857388.0
2024-05-20T00:00:00,219.3056760496517,228.29595947265625,218.9231017929759,228.29595947265625,2154330.0
2024-05-21T00:00:00,227.62647908528646,229.539306640625,226.47878547082655,229.539306640625,2025776.0
2024-05-22T00:00:00,228.86982093780875,229.44366045074514,226.5744191049148,227.62648010253906,1902205.0
2024-05-23T00:00:00,227.62648208403783,230.0175165597105,227.2439224054167,228.6785430908203,1965317.0
2024-05-24T00:00:00,226.67007640673407,227.72213745117188,225.42673551613944,227.72213745117188,1487032.0
2024-05-27T00:00:00,228.00903599028695,228.774169921875,226.9569896038548,228.774169921875,1114324.0
2024-05-28T00:00:00,228.77416292551894,229.15673717647107,224.5659483210538,226.1918487548828,1749874.0
2024-05-29T00:00:00,224.4703001582178,224.94850702459394,221.40977913215357,221.60105895996094,1984145.0
2024-05-30T00:00:00,220.453369140625,221.2185030585547,219.21002834820374,220.453369140625,1295687.0
2024-05-31T00:00:00,220.453369140625,221.2185030585547,219.30567556058833,220.453369140625,3156629.0
2024-06-03T00:00:00,223.4182733028095,224.66159958890174,215.48003570957053,215.57566833496094,1785763.0
2024-06-04T00:00:00,215.19308637756,215.48001341147312,212.9933319091797,212.9933319091797,1839091.0
2024-06-05T00:00:00,214.141036208509,215.00181735348977,213.37591687125843,214.42796325683594,1633279.0
2024-06-07T00:00:00,215.6713025080005,216.245156600497,214.236681870475,215.00181579589844,2548900.0
2024-06-10T00:00:00,212.61078035921855,212.8977074040622,209.26333222137933,212.03692626953125,2161873.0
2024-06-11T00:00:00,212.61079159055737,213.28027833474826,209.74155017798228,210.21975708007812,1720577.0
2024-06-12T00:00:00,211.3674440973309,216.72336707031528,211.3674440973309,215.4800262451172,2416111.0
2024-06-13T00:00:00,218.54054271321922,218.54054271321922,211.7499992246876,212.03692626953125,2696403.0
2024-06-14T00:00:00,212.32385630705468,212.70641597642785,205.43768010232583,206.29844665527344,3161260.0
2024-06-17T00:00:00,207.1592387714339,207.63744568033036,204.86383685250087,206.107177734375,2350879.0
2024-06-18T00:00:00,207.35050685438048,207.54178668834547,204.57689818388275,206.5853729248047,1916341.0
2024-06-19T00:00:00,207.25484870223514,208.0199825914294,206.20280237409375,206.77664184570312,1150266.0
2024-06-20T00:00:00,206.58536202183333,208.2112624152992,205.72459551756174,206.77664184570312,3298538.0
2024-06-24T00:00:00,201.13380877596924,208.40254431129938,200.36867487916732,207.82870483398438,2370701.0
2024-06-25T00:00:00,206.68102215488994,207.06358182655188,202.7597198486328,202.7597198486328,2732743.0
2024-06-26T00:00:00,204.28998693685662,204.8638264421421,201.80330529947153,203.04664611816406,2695124.0
2024-06-27T00:00:00,202.95100982310055,204.38563055407494,201.70766893751272,202.85537719726562,1832468.0
2024-06-28T00:00:00,204.00305407318837,204.4812609441552,202.66406607825195,203.14227294921875,1794787.0
2024-07-01T00:00:00,204.19433143083438,206.3940859293944,203.2379177004792,205.6289520263672,2928500.0
2024-07-02T00:00:00,204.57689715717834,204.86382420354374,203.0466438994225,203.6204833984375,1913708.0
2024-07-03T00:00:00,205.05510683871174,206.58537471109514,204.3856201171875,204.3856201171875,2146498.0
2024-07-04T00:00:00,205.1507576216833,205.91589157118344,203.90741677796015,204.86383056640625,1497805.0
2024-07-05T00:00:00,205.62896756230438,207.446147949787,203.81178717482177,204.00306701660156,1939138.0
2024-07-08T00:00:00,204.1943359375,204.9594698574141,203.0466423544867,204.1943359375,1421936.0
2024-07-09T00:00:00,203.71613543838166,203.9074152759186,200.0817601503152,200.55996704101562,1781611.0
2024-07-10T00:00:00,201.0381767026474,202.3771647712937,200.5599698053558,201.32510375976562,1805743.0
2024-07-11T00:00:00,203.14226706666946,204.2899751987272,201.89894091313215,203.52484130859375,2443787.0
2024-07-12T00:00:00,204.19434374161784,210.60231320258814,203.6204896313212,209.74154663085938,1949780.0
2024-07-15T00:00:00,208.49819946289062,209.26333338883705,207.54178570388655,208.49819946289062,1425926.0
2024-07-16T00:00:00,207.44613647460938,207.82871073072278,206.29844289370052,207.44613647460938,1194035.0
2024-07-17T00:00:00,206.7766499566346,206.7766499566346,204.3856155801848,205.8202362060547,1827333.0
2024-07-18T00:00:00,206.3941004535169,207.06358719313482,203.42921184328802,205.9158935546875,3022032.0
2024-07-19T00:00:00,205.62895656469556,211.17615924192816,198.93406030444964,204.1943359375,3998704.0
2024-07-22T00:00:00,204.67254539772316,208.01999357011584,204.09869130211237,206.5853729248047,2209770.0
2024-07-23T00:00:00,206.2984488852627,207.06358282599575,204.76819559751272,205.724609375,1046066.0
2024-07-24T00:00:00,203.62048421426667,208.88075990841716,202.3771579978947,208.21127319335938,2303717.0
2024-07-25T00:00:00,204.95946871780384,207.73306274414062,203.90740775955712,207.73306274414062,1669672.0
2024-07-26T00:00:00,207.82872284840036,209.55027061699818,207.15923610331137,208.59385681152344,1185655.0
2024-07-29T00:00:00,209.64589462164383,210.12410150471953,207.82871430344252,207.92434692382812,1187266.0
2024-07-30T00:00:00,208.01999258338859,209.0720535557794,207.92434537000184,208.49819946289062,839126.0
2024-07-31T00:00:00,209.9328163235075,212.32385067798936,208.88075537004926,209.64588928222656,1544336.0
2024-08-01T00:00:00,208.593853357305,208.6894859800389,202.56844356384897,203.23793029785156,1508967.0
2024-08-02T00:00:00,201.6120210358646,202.75971461494188,197.02123212583973,197.97764587402344,1919997.0
2024-08-05T00:00:00,191.28276385423737,194.24765253146475,188.7004494609485,193.38687133789062,2199490.0
2024-08-06T00:00:00,194.43893107799926,195.68227195349138,191.2349389673522,192.33482360839844,1903092.0
2024-08-07T00:00:00,194.43893207201148,196.25611248829367,193.67379809904966,195.0127716064453,1508451.0
2024-08-08T00:00:00,193.7694437439897,195.96918383202217,191.85661612398476,195.5866241455078,1102256.0
2024-08-09T00:00:00,196.2561081214964,197.2125219179888,193.6737937897102,194.8214874267578,898520.0
2024-08-12T00:00:00,195.49097284434396,196.35175401159938,193.29123280225136,193.76943969726562,1640954.0
2024-08-13T00:00:00,194.8214874267578,195.7779012232502,193.5781465725744,194.8214874267578,758534.0
2024-08-14T00:00:00,195.68226400742662,196.82995761753938,194.91713006944613,196.256103515625,1228325.0
2024-08-15T00:00:00,197.3081667937704,201.0381747183421,196.92559252348343,200.27304077148438,1736832.0
2024-08-16T00:00:00,200.8468913046813,201.42074540303818,198.6471367192678,199.79483032226562,1285187.0
2024-08-19T00:00:00,204.67254359078962,206.68101831397993,202.18586199005074,203.90740966796875,2299765.0
2024-08-20T00:00:00,204.0986976615868,204.57690455825755,202.75972418839527,202.9510040283203,1186406.0
2024-08-21T00:00:00,202.66406607825195,204.959467815122,202.47278624860832,203.14227294921875,926656.0
2024-08-22T00:00:00,203.14226488490115,204.86381247078302,203.0466322707335,204.0986785888672,1225209.0
2024-08-23T00:00:00,203.90741677796015,206.01152419379827,203.7161369390142,204.86383056640625,1496062.0
2024-08-26T00:00:00,204.67253472032525,205.43766860998537,203.14226694100498,205.15074157714844,742454.0
2024-08-27T00:00:00,205.53331013289076,206.29844405571163,203.8117770486885,203.90740966796875,887614.0
2024-08-28T00:00:00,204.00305456243748,206.39408892300588,203.2379206483125,204.7681884765625,1142961.0
2024-08-29T00:00:00,205.05510836392187,209.26333774741926,205.05510836392187,208.68948364257812,1099264.0
2024-08-30T00:00:00,208.97640556476776,209.26333261014446,208.40255147401436,208.78512573242188,2605448.0
2024-09-02T00:00:00,208.40255245401465,208.40255245401465,206.48972493412938,206.87229919433594,1138525.0
2024-09-03T00:00:00,206.77665272503376,207.25485960672611,201.70765686035156,201.70765686035156,2067111.0
2024-09-04T00:00:00,196.82995705926945,199.6991983732713,194.0563483661714,194.91712951660156,2808778.0
2024-09-05T00:00:00,194.24764021355915,194.72584709287003,192.4304453159484,192.52609252929688,1881468.0
2024-09-06T00:00:00,191.28275685347398,193.96071836816586,189.56120912304948,189.99159240722656,1972988.0
2024-09-09T00:00:00,191.37839816667528,193.3868582954598,191.18710374074897,192.81301879882812,1420204.0
2024-09-10T00:00:00,192.52609408753833,194.34327440614092,190.6132665548131,191.95223999023438,1487131.0
2024-09-11T00:00:00,192.43045398781067,194.63020865051556,191.28276034448703,192.90866088867188,1506864.0
2024-09-12T00:00:00,196.54302922315946,198.16892970918207,194.4389218533822,195.2040557861328,1694555.0
2024-09-13T00:00:00,195.77789430024822,197.69072182559253,195.77789430024822,197.11688232421875,1340055.0
2024-09-16T00:00:00,197.21250403665377,198.36019756963955,196.6386645670184,197.3081512451172,1251878.0
2024-09-17T00:00:00,198.26457606839608,203.0466448853197,198.16892885457125,201.70765686035156,2115716.0
2024-09-18T00:00:00,201.70766186643084,201.99458892131054,200.46433561814592,201.89895629882812,982039.0
2024-09-19T00:00:00,204.0030619633346,210.2197515263437,204.0030619633346,208.68948364257812,2522808.0
2024-09-20T00:00:00,208.4025511990736,209.64589199825514,205.05510305943176,205.53330993652344,2868299.0
2024-09-23T00:00:00,204.6725456081496,205.72460658661242,201.61202448041578,204.95947265625,1547275.0
2024-09-24T00:00:00,207.9243418019265,210.41102337015087,206.68101561152986,208.01998901367188,1596898.0
2024-09-25T00:00:00,207.54179578801464,208.97641649622673,206.77666182489156,208.59385681152344,1187798.0
2024-09-26T00:00:00,211.75000430923825,216.81900024414062,211.75000430923825,216.81900024414062,2611688.0
2024-09-27T00:00:00,217.10593203764904,219.49696653145574,215.9582383993651,218.63619995117188,3357501.0
2024-09-30T00:00:00,218.63619955161846,221.21851388146732,216.43644490259302,217.01028442382812,2172482.0
2024-10-01T00:00:00,216.723360653923,218.06233406066895,213.56719237377547,214.23667907714844,1822869.0
2024-10-02T00:00:00,215.0974491936049,215.67130328817728,213.28026888365204,214.7148895263672,1262262.0
2024-10-03T00:00:00,214.2366830664713,214.6192427344608,210.984882107413,211.4630889892578,1187749.0
2024-10-04T00:00:00,211.74999102779827,217.10591367849838,211.17615155404013,214.61923217773438,1257889.0
2024-10-07T00:00:00,215.28874663939172,215.4800264756924,212.03693104741586,213.8541259765625,847377.0
2024-10-08T00:00:00,210.2197499534089,211.6543706110613,207.92434814493546,209.26333618164062,1576685.0
2024-10-09T00:00:00,209.45461734855667,210.9848852305988,208.30692373388314,210.3153839111328,1158892.0
2024-10-10T00:00:00,209.93281572084013,210.41102259036367,206.77664746324155,208.30691528320312,1359120.0
2024-10-11T00:00:00,208.2112800352919,212.13258242818287,207.828720355178,210.79359436035156,1002684.0
2024-10-14T00:00:00,210.79359304144828,211.55872699060507,208.11564610997382,209.74154663085938,991646.0
2024-10-15T00:00:00,209.7415384209186,210.60230495895425,205.43767654330898,205.8202362060547,1748768.0
2024-10-16T00:00:00,203.9074071747831,207.54178231845773,203.3335676849706,206.3940887451172,1280670.0
2024-10-17T00:00:00,206.39408232363175,206.9679217955905,204.3856076874883,205.15074157714844,2116322.0
2024-10-18T00:00:00,205.62896467295914,209.6458996687574,205.62896467295914,208.1156463623047,1729885.0
2024-10-21T00:00:00,207.54179075023833,209.55026553046903,198.64713965648488,203.81178283691406,5137986.0
2024-10-22T00:00:00,203.42920657089923,204.00306067210818,200.27303820168203,202.7597198486328,3003411.0
2024-10-23T00:00:00,198.0732826485759,203.14226357185981,198.0732826485759,201.4207305908203,2272347.0
2024-10-24T00:00:00,201.13380958922698,203.90740355841896,199.31661475276044,199.41226196289062,2334381.0
2024-10-25T00:00:00,198.83842555610508,202.0902412711528,198.83842555610508,201.80331420898438,1817468.0
2024-10-28T00:00:00,201.99458196478807,206.10716402651977,201.99458196478807,205.53330993652344,1929371.0
2024-10-29T00:00:00,206.3940933030361,208.68948050040748,204.95947265625,204.95947265625,1951741.0
2024-10-30T00:00:00,204.38561732417332,205.05510403654876,201.80330309431622,203.6204833984375,2203846.0
2024-10-31T00:00:00,201.61202006933,201.9945797292832,198.55149900855756,199.89047241210938,2704240.0
2024-11-01T00:00:00,200.6556083556652,201.4207422770277,200.27303409812612,200.94253540039062,819464.0
2024-11-04T00:00:00,200.84690069065522,201.89896172223578,199.8904868778426,200.1774139404297,1238365.0
2024-11-05T00:00:00,200.17740736594175,200.65561425664217,198.26457980314004,200.55996704101562,2034397.0
2024-11-06T00:00:00,201.13382036259088,208.21127647985705,200.65561347375623,200.84689331054688,2801656.0
2024-11-07T00:00:00,200.84689304525097,209.5502642480316,200.55996599358596,207.3505096435547,2729168.0
2024-11-08T00:00:00,205.62895675775954,205.82023658948873,201.42074208485445,202.5684356689453,1727109.0
2024-11-11T00:00:00,204.4812667719518,205.5333131618332,202.377159398473,203.04664611816406,1485740.0
2024-11-12T00:00:00,200.75123659303526,200.94253101448737,194.05634046624323,194.2476348876953,2609029.0
2024-11-13T00:00:00,193.19559149277976,194.24765253146475,191.37841107365116,193.38687133789062,2125301.0
2024-11-14T00:00:00,194.15198767696927,195.8735353140303,192.43044003990823,194.2476348876953,2184913.0
2024-11-15T00:00:00,192.5261044364653,196.16047986274637,192.04789752757875,195.0127716064453,1811197.0
2024-11-18T00:00:00,194.8214836314046,196.92559102395407,193.29123034305772,195.96917724609375,1507509.0
2024-11-19T00:00:00,196.63867598271474,198.07329663066145,191.47403289387705,193.57814025878906,1744331.0
2024-11-20T00:00:00,195.0127706094995,195.49097751594135,192.33482360839844,192.33482360839844,1154521.0
2024-11-21T00:00:00,192.3348197937797,193.48251342773438,190.2306977721938,193.48251342773438,1717646.0
2024-11-22T00:00:00,194.53455905431542,195.58662006083333,191.95224473998167,193.76943969726562,2235621.0
2024-11-25T00:00:00,195.10841091949598,196.44738437263354,193.57814303558212,194.34327697753906,3030617.0
2024-11-26T00:00:00,192.7173731410088,193.3868598560061,191.2827524972792,192.23916625976562,1697865.0
2024-11-27T00:00:00,191.95224077052146,192.43044765564667,190.46979650789007,191.66531372070312,1513287.0
2024-11-28T00:00:00,192.43045043945312,194.34327800762605,191.9522435474099,192.43045043945312,833783.0
2024-11-29T00:00:00,192.3348213638683,193.0043081063307,191.37840756214587,192.90866088867188,2397414.0
2024-12-02T00:00:00,191.56966898647326,198.45584477810297,191.47402177800984,197.3081512451172,1996472.0
2024-12-03T00:00:00,197.49944157930435,201.80330350234001,197.49944157930435,200.36868286132812,1533847.0
2024-12-04T00:00:00,201.8032981803479,204.28997973000898,201.6120183520006,202.09022521972656,1704597.0
2024-12-05T00:00:00,201.8989548504651,202.75972141521302,201.32510074482235,202.1858673095703,982556.0
2024-12-06T00:00:00,201.70765588095583,203.81177782515832,201.70765588095583,203.6204833984375,1029209.0
2024-12-09T00:00:00,206.48972136322817,208.11563640198577,205.7246020434782,206.3940887451172,1490855.0
2024-12-10T00:00:00,205.1507606609967,206.01152724586393,204.00306701660156,204.00306701660156,1584290.0
2024-12-11T00:00:00,203.2379229581439,205.05510325534217,202.47278903532305,203.90740966796875,1220480.0
2024-12-12T00:00:00,204.38562216661902,204.76819643540907,199.89048031277824,200.55996704101562,1862165.0
2024-12-13T00:00:00,199.89046882611098,201.42073662590226,199.22098213634555,199.41226196289062,1490091.0
2024-12-16T00:00:00,198.93406579494717,199.12534563177604,195.68226478770853,195.96917724609375,1390887.0
2024-12-17T00:00:00,195.2040614365337,198.26458266241045,195.01276700252185,196.4473876953125,1079934.0
2024-12-18T00:00:00,196.92559459290936,197.88200838810315,194.82148716222636,196.4473876953125,959565.0
2024-12-19T00:00:00,192.62173410697142,193.29123544411502,190.9958335604437,191.2827606201172,1700323.0
2024-12-20T00:00:00,189.3221023471186,190.85237021251797,187.02671514273547,190.3263397216797,5014744.0
2024-12-23T00:00:00,190.23069328767892,190.80454738798633,188.27005673134659,190.03941345214844,1164669.0
2024-12-27T00:00:00,190.32633495110386,191.56967573636172,189.8481280793674,190.947998046875,1451292.0
2024-12-30T00:00:00,190.23069987803402,190.56545054709645,188.12659242687212,189.6568603515625,1558667.0
2025-01-02T00:00:00,191.043653371271,192.62173027752718,189.8959597491105,192.43045043945312,1105669.0
2025-01-03T00:00:00,192.14352720542112,192.81302854256472,190.8045537185669,191.2827606201172,735330.0
2025-01-07T00:00:00,196.63868517399717,196.63868517399717,193.86507636876001,195.5866241455078,1499015.0
2025-01-08T00:00:00,194.72584083396046,197.78636184443508,194.34326658657906,196.16046142578125,1381588.0
2025-01-09T00:00:00,196.63869033309606,199.31663739638955,195.77790912528005,198.7427978515625,1757566.0
2025-01-10T00:00:00,198.7427898298632,200.84689726340318,194.5345603690668,194.8214874267578,1532714.0
2025-01-13T00:00:00,193.76944562182914,194.34328515716183,191.95225060898386,193.38687133789062,1402176.0
2025-01-14T00:00:00,194.91712106829286,196.25609445263876,192.43043953311863,192.62171936035156,1838983.0
2025-01-15T00:00:00,192.71736401262393,197.4037853893406,192.71736401262393,196.7342987060547,1680548.0
2025-01-16T00:00:00,198.16892570491703,199.31661928399433,196.92558491353512,197.97764587402344,1155921.0
2025-01-17T00:00:00,197.69071635987729,201.61201851590408,197.2125094917626,200.46432495117188,2819817.0
2025-01-20T00:00:00,200.75125122070312,201.61203239881183,199.3166305175717,200.75125122070312,1270734.0
2025-01-21T00:00:00,200.55996954496658,202.9510040283203,200.27304248822088,202.9510040283203,1453532.0
2025-01-22T00:00:00,202.664069064338,205.5333103324148,201.51637547585042,202.28150939941406,2038412.0
2025-01-23T00:00:00,208.88076316832624,220.07081604003906,208.68948333156962,220.07081604003906,4715461.0
2025-01-24T00:00:00,221.4097935906772,221.88800048828125,217.58413840984477,221.88800048828125,3288754.0
2025-01-27T00:00:00,218.3492728931718,219.49696653145574,216.91465219688777,218.63619995117188,2866818.0
2025-01-28T00:00:00,219.97516660157265,221.6010670881454,219.11440004800937,220.6446533203125,2363337.0
2025-01-29T00:00:00,221.6967222262554,221.88800206791547,218.92311344417655,221.31414794921875,1792001.0
2025-01-30T00:00:00,221.8879925733964,223.51389304851003,218.92310407652417,221.218505859375,2017476.0
2025-01-31T00:00:00,222.7487526808987,222.7487526808987,218.9230977471351,219.97515869140625,1461672.0
2025-02-03T00:00:00,212.22821570658232,216.14951811157982,212.13258308311677,215.38438415527344,2172398.0
2025-02-04T00:00:00,215.48001738024993,217.01027059977926,212.99333583215605,216.72335815429688,1449001.0
2025-02-05T00:00:00,215.4800264756924,215.4800264756924,211.65437137481447,213.8541259765625,1785179.0
2025-02-06T00:00:00,214.23667479630575,220.83592367352725,213.8541151430842,220.54901123046875,1473792.0
2025-02-07T00:00:00,220.64466615041366,220.93159321619103,217.39286498818154,218.25363159179688,935648.0
2025-02-10T00:00:00,218.34926633235153,219.4969599361503,218.25361911798666,219.0187530517578,1362537.0
2025-02-11T00:00:00,218.6361933817302,219.3056801011365,217.010278299823,219.0187530517578,901286.0
2025-02-12T00:00:00,219.97515625170152,223.22695707184928,219.2100223546917,222.4618377685547,1421280.0
2025-02-13T00:00:00,224.757227825875,229.73057633136403,224.6615806148459,229.4436492919922,2486196.0
2025-02-14T00:00:00,229.53930385346305,231.83469105451132,227.91340336991087,228.774169921875,2297037.0
2025-02-17T00:00:00,228.39161760955992,229.06110434862055,227.33955659552436,228.1046905517578,1238550.0
2025-02-18T00:00:00,228.1046887254596,230.59137041487983,227.53083461444993,230.304443359375,1676007.0
2025-02-19T00:00:00,230.20878607874982,230.20878607874982,222.461843481096,223.70516967773438,2211493.0
2025-02-20T00:00:00,223.60953306517982,227.72211502425515,223.60953306517982,226.7657012939453,2036745.0
2025-02-21T00:00:00,227.05262623901902,228.67854134503685,225.52237294250057,226.00057983398438,2231738.0
2025-02-24T00:00:00,226.0005764888526,226.5744159939098,222.461848462994,223.89646911621094,1927669.0
2025-02-25T00:00:00,221.79235875872698,225.2354543441497,221.12287200426053,223.41827392578125,1899162.0
2025-02-26T00:00:00,224.94851584329555,227.14827043360629,224.6615887934783,226.86134338378906,1373136.0
2025-02-27T00:00:00,224.85288882477226,225.71365540195418,221.505440545506,223.51390075683594,1747655.0
2025-02-28T00:00:00,219.97516561556756,223.80082066975135,219.97516561556756,222.55747985839844,2761670.0
2025-03-03T00:00:00,222.55746819212237,226.670050078535,221.21849483083224,223.03567504882812,2045040.0
2025-03-04T00:00:00,219.97517098129066,220.64465771336003,210.1241060577331,211.36744689941406,2709415.0
2025-03-05T00:00:00,217.77541552814301,222.55748444441193,216.72336912279354,221.12286376953125,2704614.0
2025-03-06T00:00:00,223.32261203197723,225.8092936351301,220.1664437183496,224.75723266601562,2738294.0
2025-03-07T00:00:00,222.55748696275987,223.89647503069617,219.78389279742578,223.51390075683594,2731627.0
2025-03-10T00:00:00,223.51389664643395,224.47031042292167,220.5490226955517,221.69671630859375,1935091.0
2025-03-11T00:00:00,223.32261603939375,223.89647014079296,216.62771962707788,217.10592651367188,2251619.0
2025-03-12T00:00:00,219.68824768066406,221.8880023468111,217.48849301451705,219.68824768066406,2439866.0
2025-03-13T00:00:00,218.25361121195144,219.97515885214608,215.09744297054712,218.34925842285156,1919950.0
2025-03-14T00:00:00,218.82747475108394,224.08775051628444,218.34926786333844,223.32261657714844,2105881.0
2025-03-17T00:00:00,224.08774238738067,224.56594925777895,221.12285395342508,224.27902221679688,1313144.0
2025-03-18T00:00:00,225.33108976942788,226.9569902576639,222.17492141360742,223.89646911621094,2279880.0
2025-03-19T00:00:00,222.84441784274193,224.1833913399327,221.9836512507931,222.3662109375,2830794.0
2025-03-20T00:00:00,222.55747473660242,223.80081551934185,219.30567385286741,222.6531219482422,2241697.0
2025-03-21T00:00:00,220.35772952548206,221.79235019841803,216.91464866666536,218.15798950195312,3008079.0
2025-03-24T00:00:00,220.1664502312559,220.35773006937626,217.67978314825888,219.49696350097656,1569661.0
2025-03-25T00:00:00,219.11439554604402,222.0792694091797,216.24515430149722,222.0792694091797,1653266.0
2025-03-26T00:00:00,223.60953633394874,223.60953633394874,216.81899291199733,217.4884796142578,2070748.0
2025-03-27T00:00:00,214.33232193413795,215.09744124032287,211.845640407891,214.04539489746094,2502809.0
2025-03-28T00:00:00,211.3674451423099,212.6107859736549,207.73306986365364,208.68948364257812,2233187.0
2025-03-31T00:00:00,205.53331498363985,205.53331498363985,200.27303920645886,200.84689331054688,2866156.0
2025-04-01T00:00:00,202.66406625323225,203.33356754813627,199.02970570571895,201.51637268066406,2646144.0
2025-04-02T00:00:00,198.26456993976498,199.31661629073844,194.91712187139268,198.83840942382812,2638561.0
2025-04-03T00:00:00,189.27428564361065,192.90866101120776,184.87479090912277,185.8790283203125,3420835.0
2025-04-04T00:00:00,183.8227209524623,185.35298879928226,173.54127307725182,177.36692810058594,4862284.0
2025-04-07T00:00:00,162.35122600468722,179.61449625412007,160.77314923299656,168.3288116455078,6540116.0
2025-04-08T00:00:00,172.15448360166764,173.78038413916235,168.13754856970536,170.19383239746094,3065638.0
2025-04-09T00:00:00,162.78160833912574,168.32881070143884,162.6381521220366,166.1768798828125,3137818.0
2025-04-10T00:00:00,188.98736017462483,189.36991983174823,176.8887176513672,176.8887176513672,3302719.0
2025-04-11T00:00:00,178.41898459374724,178.41898459374724,167.65933011053204,174.73678588867188,4107953.0
2025-04-14T00:00:00,180.28399602635375,180.3318196336981,176.55398815295007,178.9450225830078,2841660.0
2025-04-15T00:00:00,178.7537314493751,182.4359303770404,178.03642110713247,181.04913330078125,2041789.0
2025-04-16T00:00:00,178.17988973693286,181.71861779632866,174.06730757332537,181.6229705810547,5553330.0
2025-04-17T00:00:00,180.28400865008697,181.90990925763083,176.9365602136132,178.17990112304688,1616649.0
2025-04-22T00:00:00,179.13630567251516,183.4879913330078,177.1756544855112,183.4879913330078,2745667.0
2025-04-23T00:00:00,186.50067838709427,192.43044062732545,185.78336808560545,189.08299255371094,3949927.0
2025-04-24T00:00:00,188.74826559476784,191.5696833311246,186.9310706538975,191.0914764404297,2159867.0
2025-04-25T00:00:00,193.2912348917222,195.20406249245684,191.76096697364792,194.53456115722656,2539574.0
2025-04-28T00:00:00,194.53456469755875,197.02124646125546,193.48251825423839,195.0127716064453,2332462.0
2025-04-29T00:00:00,196.0648218860497,196.92558843733136,193.29122780417242,193.57814025878906,2078541.0
2025-04-30T00:00:00,195.15315113048482,197.2695601282666,192.88907625956293,196.97425842285156,2190034.0
2025-05-02T00:00:00,201.6008376688314,203.07740628209856,198.0570669888171,201.2070770263672,1851647.0
2025-05-05T00:00:00,201.10864475538054,201.10864475538054,198.0570636643441,199.82894897460938,1470600.0
2025-05-06T00:00:00,199.2383083404941,199.533625051619,194.61172993431003,197.8601837158203,2041021.0
2025-05-07T00:00:00,197.26955005748192,201.20706614661674,196.87580445674118,199.43519592285156,2468457.0
2025-05-08T00:00:00,200.32113044552685,203.27426750369187,199.43519533625008,201.79769897460938,1611986.0
2025-05-09T00:00:00,202.38833416763416,204.75083782669245,201.9945735441698,202.88052368164062,1589335.0
2025-05-12T00:00:00,207.80242929720433,217.25245943025357,207.6055414653309,214.39776611328125,3416132.0
2025-05-13T00:00:00,214.20089330184052,215.97276362523976,212.03524731469443,214.39776611328125,2696106.0
2025-05-14T00:00:00,214.69307566143283,214.98837735850282,211.444621809773,212.4290008544922,2188306.0
2025-05-15T00:00:00,211.1493009707703,215.2836898738039,210.26336585598878,214.2008819580078,1495996.0
2025-05-16T00:00:00,214.29932063363717,216.07120596453996,211.64150014749927,212.52743530273438,1824177.0
2025-05-19T00:00:00,211.64149273299284,212.72431568072983,210.06648026727217,212.13368225097656,1450474.0
2025-05-20T00:00:00,212.4290088520564,214.29932309926394,210.1649339598775,211.2477569580078,1981148.0
2025-05-21T00:00:00,209.96805226854786,210.26336898467994,204.55396754771084,208.1961669921875,3816765.0
2025-05-22T00:00:00,207.11334303906233,207.70397646847252,202.5852084885018,203.9633331298828,2334436.0
2025-05-23T00:00:00,203.96333184940536,206.62115222420132,197.7617409612601,201.30551147460938,1489752.0
2025-05-26T00:00:00,205.5383434450149,206.22740575849866,203.47114148413164,205.24302673339844,972430.0
2025-05-27T00:00:00,205.2430305063393,207.11334468023858,204.35709537563588,205.8336639404297,1063422.0
2025-05-28T00:00:00,205.34147964959251,207.80242732027108,204.55397339088884,207.50711059570312,1339035.0
2025-05-30T00:00:00,204.16020918302323,207.7039797750356,202.58521171357617,206.12896728515625,7234806.0
2025-06-02T00:00:00,204.35709173957386,205.73521636735467,201.99457306568002,204.4555206298828,2003720.0
2025-06-03T00:00:00,204.4555338440207,205.73522966420038,201.6008404932169,204.94772338867188,2718612.0
2025-06-04T00:00:00,205.63678450111797,210.1649342926455,205.63678450111797,209.67274475097656,2169438.0
2025-06-05T00:00:00,210.5586797504881,212.0352483743216,208.58992158537671,210.4602508544922,2505279.0
2025-06-09T00:00:00,211.5430470578262,212.33055328412198,210.06647851618357,211.0508575439453,1916545.0
2025-06-10T00:00:00,211.1493013325135,211.83836364746094,208.98367047677922,211.83836364746094,1484368.0
2025-06-11T00:00:00,211.83837351204647,212.8227525850768,210.65712162849655,210.9524383544922,1125495.0
2025-06-12T00:00:00,209.18055349728718,210.26337648826976,207.1133514310233,208.5899200439453,1139596.0
2025-06-13T00:00:00,204.35709872825907,208.39304385931538,204.35709872825907,207.2117919921875,2786913.0
2025-06-16T00:00:00,207.21179687797186,211.54305883304377,207.0149240655473,210.4602508544922,1773260.0
2025-06-17T00:00:00,208.88523848021967,211.93681964674033,207.99930331338865,209.67274475097656,2419926.0
2025-06-18T00:00:00,209.9680504896714,210.75555671920773,206.12896325334384,207.11334228515625,1325095.0
2025-06-19T00:00:00,204.65240445805978,208.29461906567607,204.65240445805978,206.2274169921875,3033168.0
2025-06-23T00:00:00,206.2274171563627,207.605541859497,203.86491337372303,205.43991088867188,1756629.0
2025-06-24T00:00:00,211.149309986906,213.11806812198205,207.900856059944,208.29461669921875,2062049.0
2025-06-25T00:00:00,209.278997252268,210.65712194843047,207.40866799841018,209.37742614746094,1478984.0
2025-06-26T00:00:00,210.2633721098447,212.03524239210842,208.2946140002785,211.14930725097656,1824864.0
2025-06-27T00:00:00,212.92119694107538,215.97276306152344,212.33056348786212,215.97276306152344,1402588.0
2025-06-30T00:00:00,217.44932650948232,217.44932650948232,211.93681283229458,213.51181030273438,1964836.0
2025-07-01T00:00:00,213.01962280273438,213.61025624753648,210.65711906439083,213.01962280273438,1150739.0
2025-07-02T00:00:00,215.18526351358113,220.10715869897476,213.9055677612924,219.5165252685547,2040822.0
2025-07-03T00:00:00,220.50090038478538,220.99308989457285,218.6305862557657,219.71339416503906,1286800.0
2025-07-04T00:00:00,218.23682775977863,219.41807959067933,217.3508926417111,218.43370056152344,944390.0
2025-07-07T00:00:00,218.3352813720703,218.6305980980252,216.7602688472662,218.3352813720703,581001.0
2025-07-08T00:00:00,219.41808122696395,220.3040313720703,216.56338802929605,220.3040313720703,1254721.0
2025-07-09T00:00:00,220.8946567692309,225.9149960223449,220.10716553146852,223.060302734375,1792068.0
2025-07-10T00:00:00,224.63530422255693,229.9509602945181,224.0446857837387,229.45877075195312,1751591.0
2025-07-11T00:00:00,228.27749306364504,229.65563273006794,226.1118621826172,226.1118621826172,1433230.0
2025-07-14T00:00:00,224.73373614716047,225.6196712683296,223.55248431212428,224.24154663085938,1249256.0
2025-07-15T00:00:00,225.521240234375,227.98218779249595,225.4227963238774,225.521240234375,1663761.0
2025-07-16T00:00:00,224.14310873252367,233.59315370719403,218.33527829253677,230.93533325195312,3716076.0
2025-07-17T00:00:00,234.77440811430773,237.82598923843193,232.21501652501436,235.46347045898438,2064273.0
2025-07-18T00:00:00,237.3337924670781,240.1884856738817,232.90408678866635,233.4947052001953,2010316.0
2025-07-21T00:00:00,234.7743967926153,236.15252141551034,233.98689057077593,235.26658630371094,1321956.0
2025-07-22T00:00:00,235.26658690305794,235.26658690305794,231.7228164059688,232.90408325195312,1059123.0
2025-07-23T00:00:00,234.28221054813784,237.62909326208126,233.88846494194405,237.43222045898438,1352731.0
2025-07-24T00:00:00,240.28692651397174,240.77911602750265,238.02285174764307,238.7119140625,1025839.0
2025-07-25T00:00:00,238.12128776614125,240.97599604233417,236.25097356690952,240.68067932128906,1478765.0
2025-07-28T00:00:00,245.11037786431368,245.70101128902698,235.95564990384932,237.92440795898438,1022106.0
2025-07-29T00:00:00,238.21972706032741,244.02755737304688,238.12128314841064,244.02755737304688,633941.0
2025-07-30T00:00:00,238.8103694827565,240.87755652695455,237.4322297661918,238.1212921142578,929256.0
2025-07-31T00:00:00,238.5150515831086,240.38536580729271,234.87285202944693,235.46347045898438,1452589.0
2025-08-01T00:00:00,233.10096638763693,233.69158481638303,227.88375432133415,229.6556396484375,1503148.0
2025-08-04T00:00:00,231.4275192732741,231.4275192732741,228.08062151111542,228.76968383789062,1197462.0
2025-08-05T00:00:00,229.85250438357835,232.80564148486627,229.1634420640309,231.6243896484375,1276156.0
2025-08-06T00:00:00,232.8056456996746,234.47908708328137,228.5728127737759,229.85250854492188,1407112.0
2025-08-07T00:00:00,230.73844062539519,237.13690437589943,230.73844062539519,235.06971740722656,1481061.0
2025-08-08T00:00:00,235.06971878298677,237.2353496763609,234.57752926083666,236.94003295898438,981470.0
2025-08-11T00:00:00,233.8884625199746,235.56190385961747,231.32907104492188,231.32907104492188,1410449.0
2025-08-12T00:00:00,231.91971350239885,234.28221724798706,231.6243967790922,233.59315490722656,973333.0
2025-08-13T00:00:00,234.77440866735162,234.9712814776612,233.69158568,233.8884735107422,835100.0
2025-08-14T00:00:00,233.39628194731264,235.5619128827711,233.1009652241973,234.3806610107422,949421.0
2025-08-15T00:00:00,236.0540963142539,238.0228543902353,235.36503399174686,235.8572235107422,1513486.0
2025-08-18T00:00:00,235.8572259521776,236.1525276502859,232.2150114575646,233.0025177001953,1195671.0
2025-08-19T00:00:00,233.8884759516658,238.51505463417192,232.90409686941206,238.41661071777344,1137774.0
2025-08-20T00:00:00,236.4478453167123,238.7119201406898,235.85722689769574,237.2353515625,1025107.0
2025-08-21T00:00:00,237.03847154774158,238.12127945989286,234.38065119191154,235.26658630371094,1393872.0
2025-08-22T00:00:00,234.47909222930588,239.69630432128906,234.47909222930588,239.69630432128906,1803118.0
2025-08-25T00:00:00,238.41660327845798,239.69629904954405,237.23535142069863,238.02285766601562,802665.0
2025-08-26T00:00:00,236.84161173145293,239.4009883172005,235.66034482371887,237.33380126953125,2481635.0
2025-08-27T00:00:00,237.23535751570915,238.416609403817,235.16815544619587,236.54629516601562,2205295.0
2025-08-28T00:00:00,237.6291046142578,238.90880042617022,236.2509799063108,237.6291046142578,1047159.0
2025-08-29T00:00:00,236.25097114436068,237.03847738559497,234.67595866189203,235.3650360107422,1704584.0
2025-09-01T00:00:00,235.26658630371094,236.54628203664595,234.7743967926153,235.26658630371094,749414.0
2025-09-02T00:00:00,235.56190385961747,236.74315568639875,231.13219824386363,231.32907104492188,1672244.0
2025-09-03T00:00:00,232.3134589693672,235.3650400741717,232.11658616076778,234.3806610107422,1716638.0
2025-09-04T00:00:00,234.7744005607796,237.43222095926805,234.38065495375616,235.8572235107422,933880.0
2025-09-05T00:00:00,237.23535142069863,239.7947429628708,236.5462890887084,238.02285766601562,1508999.0
2025-09-08T00:00:00,240.18848350935377,243.7322540283203,238.7119149631897,243.7322540283203,1087106.0
2025-09-09T00:00:00,243.7322634951522,245.0119442685197,241.96037816684694,243.63381958007812,1788937.0
2025-09-10T00:00:00,245.3072494409792,245.99631175274976,243.24006250566754,244.2244415283203,2097686.0
2025-09-11T00:00:00,244.8150653626422,246.09476112457642,242.35411775139642,245.11038208007812,1687494.0
2025-09-12T00:00:00,245.60256756591798,246.39007379266062,244.32287182501517,246.09475708007812,1147126.0
2025-09-15T00:00:00,251.90259963473386,253.57605608090785,249.54009585962058,251.31198120117188,3193576.0
2025-09-16T00:00:00,252.09948042296057,252.69011386045355,248.5557098388672,248.5557098388672,1460507.0
2025-09-17T00:00:00,248.75259048156676,249.73696956144664,248.16197204589844,248.16197204589844,1384622.0
2025-09-18T00:00:00,251.410401767417,254.8557284205672,251.016656158087,253.2807159423828,2058948.0
2025-09-19T00:00:00,254.36353687210428,255.4463598197829,252.7885244064684,253.7729034423828,2709844.0
2025-09-22T00:00:00,255.15106599321692,255.15106599321692,251.50885143167636,253.37916564941406,1394204.0
2025-09-23T00:00:00,253.37916067351608,259.0885771702717,252.49322553944532,258.3010559082031,2942859.0
2025-09-24T00:00:00,257.7104172928358,257.7104172928358,254.46197851956984,255.84010314941406,2691699.0
2025-09-25T00:00:00,255.8401075678215,256.52918491507603,252.09947921637664,254.0682373046875,2278892.0
2025-09-26T00:00:00,254.65887747827213,258.6948076334188,254.46198964788513,256.8244934082031,2894308.0
2025-09-29T00:00:00,258.3995021402167,259.77762681012496,256.2338562011719,256.2338562011719,2258863.0
2025-09-30T00:00:00,254.36353599872757,257.7104187011719,254.06823430531284,257.7104187011719,3039999.0
2025-10-01T00:00:00,256.922941072949,258.59639753306544,255.15107073706804,257.4151306152344,2175304.0
2025-10-02T00:00:00,259.08857662278103,261.94326984469427,258.8916887974638,261.4510803222656,2859108.0
2025-10-03T00:00:00,262.8292191767657,265.78235647088667,262.14014179179105,265.38861083984375,1316444.0
2025-10-06T00:00:00,264.0104615197699,266.56982290359275,262.6323068781875,265.4870300292969,1443509.0
2025-10-07T00:00:00,265.5854423000976,265.9792179329607,259.1869787972923,262.8291931152344,2274665.0
2025-10-08T00:00:00,269.91674072080457,269.91674072080457,265.2901472861113,267.16046142578125,2437380.0
2025-10-09T00:00:00,268.04640673045856,270.0151648556646,264.60108001134796,264.69952392578125,1384584.0
2025-10-10T00:00:00,264.8964028964788,268.9323629263612,262.238567499983,262.4354553222656,2335720.0
2025-10-13T00:00:00,263.61671284857755,265.1917254280125,262.2385881068968,263.3214111328125,1605896.0
2025-10-14T00:00:00,260.565153901444,263.71514892578125,259.08858528479254,263.71514892578125,1683681.0
2025-10-15T00:00:00,266.7667352111846,267.7511143079048,265.191722648259,266.963623046875,2193203.0
2025-10-16T00:00:00,267.3573605319346,268.932373046875,265.88079193184024,268.932373046875,1739658.0
2025-10-17T00:00:00,266.5698262280639,270.2120406133322,264.6995121008438,266.07763671875,2981143.0
2025-10-20T00:00:00,266.27453029134404,276.80739803455623,258.5963857965161,275.1339416503906,4459302.0
2025-10-21T00:00:00,277.5948869619611,279.2683433323327,274.8386376893227,277.2011413574219,3077272.0
2025-10-22T00:00:00,277.20113376548863,278.57925836406406,275.133931847194,276.0198669433594,2257129.0
2025-10-23T00:00:00,276.41361389411713,280.74490556927947,276.31520002584256,280.2527160644531,1989641.0
2025-10-24T00:00:00,282.4183387396193,283.5996055963182,280.64646849543504,283.00897216796875,1867695.0
2025-10-27T00:00:00,284.38709680687475,285.76522144578075,283.00897216796875,283.00897216796875,1501021.0
2025-10-28T00:00:00,281.5324180586167,285.3714904785156,281.2371163497266,285.3714904785156,1844225.0
2025-10-29T00:00:00,284.48555939651465,284.5840033145136,280.5480430034833,284.3871154785156,1443835.0
2025-10-30T00:00:00,284.2886624894482,284.8792959377302,282.71368001518294,283.69805908203125,973873.0
2025-10-31T00:00:00,284.19023498824345,284.4855366777919,282.12303303881345,283.99334716796875,971390.0
2025-11-03T00:00:00,282.91053054411276,282.91053054411276,279.7605356355509,280.9417724609375,1653173.0
2025-11-04T00:00:00,275.9214457110461,278.5792812588371,274.54332099921083,276.41363525390625,1575187.0
2025-11-05T00:00:00,274.64176677486023,284.7808594100589,273.85427551730015,283.3042907714844,2352915.0
2025-11-06T00:00:00,282.5167962494833,285.1746317845529,281.92616279270504,282.71368408203125,1302982.0
2025-11-07T00:00:00,283.0089665944624,285.1746124421393,279.4651961350199,281.33551025390625,1503045.0
2025-11-10T00:00:00,284.6824431441502,286.1590117703318,284.19025360208974,285.3714904785156,1098772.0
2025-11-11T00:00:00,285.86368341336464,288.12777335823387,284.38711476965835,287.5371398925781,1370674.0
2025-11-12T00:00:00,288.52149549287407,290.1949217949475,287.34022865775813,288.7183532714844,1189427.0
2025-11-13T00:00:00,288.91525945543026,290.1949402407606,283.59961844125473,284.2886657714844,1634783.0
2025-11-14T00:00:00,282.91053780403354,283.796472956024,279.0714654514981,283.69805908203125,1521451.0
2025-11-17T00:00:00,283.10741455776696,283.30427233891595,279.56364404758256,280.35113525390625,1474781.0
2025-11-18T00:00:00,275.4292593954897,276.51208241064296,271.68863084226865,272.7714538574219,2519077.0
2025-11-19T00:00:00,272.67299806879066,276.11832475919056,271.1964294871907,274.1495666503906,1938571.0
2025-11-20T00:00:00,277.98864276512643,278.0870866800889,274.7402038574219,274.7402038574219,1384249.0
2025-11-21T00:00:00,269.4245709349295,273.36208732394783,268.4401918376749,272.7714538574219,2153908.0
2025-11-24T00:00:00,275.6261251320618,278.1855165878894,272.8698758970867,276.6105041503906,2654837.0
2025-11-25T00:00:00,277.2011391063296,279.8589444460338,275.62612666009915,279.2683410644531,1106378.0
2025-11-26T00:00:00,281.23711953439727,282.1230547119652,279.9574086860294,281.72930908203125,1667837.0
2025-11-27T00:00:00,281.7293094375896,282.31991286280305,279.5636634089206,280.154296875,1066319.0
2025-11-28T00:00:00,280.15429483033705,280.7449282921057,279.46521745146254,280.646484375,1840903.0
2025-12-01T00:00:00,279.66209346164555,282.02459716796875,277.6933353662322,282.02459716796875,1636390.0
2025-12-02T00:00:00,281.8277258490801,284.09181581593475,280.7449328658738,283.8949279785156,1518898.0
2025-12-03T00:00:00,284.5840029578861,286.8480628646955,283.6980677787375,285.9621276855469,1527649.0
2025-12-04T00:00:00,287.93087595609614,289.4074445507428,285.96211782990065,286.8480529785156,1613638.0
2025-12-05T00:00:00,287.6355821098748,287.6355821098748,284.38711308840584,286.4543151855469,1942235.0
2025-12-08T00:00:00,287.04494050682644,289.8011898642673,286.2574192326541,288.4230651855469,1255403.0
2025-12-09T00:00:00,288.4230522891531,289.1121296181347,286.4542942530496,287.14337158203125,1900338.0
2025-12-10T00:00:00,287.7339711565288,288.2261606590482,284.5839763649222,286.552734375,1683350.0
2025-12-11T00:00:00,288.0293311304881,289.4074558645269,286.0605729273281,288.6199645996094,1407534.0
2025-12-12T00:00:00,290.2933625778026,291.6714871766844,285.6667992786376,286.552734375,1884063.0
2025-12-15T00:00:00,287.24180609701455,288.816818647276,285.96212529791404,288.0293273925781,2887217.0
2025-12-16T00:00:00,286.35586922759217,287.0449466020169,284.7808566866682,286.9465026855469,2459409.0
2025-12-17T00:00:00,286.94648882528463,287.83242394899094,279.6620899713405,279.85894775390625,2126290.0
2025-12-18T00:00:00,280.6464743509175,290.8840105060716,280.252728737424,290.4902648925781,2919786.0
2025-12-19T00:00:00,290.8840142698827,292.06528116651253,288.9152561360764,291.0809020996094,3213548.0
2025-12-22T00:00:00,291.76994333798905,293.7387014307432,289.5058835476676,292.5574645996094,1327377.0
2025-12-23T00:00:00,292.6558878670423,293.3449652379743,291.4746509979858,291.6715087890625,1124009.0
2025-12-29T00:00:00,293.0496571246298,295.11682911050497,292.2621358549426,294.72308349609375,1233415.0
2025-12-30T00:00:00,294.2309014552426,297.1840386997734,293.44341020638063,295.90435791015625,1571854.0
