timestamp,open,high,low,close,volume
2018-01-02T00:00:00,56.69497230694687,56.98933871665756,56.53012334450194,56.76561737060547,4955790.0
2018-01-03T00:00:00,56.871591912015724,57.03643638989944,56.447703545071796,56.83626937866211,5220300.0
2018-01-04T00:00:00,57.095315030995486,58.1432588084843,57.03643815135431,57.79001998901367,6462770.0
2018-01-05T00:00:00,58.04905532271446,58.2374496459961,57.71936637989033,58.237449645996094,3031849.0
2018-01-08T00:00:00,58.41407811668352,58.53182289811857,58.1432615260425,58.461177825927734,6476124.0
2018-01-09T00:00:00,58.47295212462077,59.78582848314251,58.42585241407388,59.726951599121094,6648479.0
2018-01-10T00:00:00,59.63863542805731,60.22736823784396,59.34426902316399,60.16849136352539,6621845.0
2018-01-11T00:00:00,60.08018567593968,60.22736887995553,59.28539278091415,59.93300247192383,5065749.0
2018-01-12T00:00:00,60.021318052525686,60.021318052525686,59.31484036102492,59.726951599121094,4467612.0
2018-01-15T00:00:00,59.81526012823758,59.81526012823758,58.932160802057865,59.43258285522461,4596394.0
2018-01-16T00:00:00,59.37370358194565,59.49145284012419,58.961592407508064,59.28539276123047,4823543.0
2018-01-17T00:00:00,59.25595913662353,59.46201472495919,58.96159272709403,59.16764831542969,4450706.0
2018-01-18T00:00:00,59.07934343820529,59.66807631649667,58.720216023113515,59.52089309692383,5315008.0
2018-01-19T00:00:00,58.84974497338902,59.020478067398074,57.943095694000945,58.873294830322266,10786708.0
2018-01-22T00:00:00,58.790865624373694,60.31568162415212,58.68489352654417,60.25680923461914,7079162.0
2018-01-23T00:00:00,60.40399165007621,60.46286403882536,59.314836737353176,59.66807556152344,8454418.0
2018-01-24T00:00:00,59.55033229472765,59.66807707521296,59.34427668304062,59.37371063232422,5293299.0
2018-01-25T00:00:00,58.96158785912326,58.96158785912326,58.01372773936125,58.08437728881836,7147205.0
2018-01-26T00:00:00,58.14325576993004,59.079338817191456,57.648717855175384,58.93215560913086,5048390.0
2018-01-29T00:00:00,58.93215163641344,59.197084088068,58.64956241132493,58.991024017333984,5125497.0
2018-01-30T00:00:00,58.93214900881542,58.99102138711103,58.34341624251022,58.425838470458984,5975766.0
2018-01-31T00:00:00,59.75638239392677,60.28624284058232,58.60246658325195,58.60246658325195,9035304.0
2018-02-01T00:00:00,58.87328782913839,59.87413192556358,58.861515147909735,59.52089309692383,8341722.0
2018-02-02T00:00:00,59.314832848423436,59.314832848423436,58.46117203834195,58.93215560913086,8210247.0
2018-02-05T00:00:00,58.34342041145515,58.46116966813472,57.21305449738046,57.27192687988281,7371270.0
2018-02-06T00:00:00,54.752150541627415,56.35350448043761,54.62262860662441,55.03474426269531,12849743.0
2018-02-07T00:00:00,55.84719778928898,56.62432496158846,55.234915094193155,56.565452575683594,8678076.0
2018-02-08T00:00:00,56.53012589048162,56.859819338545144,55.80009841918945,55.80009841918945,6587531.0
2018-02-09T00:00:00,55.599930775305786,56.28285853315491,54.964098230922914,55.31733703613281,7161378.0
2018-02-12T00:00:00,56.09446618525517,56.471254856342135,55.16426718840132,55.564605712890625,5918800.0
2018-02-13T00:00:00,55.564601403456884,55.64702363813501,54.91699620598231,55.02296829223633,6047574.0
2018-02-14T00:00:00,55.92962311582897,56.718523012195426,55.517511900066694,56.63610076904297,8788399.0
2018-02-15T00:00:00,57.11885842917999,57.48387440870025,56.4830303726618,56.73029708862305,7734745.0
2018-02-16T00:00:00,57.23660868569801,57.35435345962457,56.77739777903912,57.26015853881836,5737540.0
2018-02-19T00:00:00,57.495656977243186,57.731146543113226,57.34258516608722,57.57807922363281,3464271.0
2018-02-20T00:00:00,57.58985022682696,58.07261100947159,57.42500573885203,57.93131637573242,4743863.0
2018-02-21T00:00:00,57.813557456670424,58.213895928519406,57.44854600611746,58.072601318359375,4561293.0
2018-02-22T00:00:00,57.507436400963826,57.62518119770309,56.98935300696454,57.54275894165039,5838822.0
2018-02-23T00:00:00,57.4956598945989,57.60162750961193,57.13064386229838,57.37791061401367,3767327.0
2018-02-26T00:00:00,57.56629233295633,57.82533620169659,57.31902563552688,57.55451965332031,4030950.0
2018-02-27T00:00:00,57.67227456620451,58.355206888828214,57.61340217431381,58.119712829589844,6471097.0
2018-02-28T00:00:00,57.97842091207107,58.27278737701692,57.55453248388093,57.64872741699219,6358168.0
2018-03-01T00:00:00,57.40144326633415,57.71935949111786,57.15417658872719,57.29547119140625,5087642.0
2018-03-02T00:00:00,56.85981607558918,57.071760247297696,55.800095217046604,56.118011474609375,6856337.0
2018-03-05T00:00:00,55.800099400389755,56.40060942914252,55.800099400389755,56.329959869384766,6177972.0
2018-03-06T00:00:00,56.77739623167542,57.00111309270898,56.51835234608649,56.57722473144531,4914833.0
2018-03-07T00:00:00,56.518356779070466,57.22483444213867,56.377062144791914,57.22483444213867,6066385.0
2018-03-08T00:00:00,57.33080444934879,58.1314815005111,57.295481914986574,58.013736724853516,6153610.0
2018-03-09T00:00:00,57.91954211780566,58.03729139491068,57.42500862899152,57.73114776611328,7075827.0
2018-03-12T00:00:00,58.072601108476,58.22567288907304,57.75468486800893,57.96662902832031,3719450.0
2018-03-13T00:00:00,58.06083852507367,58.237455694927675,56.824495877718434,57.05998992919922,5479735.0
2018-03-14T00:00:00,57.77823665921186,58.26099737576667,57.366125495692444,57.49564743041992,6656579.0
2018-03-15T00:00:00,57.60163134002003,57.636958372382665,57.1188704867073,57.54275894165039,6536654.0
2018-03-16T00:00:00,57.684047759672076,58.190353888339885,57.401454009748505,58.013736724853516,8509109.0
2018-03-19T00:00:00,57.96663302550331,58.16680452034483,56.64787276393109,56.70674514770508,4790854.0
2018-03-20T00:00:00,56.87158547450347,57.00110740437249,56.0002634781249,56.271080017089844,5354769.0
2018-03-21T00:00:00,56.34172211660618,56.37704913578068,55.49395001488294,55.823638916015625,5868675.0
2018-03-22T00:00:00,55.517505106213356,55.541050465653846,53.96325086600127,54.32826232910156,9093651.0
2018-03-23T00:00:00,53.916153475940966,54.83457525045018,53.75130900273932,54.62263107299805,7150718.0
2018-03-26T00:00:00,54.75215045795835,55.03474417859441,54.069218253231526,54.2222900390625,7624648.0
2018-03-27T00:00:00,55.258389662665095,55.55980116876536,54.0778712445502,54.253692626953125,12580427.0
2018-03-28T00:00:00,53.801576020267454,54.228572845458984,53.223875842294554,54.228572845458984,13015590.0
2018-03-29T00:00:00,54.3164880905015,55.22071786459325,54.29137006446855,54.9067497253418,3685945.0
2018-04-03T00:00:00,54.63045550592591,54.63045550592591,53.525286328987136,53.66343307495117,9279418.0
2018-04-04T00:00:00,53.8643721858191,53.8643721858191,52.65873570365675,53.71366882324219,6559943.0
2018-04-05T00:00:00,54.379282355044246,54.71836853027344,54.16578631366313,54.71836853027344,5830331.0
2018-04-06T00:00:00,54.39184291827311,54.39184291827311,53.72622719615992,53.73878860473633,5562536.0
2018-04-09T00:00:00,54.12810766140777,54.203461742807065,53.21132122953187,53.55040740966797,7278901.0
2018-04-10T00:00:00,53.86437394585838,53.96484605137497,53.26155568507989,53.73878860473633,5265838.0
2018-04-11T00:00:00,53.57551945735828,53.60063748168801,52.16894363030626,52.29452896118164,6677305.0
2018-04-12T00:00:00,52.47036303043149,52.88480334594263,52.26942357797064,52.72153854370117,3763842.0
2018-04-13T00:00:00,52.99782127927854,53.299228001115296,52.533149788495685,52.68385314941406,9671650.0
2018-04-16T00:00:00,52.683843270905896,53.23642535117677,52.683843270905896,52.9099006652832,3992840.0
2018-04-17T00:00:00,53.0480622326597,53.537851793991955,52.88479744862432,53.46249771118164,6461057.0
2018-04-18T00:00:00,53.68855303875165,53.68855303875165,53.01038069268699,53.336910247802734,2012621.0
2018-04-19T00:00:00,53.4122637651674,53.58808517456055,53.11085700357175,53.58808517456055,5833249.0
2018-04-20T00:00:00,53.68855185912596,53.927165920488015,53.3745837195989,53.77646255493164,9072990.0
2018-04-23T00:00:00,53.88949269047704,54.429518287891966,53.8392566370492,54.416961669921875,5459864.0
2018-04-24T00:00:00,54.630451345223555,54.869065385041594,54.15321847481431,54.27880859375,5305643.0
2018-04-25T00:00:00,54.31648714638434,54.404397840584814,52.809439146017816,53.29922866821289,7036541.0
2018-04-26T00:00:00,53.299226916286486,54.077871311859106,53.23643424974634,53.83925247192383,5661523.0
2018-04-27T00:00:00,53.91461162666961,54.26625442504883,53.78902628175527,54.26625442504883,4434602.0
2018-04-30T00:00:00,52.457799046979446,52.97270662105487,51.56613065127361,51.804744720458984,10580098.0
2018-05-02T00:00:00,52.16894963876579,53.223882828248044,52.16894963876579,53.19876480102539,10411665.0
2018-05-03T00:00:00,53.098292171453124,53.098292171453124,52.04335899231553,52.168949127197266,5830094.0
2018-05-04T00:00:00,52.13126413883404,52.70896911621094,51.95544275950017,52.70896911621094,5281648.0
2018-05-07T00:00:00,52.746645955123284,53.0354960604609,52.19406376979568,52.985260009765625,3638687.0
2018-05-08T00:00:00,52.9224764012715,53.06062316894531,52.54571553810841,53.06062316894531,5725106.0
2018-05-09T00:00:00,52.922465607544055,54.09042739868164,52.922465607544055,54.09042739868164,5174923.0
2018-05-11T00:00:00,54.21601937618911,54.36672754180973,53.34946898235313,53.46249771118164,5956877.0
2018-05-14T00:00:00,53.462492770061395,53.650875564289464,52.432677687367786,52.68385314941406,5490244.0
2018-05-15T00:00:00,52.63361723644565,53.06061408580854,52.54570654311566,52.985260009765625,5349559.0
2018-05-16T00:00:00,52.82200137129582,52.872232632492015,51.7796248514037,52.19406509399414,6121341.0
2018-05-17T00:00:00,52.2317461930512,52.796889870625115,52.2317461930512,52.78432846069336,7839136.0
2018-05-18T00:00:00,52.7843270456617,53.11085662429495,52.45780225780251,52.62106704711914,6689943.0
2018-05-21T00:00:00,52.834555887692915,53.17364203884334,52.708970553536496,52.872230529785156,4280794.0
2018-05-22T00:00:00,53.211311225260154,53.55039734164459,53.0354898591585,53.47504806518555,6863890.0
2018-05-23T00:00:00,53.37459296189255,53.37459296189255,52.52059909124032,52.72153854370117,6261129.0
2018-05-24T00:00:00,52.77175976658717,52.9978171858915,52.0307948457059,52.319644927978516,5862179.0
2018-05-25T00:00:00,52.545709189227,52.545709189227,51.892654869622156,52.0559196472168,4793174.0
2018-05-28T00:00:00,52.55826357221616,52.55826357221616,51.69171324941356,51.86753463745117,3016804.0
2018-05-29T00:00:00,51.553570489614756,51.64148119042943,50.27257983246306,50.800048828125,6029598.0
2018-05-30T00:00:00,51.02610936823534,51.02610936823534,50.272582870436075,50.6870231628418,5411050.0
2018-05-31T00:00:00,50.92562664212043,51.051216760974654,49.85813698111197,49.88325500488281,15263431.0
2018-06-01T00:00:00,50.37305393711823,50.88796154403983,49.996293091454085,50.624229431152344,6742728.0
2018-06-04T00:00:00,50.92563159204335,51.12657101096806,50.410724031625435,50.51119613647461,5467350.0
2018-06-05T00:00:00,50.41072366620069,50.762366449076474,49.93349075317383,49.93349075317383,7013825.0
2018-06-06T00:00:00,49.93349075317383,49.93349075317383,49.93349075317383,49.93349075317383,0.0
2018-06-07T00:00:00,50.712138184144344,50.91307761348507,50.14699454200672,50.23490524291992,11271311.0
2018-06-08T00:00:00,49.97116979884958,50.43584129985956,49.707437713744476,50.39816665649414,6218012.0
2018-06-11T00:00:00,51.05122014518659,51.51589163881761,50.975866068878794,51.50333023071289,6439462.0
2018-06-12T00:00:00,51.85497718793519,51.85497718793519,51.4656549844041,51.60380172729492,5150748.0
2018-06-13T00:00:00,51.61635874251743,51.66659479318756,50.87539376284007,51.05121994018555,6370468.0
2018-06-14T00:00:00,51.20192626499209,52.23174140946826,51.13913359340671,52.15638732910156,9887203.0
2018-06-15T00:00:00,52.08103761234751,52.23174098107111,51.18936443636303,51.905216217041016,13628043.0
2018-06-18T00:00:00,51.79219389293137,52.043364608250776,51.302399500200195,51.47822570800781,6487828.0
2018-06-19T00:00:00,50.862840030609696,52.06847657043845,50.51119723751975,52.00568389892578,8316205.0
2018-06-20T00:00:00,52.03080337379315,52.683857715402794,51.66659916179998,52.08103942871094,8570635.0
2018-06-21T00:00:00,52.03080337327562,52.20662477471225,51.23960227603685,51.36519241333008,4971132.0
2018-06-22T00:00:00,51.36519241333008,51.36519241333008,51.36519241333008,51.36519241333008,0.0
2018-06-25T00:00:00,51.17680685997136,51.79218652279239,51.00098546795782,51.427982330322266,5015053.0
2018-06-26T00:00:00,51.49077651114827,51.90521676800453,51.32751173201334,51.6540412902832,5526239.0
2018-06-27T00:00:00,51.51588734412895,52.64616964987749,50.81259706287403,52.319644927978516,7650048.0
2018-06-28T00:00:00,52.118714985682146,52.74665131081085,51.90521893470989,52.64617919921875,8595241.0
2018-06-29T00:00:00,53.12340054220933,53.475048065185554,52.80943244823555,53.47504806518555,7824950.0
2018-07-02T00:00:00,53.13596748562227,53.17364212777752,52.39500251500393,52.935028076171875,5421394.0
2018-07-03T00:00:00,53.12341615934378,53.44994575590198,52.583390495691184,53.0103874206543,7063692.0
2018-07-04T00:00:00,52.88479308835186,53.23643586425974,52.58338157273546,52.99782180786133,4191007.0
2018-07-05T00:00:00,53.12341083377337,53.826701225200885,52.947589433609956,53.50017166137695,6732239.0
2018-07-06T00:00:00,53.60063711930884,53.663429784322005,52.80943612597786,53.412254333496094,5310483.0
2018-07-09T00:00:00,53.65087212461961,53.977396850804155,53.42481470234832,53.91460418701172,4255522.0
2018-07-10T00:00:00,53.91461606492732,54.52999101274869,53.86438000651662,54.077880859375,4101210.0
2018-07-11T00:00:00,53.851816657485045,53.92716594491055,53.06061560410194,53.21131896972656,4593193.0
2018-07-12T00:00:00,53.37458480768421,53.46249550528203,52.7968845689632,53.274112701416016,5061063.0
2018-07-13T00:00:00,53.31179222119585,53.51273164327719,53.07317336381733,53.336910247802734,4575756.0
2018-07-16T00:00:00,53.38714262868974,53.96484767120336,53.14852855708603,53.55040740966797,4111548.0
2018-07-17T00:00:00,55.88631850131644,56.97892608340896,55.27093895369902,55.836082458496094,17530970.0
2018-07-18T00:00:00,56.237973445698096,56.25053485452041,55.170483652942536,55.79841995239258,9054527.0
2018-07-19T00:00:00,55.94912719726562,56.17518466398379,55.76074916884988,55.949127197265625,6249902.0
2018-07-20T00:00:00,55.886327647891854,56.79055740355695,55.67283161712288,56.62729263305664,6545417.0
2018-07-23T00:00:00,56.627292466982304,57.3431394245266,56.300767717712816,56.97893524169922,4271855.0
2018-07-24T00:00:00,57.26779246374885,58.37296176688602,57.23011781628336,58.0966682434082,5116257.0
2018-07-25T00:00:00,58.27249444338669,58.837633318465365,58.00875753880601,58.0966682434082,4449299.0
2018-07-26T00:00:00,58.48599137692646,58.686930817711854,58.134348553245545,58.42319869995117,3850367.0
2018-07-27T00:00:00,58.63668868485311,59.026010907003354,58.57389601438337,58.79995346069336,3547701.0
2018-07-30T00:00:00,58.74971047402794,58.92553184690122,58.511096438096075,58.762271881103516,2247772.0
2018-07-31T00:00:00,58.71204017450294,59.33997643305377,58.71204017450294,59.07624435424805,3420719.0
2018-08-01T00:00:00,59.139045931406365,59.339985372783765,58.67437437149128,58.78740310668945,2632651.0
2018-08-02T00:00:00,58.69948608314896,58.81251480618275,58.41063117590532,58.64925003051758,2807939.0
2018-08-03T00:00:00,58.81251943297819,59.20183689456498,58.64925464446894,58.912986755371094,2235442.0
2018-08-06T00:00:00,59.02601291734283,59.051130944540944,58.47343069130586,58.6241340637207,2772230.0
2018-08-07T00:00:00,58.77483245401951,59.10136198914249,58.53621840202459,59.063682556152344,3298135.0
2018-08-08T00:00:00,58.97577400583591,59.16415680530854,58.78739599713688,59.10136413574219,2809464.0
2018-08-09T00:00:00,59.113917780772034,59.96791145809685,58.9757710402087,59.93023681640625,4268406.0
2018-08-10T00:00:00,59.591150662868706,59.66649994624231,59.1515924165048,59.36509323120117,3546687.0
2018-08-13T00:00:00,59.088805902935135,59.52836419506962,58.950659148000696,59.28974533081055,2236290.0
2018-08-14T00:00:00,59.28974390480142,59.55347599927463,58.799954360558665,59.12648391723633,3190302.0
2018-08-15T00:00:00,59.31485289589916,59.653939018899344,58.90041749496982,59.20182418823242,3154131.0
2018-08-16T00:00:00,59.628828866793405,60.332119228526345,59.36509677768367,60.13117980957031,3150222.0
2018-08-17T00:00:00,60.28187689798915,60.33211294518969,59.80464403113025,60.14373016357422,3159895.0
2018-08-20T00:00:00,60.09349466266637,60.771666933719374,60.00558397465282,60.457698822021484,3266369.0
2018-08-21T00:00:00,60.457702927116834,61.173549887132374,60.34467420759999,60.97261047363281,4050159.0
2018-08-22T00:00:00,60.97261196285622,61.81404907109409,60.9474939367086,61.76381301879883,8030569.0
2018-08-23T00:00:00,61.60054205957343,61.78892484138033,61.21122467030646,61.274017333984375,3982491.0
2018-08-24T00:00:00,61.06051302219037,61.487509817762586,61.0479564064851,61.223777770996094,3379072.0
2018-08-27T00:00:00,61.34936609684402,61.788924320429764,61.34936609684402,61.52519226074219,3544938.0
2018-08-28T00:00:00,61.525205640412885,61.55031887851509,61.08564732123794,61.28658676147461,4297152.0
2018-08-29T00:00:00,61.08564104856902,61.95219618811018,61.07308443080732,61.864280700683594,4455659.0
2018-08-30T00:00:00,61.77636269508646,62.040099544615394,61.47495599672924,61.726131439208984,4904251.0
2018-08-31T00:00:00,61.62567296514415,61.864287053308274,61.28658676147461,61.28658676147461,5614785.0
2018-09-03T00:00:00,61.236339659226616,61.55030777739298,61.047961662790776,61.299137115478516,3091825.0
2018-09-04T00:00:00,61.286581436287314,61.37449213432892,60.520498389832994,61.060523986816406,3317517.0
2018-09-05T00:00:00,60.96005097296606,61.751247181388514,60.96005097296606,61.299137115478516,5988671.0
2018-09-06T00:00:00,61.16098789132283,62.07777418421677,61.09819522839617,61.726131439208984,3738363.0
2018-09-07T00:00:00,61.71356891493774,61.864272261388116,60.5958432464492,61.09819412231445,3994307.0
2018-09-10T00:00:00,60.90981598708557,62.291273814813216,60.8595799375168,61.92707443237305,4955501.0
2018-09-11T00:00:00,61.90196136184698,61.927079388641666,60.47026736996644,60.85958480834961,5464576.0
2018-09-12T00:00:00,60.9098245777252,60.972617253155676,60.36979894562984,60.55818176269531,3849097.0
2018-09-13T00:00:00,60.62096732870909,61.14843148939476,60.533056635261474,60.87214279174805,3000010.0
2018-09-14T00:00:00,61.08564307319838,61.148435745635446,60.63352816641348,61.12331771850586,2783776.0
2018-09-17T00:00:00,60.93493782623521,61.34937328418672,60.54561560386675,60.796791076660156,3598260.0
2018-09-18T00:00:00,60.79678748925893,60.98517028043161,59.82976509006773,60.030704498291016,4586358.0
2018-09-19T00:00:00,60.005592346191406,60.520499929581135,59.9176816459132,60.005592346191406,3822564.0
2018-09-20T00:00:00,60.01814713552502,61.0479621887207,60.00558572785711,61.0479621887207,4241968.0
2018-09-21T00:00:00,61.22378917285037,62.06522151421865,61.148435092266766,61.78893280029297,5452037.0
2018-09-24T00:00:00,61.66333832919815,61.713574379387445,61.22378486697539,61.47496032714844,2762014.0
2018-09-25T00:00:00,61.53775732245473,62.02754686931373,61.39961057010501,61.78893280029297,3690950.0
2018-09-26T00:00:00,62.077786678779944,62.54245822689066,61.67590780623435,62.35408020019531,3512417.0
2018-09-27T00:00:00,62.165683242150976,62.95060348510742,61.763804461019106,62.95060348510742,4547698.0
2018-09-28T00:00:00,62.61779866059856,62.61779866059856,61.650776337241346,62.31638717651367,5073327.0
2018-10-01T00:00:00,62.31640291430761,62.755961239991485,62.05267079336182,62.63037109375,4140251.0
2018-10-02T00:00:00,62.41686301438592,62.41686301438592,61.90195549086484,62.165687561035156,4131830.0
2018-10-03T00:00:00,62.31639357204415,63.10759460704155,58.548775983564056,60.10606002807617,16774710.0
2018-10-04T00:00:00,60.30699569139648,61.0981966771986,59.653941441772716,60.25675964355469,9285513.0
2018-10-05T00:00:00,60.030705486086674,60.997727901190075,59.50324132736126,60.507938385009766,5474923.0
2018-10-08T00:00:00,60.29444674394376,60.50794759600492,59.84233659225827,60.168861389160156,3116487.0
2018-10-09T00:00:00,60.11862324143153,60.21909535438572,58.59901846380458,59.32742691040039,6206242.0
2018-10-10T00:00:00,59.46556854248046,60.26933106923592,59.302308546016356,59.46556854248047,4820574.0
2018-10-11T00:00:00,58.39807680070559,59.08880578320433,58.13434470042361,58.272491455078125,7173304.0
2018-10-12T00:00:00,58.61156862834929,58.724597347589246,57.64455099690838,57.69478225708008,5673551.0
2018-10-15T00:00:00,57.82037547005133,58.473429794868984,57.69478533598615,58.297603607177734,4576872.0
2018-10-16T00:00:00,58.46086455654988,58.87530478565609,58.159457836084854,58.86274337768555,4647600.0
2018-10-17T00:00:00,59.151594118549035,59.226948194864256,57.945957642146475,58.109222412109375,6480345.0
2018-10-18T00:00:00,57.456171313982644,58.04643296763291,56.928707122802734,56.928707122802734,7498136.0
2018-10-19T00:00:00,56.71519542692624,57.93339314575744,56.45146338185129,57.74501037597656,6107476.0
2018-10-22T00:00:00,58.07154957911292,58.73716050626694,56.94126235302718,57.00405502319336,4915265.0
2018-10-23T00:00:00,56.51426872160955,56.727764770541924,56.08727183297087,56.53938674926758,5072246.0
2018-10-24T00:00:00,56.57704827283136,57.48127789569686,56.21284414242467,56.66495895385742,4913481.0
2018-10-25T00:00:00,57.14220472697836,59.55347787962224,57.07941205356503,58.73716354370117,11853134.0
2018-10-26T00:00:00,58.71204071915967,58.862744081193334,57.71990027165989,58.259925842285156,7543702.0
2018-10-29T00:00:00,58.42319482798585,58.762281010108616,58.13434470042361,58.272491455078125,4626260.0
2018-10-30T00:00:00,58.52366215189078,58.988338470458984,58.096665269633476,58.988338470458984,3328494.0
2018-10-31T00:00:00,59.59115318751833,59.96791399266834,59.339977720493806,59.50324249267578,5480323.0
2018-11-01T00:00:00,59.46556636632481,59.603713120411236,59.000894840485415,59.18927764892578,4367989.0
2018-11-02T00:00:00,59.77953371560443,59.8925624409932,59.21439487943434,59.64139175415039,1375549.0
2018-11-05T00:00:00,59.33998599293307,59.70419023135277,59.22695725655366,59.55348205566406,3499702.0
2018-11-06T00:00:00,59.65395169595346,59.77953704637217,59.013458743579584,59.32742691040039,2944632.0
2018-11-07T00:00:00,59.60370941446181,59.77953080299482,59.37765197469836,59.49068069458008,2716027.0
2018-11-08T00:00:00,59.77952721429911,60.18140601846991,59.47812050655762,59.854881286621094,4919226.0
2018-11-09T00:00:00,59.61627058727225,59.90512069454652,59.47812384232075,59.691619873046875,3193211.0
2018-11-12T00:00:00,59.65395369085116,59.93024721994074,59.08881001351984,59.2395133972168,2399041.0
2018-11-13T00:00:00,59.28973991878066,59.47812271118164,59.00088981699967,59.47812271118164,2869495.0
2018-11-14T00:00:00,59.15158926653061,59.15158926653061,58.63668176421324,58.762271881103516,4613257.0
2018-11-15T00:00:00,58.77483053879285,58.93809530103422,57.84548759539209,58.17201232910156,3569157.0
2018-11-16T00:00:00,58.39807188901745,58.86274337768555,58.22225050361728,58.86274337768555,4977015.0
2018-11-19T00:00:00,58.95065883574849,59.17671628975767,58.536223363914225,58.6241340637207,2838842.0
2018-11-20T00:00:00,58.27249016802349,58.39807551087716,56.97893814091662,57.12964630126953,4266971.0
2018-11-21T00:00:00,57.4687311833084,57.56920329632617,56.86591287752385,57.267791748046875,3926419.0
2018-11-22T00:00:00,57.1296443937508,57.15475762886403,56.65241148344855,56.89102554321289,3412952.0
2018-11-23T00:00:00,56.891031808148355,57.30547209475922,56.48915293125096,56.878475189208984,2323434.0
2018-11-26T00:00:00,57.17987290526413,58.27248542032117,57.17987290526413,58.084102630615234,3951600.0
2018-11-27T00:00:00,58.209696212268135,59.51580493602846,58.159464946565066,59.32742691040039,4986203.0
2018-11-28T00:00:00,59.56603263815305,60.34467224124489,59.11391777481799,59.36509323120117,5304093.0
2018-11-29T00:00:00,59.65394386470733,59.917675940428836,58.86274284676939,59.67906188964844,3629952.0
2018-11-30T00:00:00,59.57859353643748,59.59115494508465,58.79995387739265,59.52836227416992,4937288.0
2018-12-03T00:00:00,59.77952973366651,60.33211670576969,59.427886962890625,59.427886962890625,5307313.0
2018-12-04T00:00:00,58.900423043868905,59.4153305849096,58.47342619587613,58.66180419921875,4229000.0
2018-12-05T00:00:00,58.39807051512856,58.39807051512856,57.71989822387695,57.71989822387695,3195921.0
2018-12-06T00:00:00,57.142193331600346,57.20498599249147,55.82352828979492,55.82352828979492,4200467.0
2018-12-07T00:00:00,56.062149787198365,57.204993614471704,56.062149787198365,56.74032211303711,4012254.0
2018-12-10T00:00:00,56.489152835450795,56.91614974027689,55.94912719726562,55.949127197265625,3452658.0
2018-12-11T00:00:00,56.350995867540526,56.878464791275746,56.16261787324263,56.37611389160156,3737804.0
2018-12-12T00:00:00,56.514272689819336,57.795263445681485,56.388687333484995,57.770145416259766,3318246.0
2018-12-13T00:00:00,57.368261015344956,57.644554521664425,55.635155477950306,55.74818420410156,8359924.0
2018-12-14T00:00:00,55.45932623833996,55.773294345393694,54.982093374201824,55.38397216796875,5524164.0
2018-12-17T00:00:00,55.245837081582096,56.11238743991817,55.15792159318474,55.27095031738281,3554749.0
2018-12-18T00:00:00,55.2583901159233,55.48444754965941,54.83139327339659,55.07000732421875,4281038.0
2018-12-19T00:00:00,55.18303901211784,55.84865473207656,55.18303901211784,55.371421813964844,3882509.0
2018-12-20T00:00:00,54.68069388550589,55.58491889534333,54.21601757642861,54.71836853027344,6073864.0
2018-12-21T00:00:00,54.73093694209475,54.84396089085928,53.41226671721621,54.04020309448242,6219317.0
2018-12-27T00:00:00,54.12810683717547,54.46719301214816,53.11085310303116,53.28667449951172,4222354.0
2018-12-28T00:00:00,53.37458626483888,54.504873537345006,53.37458626483888,54.06531524658203,3955195.0
2019-01-02T00:00:00,53.43737283651251,54.329041143700216,52.70896929244066,54.140663146972656,3201467.0
2019-01-03T00:00:00,54.04019573440318,54.8313968034167,53.86437433923878,54.55510330200195,4465847.0
2019-01-04T00:00:00,55.15791861091427,56.21285171613373,54.693247121345415,56.099822998046875,3560239.0
2019-01-07T00:00:00,56.426354435894794,56.539383157789196,54.291370128319286,55.05745315551758,5956442.0
2019-01-08T00:00:00,55.00721504384125,55.848652117722374,54.944422376422885,55.64771270751953,4244185.0
2019-01-09T00:00:00,55.69794472844968,55.98679962591535,55.33374533613472,55.7607421875,2611093.0
2019-01-10T00:00:00,55.40910079589814,56.62729881745887,55.40910079589814,56.551944732666016,3593149.0
2019-01-11T00:00:00,56.55194286592964,56.75288229463705,55.91144993404163,56.22541809082031,4034349.0
2019-01-14T00:00:00,56.13750569889603,56.60217721551236,55.96168430292086,56.35100173950195,3640627.0
2019-01-15T00:00:00,56.63985387568105,56.978940061745476,55.936568266753845,56.1751823425293,3310079.0
2019-01-16T00:00:00,56.451470780085366,57.25522842704405,56.2505313683457,57.029170989990234,4164266.0
2019-01-17T00:00:00,56.74032492674591,57.46872854964757,56.51426747358965,56.8282356262207,3337513.0
2019-01-18T00:00:00,57.33058499571691,57.87061058651758,57.19243824586925,57.73246383666992,4435173.0
2019-01-21T00:00:00,57.77013450139698,57.89571983400372,57.35569428040271,57.518959045410156,1887622.0
2019-01-22T00:00:00,57.45616484610055,57.60686819936234,56.99149337892563,57.29290008544922,3033001.0
2019-01-23T00:00:00,57.26778534818433,57.531522219995516,56.903585956130456,56.97893524169922,4193071.0
2019-01-24T00:00:00,57.06684418278853,57.60686973638954,56.91614082550577,57.518959045410156,3942942.0
2019-01-25T00:00:00,57.770135566763095,58.38551520574067,57.68222487416251,58.14689636230469,3718672.0
2019-01-28T00:00:00,58.14689265439971,58.159454061555024,57.15475228314724,57.230106353759766,3226073.0
2019-01-29T00:00:00,56.928707182593655,57.443614756284546,56.564502979287624,57.079410552978516,4874630.0
2019-01-30T00:00:00,58.398073441655676,60.055824820608535,57.38081495379996,59.804649353027344,8020359.0
2019-01-31T00:00:00,60.24420926230001,60.72143739387094,59.08880399621938,59.52836227416992,9244960.0
2019-02-01T00:00:00,59.79208672936064,60.42002293985042,59.679058019841555,60.18140411376953,6302551.0
2019-02-04T00:00:00,60.39490897597449,60.620966410207075,59.867440032507304,60.54561233520508,3266084.0
2019-02-05T00:00:00,60.59585508971871,61.60055224704112,60.59585508971871,61.412174224853516,3913314.0
2019-02-06T00:00:00,61.211233399841845,61.73869759888753,60.65864638281437,60.77167510986328,6430391.0
2019-02-07T00:00:00,60.784233724956515,61.14843312579724,60.11861801147461,60.11861801147461,3941226.0
2019-02-08T00:00:00,60.1186226431941,60.319562076328914,59.465568287812445,59.666507720947266,4038046.0
2019-02-11T00:00:00,59.84232787874334,60.29443796459803,59.67906310867794,59.95535659790039,3887976.0
2019-02-12T00:00:00,60.28188354419426,60.43258691163812,59.67906528364516,60.23164749145508,4811244.0
2019-02-13T00:00:00,60.39490974304325,60.39490974304325,59.75441686509836,60.09349822998047,3832463.0
2019-02-14T00:00:00,60.43258669911087,60.43258669911087,59.528361706854,59.8674430847168,3395672.0
2019-02-15T00:00:00,59.86744440892324,61.650785988148726,59.829769764054866,61.63822937011719,7227353.0
2019-02-18T00:00:00,61.57542480735857,61.814043639406464,61.07307870086875,61.387046813964844,3476862.0
2019-02-19T00:00:00,61.274024058756076,62.39174988352115,61.274024058756076,62.228485107421875,3399719.0
2019-02-20T00:00:00,61.939639674177066,62.40431122045808,59.41533771651642,59.62883377075195,9487411.0
2019-02-21T00:00:00,59.65395103740756,59.71674371192372,56.94126629765325,57.217559814453125,10992437.0
2019-02-22T00:00:00,57.267784191924456,58.812511585724515,57.20499152496046,58.54877471923828,6448988.0
2019-02-25T00:00:00,59.02601121282912,59.28974330463267,58.47342900274925,58.749717712402344,3669241.0
2019-02-26T00:00:00,58.71204048364954,58.97577256384393,58.310161659322794,58.46086502075195,4694077.0
2019-02-27T00:00:00,57.83292710070215,59.39021109339774,57.83292710070215,59.15159225463867,4086732.0
2019-02-28T00:00:00,58.737152269122326,59.27717778021223,57.92083329911954,59.03855895996094,5309972.0
2019-03-01T00:00:00,59.4906810843991,59.880003297825795,59.26462364315438,59.50324249267578,4189905.0
2019-03-04T00:00:00,59.553467620598035,59.62882169017744,58.247363949966505,59.16415023803711,5527488.0
2019-03-05T00:00:00,59.15160013875094,59.50324773990436,58.322724378017995,58.950660705566406,4683554.0
2019-03-06T00:00:00,59.06369034200726,59.06369034200726,58.197139921378934,58.561344146728516,4918192.0
2019-03-07T00:00:00,58.96321379633126,59.25206389135924,58.19713081827851,58.33527755737305,4531532.0
2019-03-08T00:00:00,58.08410620475595,58.4231923726279,57.80781270705873,58.2850456237793,2299024.0
2019-03-11T00:00:00,58.44830916303828,58.837626584354226,58.44830916303828,58.57389450073242,3581247.0
2019-03-12T00:00:00,58.6994840329782,58.79995134395833,58.046429743900106,58.109222412109375,3792917.0
2019-03-13T00:00:00,58.10923162729159,58.46087445764715,57.21756314130471,57.770145416259766,8170025.0
2019-03-14T00:00:00,57.83293297468858,58.6241340637207,57.83293297468858,58.6241340637207,4609299.0
2019-03-15T00:00:00,58.649246819973975,59.23950363837344,58.08410323574181,59.11391830444336,7824132.0
2019-03-18T00:00:00,59.716732831266,60.75910924324969,59.716732831266,60.39490509033203,5620945.0
2019-03-19T00:00:00,60.39491559346147,60.972615859455345,59.57859645920243,59.91768264770508,4911537.0
2019-03-20T00:00:00,59.96791037481297,60.181406394900826,59.30229949951171,59.30229949951172,4969084.0
2019-03-21T00:00:00,59.32742228737762,59.88000449324425,58.963218092459925,59.8674430847168,4008965.0
2019-03-22T00:00:00,59.90511962825531,60.093497630112324,59.063682556152344,59.063682556152344,3813482.0
2019-03-25T00:00:00,59.051120545099636,59.69161335814645,58.79994510812663,59.25205993652344,4174830.0
2019-03-26T00:00:00,59.33997884226865,59.95535850857332,59.15159604074564,59.716739654541016,6952245.0
2019-03-27T00:00:00,59.64934684919465,60.33682858419219,59.06970306730335,59.24494552612305,12147864.0
2019-03-28T00:00:00,59.11014099890887,59.39322654992524,54.877397256211914,55.133522033691406,16930910.0
2019-03-29T00:00:00,54.863917795246046,55.07959883483126,53.165425109051064,54.24383544921875,14534308.0
2019-04-01T00:00:00,54.51343622576119,55.53792508312428,54.506699888848345,55.254844665527344,8615645.0
2019-04-02T00:00:00,55.37616150079014,57.20944774324053,55.17395827897441,56.56240463256836,7704317.0
2019-04-03T00:00:00,56.95332761262423,57.708213806152344,56.95332761262423,57.708213806152344,6801043.0
2019-04-04T00:00:00,57.65428533340732,58.46308783180214,57.37120497319323,57.99128723144531,4604261.0
2019-04-05T00:00:00,57.96433395917517,58.18001499612431,57.64080983263071,57.76213073730469,3787629.0
2019-04-08T00:00:00,57.85648625270756,57.91040779320236,57.50600652397363,57.81604766845703,4108750.0
2019-04-09T00:00:00,58.0317325962231,59.17754226881469,58.0317325962231,58.81357955932617,5257454.0
2019-04-10T00:00:00,58.96185497231577,59.568454281462635,58.395689103606855,59.37973403930664,4938757.0
2019-04-11T00:00:00,59.11013508404299,60.080702265283705,58.71921676247991,59.85154342651367,6261367.0
2019-04-12T00:00:00,59.851541806252264,60.92994689941406,59.58193924740154,60.92994689941406,6953830.0
2019-04-15T00:00:00,60.82210634353742,61.3073899411633,60.53902595900276,60.99734878540039,4890344.0
2019-04-16T00:00:00,60.92994847345678,61.87355488269056,60.82210539023407,61.59046936035156,4057832.0
2019-04-17T00:00:00,61.199551969238414,61.83311209495486,60.95691017054145,61.76571273803711,3751917.0
2019-04-18T00:00:00,61.52306796276073,61.73874897980735,61.172588238400365,61.50959014892578,2526305.0
2019-04-23T00:00:00,61.50959427191081,61.779196846850795,61.18607015353454,61.46915054321289,4224695.0
2019-04-24T00:00:00,61.469143633878424,61.81962848457718,61.2130240447069,61.550025939941406,3943297.0
2019-04-25T00:00:00,61.42870757958963,61.83310884206287,61.06474490069139,61.617427825927734,4704500.0
2019-04-26T00:00:00,61.536551822405016,62.65539550781251,61.18606695065726,62.6553955078125,4689234.0
2019-04-29T00:00:00,61.44219452261098,62.520599673264684,60.79514628997738,62.48015594482422,5689697.0
2019-04-30T00:00:00,61.33435142781731,61.63091477254598,60.687308337515894,61.07823181152344,5420992.0
2019-05-02T00:00:00,60.781664788053035,62.021829350510835,60.781664788053035,61.50959014892578,5730965.0
2019-05-03T00:00:00,61.50959612783265,62.264477189751865,61.3613144500295,61.819637298583984,5851690.0
2019-05-06T00:00:00,61.2669425701762,61.59046149404215,60.6064166254023,61.49610137939453,3341383.0
2019-05-07T00:00:00,61.59046714482377,61.84659188714379,59.608899413179,59.74369812011719,6039055.0
2019-05-08T00:00:00,59.811100453217094,60.134624565123325,59.27190045636179,59.999820709228516,3355852.0
2019-05-09T00:00:00,59.52801562474185,59.91893906428785,59.11013141602982,59.5145378112793,3798753.0
2019-05-10T00:00:00,59.85154511221616,61.024310394418485,59.70326343954571,60.17506408691406,4457167.0
2019-05-13T00:00:00,60.06722453368996,60.37726568540402,59.716739654541016,59.716739654541016,3497646.0
2019-05-14T00:00:00,59.79762656475911,60.242466462814654,59.5819455234082,60.22898864746094,2232975.0
2019-05-15T00:00:00,60.188547265624756,60.309868167143875,59.62238134445506,60.26942443847656,2953802.0
2019-05-16T00:00:00,60.282907616890164,60.41770633363262,59.51454361852702,60.36378479003906,3512951.0
2019-05-17T00:00:00,60.86254552046546,60.9299448723756,59.48757714408668,60.14809799194336,4899524.0
2019-05-20T00:00:00,60.32334227547812,60.700782771572904,59.7436985751948,59.93241882324219,3696933.0
2019-05-21T00:00:00,60.444661311037095,60.512060662947235,59.851539815090554,60.14809799194336,2258712.0
2019-05-22T00:00:00,60.148103130734604,60.21550248840305,59.123619524346644,59.312339782714844,3112795.0
2019-05-23T00:00:00,59.056219359268496,59.44713768529745,58.54397499195718,58.80009460449219,3767130.0
2019-05-24T00:00:00,58.74617278872932,59.28537273523846,58.74617278872932,59.110130310058594,2490645.0
2019-05-27T00:00:00,59.24494010788249,59.54149830848433,58.57093625032351,58.786617279052734,2134341.0
2019-05-28T00:00:00,58.57093869053883,58.840541273243026,57.9778119801413,58.42265701293945,4990874.0
2019-05-29T00:00:00,58.12608729410855,58.49004996957642,57.789085388183594,57.789085388183594,1856686.0
2019-05-31T00:00:00,57.45207810616122,57.627320520671304,56.562393363461524,56.79155731201172,4704068.0
2019-06-03T00:00:00,56.589354130481574,56.88591742546164,56.171469955031526,56.79155731201172,4307507.0
2019-06-04T00:00:00,56.751122345089684,57.950853522476606,56.602845816966244,57.829532623291016,4239282.0
2019-06-05T00:00:00,57.82953435231404,58.004771656856,57.317289969077144,57.95085525512695,3374768.0
2019-06-07T00:00:00,58.0317325962231,59.33930175895132,57.88345092099724,58.81357955932617,5525960.0
2019-06-11T00:00:00,59.3123395599821,59.78414020413087,59.11013634549471,59.217979431152344,2576210.0
2019-06-12T00:00:00,58.9753351115876,59.029256652113204,57.99129013708033,58.3822135925293,3463269.0
2019-06-13T00:00:00,58.18000452664433,59.042728519193844,57.856480458317954,58.5035285949707,3647482.0
2019-06-14T00:00:00,58.32829603448958,58.9214175940445,58.180014359040484,58.678775787353516,3091291.0
2019-06-18T00:00:00,58.948379155635514,59.36626341547587,58.55745566825985,59.19102096557617,4348967.0
2019-06-19T00:00:00,59.32582362279888,59.541504674588445,59.204502709777124,59.420188903808594,4691256.0
2019-06-20T00:00:00,59.716741786418986,59.83806268857226,59.0831816460554,59.39322280883789,6226875.0
2019-06-24T00:00:00,59.51454769041812,59.79762810029005,58.82706081816712,59.05622482299805,3507054.0
2019-06-25T00:00:00,58.90794218189947,58.961863728306085,57.613855921590954,57.883453369140625,3892664.0
2019-06-26T00:00:00,57.82953657447414,58.85402023807333,57.37121371759622,58.6922607421875,2883182.0
2019-06-27T00:00:00,58.69225136905692,59.285372854078155,58.38221024218849,58.57093048095703,2734212.0
2019-06-28T00:00:00,58.39569929521929,58.50354239083904,57.6542960106799,57.91041564941406,5073058.0
2019-07-01T00:00:00,58.31481549217438,59.29886571686107,58.3013376766852,58.8809814453125,4074580.0
2019-07-02T00:00:00,58.90793937232517,59.73022491796171,58.58441525155745,59.689781188964844,4229078.0
2019-07-03T00:00:00,59.64934379981351,60.121144462237446,59.27190326987436,59.75718688964844,2966607.0
2019-07-04T00:00:00,59.74369988055608,60.444664490219935,59.74369988055608,60.43118667602539,2167011.0
2019-07-05T00:00:00,60.53903561690257,61.19956176176633,60.269433003851184,60.87603759765625,3696775.0
2019-07-08T00:00:00,60.660352363938614,61.967921604856436,60.53903145352106,61.118675231933594,3236963.0
2019-07-09T00:00:00,60.68730740704429,61.26695113072233,60.52554792250941,60.90298843383789,2899733.0
2019-07-10T00:00:00,60.86255086705018,61.36131228568897,60.66034765131591,60.94342803955078,3195062.0
2019-07-11T00:00:00,61.105193517074454,61.19955364779564,60.2559471983423,60.68730926513672,3149906.0
2019-07-12T00:00:00,61.981388102349705,63.90903935906974,61.72526851256708,63.65291976928711,9802307.0
2019-07-15T00:00:00,63.69336540709553,64.29996991561138,63.221564757272866,63.235042572021484,4278481.0
2019-07-16T00:00:00,63.221573681215446,63.477693335522574,62.763250781447546,63.16765213012695,2923006.0
2019-07-17T00:00:00,63.086761166479704,63.11372193833284,62.4397180687289,62.561038970947266,4126625.0
2019-07-18T00:00:00,62.4397087097168,62.844109942415656,61.5635017536687,62.4397087097168,5414749.0
2019-07-19T00:00:00,62.8171578818497,63.046321868896484,62.426239549990996,63.046321868896484,4482325.0
2019-07-22T00:00:00,63.04631592250715,63.22155834992722,62.399272893080216,62.601470947265625,2758466.0
2019-07-23T00:00:00,62.92499555129263,63.531600003326105,62.48015057238778,63.35635757446289,3857947.0
2019-07-24T00:00:00,63.36983815194816,63.36983815194816,62.3723153581985,62.749755859375,2869122.0
2019-07-25T00:00:00,63.01936100495795,63.518122422281905,62.27795778628907,62.614959716796875,3368356.0
2019-07-26T00:00:00,62.682356847867126,62.83063851478196,62.29143338822641,62.50711441040039,1626676.0
2019-07-29T00:00:00,62.30491634462295,62.938476454748354,62.08923532244897,62.50711441040039,2052053.0
2019-07-30T00:00:00,62.30491555310945,62.65539528134928,61.41523070516407,61.79267120361328,2471460.0
2019-07-31T00:00:00,61.79267059773966,61.96791303126189,61.23998766946899,61.374786376953125,2784239.0
2019-08-01T00:00:00,61.2669494949206,61.913992558025626,61.14562859919834,61.21302795410156,2854980.0
2019-08-02T00:00:00,60.59294297058396,60.64686450900845,59.824579045878316,60.14809799194336,3632048.0
2019-08-06T00:00:00,58.948372815966444,59.37973484452706,58.24740823399521,58.35525131225586,4387979.0
2019-08-07T00:00:00,58.624852678913854,59.042731743112185,57.91040515550221,58.08564758300781,4770030.0
2019-08-08T00:00:00,58.82704838357544,58.85400915151798,58.1260838437913,58.31480407714844,2773161.0
2019-08-09T00:00:00,58.11261524373001,58.409178595872525,57.31729046118178,57.371212005615234,4701659.0
2019-08-12T00:00:00,57.65429190868049,58.09913179085783,57.303807015094506,57.38468933105469,2894860.0
2019-08-13T00:00:00,57.16900829740233,57.57340959272031,56.46804365247182,57.38468933105469,4894127.0
2019-08-14T00:00:00,57.23640895144645,57.263369724043265,55.49747768576339,55.55139923095703,5016629.0
2019-08-15T00:00:00,56.10407862781864,56.27932106737694,54.6617108106448,55.44355773925781,4125049.0
2019-08-16T00:00:00,55.78055986510739,56.414119985103525,55.3491978140389,56.30628204345703,4658731.0
2019-08-19T00:00:00,56.656757710668145,56.98028179684407,56.02319763619503,56.211917877197266,2495684.0
2019-08-20T00:00:00,56.07711983030036,56.1040806021228,55.59184136422088,55.65924072265625,3056730.0
2019-08-21T00:00:00,55.74011381511232,55.996238557553646,55.63227587795891,55.76707458496094,2376947.0
2019-08-22T00:00:00,55.672716297910895,56.76460437270977,55.672716297910895,56.319759368896484,3766902.0
2019-08-23T00:00:00,56.6163164864593,56.81851967366435,55.578350067138665,55.57835006713867,3735455.0
2019-08-26T00:00:00,55.389637216297864,55.6457568309468,55.01219670160652,55.4839973449707,3238752.0
2019-08-27T00:00:00,55.61879779179051,56.06364281988089,55.41659971358339,55.60531997680664,3510125.0
2019-08-28T00:00:00,55.6996758320858,55.84795749673163,55.13351508588295,55.416595458984375,2666708.0
2019-08-29T00:00:00,55.47051677607202,56.090599060058594,55.29527434199195,56.090599060058594,3564433.0
2019-08-30T00:00:00,56.23887695556294,57.14203955099137,55.982752228553096,56.85895919799805,4393402.0
2019-09-02T00:00:00,56.54892971740629,56.54892971740629,55.605323204279244,55.753604888916016,3372890.0
2019-09-03T00:00:00,55.74011940579363,56.090604306737895,55.4839997799048,55.68620300292969,3365937.0
2019-09-04T00:00:00,55.942322704320645,56.45456709903122,55.83447961396407,56.1175651550293,4464721.0
2019-09-05T00:00:00,56.48152504140823,57.492530822753906,56.306282599480745,57.492530822753906,5263123.0
2019-09-06T00:00:00,57.654280659649096,57.85647869673613,56.993754730454356,57.27684020996094,2956417.0
2019-09-09T00:00:00,57.34423990098315,59.44712829589844,57.16899748732671,59.44712829589844,4582506.0
2019-09-10T00:00:00,59.51454318059837,60.390745117459794,59.25841842153436,60.17506408691406,5379868.0
2019-09-11T00:00:00,60.29639091044967,60.57947132667555,59.55498761651631,60.053749084472656,4744532.0
2019-09-12T00:00:00,60.053739644329795,60.98386821177749,59.63586056480155,60.83558654785156,5063677.0
2019-09-13T00:00:00,60.956907783601324,61.60395084070931,60.956907783601324,61.36130905151367,3353272.0
2019-09-16T00:00:00,61.266962454579264,61.442204928189206,61.010837652631906,61.2400016784668,2765817.0
2019-09-17T00:00:00,60.92994968390175,60.92994968390175,59.89198312734829,60.32334518432617,3739997.0
2019-09-18T00:00:00,60.28290982917381,60.84907063095901,60.21550532608752,60.47163009643555,3480327.0
2019-09-19T00:00:00,60.66034985717417,61.40175310475798,60.282909325802386,61.051273345947266,4278788.0
2019-09-20T00:00:00,61.19954659611778,62.19706933230042,61.19954659611778,62.075748443603516,5998260.0
2019-09-23T00:00:00,61.5769943944114,61.833114015550706,60.188548058262235,60.78166961669922,4552554.0
2019-09-24T00:00:00,60.94342261096091,61.25346374315926,60.10765933537228,60.282901763916016,4129571.0
2019-09-25T00:00:00,60.323342959317074,60.47162462510414,59.39321952243609,60.21549987792969,3562724.0
2019-09-26T00:00:00,60.24246340517772,60.99734958271211,60.188547004257785,60.94342803955078,2154167.0
2019-09-27T00:00:00,61.145633789026405,61.603956640406786,60.8625533890613,61.01082992553711,2856891.0
2019-09-30T00:00:00,60.99734927456249,61.550032233570526,60.87602837418309,60.98387145996094,4394323.0
2019-10-01T00:00:00,61.01083127413824,61.523075682237135,60.61991291698232,60.741233825683594,3868355.0
2019-10-02T00:00:00,60.539025063687575,60.75470608808254,59.13709583399964,59.285377502441406,4003046.0
2019-10-03T00:00:00,59.31234368568792,59.44714240989507,58.0586960100429,58.54397964477539,4299513.0
2019-10-04T00:00:00,58.6383432819593,58.773142014216425,57.99130011108949,58.220458984375,4526883.0
2019-10-07T00:00:00,58.247402451673075,59.58193213034203,58.04520441336841,59.44712829589844,3504193.0
2019-10-08T00:00:00,59.64933671898992,59.770657609531746,58.395689230804756,58.84053421020508,3013530.0
2019-10-09T00:00:00,58.70572819061228,59.70325604727638,58.70572819061228,59.50105285644531,3421448.0
2019-10-10T00:00:00,59.37973719040901,60.64686769882648,59.25841629369332,60.43118667602539,3361754.0
2019-10-11T00:00:00,60.660352382645904,62.15664189750986,60.633391608962384,62.11620330810547,4190039.0
2019-10-14T00:00:00,61.96791409265545,62.062274217958766,61.36130961410471,61.98139190673828,2575397.0
2019-10-15T00:00:00,62.143157351714834,63.11372461055538,61.860076948633555,62.85760498046875,4186477.0
2019-10-16T00:00:00,63.01935924303661,63.6124807729407,62.35883321512239,63.262001037597656,3424937.0
2019-10-17T00:00:00,63.18111442823279,64.13820372712576,63.046315725862954,63.275474548339844,3581347.0
2019-10-18T00:00:00,63.27547582960046,63.855119517561484,62.79019740589817,63.20807647705078,3424511.0
2019-10-21T00:00:00,63.167637687400955,64.01688392502452,63.127199104451584,63.882080078125,3324360.0
2019-10-22T00:00:00,63.9764462799947,64.74481028250193,63.47768485466787,64.62348937988281,5114571.0
2019-10-23T00:00:00,64.77176399548249,65.4727285628624,62.534071590563904,64.27300262451172,8271466.0
2019-10-24T00:00:00,64.56956470540197,65.97148867108699,64.31343997588736,65.1087646484375,7714618.0
2019-10-25T00:00:00,65.05485068933378,65.31097544868291,64.13821016517501,64.47521209716797,6245614.0
2019-10-28T00:00:00,64.47520997844421,64.87961125509842,64.23256818400344,64.7987289428711,3472330.0
2019-10-29T00:00:00,64.6504504255489,64.6504504255489,63.24852113206828,63.949485778808594,5289700.0
2019-10-30T00:00:00,63.82816317967994,64.15168729351805,62.412756108901064,63.05979919433594,5867662.0
2019-10-31T00:00:00,63.208091195230196,63.208091195230196,62.23752383734435,62.35884475708008,5218018.0
2019-11-01T00:00:00,62.38578725822659,62.399270213271116,61.9679082121785,62.10270690917969,1009047.0
2019-11-04T00:00:00,62.68236820385949,63.706851959228516,62.453209326014075,63.706851959228516,4967032.0
2019-11-05T00:00:00,63.81468502499032,63.89556733857906,63.15415898628548,63.86860656738281,3092232.0
2019-11-06T00:00:00,63.80120627289742,64.58304805713355,63.43724358045877,63.693363189697266,3505849.0
2019-11-07T00:00:00,63.74728208902877,64.21908270287061,63.74728208902877,63.96296310424805,2898213.0
2019-11-08T00:00:00,63.962971750485856,64.34041229258011,63.65293057058819,64.00341033935547,2714767.0
2019-11-11T00:00:00,63.96296563448237,64.34040614048656,63.49115985973591,64.03036499023438,2394748.0
2019-11-12T00:00:00,64.20561133270499,64.61001263404596,64.00340811091374,64.46173095703125,3026679.0
2019-11-13T00:00:00,64.3673672803583,64.3673672803583,62.95196023248454,63.01935958862305,5166429.0
2019-11-14T00:00:00,63.127199521773534,63.127199521773534,62.426234939985015,62.53407287597656,4166394.0
2019-11-15T00:00:00,57.290325747762246,57.290325747762246,53.178903399018125,54.836952209472656,36118444.0
2019-11-18T00:00:00,55.26831322069857,56.03667716385095,54.189908137523396,54.796512603759766,11435518.0
2019-11-19T00:00:00,55.942320529336264,56.45456490413127,55.01219705126022,55.241355895996094,8809125.0
2019-11-20T00:00:00,55.20091032946355,55.618789379902374,54.432546435553945,54.756065368652344,7560307.0
2019-11-21T00:00:00,54.2573092895389,54.78303146362305,54.21687070452973,54.78303146362305,5843092.0
2019-11-22T00:00:00,54.76954706156324,55.03914959442552,54.37862364602496,54.62126541137695,4752447.0
2019-11-25T00:00:00,54.74259964950302,55.13352316041417,54.01467417585643,54.40559768676758,6353767.0
2019-11-26T00:00:00,54.419069364430165,54.459513092120986,53.67766615848799,53.86638641357422,7087868.0
2019-11-27T00:00:00,53.58330680520549,56.17147915619994,53.54286821917163,55.71316146850586,15648935.0
2019-11-28T00:00:00,55.26831564677003,55.618795385846305,54.71563269599198,55.2009162902832,6201629.0
2019-11-29T00:00:00,55.214397339280495,55.53792146850792,54.702158086179324,55.34920120239258,5326492.0
2019-12-02T00:00:00,55.40311192775508,55.84795691707543,54.60778721474318,54.796512603759766,6305714.0
2019-12-03T00:00:00,54.796517049028594,54.98523731111371,53.79898905226823,53.8798713684082,6357919.0
2019-12-04T00:00:00,53.92030928967624,55.0795967621629,53.92030928967624,54.998714447021484,5351573.0
2019-12-05T00:00:00,55.12003521660608,55.686201136757305,54.9313149573028,55.335716247558594,4616332.0
2019-12-06T00:00:00,55.56488195572303,56.18496429612884,55.41660027818217,56.0232048034668,4752996.0
2019-12-09T00:00:00,56.077121014003836,56.87244580170868,55.79404061725505,56.56240463256836,7323169.0
2019-12-10T00:00:00,56.60284786570439,57.14204788208008,55.84796167208864,57.14204788208008,7517901.0
2019-12-11T00:00:00,57.22292671318552,57.74864888258353,56.68372158741049,57.66776657104492,8572744.0
2019-12-12T00:00:00,57.69472883541261,59.29886129789552,57.27684973724619,59.029258728027344,8568695.0
2019-12-13T00:00:00,59.986346418269804,60.12114513984118,59.35278111395279,59.47410202026367,6674115.0
2019-12-16T00:00:00,59.7571908034958,59.93242812259255,59.01578236792537,59.62238693237305,5569744.0
2019-12-17T00:00:00,59.62238447481977,59.98634719848633,59.29886548194394,59.98634719848633,7899524.0
2019-12-18T00:00:00,57.1016043732608,59.40669620029761,56.077115688639296,58.97533416748047,11515737.0
2019-12-19T00:00:00,58.6922545883399,59.17753816735738,58.449612798831154,58.92141342163086,6007131.0
2019-12-20T00:00:00,58.85401432554492,59.581939697265625,58.611372534971345,59.581939697265625,7053825.0
2019-12-23T00:00:00,59.51455128323203,59.77067093492417,59.24494867278436,59.595428466796875,3048353.0
2019-12-27T00:00:00,59.649337539573814,59.95937867694788,59.420178711087296,59.55497741699219,3810965.0
2019-12-30T00:00:00,59.51453837456331,59.87849590614709,59.13709274490747,59.36625671386719,3637224.0
2020-01-02T00:00:00,59.83806177071786,61.23999103137562,59.51454279809921,61.18606948852539,5010602.0
2020-01-03T00:00:00,60.92995245588222,60.92995245588222,60.2963871561416,60.485107421875,3921179.0
2020-01-07T00:00:00,60.525543344033565,61.01082176092914,60.28290156446533,60.956905364990234,4071127.0
2020-01-08T00:00:00,60.43118479711714,60.9299461826671,60.02677839247772,60.849063873291016,3236968.0
2020-01-09T00:00:00,61.41523138770013,61.71178957881696,60.983869344038204,61.30738830566406,4268194.0
2020-01-10T00:00:00,60.56599485581151,60.983879152551104,60.35031379929088,60.4177131652832,4767407.0
2020-01-13T00:00:00,60.41770602515808,60.91646744524836,59.87850087645842,60.40422821044922,4508606.0
2020-01-14T00:00:00,60.36378715177475,60.431191655024605,59.64934466905257,60.13462829589844,4685258.0
2020-01-15T00:00:00,60.17506973316,60.28291282967251,59.52802658081055,59.52802658081055,4144488.0
2020-01-16T00:00:00,59.662815713646864,60.849063873291016,59.662815713646864,60.849063873291016,4972730.0
2020-01-17T00:00:00,60.99734841222348,62.37231688300444,60.99734841222348,62.00835418701172,5753469.0
2020-01-20T00:00:00,62.14315339022802,62.38579518947029,61.83311223391654,61.994876861572266,3671410.0
2020-01-21T00:00:00,62.04879220116358,62.58799733298235,61.56350861097493,62.15663528442383,3658299.0
2020-01-22T00:00:00,62.48015554243818,62.65539798524124,61.71179155615577,62.089237213134766,3844908.0
2020-01-23T00:00:00,61.86006765525629,62.19706955369829,60.99734361800329,61.199546813964844,4400415.0
2020-01-24T00:00:00,61.88703365032484,62.8845616165366,61.86007287910384,62.331878662109375,5104360.0
2020-01-27T00:00:00,61.887034118854274,62.11619810484706,61.132147945675165,61.18606948852539,7734986.0
2020-01-28T00:00:00,61.4556688466223,63.4372417336874,61.32087013878758,63.14067840576172,8912990.0
2020-01-29T00:00:00,64.434769965089,64.83917126505202,62.00835702306937,64.36737060546875,13042018.0
2020-01-30T00:00:00,64.36737343814154,65.18965903152359,63.62597016520815,63.76076889038086,8361093.0
2020-01-31T00:00:00,64.29997413651428,65.21661986683459,63.909050634004366,64.19213104248047,6966968.0
2020-02-03T00:00:00,64.2056094271507,64.35389109976458,63.45072324940799,63.477684020996094,4410988.0
2020-02-04T00:00:00,63.8146867041232,64.78525392376112,63.72032657357412,64.75829315185547,5480639.0
2020-02-05T00:00:00,64.85265243918025,65.44577398666854,64.54261127965854,65.01441192626953,5169020.0
2020-02-06T00:00:00,65.36489517450845,66.79378003539482,65.2435742766746,66.65898132324219,7105918.0
2020-02-07T00:00:00,66.52418100637084,66.88814371922669,66.03890253147122,66.7668228149414,4296029.0
2020-02-10T00:00:00,66.76681993657432,67.22514276164438,66.30849711150427,66.94206237792969,3253438.0
2020-02-11T00:00:00,67.17122472466828,67.80478483341297,67.04990382856974,67.63628387451172,4659406.0
2020-02-12T00:00:00,68.0406887876921,68.51249458320252,66.98250291486761,67.15774536132812,6106068.0
2020-02-13T00:00:00,66.80727510969827,67.43409900516193,66.28154769556569,67.3734359741211,3924893.0
2020-02-14T00:00:00,67.4003816370596,68.00698610024133,67.30602151414699,67.60258483886719,2888899.0
2020-02-17T00:00:00,67.7710874942979,68.54618778878952,67.7710874942979,68.31028747558594,3217218.0
2020-02-18T00:00:00,68.07438403568747,68.95059103561744,67.7373821345207,68.20918273925781,3735651.0
2020-02-19T00:00:00,68.41138652354908,70.29859924316406,68.20918332421856,70.29859924316406,5373883.0
2020-02-20T00:00:00,70.36599673369676,70.70299862883685,69.62459359283676,70.13009643554688,5757360.0
2020-02-21T00:00:00,69.75939008717432,70.02899262320574,68.61358573684164,68.91688537597656,5531598.0
2020-02-24T00:00:00,67.46779085006828,67.83849506014366,66.82074770886182,67.14427185058594,7445270.0
2020-02-25T00:00:00,67.26559098720274,67.70368940652263,65.87713946245808,66.02542114257812,6747544.0
2020-02-26T00:00:00,65.29749113942316,66.55113871185296,63.84164549732999,66.07933807373047,7448863.0
2020-02-27T00:00:00,65.2840126712108,65.2840126712108,62.77671755146095,63.693363189697266,7756759.0
2020-02-28T00:00:00,61.65787355143313,62.56103622884007,60.52554689443978,61.63091278076172,11980570.0
2020-03-02T00:00:00,62.830634213514486,63.24851327285869,60.781662072009865,62.318389892578125,9721148.0
2020-03-03T00:00:00,63.27548647589328,64.07081131117368,62.183603411049255,62.26448059082031,5907235.0
2020-03-04T00:00:00,62.74976008253809,63.36984241684382,61.954435299931525,62.3049201965332,7527569.0
2020-03-05T00:00:00,63.491168363700325,63.55857287072167,60.768197002469684,61.57699966430664,8420384.0
2020-03-06T00:00:00,60.660346562956974,61.02430925940367,58.97533693620817,59.70326232910156,8652846.0
2020-03-09T00:00:00,56.27931404645514,56.76459757715912,54.12250406803814,54.62126541137695,18083666.0
2020-03-10T00:00:00,54.98523504285641,56.93984722655453,53.354146968130635,53.77202606201172,11250067.0
2020-03-11T00:00:00,54.47299579013308,55.295281382935116,52.90930692492064,53.27326965332031,9392375.0
2020-03-12T00:00:00,50.469405723932496,50.95468931183667,45.44133769102095,45.87269973754883,18240495.0
2020-03-13T00:00:00,47.072423622242,49.188800316508996,44.76733182617407,45.9940185546875,15558965.0
2020-03-16T00:00:00,43.98549170428118,44.147251184825535,41.127714313084915,42.543121337890625,15253325.0
2020-03-17T00:00:00,43.62153272991228,45.61658363393684,40.30543224300369,45.346981048583984,15127644.0
2020-03-18T00:00:00,44.34945457391062,44.983014684572524,42.34092087514361,43.47324752807617,12164813.0
2020-03-19T00:00:00,43.70240876278482,44.60557662875565,42.09828139237046,44.443817138671875,15576753.0
2020-03-20T00:00:00,45.49526108313157,47.24767011121872,43.68893051147461,43.68893051147461,12374547.0
2020-03-23T00:00:00,41.46471619839492,44.09332960972868,41.27599594753256,41.842159271240234,11517279.0
2020-03-24T00:00:00,43.33845005637958,44.03940954239635,42.35440247123541,43.60804748535156,9891267.0
2020-03-25T00:00:00,44.82125649115149,47.09938767663772,43.24408993402441,46.910667419433594,12272585.0
2020-03-26T00:00:00,46.02098612254928,46.614112854003906,44.888659348785254,46.614112854003906,8667754.0
2020-03-27T00:00:00,45.99402163435396,46.08838176269308,43.47324865598929,44.51121520996094,10681163.0
2020-03-30T00:00:00,44.48425213578013,44.57861225923432,43.176683078999154,44.53817367553711,6572547.0
2020-03-31T00:00:00,44.9560550497686,45.56265954742224,44.07985312403896,45.279579162597656,8404019.0
2020-04-01T00:00:00,44.07985740574851,44.740378367832456,43.41933130142275,43.500213623046875,8541860.0
2020-04-02T00:00:00,43.68893260205265,44.95605808312821,42.69140713836472,43.56761169433594,9965988.0
2020-04-03T00:00:00,43.769810793982316,43.81024937866083,42.74532208270318,42.974483489990234,5403058.0
2020-04-06T00:00:00,44.4842553240592,45.899662419558254,44.17421416159685,45.4548225402832,7534162.0
2020-04-07T00:00:00,46.61410659425227,47.66555090646393,46.061418526074185,47.180267333984375,9307597.0
2020-04-08T00:00:00,46.38494351680876,46.883704912707024,45.76486122544971,46.789344787597656,6151615.0
2020-04-09T00:00:00,47.46334708710389,47.80034899225329,46.384942019074,46.76238250732422,3225012.0
2020-04-14T00:00:00,47.18027420203462,47.47683757110764,46.411910147837965,46.66802978515625,8363389.0
2020-04-15T00:00:00,46.587153441240076,46.64106984747655,44.322499827567455,44.34946060180664,7321941.0
2020-04-16T00:00:00,44.68645695466638,45.117819003838704,43.16320682601591,43.66196823120117,5591974.0
2020-04-17T00:00:00,45.21217368286956,45.94009898147706,44.969531916667066,45.508731842041016,7731512.0
2020-04-20T00:00:00,46.007506092146514,46.02098390710269,44.41685653076027,45.306541442871094,4396247.0
2020-04-21T00:00:00,44.753856667793194,44.753856667793194,43.41932678222656,43.41932678222656,4644372.0
2020-04-22T00:00:00,44.025929101263564,46.357981689982424,44.025929101263564,46.1827392578125,6370651.0
2020-04-23T00:00:00,46.25014506703287,47.072425427283704,45.30653866839873,46.6815071105957,5572123.0
2020-04-24T00:00:00,45.872700186252075,46.546704033324794,45.40089955019767,46.06142044067383,4716480.0
2020-04-27T00:00:00,46.92414945879158,47.786873556137955,46.77586779038994,47.30158996582031,3325438.0
2020-04-28T00:00:00,47.50379159633152,49.525803060594235,47.16678968562106,48.94615936279297,7335775.0
2020-04-29T00:00:00,49.00007348237669,53.691144386549176,48.19127099116948,53.48894119262695,14490602.0
2020-04-30T00:00:00,53.52938138219951,54.82346746389355,52.35661619205435,54.14946365356445,6925467.0
2020-05-04T00:00:00,51.898296664220126,52.03309537788002,49.68756484985351,49.687564849853516,10473810.0
2020-05-05T00:00:00,50.57724833444272,51.31865152359991,50.24024641734935,50.65813064575195,6169652.0
2020-05-06T00:00:00,50.65813630965327,50.8198958081163,49.24272398581607,49.44492721557617,5001617.0
2020-05-07T00:00:00,49.431440630076075,50.38853001949475,49.080960885420076,50.307647705078125,4435085.0
2020-05-08T00:00:00,50.644648445674,50.94121178266183,50.03804395739946,50.8064079284668,5550692.0
2020-05-11T00:00:00,51.089496049646115,51.29169412786091,49.32360403668451,50.105445861816406,4346325.0
2020-05-12T00:00:00,49.876284474606656,51.102971265454634,49.72800280611274,50.8064079284668,5027238.0
2020-05-13T00:00:00,50.05152756231583,50.091966147977566,48.27215780182106,48.35303497314453,4729023.0
2020-05-14T00:00:00,48.1912739878293,48.21823475817814,46.3984213264399,47.557708740234375,6130692.0
2020-05-15T00:00:00,48.20475392030844,49.242720484268595,47.84079636020732,48.00255584716797,5546760.0
2020-05-18T00:00:00,48.703523913238016,50.67161409374653,48.60916377733978,50.6446533203125,5135657.0
2020-05-19T00:00:00,50.81989239404114,51.12993355453415,49.72800428272468,50.833370208740234,5648269.0
2020-05-20T00:00:00,50.348083038842134,51.17036851778278,49.87628242415867,50.15936279296875,3240569.0
2020-05-22T00:00:00,49.835851633361116,51.15689870328389,48.91920588815072,50.25373077392578,4956330.0
2020-05-25T00:00:00,50.55028797590666,51.06253233389006,50.240246826723386,51.049049377441406,2754339.0
2020-05-26T00:00:00,51.57477055670938,53.31370166374038,51.57477055670938,53.11150360107422,5422447.0
2020-05-27T00:00:00,53.38110396836956,55.618796591011765,53.3137046104223,54.70215606689453,5886800.0
2020-05-28T00:00:00,55.295276835123495,56.30628261677978,54.91783632215571,56.15800094604492,6183368.0
2020-05-29T00:00:00,55.335713261934075,55.83447465493096,54.76955251457131,55.079593658447266,10449101.0
2020-06-01T00:00:00,55.53791899042766,56.602846321409366,55.33571577590256,56.48152542114258,5169769.0
2020-06-02T00:00:00,56.61631887038143,58.36872771173077,56.34671632350287,57.99128723144531,7274764.0
2020-06-03T00:00:00,58.30133782740915,59.44714240989507,57.95085805912552,58.54397964477539,7730453.0
2020-06-04T00:00:00,57.950850951998035,58.503533881052725,56.980283801564006,57.96432876586914,8724054.0
2020-06-05T00:00:00,58.82705125445546,59.46061647642286,58.27436834026294,58.84053421020508,6624020.0
2020-06-08T00:00:00,58.32829603448958,59.86502404870482,58.031732683591386,58.678775787353516,6819010.0
2020-06-09T00:00:00,58.94837891998931,59.00230046470314,56.589365332295465,57.896934509277344,6680041.0
2020-06-10T00:00:00,57.964327097464924,58.89445049503146,56.54892013864943,56.737640380859375,7197973.0
2020-06-11T00:00:00,55.45703751054486,55.45703751054486,53.12498474121094,53.12498474121094,9799453.0
2020-06-12T00:00:00,52.424014944397165,54.203384571913375,52.16789535061137,52.761016845703125,11013030.0
2020-06-15T00:00:00,51.65565102079884,53.19237886799549,51.07600733917331,52.761016845703125,7930779.0
2020-06-16T00:00:00,53.94726664682243,54.52691034637748,52.1544140081426,53.98770523071289,11126186.0
2020-06-17T00:00:00,54.12250908074958,54.89087302811491,53.83942356679307,53.98770523071289,5466333.0
2020-06-18T00:00:00,53.74506983894613,54.419073742617734,53.13846529719334,53.286746978759766,10845685.0
2020-06-22T00:00:00,52.94974264759001,53.81246678276387,52.518380580003075,53.448509216308594,4548213.0
2020-06-23T00:00:00,53.758542197483955,55.281787017040365,53.59677759008272,54.567344665527344,4848915.0
2020-06-24T00:00:00,54.45951593255679,54.76955710240369,53.24630688338061,53.25978469848633,4819046.0
2020-06-25T00:00:00,52.84190358855029,55.98275889838677,52.55882320183053,55.71316146850586,9947342.0
2020-06-26T00:00:00,56.88592756406739,56.96680473730153,53.6911506652832,53.6911506652832,7129844.0
2020-06-29T00:00:00,53.718104857912294,55.21439422961539,53.32718653250766,54.863914489746094,4266947.0
2020-06-30T00:00:00,54.86391085221578,55.17395198599371,53.906826681565526,54.39210510253906,3689257.0
2020-07-01T00:00:00,54.68867133710749,55.38963594996675,53.8394250562263,54.78303146362305,4608103.0
2020-07-02T00:00:00,55.376158545456455,56.562401613926845,55.29527623259841,56.508480072021484,4798051.0
2020-07-03T00:00:00,56.414121764718615,56.616324982266136,55.60531917901139,55.65924072265625,3326442.0
2020-07-06T00:00:00,56.68372555255904,57.9238953716977,56.68372555255904,57.76213073730469,4395788.0
2020-07-07T00:00:00,57.640804891452284,57.829530282065896,57.142043500433346,57.29032516479492,3348089.0
2020-07-08T00:00:00,56.95332634298524,58.355255610181274,56.710684541268954,57.775611877441406,3854612.0
2020-07-09T00:00:00,58.05868980858409,58.597894932301664,56.75112072602572,56.8050422668457,3409025.0
2020-07-10T00:00:00,56.61631887038143,58.09912516485221,56.31975555459092,57.99128723144531,3546561.0
2020-07-13T00:00:00,58.77313223776585,59.90545888399486,58.597894943429345,59.676300048828125,5368133.0
2020-07-14T00:00:00,59.27190211561095,61.14563205595057,58.82705709206712,60.88950729370117,8638093.0
2020-07-15T00:00:00,59.6493412327817,60.22898496009538,57.964331593437585,59.89198303222656,14935781.0
2020-07-16T00:00:00,59.878498130189705,62.10271283876262,59.649339294959404,61.77919387817383,9799954.0
2020-07-17T00:00:00,62.08923582435517,62.11619659512501,60.916465435952794,61.72527313232422,5413818.0
2020-07-20T00:00:00,61.469146645206315,61.927469450867775,60.59294476001661,60.83558654785156,4628902.0
2020-07-21T00:00:00,61.172592652886884,61.81963575072026,60.40422865281967,60.59294891357422,4615829.0
2020-07-22T00:00:00,60.606433446958505,60.75471513748681,59.93242950255129,60.4177131652832,4070884.0
2020-07-23T00:00:00,60.66034813756218,61.22650891857021,60.20202530149983,60.36378479003906,2474800.0
2020-07-24T00:00:00,59.75718573754831,60.094187673422844,59.298862899069285,59.48758316040039,3055055.0
2020-07-27T00:00:00,59.285368126956506,59.47408835067743,58.66528592266193,58.961849212646484,2574386.0
2020-07-28T00:00:00,59.12362216774047,59.743704513600015,59.042739849577295,59.60890579223633,3098284.0
2020-07-29T00:00:00,59.635859237072616,60.06722126312181,59.12361490279883,59.56845474243164,3462669.0
2020-07-30T00:00:00,59.54150123181915,59.54150123181915,56.91289017207416,57.411651611328125,4851280.0
2020-07-31T00:00:00,57.640809088914494,58.409178236763445,56.95332739945992,57.04768753051758,5216929.0
2020-08-03T00:00:00,57.0072445715473,58.20697055347764,56.333240748688354,57.96432876586914,3688129.0
2020-08-04T00:00:00,58.301334424532186,58.74617944448658,57.3712109404113,57.5329704284668,4066610.0
2020-08-05T00:00:00,58.09913201396875,58.09913201396875,57.23640787604632,57.47904968261719,2945674.0
2020-08-06T00:00:00,57.42512843890945,58.490055801960246,57.10160945661649,58.0047721862793,3507064.0
2020-08-07T00:00:00,57.802576343586765,57.95085802547355,57.22293257379753,57.546451568603516,2082766.0
2020-08-10T00:00:00,58.09913689009037,58.75966300613444,57.8430172470996,58.51702117919922,2172606.0
2020-08-11T00:00:00,58.81357765872279,59.716740353560866,58.74617830186404,59.2314567565918,3232829.0
2020-08-12T00:00:00,59.17753885706669,59.58194013021415,58.395691939039246,58.43613052368164,4028026.0
2020-08-13T00:00:00,58.12609466996385,58.86749792863021,57.99129594738511,58.463096618652344,1874487.0
2020-08-14T00:00:00,58.355255610181274,58.355255610181274,57.24988968780324,57.775611877441406,3384288.0
2020-08-17T00:00:00,57.789087240497985,58.35525313456455,57.344247384383905,57.57340621948242,2240668.0
2020-08-18T00:00:00,57.39817816168741,57.613859217410266,56.72417421977323,56.83201217651367,3084836.0
2020-08-19T00:00:00,56.737644738116686,57.384687822059014,56.683723195561164,57.35772705078125,1990542.0
2020-08-20T00:00:00,56.751121520996094,57.04768485741914,56.387163970965744,56.751121520996094,2737778.0
2020-08-21T00:00:00,56.818532267132134,57.15553422567446,56.44108657684031,56.953330993652344,2290737.0
2020-08-24T00:00:00,57.29033332945517,58.36873857544361,57.26337255552523,58.34177780151367,3719002.0
2020-08-25T00:00:00,58.63834268580241,59.54150549567541,58.28786290015189,58.36874008178711,3726250.0
2020-08-26T00:00:00,58.15304950313268,58.80009256145613,58.031728608306956,58.719215393066406,1771243.0
2020-08-27T00:00:00,58.705733351019006,58.705733351019006,57.9373693859047,58.32829284667969,2922087.0
2020-08-28T00:00:00,58.557454795848244,59.56846060812475,58.24741363048576,58.81357955932617,5042183.0
2020-08-31T00:00:00,59.083176615038575,59.474094917808365,57.789085388183594,57.789085388183594,3370431.0
2020-09-01T00:00:00,58.57093173616312,58.63833108827617,57.10160323423852,57.73516845703125,2722262.0
2020-09-02T00:00:00,57.964332491442406,58.220452109383736,57.5329704284668,57.5329704284668,4166713.0
2020-09-03T00:00:00,58.07217526170041,58.50353732232425,56.71068457978528,57.00724792480469,4079216.0
2020-09-04T00:00:00,56.80504086422142,57.60036557383413,56.292796523562124,56.441078186035156,3487297.0
2020-09-07T00:00:00,57.007246961976,57.70821158421109,56.616323494187746,57.60036849975586,3059856.0
2020-09-08T00:00:00,57.62732672976725,57.9508508266257,56.71068112128289,56.76460266113281,2702754.0
2020-09-09T00:00:00,56.360196431219045,57.51947858240927,56.27931412857017,57.398162841796875,3615200.0
2020-09-10T00:00:00,57.49252381635624,57.7486433985446,56.57587827493167,57.20943832397461,6076281.0
2020-09-11T00:00:00,56.99375646116983,57.290319761925026,56.3467134668099,56.4949951171875,3840056.0
2020-09-14T00:00:00,56.69720110382483,56.872438388164625,56.131035241887645,56.454559326171875,2902815.0
2020-09-15T00:00:00,56.414119042886995,56.8185254584705,55.76707597709104,56.131038665771484,4897110.0
2020-09-16T00:00:00,56.44108784000531,57.64081401650744,56.30628911046827,57.519493103027344,5248220.0
2020-09-17T00:00:00,57.020721465232434,57.10160377387704,56.481521500991406,56.81852340698242,4488405.0
2020-09-18T00:00:00,56.495004445728654,56.75112406633679,54.78303399073791,54.850433349609375,10968672.0
2020-09-21T00:00:00,54.24383354191312,54.257311356682585,52.69362258911133,52.69362258911133,7625495.0
2020-09-22T00:00:00,52.92278228783157,53.340666543792196,52.28922213863893,52.437503814697266,4721673.0
2020-09-23T00:00:00,51.3590882506642,53.70462377139079,51.34561043705402,52.612735748291016,5484331.0
2020-09-24T00:00:00,51.92525402880404,52.6936179591872,51.87133248998112,51.97917556762695,3731202.0
2020-09-25T00:00:00,52.14093545469622,52.572297484213045,51.345610748604386,51.60173034667969,3872856.0
2020-09-28T00:00:00,52.57229562673034,53.55634054318742,52.10049503056627,53.48894119262695,5159526.0
2020-09-29T00:00:00,53.4080579324885,53.44850165589492,52.639694036896024,53.313697814941406,3182833.0
2020-09-30T00:00:00,53.003665633427175,54.082070831729744,52.88234472722803,53.677669525146484,4195168.0
2020-10-01T00:00:00,53.960748630921515,54.203390437498406,53.596785921056174,53.74506759643555,2585588.0
2020-10-02T00:00:00,53.36762264528361,54.02814865112305,53.1115030450248,54.02814865112305,3319942.0
2020-10-05T00:00:00,54.59431522949748,54.98523872083434,54.40559496257392,54.87739562988281,3278283.0
2020-10-06T00:00:00,54.93130879106778,55.95579228752995,54.783027134762804,55.69967269897461,3710862.0
2020-10-07T00:00:00,55.45704103165047,55.686205035593076,55.133522033691406,55.133522033691406,2528569.0
2020-10-08T00:00:00,55.362673463205915,55.470516542876,54.94478924284594,55.227874755859375,2650659.0
2020-10-09T00:00:00,55.25483106889806,55.457029113608485,54.62126588254264,54.80998611450195,2361138.0
2020-10-12T00:00:00,55.98276107362012,56.791568821413456,55.71316363326389,56.0232048034668,6017122.0
2020-10-13T00:00:00,56.13104137365581,56.19844073209083,55.09307479858398,55.093074798583984,4059171.0
2020-10-14T00:00:00,55.146994463820924,56.56240151171063,55.03915652244634,56.077117919921875,4715998.0
2020-10-15T00:00:00,56.36020161812613,56.36020161812613,55.483994589966905,56.090599060058594,3679912.0
2020-10-16T00:00:00,56.42760427687262,57.06116955410113,55.92884285769347,56.87244415283203,4776367.0
2020-10-19T00:00:00,56.88592839019713,57.600370856095175,56.7646074863426,57.371212005615234,3408125.0
2020-10-20T00:00:00,57.29032403673539,58.13957027993095,56.95332213063695,57.58688735961914,3497236.0
2020-10-21T00:00:00,57.97780443838658,58.0182481629883,56.468037370771825,56.548919677734375,5659771.0
2020-10-22T00:00:00,56.05015722181121,56.45455846431208,53.92030279320407,55.94231414794922,6306642.0
2020-10-23T00:00:00,56.75112061526707,57.11508330172993,56.144521280070116,56.373680114746094,4795367.0
2020-10-26T00:00:00,55.78056379547967,55.861440971852936,54.729114222452594,54.76955795288086,4342257.0
2020-10-27T00:00:00,54.93131871709357,55.26832067241316,53.30023048748476,53.70463180541992,4558805.0
2020-10-28T00:00:00,53.24630142355415,53.24630142355415,51.69609059103528,52.0330924987793,5821171.0
2020-10-29T00:00:00,51.84437747865566,52.26226173758404,50.927731785822886,51.62869644165039,4023569.0
2020-10-30T00:00:00,51.237769205359335,51.628692663272645,50.927728058744314,51.42649459838867,2465098.0
2020-11-02T00:00:00,51.9252595068112,52.868865966796875,51.07601317859994,52.868865966796875,3614295.0
2020-11-03T00:00:00,53.38109939325587,54.39210510253906,53.15194056742734,54.39210510253906,3641246.0
2020-11-04T00:00:00,53.084539806227085,55.227872058706346,52.81493726245947,54.93130874633789,4242586.0
2020-11-05T00:00:00,55.20092349624804,55.20092349624804,54.39211568609994,55.012203216552734,4026551.0
2020-11-06T00:00:00,54.76955356779462,55.64575547588278,54.4325516472435,54.9178352355957,3440439.0
2020-11-09T00:00:00,55.416601307469946,59.52802405616512,55.416601307469946,59.46062469482422,12295853.0
2020-11-10T00:00:00,59.39321899887837,61.69831084968191,58.90793542139529,60.92994689941406,10545241.0
2020-11-11T00:00:00,60.29638416018982,61.900511481460875,59.94590441870518,60.99734878540039,5867564.0
2020-11-12T00:00:00,60.21549313203637,61.46914053039323,60.08069443764469,60.72773742675781,6193660.0
2020-11-13T00:00:00,60.43118986449588,60.9164683347217,60.13462651415665,60.78166961669922,5029979.0
2020-11-16T00:00:00,60.781678769039274,62.682369775909414,60.660357847654275,61.2400016784668,6435955.0
2020-11-17T00:00:00,61.19955311051431,61.806152476327526,61.06474925192361,61.46915054321289,4364201.0
2020-11-18T00:00:00,61.44219136199259,61.725271735307125,61.132145076277304,61.36130905151367,3348476.0
2020-11-19T00:00:00,60.80861980949895,61.833103258061904,60.66033816012681,61.49610137939453,3789504.0
2020-11-20T00:00:00,61.428711512344194,62.12967614522041,61.28042984008789,61.28042984008789,3510902.0
2020-11-23T00:00:00,61.334347456420566,62.12967216758907,61.23998733325151,61.617427825927734,2920383.0
2020-11-24T00:00:00,61.46914994081627,62.95196151733399,61.22650813997231,62.951961517333984,4269037.0
2020-11-25T00:00:00,63.31592653880302,63.531607576096654,62.22403839499309,62.92500305175781,5213373.0
2020-11-26T00:00:00,63.154159589876386,63.221564089631876,62.73628048794395,62.951961517333984,3153513.0
2020-11-27T00:00:00,62.70931971649002,63.28896344714601,62.561038044614115,62.951961517333984,2711666.0
2020-11-30T00:00:00,62.884567845400426,62.884567845400426,61.10519790649414,61.10519790649414,7797939.0
2020-12-01T00:00:00,61.064751094423194,61.92747524646891,61.05127327927817,61.819637298583984,2667116.0
2020-12-02T00:00:00,61.59046260454196,62.237505606180875,61.29390444269121,62.10270690917969,3291499.0
2020-12-03T00:00:00,61.99487708445035,62.089237213134766,61.455671941475416,62.089237213134766,2996139.0
2020-12-04T00:00:00,62.08922965221624,62.426231539976826,61.80614415839441,61.95442581176758,2845885.0
2020-12-07T00:00:00,61.698323253453985,61.84660494774435,60.55251343354617,60.87603759765625,4717792.0
2020-12-08T00:00:00,60.660353223212084,61.15911468766411,60.35031203491802,60.86255645751953,3258780.0
2020-12-09T00:00:00,60.86254765916314,61.53655148643077,60.741226764565326,61.36130905151367,4222014.0
2020-12-10T00:00:00,61.28042681998882,61.44219144115507,59.8650198093514,60.4581413269043,4321353.0
2020-12-11T00:00:00,60.4851049294496,60.498587886298715,59.32581746801083,59.64934158325195,3198044.0
2020-12-14T00:00:00,59.878500427273345,60.52554865775559,59.64934158325195,59.64934158325195,3693648.0
2020-12-15T00:00:00,59.50105816976541,59.95938098663444,55.13351616641691,58.19348907470703,17223048.0
2020-12-16T00:00:00,57.76212681511554,58.624856046572184,56.96680208119982,57.33076477050781,6910058.0
2020-12-17T00:00:00,57.19596260773005,57.60036385736119,56.50847585534033,56.885921478271484,5494410.0
2020-12-18T00:00:00,56.80504195870363,57.964329368838996,55.87491852468954,57.61384963989258,9088296.0
2020-12-21T00:00:00,56.50848350196794,57.0746494418568,55.767080253612,56.1175651550293,5100634.0
2020-12-22T00:00:00,56.252356130714126,56.75111749933815,55.83447192648051,56.454559326171875,2709465.0
2020-12-23T00:00:00,56.1714833460479,57.303810119628906,56.00972384760539,57.303810119628906,2537442.0
2020-12-28T00:00:00,57.586887329973216,57.910406280006214,57.23640246815631,57.789085388183594,1721102.0
2020-12-29T00:00:00,57.78908773108689,58.03172952456939,57.371208641832396,57.55992889404297,2365874.0
2020-12-30T00:00:00,57.45209245246728,57.96433686927931,56.953330993652344,56.953330993652344,3496340.0
2021-01-04T00:00:00,57.290337600263456,57.654300362087135,56.62981144534443,56.8994140625,3858810.0
2021-01-05T00:00:00,56.68372349342633,57.37121030901861,56.48152542114258,56.48152542114258,2109958.0
2021-01-07T00:00:00,57.53296978456194,59.3123395599821,56.89940451192672,59.217979431152344,7392851.0
2021-01-08T00:00:00,59.29886722318829,59.40670517656621,57.829538469941085,57.91041564941406,4568473.0
2021-01-11T00:00:00,57.91040721987135,58.193487591304766,57.03420533559063,57.19596481323242,3734817.0
2021-01-12T00:00:00,57.34424774246715,58.77313258727738,57.222926845998245,58.6652946472168,4009538.0
2021-01-13T00:00:00,58.65181492694807,58.94837827739978,58.16653645653819,58.81357955932617,2873724.0
2021-01-14T00:00:00,58.840537660135,60.296383289754836,58.840537660135,59.85154342651367,3961781.0
2021-01-15T00:00:00,59.68978634550714,60.660353649415185,59.64934775525827,60.053749084472656,6041954.0
2021-01-18T00:00:00,59.94589986253857,60.28290176391602,59.595415005451095,60.282901763916016,2164718.0
2021-01-19T00:00:00,60.66034224794167,61.83310742490775,60.12113714884138,60.282901763916016,5626789.0
2021-01-20T00:00:00,60.33682459119037,61.02431142293287,59.972867024081374,60.78166961669922,3461808.0
2021-01-21T00:00:00,61.32087388421508,62.66888161386179,60.91646745152794,62.372318267822266,6008713.0
2021-01-22T00:00:00,61.860067267941155,62.83063437489435,61.63090844671101,62.54755401611328,3296282.0
2021-01-25T00:00:00,62.345365222789496,62.65540642196352,61.01083514246113,61.17259979248047,3855221.0
2021-01-26T00:00:00,61.33434532234191,62.19706935686467,61.01082123827545,61.87355041503906,4076046.0
2021-01-27T00:00:00,63.612479599455796,64.15168472014257,62.04879092015352,62.22403335571289,7934573.0
2021-01-28T00:00:00,62.34534629573057,62.76323046805447,59.945894613541576,62.46666717529297,6659887.0
2021-01-29T00:00:00,62.318402961364164,62.803686615363105,61.33435783730717,61.57699966430664,5347327.0
2021-02-01T00:00:00,61.7117884051863,62.304915060622285,60.90298587426224,61.806148529052734,4299333.0
2021-02-02T00:00:00,62.25099225935038,62.31839161185495,61.37478525006808,61.671348571777344,3359304.0
2021-02-03T00:00:00,62.30492091967009,62.49364118514989,61.38827522256112,61.819637298583984,4027284.0
2021-02-04T00:00:00,62.021834121295875,63.38332482420084,61.90051321848495,63.086761474609375,5624570.0
2021-02-05T00:00:00,63.08676283121907,63.248522324364934,62.07575700013466,62.250999450683594,3291569.0
2021-02-08T00:00:00,62.35883116860266,63.67988318107624,62.19707169161774,63.38331985473633,4126832.0
2021-02-09T00:00:00,63.410284079514,63.518122022632475,62.80367957996838,63.05979919433594,2375278.0
2021-02-10T00:00:00,63.30243348229738,63.80119997953781,62.62842970550399,63.491153717041016,2746196.0
2021-02-11T00:00:00,63.450733882618756,63.67989790840073,62.74976913058306,63.5316162109375,2833843.0
2021-02-12T00:00:00,63.531598881023584,63.801201426302626,63.005876745961906,63.65291976928711,1834690.0
2021-02-15T00:00:00,64.01689100680905,65.32445504181561,63.855126372634636,65.23009490966797,4322221.0
2021-02-16T00:00:00,65.18965297614544,65.99845553653661,64.97397195055838,65.98497772216797,3821439.0
2021-02-17T00:00:00,65.64797361396676,65.90409321637902,64.7582887702428,64.90657043457031,3202037.0
2021-02-18T00:00:00,64.90657837474501,65.29749673314548,64.51565487410282,64.86613464355469,3155439.0
2021-02-19T00:00:00,65.01440950331504,65.45925450403382,64.65044681424726,65.37837219238281,4361677.0
2021-02-22T00:00:00,65.16269439739919,65.5940564630854,64.92005259267052,65.52665710449219,4014290.0
2021-02-23T00:00:00,65.58057980813767,65.8636602045806,64.40780935046006,65.23009490966797,3624527.0
2021-02-24T00:00:00,65.04137086351348,65.82321778983773,64.8122120251199,65.79625701904297,4546926.0
2021-02-25T00:00:00,66.09280889000674,67.359939284924,66.0658481217914,66.4972152709961,6142567.0
2021-02-26T00:00:00,65.35140554126092,66.83421693465327,65.33792772831913,65.49968719482422,5877394.0
2021-03-01T00:00:00,65.48621755458194,66.83422527558453,65.43229601160391,66.68594360351562,3992068.0
2021-03-02T00:00:00,66.68593840432132,67.46778014758074,66.37589726973216,67.09033966064453,3829563.0
2021-03-03T00:00:00,67.35993789886432,68.0069808959961,67.10381317720922,68.0069808959961,3468603.0
2021-03-04T00:00:00,68.04067899819397,69.15278625488281,67.87217805452114,69.15278625488281,5499524.0
2021-03-05T00:00:00,68.95059076078816,69.52349296203997,68.10808601122936,69.01799011230469,4177413.0
2021-03-08T00:00:00,69.48979742190814,71.57920837402344,69.32129645573366,71.57920837402344,6286412.0
2021-03-09T00:00:00,71.37700230015948,71.444401650627,70.36599661642418,70.66929626464844,5095037.0
2021-03-10T00:00:00,70.2986047701866,71.00630573900241,70.09640155495843,70.80410766601562,3678726.0
2021-03-11T00:00:00,70.77040524302667,71.44440910248406,70.39970106342855,71.34330749511719,3833089.0
2021-03-12T00:00:00,71.27590988601557,71.91621151131012,71.07370666632175,71.64661407470703,4385661.0
2021-03-15T00:00:00,71.7140116747153,72.32061617667523,71.10740717275536,71.34330749511719,3176707.0
2021-03-16T00:00:00,71.37700024592945,72.08470111883202,70.83779517322596,71.17479705810547,4117069.0
2021-03-17T00:00:00,71.17480147566853,71.61290498165154,70.60189926426352,71.20850372314453,5804989.0
2021-03-18T00:00:00,71.309614053935,71.74771247131443,70.97261210687905,71.68031311035156,4810013.0
2021-03-19T00:00:00,71.17480827616866,72.35431505915237,70.90520569732409,71.64661407470703,5148154.0
2021-03-22T00:00:00,71.44440332129625,72.08470487907186,71.14110366597957,71.51180267333984,2965520.0
2021-03-23T00:00:00,71.27590732843103,71.91620893074973,70.93890540252828,71.78141021728516,3025382.0
2021-03-24T00:00:00,71.24219395149662,73.70230865478516,71.14109750330927,73.70230865478516,5208555.0
2021-03-25T00:00:00,73.63491339381436,73.66861563990692,72.1521071260755,72.6913070678711,5021232.0
2021-03-26T00:00:00,73.12941272449397,73.9045181274414,72.89351242157284,73.9045181274414,4584249.0
2021-03-29T00:00:00,73.90452584506748,74.44372585915985,73.5675239079192,73.76972198486328,5296794.0
2021-03-30T00:00:00,74.14042563328769,75.21883079586904,74.00562691630556,75.11772918701172,5162206.0
2021-03-31T00:00:00,75.22268855857405,75.71250858117473,74.24304317473481,74.48795318603516,5371488.0
2021-04-01T00:00:00,74.48796316848254,74.9078150597068,73.99814308023899,74.8728256225586,1566138.0
2021-04-06T00:00:00,75.25768807663465,75.71251872773,74.5929261412886,74.8728256225586,5166129.0
2021-04-07T00:00:00,74.80284383358014,76.13236221894216,74.80284383358014,75.85246276855469,4580847.0
2021-04-08T00:00:00,75.85246262123056,76.34228265447881,75.22269019374141,75.57256317138672,3373979.0
2021-04-09T00:00:00,75.57256001122214,75.88744354248047,74.9078035169489,75.88744354248047,2841255.0
2021-04-12T00:00:00,75.71250930600233,76.0623822793917,75.2226892787124,75.9924087524414,3272519.0
2021-04-13T00:00:00,75.85246828327537,76.44725132194269,75.39763231065743,76.02740478515625,3580080.0
2021-04-14T00:00:00,75.57255972928779,75.78248564176867,74.34800436330396,75.22268676757812,4050337.0
2021-04-15T00:00:00,74.3480039197047,74.83782392772062,73.89316800446838,74.27803039550781,4651966.0
2021-04-16T00:00:00,74.27803537514721,75.81747436523438,74.17307241249627,75.81747436523438,4342737.0
2021-04-19T00:00:00,75.2226876779285,75.7125076947948,74.5579311780903,74.80284118652344,5010203.0
2021-04-20T00:00:00,74.52294728228222,74.6628943436012,72.07383633873305,72.49368286132812,5102270.0
2021-04-21T00:00:00,72.49368613415022,73.54330515734344,72.0038660587821,72.56365966796875,4138734.0
2021-04-22T00:00:00,72.77358773597471,72.80857717322628,71.8639157538196,72.38872528076172,2951670.0
2021-04-23T00:00:00,72.35373709125793,73.05348308761702,72.03884818971336,73.01849365234375,3101511.0
2021-04-26T00:00:00,73.01848973912293,74.0681086774102,72.63363266493373,73.92816162109375,2843482.0
2021-04-27T00:00:00,73.92815743588567,74.45296687531888,72.77357560140507,74.27803039550781,3971841.0
2021-04-28T00:00:00,74.87281916401592,75.32765511451561,72.63363418428564,75.11772918701172,6358097.0
2021-04-29T00:00:00,75.43261640772387,77.67180133786478,75.36263754101361,76.13236236572266,7014030.0
2021-04-30T00:00:00,76.13236775401245,76.86709785872911,75.81747884744385,76.02740478515625,2395242.0
2021-05-03T00:00:00,76.02741231584457,76.86710547259095,74.97779320059215,75.74751281738281,4383409.0
2021-05-04T00:00:00,75.7474971268443,76.23731714371057,74.80284118652344,74.80284118652344,4553736.0
2021-05-05T00:00:00,75.57256472432152,76.83210960518211,75.53757529038282,76.76213073730469,3946491.0
2021-05-06T00:00:00,76.72714469082236,77.21696472167969,75.78248872351868,77.21696472167969,3806313.0
2021-05-07T00:00:00,77.25195493580975,77.42689142554725,75.92243654607711,76.51721954345703,3437104.0
2021-05-10T00:00:00,76.86710042247346,77.18198933954453,75.99241788389584,77.0770263671875,2993307.0
2021-05-11T00:00:00,76.20233653617846,76.51722008447717,75.15271759033203,75.15271759033203,3694986.0
2021-05-12T00:00:00,74.94279044952417,75.29266342579518,74.55793337880881,75.01276397705078,1953645.0
2021-05-14T00:00:00,75.92244434853734,77.25196287490303,75.36264538839225,77.0770263671875,3589827.0
2021-05-17T00:00:00,76.97205429777092,77.0420278248595,75.74749888848821,76.27230834960938,2710737.0
2021-05-18T00:00:00,76.48224083462398,76.83211383873729,76.02740486154902,76.41226196289062,3373435.0
2021-05-19T00:00:00,75.50258964358525,76.69215563212411,75.08274313813847,75.57256317138672,4165742.0
2021-05-20T00:00:00,75.8174756725838,76.37727459061634,75.18770322445671,76.34228515625,2617141.0
2021-05-21T00:00:00,76.41225896088802,77.04203141127782,76.0973754050122,76.90208435058594,3140509.0
2021-05-24T00:00:00,77.0420379047924,77.53186333577541,76.13237125634726,76.65718078613281,2356056.0
2021-05-25T00:00:00,76.65717746277275,77.49687053857053,76.2723150221597,76.6921615600586,3022416.0
2021-05-26T00:00:00,76.5172165841932,76.5522060162427,73.8581852462026,74.80284118652344,6479324.0
2021-05-27T00:00:00,74.62790768393586,75.39762717202476,74.27803470401926,74.31301879882812,11412133.0
2021-05-28T00:00:00,74.41798321351625,75.2926656803856,74.34800968389432,75.11772918701172,3319307.0
2021-05-31T00:00:00,75.117727763383,75.1527171968499,74.20806121826172,74.20806121826172,3201039.0
2021-06-01T00:00:00,74.73286675663968,75.29266029219251,74.41797788791835,75.22268676757812,2890590.0
2021-06-02T00:00:00,75.1177240915752,76.06238002398793,74.94278761006774,75.88744354248047,3620998.0
2021-06-03T00:00:00,75.85246287278567,76.30729881296057,75.22269044320795,76.23731994628906,2487780.0
2021-06-04T00:00:00,76.23731984152923,76.65717168642944,75.43261626229247,75.85246276855469,2676440.0
2021-06-07T00:00:00,75.81747553487692,76.2373220533197,75.43261845073694,76.06238555908203,2437489.0
2021-06-08T00:00:00,76.20233257147808,76.41225314654267,75.88744370092455,76.16734313964844,439194.0
2021-06-09T00:00:00,76.2023378634116,76.41225845305429,75.36263948892642,75.67752838134766,2900026.0
2021-06-10T00:00:00,75.64254118876117,76.23732421833246,75.4676046895556,75.7824935913086,3165126.0
2021-06-11T00:00:00,75.712510520013,76.30729885522236,75.32765344629645,76.13236236572266,2249892.0
2021-06-14T00:00:00,76.13235904645654,76.79711554211772,75.78248608271113,76.16734313964844,2694038.0
2021-06-15T00:00:00,75.92243654607711,76.69215603319454,75.92243654607711,76.51721954345703,2512895.0
2021-06-16T00:00:00,76.62218132369016,76.90208077068236,75.88744594266535,76.27230834960938,2317541.0
2021-06-17T00:00:00,76.34228217513466,78.19661001273927,76.27230864777253,76.83210754394531,3451356.0
2021-06-18T00:00:00,76.3422859636495,77.04203194927166,75.60755588192916,75.64253997802734,3766321.0
2021-06-21T00:00:00,75.08273942334523,76.8670883178711,74.52294055135415,76.8670883178711,3255647.0
2021-06-22T00:00:00,76.97206567872946,78.02168475616668,76.76213972778653,77.56684875488281,2310740.0
2021-06-23T00:00:00,77.706787109375,78.30157007791789,77.4968611964127,77.706787109375,3477409.0
2021-06-24T00:00:00,78.056662996836,79.4211654663086,77.8117476429899,79.4211654663086,3494184.0
2021-06-28T00:00:00,79.52612557110763,79.70106205263727,78.09164428710938,78.09164428710938,2777722.0
2021-06-29T00:00:00,78.16162216743025,78.86136813254113,77.88172805229632,78.02167510986328,2142474.0
2021-06-30T00:00:00,77.81175661419347,78.02168255922528,76.37728045193793,77.35692596435547,2956794.0
2021-07-01T00:00:00,77.42689313024088,78.09164967042403,77.35691960053289,77.98668670654297,1896204.0
2021-07-02T00:00:00,78.33655747647325,78.44152043738342,77.601827427378,77.77676391601562,1965596.0
2021-07-05T00:00:00,77.67179486970448,78.58146667480469,77.39189544208615,78.58146667480469,1854094.0
2021-07-06T00:00:00,78.58147591171218,78.58147591171218,77.0770209827294,77.1819839477539,1981090.0
2021-07-07T00:00:00,77.60183198617597,78.51149857734812,77.21696955310888,78.37155151367188,3117229.0
2021-07-08T00:00:00,77.81175649640959,77.8467459334081,76.69216391475794,77.0770263671875,2525832.0
2021-07-09T00:00:00,77.46186656030979,78.37153833717842,76.9020730610838,78.19660186767578,2371495.0
2021-07-12T00:00:00,78.37154416112526,79.10627952309092,77.60182470584176,79.03630065917969,2847405.0
2021-07-13T00:00:00,79.07129219200837,79.45615459919455,78.47650920342438,78.86136627197266,3119905.0
2021-07-14T00:00:00,78.58147144190792,79.7710374081533,78.51149257677996,79.4561538696289,2966999.0
2021-07-15T00:00:00,81.52040549447032,82.57002444933474,80.22587651786515,81.73033142089844,5966808.0
2021-07-16T00:00:00,82.08020015673635,83.05984019298549,81.83528480903628,82.1851577758789,4387815.0
2021-07-19T00:00:00,82.04522033575459,82.04522033575459,78.47651672363281,78.47651672363281,4556991.0
2021-07-20T00:00:00,78.68642773208157,79.59609957698797,77.70678770050577,78.93134307861328,3473930.0
2021-07-21T00:00:00,79.31621360955988,80.40082212128175,78.79140407265679,80.05094909667969,2138864.0
2021-07-22T00:00:00,80.29585574174894,80.78567581996872,79.5261361879871,79.7010726928711,1986222.0
2021-07-23T00:00:00,79.70107396088524,80.40081999155387,79.35120094555093,80.22588348388672,2557974.0
2021-07-26T00:00:00,80.12091522310605,80.99559770370765,79.66607926546558,80.7156982421875,2666903.0
2021-07-27T00:00:00,80.71569378186014,80.89063026831352,79.94597430919286,80.40081024169922,1811598.0
2021-07-28T00:00:00,80.54076174606718,81.5204071920686,80.36582524994687,80.7156982421875,2211845.0
2021-07-29T00:00:00,80.89063616549895,81.6953451295779,80.64572613433707,81.5204086303711,1874184.0
2021-07-30T00:00:00,81.24050813592069,81.90527002767784,80.4707886168782,81.5553970336914,2136712.0
2021-08-02T00:00:00,81.90527222875725,82.36010286225192,81.6253727583186,81.76531982421875,1404296.0
2021-08-03T00:00:00,81.97524824261738,82.535041861798,81.55540169357229,82.43008422851562,2062315.0
2021-08-04T00:00:00,82.5700270698392,82.84992653441377,82.15018054229648,82.77995300292969,1823283.0
2021-08-05T00:00:00,82.57002506297773,83.65463345985346,82.39508856920024,83.3397445678711,1667366.0
2021-08-06T00:00:00,83.44470964552555,83.6196461437342,82.88491071580258,83.16481018066406,1664536.0
2021-08-09T00:00:00,83.05984837321151,83.51468434262944,82.60501774243193,83.40972137451172,1904289.0
2021-08-10T00:00:00,83.2347784782408,83.54966735839844,82.46505900225199,83.54966735839844,3039562.0
2021-08-11T00:00:00,83.47970248658653,83.79458606075403,83.02486650495914,83.51468658447266,2819031.0
2021-08-12T00:00:00,83.47970029469813,83.61964735984505,82.8849119212279,83.30476379394531,1607747.0
2021-08-13T00:00:00,83.26977443720297,83.93453100523791,83.09483793628448,83.68962097167969,1768512.0
2021-08-16T00:00:00,83.26976947336318,83.40971653030017,82.0102246063781,82.15017700195312,2016784.0
2021-08-17T00:00:00,81.90526040070299,82.39508039925627,81.7653080163752,82.11518096923828,2634159.0
2021-08-18T00:00:00,82.11518925787087,82.39508871614164,80.85564970360953,81.13554382324219,2323989.0
2021-08-19T00:00:00,80.26085651128213,80.57574538483125,79.28121647438563,79.8759994506836,2639241.0
2021-08-20T00:00:00,79.87600559482892,81.66035466097676,79.84101615997498,81.5553970336914,2599907.0
2021-08-23T00:00:00,82.25514297460502,82.36010060183034,81.10056102738272,81.66035461425781,1436756.0
2021-08-24T00:00:00,81.94026058214804,82.01023411873277,81.03059392926941,81.41545104980469,1482821.0
2021-08-25T00:00:00,81.41542974307914,82.22013854980469,81.17051975980718,82.22013854980469,1643441.0
2021-08-26T00:00:00,81.87027545777825,82.43007434850027,81.59037601241725,82.32511138916016,1968418.0
2021-08-27T00:00:00,82.11517560307749,82.39507501480426,81.87026561980551,82.22013854980469,1240771.0
2021-08-30T00:00:00,82.22015053042162,82.6050129449554,81.87027754944111,82.15017700195312,1758832.0
2021-08-31T00:00:00,82.15018205684343,82.2901291223917,80.78567414387528,81.1005630493164,3447161.0
2021-09-01T00:00:00,81.87027965003124,82.36009970051634,81.69534315505254,81.9752426147461,1975410.0
2021-09-02T00:00:00,82.15017414534684,83.40971362989595,81.87027470256776,83.02485656738281,2897707.0
2021-09-03T00:00:00,84.24941956914812,84.5992925695693,82.70997516411194,82.74496459960938,2901775.0
2021-09-06T00:00:00,83.02486681060762,84.56430592786471,82.98987737395422,84.45934295654297,1974873.0
2021-09-07T00:00:00,84.28440215238454,84.63427514652253,83.72460856494669,84.42435455322266,2544587.0
2021-09-08T00:00:00,83.9695170131977,84.03949054298107,83.26977103808771,83.3397445678711,2482630.0
2021-09-09T00:00:00,82.70996635996784,85.33401358380739,82.32510930365402,84.7042465209961,4768667.0
2021-09-10T00:00:00,84.59928747245874,84.63427156721008,83.54966853443477,83.7945785522461,2353174.0
2021-09-13T00:00:00,83.96951663855805,85.0891091260112,83.93452720450341,84.87918853759766,2267523.0
2021-09-14T00:00:00,84.91417460956055,85.19407407259858,84.21442862128458,84.42435455322266,2098863.0
2021-09-15T00:00:00,84.42435361371163,85.50895668028652,84.28440121443097,84.84420013427734,3463520.0
2021-09-16T00:00:00,84.91417194408848,86.17371681890315,84.87918784895577,85.96379089355469,2346313.0
2021-09-17T00:00:00,86.27868640199898,86.9784324220034,85.68389801408448,85.99878692626953,4351547.0
2021-09-20T00:00:00,85.2290630971614,85.2290630971614,83.30476163866639,83.58465576171875,5005706.0
2021-09-21T00:00:00,83.58464346662039,84.42434172817445,82.88489758464404,82.98986053466797,2969577.0
2021-09-22T00:00:00,84.0045089242837,84.56430251769433,83.79458299010578,84.10946655273438,3056491.0
2021-09-23T00:00:00,84.87918621377463,86.97842407226562,84.35437674915188,86.97842407226562,2673550.0
2021-09-24T00:00:00,86.9784290616153,87.01341315808084,85.92881007216043,86.03376770019531,1936607.0
2021-09-27T00:00:00,86.69853463605938,87.85311665929756,86.45362459201215,87.74815368652344,2896886.0
2021-09-28T00:00:00,87.7831360740977,88.41290855982936,85.99878692626953,85.99878692626953,4413987.0
2021-09-29T00:00:00,86.1037414839369,87.2933074662584,86.1037414839369,86.69852447509766,2635971.0
2021-09-30T00:00:00,87.08338154531323,87.46824395416674,86.17371501137265,86.69852447509766,2597342.0
2021-10-01T00:00:00,85.22905929443974,87.3982706831395,84.52931334075349,87.36328125,3661787.0
2021-10-04T00:00:00,87.36327524251034,87.36327524251034,85.82383638571449,86.24368286132812,2287168.0
2021-10-05T00:00:00,86.38363908674751,87.43325805664062,85.9987820009696,87.43325805664062,2202902.0
2021-10-06T00:00:00,87.3283034946987,87.3283034946987,85.7188855489368,86.8384780883789,2356626.0
2021-10-07T00:00:00,87.25832076790894,88.65781271503587,87.18834723828022,88.13300323486328,4281936.0
2021-10-08T00:00:00,87.8181143246331,88.30793434078949,87.50323079119511,88.23796081542969,2499058.0
2021-10-11T00:00:00,88.13300220445926,88.48287518715047,87.53821920161182,88.1679916381836,2120221.0
2021-10-12T00:00:00,87.258324137646,88.48287963867188,86.66354110487538,88.48287963867188,2690038.0
2021-10-13T00:00:00,88.23796965472826,88.37792205810547,87.43326068588384,88.37792205810547,2549604.0
2021-10-14T00:00:00,88.58783839225907,89.28758435955756,88.34292837143222,88.83274841308594,3792713.0
2021-10-15T00:00:00,89.21760689055574,90.23223636287555,89.1126439323687,89.84737396240234,3666314.0
2021-10-18T00:00:00,90.02230421177025,91.59673245962125,89.98732545919349,90.26721954345703,3795806.0
2021-10-19T00:00:00,90.26722776791031,91.45679375032682,90.02231241390874,91.38682556152344,2569990.0
2021-10-20T00:00:00,92.01660077775433,92.85629385852184,90.61710875071626,92.61138916015625,5406472.0
2021-10-21T00:00:00,92.68135793563343,94.81558542568919,92.12155898585664,94.60565948486328,4277358.0
2021-10-22T00:00:00,94.60565807917611,96.94981147522745,94.60565807917611,96.56494903564453,3925695.0
2021-10-25T00:00:00,96.56494276853431,97.5795722781108,96.4599851451311,96.98479461669922,3397223.0
2021-10-26T00:00:00,96.73988188937663,96.8798289501447,95.34038992714333,95.5503158569336,4218771.0
2021-10-27T00:00:00,95.27041625976562,95.51533163743906,94.78059618169569,95.27041625976562,3108960.0
2021-10-28T00:00:00,94.81558227539062,95.72525420389395,94.60565634153961,94.81558227539062,3691805.0
2021-10-29T00:00:00,94.46571222230709,94.67563816270092,93.31113556605631,93.94090270996094,3549946.0
2021-11-01T00:00:00,94.04584674870394,95.72524335184795,94.01086799475796,95.02549743652344,2505242.0
2021-11-02T00:00:00,95.02550868278215,96.0401382446289,94.71062511907473,96.0401382446289,1975537.0
2021-11-03T00:00:00,95.83020862615851,97.61456298828125,95.27040971370955,97.61456298828125,2573110.0
2021-11-04T00:00:00,97.82448976111277,98.34929924408304,96.49496599788901,96.80986022949219,2486331.0
2021-11-05T00:00:00,96.5649518130062,98.38429575575627,96.39001530609859,98.17436981201172,1363235.0
2021-11-08T00:00:00,97.894452858042,99.08402949935662,97.40463283488194,98.06938934326172,2246719.0
2021-11-09T00:00:00,97.96443597390234,98.62919251112716,97.43962649547072,97.61456298828125,2804625.0
2021-11-10T00:00:00,97.96442307681843,98.52422191556948,97.54457127843645,98.1043701171875,4063717.0
2021-11-11T00:00:00,98.10437601214315,99.25896318843377,98.10437601214315,98.7341537475586,2783478.0
2021-11-12T00:00:00,97.92945359013783,98.94408318603013,97.54459114279193,98.87411499023438,3120346.0
2021-11-15T00:00:00,98.72997127705858,100.24335479736328,98.58584213139835,100.24335479736328,2756894.0
2021-11-16T00:00:00,100.3154166863248,100.53161590905498,99.55872490494377,100.1712875366211,2301210.0
2021-11-17T00:00:00,100.17129260721443,100.49558595955055,97.36073555850157,98.11741638183594,4584038.0
2021-11-18T00:00:00,98.04534943365205,98.69393608627708,97.61295100100274,98.40567779541016,2808865.0
2021-11-19T00:00:00,98.51376815673055,98.838061470703,96.38783310252403,97.93724060058594,3839521.0
2021-11-22T00:00:00,97.7570771604614,99.66682401725583,97.7570771604614,99.3064956665039,2785393.0
2021-11-23T00:00:00,98.72997003000339,99.23442753161686,97.82914913556905,98.80204010009766,2337778.0
2021-11-24T00:00:00,98.8741036961735,100.09921796936905,98.5858453953096,99.05426788330078,3251777.0
2021-11-25T00:00:00,99.27046515451306,99.99112188884709,99.09030097092955,99.55872344970703,1608605.0
2021-11-26T00:00:00,97.90121772090052,97.90121772090052,92.85662078857422,92.85662078857422,7678714.0
2021-11-29T00:00:00,93.46918066878833,95.7752801285607,93.46918066878833,94.76636505126953,4436589.0
2021-11-30T00:00:00,93.79347177961664,95.55908961731451,92.92868587735914,94.91049194335938,6178957.0
2021-12-01T00:00:00,95.12668981945902,96.45990918895323,95.12668981945902,96.13560485839844,3012007.0
2021-12-02T00:00:00,95.4870164860345,95.99147399650225,94.62223061146852,95.81130981445312,3098306.0
2021-12-03T00:00:00,96.49593403317687,97.036426593474,94.36999882861129,94.83843231201172,2772063.0
2021-12-06T00:00:00,95.12668237234968,96.9283240839472,95.01858826819316,96.78419494628906,2964252.0
2021-12-07T00:00:00,97.28866350949673,98.11741439270446,97.10849931781249,97.43279266357422,2845876.0
2021-12-08T00:00:00,97.2886492899716,97.32468432231157,94.11776437831914,95.01858520507812,5137319.0
2021-12-09T00:00:00,97.28865311478933,97.32468814854596,92.49629052656314,93.36107635498047,9855441.0
2021-12-10T00:00:00,92.96471353372857,94.11776864276382,92.42422101318364,93.43313598632812,2534273.0
2021-12-13T00:00:00,93.4331395516223,94.26190137922484,92.06389617919922,92.06389617919922,2944139.0
2021-12-14T00:00:00,92.2080313971985,93.00075824166343,91.27118089637374,91.59547424316406,3321656.0
2021-12-15T00:00:00,91.37927082085356,91.70356413325354,87.9921810667326,89.57762908935547,9696737.0
2021-12-16T00:00:00,90.58654406045501,91.19910664770376,89.28936531268091,89.57762908935547,4391187.0
2021-12-17T00:00:00,89.21730019989106,89.6496931131833,87.88408092815986,88.71283721923828,5531721.0
2021-12-20T00:00:00,86.01038152290742,88.13632222220181,85.72211772491458,86.65897369384766,3669126.0
2021-12-21T00:00:00,87.70391974159816,88.35251188270206,87.34359138522647,87.81201934814453,2990252.0
2021-12-22T00:00:00,88.100286808143,88.28045099384472,87.23550091604457,87.6318588256836,2333397.0
2021-12-23T00:00:00,88.13632362848205,89.90193048482598,87.92012440199414,89.79383087158203,2045922.0
2021-12-27T00:00:00,89.64970159088725,90.40638788616099,89.397472825796,89.9379653930664,1502394.0
2021-12-28T00:00:00,89.90192381447466,91.01894390482603,89.64969506773625,90.87480926513672,1946517.0
2021-12-29T00:00:00,90.87481915964929,91.0549833552466,90.04606276026666,90.7306900024414,1350377.0
2021-12-30T00:00:00,90.65861920493278,90.87481292591437,90.37035541211611,90.69464874267578,1925624.0
2022-01-03T00:00:00,90.73068360712755,92.56835497378364,90.73068360712755,92.1719970703125,1770475.0
2022-01-04T00:00:00,92.71248682169607,93.14488527178764,91.55944261536752,92.24406433105469,4882710.0
2022-01-05T00:00:00,92.24406771856582,93.50521708190558,91.70357513427734,91.70357513427734,2197104.0
2022-01-07T00:00:00,91.37928066870118,93.21695763214343,91.19911647613527,92.09993743896484,6817084.0
2022-01-10T00:00:00,92.6764646004898,92.6764646004898,91.23514556884766,91.23514556884766,3025085.0
2022-01-11T00:00:00,90.94688192131741,91.77563830414316,90.22622515332544,91.73960876464844,3278426.0
2022-01-12T00:00:00,92.31613385261782,92.71248626708984,91.66753618136039,92.71248626708984,3908739.0
2022-01-13T00:00:00,92.8566247565763,93.36108227209596,92.17199755902868,93.03678894042969,3449884.0
2022-01-14T00:00:00,92.09994152812797,92.85663336977125,91.37928472586773,92.13597106933594,4145593.0
2022-01-17T00:00:00,92.64042813453635,92.89265140119456,91.16307958624043,91.27117919921875,2262628.0
2022-01-18T00:00:00,90.08209216258979,90.2262213107801,88.24441528320312,88.24441528320312,4385222.0
2022-01-19T00:00:00,87.5958215965407,90.47844831467386,87.45168696172956,89.10919952392578,3705623.0
2022-01-20T00:00:00,88.64078409301845,89.36144087426251,87.77599815479556,89.03714752197266,3277530.0
2022-01-21T00:00:00,87.81202768436816,88.49665492537243,86.9472417462495,87.19947052001953,3173603.0
2022-01-24T00:00:00,86.4788134409067,86.76707725201136,83.0917287804078,83.81238555908203,3332212.0
2022-01-25T00:00:00,84.85733057455441,86.83913659646544,84.78526600066527,86.55087280273438,3523602.0
2022-01-26T00:00:00,86.8391341987131,88.24441259436027,86.69500505491445,88.17234802246094,3788487.0
2022-01-27T00:00:00,85.75814819335938,89.46953133665644,85.36178480496066,85.75814819335938,6862983.0
2022-01-28T00:00:00,85.46988472887013,86.55086979415476,82.40709371056367,86.11847686767578,5972913.0
2022-01-31T00:00:00,87.19945920756406,87.63185212052872,85.7941808658854,86.0464096069336,3510524.0
2022-02-01T00:00:00,86.73103723450653,88.24441528320312,86.55087305018135,88.24441528320312,3270083.0
2022-02-02T00:00:00,88.3885482090199,88.9650702887333,87.59582691305492,87.92012023925781,3531316.0
2022-02-03T00:00:00,87.99218887177955,88.02822390887556,85.79418906329032,86.76707458496094,5078906.0
2022-02-04T00:00:00,87.37962512646692,87.70391844313048,84.20873453770666,85.03749084472656,5274691.0
2022-02-07T00:00:00,85.75815071539664,87.34359331926862,85.39782235104623,87.30756378173828,3538350.0
2022-02-08T00:00:00,87.30756045259963,88.64077425022424,87.05533170680702,87.84805297851562,3023092.0
2022-02-09T00:00:00,88.20838526278385,89.57763415580098,87.55979310312578,89.36143493652344,3757002.0
2022-02-10T00:00:00,89.21730385550306,90.62258225582663,89.14523378518952,89.86589050292969,3240750.0
2022-02-11T00:00:00,89.18127009285251,89.97399139404297,88.71284212000263,89.97399139404297,3123577.0
2022-02-14T00:00:00,87.55979364069081,87.88408697342355,86.11848016512388,86.91120147705078,3394640.0
2022-02-15T00:00:00,86.4788067927126,88.71284153522278,86.44277175727919,87.92012023925781,2186812.0
2022-02-16T00:00:00,88.10028313287675,88.85697488052705,87.6318551699587,87.81201934814453,2707956.0
2022-02-17T00:00:00,87.19946706885695,87.70392459643169,85.90228271484375,85.90228271484375,2321156.0
2022-02-18T00:00:00,85.6500496749693,86.33467685469745,84.82129335117963,85.36178588867188,3214316.0
2022-02-21T00:00:00,85.79418368699247,85.86624825849385,82.58725802252407,83.30791473388672,2301828.0
2022-02-22T00:00:00,81.07388287484369,83.45205230510894,80.46132574831313,82.55123138427734,3782631.0
2022-02-23T00:00:00,82.69535955861862,83.66824504202629,82.40709576771185,82.80345916748047,2866876.0
2022-02-24T00:00:00,78.33538358680923,80.20909546505263,75.95721969993598,77.43456268310547,6863720.0
2022-02-25T00:00:00,77.83093041275747,80.53339327431155,77.2544028030227,79.81273651123047,5589733.0
2022-02-28T00:00:00,76.89406779976636,79.34430168287565,74.84019730148881,79.05603790283203,7581935.0
2022-03-01T00:00:00,78.26331023194989,79.59652392019201,76.35356903076172,76.35356903076172,4425230.0
2022-03-02T00:00:00,75.84912189107655,76.1734152248327,74.08351507720495,75.0924301147461,5840817.0
2022-03-03T00:00:00,75.20052929380907,76.31754943375775,74.33574340997268,74.87623596191406,3541151.0
2022-03-04T00:00:00,73.9033448962551,74.15557363517655,71.09999084472656,71.09999084472656,5814918.0
2022-03-07T00:00:00,68.46239420567471,70.03342620842666,66.04098698128317,69.02450561523438,9278339.0
2022-03-08T00:00:00,66.86253450651445,71.31619358273434,66.51662233451816,69.22628784179688,7194086.0
2022-03-09T00:00:00,71.60445222008737,73.36285637829315,70.85496857065826,73.07459259033203,5396525.0
2022-03-10T00:00:00,73.47095530037572,73.47095530037572,71.30178238732118,72.4980697631836,5127036.0
2022-03-11T00:00:00,73.03855107524788,75.45274977616421,72.24582985231363,74.01143646240234,4375444.0
2022-03-14T00:00:00,74.9483011433255,76.31755005230963,74.47987316154479,75.59689331054688,4148579.0
2022-03-15T00:00:00,75.0203660175593,76.53374408167181,74.5519380339073,75.95722198486328,4373228.0
2022-03-16T00:00:00,78.3714236692972,79.66860805343825,77.18233890019704,79.20018005371094,5945857.0
2022-03-17T00:00:00,79.63256876089393,80.1730613090448,76.9301060201396,77.32646942138672,5123211.0
2022-03-18T00:00:00,77.32647298222723,78.65968689609154,77.32647298222723,78.47952270507812,6356206.0
2022-03-21T00:00:00,78.58761544570724,79.56050089245194,78.58761544570724,79.05603790283203,3585680.0
2022-03-22T00:00:00,79.88479833884165,81.86660436911508,78.94794787798077,81.07388305664062,5742164.0
2022-03-23T00:00:00,80.99775667421478,80.99775667421478,77.8004733665894,77.95272827148438,5616138.0
2022-03-24T00:00:00,78.4094831244074,78.56173222477759,77.26759744783836,77.61016082763672,3086067.0
2022-03-25T00:00:00,77.64822561980962,79.17073984764903,77.00115823456404,78.44754791259766,3267176.0
2022-03-28T00:00:00,78.7520530283958,80.46488168514814,78.7520530283958,79.3610610961914,3275623.0
2022-03-29T00:00:00,80.31261878999233,82.25382659102685,80.19842907088493,81.37837982177734,3972483.0
2022-03-30T00:00:00,81.0738860974356,81.49257985115818,79.24686778435787,79.70362091064453,2962904.0
2022-03-31T00:00:00,80.16037880643623,80.57906674680386,77.34372391628277,77.99079132080078,4208463.0
2022-04-01T00:00:00,78.52367006137862,78.94235797647369,77.99078661317034,78.56172943115234,3519324.0
2022-04-04T00:00:00,78.56172988486445,78.67591961070646,77.343719694388,78.0669174194336,2527868.0
2022-04-05T00:00:00,78.02885553554395,78.37141891960079,77.34372295949933,77.80047607421875,3295912.0
2022-04-06T00:00:00,77.80046845911343,78.18109698544556,75.76029932565605,77.00115203857422,4069391.0
2022-04-07T00:00:00,77.34372863100161,79.85587965806727,76.96310003950265,78.94236755371094,4057658.0
2022-04-08T00:00:00,79.93198790640201,80.99774890674007,79.66554910830004,80.69324493408203,2881033.0
2022-04-11T00:00:00,81.30226154307122,81.91126374535317,80.46487407704596,80.8835678100586,3520062.0
2022-04-12T00:00:00,80.16037562234256,82.74864513760456,79.24686360995821,82.10157775878906,3855758.0
2022-04-13T00:00:00,82.10158036595172,82.74864776531506,81.49257814628722,81.5687026977539,2218456.0
2022-04-14T00:00:00,81.49258135917592,81.75902020377931,80.76938357190244,80.92163848876953,1465256.0
2022-04-19T00:00:00,81.18807433506726,81.60676227314423,79.28493150399643,81.15000915527344,2747376.0
2022-04-20T00:00:00,82.40608483719339,84.72792142136755,81.72095225432798,83.39572143554688,3478586.0
2022-04-21T00:00:00,84.0047167525128,85.1466023607697,83.54796367079615,84.80403900146484,3712829.0
2022-04-22T00:00:00,84.04279098660763,84.23310527516067,82.82478070145443,83.35765838623047,2751700.0
2022-04-25T00:00:00,81.53063499988554,82.634461289818,81.07388189726177,81.30226135253906,3807802.0
2022-04-26T00:00:00,82.21576748632845,83.39571832435085,81.9493286606904,82.10157775878906,3812421.0
2022-04-27T00:00:00,87.5065074435699,89.52384006128374,85.9839931370585,88.3438949584961,10232986.0
2022-04-28T00:00:00,89.0670766096787,91.16053353853866,86.06011352594292,86.93555450439453,5379846.0
2022-04-29T00:00:00,88.30582770823663,88.30582770823663,84.9182357788086,84.9182357788086,5940251.0
2022-05-02T00:00:00,84.00472543021074,84.42341918632826,74.13121925494623,83.05315399169922,3985577.0
2022-05-03T00:00:00,84.4614786006971,85.18467637908063,83.9666660987724,84.57566833496094,2619088.0
2022-05-04T00:00:00,84.80404814081979,85.52724011414885,83.2434686515124,83.35765838623047,3013146.0
2022-05-05T00:00:00,84.57566157071766,85.14660438844247,82.44414520263672,82.44414520263672,2659368.0
2022-05-06T00:00:00,82.44414399882238,82.59639309148699,80.5029361237304,81.53063201904297,2889017.0
2022-05-09T00:00:00,81.53064070967083,81.75902018094209,79.28493440987219,79.39912414550781,2974274.0
2022-05-10T00:00:00,79.93200146184778,80.769383172719,78.94236483486195,79.09461975097656,3957477.0
2022-05-11T00:00:00,79.5894249816561,80.99774932861328,78.67591305892395,80.99774932861328,3593998.0
2022-05-12T00:00:00,80.19844070149607,81.15001215217336,79.24686925081878,80.92163848876953,4320569.0
2022-05-13T00:00:00,81.45451229578872,82.71058771240342,81.45451229578872,82.48220825195312,2477202.0
2022-05-16T00:00:00,82.48220087147648,84.11890470376939,82.32995178342011,83.20539855957031,3058713.0
2022-05-17T00:00:00,83.92859241288004,84.23309640408203,83.09121079302244,83.58602905273438,2620773.0
2022-05-18T00:00:00,84.68984749587642,85.07047602394778,82.97701911955532,83.20539855957031,3598794.0
2022-05-19T00:00:00,82.55833009294689,83.09121354719619,81.53063417051496,82.63446044921875,2562383.0
2022-05-20T00:00:00,83.28153260608535,83.62409599726415,81.75901832007987,82.06352233886719,3481000.0
2022-05-23T00:00:00,82.93896404521841,83.47184753417969,82.21577207697304,83.47184753417969,2014748.0
2022-05-24T00:00:00,83.28153515263365,84.30923116552559,82.97703112453534,83.85247802734375,2292712.0
2022-05-25T00:00:00,84.61372847389909,85.14660612480341,84.04278564453125,84.04278564453125,2232050.0
2022-05-27T00:00:00,83.85247462764022,85.52723800238265,83.81440944769702,84.9182357788086,6158544.0
2022-05-30T00:00:00,85.48917193388887,85.86980047178164,84.80403940409578,85.1085433959961,2272127.0
2022-05-31T00:00:00,84.88017144480487,84.88017144480487,81.60676340672069,82.06352233886719,12846798.0
2022-06-01T00:00:00,82.67251884496824,83.09121256780539,82.06351665748684,82.44414520263672,2821203.0
2022-06-02T00:00:00,82.97703098051277,83.43378411790181,82.5583372166129,83.12928009033203,1982824.0
2022-06-03T00:00:00,83.62409840914152,83.77635332689204,82.78671668927305,83.12928009033203,1869166.0
2022-06-07T00:00:00,83.39572488916193,84.19504142899731,83.0531556795771,83.85247802734375,3314737.0
2022-06-08T00:00:00,83.73828637469477,83.85247610861012,82.90090467253404,83.47184753417969,2222179.0
2022-06-09T00:00:00,83.35765131785686,86.09817567904959,83.35765131785686,85.1846694946289,4239648.0
2022-06-10T00:00:00,84.49954157230111,84.6898558551216,82.90090275819513,83.09121704101562,4858349.0
2022-06-13T00:00:00,82.21577584621501,83.01509821233688,81.41645348009314,82.7105941772461,3753184.0
2022-06-14T00:00:00,83.09121724494022,84.30922749639448,81.41644806725098,82.67252349853516,5965112.0
2022-06-15T00:00:00,83.73828696333653,84.34729500987872,82.63446641290139,83.35765838623047,3374698.0
2022-06-16T00:00:00,83.35766053183187,83.70022393687235,78.02886031518509,78.7520523071289,5284453.0
2022-06-17T00:00:00,78.98043273603339,80.54101228435167,78.3714246664625,78.94236755371094,7503112.0
2022-06-20T00:00:00,79.13266971233313,81.03581237792969,79.0946103437795,81.03581237792969,2662032.0
2022-06-21T00:00:00,81.07388053281132,82.21576617411853,80.80744171142578,80.80744171142578,2472842.0
2022-06-22T00:00:00,80.23649517381935,80.27455454200806,77.91465882088141,78.82817077636719,3388655.0
2022-06-23T00:00:00,78.37141539632206,78.67591939508934,76.88696638823632,77.34371948242188,3092510.0
2022-06-27T00:00:00,77.9527342307341,79.66556283821049,77.9527342307341,78.6759262084961,3565457.0
2022-06-28T00:00:00,78.56172943115234,79.20880260454317,77.99078661317034,78.56172943115234,2784802.0
2022-06-29T00:00:00,77.83853796774957,78.59979506278869,77.49597459815426,78.0669174194336,2795942.0
2022-06-30T00:00:00,77.1533981477714,77.76240608956691,75.68417186052513,76.43020629882812,4872208.0
2022-07-01T00:00:00,76.1257149161608,77.83854350177442,75.88211286074633,76.96309661865234,2795990.0
2022-07-04T00:00:00,76.92503349272417,78.02885398197984,76.58246430755696,77.72434997558594,2274163.0
2022-07-05T00:00:00,78.40948439929097,78.63786386149042,76.54440675374236,76.58246612548828,2820793.0
2022-07-06T00:00:00,77.72434779303154,78.90429860669997,76.84890097720631,78.56172943115234,3119067.0
2022-07-07T00:00:00,79.36105539690624,79.89393306201045,78.67592282182157,79.74168395996094,3010595.0
2022-07-08T00:00:00,79.24686273130818,81.11194610595703,78.90429936041897,81.11194610595703,2474521.0
2022-07-11T00:00:00,80.0081237584868,80.65519116190595,79.55137063889276,79.93199920654297,2081120.0
2022-07-12T00:00:00,79.24686150804799,82.93895721435547,79.24686150804799,82.93895721435547,4290849.0
2022-07-13T00:00:00,82.74865298880053,82.86284272717425,79.74168945657019,79.77975463867188,3573923.0
2022-07-14T00:00:00,82.9770277477446,83.54797059921991,79.3991215350051,79.93199920654297,4171725.0
2022-07-15T00:00:00,82.06351669445323,82.06351669445323,77.38178442541461,78.56172943115234,5077039.0
2022-07-18T00:00:00,79.77975296497952,81.2261369275986,78.94236543976061,80.50294494628906,2994407.0
2022-07-19T00:00:00,80.19843461012871,82.21576709392697,79.85587123707633,81.79707336425781,2574001.0
2022-07-20T00:00:00,82.2157645948047,82.71058285811881,80.5790607121183,80.73131561279297,2771927.0
2022-07-21T00:00:00,80.54100187018808,81.79707141337643,80.04618360363447,81.41644287109375,2816944.0
2022-07-22T00:00:00,81.72094823787201,82.32995623891637,80.8074420442362,81.91126251220703,2462964.0
2022-07-25T00:00:00,81.91126590271897,82.13964536454648,80.84550476074219,80.84550476074219,3306790.0
2022-07-26T00:00:00,80.88356858308785,82.02545425720203,80.84550340411168,81.4925765991211,2316351.0
2022-07-27T00:00:00,81.9112678477265,82.10158213445818,80.99776159458692,81.22613525390625,1798900.0
2022-07-28T00:00:00,81.72094940414604,82.90090024503505,81.26419630080962,82.82477569580078,1754279.0
2022-07-29T00:00:00,83.20540869366461,83.70022119407928,82.25383725758853,83.47184753417969,2213978.0
2022-08-01T00:00:00,83.47184581151537,84.57566633141087,82.06352127677353,82.67252349853516,2321186.0
2022-08-02T00:00:00,82.10157505503925,82.97702186010353,81.91126078471791,82.25382995605469,1555581.0
2022-08-03T00:00:00,82.44415001710354,83.5479705393254,82.40608483719339,83.39572143554688,1933829.0
2022-08-04T00:00:00,83.73828190247362,83.81440645170788,82.7486453386357,82.82477569580078,1922725.0
2022-08-05T00:00:00,82.90089998579559,84.2330999209872,82.74864507987235,84.04278564453125,1803805.0
2022-08-08T00:00:00,84.57566387941395,84.84210270670582,83.54796794104197,83.92859649658203,1738775.0
2022-08-09T00:00:00,83.58603331172908,84.04278641783993,83.2434641261978,83.50990295410156,1444699.0
2022-08-10T00:00:00,83.54797101962838,84.57566699586903,83.35765673484562,84.08084869384766,1586022.0
2022-08-11T00:00:00,84.49953874643936,84.61372847389909,83.85247136807531,84.04278564453125,1425508.0
2022-08-12T00:00:00,84.11891520583674,85.33692548614498,84.08085002510508,84.57566833496094,1943756.0
2022-08-15T00:00:00,84.80404839218127,85.03242205436312,84.11891578977335,84.46147918701172,1109285.0
2022-08-16T00:00:00,84.80404488671472,87.73488365638296,84.80404488671472,87.46844482421875,3453664.0
2022-08-17T00:00:00,87.46844070955852,87.9251938014866,85.67948771154731,85.9839859008789,2750606.0
2022-08-18T00:00:00,85.98400030748677,86.28850435576865,84.19504700973667,84.27117156982422,3234304.0
2022-08-19T00:00:00,83.85246958772252,85.1846694946289,83.77634504034258,85.1846694946289,2786607.0
2022-08-22T00:00:00,84.68984883527386,84.68984883527386,82.10157364186816,82.5583267211914,2159000.0
2022-08-23T00:00:00,82.21576845542447,82.74864611298172,81.98738899765372,82.2918930053711,1467049.0
2022-08-24T00:00:00,82.10157833918647,82.71058635174795,81.49257613455585,81.98738861083984,2058491.0
2022-08-25T00:00:00,82.59639189777272,82.97702043186383,81.72094510777704,82.5583267211914,1939882.0
2022-08-26T00:00:00,82.97702163107908,83.05314617741139,81.53063201904297,81.53063201904297,1984838.0
2022-08-29T00:00:00,80.9977607399688,81.07388529227204,78.59979959086468,80.23650360107422,2947688.0
2022-08-30T00:00:00,80.38874913924697,82.48220617833115,80.27455941189258,80.57906341552734,2166113.0
2022-08-31T00:00:00,81.03581729734093,81.72094986013389,80.04618653591187,81.18807220458984,3195431.0
2022-09-01T00:00:00,80.73132417608392,80.92163846616621,79.24686922868324,79.39912414550781,2930759.0
2022-09-02T00:00:00,80.04618615196415,81.26419636445887,79.24686386455124,80.8835678100586,1807807.0
2022-09-05T00:00:00,79.1707449117169,80.69325923694223,78.8281815117137,80.50294494628906,2004074.0
2022-09-06T00:00:00,81.0738770044779,81.98738315459559,80.00811595738692,80.3506851196289,2253328.0
2022-09-07T00:00:00,79.5894369850212,79.93200037775341,79.05655349774418,79.70362091064453,2183702.0
2022-09-08T00:00:00,79.93199489150412,80.99775598497699,79.32298689296799,80.80744171142578,1774031.0
2022-09-09T00:00:00,81.07387584013443,81.79706771459728,80.9977512967063,81.37837982177734,1997342.0
2022-09-12T00:00:00,81.94933546846389,84.38535608799465,81.94933546846389,84.156982421875,2207615.0
2022-09-13T00:00:00,84.61373363460396,84.9943622107309,83.66216219428662,83.77635192871094,2334373.0
2022-09-14T00:00:00,83.28152853870748,84.27115929151991,83.12927363278425,84.04278564453125,3037158.0
2022-09-15T00:00:00,84.38534586099553,85.33691720766424,84.1189070455144,84.68984985351562,3452218.0
2022-09-16T00:00:00,84.19504083881743,84.9562979997614,83.7002225226176,83.96666717529297,4196618.0
2022-09-19T00:00:00,84.04278492128701,84.0808442914922,81.18807079901457,82.63446044921875,2601582.0
2022-09-20T00:00:00,84.46147609228882,86.70718810634538,83.96666360505947,84.3092269897461,4183246.0
2022-09-21T00:00:00,84.1189111961267,86.5929968195422,83.62409290985744,86.554931640625,3479304.0
2022-09-22T00:00:00,85.41303605606187,86.74523585252943,84.00471171852507,85.07047271728516,3207646.0
2022-09-23T00:00:00,84.84209998085535,84.99435488293815,81.75901226479444,82.13964080810547,3904380.0
2022-09-26T00:00:00,81.26418770484204,81.68288139323813,79.551359392562,80.69324493408203,3790521.0
2022-09-27T00:00:00,81.30226232010206,81.98738907822587,80.50294002504978,81.4925765991211,2696975.0
2022-09-28T00:00:00,81.07387897543241,81.37838296885114,79.20880145362992,80.73131561279297,3391366.0
2022-09-29T00:00:00,80.95969783942394,81.11195275624851,78.82818127526092,79.39912414550781,3258614.0
2022-09-30T00:00:00,79.89393105821381,81.64482472752418,79.74168195998283,81.30226135253906,3697873.0
2022-10-03T00:00:00,80.61713110684565,81.18807395348347,77.00115974480615,80.84550476074219,4036045.0
2022-10-04T00:00:00,81.72095921928526,84.00473081819179,81.15001631955863,83.89054107666016,3255973.0
2022-10-05T00:00:00,83.7382809199918,83.7382809199918,82.25383189958242,82.63446044921875,2034401.0
2022-10-06T00:00:00,83.16734287304872,83.7002205499782,81.72095313975731,82.06352233886719,2382610.0
2022-10-07T00:00:00,82.0254567815762,82.90090365359222,81.37838937458385,81.75901794433594,2646180.0
2022-10-10T00:00:00,81.149997989104,82.06350990707814,80.50293067716203,80.69324493408203,2202142.0
2022-10-11T00:00:00,80.0461918103077,81.2261369275986,79.58943867432636,80.50294494628906,2162738.0
2022-10-12T00:00:00,80.61712588926962,81.15000352180445,79.47524026989733,80.73131561279297,1881302.0
2022-10-13T00:00:00,80.27456324224568,81.87320788562589,79.77975074665103,81.34032440185547,2381937.0
2022-10-14T00:00:00,82.21577584621501,83.50991073543658,82.0254615502747,82.7105941772461,2077353.0
2022-10-17T00:00:00,82.7105906377325,84.88017235702078,82.40608661567265,84.57566833496094,2261061.0
2022-10-18T00:00:00,85.26079923801467,86.7071889581029,85.1846746859955,86.44075012207031,2821335.0
2022-10-19T00:00:00,88.00132468812822,90.01865728139042,88.00132468812822,88.95289611816406,5245874.0
2022-10-20T00:00:00,88.91483863512246,89.86641008537877,87.12587966229562,87.8110122680664,4246803.0
2022-10-21T00:00:00,86.97362434452978,88.91483228764565,86.97362434452978,88.30582427978516,2873622.0
2022-10-24T00:00:00,88.5342063400825,90.09477996826172,88.5342063400825,90.09477996826172,2660619.0
2022-10-25T00:00:00,90.20897389453737,91.1605453491211,89.0670881490369,91.1605453491211,3344034.0
2022-10-26T00:00:00,93.63462678366042,94.81457765573259,85.94593094918994,87.77294921875,8476445.0
2022-10-27T00:00:00,88.7625767353803,89.90446238585587,88.15357453988513,89.21932983398438,5441146.0
2022-10-28T00:00:00,88.53420233586853,90.36121471472147,88.38194743234364,89.75221252441406,3907120.0
2022-10-31T00:00:00,89.8283404567211,90.28509356864366,88.57226504298585,88.68645477294922,3036761.0
2022-11-01T00:00:00,88.95289205029123,89.82833888747567,88.26775949041075,88.6103286743164,1993964.0
2022-11-02T00:00:00,89.21933320276085,90.05672069107258,88.42001670200553,89.29546356201172,2145919.0
2022-11-03T00:00:00,89.21932615335528,90.28508721141867,88.91482797213476,89.18126678466797,2735390.0
2022-11-04T00:00:00,89.79027189434726,90.13284107133022,89.10514515624276,89.75221252441406,1359334.0
2022-11-07T00:00:00,88.57226446246852,90.55153180644781,88.5342050913508,88.80064392089844,2854525.0
2022-11-08T00:00:00,88.64838371892107,90.58959157586176,88.6103243500761,90.28508758544922,3316864.0
2022-11-09T00:00:00,90.32315807289086,90.51347235209715,88.83870321032329,89.59996032714844,1991551.0
2022-11-10T00:00:00,89.40964232764507,90.51346858587033,88.76257496685406,90.36121368408203,3311745.0
2022-11-11T00:00:00,90.93215551441575,91.0082858684518,89.71414535293665,90.1708984375,3899905.0
2022-11-14T00:00:00,90.47540911847454,91.23666625166815,89.71415198528094,89.9805908203125,2672060.0
2022-11-15T00:00:00,90.13284243813474,90.81797499455953,89.79027325595695,90.24703216552734,3645790.0
2022-11-16T00:00:00,90.36121926199274,92.37855182375324,90.36121926199274,91.92179870605469,3120850.0
2022-11-17T00:00:00,91.69341204270148,91.845666941932,89.14320201187849,89.48577117919922,4369088.0
2022-11-18T00:00:00,89.98058714134106,90.7418442434097,89.37158494444462,89.9425277709961,3330671.0
2022-11-21T00:00:00,89.9425328944911,90.70379003992406,89.44771458837344,89.67609405517578,2421437.0
2022-11-22T00:00:00,89.82833939810244,90.7799107900315,88.49613944940177,90.43734741210938,3329046.0
2022-11-23T00:00:00,90.93215574369512,91.57922890704954,90.3992781116827,90.89409637451172,2162464.0
2022-11-24T00:00:00,90.89410458968912,91.35085771668632,90.05672288887239,90.77991485595703,2435203.0
2022-11-25T00:00:00,91.12247001340393,91.12247001340393,90.05671474937908,90.89409637451172,1561121.0
2022-11-28T00:00:00,90.66571652594055,90.70378170288588,90.01864917338395,90.58959197998047,2862478.0
2022-11-29T00:00:00,90.5895918085768,91.54116315110386,90.01864900306056,91.00828552246094,2215030.0
2022-11-30T00:00:00,91.57923911231043,92.64499449509921,90.93216587684852,91.1605453491211,5379562.0
2022-12-01T00:00:00,91.46504807921315,93.02562175784301,91.27473379099503,92.18824005126953,3330394.0
2022-12-02T00:00:00,92.07405043715575,92.07405043715575,90.81798077961857,91.38892364501953,2890330.0
2022-12-05T00:00:00,91.35085797505624,92.11211512484837,91.19860886827027,91.88373565673828,2308362.0
2022-12-06T00:00:00,91.88372686056046,91.88372686056046,89.82833507606013,90.1708984375,3419456.0
2022-12-07T00:00:00,90.20896481884813,90.66571790950933,88.87676491646008,89.14320373535156,4752596.0
2022-12-08T00:00:00,89.59996176729129,89.86640640880736,89.14320865144096,89.29546356201172,2915704.0
2022-12-09T00:00:00,89.5238375000092,90.6276638254082,89.0290192029635,90.39928436279297,2806353.0
2022-12-12T00:00:00,90.09477526223922,90.85603235073796,89.94252616771175,90.66571807861328,2515870.0
2022-12-13T00:00:00,90.97022844859093,92.34049362705593,90.66572443027303,91.69342041015625,4401451.0
2022-12-14T00:00:00,91.69342115761847,92.60693322001889,90.85603945636642,92.30242919921875,3429375.0
2022-12-15T00:00:00,91.88372866016283,92.34048756160267,90.81797337795172,90.97022247314453,3899020.0
2022-12-16T00:00:00,90.93214937711154,91.54115732071247,89.21932106965538,89.44770050048828,5712843.0
2022-12-19T00:00:00,89.86639829671464,90.47540046023111,89.59995367925008,89.79026794433594,2204246.0
2022-12-20T00:00:00,89.44771315024937,90.47540911847454,88.83870512052208,89.9805908203125,3585563.0
2022-12-21T00:00:00,90.0947756559591,91.12247156833736,90.0947756559591,90.97022247314453,2646399.0
2022-12-22T00:00:00,90.97022893150395,92.11211465030945,90.85603919803718,91.1986083984375,2243229.0
2022-12-23T00:00:00,91.38892555330176,91.99792780435394,91.16054607920015,91.7695541381836,1701293.0
2022-12-27T00:00:00,92.11211039046293,93.02561660008858,92.0359858409826,92.45467376708984,1729388.0
2022-12-28T00:00:00,92.64498909794827,92.68305427708658,91.5411685981081,91.84567260742188,1853292.0
2022-12-29T00:00:00,91.88373035814894,92.60692809350604,91.23666297972579,92.56886291503906,1312782.0
2022-12-30T00:00:00,92.5688576018121,92.5688576018121,91.19859837461217,91.31278228759766,2863037.0
2023-01-02T00:00:00,91.88373661388978,92.37855492799541,91.57923839714587,92.07405090332031,1305681.0
2023-01-03T00:00:00,91.95986522282874,93.13981031004415,91.84567548976116,92.41661834716797,2257591.0
2023-01-04T00:00:00,92.56886560764585,93.55850219726562,92.30242677441929,93.55850219726562,2733777.0
2023-01-05T00:00:00,93.55850095183156,94.58619689941406,93.33012149328839,94.58619689941406,1664454.0
2023-01-09T00:00:00,95.11907293081279,95.69001575946815,94.77650955679188,95.30938720703125,3825934.0
2023-01-10T00:00:00,95.42357829029896,96.10871085600716,94.92876000351353,95.80420684814453,3107427.0
2023-01-11T00:00:00,96.07064597513506,98.3544173292945,96.03258660399094,98.04991912841797,3539889.0
2023-01-12T00:00:00,98.54472998121884,99.3440522651452,97.74540769729246,98.77310943603516,3836578.0
2023-01-13T00:00:00,98.77311126530519,98.9634255451998,96.60352963609276,97.6312255859375,3643925.0
2023-01-16T00:00:00,97.85960457659611,98.35441705560905,97.55509476070512,98.12603759765625,2127108.0
2023-01-17T00:00:00,96.64158317316414,97.09834206368188,93.90105886971038,94.54812622070312,5513420.0
2023-01-18T00:00:00,94.5481343323407,94.96682808192642,93.93913210595271,94.0533218383789,2705694.0
2023-01-19T00:00:00,93.82494237352651,94.6623240647669,93.44431380405987,94.0533218383789,3327496.0
2023-01-20T00:00:00,94.62425640384332,95.42357284494746,94.51006668141972,94.9668197631836,2522186.0
2023-01-23T00:00:00,95.15713946139323,95.88033139812747,94.20556806677929,95.80420684814453,3241985.0
2023-01-24T00:00:00,96.67965677475264,97.4789790948817,96.26096302460294,97.09835052490234,3154891.0
2023-01-25T00:00:00,97.25059692080659,97.66929065929357,95.7661478624089,96.10871124267578,2956261.0
2023-01-26T00:00:00,93.25400507289135,93.63463366502559,91.46505185144665,92.94950103759766,10202872.0
2023-01-27T00:00:00,93.63462300477326,95.00488810362518,93.13980472974725,94.31975555419922,5959702.0
2023-01-30T00:00:00,94.09137529107272,95.80420374591482,93.78687129307022,95.6519546508789,3461821.0
2023-01-31T00:00:00,95.65195659080294,96.71771770146115,95.19520348850108,96.03258514404297,5351213.0
2023-02-01T00:00:00,92.4927406778141,93.63462636519452,91.7695487323122,93.25399780273438,13049546.0
2023-02-02T00:00:00,93.63462318862183,94.0533169162961,92.4166129916568,93.90106201171875,8274106.0
2023-02-03T00:00:00,93.90106375529973,94.70038604736328,93.29206154947447,94.70038604736328,4515255.0
2023-02-06T00:00:00,94.70038565845958,95.119073584258,93.9391285483561,94.39588165283203,6220359.0
2023-02-07T00:00:00,94.7003844972212,95.04294786939484,94.39588049532753,94.62425994873047,3104981.0
2023-02-08T00:00:00,95.1571377840909,95.30938688137314,93.29206020669503,94.20556640625,4686169.0
2023-02-09T00:00:00,94.2816848904521,95.61388473373887,93.48236846923828,93.48236846923828,4783245.0
2023-02-10T00:00:00,93.48237764604816,93.97719013292709,92.83530444087242,93.55850219726562,2961561.0
2023-02-13T00:00:00,93.93913237496513,95.4997060294887,93.86300782244001,95.15714263916016,3241526.0
2023-02-14T00:00:00,95.4616487957778,96.03259166440334,94.8526407460714,95.11907958984375,3634052.0
2023-02-15T00:00:00,94.85263506948189,95.61389218209078,94.51007169198023,95.49970245361328,4878621.0
2023-02-16T00:00:00,95.57582856392852,97.74540426893316,95.57582856392852,97.51703643798828,4420211.0
2023-02-17T00:00:00,97.7834721609175,97.7834721609175,96.67965168921296,97.36478424072266,3578123.0
2023-02-20T00:00:00,96.90803384135499,97.89767042197934,96.90803384135499,97.21253204345703,3025950.0
2023-02-21T00:00:00,97.44091302549445,98.88729693187183,96.94609472745066,98.43054962158203,3801182.0
2023-02-22T00:00:00,98.39248609886934,98.43055127933341,97.25060038012037,97.70735931396484,3503200.0
2023-02-23T00:00:00,97.70735604682626,99.72468276948251,97.70735604682626,99.15373992919922,3001693.0
2023-02-24T00:00:00,98.35441647827348,100.29562443568489,98.35441647827348,99.38211822509766,3335189.0
2023-02-27T00:00:00,99.5343693464066,101.62782644547062,99.5343693464066,101.28526306152344,2559413.0
2023-02-28T00:00:00,101.0568757813507,101.5516882292276,99.76274108886719,99.76274108886719,4975898.0
2023-03-01T00:00:00,100.02918038749335,100.40980894546077,97.85960457659611,98.12603759765625,3883666.0
2023-03-02T00:00:00,97.82153727540619,98.65892473111224,97.6312230005513,98.16410064697266,2535503.0
2023-03-03T00:00:00,98.20216660692513,98.88729335551253,97.93572197366248,98.77310943603516,2318394.0
2023-03-06T00:00:00,98.84923624265645,99.34404869710214,98.62085679604259,99.11566925048828,2599072.0
2023-03-07T00:00:00,98.84923946804217,99.07760730624634,97.40284400286697,97.6692886352539,3737946.0
2023-03-08T00:00:00,97.51704242890283,98.8492423986099,97.40284689055365,98.240234375,3540967.0
2023-03-09T00:00:00,98.2402226441762,99.22985911238747,97.89765930175781,97.89765930175781,3644080.0
2023-03-10T00:00:00,95.76614362571817,95.91839271956108,93.17786837487404,94.2436294555664,6272140.0
2023-03-13T00:00:00,93.93912546904342,94.51006828290559,89.59995659893247,90.36121368408203,9396493.0
2023-03-14T00:00:00,89.8283450962147,92.68305945308595,89.33352677943745,91.57923889160156,6283915.0
2023-03-15T00:00:00,91.42697384256043,91.88372692745632,86.63105773925781,86.63105773925781,7169706.0
2023-03-16T00:00:00,88.19163308524998,88.57226163184832,83.7382802516355,85.48917388916016,8384767.0
2023-03-17T00:00:00,86.59300840405055,86.97363701242,83.47185497700735,84.27117156982422,12187346.0
2023-03-20T00:00:00,82.7105810717442,85.9078584137599,80.46486925072298,85.41304016113281,7759087.0
2023-03-21T00:00:00,85.86980963233839,88.26776503053131,85.64143016206707,87.50650787353516,6535580.0
2023-03-22T00:00:00,87.39232431471237,89.067087743991,86.8594408178101,87.8110122680664,4649984.0
2023-03-23T00:00:00,86.47881155691404,87.04975442257316,83.28153383239548,83.35765838623047,5519115.0
2023-03-24T00:00:00,82.82477569580078,84.11891045657576,80.95969229594174,82.82477569580078,6604771.0
2023-03-27T00:00:00,83.96666292742461,85.1466079824357,82.63446296316857,82.9009017944336,4317441.0
2023-03-28T00:00:00,83.81440860740626,84.3092269020519,82.13964524945438,82.78671264648438,4655784.0
2023-03-29T00:00:00,83.1292705218067,84.91822929988835,83.05314597565932,84.68984985351562,5505157.0
2023-03-30T00:00:00,84.88016604445608,87.31618642390494,84.68985177081379,87.01168823242188,6118365.0
2023-03-31T00:00:00,87.20200619184591,87.27813074293425,85.90786559162034,87.04975128173828,5664059.0
2023-04-03T00:00:00,86.8975021795616,88.22970215136587,86.4788084366793,87.04975128173828,5657535.0
2023-04-04T00:00:00,87.16393732816341,88.45807206575861,86.82137395877959,87.01168823242188,6247745.0
2023-04-05T00:00:00,86.72852306839177,87.37575333988758,85.11045356209756,86.00039672851562,5254988.0
2023-04-06T00:00:00,86.84987375565667,87.53755201573335,86.5262586413721,87.45664978027344,2185013.0
2023-04-11T00:00:00,88.34659232546738,88.6702074603024,87.416207299929,88.5488510131836,4276468.0
2023-04-12T00:00:00,88.3870469553404,89.11517946909542,87.86117313027036,88.30614471435547,4960478.0
2023-04-13T00:00:00,88.99381928539721,89.15562376057444,87.45665208143315,88.67020416259766,4320956.0
2023-04-14T00:00:00,89.68149760335979,92.99853872552553,89.35788248041665,92.71537780761719,5568920.0
2023-04-17T00:00:00,92.71538197690236,92.99854290754406,90.24782966994424,90.53099060058594,4657721.0
2023-04-18T00:00:00,90.89505363039434,91.50182969758316,90.4500882179231,90.61189270019531,3138451.0
2023-04-19T00:00:00,90.89505259184526,92.14905891868557,90.20737429137762,91.9468002319336,3166982.0
2023-04-20T00:00:00,92.63447466272665,93.64576805424112,92.39176177978516,92.39176177978516,3527977.0
2023-04-21T00:00:00,92.31086325807405,92.59402418460513,91.54228271856894,92.02770233154297,3302029.0
2023-04-24T00:00:00,94.25254655795175,94.25254655795175,92.79628156704824,93.5244140625,4211793.0
2023-04-25T00:00:00,93.0794430470463,93.44350618658756,91.74453458132038,92.43221282958984,5559030.0
2023-04-26T00:00:00,97.81230101679445,98.13591614634488,91.66363824511706,97.3268814086914,16767124.0
2023-04-27T00:00:00,97.08416694844824,97.32687983479741,94.65706277473704,94.94022369384766,7888682.0
2023-04-28T00:00:00,95.34474389396244,95.58745678753569,92.95809385442183,94.25254821777344,6776029.0
2023-05-02T00:00:00,94.2120967358739,94.98068347278566,91.25912475585938,91.25912475585938,5846877.0
2023-05-03T00:00:00,91.58272171043217,92.63446924507464,90.3287216817604,91.13775634765625,5314067.0
2023-05-04T00:00:00,90.97594478237392,91.86588784373099,90.53097942413997,90.81414031982422,5681343.0
2023-05-05T00:00:00,91.17821101122058,92.71537822274932,90.81414785405764,92.47267150878906,3993789.0
2023-05-08T00:00:00,92.5940264325585,93.60531988932495,92.47267615570284,93.24125671386719,2927583.0
2023-05-09T00:00:00,93.24125069763532,93.60531384960254,92.02769862781795,92.39176177978516,4783054.0
2023-05-10T00:00:00,92.83673143874067,93.5244096963905,88.548845077603,89.2769775390625,4969251.0
2023-05-11T00:00:00,89.88375235020459,92.06814970514468,89.43878697651952,90.77368927001953,5837406.0
2023-05-12T00:00:00,91.42093414425071,92.75584282420901,90.65235353856497,91.86590576171875,4382329.0
2023-05-15T00:00:00,91.86589567374372,93.24125223997572,91.62318278678742,93.20079803466797,2944259.0
2023-05-16T00:00:00,92.99854652346193,93.64577682361852,92.59402912897546,92.63448333740234,3409470.0
2023-05-17T00:00:00,91.86589505389216,93.20079740580935,91.86589505389216,92.71537780761719,1486844.0
2023-05-19T00:00:00,93.60530786808297,93.72666430179886,91.34001451931319,93.11988830566406,2990542.0
2023-05-22T00:00:00,93.0389911824632,94.13118680098574,92.79627830170489,93.64576721191406,3310347.0
2023-05-23T00:00:00,93.8075689101922,94.9402186994965,93.48395997534364,94.33344268798828,2726205.0
2023-05-24T00:00:00,93.96939197369683,94.45481161259147,92.51312688456728,92.63448333740234,2902410.0
2023-05-25T00:00:00,92.63447886467674,93.32215716761104,92.06815700871796,92.59402465820312,3471695.0
2023-05-26T00:00:00,92.998540250649,93.72667274610075,91.86589656044092,93.5244140625,2399064.0
2023-05-29T00:00:00,93.60531250332212,94.25254273356059,92.7962778017465,93.0794448852539,1238937.0
2023-05-30T00:00:00,92.99854592988385,94.37390876582674,92.14906311035156,92.14906311035156,2789485.0
2023-05-31T00:00:00,91.58272971915923,93.07944891990739,91.34002300163306,91.78498840332031,6395991.0
2023-06-01T00:00:00,92.14906146676748,94.05029194031925,92.14906146676748,93.80757904052734,2748645.0
2023-06-02T00:00:00,94.00983402861472,95.78971415458359,94.00983402861472,95.74925994873047,3249808.0
2023-06-05T00:00:00,95.87061984083184,97.08417199071579,95.54700469970703,95.54700469970703,2654298.0
2023-06-07T00:00:00,95.78971239263494,97.65048855119268,95.74925818752594,96.67964935302734,4269146.0
2023-06-08T00:00:00,97.4077802810426,97.69094119494474,95.83015889368208,95.87061309814453,3113782.0
2023-06-09T00:00:00,96.2346812096069,97.00326792690053,95.95152028110728,96.4773941040039,2384222.0
2023-06-12T00:00:00,96.7605503210626,97.00326320364148,95.66835469434763,95.70880889892578,2163761.0
2023-06-13T00:00:00,96.27513569811873,96.39649214567265,95.26384225591161,96.31558990478516,3562312.0
2023-06-14T00:00:00,96.11333046420238,96.55829587182421,95.02112861720951,95.91107177734375,2897780.0
2023-06-15T00:00:00,95.91107163681725,96.88191086333815,95.54700229753797,95.99197387695312,2797105.0
2023-06-16T00:00:00,96.59874952158272,97.89320387553043,96.43693886956098,97.81230163574219,7768261.0
2023-06-19T00:00:00,97.77184937348727,97.77184937348727,96.47739499380371,96.80101013183594,3699942.0
2023-06-20T00:00:00,96.80101602100702,97.2459814619824,96.11333766862997,96.1537857055664,4075326.0
2023-06-21T00:00:00,96.11332737893235,96.80100565768797,95.70881001820023,96.76055145263672,3462791.0
2023-06-22T00:00:00,95.18294062179184,95.50655575985016,92.79628437950149,92.83673858642578,5905807.0
2023-06-26T00:00:00,92.22996297579304,93.52441736201685,90.53099120809645,93.40306091308594,3017015.0
2023-06-27T00:00:00,93.60531539796504,93.92893052309172,91.98724594477675,93.20079803466797,2430951.0
2023-06-28T00:00:00,93.64576798305717,94.25254401750462,93.1603483899882,94.05028533935547,2600624.0
2023-06-29T00:00:00,94.21209285051579,96.15377745784112,94.17164481704883,95.6683578491211,2438766.0
2023-06-30T00:00:00,95.99197462810454,96.92236582806059,95.58745725181454,96.39649200439453,2204634.0
2023-07-03T00:00:00,96.96281089811608,98.45952391014619,96.84145445444982,97.16506958007812,3013367.0
2023-07-04T00:00:00,97.44822901787592,98.54043082181163,97.44822901787592,97.93365478515625,2146517.0
2023-07-05T00:00:00,97.69094626845805,99.18765932462446,97.36733113328673,98.86404418945312,4298038.0
2023-07-06T00:00:00,98.37862619967032,98.94495423869606,96.7201086347163,97.20552825927734,3412439.0
2023-07-07T00:00:00,97.48868546859065,97.8527486299932,96.03242047809006,97.56958770751953,2218750.0
2023-07-10T00:00:00,97.2864218132827,97.69093915969968,96.76054802845167,96.96280670166016,1685958.0
2023-07-11T00:00:00,96.96280525653407,97.85274217089889,96.19422477877463,97.73139190673828,1567951.0
2023-07-12T00:00:00,98.13591368271805,98.74268972072552,97.81229856129174,98.66178131103516,2702875.0
2023-07-13T00:00:00,98.70224207291393,100.56302451539787,98.05501178706417,99.99669647216797,3232741.0
2023-07-14T00:00:00,100.27985362346995,100.48211230861003,99.26856019776959,99.55172729492188,2365733.0
2023-07-17T00:00:00,99.67308147190617,100.44166820900853,99.0258573575755,99.9157943725586,2426900.0
2023-07-18T00:00:00,100.23940249607489,101.4125003647022,97.69094190747776,100.40120697021484,5586013.0
2023-07-19T00:00:00,101.53385694565311,101.69566142001479,99.4303679167262,100.32030487060547,2991351.0
2023-07-20T00:00:00,100.64392823942941,100.80573272705078,99.55173251687134,100.80573272705078,2492517.0
2023-07-21T00:00:00,101.04844636569428,101.49341179611133,99.99669867117107,101.21025085449219,1753039.0
2023-07-24T00:00:00,101.2102450180027,102.66651002298786,100.72482540715605,101.85747528076172,1795249.0
2023-07-25T00:00:00,102.05972838975859,103.31372846822322,101.93837195056655,103.23282623291016,2044085.0
2023-07-26T00:00:00,102.990134177559,103.07103642438058,101.73612774826411,102.74742126464844,1449709.0
2023-07-27T00:00:00,102.86876816192931,104.04187223539084,102.46425079296571,103.75870513916016,2145844.0
2023-07-28T00:00:00,103.83961306881494,103.8800549296112,102.99012412895723,103.1923828125,1933773.0
2023-07-31T00:00:00,103.15192860681337,103.55644597389892,102.9496699232706,103.1923828125,2016386.0
2023-08-01T00:00:00,103.11147259184044,103.55644415680473,102.10017919187163,102.54515075683594,1815953.0
2023-08-02T00:00:00,101.61476839441714,101.93838354492188,99.71353787231446,101.12934875488281,2629870.0
2023-08-03T00:00:00,101.1293370567308,101.61475664011412,100.07758948236284,100.84617614746094,2590128.0
2023-08-04T00:00:00,101.37205997711935,102.34289924006269,101.04844483198973,101.97883605957031,1290262.0
2023-08-07T00:00:00,101.93837471685465,102.82831167433818,101.65521379935241,102.54515075683594,1549915.0
2023-08-08T00:00:00,101.29114307989121,102.78786222923225,100.72482125266946,101.65521240234375,2354148.0
2023-08-09T00:00:00,102.261990114805,103.35418575522442,102.18108787707858,102.38334655761719,1583294.0
2023-08-10T00:00:00,102.78786722653872,104.12276962309627,102.78786722653872,103.83961486816406,1747142.0
2023-08-11T00:00:00,103.55644673395787,103.75870541898513,102.94967067887609,103.5969009399414,1526507.0
2023-08-14T00:00:00,103.51599162856618,103.92050899510602,102.99012399002052,103.27328491210938,1960886.0
2023-08-15T00:00:00,103.39463996031019,103.39463996031019,101.93837499145422,102.38334655761719,2505703.0
2023-08-16T00:00:00,101.73611617378008,103.1114727306106,101.45295525589674,102.46424865722656,1724569.0
2023-08-17T00:00:00,102.22153500380405,102.747408803033,101.77656961402958,102.05973052978516,1813786.0
2023-08-18T00:00:00,101.53385596152623,101.85747107955794,100.72482125266946,101.65521240234375,1880841.0
2023-08-21T00:00:00,101.77657151747162,102.0192782330391,100.48211101133117,101.0484390258789,1716327.0
2023-08-22T00:00:00,101.69566310650399,101.77657151747162,100.80572613786629,101.0484390258789,1693616.0
2023-08-23T00:00:00,100.9270845075906,101.29114767411083,100.03714752197266,100.03714752197266,2212325.0
2023-08-24T00:00:00,100.03714634403157,100.76527884094348,99.67307700935302,99.87533569335938,2164796.0
2023-08-25T00:00:00,99.51127267023432,100.80572701519547,98.70223793307794,99.79443359375,2296648.0
2023-08-28T00:00:00,100.27984879346296,101.57430925396756,100.27984879346296,101.33159637451172,1534893.0
2023-08-29T00:00:00,101.16979595232092,102.30243964192721,101.0079853020592,101.61476135253906,2607064.0
2023-08-30T00:00:00,101.93837766084224,102.34289503251225,101.41250384318218,101.77657318115234,2193216.0
2023-08-31T00:00:00,101.77657113757822,103.39464059176899,101.57431245580436,102.86876678466797,5490889.0
2023-09-01T00:00:00,102.86876664616575,103.51599072350358,102.58560572655264,102.94966888427734,1499308.0
2023-09-04T00:00:00,103.51599162856618,104.32502636164585,103.23283070647733,103.27328491210938,1613433.0
2023-09-05T00:00:00,103.1519295594168,105.17451641352301,102.90921666794596,104.32502746582031,2607385.0
2023-09-06T00:00:00,103.83961383095222,103.83961383095222,102.42379686331616,103.5969009399414,2601178.0
2023-09-07T00:00:00,103.35418955810198,104.12277010345025,102.6665112534569,102.82831573486328,2438136.0
2023-09-08T00:00:00,102.82831181272726,103.35418561590778,101.5338574935141,102.46424865722656,2020903.0
2023-09-11T00:00:00,102.9901268136655,104.08231632633304,102.38335074721998,102.58560943603516,2905623.0
2023-09-12T00:00:00,102.9496687458839,103.31373190311919,102.34289270219499,103.03057098388672,3760223.0
2023-09-13T00:00:00,103.03057846901028,103.4755500690205,102.70696332104336,103.11148071289062,2224555.0
2023-09-14T00:00:00,102.94967318943004,105.05316850296605,102.86877094793529,104.64865112304688,4028511.0
2023-09-15T00:00:00,104.72954005951301,105.53857476425223,104.44638531978823,105.2149658203125,4938557.0
2023-09-18T00:00:00,105.21497380399798,105.53858277249307,104.08231772448349,104.28457641601562,2127240.0
2023-09-19T00:00:00,104.32503222462638,104.93180830853645,103.7182561407163,104.20368194580078,2939692.0
2023-09-20T00:00:00,104.20367266518889,106.14535102281448,103.71824690333753,105.9430923461914,4196810.0
2023-09-21T00:00:00,105.49812884193274,106.71168099430876,105.29587014987007,106.5094223022461,2372466.0
2023-09-22T00:00:00,105.94309550189432,106.42852127820495,105.4981239310913,105.90264129638672,2488071.0
2023-09-25T00:00:00,106.38806867714818,107.35890789952049,105.29586683642279,105.82174682617188,2503627.0
2023-09-26T00:00:00,105.82174866782849,105.90264473658127,104.44639205012433,105.70038604736328,2550477.0
2023-09-27T00:00:00,105.74083798020098,105.74083798020098,104.24413111910937,104.48683166503906,3123744.0
2023-09-28T00:00:00,104.68909528210376,105.09361267089844,104.12277340676944,105.09361267089844,1639617.0
2023-09-29T00:00:00,104.68909260127334,105.90264473658127,104.56774232569884,105.70038604736328,3198559.0
2023-10-02T00:00:00,105.98354498959243,106.38806233688095,104.60818847778941,105.1340560913086,2469636.0
2023-10-03T00:00:00,104.64865100465934,105.94309921200187,101.16979907231186,103.15193176269531,4607521.0
2023-10-04T00:00:00,102.50469835049843,104.40593491375662,101.16979597707228,103.1923828125,3471027.0
2023-10-05T00:00:00,103.6373593327789,104.08231858190246,102.90922063033035,103.79916381835938,2528598.0
2023-10-06T00:00:00,104.36548182016818,105.90264289351678,103.92051024265449,105.82174682617188,2391997.0
2023-10-09T00:00:00,105.33632344188663,105.57903633923083,104.52728868066647,105.37677764892578,1805437.0
2023-10-10T00:00:00,105.9835475229995,108.37019746007378,105.90263911365189,107.84432983398438,3396644.0
2023-10-11T00:00:00,108.00613659694825,109.38149317077777,107.60161923141662,109.0578842163086,3325102.0
2023-10-12T00:00:00,109.21969114519773,111.04001933095103,109.13878273231913,110.99956512451172,6928868.0
2023-10-13T00:00:00,110.95911333067296,111.24228043701443,109.46240641900036,110.55459594726562,3011541.0
2023-10-16T00:00:00,110.67596017168292,111.04002335304256,110.06918408778651,110.47370147705078,4005711.0
2023-10-17T00:00:00,110.02872604065172,110.02872604065172,108.37020233356084,109.3410415649414,4233170.0
2023-10-18T00:00:00,109.98826883607092,112.77943617954169,109.86691856479011,110.87821197509766,5976910.0
2023-10-19T00:00:00,110.87821451791746,110.95911058566313,108.00613869779936,108.77471923828125,2991103.0
2023-10-20T00:00:00,107.72297334750715,108.24885334839992,106.87349672548706,107.0353012084961,3684908.0
2023-10-23T00:00:00,107.48027589322454,107.48027589322454,105.37678051880822,105.49813079833984,4021684.0
2023-10-24T00:00:00,105.25542029780368,105.78128791929352,103.88005142026421,105.05316162109375,4175248.0
2023-10-25T00:00:00,103.43508991095369,104.08231399721168,98.13591608604655,99.79443359375,9135602.0
2023-10-26T00:00:00,99.9562478355166,99.9562478355166,97.65049381383194,99.51127624511719,4970691.0
2023-10-27T00:00:00,100.15850230439446,101.16979571953397,99.10675468367131,99.30901336669922,3331937.0
2023-10-30T00:00:00,99.30901829337301,100.15850727321101,98.62133997145179,99.9157943725586,3322400.0
2023-10-31T00:00:00,99.9157885497706,101.61476023799023,99.9157885497706,100.56301879882812,2580515.0
2023-11-01T00:00:00,101.04844248759011,101.08889052201445,98.78314269668496,99.26856231689453,3253717.0
2023-11-02T00:00:00,99.51127356326941,100.40121054763887,98.37862368659681,100.11804962158203,3989158.0
2023-11-03T00:00:00,100.60346683161603,101.0079841941657,99.83488631174968,100.56301879882812,2260486.0
2023-11-06T00:00:00,100.64392419608677,101.00798736483148,99.83488944559161,100.52256774902344,2350694.0
2023-11-07T00:00:00,100.11805292232049,101.21024862880216,99.51127684400339,99.99669647216797,1988628.0
2023-11-08T00:00:00,99.47081491119025,100.68436697357538,98.94494728877933,100.07759094238281,1820727.0
2023-11-09T00:00:00,99.99669289553653,100.3203080268865,99.26856039311039,100.27985382080078,2854770.0
2023-11-10T00:00:00,100.11804619143086,101.04843735012307,99.79443107026248,100.32030487060547,2081438.0
2023-11-13T00:00:00,100.52256354978007,101.04843735012307,100.27985066579252,100.32030487060547,2434682.0
2023-11-14T00:00:00,100.32030222554484,100.96753245081663,99.55172173392386,100.92707824707031,4869164.0
2023-11-15T00:00:00,101.007992157272,101.5338660045336,99.99669867117107,101.21025085449219,4810938.0
2023-11-16T00:00:00,101.29114739013528,101.4934060759562,99.95624500167345,100.1989517211914,3877492.0
2023-11-17T00:00:00,100.6439227530457,102.34289447023647,100.6439227530457,102.10018157958984,2990282.0
2023-11-20T00:00:00,102.1810911678712,102.94967170969237,101.37205641966143,102.26199340820312,2678445.0
2023-11-21T00:00:00,101.81702225820777,102.26199384058266,100.19895275494679,100.44166564941406,5154595.0
2023-11-22T00:00:00,100.84617992844146,101.69566268810034,100.64392124674481,101.29114532470703,3993302.0
2023-11-23T00:00:00,101.53385500291093,103.15192440534774,101.00798121262997,102.99011993408203,3298833.0
2023-11-24T00:00:00,102.99012412895723,103.71825045175507,102.90921571758398,103.1923828125,2053802.0
2023-11-27T00:00:00,103.39464059176899,103.79915795531669,102.58560586467361,102.86876678466797,2222429.0
2023-11-28T00:00:00,102.54515371834725,102.86876885017232,101.53386028917224,101.77657318115234,2530431.0
2023-11-29T00:00:00,101.77657468077444,102.9901268136655,101.33160309640293,102.58560943603516,3512581.0
2023-11-30T00:00:00,102.58561677100526,103.51600186812223,101.93838645154098,102.74742126464844,7387720.0
2023-12-01T00:00:00,103.03057216219868,103.39464149604277,102.01927874448482,103.1923828125,3197207.0
2023-12-04T00:00:00,103.11148144561022,103.92051623505382,102.90922274824932,103.51599884033203,2249162.0
2023-12-05T00:00:00,103.43509048450262,104.44639008400095,103.11147535335658,104.32502746582031,2390955.0
2023-12-06T00:00:00,104.32502376222591,105.13405847514723,103.71824772753492,104.6890869140625,2085728.0
2023-12-07T00:00:00,105.25542618919545,107.3993633443659,105.25542618919545,106.79258728027344,3959427.0
2023-12-08T00:00:00,106.79258357168112,107.35890540952259,105.21496832880477,107.15664672851562,3063995.0
2023-12-11T00:00:00,107.68252530741854,108.97697344211592,107.43981242438464,108.73426055908203,3861252.0
2023-12-12T00:00:00,108.73426132690713,110.19052629050385,108.73426132690713,109.13877868652344,4137003.0
2023-12-13T00:00:00,109.05788162759808,109.09833583216904,107.56116247270256,108.00613403320312,4157606.0
2023-12-14T00:00:00,108.61291367862846,110.35233342900787,108.53200526679622,109.30059814453125,5033484.0
2023-12-15T00:00:00,109.74555757337572,111.4040812598122,109.74555757337572,110.02872467041016,6141844.0
2023-12-18T00:00:00,110.02872828679244,111.04002174531077,109.78601538776988,110.55459594726562,2728607.0
2023-12-19T00:00:00,110.51414700764138,110.87821016041562,109.98826703595408,110.2309799194336,2983984.0
2023-12-20T00:00:00,110.59504906027367,111.56588830186686,109.90737692222007,111.08047485351562,4227092.0
2023-12-21T00:00:00,110.99955937536126,110.99955937536126,109.66465704623882,109.98826599121094,2057415.0
2023-12-22T00:00:00,109.98827407947354,110.91867146824491,109.62421090338512,110.55459594726562,1843705.0
2023-12-27T00:00:00,110.71640873496096,112.09176531936183,110.63550032327663,111.84905242919922,2342406.0
2023-12-28T00:00:00,111.84904954929671,112.25356690752201,111.5254406006725,111.72769927978516,1924655.0
2023-12-29T00:00:00,111.72770736233387,112.7794426938917,111.68725315460681,112.29402923583984,1745592.0
2024-01-02T00:00:00,112.29401502667858,113.9120843718904,112.29401502667858,113.4266586303711,2685409.0
2024-01-03T00:00:00,113.46711892571108,114.07389496274696,112.29402105641971,112.61763000488281,2896568.0
2024-01-04T00:00:00,112.81989348757173,115.20654353255433,112.81989348757173,114.8829345703125,3817010.0
2024-01-05T00:00:00,114.5188640670294,115.08518588712694,113.95254224693187,114.72112274169922,1386634.0
2024-01-08T00:00:00,115.0851903750338,115.0851903750338,114.03344275675842,114.76158142089844,2286900.0
2024-01-09T00:00:00,114.88293113775538,115.28744850091648,114.23570088771955,115.08518981933594,2309556.0
2024-01-10T00:00:00,114.64021880442995,115.0851903750338,114.35706405578408,114.76158142089844,2270813.0
2024-01-11T00:00:00,115.28744850091648,116.0964832272387,114.84247693246122,115.08518981933594,2504618.0
2024-01-12T00:00:00,115.08518349478717,117.10777019944072,115.08518349478717,116.05602264404297,2458119.0
2024-01-15T00:00:00,116.42010064110578,116.58191747404308,115.32791108812569,115.48971557617188,1685561.0
2024-01-16T00:00:00,114.88294112841756,114.88294112841756,111.44454324253182,111.52545166015625,4350371.0
2024-01-17T00:00:00,110.71640873496096,111.88950663504139,109.8264655859949,111.84905242919922,2896723.0
2024-01-18T00:00:00,112.29402745889408,112.86034932343856,111.24227979908818,111.64679718017578,2418472.0
2024-01-19T00:00:00,112.45582320060699,112.94124895813387,111.4040756225586,111.4040756225586,3718281.0
2024-01-22T00:00:00,112.05130527160428,113.42666178429944,111.68724212778639,113.3862075805664,3811790.0
2024-01-23T00:00:00,113.95254519105781,113.95254519105781,112.9816936516475,113.18395233154297,2864569.0
2024-01-24T00:00:00,114.43797072701952,115.61106872558594,114.15481595213325,115.61106872558594,4255479.0
2024-01-25T00:00:00,113.14351897563985,122.9328324114365,112.45583447435106,122.85193634033203,10829770.0
2024-01-26T00:00:00,123.05417736298085,123.74184942061844,121.07203255977612,122.5282974243164,4126470.0
2024-01-29T00:00:00,121.55746726607,122.48785226059967,120.86978281279839,120.95069122314453,4918827.0
2024-01-30T00:00:00,121.23385963532724,122.08333622876592,120.62708358579084,121.03160095214844,2357721.0
2024-01-31T00:00:00,121.35520917467817,121.51701365126635,119.7775939243854,119.85848999023438,4103000.0
2024-02-01T00:00:00,119.41353338903953,121.35521184053182,118.68539471106202,120.02030944824219,2575083.0
2024-02-02T00:00:00,121.1934122059754,122.20470567841363,120.10121031778571,121.51702117919922,2153713.0
2024-02-05T00:00:00,121.92152085329458,122.4878426465967,119.04944533989692,119.41352081298828,3618940.0
2024-02-06T00:00:00,119.97985718581093,120.62708746175782,118.92810953050855,119.00901794433594,3962569.0
2024-02-07T00:00:00,119.45397839302593,121.35521503316858,119.37308232327166,119.9798583984375,3401221.0
2024-02-08T00:00:00,119.97985979076003,120.70798615145235,119.00902052820662,119.29217529296875,2090985.0
2024-02-09T00:00:00,119.29216135705143,119.45396582442622,118.15951774053833,119.3730697631836,2108282.0
2024-02-12T00:00:00,119.37307834793097,120.62708466382452,118.96856097795823,120.50572204589844,2929809.0
2024-02-13T00:00:00,120.4248228258447,121.27429940463387,120.0607473264892,120.54617309570312,3597770.0
2024-02-14T00:00:00,120.38436889648438,120.54617337162934,119.81804706103192,120.38436889648438,2459343.0
2024-02-15T00:00:00,120.54618365559358,122.44742034919197,120.34392495818486,122.16425323486328,4085992.0
2024-02-16T00:00:00,122.81147309972853,124.7126972868805,122.81147309972853,124.4295425415039,4152062.0
2024-02-19T00:00:00,124.34863979479606,125.15767455253044,123.05419158935547,123.05419158935547,3195877.0
2024-02-20T00:00:00,122.85191714188511,123.78230205598425,122.36649141155304,123.3777847290039,2644148.0
2024-02-21T00:00:00,123.3778024029455,123.78231978787319,122.60922184056108,122.93283081054688,2484074.0
2024-02-22T00:00:00,123.49913973079035,124.18682415101566,122.48784637451172,122.48784637451172,3096546.0
2024-02-23T00:00:00,121.35520565085353,121.96198167910781,119.29216468581104,121.71926879882812,4571625.0
2024-02-26T00:00:00,121.71926984468563,122.36650008269606,121.3956608981254,121.96198272705078,2572068.0
2024-02-27T00:00:00,121.96197536528024,122.73055582563583,121.43610777263937,122.69010162353516,2465005.0
2024-02-28T00:00:00,122.69011522825762,124.30818473259279,122.64967336656176,123.53960418701172,2754246.0
2024-02-29T00:00:00,123.62050782061621,124.95541017212483,122.69011048466129,124.4295425415039,4571391.0
2024-03-01T00:00:00,125.07675980324409,125.68353578092176,123.9441039046458,123.98455810546875,2931999.0
2024-03-04T00:00:00,123.98457652128486,124.30818548615738,123.2159959710446,123.94412231445312,2453917.0
2024-03-05T00:00:00,123.58006073765229,124.38909550516557,122.77102597013902,123.86322784423828,2564043.0
2024-03-06T00:00:00,124.14636256387169,124.91494299995229,123.66094918866288,123.98455810546875,2810058.0
2024-03-07T00:00:00,123.78231590781893,125.15767250448326,123.09463143704151,124.95541381835938,2583961.0
2024-03-08T00:00:00,124.99586535475161,126.37122192203945,124.99586535475161,125.56218719482422,2886084.0
2024-03-11T00:00:00,124.59135315997231,125.03632474737894,123.53960550198141,123.62051391601562,3134326.0
2024-03-12T00:00:00,124.22729880894472,126.33078192942044,123.70141877015708,126.08808135986328,3705894.0
2024-03-13T00:00:00,126.16896293148733,126.61393449934486,124.55089348101647,126.49258422851562,3165121.0
2024-03-14T00:00:00,126.65438661053567,127.38251291325294,125.64309322071166,126.00715637207031,2982674.0
2024-03-15T00:00:00,125.92624773861387,126.73528244903191,124.75314987748568,125.2790298461914,21421981.0
2024-03-18T00:00:00,125.6430964788132,125.6430964788132,123.53960123547671,124.30818176269531,3654378.0
2024-03-19T00:00:00,124.30817799963903,126.61393185638542,124.30817799963903,126.33076477050781,4847988.0
2024-03-20T00:00:00,125.32641308389753,126.85478397516458,124.27838999515316,126.50544738769531,6341313.0
2024-03-21T00:00:00,127.29146527257812,129.78053184514962,127.24779486622236,129.60585021972656,5073753.0
2024-03-22T00:00:00,129.60585185812886,130.95955451424823,129.0381765473387,129.2128448486328,4401134.0
2024-03-25T00:00:00,129.16917513817336,129.51852506898237,128.29582030065674,128.9945068359375,2789323.0
2024-03-26T00:00:00,128.9945025076712,131.04689163750453,128.426827212868,130.61021423339844,3174023.0
2024-03-27T00:00:00,130.6102091884727,130.65387959246385,126.89845139694062,127.33512878417969,5236608.0
2024-03-28T00:00:00,127.33513033538436,128.1648147159786,126.1560960449413,126.5927734375,2009311.0
2024-04-02T00:00:00,126.59278660679111,128.73250338765354,125.98144085887867,127.59715270996094,3615595.0
2024-04-03T00:00:00,127.64080097257103,128.29581708428728,127.29146437685714,127.72814178466797,2841533.0
2024-04-04T00:00:00,127.72814755710476,128.557832004174,126.72379480428475,128.4268341064453,2345975.0
2024-04-05T00:00:00,127.07312591984265,127.90281033102784,125.98143239819451,127.77181243896484,2983789.0
2024-04-08T00:00:00,128.12114788835976,130.30453491210938,128.12114788835976,130.30453491210938,2838481.0
2024-04-09T00:00:00,130.30454100423606,130.8285592449701,128.42683340655768,128.64517211914062,2726455.0
2024-04-10T00:00:00,128.9508385288017,130.39188202997437,127.553478761821,128.33949279785156,2492980.0
2024-04-11T00:00:00,128.3394898345478,128.6451693561336,125.71942533982548,127.1167984008789,3494810.0
2024-04-12T00:00:00,127.42246158028645,129.5621915280695,127.42246158028645,127.94647979736328,2500687.0
2024-04-15T00:00:00,128.47050402141497,129.91153419625016,128.25216530848007,128.33949279785156,2439737.0
2024-04-16T00:00:00,126.72379282782872,126.89846113085525,124.27839660644531,124.27839660644531,3488466.0
2024-04-17T00:00:00,124.27840001388853,126.72379630231937,124.23472960535021,125.58843231201172,2572738.0
2024-04-18T00:00:00,125.89409457573929,126.94213104248047,124.93341224967621,126.94213104248047,3475819.0
2024-04-19T00:00:00,126.06878329535205,126.85479736328125,125.37009672033832,126.85479736328125,2556199.0
2024-04-22T00:00:00,127.5097941150048,128.77615584334552,127.16045754385425,128.16481018066406,2989974.0
2024-04-23T00:00:00,128.42682586171765,131.3525564426454,127.94647805698723,131.04689025878906,3218888.0
2024-04-24T00:00:00,126.6801237755035,129.64952493772827,124.4530662406662,126.24344635009766,7840245.0
2024-04-25T00:00:00,126.85478789485043,127.64080190411161,124.27839383523103,125.15174865722656,3423979.0
2024-04-26T00:00:00,125.32642035662032,126.76745052147508,124.93341334132697,126.11243438720703,2365729.0
2024-04-29T00:00:00,126.63645839715245,127.55348369219253,126.24345136394612,126.81112670898438,2019235.0
2024-04-30T00:00:00,127.16046950435864,127.20412658510679,125.28274861038514,126.8984603881836,2082401.0
2024-05-02T00:00:00,127.50980821850712,127.6408061155939,126.19977594228958,126.24344635009766,3967353.0
2024-05-03T00:00:00,126.94211910413784,128.68882861598652,126.94211910413784,128.20848083496094,2921610.0
2024-05-06T00:00:00,128.33948456309037,130.9595489501953,128.33948456309037,130.9595489501953,2803881.0
2024-05-07T00:00:00,131.17788264457826,132.44424438476562,130.95954395398266,132.44424438476562,2549654.0
2024-05-08T00:00:00,132.35691358290487,132.92458883367354,128.81982421875,128.81982421875,2240710.0
2024-05-10T00:00:00,130.1298704831143,133.75428771972656,129.56219517060205,133.75428771972656,3732536.0
2024-05-13T00:00:00,133.62328913058917,134.5839847751348,133.3176096092327,133.97262573242188,2261611.0
2024-05-14T00:00:00,133.97262737479207,134.4966456103022,133.09927253316673,133.57962036132812,3040795.0
2024-05-15T00:00:00,134.10362438004677,134.19095185914904,132.00756498655412,133.09925842285156,2141815.0
2024-05-16T00:00:00,133.09927508543626,133.40495461640165,131.61457449147048,132.66259765625,2145059.0
2024-05-17T00:00:00,132.57527090333355,132.92460751808983,131.7455864485341,132.79360961914062,2268117.0
2024-05-20T00:00:00,133.40495324948787,134.97699464371823,132.8809350092986,133.44862365722656,2305387.0
2024-05-21T00:00:00,133.0556066270306,133.0556066270306,131.3088970596332,131.65823364257812,2379011.0
2024-05-22T00:00:00,131.52723900434387,131.83290519038667,129.34385199116642,130.87222290039062,1969889.0
2024-05-23T00:00:00,130.56654084164438,131.87657302400203,130.3482021445848,131.4398956298828,1959722.0
2024-05-24T00:00:00,128.7324981689453,128.9508368790869,127.46613631539155,128.7324981689453,3228506.0
2024-05-27T00:00:00,128.73249544855557,130.17353890084013,128.33948844387325,129.9552001953125,2477849.0
2024-05-28T00:00:00,130.2172095555534,130.47920534161662,129.3438547317773,129.99887084960938,2504196.0
2024-05-29T00:00:00,129.69318049155672,129.86784877644652,128.0774688720703,128.0774688720703,2305602.0
2024-05-30T00:00:00,127.90281377883392,129.2128460401255,127.37880887011966,129.08184814453125,2548057.0
2024-05-31T00:00:00,129.21284115367982,130.47920295977084,128.77616374976313,130.2608642578125,5164080.0
2024-06-03T00:00:00,131.00322054154847,131.52723875424937,130.61021354519116,130.82855224609375,1946865.0
2024-06-04T00:00:00,130.91588456228672,131.13422327124738,128.51415876371928,128.95083618164062,1967881.0
2024-06-05T00:00:00,129.56219137535274,130.87222359016383,128.95083234737143,130.6538848876953,2015592.0
2024-06-07T00:00:00,131.39621957577205,134.49663160598232,131.35254917297044,133.14292907714844,3078023.0
2024-06-10T00:00:00,133.09927891009522,133.09927891009522,131.26524165061372,131.96392822265625,2782548.0
2024-06-11T00:00:00,132.18224929479624,133.84161802129577,131.265224124326,132.2259063720703,2610413.0
2024-06-12T00:00:00,132.5752630753605,135.7630028073873,132.5315926695101,135.1516571044922,3045918.0
2024-06-13T00:00:00,134.6276468361176,135.10799467616073,132.79360961914062,132.79360961914062,3221086.0
2024-06-14T00:00:00,132.9246054170373,134.05996938655574,132.09492097535215,133.44862365722656,2377954.0
2024-06-17T00:00:00,133.666964482369,135.45734461725468,132.48793008647564,132.79360961914062,3241747.0
2024-06-18T00:00:00,134.01630155949147,134.49664940119183,131.74558690306617,132.53160095214844,2258093.0
2024-06-19T00:00:00,132.57527185200075,132.92460846925678,132.05125359977896,132.6189422607422,2675359.0
2024-06-20T00:00:00,133.01194578177984,136.6363630640717,132.96827537418915,133.71063232421875,14467396.0
2024-06-24T00:00:00,132.3132561989019,134.71498197148924,131.65824007910538,134.1909637451172,3040557.0
2024-06-25T00:00:00,134.0599722165401,134.10364262520065,132.35693288948028,132.5752716064453,2016065.0
2024-06-26T00:00:00,133.05560159788118,134.75864069645596,132.4879130141323,133.14292907714844,2786959.0
2024-06-27T00:00:00,133.5359463010301,135.54466504708623,133.44861881505884,134.97698974609375,3131058.0
2024-06-28T00:00:00,136.11234791638157,136.89836188855642,135.5009889087607,136.68002319335938,2403120.0
2024-07-01T00:00:00,139.08176104794808,139.60577929294948,137.0730422105595,137.81539916992188,2329491.0
2024-07-02T00:00:00,137.55338444713905,137.55338444713905,134.4093017578125,134.4093017578125,3344730.0
2024-07-03T00:00:00,135.15166881756906,136.8983785922711,134.80233219316383,136.2433624267578,2257704.0
2024-07-04T00:00:00,136.5490368037958,138.5140852260205,136.4616959878286,137.72805786132812,1526959.0
2024-07-05T00:00:00,137.9027148080743,138.2520647168302,136.46168474767344,136.72369384765625,1334228.0
2024-07-08T00:00:00,136.46168976890516,137.11670587979592,134.8896484375,134.8896484375,2123653.0
2024-07-09T00:00:00,135.9376762707356,135.9813466782457,133.0992730249654,133.66696166992188,2184238.0
2024-07-10T00:00:00,134.19096354708412,134.49664306640625,133.01194252899253,134.49664306640625,2514149.0
2024-07-11T00:00:00,135.5883247836208,138.1647186279297,134.49663134735977,138.1647186279297,2743955.0
2024-07-12T00:00:00,138.16471736617495,138.95074462890625,137.16036474452116,138.95074462890625,2601525.0
2024-07-15T00:00:00,137.20405813337914,137.81540388925723,134.80233219316383,136.2433624267578,2774478.0
2024-07-16T00:00:00,138.07740088188328,142.13849542050585,137.55338266500564,139.91143798828125,3427709.0
2024-07-17T00:00:00,140.17345033019097,140.30444822426378,138.25207236787946,138.7760772705078,2486125.0
2024-07-18T00:00:00,139.73677767010057,142.09483312801598,138.25207707262325,142.05116271972656,3840851.0
2024-07-19T00:00:00,141.09048530581018,142.09483809992133,140.2171304148133,140.52279663085938,2348778.0
2024-07-22T00:00:00,141.00312447867213,143.36117968450208,140.82845619052478,142.40049743652344,1982070.0
2024-07-23T00:00:00,142.8371740650312,143.31752184964952,141.83280809240455,142.2694854736328,1557019.0
2024-07-24T00:00:00,141.8328318519764,141.8328318519764,139.34377835781535,139.64944458007812,2644751.0
2024-07-25T00:00:00,138.86342699266982,141.39615083369904,138.20841082761007,141.09048461914062,2064048.0
2024-07-26T00:00:00,141.2214624239522,142.531494567637,141.1341349435082,142.2694854736328,1587294.0
2024-07-29T00:00:00,142.96818587734253,144.01620902912535,142.48783804592702,142.7061767578125,1550650.0
2024-07-30T00:00:00,142.70617427054293,143.97254943847656,142.53150596934637,143.97254943847656,1999206.0
2024-07-31T00:00:00,144.14721654910085,144.97690096768466,143.62319832350212,144.10354614257812,1976134.0
2024-08-01T00:00:00,143.57952623655675,143.66686704858,139.69309997558594,139.69309997558594,2320655.0
2024-08-02T00:00:00,138.0337385428567,138.20840684991134,132.74993896484375,132.74993896484375,3946771.0
2024-08-05T00:00:00,127.7718156386772,130.6538892732697,125.32641942367941,129.03817749023438,4764007.0
2024-08-06T00:00:00,130.61021869706283,130.95955530175172,124.93341224967621,126.94213104248047,3334019.0
2024-08-07T00:00:00,128.6015112384096,131.0469076657659,127.90282464111662,130.3918914794922,2421972.0
2024-08-08T00:00:00,129.25650951775913,131.48356690782566,127.85913651676223,130.91587829589844,1980328.0
2024-08-09T00:00:00,131.22155674843057,132.793598030318,131.0905588609135,131.74557495117188,1429957.0
2024-08-12T00:00:00,132.5752585790607,132.8372676789402,131.39622429277105,131.61456298828125,1179071.0
2024-08-13T00:00:00,132.18226549935264,132.92460914638772,131.17789939853415,132.05125427246094,1489902.0
2024-08-14T00:00:00,132.74993896484375,133.23028680399722,132.31326153403833,132.74993896484375,1341671.0
2024-08-15T00:00:00,133.57961690105247,135.02066034820757,132.4879233773003,134.6713104248047,1975764.0
2024-08-16T00:00:00,134.6713072394629,136.11235065253337,134.6713072394629,135.80667114257812,2565877.0
2024-08-19T00:00:00,135.6320021632703,136.50535695720464,135.3699930598227,136.02500915527344,1393187.0
2024-08-20T00:00:00,136.0686867388633,136.50536415886845,132.57526737882233,133.53594970703125,3163902.0
2024-08-21T00:00:00,133.66694751049803,134.40929105418323,132.66258154950853,133.1865997314453,1519392.0
2024-08-22T00:00:00,132.92460358149776,134.54031536115562,132.92460358149776,134.14730834960938,1515410.0
2024-08-23T00:00:00,134.45296878642665,136.19967838631877,134.40929838116202,135.850341796875,1800942.0
2024-08-26T00:00:00,135.85035563659525,136.89837883803028,135.37000778242228,136.2870330810547,1064467.0
2024-08-27T00:00:00,136.28701944660048,136.81102433172637,135.89401245117188,135.89401245117188,1433989.0
2024-08-28T00:00:00,136.0686915432768,137.16038513183594,135.80668241675505,137.16038513183594,1436156.0
2024-08-29T00:00:00,136.9857011545624,138.25206290717747,136.9857011545624,137.42237854003906,1705669.0
2024-08-30T00:00:00,137.422391205416,138.95076219544487,137.422391205416,137.9900665283203,2729603.0
2024-09-02T00:00:00,138.29574584960938,138.81975076388866,137.55338889645859,138.29574584960938,1652437.0
2024-09-03T00:00:00,137.59705089197416,138.16472617932183,135.6320025993046,135.76300048828125,2097471.0
2024-09-04T00:00:00,133.5359463010301,136.1560107542328,133.44861881505884,134.97698974609375,1728057.0
2024-09-05T00:00:00,134.45296498940354,137.5097067028907,134.32196710364573,137.20404052734375,2295393.0
2024-09-06T00:00:00,136.50535997868752,137.24770357416122,135.15165735285842,135.19532775878906,1646572.0
2024-09-09T00:00:00,136.19968919952365,137.50972150344919,135.9813504822027,137.11671447753906,1266146.0
2024-09-10T00:00:00,137.1167035310108,138.38306532510632,135.32632352664427,135.50099182128906,1401056.0
2024-09-11T00:00:00,135.8066748547918,136.50536137783305,134.01629480397892,134.75865173339844,1746220.0
2024-09-12T00:00:00,136.19967744879298,137.85905955307018,134.6713065594079,136.02500915527344,1653315.0
2024-09-13T00:00:00,136.06869531263658,136.89837979765778,135.63201786511613,136.11236572265625,1195488.0
2024-09-16T00:00:00,136.06869224379705,137.02937461087228,135.3700056782546,136.94204711914062,1121086.0
2024-09-17T00:00:00,137.46603536687655,138.86340832838852,137.3787078857422,137.3787078857422,2400035.0
2024-09-18T00:00:00,137.29138278612825,137.68438981203838,136.1123617083979,137.11671447753906,1608603.0
2024-09-19T00:00:00,138.38307495498142,138.86342279343378,137.46604968636103,137.5533905029297,6379360.0
2024-09-20T00:00:00,137.68438981203838,137.99006934682276,136.33070042571885,137.11671447753906,5749262.0
2024-09-23T00:00:00,137.20405813337914,137.46605393851402,135.4573483586771,136.2433624267578,2449279.0
2024-09-24T00:00:00,137.11670108501096,137.59704888146777,136.19967589656366,136.76736450195312,3702836.0
2024-09-25T00:00:00,136.19967907648655,137.02936347537224,135.10798557102203,135.6320037841797,3874351.0
2024-09-26T00:00:00,136.41802910764508,137.2040564926643,135.76301294996463,136.9857177734375,2684341.0
2024-09-27T00:00:00,136.81102288842558,137.46603898267531,135.54466110481007,135.98133850097656,2264480.0
2024-09-30T00:00:00,135.5883331298828,136.68002663334403,135.2389965393099,135.5883331298828,2984433.0
2024-10-01T00:00:00,135.54466996530874,135.80667908540337,132.9246054170373,133.44862365722656,3264024.0
2024-10-02T00:00:00,132.48791715305083,133.31760152685675,131.832901069572,132.1822509765625,2536068.0
2024-10-03T00:00:00,131.61456807529797,131.74557929346963,129.1691719257998,130.12986755371094,2467135.0
2024-10-04T00:00:00,130.12987950023864,132.05125760611546,130.0425386801059,131.26524353027344,4915397.0
2024-10-07T00:00:00,132.1385962888213,132.26959419056328,130.87223437540973,131.92025756835938,1850546.0
2024-10-08T00:00:00,131.30891062542585,132.96827955535161,131.13422898957026,132.05125427246094,1760534.0
2024-10-09T00:00:00,131.57089333270045,132.09491153544175,130.3482019614194,131.74557495117188,7314082.0
2024-10-10T00:00:00,131.61457778472726,132.22592353561757,131.09057285239464,131.8765869140625,3295538.0
2024-10-11T00:00:00,131.78922973747459,132.35691833496094,131.09055658108562,132.35691833496094,2141069.0
2024-10-14T00:00:00,132.2695923171484,132.83728097811164,131.5709057562986,132.6189422607422,1363749.0
2024-10-15T00:00:00,132.83726433732602,133.4049396008377,132.35691655401976,133.05560302734375,1999251.0
2024-10-16T00:00:00,132.61892624946964,133.273942322497,131.7455714854332,132.4879150390625,2845725.0
2024-10-17T00:00:00,133.8416233370029,136.81102433172637,133.62328463661626,135.89401245117188,3747632.0
2024-10-18T00:00:00,135.37001037597656,136.37436318694043,134.67132378618774,135.37001037597656,2254402.0
2024-10-21T00:00:00,135.10798927619112,135.63200750371934,134.40930274826584,134.583984375,2045872.0
2024-10-22T00:00:00,134.58397882904575,136.28701800882772,133.71062403671277,135.98133850097656,2484361.0
2024-10-23T00:00:00,138.64508126436348,139.60577692176957,135.76300761848248,138.42674255371094,5785906.0
2024-10-24T00:00:00,132.74993014876912,133.7542828423863,129.34385174522356,130.82855224609375,14847135.0
2024-10-25T00:00:00,130.12986667123616,132.40059450744346,129.86785756300657,130.6538848876953,4471764.0
2024-10-28T00:00:00,130.91587204483383,133.40493841952966,130.34819678634892,133.1865997314453,4171610.0
2024-10-29T00:00:00,133.44862063084162,135.28265777723635,133.361279817345,134.27830505371094,4045646.0
2024-10-30T00:00:00,133.92895933601193,134.45296420231185,131.65823160303702,132.31324768066406,2205753.0
2024-10-31T00:00:00,131.658234076827,132.400590975954,131.13421587434485,131.39622497558594,3954821.0
2024-11-01T00:00:00,131.43990390752654,134.10363884467412,131.43990390752654,133.623291015625,1629066.0
2024-11-04T00:00:00,134.19096011491777,136.11235134207888,134.19096011491777,135.5883331298828,2196002.0
2024-11-05T00:00:00,135.85034411822724,135.89401452423812,134.58398230193376,135.23899841308594,2031332.0
2024-11-06T00:00:00,135.8066861788567,137.55339596893845,135.15167000757603,136.11236572265625,2885929.0
2024-11-07T00:00:00,137.02937936617903,138.51409336685714,135.19534206011392,135.37001037597656,2857216.0
2024-11-08T00:00:00,135.19533029007687,135.50099648464078,134.05996634630654,134.27830505371094,1858711.0
2024-11-11T00:00:00,135.1516532502245,136.85469241912804,134.93331455353595,136.50535583496094,1988173.0
2024-11-12T00:00:00,135.71934113493938,135.71934113493938,132.18226458117576,132.5752716064453,3164020.0
2024-11-13T00:00:00,132.4005930538448,132.4005930538448,129.5185195476347,130.7412109375,3313295.0
2024-11-14T00:00:00,131.57090761981755,132.3569350092832,130.65389565494783,131.92025756835938,2479776.0
2024-11-15T00:00:00,131.265239547784,133.49229713022,130.87223252178654,132.6189422607422,3165014.0
2024-11-18T00:00:00,132.6189276826264,133.44861205215986,131.5708912933881,132.4005889892578,1914506.0
2024-11-19T00:00:00,132.5315916998708,132.8809282914445,128.81983377746914,130.87222290039062,3028495.0
2024-11-20T00:00:00,131.5709073754484,132.57527348351056,131.352568655392,131.8765869140625,2234340.0
2024-11-21T00:00:00,131.87658529115095,132.83728097811164,130.5665529869342,132.6189422607422,2538188.0
2024-11-22T00:00:00,133.1429346145879,133.62328241271135,130.17353366928444,131.74557495117188,2935678.0
2024-11-25T00:00:00,132.70625765950012,133.09926464968623,130.65388189904536,131.4835662841797,4340909.0
2024-11-26T00:00:00,130.12986730538793,130.9595517135442,129.51852160076425,130.08619689941406,2862737.0
2024-11-27T00:00:00,129.51852234173603,130.2172088623047,128.6888379288332,130.2172088623047,2274698.0
2024-11-28T00:00:00,130.95956068005248,132.31326339990653,130.34821493357128,132.05125427246094,1942385.0
2024-11-29T00:00:00,131.70190200681273,132.66258425819734,131.5272337180461,132.31324768066406,3975305.0
2024-12-02T00:00:00,131.61457172427617,134.45297495430944,131.26523511880697,133.53594970703125,2965363.0
2024-12-03T00:00:00,133.53594901086228,134.40930384631943,133.317610301998,133.75428771972656,2441702.0
2024-12-04T00:00:00,133.75427473736298,134.40929080037913,133.01193119507957,133.14292907714844,2733085.0
2024-12-05T00:00:00,133.01193668794383,136.54902623956593,133.01193668794383,136.50535583496094,3071101.0
2024-12-06T00:00:00,136.24335042461934,136.59268701825027,134.97698861478608,135.45733642578125,1744098.0
2024-12-09T00:00:00,135.5010033362624,137.3350539017332,135.19533712624244,136.89837646484375,2936822.0
2024-12-10T00:00:00,136.59268538102714,137.37871269678058,135.28265318110806,135.850341796875,2732064.0
2024-12-11T00:00:00,135.67567512838482,136.4180187214348,135.10798650581347,135.45733642578125,2702284.0
2024-12-12T00:00:00,135.7630176626275,136.98572252854342,134.5403261230499,135.41368103027344,3539323.0
2024-12-13T00:00:00,134.88964637471196,135.89401239185406,134.84597596938636,135.54466247558594,3296107.0
2024-12-16T00:00:00,135.37001037597656,136.98572228196707,135.2826695548761,135.37001037597656,3117295.0
2024-12-17T00:00:00,135.0643195675035,135.50099698392134,134.3656463623047,134.3656463623047,2849231.0
2024-12-18T00:00:00,134.27830322663897,135.67567626554853,134.27830322663897,134.97698974609375,2697802.0
2024-12-19T00:00:00,133.92897524720618,134.40930976679567,131.13422898957026,132.05125427246094,5371159.0
2024-12-20T00:00:00,131.09056362880727,131.52724103819526,127.64080143357265,129.86785888671875,5678390.0
2024-12-23T00:00:00,129.9551976321641,130.82855243704915,129.47484982420997,130.5228729248047,2120089.0
2024-12-27T00:00:00,130.7412222043896,132.4879319554872,130.6538947126374,132.0949249267578,1939372.0
2024-12-30T00:00:00,132.00756793054538,133.05560431383262,131.70190175736676,132.2695770263672,1901813.0
2025-01-02T00:00:00,132.66259605175648,133.79796001917657,131.26523629106345,133.4049530029297,2282113.0
2025-01-03T00:00:00,133.4049490936942,135.50099533648094,133.36127868731595,134.75865173339844,2085013.0
2025-01-07T00:00:00,135.80668449501434,137.81540339397023,135.02067042975844,136.15602111816406,3393066.0
2025-01-08T00:00:00,136.0686790610912,136.94203385182178,134.7149764701915,135.9376678466797,2262115.0
2025-01-09T00:00:00,135.2389962909801,136.19967857645992,133.14293677238138,135.54466247558594,2324051.0
2025-01-10T00:00:00,135.32632352664427,137.02936272052008,134.05996173254877,135.50099182128906,2906687.0
2025-01-13T00:00:00,135.28266461781766,137.16038559224498,135.06432589937293,136.89837646484375,2347472.0
2025-01-14T00:00:00,137.55338861093216,138.55774135596909,137.3350498988513,137.90272521972656,2845912.0
2025-01-15T00:00:00,138.42673772136433,140.5227839399228,137.94638990942974,139.95510864257812,5141177.0
2025-01-16T00:00:00,140.61012525053056,141.22147095591765,139.60577254356153,140.04244995117188,2043217.0
2025-01-17T00:00:00,140.47912591928718,141.0904716184098,138.8634141971504,140.12977600097656,4731433.0
2025-01-20T00:00:00,140.39178510812533,141.00313080724794,139.78043940900272,140.12977600097656,1961132.0
2025-01-21T00:00:00,139.56211053786367,142.00750683293893,139.47476972054977,141.920166015625,3391442.0
2025-01-22T00:00:00,142.4004987288477,143.23018309982947,141.39613274179715,141.61447143554688,3338734.0
2025-01-23T00:00:00,144.1472140377653,145.5445737377887,142.57517271469428,145.02056884765625,3797924.0
2025-01-24T00:00:00,145.3262368687844,145.93759590449056,143.71053844590426,144.32188415527344,2801113.0
2025-01-27T00:00:00,143.88520674481873,144.97690027095547,143.71053844590426,144.32188415527344,3399653.0
2025-01-28T00:00:00,144.54022400310402,145.5445767245545,143.18652135472595,143.84153747558594,5227564.0
2025-01-29T00:00:00,139.99878631353172,141.00313906905726,136.63636478183753,137.81539916992188,9090738.0
2025-01-30T00:00:00,138.16471837627088,138.4267274657635,136.72368837356544,138.1210479736328,4523740.0
2025-01-31T00:00:00,138.38307637273286,139.16910375089083,136.94204616894987,137.11671447753906,3839266.0
2025-02-03T00:00:00,134.71497876423598,135.8940130823345,134.32197176698207,135.32632446289062,4420293.0
2025-02-04T00:00:00,135.85035514868326,136.19969177246094,134.32198409856449,136.19969177246094,2775009.0
2025-02-05T00:00:00,136.2433624267578,137.6843926603518,136.11236452419035,136.2433624267578,3172597.0
2025-02-06T00:00:00,136.7237120185114,140.56646824118133,136.7237120185114,140.3917999267578,4536231.0
2025-02-07T00:00:00,140.61013914003993,141.74550317724578,140.26080250997884,140.47914123535156,2667375.0
2025-02-10T00:00:00,140.69746368064017,141.96382547600382,140.304443359375,140.304443359375,3188150.0
2025-02-11T00:00:00,140.3044402636841,141.92015193937462,139.91143327742697,141.78915405273438,2080929.0
2025-02-12T00:00:00,141.9638333784985,143.31753605979495,141.9638333784985,142.74984741210938,3245523.0
2025-02-13T00:00:00,142.96818240156267,144.4965533476039,142.44417750157933,143.79786682128906,2487350.0
2025-02-14T00:00:00,143.88520605542507,145.0205699824348,143.36118783485537,144.54022216796875,2856840.0
2025-02-17T00:00:00,144.58390128028515,147.24763629696196,144.58390128028515,146.8109588623047,2477109.0
2025-02-18T00:00:00,146.81095393736558,148.16464327832185,146.76728353009727,147.98997497558594,3228893.0
2025-02-19T00:00:00,147.98997778137976,148.2519869036198,146.89828421066093,147.1166229248047,3254840.0
2025-02-20T00:00:00,147.11662479181626,147.596972634296,146.112272024544,146.41793823242188,3041334.0
2025-02-21T00:00:00,146.28693545856265,148.4703225549591,146.11226715611838,147.94630432128906,7140515.0
2025-02-24T00:00:00,148.33932425482348,148.90699956780222,146.85461037225656,148.5576629638672,3095937.0
2025-02-25T00:00:00,148.29565083729483,150.43536747721865,147.81530302188247,149.38734436035156,3977737.0
2025-02-26T00:00:00,149.82402769213348,152.48776265895702,149.12534114449062,152.1820831298828,2965300.0
2025-02-27T00:00:00,151.92007802384083,152.57509418087923,150.3917069907512,151.177734375,2836041.0
2025-02-28T00:00:00,150.82836889089947,151.5707257896028,149.99868450938993,150.78469848632812,5734374.0
2025-03-03T00:00:00,151.09038635461843,153.79779167185455,149.99869281159374,153.31744384765625,5161253.0
2025-03-04T00:00:00,152.00741303352254,152.05108344092395,147.37862970205714,147.72796630859375,4109287.0
2025-03-05T00:00:00,150.82837587369033,153.92878817308224,150.56636676046872,153.75411987304688,3963730.0
2025-03-06T00:00:00,155.63182368222363,155.850162383609,152.83709096975824,154.80213928222656,4338478.0
2025-03-07T00:00:00,153.75411599132755,155.9811734079806,152.53141126927454,155.10781860351562,3432094.0
2025-03-10T00:00:00,155.45715400706533,156.46150669399205,153.66677400632335,155.2388153076172,3175284.0
2025-03-11T00:00:00,155.50083423643326,155.98118207083382,151.70173529548225,152.1820831298828,4136961.0
2025-03-12T00:00:00,152.9244312235951,153.79778602595408,149.8676894153386,150.2606964111328,5231244.0
2025-03-13T00:00:00,150.21702807786383,151.4397194874977,149.431014075433,149.60568237304688,2795337.0
2025-03-14T00:00:00,149.43100678060262,151.83273240297368,148.81964777929372,151.70172119140625,2421820.0
2025-03-17T00:00:00,152.05108642578125,152.70610257064877,151.4833977710935,152.05108642578125,2786665.0
2025-03-18T00:00:00,152.92442086408653,153.92877348822716,152.5750709710068,153.18641662597656,2663902.0
2025-03-19T00:00:00,153.14276276160842,153.8414359097489,152.22573759675393,152.40040588378906,3567637.0
2025-03-20T00:00:00,152.57507922047526,153.01175661568345,149.6493486683823,150.91571044921875,3581382.0
2025-03-21T00:00:00,150.65370334779533,150.7847012375631,149.21267325500327,149.91134643554688,5135998.0
2025-03-24T00:00:00,150.78471730045754,151.13406725428183,149.51835536789753,149.69302368164062,3040806.0
2025-03-25T00:00:00,150.1296808590565,151.5270538330078,149.69300347048875,151.5270538330078,3060401.0
2025-03-26T00:00:00,151.74541301555166,151.83275383559229,149.25634623411386,149.69302368164062,3182177.0
2025-03-27T00:00:00,148.4703242467781,149.8240269272368,146.85461244649878,147.90264892578125,4710290.0
2025-03-28T00:00:00,146.9419588874351,147.59697504889468,145.3262470252996,146.15594482421875,3490228.0
2025-03-31T00:00:00,145.195241075881,145.2389114828254,143.01185399203317,143.6668701171875,4534962.0
2025-04-01T00:00:00,143.75420703858177,145.9375940633091,143.75420703858177,145.02056884765625,5075076.0
2025-04-02T00:00:00,144.31681561673923,144.69214620361402,141.1733682593727,144.17605590820312,7046099.0
2025-04-03T00:00:00,140.3757869525672,140.93878283195608,136.7631692085597,136.81008911132812,7616427.0
2025-04-04T00:00:00,134.65190192064583,135.3087376030114,126.62908538861436,128.45884704589844,7215065.0
2025-04-07T00:00:00,116.58884428052384,128.13043897228528,116.21350652911404,122.31272888183594,9087036.0
2025-04-08T00:00:00,124.79932481297907,126.39450128910501,120.90521626967656,124.33015441894531,6661548.0
2025-04-09T00:00:00,119.35694332453495,123.53255689598666,119.02852548615762,121.56204986572266,5994490.0
2025-04-10T00:00:00,134.18273241199424,134.37039770562498,127.37976171278473,127.9427719116211,5574886.0
2025-04-11T00:00:00,128.22426787168357,129.39719390167681,125.50308520927712,128.83419799804688,4052898.0
2025-04-14T00:00:00,131.8368871728857,134.83957497800304,130.9454662442025,134.1827392578125,3480976.0
2025-04-15T00:00:00,134.55805526084984,137.60766264028558,134.08888489478278,137.326171875,2743247.0
2025-04-16T00:00:00,135.96557958906226,137.51385053850262,134.55806835390447,136.20016479492188,3799779.0
2025-04-17T00:00:00,136.38783999102816,136.62242518928042,134.4173185985317,134.83956909179688,1203586.0
2025-04-22T00:00:00,134.8395643550187,136.6224203898723,134.32347407340467,136.57550048828125,2312832.0
2025-04-23T00:00:00,138.26452716880394,139.29669349209058,136.81009601723042,138.3583526611328,3792546.0
2025-04-24T00:00:00,138.40526335832877,139.10901893472706,137.7015077819305,138.7336883544922,2073710.0
2025-04-25T00:00:00,139.29669371044076,141.03262997761166,139.29669371044076,140.46961975097656,2037573.0
2025-04-28T00:00:00,140.56345883811088,143.00313639910473,140.56345883811088,141.4548797607422,3271959.0
2025-04-29T00:00:00,141.45486923452933,142.11170490138286,138.02993119582933,139.71893310546875,5186026.0
2025-04-30T00:00:00,141.501792270676,143.42539373031605,140.28194639495712,143.050048828125,4306187.0
2025-05-02T00:00:00,145.16131666398476,146.70958755094063,142.25246881948635,144.129150390625,3537504.0
2025-05-05T00:00:00,144.12915557213125,145.91199740162926,143.988395858469,145.5835723876953,2002473.0
2025-05-06T00:00:00,145.58357375584745,146.00583858285788,141.5017997442865,142.53396606445312,4662393.0
2025-05-07T00:00:00,142.5339562065483,144.5044775364962,142.5339562065483,143.89456176757812,3630561.0
2025-05-08T00:00:00,144.08223390773037,145.11440020558993,143.37847830184887,144.36373901367188,2570306.0
2025-05-09T00:00:00,144.64522482068003,145.44282020705762,143.84764375224643,145.06748962402344,2134793.0
2025-05-12T00:00:00,146.2404136989182,149.75919156156834,146.09965399364592,149.14926147460938,4193886.0
2025-05-13T00:00:00,149.00852528726833,149.38385588861357,146.66267323399882,147.64793395996094,2943402.0
2025-05-14T00:00:00,147.788672628282,148.63317360183743,147.60100733615235,148.25784301757812,2679108.0
2025-05-15T00:00:00,147.78866872476684,150.2283604118452,147.78866872476684,150.0876007080078,2903518.0
2025-05-16T00:00:00,150.4160293406618,152.33963079612832,150.0876043417002,151.3543701171875,3115750.0
2025-05-19T00:00:00,151.1197799816955,152.76187628692176,150.32218462055107,152.05812072753906,2419846.0
2025-05-20T00:00:00,152.48037732707033,154.45089869970548,152.43345742430395,153.55946350097656,2463730.0
2025-05-21T00:00:00,151.96428516072305,153.13721112571466,151.354369386105,152.38653564453125,3061459.0
2025-05-22T00:00:00,151.91735953416068,152.0111993350016,147.97633130387894,148.8208465576172,4686680.0
2025-05-23T00:00:00,149.19617945845715,150.1345202097682,144.6452210874211,147.97633361816406,3492316.0
2025-05-26T00:00:00,149.89994739608485,150.8852081298828,149.24311167953448,150.8852081298828,2334586.0
2025-05-27T00:00:00,150.88520638611888,151.63588190404874,150.32219616818534,150.79136657714844,2810532.0
2025-05-28T00:00:00,150.65061608032713,151.21361196125196,149.52461000053327,150.41603088378906,1290874.0
2025-05-30T00:00:00,150.3221858964598,151.16670116565325,149.71227013366206,150.0876007080078,6129366.0
2025-06-02T00:00:00,151.30744457313642,153.37179134093316,150.83827420236702,153.0902862548828,4056795.0
2025-06-03T00:00:00,153.60638239261655,153.65330229507407,151.07286515729422,152.43345642089844,3780089.0
2025-06-04T00:00:00,152.9495417454578,153.9817222942303,151.91736119668525,153.13720703125,3103302.0
2025-06-05T00:00:00,153.37180169372746,153.93481190383204,152.52730069651497,153.7471466064453,2523307.0
2025-06-09T00:00:00,153.79405569062538,155.76457715286972,153.79405569062538,155.06082153320312,2816499.0
2025-06-10T00:00:00,154.920074394041,155.20156518438586,154.31014427308975,154.96697998046875,3701520.0
2025-06-11T00:00:00,154.87315527354278,155.81149609396053,153.934814453125,153.934814453125,2723091.0
2025-06-12T00:00:00,153.1372148696231,155.24848165822436,152.15195417135365,154.73239135742188,3851797.0
2025-06-13T00:00:00,152.24579882475496,153.18413964956085,151.82354831718126,152.94955444335938,3767225.0
2025-06-16T00:00:00,152.94954278391975,154.82622429047092,152.85570298141474,154.26321411132812,3417202.0
2025-06-17T00:00:00,153.23105356472806,153.65330405579638,151.96428777357895,152.5272979736328,3132686.0
2025-06-18T00:00:00,152.71495846166908,154.9200649715496,152.71495846166908,154.3101348876953,3262416.0
2025-06-19T00:00:00,153.74714311204207,154.45089869970548,153.2779727202665,153.55946350097656,8136346.0
2025-06-23T00:00:00,153.465632729622,154.2163081942063,152.10504150390625,152.10504150390625,2853759.0
2025-06-24T00:00:00,155.38924312064367,156.32758392615978,154.77931300629155,154.82623291015625,4637069.0
2025-06-25T00:00:00,155.34231287053015,155.52997815554545,153.70021657024537,154.12246704101562,2378996.0
2025-06-26T00:00:00,154.40398558539744,155.10774120400185,152.19887891992573,152.94955444335938,3292425.0
2025-06-27T00:00:00,154.16939738089764,155.99915909009482,153.1372167665072,155.85841369628906,2220616.0
2025-06-30T00:00:00,156.42141117786065,156.655996381882,154.16939894643332,154.92007446289062,3716348.0
2025-07-01T00:00:00,155.1077404786472,155.48307107963646,152.76188842760277,153.934814453125,1733950.0
2025-07-02T00:00:00,154.73238987225582,156.7498311527663,154.21631389435103,155.6238250732422,2124358.0
2025-07-03T00:00:00,156.186823622165,157.64125472878735,155.34232262758138,156.8905792236328,1430568.0
2025-07-04T00:00:00,156.65599461732376,156.74983442505314,154.68548751650658,154.82623291015625,1301666.0
2025-07-07T00:00:00,154.82623221496505,156.18682351326527,154.45090162162165,155.81149291992188,1545375.0
2025-07-08T00:00:00,155.90531998763936,155.90531998763936,154.21631798255066,154.87315368652344,2067617.0
2025-07-09T00:00:00,155.81149555787368,157.3597521790582,154.96698023163654,157.0782470703125,1951806.0
2025-07-10T00:00:00,157.64125657783356,158.57959739079686,156.5152504658665,158.06350708007812,2313682.0
2025-07-11T00:00:00,157.4535918027325,157.78200249759567,154.45090405484788,154.92007446289062,1935333.0
2025-07-14T00:00:00,154.07555245506813,155.5299835205078,153.32487697116918,155.5299835205078,1467967.0
2025-07-15T00:00:00,155.8584091927294,156.6090703619289,154.5447235107422,154.5447235107422,1860123.0
2025-07-16T00:00:00,159.048768898027,159.048768898027,151.72970764267046,152.9026336669922,5277564.0
2025-07-17T00:00:00,154.12246616512147,155.01388700233562,152.94954024301248,154.07554626464844,2707197.0
2025-07-18T00:00:00,155.0608216823211,156.70291812978894,154.96698187243075,156.09300231933594,2480043.0
2025-07-21T00:00:00,156.04606988561443,157.40666111211553,155.29539442059684,157.3597412109375,1787097.0
2025-07-22T00:00:00,157.12516011472945,157.8289156968957,155.9053142420525,156.60906982421875,1957243.0
2025-07-23T00:00:00,158.11042220074026,159.940183867071,158.11042220074026,159.7994384765625,2565612.0
2025-07-24T00:00:00,160.92544468312846,162.0514507619289,160.55011409617637,160.87852478027344,2150954.0
2025-07-25T00:00:00,160.45627840401556,161.1600340110507,159.3302722963482,160.1278533935547,2151333.0
2025-07-28T00:00:00,161.81686543621925,162.14529043799783,159.6117731832365,159.7994384765625,2337138.0
2025-07-29T00:00:00,159.79944588383947,162.5675484630558,158.2511749267578,158.2511749267578,1271446.0
2025-07-30T00:00:00,160.4562812554972,163.08363843204165,160.4562812554972,162.3798828125,1816689.0
2025-07-31T00:00:00,163.08363046721993,163.22437585707652,160.83160400390625,160.83160400390625,3028792.0
2025-08-01T00:00:00,159.6117686549137,160.17476451891903,157.50050194952036,158.48574829101562,2871183.0
2025-08-04T00:00:00,159.23642183856782,161.4415283203125,159.1425963546715,161.4415283203125,1715421.0
2025-08-05T00:00:00,162.19220958959212,162.2860350768485,160.22168822393564,160.83160400390625,1991418.0
2025-08-06T00:00:00,161.81686918007597,162.70829008245684,161.67612378631117,162.14529418945312,1768444.0
2025-08-07T00:00:00,162.4267927822348,164.20963451551137,162.4267927822348,163.78738403320312,1520011.0
2025-08-08T00:00:00,163.83431331859302,164.91339953717764,163.83431331859302,164.44422912597656,1082122.0
2025-08-11T00:00:00,165.14798482771147,165.8986603496082,164.72573432100228,165.5233154296875,1751817.0
2025-08-12T00:00:00,166.0863123339984,167.0246530816481,165.85172714708597,166.64932250976562,1881271.0
2025-08-13T00:00:00,167.21232108796957,168.4321669433486,166.36782012852305,167.91607666015625,1398505.0
2025-08-14T00:00:00,168.1506628736314,169.13592354427422,167.91607768147568,169.04208374023438,2208338.0
2025-08-15T00:00:00,169.83967912074138,170.4495948931687,168.7605929640026,169.04208374023438,2208977.0
2025-08-18T00:00:00,168.9013379874214,169.18284308098922,166.64932587476665,166.93081665039062,1625439.0
2025-08-19T00:00:00,167.21231917981476,167.8222492595159,166.69622890251185,166.74314880371094,2052572.0
2025-08-20T00:00:00,166.27398612714134,167.30616672954366,165.66407033714086,167.25924682617188,1679596.0
2025-08-21T00:00:00,166.93082269155047,167.58767270629443,166.22706709113424,167.30616760253906,2030324.0
2025-08-22T00:00:00,166.88391401415558,169.6050965581741,166.6962344031661,169.18284606933594,1613012.0
2025-08-25T00:00:00,168.5729200763441,169.18285019103112,168.1506695772189,168.4321746826172,1322305.0
2025-08-26T00:00:00,167.44690524648126,167.58766495081716,164.3972977858047,166.79006958007812,7562286.0
2025-08-27T00:00:00,166.6493220307504,166.9777327007177,163.88120537878558,164.5849609375,2111218.0
2025-08-28T00:00:00,165.14797954955773,165.80481524099554,163.74046836021492,164.1157989501953,1613227.0
2025-08-29T00:00:00,163.74046923110268,164.7257299324718,162.47370342677888,164.1627197265625,2661296.0
2025-09-01T00:00:00,164.44422598382818,166.5554927938916,164.44422598382818,166.32090759277344,1857939.0
2025-09-02T00:00:00,166.5085691311763,166.74315432699873,163.9281319771295,163.9750518798828,3275300.0
2025-09-03T00:00:00,164.2096295578668,165.00722491432523,163.50587400261878,164.4911346435547,2063607.0
2025-09-04T00:00:00,164.350378527479,166.18015446539997,163.8343025633923,165.8048095703125,1972687.0
2025-09-05T00:00:00,166.3678204797037,166.64932557276134,164.6788042393016,164.77264404296875,2585032.0
2025-09-08T00:00:00,165.5233154989175,165.80482060948958,164.3034838830129,165.47640991210938,1733990.0
2025-09-09T00:00:00,166.13324396897897,167.54075518986622,165.05414344219872,166.46165466308594,1886572.0
2025-09-10T00:00:00,166.60240190902206,168.1975783097377,165.94556625201486,167.68148803710938,2306587.0
2025-09-11T00:00:00,167.96300086283452,168.5260110621781,167.30616517556308,168.1975860595703,1773787.0
2025-09-12T00:00:00,168.43217057921024,169.37051136238134,167.3999899905444,169.18284606933594,1954996.0
2025-09-15T00:00:00,170.12119301217604,171.52870423789517,169.60510269915676,170.6372833251953,1808054.0
2025-09-16T00:00:00,170.7780233506847,171.29411364747614,168.85442187243157,169.27667236328125,2094761.0
2025-09-17T00:00:00,169.83968442823934,171.0595303291581,169.32359412578015,170.44960021972656,2073887.0
2025-09-18T00:00:00,171.43486587602064,171.8571163837115,168.05684749654887,168.66676330566406,2143665.0
2025-09-19T00:00:00,169.22976543260356,173.0300341379765,168.5260098474687,171.2471923828125,6139685.0
2025-09-22T00:00:00,171.24719562515847,171.52870072813113,169.46435383623864,170.44960021972656,1473631.0
2025-09-23T00:00:00,170.68417661327902,173.31153357556636,168.90133491633952,172.9362030029297,2143307.0
2025-09-24T00:00:00,172.93620688498254,172.98312678710127,170.54343505636632,171.15335083007812,1809138.0
2025-09-25T00:00:00,170.8249384710803,171.62251952747891,169.13592223702472,171.01260375976562,2033657.0
2025-09-26T00:00:00,171.99786155501664,174.34371341932962,171.99786155501664,173.96836853027344,1718830.0
2025-09-29T00:00:00,174.24988547487192,174.85981559186368,173.5461298676891,173.73379516601562,2735845.0
2025-09-30T00:00:00,173.73379330900443,174.76597391568419,171.81020612428793,172.5608673095703,3099408.0
2025-10-01T00:00:00,172.232458461459,174.20296557080417,171.10645235355543,173.73379516601562,2051604.0
2025-10-02T00:00:00,174.0152880140129,174.53137828651333,171.43485096945423,171.8571014404297,1814442.0
2025-10-03T00:00:00,172.18553349516873,174.29680025464626,172.18553349516873,173.35845947265625,1402598.0
2025-10-06T00:00:00,173.07695962969314,175.89198206113713,171.66944841397114,174.76597595214844,2274768.0
2025-10-07T00:00:00,174.76597825945592,175.00056346517331,172.60779150326698,172.84237670898438,2494780.0
2025-10-08T00:00:00,172.60779126225938,174.15606220859917,169.22977289541242,170.73110961914062,3439230.0
2025-10-09T00:00:00,170.73109882185022,172.65470024798444,170.73109882185022,172.09169006347656,1410114.0
2025-10-10T00:00:00,172.09169854890473,173.78071486776597,171.57562255859375,171.57562255859375,1522496.0
2025-10-13T00:00:00,171.76328523462598,173.1238765225695,170.02734903825177,171.4348602294922,2037053.0
2025-10-14T00:00:00,168.90133515247325,170.7780166541674,167.58766382846477,169.8396759033203,2818459.0
2025-10-15T00:00:00,170.63727126871777,171.6694375038834,169.8396759033203,169.8396759033203,2317796.0
2025-10-16T00:00:00,170.6372833251953,171.62252972884303,169.41743739931647,170.6372833251953,2369685.0
2025-10-17T00:00:00,168.29142003167132,169.65201126198565,167.0246542860324,168.8544158935547,1997062.0
2025-10-20T00:00:00,170.49651244370287,170.49651244370287,168.66675083371308,169.8865966796875,1772880.0
2025-10-21T00:00:00,170.4026946341847,170.9187706186996,169.276674222294,170.44960021972656,2155991.0
2025-10-22T00:00:00,170.16810345551264,171.43485489746348,169.51125346567463,170.02734375,2682284.0
2025-10-23T00:00:00,168.0099151683249,173.87454489133302,167.681490176659,169.8865966796875,3336571.0
2025-10-24T00:00:00,170.1211861095388,170.44959679144796,167.72841425931364,170.2150115966797,2201809.0
2025-10-27T00:00:00,170.35577814767166,171.10645366467435,168.99518682694816,170.68418884277344,1886689.0
2025-10-28T00:00:00,170.68418803929643,171.05953295500316,170.12119214265311,170.59036254882812,2471192.0
2025-10-29T00:00:00,170.778014893051,171.15334546234186,169.0889986953552,169.74583435058594,3096075.0
2025-10-30T00:00:00,170.40269227705056,171.5756182582584,169.46435149208432,171.2941131591797,2007790.0
2025-10-31T00:00:00,171.29411208338016,172.5608635443624,170.2150115966797,170.2150115966797,1472733.0
2025-11-03T00:00:00,169.9804229736328,172.0447841003134,169.3705072067141,169.9804229736328,2358881.0
2025-11-04T00:00:00,168.61983006363042,170.0742610910321,166.60240317648663,169.8396759033203,2043905.0
2025-11-05T00:00:00,169.04208221348483,170.30884796686212,168.0568358696844,169.9804229736328,3376731.0
2025-11-06T00:00:00,170.21501693193545,172.04479296283608,169.79276643170627,171.57562255859375,2070410.0
2025-11-07T00:00:00,171.81021006750996,172.32628606474998,168.4321773844326,169.6520233154297,2486567.0
2025-11-10T00:00:00,170.778018569423,171.43485423879358,169.83967780805256,171.01260375976562,2097598.0
2025-11-11T00:00:00,171.24718759159202,173.030029296875,171.0126024031104,173.030029296875,2724019.0
2025-11-12T00:00:00,173.45229621236044,176.03273331722522,173.35845640864238,175.23513793945312,2398960.0
2025-11-13T00:00:00,175.28205528069782,176.4549812203198,174.90671038925262,175.04747009277344,1599116.0
2025-11-14T00:00:00,174.10912870237445,174.15604860337592,169.9335152362267,171.90402221679688,2525769.0
2025-11-17T00:00:00,171.48177737560596,171.81020237545914,169.41743052523398,170.2150115966797,1850621.0
2025-11-18T00:00:00,168.1975831476689,168.3383285360961,165.00723025447226,165.89865112304688,2458274.0
2025-11-19T00:00:00,165.8048129983086,166.6024083886589,164.3503819254049,166.03939819335938,2179876.0
2025-11-20T00:00:00,167.35308934950464,169.5581816643307,167.35308934950464,168.47909545898438,1975084.0
2025-11-21T00:00:00,167.02465840675757,168.57291496256394,165.52330743547427,168.0568389892578,1547638.0
2025-11-24T00:00:00,169.22975927011314,172.88928245237543,169.22975927011314,169.79275512695312,3136252.0
2025-11-25T00:00:00,170.26193683594857,171.90403325079672,169.32359602746394,171.57562255859375,2077873.0
2025-11-26T00:00:00,172.65470148606803,175.04747331046917,171.95094590935852,174.2498779296875,1962196.0
2025-11-27T00:00:00,174.24987409006087,176.3142208726651,173.87454351793048,176.03273010253906,2274777.0
2025-11-28T00:00:00,176.07963911791876,177.15873959022974,175.4697233468319,176.26731872558594,3992255.0
2025-12-01T00:00:00,176.17348413915695,177.72174072265625,175.89197903726318,177.72174072265625,2037518.0
2025-12-02T00:00:00,178.19090277554844,178.8477527551898,177.44024162957584,178.1439971923828,1812646.0
2025-12-03T00:00:00,178.28475425983297,178.42549965443925,176.5957379348351,176.8772430419922,1875534.0
2025-12-04T00:00:00,177.6279185550962,177.86250375806964,175.14130681281074,176.8772430419922,1747843.0
2025-12-05T00:00:00,177.15873805747353,178.98849967284704,177.06489825445183,177.20565795898438,1450026.0
2025-12-08T00:00:00,176.92415883613913,177.95632511447792,175.84505833676252,177.62791442871094,1599722.0
2025-12-09T00:00:00,177.62791767897858,178.1909135725713,176.68957687171292,176.830322265625,2096808.0
2025-12-10T00:00:00,176.68957296255172,178.61317443847656,176.40806786301127,178.61317443847656,1519089.0
2025-12-11T00:00:00,178.2847514072126,180.8651885986328,177.76866110533973,180.8651885986328,1785875.0
2025-12-12T00:00:00,181.9442769765202,182.27270198655665,177.8625030517578,177.8625030517578,1995902.0
2025-12-15T00:00:00,178.8946669009096,179.73918220746572,178.75392150878906,178.75392150878906,2830683.0
2025-12-16T00:00:00,178.9415908466987,179.36384135054357,176.92416381835938,176.92416381835938,2283399.0
2025-12-17T00:00:00,177.15874316246598,178.4724145349622,176.22040237698462,177.58099365234375,2554638.0
2025-12-18T00:00:00,177.53407987247508,179.12925639922076,176.17348855019034,179.03543090820312,2627807.0
2025-12-19T00:00:00,179.55151721017842,181.47510438942714,179.55151721017842,180.8651885986328,4099697.0
2025-12-22T00:00:00,180.86518691936783,181.0528522134126,179.41075583411873,180.7244415283203,1801156.0
2025-12-23T00:00:00,181.24051919020712,181.47510438942714,179.50459730674558,180.8651885986328,1932216.0
2025-12-29T00:00:00,181.19360775507812,181.70968372234577,180.91210266151333,181.5220184326172,1806441.0
2025-12-30T00:00:00,181.52202631831636,183.77405284672363,181.2874411164788,183.07029724121094,1913119.0
