timestamp,open,high,low,close,volume
2018-01-02T00:00:00,54.70507625304343,55.02030899775742,54.29285089731972,54.65658187866211,4893740.0
2018-01-03T00:00:00,54.826322846796835,54.826322846796835,53.68663546741304,54.02611541748047,3876901.0
2018-01-04T00:00:00,54.29285049956458,55.3840395733505,54.09886141671924,54.94756317138672,4483822.0
2018-01-05T00:00:00,55.23855378731578,55.481041128649075,54.97181925674813,55.3840446472168,1839637.0
2018-01-08T00:00:00,55.675024804282124,55.99025754484959,55.43253748657684,55.796268463134766,5515794.0
2018-01-09T00:00:00,55.91751041624862,57.008703312636044,55.82051394722652,56.960205078125,6317675.0
2018-01-10T00:00:00,56.91170528685835,57.46942531286229,56.64497079771419,57.372432708740234,5222936.0
2018-01-11T00:00:00,57.44518756952328,57.54218018958778,56.30549628247141,56.863216400146484,6892341.0
2018-01-12T00:00:00,56.98446068201995,56.98446068201995,56.25700250588155,56.47523880004883,3427223.0
2018-01-15T00:00:00,56.37823640274241,56.37823640274241,55.33554555846233,55.96601104736328,4171578.0
2018-01-16T00:00:00,55.772024117438484,55.990260397142556,55.57803502584134,55.820518493652344,3869281.0
2018-01-17T00:00:00,55.69927670479961,56.0145094501856,55.33554572268182,55.869014739990234,4928862.0
2018-01-18T00:00:00,56.03875029327137,56.790459359648175,55.91750664629145,56.305484771728516,4499769.0
2018-01-19T00:00:00,56.232751216340944,56.378242078504435,55.772027577991565,56.0145149230957,3725090.0
2018-01-22T00:00:00,56.087259990640696,57.12995479538062,55.89327088826425,56.863216400146484,3532362.0
2018-01-23T00:00:00,57.22694608855996,57.39668799754645,56.74197141273992,57.08145523071289,4025084.0
2018-01-24T00:00:00,57.081450034628595,57.25119192816359,56.66922082525702,56.741966247558594,3173219.0
2018-01-25T00:00:00,56.42673509526234,56.49948051960838,55.45678580465617,55.675025939941406,6159754.0
2018-01-26T00:00:00,55.8932673231635,56.281245503169565,55.214303577029284,56.11150360107422,3546892.0
2018-01-29T00:00:00,56.03875715722851,56.64497546638127,55.941760682865215,56.1357536315918,3089193.0
2018-01-30T00:00:00,55.91752306971162,56.1115121894063,55.35980290224651,55.529544830322266,9111680.0
2018-01-31T00:00:00,55.62653448280206,56.37824372974237,55.52954185926811,55.60228729248047,4205699.0
2018-02-01T00:00:00,55.990261583418594,56.66922534951754,55.86901791582066,56.25699996948242,4399770.0
2018-02-02T00:00:00,56.30549200450889,56.30549200450889,55.38404094154492,55.9417610168457,3798374.0
2018-02-05T00:00:00,55.844770428250285,56.01451233442818,55.214304905015,55.23855209350586,7878287.0
2018-02-06T00:00:00,53.4926429915177,54.85057043044791,53.44414475536011,53.735130310058594,7088194.0
2018-02-07T00:00:00,53.68663139855046,54.31709687392704,52.134714896759256,54.22010040283203,10098903.0
2018-02-08T00:00:00,54.31709599089101,54.63232872345454,52.9834157773748,53.49264144897461,6282610.0
2018-02-09T00:00:00,53.37140080823441,53.44414623335904,52.5711934073691,52.76518249511719,6309110.0
2018-02-12T00:00:00,53.34715100991256,53.80787848358941,52.91067458667763,53.20166015625,5100756.0
2018-02-13T00:00:00,53.78363037109374,54.026117715275454,53.1289176316011,53.78363037109375,6427828.0
2018-02-14T00:00:00,54.38984613578558,55.43254089355469,54.19585704214786,55.43254089355469,6641700.0
2018-02-15T00:00:00,55.820518493652344,56.20850053909386,55.505285737026085,55.820518493652344,5339146.0
2018-02-16T00:00:00,56.208493996562396,56.37823201804829,55.89326127662846,56.35398483276367,3614257.0
2018-02-19T00:00:00,56.523731916569375,56.86321185301943,56.40248825449854,56.69347381591797,3806119.0
2018-02-20T00:00:00,56.741968647678696,56.8874633606831,55.89326686859859,56.402488708496094,4396938.0
2018-02-21T00:00:00,56.135753908663084,56.86321202098981,55.990259196400025,56.59647750854492,4555379.0
2018-02-22T00:00:00,55.86902121781441,56.063010324986855,55.238555653942065,55.990264892578125,5103979.0
2018-02-23T00:00:00,55.941765629766486,56.160005785259195,55.626532853580606,56.0145149230957,2942511.0
2018-02-26T00:00:00,56.18424662656441,56.40248675739798,55.69927585340087,55.796268463134766,2954751.0
2018-02-27T00:00:00,55.9417601649901,56.13575311192082,55.1900510134984,55.21430206298828,4352361.0
2018-02-28T00:00:00,55.068811875932994,55.99026300055002,55.068811875932994,55.3840446472168,3955479.0
2018-03-01T00:00:00,55.16580801182885,55.91751722035469,55.04456434192163,55.57803726196289,3146248.0
2018-03-02T00:00:00,55.238551044177605,55.38404189685356,53.929121783352336,54.05036544799805,4580412.0
2018-03-05T00:00:00,53.90487410781898,54.608088951688096,53.88062691827072,54.34135055541992,3848081.0
2018-03-06T00:00:00,54.80206976070277,55.14154967423657,54.55958245292997,54.72932434082031,2838444.0
2018-03-07T00:00:00,54.55958966229273,55.57803726196289,54.34134951156078,55.57803726196289,4470400.0
2018-03-08T00:00:00,55.57802855669451,56.49947566896494,55.505279276347096,56.35398483276367,4716133.0
2018-03-09T00:00:00,56.42673801432168,56.45098906518965,55.6265305806248,56.25699996948242,5068729.0
2018-03-12T00:00:00,56.47523202484777,56.81471581359977,56.305490130471775,56.547977447509766,3242428.0
2018-03-13T00:00:00,56.669223513040365,56.86321260246099,56.16000167053031,56.208499908447266,3933090.0
2018-03-14T00:00:00,56.523734493298946,56.814720067983444,56.1357563018845,56.25699996948242,4541797.0
2018-03-15T00:00:00,56.35399506583103,56.499485928451335,55.74777670116731,55.917518615722656,4101907.0
2018-03-16T00:00:00,55.990262349324915,56.28124792798988,55.62653134155555,55.77202606201172,5428437.0
2018-03-19T00:00:00,55.77202002924882,55.77202002924882,54.6565799376436,54.705074310302734,4271511.0
2018-03-20T00:00:00,54.68082497784701,54.80206862923015,53.929115884170265,54.19585037231445,4784096.0
2018-03-21T00:00:00,54.14735869747433,54.389846029609934,53.41990056331479,53.662384033203125,4591444.0
2018-03-22T00:00:00,53.65129845021914,53.65129845021914,51.313187441105356,52.064720153808594,8227915.0
2018-03-23T00:00:00,51.93946028471705,52.71187425642036,51.70982381086785,52.555301666259766,5570986.0
2018-03-26T00:00:00,52.659685047439055,52.81625348620228,51.84552085323747,51.97077560424805,5067219.0
2018-03-27T00:00:00,52.71187791698176,52.894539717046285,52.15866387055898,52.24216842651367,4879222.0
2018-03-28T00:00:00,51.918586698439846,53.077205657958984,51.77245476464088,53.077205657958984,5243976.0
2018-03-29T00:00:00,53.18158881633645,54.43414887620638,53.129397947942564,54.3819580078125,2752379.0
2018-04-03T00:00:00,54.22538991756625,54.22538991756625,52.816261291503906,52.816261291503906,5880486.0
2018-04-04T00:00:00,52.998924433989174,53.02501779080512,51.8977166127608,52.8945426940918,4773666.0
2018-04-05T00:00:00,53.23377095371766,53.83395965419455,53.07720251830753,53.5730094909668,3332563.0
2018-04-06T00:00:00,53.39035444659011,53.39035444659011,52.55531292250076,52.65969467163086,4100362.0
2018-04-09T00:00:00,52.97282809181586,53.10330318117608,52.189977555654565,52.450927734375,2801905.0
2018-04-10T00:00:00,52.685779572098795,52.920636391776895,52.17953606709735,52.477020263671875,3529427.0
2018-04-11T00:00:00,52.24217368168113,52.34655126988666,50.47814963094283,51.334068298339844,6464503.0
2018-04-12T00:00:00,51.49063593967722,51.57414050270341,51.062676612786824,51.30274963378906,4779824.0
2018-04-13T00:00:00,51.60545352891902,51.824649367259255,51.05223944278071,51.18793487548828,5025126.0
2018-04-16T00:00:00,51.323623639953055,52.26826297606813,51.323623639953055,51.74114227294922,5574154.0
2018-04-17T00:00:00,51.7828974250904,52.55530732362422,51.7828974250904,52.189979553222656,4392920.0
2018-04-18T00:00:00,52.97283116725302,52.97283116725302,51.605452816382886,51.7933349609375,2652527.0
2018-04-19T00:00:00,51.668079175806085,52.34654800392094,51.50107005751677,52.189979553222656,5607138.0
2018-04-20T00:00:00,52.18997973030753,52.39873905071915,51.89771585046792,52.08559799194336,4835983.0
2018-04-23T00:00:00,52.18997277800567,52.68577557839707,52.064713877391235,52.581398010253906,4104262.0
2018-04-24T00:00:00,53.46863985080395,53.494733210499135,51.75159038113971,51.84553146362305,5412155.0
2018-04-25T00:00:00,49.956242769470116,50.25894729570305,48.45317327414883,49.98755645751953,18427502.0
2018-04-26T00:00:00,50.060629368629215,51.36538035195609,49.7161746102729,51.177494049072266,8474058.0
2018-04-27T00:00:00,51.17749087847815,51.93946424176587,51.17749087847815,51.82464599609375,6083381.0
2018-04-30T00:00:00,51.70983363920328,51.70983363920328,51.05224193575432,51.146183013916016,3963482.0
2018-05-02T00:00:00,51.39669202917345,51.69939241666517,51.15661486510013,51.43844223022461,6921350.0
2018-05-03T00:00:00,51.40712522545343,51.553257154184394,51.04179332546779,51.240116119384766,4254602.0
2018-05-04T00:00:00,51.40713216965077,51.709832578512845,51.229686529101706,51.54282760620117,3160679.0
2018-05-07T00:00:00,51.59501582461049,51.62633367391771,51.06267888746118,51.480201721191406,2399957.0
2018-05-08T00:00:00,51.49063060265908,51.90814921819722,51.167053052169564,51.89771270751953,4262702.0
2018-05-09T00:00:00,51.77245477591194,52.894539713146486,51.762018265037085,52.450927734375,2230023.0
2018-05-11T00:00:00,52.45092124745386,52.65968053334838,52.06471220441716,52.216064453125,3587746.0
2018-05-14T00:00:00,52.32045715197926,52.503123124082,51.876840978677436,52.14822769165039,3716900.0
2018-05-15T00:00:00,52.04384199026882,52.21606726742735,51.55325535600161,52.13778305053711,3487338.0
2018-05-16T00:00:00,52.08559938499098,52.106476564485526,51.156616851444085,51.386253356933594,5701659.0
2018-05-17T00:00:00,51.45932494224946,52.11691665649414,51.32362950068791,52.11691665649414,3329995.0
2018-05-18T00:00:00,52.07515733430114,52.18997557483297,51.82464367596357,51.97077560424805,3316550.0
2018-05-21T00:00:00,52.24217365647703,52.24217365647703,51.51151391412292,51.54282760620117,3561429.0
2018-05-22T00:00:00,51.75158477472096,51.78289846548976,51.229684386818604,51.58457565307617,2733328.0
2018-05-23T00:00:00,51.49062960476395,51.49062960476395,50.98960644456479,51.135738372802734,3734909.0
2018-05-24T00:00:00,51.33406914092053,51.89771976416951,50.98961436592287,51.25056457519531,3495804.0
2018-05-25T00:00:00,51.26099512241083,51.26099512241083,50.2589487629433,51.08354949951172,3394885.0
2018-05-28T00:00:00,51.54282598693053,51.8037761835959,50.90610734081434,51.177494049072266,2033585.0
2018-05-29T00:00:00,50.8852328914745,50.8852328914745,49.601359018765464,50.51990509033203,4194145.0
2018-05-30T00:00:00,50.67647087159876,50.91654388893441,50.258952219161365,50.75997543334961,6192257.0
2018-05-31T00:00:00,50.98961213956515,51.177494287005636,50.39464369336989,50.446834564208984,6526191.0
2018-06-01T00:00:00,50.87478968489574,51.75158127984437,50.509457775508885,51.490631103515625,4210868.0
2018-06-04T00:00:00,51.77246156183281,51.87684330952913,50.8643561508798,50.94786071777344,3164619.0
2018-06-05T00:00:00,50.81217119887068,50.968739669538195,50.2589570607558,50.36333465576172,5246478.0
2018-06-06T00:00:00,50.363334655761726,50.363334655761726,50.36333465576172,50.36333465576172,0.0
2018-06-07T00:00:00,51.12530771881108,51.2923168570247,50.46771599111039,50.78085708618164,4418355.0
2018-06-08T00:00:00,50.436402297234984,50.83304380509583,50.16501556487575,50.78085708618164,2630426.0
2018-06-11T00:00:00,51.15661385733988,51.91858722296715,51.093986478838545,51.835086822509766,5014786.0
2018-06-12T00:00:00,52.18997974293358,52.60749838385783,51.824647814887314,51.87683868408203,4742464.0
2018-06-13T00:00:00,51.929031004085495,51.970781206817655,50.540775457567605,50.55121612548828,5154346.0
2018-06-14T00:00:00,50.62428008441711,51.79333563822243,50.3111431727313,51.60545349121094,5376887.0
2018-06-15T00:00:00,51.386254284566625,51.386254284566625,50.29026676422892,50.46771240234375,7234715.0
2018-06-18T00:00:00,50.35289034764193,50.624277040222594,50.06062647676533,50.258949279785156,3609591.0
2018-06-19T00:00:00,49.76836128458423,50.95829391479492,49.643106530767255,50.95829391479492,3740449.0
2018-06-20T00:00:00,51.15660923032686,51.62632283923543,50.82259518975843,50.968727111816406,3566701.0
2018-06-21T00:00:00,51.073115513410386,51.083552024808654,50.405083188635906,50.6242790222168,3033442.0
2018-06-22T00:00:00,50.6242790222168,50.6242790222168,50.6242790222168,50.6242790222168,0.0
2018-06-25T00:00:00,50.36332832041823,51.24011995849675,50.36332832041823,50.822601318359375,3322378.0
2018-06-26T00:00:00,50.92698089928696,51.12529954334557,50.55121247655417,50.864349365234375,2385466.0
2018-06-27T00:00:00,50.74953274050552,51.6367650369301,50.57208711248394,51.43844223022461,3751344.0
2018-06-28T00:00:00,51.30274365760807,51.49062994160963,50.96872960072902,51.45931625366211,3323829.0
2018-06-29T00:00:00,51.77245231150949,52.04384314450296,51.41756108285873,51.9603385925293,5948707.0
2018-07-02T00:00:00,51.6680775609234,51.90815056326287,51.01048177591029,51.407127380371094,2051998.0
2018-07-03T00:00:00,51.60545084480041,51.80377364957568,50.937418540267025,51.42800521850586,2908448.0
2018-07-04T00:00:00,51.240117940332304,51.63676354226207,51.093986006408166,51.29230880737305,1703270.0
2018-07-05T00:00:00,51.35493237744831,51.678509910265205,51.00004115799211,51.50106430053711,2378575.0
2018-07-06T00:00:00,51.59500751876435,51.887271377167856,51.25055695132311,51.66807556152344,2588888.0
2018-07-09T00:00:00,51.78289446479907,51.991653772568135,51.62632602305139,51.89771270751953,1700497.0
2018-07-10T00:00:00,51.99165939127599,52.76406932912706,51.960345699542394,52.158668518066406,2601060.0
2018-07-11T00:00:00,51.970775930471206,52.106471349128704,51.54282080972662,51.66807556152344,3010260.0
2018-07-12T00:00:00,51.83508699662772,52.002091954420074,51.41756421135532,51.73070526123047,1952141.0
2018-07-13T00:00:00,51.762024612741904,51.9603474379009,51.334069425959775,51.57414245605469,3022990.0
2018-07-16T00:00:00,51.61588830680108,52.320454647576796,51.396692475823485,52.189979553222656,2880140.0
2018-07-17T00:00:00,53.051118140672806,53.93834635197494,52.816261291503906,52.816261291503906,5591883.0
2018-07-18T00:00:00,53.25987851262649,53.25987851262649,50.791292162774354,51.480201721191406,7091785.0
2018-07-19T00:00:00,51.62632337458509,51.85595569192923,51.37580972432385,51.72026443481445,3850733.0
2018-07-20T00:00:00,51.66807605237549,53.703486569992435,51.45931674529209,53.52082061767578,5273316.0
2018-07-23T00:00:00,53.54691478437869,55.11261584571973,53.25987125232612,54.747283935546875,5272999.0
2018-07-24T00:00:00,54.87776244361597,55.76499476285569,54.69509647714699,55.58232879638672,4995570.0
2018-07-25T00:00:00,55.63451984529181,56.365179557201934,55.477947235107415,55.47794723510742,4162332.0
2018-07-26T00:00:00,55.843268391131986,56.33907117023097,55.55622073935426,56.18250274658203,4532885.0
2018-07-27T00:00:00,56.33908446695715,56.67831890247075,56.130325134050096,56.23470687866211,3116446.0
2018-07-30T00:00:00,56.20860273467536,56.286891112058925,55.973750071474115,56.104225158691406,1982952.0
2018-07-31T00:00:00,55.97375465074616,56.730507724727374,55.94765713737774,56.70441436767578,3442077.0
2018-08-01T00:00:00,56.83488765301785,56.991456102967845,56.28689392187618,56.44346237182617,2381721.0
2018-08-02T00:00:00,56.44345755814241,56.521741776441075,56.286889121545094,56.36517333984375,3496125.0
2018-08-03T00:00:00,56.65221786499024,56.756599595452805,56.41736104960768,56.652217864990234,1833679.0
2018-08-06T00:00:00,56.65222353248671,56.65222353248671,56.05203891307544,56.286895751953125,1648606.0
2018-08-07T00:00:00,56.600028822624935,56.62612633423928,56.33907864438075,56.49565124511719,1891677.0
2018-08-08T00:00:00,56.52174360370974,56.73050291136051,56.18250920923767,56.62612533569336,2031199.0
2018-08-09T00:00:00,56.678319416454315,57.35679244995117,56.521750954433436,57.35679244995117,1991070.0
2018-08-10T00:00:00,57.14801986189748,57.14801986189748,56.312982655619656,56.67831039428711,1849953.0
2018-08-13T00:00:00,56.52174460041499,56.73050391174702,56.18251019996086,56.49565124511719,3206262.0
2018-08-14T00:00:00,56.62613017541889,56.88707621504755,56.156420653980376,56.286895751953125,3795477.0
2018-08-15T00:00:00,56.469554719638914,57.17412104446546,56.36517714030841,56.78269577026367,2958458.0
2018-08-16T00:00:00,57.27849479646809,57.591635826168876,56.78269197606515,57.40896987915039,2347009.0
2018-08-17T00:00:00,57.38287619171894,57.85258565538272,57.22630775593645,57.617733001708984,3059553.0
2018-08-20T00:00:00,57.80040059454101,58.08744829738374,57.61773878656088,57.98306655883789,3845954.0
2018-08-21T00:00:00,58.06135478915143,58.19182989317441,57.69602699167732,57.87868881225586,2143289.0
2018-08-22T00:00:00,57.85258848167848,58.139632013408196,57.69602003824709,57.95697021484375,3290942.0
2018-08-23T00:00:00,57.87868001622679,58.270105268809424,57.8525866619145,57.90477752685547,2539324.0
2018-08-24T00:00:00,57.80040357130579,58.29621062045793,57.77431021348387,58.00916290283203,1993502.0
2018-08-27T00:00:00,58.08744249735524,58.92247969707669,58.03525163329357,58.4527702331543,1675041.0
2018-08-28T00:00:00,58.50496592772042,58.6354410204892,57.90478133224733,58.11354064941406,2461482.0
2018-08-29T00:00:00,58.113535851227915,58.58324531515031,57.930869905170226,58.4527702331543,2521733.0
2018-08-30T00:00:00,58.27011274070703,58.426685355607006,57.95697582354091,58.217926025390625,2462583.0
2018-08-31T00:00:00,58.139636019771416,58.47887044146018,57.800401598082644,57.85259246826172,3290596.0
2018-09-03T00:00:00,57.74820012581912,58.03524778094608,57.74820012581912,57.82648849487305,1413423.0
2018-09-04T00:00:00,57.93087689231967,58.03525863303268,57.33069227401188,57.539451599121094,4479025.0
2018-09-05T00:00:00,57.408976536057345,57.61774001760944,57.12193298339844,57.12193298339844,5012234.0
2018-09-06T00:00:00,57.017553855044234,57.74821360500338,56.80879452024406,57.35679244995117,2959291.0
2018-09-07T00:00:00,57.408969014928005,57.53944409564616,56.260790798398,56.60002517700195,4229758.0
2018-09-10T00:00:00,56.443459382880256,57.09583481698672,56.20860256407534,56.62612533569336,3312151.0
2018-09-11T00:00:00,56.60003485703711,56.60003485703711,55.869375111317424,56.13032531738281,3072996.0
2018-09-12T00:00:00,56.10422716922911,56.130320525081046,55.37356748589178,55.634517669677734,3479084.0
2018-09-13T00:00:00,55.634515846935486,56.05203446478727,55.45184989300664,55.79108428955078,2973706.0
2018-09-14T00:00:00,55.791081309246955,55.97374725341797,55.26918098665337,55.97374725341797,3229432.0
2018-09-17T00:00:00,55.791086275931356,56.18251155272236,55.55622944733009,55.947654724121094,2417433.0
2018-09-18T00:00:00,55.94765842376304,56.05204016700307,55.08652358914203,55.42576217651367,3421543.0
2018-09-19T00:00:00,55.269187911178356,55.86937252609321,55.269187911178356,55.47794723510742,2501340.0
2018-09-20T00:00:00,55.47794484245364,57.382880345165034,55.47794484245364,57.20021438598633,5008736.0
2018-09-21T00:00:00,57.27849446365307,57.82649230152441,57.27849446365307,57.617733001708984,4862199.0
2018-09-24T00:00:00,57.435072848032746,57.565547943115234,56.99145669348894,57.565547943115234,2035288.0
2018-09-25T00:00:00,57.64383214303897,58.0613507845889,57.4611661787421,57.98306655883789,2556845.0
2018-09-26T00:00:00,57.98306574199699,58.061349966645174,57.56554710632888,57.80039978027344,2803408.0
2018-09-27T00:00:00,57.56555162599682,58.818111787660605,57.4350765225669,58.60934829711914,3171541.0
2018-09-28T00:00:00,58.348395116394386,58.81810878985561,57.98306733920062,58.583251953125,4233858.0
2018-10-01T00:00:00,58.5832557386096,58.974681054242225,57.98307108590299,58.792015075683594,4988358.0
2018-10-02T00:00:00,58.635444685823394,58.635444685823394,58.06135341049064,58.217926025390625,2856017.0
2018-10-03T00:00:00,58.400581357392575,58.87029083730665,56.65221852417444,57.7743034362793,7113615.0
2018-10-04T00:00:00,57.722117567210454,57.93087689231967,57.06974207854617,57.539451599121094,3687197.0
2018-10-05T00:00:00,57.408970873516445,57.72211190864107,56.62612452017951,57.27849578857422,2973970.0
2018-10-08T00:00:00,56.93926037118835,57.069735453775394,55.608416191327024,56.15641403198242,4085017.0
2018-10-09T00:00:00,56.156416024841626,56.41736204295974,55.138708682020095,56.104225158691406,3370612.0
2018-10-10T00:00:00,56.13031769324435,56.965359070493946,56.02594011878592,56.54783630371094,3042982.0
2018-10-11T00:00:00,55.84327533640699,56.10422551248715,54.642906188964844,54.642906188964844,4916113.0
2018-10-12T00:00:00,54.956043245795705,55.24309093416481,54.512431270135636,54.747283935546875,4495955.0
2018-10-15T00:00:00,55.399666128546656,55.399666128546656,54.04272836842016,54.46024703979492,3561336.0
2018-10-16T00:00:00,54.40805018091392,55.13870985359235,54.35585931365476,55.034332275390625,3579829.0
2018-10-17T00:00:00,54.74728310854355,54.929949060870655,54.2775736284999,54.355857849121094,4649815.0
2018-10-18T00:00:00,54.30367113647588,54.59071466417599,53.52082061767578,53.52082061767578,3710913.0
2018-10-19T00:00:00,53.416449170709136,54.53853429910411,53.416449170709136,54.277584075927734,5076534.0
2018-10-22T00:00:00,54.72118789386444,55.060422275903754,53.546912155509375,53.67738723754883,3954074.0
2018-10-23T00:00:00,53.416438227898276,53.78177012803077,52.65968522950442,53.23377227783203,3949812.0
2018-10-24T00:00:00,52.71188351886915,53.990537036790855,52.18998310592551,52.9206428527832,5038776.0
2018-10-25T00:00:00,52.633599314205036,53.207686443673175,52.16910595142346,52.711883544921875,4903897.0
2018-10-26T00:00:00,52.65968453945275,52.65968453945275,51.72026560330277,51.9603385925293,4988327.0
2018-10-29T00:00:00,52.45093007977252,52.972830460550696,51.97077990067723,52.096038818359375,3300643.0
2018-10-30T00:00:00,52.18997507137776,52.372641019050356,51.626324540951046,51.9603385925293,3525380.0
2018-10-31T00:00:00,52.4509324344761,52.63359840721232,51.86640464677375,51.94990921020508,5737409.0
2018-11-01T00:00:00,51.78290557861328,52.21608113129571,51.375823386383544,51.78290557861328,3710765.0
2018-11-02T00:00:00,52.398741540129556,52.529216641125146,51.960345699542394,52.158668518066406,2437871.0
2018-11-05T00:00:00,52.02296846501448,52.47702111116291,51.7515817753083,51.91858673095703,3855246.0
2018-11-06T00:00:00,52.09603867217314,52.1586660526801,51.73070674412687,51.87683868408203,3191383.0
2018-11-07T00:00:00,52.179543684105695,52.6596939042633,52.04385239979447,52.26826858520508,2124829.0
2018-11-08T00:00:00,52.68577674656879,53.12939285088275,52.372639878880136,52.555301666259766,2771728.0
2018-11-09T00:00:00,52.424835022785324,52.65969186766407,52.106477770629226,52.52921676635742,2337230.0
2018-11-12T00:00:00,52.63359404409464,52.79016248985139,52.01253228206523,52.03340530395508,2240754.0
2018-11-13T00:00:00,52.17953905015835,52.294357299804695,51.80377476729765,52.29435729980469,2797054.0
2018-11-14T00:00:00,52.07515783228908,52.07515783228908,51.50106662413995,51.56369400024414,2711423.0
2018-11-15T00:00:00,51.54282754610066,51.69939600630934,50.457272367597234,50.697349548339844,4014521.0
2018-11-16T00:00:00,50.80171801337408,51.29230464235077,50.613835894863634,50.968727111816406,4371999.0
2018-11-19T00:00:00,50.96873377416069,51.45932046726409,50.6242790222168,50.6242790222168,3965431.0
2018-11-20T00:00:00,50.509462696318764,50.519903364431656,49.653548195858846,49.72661209106445,4743364.0
2018-11-21T00:00:00,49.93537589609323,49.99800327990241,49.58048046064627,49.8414306640625,3583392.0
2018-11-22T00:00:00,49.8414306640625,50.091944355616185,49.36128461731413,49.8414306640625,3293000.0
2018-11-23T00:00:00,49.84142501604352,50.3842025414106,49.61179268687072,49.904056549072266,3071820.0
2018-11-26T00:00:00,50.11282047220917,50.561652817528234,50.08150678096909,50.446834564208984,3781892.0
2018-11-27T00:00:00,50.49902061836217,52.05428098933223,50.49902061836217,51.887271881103516,5810736.0
2018-11-28T00:00:00,52.09604517322919,52.450936477933304,51.605458422948765,51.84553146362305,4311125.0
2018-11-29T00:00:00,51.99165475481639,52.450927734375,51.85595933186047,52.450927734375,4203680.0
2018-11-30T00:00:00,52.39873786764607,52.39873786764607,51.80377361009038,52.32045364379883,5239597.0
2018-12-03T00:00:00,52.71187708334997,52.89453888052572,52.3204518214308,52.477020263671875,3004514.0
2018-12-04T00:00:00,52.81625180534089,52.81625180534089,52.1377830505371,52.13778305053711,4611031.0
2018-12-05T00:00:00,51.88727488268571,52.10647486945577,51.44887906546231,51.553260803222656,3266388.0
2018-12-06T00:00:00,51.3131873796424,51.3131873796424,49.9666862487793,49.9666862487793,3785984.0
2018-12-07T00:00:00,50.227637699595704,51.396693232191616,50.14413313922217,50.84347915649414,3487525.0
2018-12-10T00:00:00,50.446829918171474,50.92698006682675,50.11281585693359,50.112815856933594,4182505.0
2018-12-11T00:00:00,50.33201378628944,51.78289664746692,50.13369098083868,51.32362365722656,5692878.0
2018-12-12T00:00:00,51.4906276920908,52.97282409667969,51.3027414162976,52.97282409667969,5102549.0
2018-12-13T00:00:00,53.33815945330044,53.860059846015965,52.764068190050004,53.5991096496582,6028632.0
2018-12-14T00:00:00,53.49472392962847,53.96443757318842,53.02501444238506,53.703487396240234,4228203.0
2018-12-17T00:00:00,53.625198193059255,53.93833923184258,53.364248020125885,53.52082061767578,3531585.0
2018-12-18T00:00:00,53.65130252133036,53.70349339381195,53.02502036418533,53.54692077636719,5327540.0
2018-12-19T00:00:00,53.599104838292504,54.14709853892598,53.494723106592566,53.52082061767578,4929336.0
2018-12-20T00:00:00,52.920630679795536,53.15548331780835,52.216064453125,52.216064453125,3885232.0
2018-12-21T00:00:00,52.242160791491365,52.26825414302525,50.258941385437566,50.77040100097656,9019553.0
2018-12-27T00:00:00,50.655597408735936,51.114870453904516,50.10238328332392,50.3320198059082,4938843.0
2018-12-28T00:00:00,50.36333057329899,51.636767885893825,50.36333057329899,51.30274963378906,4610723.0
2019-01-02T00:00:00,50.72866215935287,51.678517724905724,49.78924310548587,51.511512756347656,3690664.0
2019-01-03T00:00:00,51.37581517408343,51.87683837143636,51.18793303369484,51.553260803222656,2728862.0
2019-01-04T00:00:00,51.84552102258412,52.842351169476416,51.5010662998635,52.60749435424805,4492450.0
2019-01-07T00:00:00,52.842353518805574,52.842353518805574,51.60545032459496,52.043846130371094,3675693.0
2019-01-08T00:00:00,51.981217261797674,52.32045165646136,51.51150778023899,51.6889533996582,4904133.0
2019-01-09T00:00:00,51.99165544340699,52.096037178804245,51.37581401098639,51.73070526123047,3691181.0
2019-01-10T00:00:00,51.688959108974714,52.65969186766407,51.647204749019096,52.52921676635742,4160447.0
2019-01-11T00:00:00,52.52921396728008,52.7640666433275,52.054284125072996,52.189979553222656,3073394.0
2019-01-14T00:00:00,52.18997391390269,52.3726398575241,51.75157814300106,52.13778305053711,3499716.0
2019-01-15T00:00:00,52.555305345649565,52.685780435093136,51.21924491856926,51.29230880737305,5005146.0
2019-01-16T00:00:00,51.32362914771661,52.477027924106046,50.96873785595326,52.26826858520508,4872387.0
2019-01-17T00:00:00,52.189971101006705,52.71187139390102,51.89770726949117,52.216064453125,3154679.0
2019-01-18T00:00:00,52.55530994207032,52.868451015385126,52.45093235517667,52.63359832763672,4963759.0
2019-01-21T00:00:00,52.71187425642036,52.71187425642036,52.34654236902857,52.555301666259766,1617958.0
2019-01-22T00:00:00,52.179543684105695,52.71188477806782,52.158670659637565,52.26826858520508,3895854.0
2019-01-23T00:00:00,52.3465412083785,52.94672573322923,52.18997277800567,52.581398010253906,5738268.0
2019-01-24T00:00:00,52.73797410787518,52.842355847509936,52.12735298433055,52.37264633178711,3262205.0
2019-01-25T00:00:00,52.71187908715673,52.9467317594461,52.398738034454254,52.42483139038086,3789025.0
2019-01-28T00:00:00,52.659684876770825,52.659684876770825,51.887270883304005,52.075157165527344,3470467.0
2019-01-29T00:00:00,52.07516169838093,52.07516169838093,51.02092442428818,51.35493850708008,7451441.0
2019-01-30T00:00:00,51.4906367339651,51.79333714282716,50.66603591537624,51.54282760620117,6695250.0
2019-01-31T00:00:00,51.5637015012686,51.866406071562174,50.66603677143577,51.25056457519531,7987718.0
2019-02-01T00:00:00,51.35493651299732,51.62632736081433,51.09398633244502,51.407127380371094,6524751.0
2019-02-04T00:00:00,51.407126879498776,51.845522679797256,51.17749039034483,51.396690368652344,4417171.0
2019-02-05T00:00:00,51.41756600500185,52.26826429358366,51.41756600500185,51.99165725708008,6642719.0
2019-02-06T00:00:00,50.44683522247232,51.0417995201142,49.01682944945945,50.46771240234375,9788597.0
2019-02-07T00:00:00,50.446839225556815,51.490640113519575,50.33202096162822,50.36333465576172,6003178.0
2019-02-08T00:00:00,50.363328844715795,50.812165336036884,50.08150563003173,50.41551971435547,5901915.0
2019-02-11T00:00:00,50.624273567871185,51.292305820670734,50.300696029903385,51.20880126953125,6109114.0
2019-02-12T00:00:00,51.4906386354841,52.21607807050956,51.37582037485136,52.11691665649414,7161265.0
2019-02-13T00:00:00,52.189985113179716,52.946738247262914,52.054289670574015,52.65969467163086,5799012.0
2019-02-14T00:00:00,52.816252495921354,53.05110930597914,52.42482725003593,52.842350006103516,6055691.0
2019-02-15T00:00:00,52.816252355079776,53.67738706246811,52.65968391966965,53.5730094909668,8202916.0
2019-02-18T00:00:00,53.44254417108125,53.781778613978084,53.15549644530926,53.625205993652344,3315515.0
2019-02-19T00:00:00,53.46863810708082,54.22539123305141,53.4425447482366,54.12101364135742,3072928.0
2019-02-20T00:00:00,54.173204515362976,54.35586633990673,53.70349496194724,54.12101364135742,6699729.0
2019-02-21T00:00:00,54.225387609025844,54.460244448196164,53.80786895751953,53.80786895751953,5414057.0
2019-02-22T00:00:00,53.86006061509956,54.5646228302727,53.75567887253922,54.19929504394531,3254018.0
2019-02-25T00:00:00,54.590718484589274,54.69509606727738,54.14710232829375,54.56462097167969,2705735.0
2019-02-26T00:00:00,54.30367393897187,54.8777610239995,54.27757642654182,54.69509506225586,3332595.0
2019-02-27T00:00:00,54.43415262319359,55.19090571988787,54.43415262319359,55.00823974609375,3146424.0
2019-02-28T00:00:00,54.92994872187148,55.24308975874019,54.773380281595344,54.982139587402344,3607905.0
2019-03-01T00:00:00,55.24309275159533,55.399661200353734,55.03433343447857,55.21699523925781,2803114.0
2019-03-04T00:00:00,55.34747782701108,55.50405045328882,55.00824337121849,55.11262512207031,3362191.0
2019-03-05T00:00:00,55.19089889320934,55.34746733348547,54.773380281595344,54.982139587402344,2718582.0
2019-03-06T00:00:00,55.06042983073385,55.06042983073385,54.48633855972606,54.61681365966797,3353256.0
2019-03-07T00:00:00,54.43414523111464,55.13870736014394,54.17319506293597,54.486331939697266,4591691.0
2019-03-08T00:00:00,54.277578085385294,54.43415069580078,53.938343663960296,54.43415069580078,2305534.0
2019-03-11T00:00:00,54.642913017140266,54.79948147982655,54.40805616679382,54.46024703979492,2282898.0
2019-03-12T00:00:00,54.61681292166337,54.721194662733204,53.52082542201424,53.5991096496582,4401423.0
2019-03-13T00:00:00,53.416440862708555,54.01662545140247,53.416440862708555,53.88615036010742,3135545.0
2019-03-14T00:00:00,53.86005402073033,54.19928840804183,53.781769801553274,54.06881332397461,3820010.0
2019-03-15T00:00:00,54.251479114654764,54.64290436571446,53.7295787799085,54.59071350097656,6355203.0
2019-03-18T00:00:00,54.642904220775705,55.53013229370117,54.642904220775705,55.53013229370117,2706771.0
2019-03-19T00:00:00,55.5562302801095,56.05203730067017,55.32137760430449,55.71280288696289,3394095.0
2019-03-20T00:00:00,55.68670822197989,55.92156506611149,55.37357130489365,55.42576217651367,2631139.0
2019-03-21T00:00:00,55.321377829665714,55.347471186089216,54.6690023559108,54.77338409423828,2576394.0
2019-03-22T00:00:00,54.79946907755756,55.06041922718756,53.8078593402268,53.860050201416016,3901304.0
2019-03-25T00:00:00,53.833964650819006,54.46024260690411,53.49472608208328,53.75567626953125,2786555.0
2019-03-26T00:00:00,53.938351370227245,54.61682031001129,53.599116900335225,54.538536071777344,3940054.0
2019-03-27T00:00:00,54.90385239406287,55.86936465067452,54.5124271582529,55.16480255126953,6347205.0
2019-03-28T00:00:00,55.46341738248636,55.46341738248636,54.21617754480001,54.65768051147461,6198573.0
2019-03-29T00:00:00,54.98880096605695,55.04398938498904,53.90712641412309,54.138916015625,6070154.0
2019-04-01T00:00:00,54.08373030177767,54.45900453723436,53.53737503559713,53.98991394042969,7108602.0
2019-04-02T00:00:00,54.11684811127467,56.2636414598988,54.06165968383516,56.07048416137695,5731143.0
2019-04-03T00:00:00,56.374010416612194,56.84310099654489,56.318821996904745,56.64994812011719,3737996.0
2019-04-04T00:00:00,56.732727487535534,57.25700647733725,56.18085209088186,57.11903762817383,4093438.0
2019-04-05T00:00:00,57.17422696112206,57.36738423204607,56.208445001534244,56.29122543334961,3342068.0
2019-04-08T00:00:00,56.31881900636574,56.31881900636574,55.960100889863696,56.015289306640625,3808897.0
2019-04-09T00:00:00,55.849734138802965,56.98107710932619,55.794545712062934,56.870704650878906,4196759.0
2019-04-10T00:00:00,56.84310970739319,57.47776564370525,56.67754881793192,57.39498519897461,3525387.0
2019-04-11T00:00:00,57.39497406077189,57.83647261034562,57.06385234610761,57.36738204956055,3177126.0
2019-04-12T00:00:00,57.25700744874226,58.33316624848758,57.14663500455827,57.6433219909668,4553217.0
2019-04-15T00:00:00,57.864075111613424,58.25038528442383,57.670917827691966,58.25038528442383,5213045.0
2019-04-16T00:00:00,58.41595277013995,58.66429409171724,58.00204617247847,58.52632522583008,3790763.0
2019-04-17T00:00:00,57.063860742642625,57.836481120566155,56.07048226738517,56.9258918762207,6262867.0
2019-04-18T00:00:00,56.84310474289207,57.67091790796557,56.787920714579855,57.45016860961914,2398402.0
2019-04-23T00:00:00,57.75369398044023,58.1951969387968,57.146634554627255,58.057228088378906,4761709.0
2019-04-24T00:00:00,58.05723126684611,58.167603716203686,57.50535583496094,57.50535583496094,3304883.0
2019-04-25T00:00:00,57.64332469293223,57.8364775780661,57.22941811901836,57.50535583496094,4480284.0
2019-04-26T00:00:00,57.50535655084669,57.97444715776286,56.98107312601599,57.86407470703125,4972321.0
2019-04-29T00:00:00,57.946857546928925,58.084826412339446,57.31220164504706,57.753700256347656,3751425.0
2019-04-30T00:00:00,57.78128834714983,57.89166078656732,57.063852108324035,57.20181655883789,2689201.0
2019-05-02T00:00:00,57.06386032432772,58.029637987168705,57.03626391422602,57.753700256347656,5350342.0
2019-05-03T00:00:00,57.781296666449364,58.19520326268093,57.50535893562832,57.753700256347656,3708502.0
2019-05-06T00:00:00,57.20182052101034,57.56054306030274,56.567164666545246,57.560543060302734,2082514.0
2019-05-07T00:00:00,57.450168872417755,57.67091817177398,56.07048025765072,56.26363754272461,3460290.0
2019-05-08T00:00:00,56.01529205138522,56.48438262939453,55.766946361236116,56.48438262939453,3108449.0
2019-05-09T00:00:00,56.015291256784735,56.07047528045088,55.353039022469595,55.51860427856445,2898335.0
2019-05-10T00:00:00,55.62897484916699,56.23603864435782,55.297848743150894,55.8221321105957,3396748.0
2019-05-13T00:00:00,55.73936080932617,55.96011011780392,55.40823464909318,55.73936080932617,4847055.0
2019-05-14T00:00:00,55.73935771098359,56.098075866699226,55.40823156915667,56.09807586669922,2838504.0
2019-05-15T00:00:00,56.12566765752731,56.208448093896926,55.380639335168304,55.93251037597656,2189746.0
2019-05-16T00:00:00,55.79453993752233,56.318823344742,55.35304135936117,56.20844650268555,3406496.0
2019-05-17T00:00:00,56.07048457636877,56.20845344847225,55.38064461088423,55.849735260009766,4427387.0
2019-05-20T00:00:00,55.84972600068988,55.96010283808645,55.176437840647935,55.51860427856445,2688842.0
2019-05-21T00:00:00,55.73936080932617,55.904921691926305,55.546203516270864,55.73936080932617,2855001.0
2019-05-22T00:00:00,55.49100854942033,55.62897740033501,54.31551763145431,54.52522659301758,4004193.0
2019-05-23T00:00:00,54.47003804830413,54.66871106751829,53.85193835070654,53.97334671020508,4199272.0
2019-05-24T00:00:00,53.95127486031362,54.21617221926582,53.76363776604519,53.97334671020508,3536534.0
2019-05-27T00:00:00,54.525235897450194,54.591464649017865,53.44356115230626,53.64223861694336,1953757.0
2019-05-28T00:00:00,53.71949548484932,53.71949548484932,52.240470299525,52.83649826049805,5855655.0
2019-05-29T00:00:00,52.704044745020084,52.85856969756573,52.36188266402849,52.48329544067383,2630332.0
2019-05-31T00:00:00,52.163203518954546,52.383952797529936,51.578215952965294,51.611328125,6602221.0
2019-06-03T00:00:00,51.50095140697563,51.50095140697563,50.849735155956964,51.225013732910156,4752222.0
2019-06-04T00:00:00,51.20294830735885,51.865196228027344,50.960122751270596,51.865196228027344,5835873.0
2019-06-05T00:00:00,51.644436008868084,51.72170066722166,50.88284732524228,51.225013732910156,4643977.0
2019-06-07T00:00:00,51.29124384901586,51.33539194802528,50.4192826345637,50.7393684387207,7201439.0
2019-06-11T00:00:00,51.24709199835318,51.47888160740133,50.99323053703934,51.313316345214844,5459650.0
2019-06-12T00:00:00,51.21398082277253,51.21398082277253,50.78351816475226,51.04841995239258,5457702.0
2019-06-13T00:00:00,50.93804310878435,51.36850576680462,50.80559441248039,51.04841995239258,4739293.0
2019-06-14T00:00:00,50.96012216138507,50.96012216138507,50.452399200919615,50.706260681152344,3656554.0
2019-06-18T00:00:00,50.805602411424196,51.1477645274351,50.70626587355647,50.84975051879883,6648421.0
2019-06-19T00:00:00,50.96011658248721,51.51199198042211,50.81662757261384,51.401615142822266,4921568.0
2019-06-20T00:00:00,51.57821587123864,51.71066455916758,50.90492771587965,51.037376403808594,6256467.0
2019-06-24T00:00:00,50.8607822420744,51.83207999538123,50.67314512615112,51.07049560546875,4876685.0
2019-06-25T00:00:00,50.78351772768851,50.915970817884926,50.26475887328519,50.69521713256836,3701696.0
2019-06-26T00:00:00,50.69522235042823,51.09257287185048,50.39721275563616,50.81663513183594,2826436.0
2019-06-27T00:00:00,50.98219501061679,51.22502054770159,50.5738086050798,51.07049560546875,3960950.0
2019-06-28T00:00:00,50.96012216138507,51.16983553876401,50.68418443220913,50.706260681152344,5275831.0
2019-07-01T00:00:00,51.026338334054465,51.68859053593588,51.026338334054465,51.3243522644043,3036598.0
2019-07-02T00:00:00,51.26917731650669,51.26917731650669,50.62900119185951,50.84975051879883,3704992.0
2019-07-03T00:00:00,50.84974770127142,51.29125072571996,50.67315088652485,51.18087387084961,2917074.0
2019-07-04T00:00:00,51.21398582609163,52.17424775817234,51.081537116848175,52.15217590332031,3405697.0
2019-07-05T00:00:00,52.37292123347811,53.78571761302471,52.26254438748217,53.75260543823242,7083028.0
2019-07-08T00:00:00,53.73053839195107,54.21618513069612,53.620161536080495,54.083736419677734,4702668.0
2019-07-09T00:00:00,53.951281085189315,54.23825472217571,53.60911902704298,53.82986831665039,3478772.0
2019-07-10T00:00:00,53.78571761302471,54.13892000418572,53.631192665649884,53.75260543823242,3165143.0
2019-07-11T00:00:00,53.7636435264814,53.995428740398914,52.94686632712528,53.47666549682617,2171088.0
2019-07-12T00:00:00,53.97335233497115,54.17202976992207,53.46562941404648,53.862979888916016,3029491.0
2019-07-15T00:00:00,53.82986836132161,54.62456932059364,53.78571586634408,54.41485595703125,3813352.0
2019-07-16T00:00:00,54.29344920134722,54.48108633820151,53.896098677704956,54.11684799194336,3933497.0
2019-07-17T00:00:00,52.64885696646461,52.64885696646461,50.673144899947694,50.904930114746094,7198941.0
2019-07-18T00:00:00,50.60691816803953,51.2802019283664,50.198527388538416,51.037376403808594,5023032.0
2019-07-19T00:00:00,51.04841994523571,51.23605706331748,50.73937005721486,51.05945587158203,4414906.0
2019-07-22T00:00:00,50.93804325277528,51.08153227086512,50.05504608154297,50.05504608154297,5561563.0
2019-07-23T00:00:00,50.20956801715337,50.430317296732824,49.889477825985836,50.220603942871094,4632729.0
2019-07-24T00:00:00,50.275799820292185,50.28683574764716,49.1941251133563,49.4479866027832,4533704.0
2019-07-25T00:00:00,49.59146851472999,49.80117747456776,48.76365541605319,48.82987976074219,4778264.0
2019-07-26T00:00:00,48.84092172163608,49.07271135172127,48.49875963510823,48.50979995727539,3740413.0
2019-07-29T00:00:00,48.564979553222656,48.995442202616154,48.311118092050165,48.564979553222656,2051983.0
2019-07-30T00:00:00,48.587064905922084,48.77470205543374,47.9358528467287,48.079341888427734,3119956.0
2019-07-31T00:00:00,47.84754783042295,48.17867399114461,47.792363799496606,48.12348556518555,4342454.0
2019-08-01T00:00:00,48.06829735109891,48.82988620560582,48.002072997669224,48.2890510559082,3523167.0
2019-08-02T00:00:00,47.84754541744976,48.34423243596775,47.51642366845943,47.659908294677734,5321270.0
2019-08-06T00:00:00,47.295669951856375,47.52745957106498,46.931436028151076,47.074920654296875,4288265.0
2019-08-07T00:00:00,47.141142227857166,47.7150938837371,46.95350511623016,47.406044006347656,4041261.0
2019-08-08T00:00:00,47.72613285774484,48.035182754871826,47.46123545736886,47.836509704589844,3341471.0
2019-08-09T00:00:00,47.56057196119748,47.63783663296087,47.13010929074689,47.251522064208984,3304731.0
2019-08-12T00:00:00,47.3950084583804,47.79235893176909,47.085958578526125,47.19633102416992,2556569.0
2019-08-13T00:00:00,47.0197330300976,47.04180927873841,46.25814859983152,46.6334228515625,4682438.0
2019-08-14T00:00:00,46.63342754662371,46.710687832096276,45.529676533913175,45.617977142333984,3402998.0
2019-08-15T00:00:00,45.71730705963472,46.00428509421139,45.26477255016727,45.96013259887695,4017455.0
2019-08-16T00:00:00,46.09258254437947,47.074920654296875,46.09258254437947,47.074920654296875,5053885.0
2019-08-19T00:00:00,47.53848780454936,47.78131331107822,46.9866124524441,47.05284118652344,3442790.0
2019-08-20T00:00:00,46.92039386859278,46.964546363394696,46.54511963793817,46.57823181152344,2525713.0
2019-08-21T00:00:00,46.57823181152344,46.76586892685074,46.423706869781405,46.57823181152344,2261786.0
2019-08-22T00:00:00,46.512008882377216,46.997659969810464,46.47889670778245,46.6886100769043,5088909.0
2019-08-23T00:00:00,47.019733015655696,47.24048671193089,46.03739928438091,46.04843521118164,3306062.0
2019-08-26T00:00:00,46.07050922217105,46.236070091303574,45.6952349887824,45.783531188964844,2922376.0
2019-08-27T00:00:00,46.247110455224856,46.50097191980617,45.88287214776523,46.3685188293457,4348610.0
2019-08-28T00:00:00,46.44578431810932,46.77691045755612,46.180882527545386,46.51200866699219,3974523.0
2019-08-29T00:00:00,46.688608494653266,47.152183318302214,46.55615540573048,46.96454620361328,3961138.0
2019-08-30T00:00:00,47.229448823001,47.98000175992781,47.030775760158285,47.67095184326172,5751845.0
2019-09-02T00:00:00,47.46123643035367,47.65990948470858,46.93143722370798,47.01973342895508,3332797.0
2019-09-03T00:00:00,46.953507473662455,47.10803242011554,46.589273553119995,46.6886100769043,3421939.0
2019-09-04T00:00:00,47.40604498141953,47.604718023099615,47.01973042922068,47.17425537109375,3400411.0
2019-09-05T00:00:00,47.46123115119329,48.45460510253906,47.395006807107855,48.45460510253906,4261132.0
2019-09-06T00:00:00,48.56497994137991,48.71950488355026,48.09036918865398,48.34423065185547,3806424.0
2019-09-09T00:00:00,48.34422978538679,49.779106734127026,48.20074516703535,49.75703048706055,5134889.0
2019-09-10T00:00:00,49.86740807170852,51.4788818359375,49.70184280878702,51.4788818359375,6526408.0
2019-09-11T00:00:00,51.434732958108626,52.08594494430993,51.01531059828425,51.87623596191406,4598679.0
2019-09-12T00:00:00,52.10802079015377,52.61574814184412,51.5892575115909,52.09698486328125,5500122.0
2019-09-13T00:00:00,52.163208417691585,52.792344140466284,52.163208417691585,52.538482666015625,3533385.0
2019-09-16T00:00:00,52.42810261858476,52.737156892787716,52.262541752969135,52.49433135986328,10268315.0
2019-09-17T00:00:00,52.42810844673644,52.42810844673644,51.291249718076855,51.42369842529297,3810805.0
2019-09-18T00:00:00,51.42369924207035,51.58926012872014,50.97116029185047,50.99323654174805,5091710.0
2019-09-19T00:00:00,51.20294412610067,51.73274329837833,51.103607605367166,51.4788818359375,6702037.0
2019-09-20T00:00:00,51.655485046248934,51.865194022103395,51.33539482909542,51.56718444824219,7799983.0
2019-09-23T00:00:00,51.43472486797691,51.56717794580141,49.71287880657788,49.944664001464844,5588957.0
2019-09-24T00:00:00,50.01089475989616,50.39720932765279,49.34864686592661,49.41487121582031,5060917.0
2019-09-25T00:00:00,49.39278995009399,49.58042705407644,48.708465877330696,49.49212646484375,3331144.0
2019-09-26T00:00:00,49.304496759718134,49.88948440551758,49.22723647944054,49.88948440551758,2659958.0
2019-09-27T00:00:00,50.49655008632601,51.01531339736523,50.11023988121211,50.96012496948242,4706426.0
2019-09-30T00:00:00,50.86077498844048,51.56717525147879,50.805586575149796,50.87181091308594,3823107.0
2019-10-01T00:00:00,50.96012737978503,51.63341568372145,50.73937805284571,50.84975051879883,5180807.0
2019-10-02T00:00:00,50.772481103403535,50.93804197008243,49.52524565268049,49.54731750488281,3390036.0
2019-10-03T00:00:00,49.55835942364586,49.71288436920507,48.642245676747535,49.260345458984375,3376900.0
2019-10-04T00:00:00,49.27138057142935,49.44798176201723,48.84091791626661,49.10581970214844,2927865.0
2019-10-07T00:00:00,49.1720415039866,49.668728481145806,48.86299163397499,49.62458038330078,2620055.0
2019-10-08T00:00:00,49.679773807379185,49.878446860247365,48.81884845488524,48.98440933227539,2899365.0
2019-10-09T00:00:00,48.86299260171774,49.61354104517295,48.86299260171774,49.37071990966797,2264323.0
2019-10-10T00:00:00,49.39279438796574,50.04400634765625,49.08374449539966,50.04400634765625,2404948.0
2019-10-11T00:00:00,50.286822367091276,51.787923444555446,49.94466036477023,51.511985778808594,4816239.0
2019-10-14T00:00:00,51.16983069087807,51.23605503640091,50.41928224824296,50.971153259277344,2568205.0
2019-10-15T00:00:00,50.89389342087991,51.56718159781119,50.72832816063187,51.34642791748047,5266937.0
2019-10-16T00:00:00,51.33539643038964,51.89830781582986,50.89389782161684,51.87623596191406,3506432.0
2019-10-17T00:00:00,51.84311816816824,52.41706541837211,51.743777256181424,51.986602783203125,4647290.0
2019-10-18T00:00:00,51.876233946940694,52.11905509581125,51.357470684514475,51.787933349609375,2913828.0
2019-10-21T00:00:00,51.72170540465739,52.18528021214459,51.68859323233917,51.986602783203125,3163000.0
2019-10-22T00:00:00,52.14113179066859,52.88064435524333,51.48991982418176,52.737159729003906,5417370.0
2019-10-23T00:00:00,52.979972258054616,54.348624713135635,50.971148262323865,51.99763870239258,8083240.0
2019-10-24T00:00:00,52.174242251124994,54.16099465523712,51.99764545578464,54.028541564941406,5222545.0
2019-10-25T00:00:00,53.80779330476509,54.3486328125,53.62015618453847,54.3486328125,3891276.0
2019-10-28T00:00:00,54.42589052330773,54.8784294128418,54.282405905796914,54.8784294128418,3901334.0
2019-10-29T00:00:00,54.51419006729048,54.62456690482053,53.62015262640635,54.5583381652832,4278161.0
2019-10-30T00:00:00,54.492114969322884,54.66871615508038,53.60911783059989,53.89609146118164,3403656.0
2019-10-31T00:00:00,53.97335492607456,53.97335492607456,53.02413338529541,53.34421920776367,3999023.0
2019-11-01T00:00:00,53.48770820512845,53.48770820512845,52.39499324850999,52.75923156738281,564958.0
2019-11-04T00:00:00,53.28902816772461,53.520817775740426,53.1345032273915,53.28902816772461,5818485.0
2019-11-05T00:00:00,53.53185469761378,53.53185469761378,52.65989345987806,53.0351676940918,4083081.0
2019-11-06T00:00:00,53.03516562278767,53.47666418755716,52.29565310953107,52.339805603027344,3855079.0
2019-11-07T00:00:00,52.38395574736226,53.38837007572757,52.33980764717397,53.0351676940918,2941327.0
2019-11-08T00:00:00,52.770268905050465,53.00205411620579,52.37291843375194,52.89168167114258,2018649.0
2019-11-11T00:00:00,52.770271896470355,52.89168466944507,52.074907433521325,52.74819564819336,2321225.0
2019-11-12T00:00:00,52.74818871772641,53.366288428011465,52.73715279255415,53.30006408691406,2994401.0
2019-11-13T00:00:00,53.17866174884201,53.31111045698665,52.30670042850184,52.96894836425781,4197217.0
2019-11-14T00:00:00,53.17866114132037,53.17866114132037,52.31773575815001,52.42810821533203,3261129.0
2019-11-15T00:00:00,52.80339025639181,53.43252604820245,52.31773910760716,53.22281265258789,5184813.0
2019-11-18T00:00:00,53.068281262242046,53.47666768108453,52.361880875443774,52.5605583190918,2147070.0
2019-11-19T00:00:00,52.84752917709149,53.35525209345323,52.527443372866244,52.89168167114258,2584309.0
2019-11-20T00:00:00,52.31772846002868,52.50536556659293,51.169829574273244,51.60029220581055,3812914.0
2019-11-21T00:00:00,51.32435472287684,51.95349038927148,51.2581303785229,51.79896545410156,2611165.0
2019-11-22T00:00:00,51.78793815075944,52.53848670510874,51.64444911741442,52.13010025024414,2308199.0
2019-11-25T00:00:00,52.4281032121016,52.52744412762784,52.05282898243634,52.47225570678711,1763724.0
2019-11-26T00:00:00,52.428106604325734,52.47225910186802,51.84312336966759,52.119056701660156,3675076.0
2019-11-27T00:00:00,52.1190555277002,52.80338406393058,52.09698367445882,52.75923156738281,2727125.0
2019-11-28T00:00:00,52.54951365770345,52.54951365770345,51.48991536252871,51.611328125,2097078.0
2019-11-29T00:00:00,51.50096170495392,51.94246031372672,51.291248327525416,51.87623596191406,3319446.0
2019-12-02T00:00:00,51.92038075516863,52.10801787168798,50.551732518196395,50.684181213378906,3734483.0
2019-12-03T00:00:00,50.794563114536665,51.092572708375236,49.88948522056912,50.02193832397461,4970248.0
2019-12-04T00:00:00,50.06608203706676,50.77248241148327,50.03296986287789,50.65106964111328,3289786.0
2019-12-05T00:00:00,50.77247500210689,51.24708569290759,50.64002632468004,50.83869934082031,2759206.0
2019-12-06T00:00:00,50.91597125608862,51.22502114415279,50.419284249916366,51.04841995239258,4247679.0
2019-12-09T00:00:00,51.147760477919824,51.90934933134141,51.02634769846083,51.83208465576172,3478249.0
2019-12-10T00:00:00,51.71067047953456,52.295658111572266,51.379548721801996,52.295658111572266,5429226.0
2019-12-11T00:00:00,52.295651624499236,53.21176529566177,52.07490234838308,53.20072937011719,5141478.0
2019-12-12T00:00:00,53.22281000810569,54.55834620587165,52.83649980988197,54.33759689331055,6204677.0
2019-12-13T00:00:00,55.12126098757538,56.48438917605949,54.889471356902476,55.73936080932617,5839639.0
2019-12-16T00:00:00,55.68416985753561,55.98769959354488,54.9225810420563,55.49101257324219,4291714.0
2019-12-17T00:00:00,55.43582280878144,56.539573669433594,55.18748150215415,56.539573669433594,5270855.0
2019-12-18T00:00:00,56.45678640483054,56.64994366108669,55.84972262589632,55.904911041259766,5785126.0
2019-12-19T00:00:00,55.96010485835994,56.208446158919635,55.49100987503744,55.62897872924805,4417951.0
2019-12-20T00:00:00,55.51861150084842,55.877329676503855,55.40823464909318,55.73936080932617,9898580.0
2019-12-23T00:00:00,55.73935771098359,56.12566788058793,55.573792442553895,56.09807586669922,1885497.0
2019-12-27T00:00:00,56.29123389272776,56.539579620527185,55.766954815754254,55.849735260009766,1894377.0
2019-12-30T00:00:00,55.794549865344926,56.26364493500496,55.46342807032195,55.68417739868164,2809550.0
2020-01-02T00:00:00,55.84973333863562,57.50535974691962,55.794544912686284,57.31220245361328,3184995.0
2020-01-03T00:00:00,56.870701322546935,56.870701322546935,56.34641789174921,56.45679473876953,2211722.0
2020-01-07T00:00:00,56.89828760346029,57.174225298173845,56.56716149079761,56.760318756103516,3072708.0
2020-01-08T00:00:00,56.29122260046128,56.29122260046128,55.68416320101104,56.015289306640625,3575195.0
2020-01-09T00:00:00,56.5671662481869,56.62235467077746,55.71176108064677,55.93251037597656,3288094.0
2020-01-10T00:00:00,56.0152975261389,56.098077965935225,55.353045217703034,55.408233642578125,2555821.0
2020-01-13T00:00:00,55.40822790781816,55.62897718943832,54.1941046613912,54.31551742553711,3806591.0
2020-01-14T00:00:00,54.35966909114053,54.503158111374425,53.432519410473404,53.56496810913086,4138327.0
2020-01-15T00:00:00,53.531847610018154,53.531847610018154,51.787925365441346,51.99763870239258,12814913.0
2020-01-16T00:00:00,52.2294325775958,52.946868896484375,52.15217230088485,52.946868896484375,6030929.0
2020-01-17T00:00:00,53.05724655859839,53.46563298685392,52.88064535907016,53.09035873413086,6284869.0
2020-01-20T00:00:00,53.20073415977266,53.26695850906647,52.836495843624235,52.97998046875,2592752.0
2020-01-21T00:00:00,52.9247974417879,53.05724614288001,52.53848287022585,52.72611999511719,3401935.0
2020-01-22T00:00:00,52.880639096286814,53.355249819397976,52.49432896248212,52.62677764892578,2589522.0
2020-01-23T00:00:00,52.207351010350365,52.60470146518432,51.55613910785451,51.644439697265625,3263452.0
2020-01-24T00:00:00,52.25151303345157,52.648863560763814,52.052835572279015,52.13010025024414,2776761.0
2020-01-27T00:00:00,51.655480535885275,51.98660225570763,50.86077961824737,51.037376403808594,3573571.0
2020-01-28T00:00:00,51.16983438061704,52.7592319728696,51.16983438061704,52.52744674682617,4225158.0
2020-01-29T00:00:00,52.75922792104869,52.825452266260896,52.14112817235853,52.339805603027344,3766024.0
2020-01-30T00:00:00,51.75481556757848,52.207350036701705,51.53406629568364,51.887264251708984,4484669.0
2020-01-31T00:00:00,52.31773115290631,52.79234190658037,51.90934474671866,52.25150680541992,5424509.0
2020-02-03T00:00:00,52.26255295279434,52.56056696979891,51.93142675557072,52.32877731323242,3195377.0
2020-02-04T00:00:00,52.42810644096634,53.20073559025548,52.42810644096634,53.079322814941406,4429028.0
2020-02-05T00:00:00,56.23605195012859,56.84311149392117,54.8011747479134,56.31883239746094,12438767.0
2020-02-06T00:00:00,56.89829322247397,59.29894788753384,56.87070120829058,59.21616744995117,8983501.0
2020-02-07T00:00:00,59.24376499487288,60.51307678222656,58.38835540336705,60.51307678222656,5440028.0
2020-02-10T00:00:00,60.485482646528105,61.616825612789576,60.319921761964444,61.202919006347656,5161153.0
2020-02-11T00:00:00,61.53404346411359,61.754792769087814,61.12013686914967,61.67201232910156,3882671.0
2020-02-12T00:00:00,61.80997807315586,61.86516649537098,61.368479485499726,61.423667907714844,4404284.0
2020-02-13T00:00:00,61.20291335171098,61.34088220777779,60.37510461034251,60.70622634887695,4564873.0
2020-02-14T00:00:00,60.899380486125374,60.92697689293516,60.375101497125165,60.457881927490234,2069126.0
2020-02-17T00:00:00,60.154349316993,60.70622472651144,60.12675730452998,60.37510299682617,2302375.0
2020-02-18T00:00:00,60.0715735652441,61.09254403141189,59.6576669758544,60.347511291503906,3698417.0
2020-02-19T00:00:00,60.84420100622562,61.975543975830085,60.457890809424654,61.97554397583008,3554749.0
2020-02-20T00:00:00,62.08591200657751,62.803348266566594,60.95456919774114,61.230506896972656,4046270.0
2020-02-21T00:00:00,61.0373558269889,61.0373558269889,60.016389752176536,60.51307678222656,5050439.0
2020-02-24T00:00:00,58.66428937797391,59.51969891476077,58.41594807635114,58.553916931152344,4802105.0
2020-02-25T00:00:00,58.55392535571994,59.133392871244155,56.9534872887661,57.146644592285156,5799526.0
2020-02-26T00:00:00,56.649956698061686,58.084829457530496,55.46342527233191,57.58814239501953,4737293.0
2020-02-27T00:00:00,56.84310910488158,56.95348596004108,54.37070974162419,55.270267486572266,5840738.0
2020-02-28T00:00:00,53.78571577609415,54.24929060238626,52.5053681394441,53.24488067626953,7473087.0
2020-03-02T00:00:00,54.293444951560545,54.62457109451588,52.41706933485699,53.75260543823242,4703097.0
2020-03-03T00:00:00,54.75702430468896,55.29785946753978,53.7084617614746,53.70846176147461,5403313.0
2020-03-04T00:00:00,54.31552183562233,55.13229468343704,53.542897089703324,54.2934455871582,4550127.0
2020-03-05T00:00:00,54.93361185988925,54.977759953931184,52.99101221644032,54.205135345458984,5638034.0
2020-03-06T00:00:00,53.25591556068424,53.553929512839524,52.295653753223306,52.913753509521484,5765489.0
2020-03-09T00:00:00,50.39721533560487,52.030765609507554,49.2493162121948,50.88286209106445,13786002.0
2020-03-10T00:00:00,51.23605184378808,52.59366402750759,49.392788629786615,49.944664001464844,8599551.0
2020-03-11T00:00:00,50.573810312362525,51.08153325611067,48.80780714577094,49.22723388671875,7751999.0
2020-03-12T00:00:00,46.909360713449736,47.516424590094196,43.24490999494312,43.30009841918945,12425908.0
2020-03-13T00:00:00,44.40385300702611,46.75483964062059,42.95793990501818,43.697452545166016,10510755.0
2020-03-16T00:00:00,42.085973992536985,42.19634644319513,39.62461076793472,41.202972412109375,9435066.0
2020-03-17T00:00:00,41.556173023408185,44.90053329024435,39.73498591269925,44.05064392089844,10331829.0
2020-03-18T00:00:00,42.84756293966152,45.20958989010296,41.37957798584058,42.32880401611328,9548199.0
2020-03-19T00:00:00,42.582663445057,45.6731625608721,42.218425107471774,45.1875114440918,9559160.0
2020-03-20T00:00:00,47.38397563446459,47.82547867199195,43.874053955078125,43.874053955078125,9692073.0
2020-03-23T00:00:00,42.317757815874415,44.591483843630066,41.53409718049923,41.65550994873047,7034646.0
2020-03-24T00:00:00,43.38840023782602,44.19413719035259,41.810038509244336,43.22283935546875,10903406.0
2020-03-25T00:00:00,44.977797655870816,47.16322326660156,43.542924962936425,47.16322326660156,6688928.0
2020-03-26T00:00:00,45.80560814717138,47.53849471942849,45.342033311375864,47.494346618652344,4480936.0
2020-03-27T00:00:00,47.03077106047421,47.40604529392086,45.17647174577379,45.77249526977539,6189169.0
2020-03-30T00:00:00,45.66212270392061,45.66212270392061,43.289060145285575,43.995460510253906,8327588.0
2020-03-31T00:00:00,44.7239305116765,46.20295551582109,44.60251774894629,45.882869720458984,8786708.0
2020-04-01T00:00:00,44.701855087550186,45.62900471361818,44.436957705834885,44.48110580444336,5628401.0
2020-04-02T00:00:00,44.5583777703592,44.79016301733119,42.47228857244664,43.520851135253906,5975464.0
2020-04-03T00:00:00,43.81885855236329,43.81885855236329,42.108048288693304,42.284645080566406,4031160.0
2020-04-06T00:00:00,43.48773595695741,43.863010213330085,42.73718744421206,43.664337158203125,5047741.0
2020-04-07T00:00:00,44.48110576749065,46.05946731567383,43.84093416552235,46.05946731567383,8500204.0
2020-04-08T00:00:00,45.78352956342266,45.971171068487145,44.95572085211896,45.45240783691406,5263706.0
2020-04-09T00:00:00,46.103626690162514,46.158815117888196,44.9667635381514,45.297889709472656,2314748.0
2020-04-14T00:00:00,45.81664210859953,45.949095195312125,44.83430845192725,45.25373077392578,6826675.0
2020-04-15T00:00:00,45.032982294582915,45.032982294582915,42.56058323217419,42.637847900390625,4963191.0
2020-04-16T00:00:00,43.01312536510408,43.211798421118246,41.73277324290393,42.085975646972656,4208588.0
2020-04-17T00:00:00,43.32217665483276,44.03961301784196,43.01312673891808,43.98442459106445,5553442.0
2020-04-20T00:00:00,44.24932239854603,44.37073516845703,43.322172734697865,44.37073516845703,3656429.0
2020-04-21T00:00:00,44.05064980225324,44.08376197995743,42.95793914794922,42.95793914794922,3726466.0
2020-04-22T00:00:00,44.646678042366574,46.29126419437705,44.08376222816023,46.24711608886719,8400366.0
2020-04-23T00:00:00,46.35748215240469,46.86520507334576,45.75041831646881,46.77690887451172,4475824.0
2020-04-24T00:00:00,45.960132428778856,46.754833391533644,45.606934442572495,46.35748291015625,4301178.0
2020-04-27T00:00:00,47.185297531797005,47.65990830211218,46.78794703791413,47.64887237548828,3885149.0
2020-04-28T00:00:00,47.73716659121989,49.27137554341393,46.98661380532953,49.17203903198242,4758277.0
2020-04-29T00:00:00,49.17203920083761,51.40161253077237,49.06166676387866,51.3243522644043,4846679.0
2020-04-30T00:00:00,51.31331849066949,51.31331849066949,49.80118119066323,49.834293365478516,4671138.0
2020-05-04T00:00:00,47.84754847214648,47.84754847214648,46.13673800969941,46.335411071777344,6189102.0
2020-05-05T00:00:00,47.074920506515944,48.211783560659335,46.73275843711799,48.04622268676758,4459946.0
2020-05-06T00:00:00,47.92480761758497,48.233857497394304,47.18529509125319,47.207366943359375,3133766.0
2020-05-07T00:00:00,47.339820150238324,48.41045441117873,46.98661777526361,48.35527038574219,3972425.0
2020-05-08T00:00:00,48.609134246667445,48.92922006914407,48.00207038159193,48.25593185424805,3163622.0
2020-05-11T00:00:00,48.27800953292878,48.9623336947261,48.06829615559537,48.94026184082031,4304479.0
2020-05-12T00:00:00,48.840919735296545,49.59147262573242,48.39942113741605,49.59147262573242,4852180.0
2020-05-13T00:00:00,48.84091982259671,48.84091982259671,46.18088351380839,46.26918411254883,6188366.0
2020-05-14T00:00:00,45.960135215237614,46.23607294417272,44.50318629187725,45.4193000793457,5155837.0
2020-05-15T00:00:00,46.081545197950625,46.94247050842958,45.88287215477811,46.35748291015625,4760852.0
2020-05-18T00:00:00,47.01972935796684,48.443570371030695,46.909356913447745,48.399417877197266,3432912.0
2020-05-19T00:00:00,48.82988352786356,48.840919454485736,46.78794703061571,47.659908294677734,4831727.0
2020-05-20T00:00:00,47.26255939091011,47.9800001262685,46.85417295672771,47.38397216796875,1866880.0
2020-05-22T00:00:00,46.920397903731875,48.13452568971414,46.18088530500912,47.935848236083984,3635410.0
2020-05-25T00:00:00,48.289042356242035,48.38837886849028,47.417076806422216,47.96895217895508,2526697.0
2020-05-26T00:00:00,48.399417877197266,48.741579926761254,47.88065464236405,48.399417877197266,5563461.0
2020-05-27T00:00:00,48.719499099406384,51.56717646277312,48.6201625901688,50.80558776855469,6391066.0
2020-05-28T00:00:00,51.202944850281256,51.29124544608178,50.23164269150781,50.47446823120117,4918872.0
2020-05-29T00:00:00,50.055051541534084,50.264764930838574,48.82988777852146,49.19412612915039,10174034.0
2020-06-01T00:00:00,49.779107717551454,49.9998570074805,49.061671426523965,49.51420593261719,3443277.0
2020-06-02T00:00:00,49.66873528461234,51.00427146402169,49.481098151762794,50.662109375,3707456.0
2020-06-03T00:00:00,51.21397647677377,51.732739686652096,50.9601150320563,51.67755126953125,4951467.0
2020-06-04T00:00:00,51.31331194418605,51.600289949349566,50.51861545497306,51.3243522644043,5177241.0
2020-06-05T00:00:00,51.975573495143934,52.152174700082604,50.915975055577334,51.6334114074707,7622179.0
2020-06-08T00:00:00,51.63341158192414,54.194111482055845,51.63341158192414,53.576011657714844,7563896.0
2020-06-09T00:00:00,53.30006654823333,53.45459148294033,51.50095575022299,52.20735168457031,6470374.0
2020-06-10T00:00:00,52.59366379015514,53.752598549423666,52.284613935012615,53.30006408691406,6596637.0
2020-06-11T00:00:00,52.09698162948667,52.09698162948667,49.32656860351562,49.326568603515625,8210949.0
2020-06-12T00:00:00,48.56498596952483,50.44136175593686,48.498761613950606,49.18309020996094,3956591.0
2020-06-15T00:00:00,48.20074708801621,49.56939535010279,47.82547284809134,49.260345458984375,5661055.0
2020-06-16T00:00:00,50.49654511289398,51.1808692451493,49.6025076123585,51.026344299316406,7185821.0
2020-06-17T00:00:00,51.14775038784617,51.56717706960523,50.65106344078154,50.77247619628906,4764610.0
2020-06-18T00:00:00,50.73937465633191,50.904935541695416,49.977785793594194,50.628997802734375,5070462.0
2020-06-22T00:00:00,50.364100417292605,50.640038156424254,49.6576999809169,50.02193832397461,4180300.0
2020-06-23T00:00:00,50.308911358763424,51.51199883146315,50.16542232980617,50.662109375,3686698.0
2020-06-24T00:00:00,50.353056620264205,50.816631462612186,49.22723388671875,49.22723388671875,2886324.0
2020-06-25T00:00:00,48.67536239434515,49.988826751708984,48.498761184356276,49.988826751708984,3176386.0
2020-06-26T00:00:00,50.110234252213885,50.44135599224931,49.28242111206055,49.28242111206055,3664132.0
2020-06-29T00:00:00,49.271378085150495,50.253716115056406,48.98440446120042,50.220603942871094,2605807.0
2020-06-30T00:00:00,50.242684968670545,50.36409774324345,48.65328297245527,48.80780792236328,5357009.0
2020-07-01T00:00:00,48.45460494908622,49.28241803759677,48.222815350489135,48.86299133300781,4819652.0
2020-07-02T00:00:00,49.216191617525276,49.834286932634754,49.03959044461861,49.768062591552734,3781242.0
2020-07-03T00:00:00,49.70184283427842,49.84533184987752,49.1168552407269,49.326568603515625,1696707.0
2020-07-06T00:00:00,49.94467145022736,51.22502355828061,49.922595201458826,50.92700958251953,2792921.0
2020-07-07T00:00:00,50.772485237159465,50.89389801428651,50.231645703587574,50.297874450683594,2179506.0
2020-07-08T00:00:00,49.75702630670881,50.26475357638733,49.602501380290455,49.97777557373047,2406540.0
2020-07-09T00:00:00,50.40824029335836,50.44135246504648,49.07270431518555,49.07270431518555,2434622.0
2020-07-10T00:00:00,48.664319985237775,49.75703048706055,48.664319985237775,49.75703048706055,2366348.0
2020-07-13T00:00:00,50.33098623268666,51.33539622283882,50.220609383423394,51.10361099243164,4045652.0
2020-07-14T00:00:00,50.750413156010914,51.78793981029768,50.41929136850069,51.2691764831543,3817151.0
2020-07-15T00:00:00,52.28462214973026,52.28462214973026,49.69081014403974,49.95570755004883,8286920.0
2020-07-16T00:00:00,49.9557073695649,51.5119972043761,49.70184589137915,50.938045501708984,5699182.0
2020-07-17T00:00:00,51.0815275279798,51.0815275279798,49.624578814697266,49.91155242919922,6694286.0
2020-07-20T00:00:00,49.80117931435647,49.87844398270278,48.719504722734506,48.73054504394531,5358261.0
2020-07-21T00:00:00,49.094785968644274,49.4369480437954,48.68639514779038,48.80780792236328,4832314.0
2020-07-22T00:00:00,48.84091629385939,49.0175174785809,48.4325298998441,48.78573226928711,2949962.0
2020-07-23T00:00:00,48.91818272244571,49.1058198398343,47.91376839257231,48.11244583129883,2583901.0
2020-07-24T00:00:00,47.73716831991037,48.01310601390051,47.38396596198758,47.50537872314453,2766625.0
2020-07-27T00:00:00,47.51642145556917,47.72613042181917,46.920393545079236,47.36189651489258,4271604.0
2020-07-28T00:00:00,47.38397236719669,47.64887417144733,47.18529931028321,47.57160949707031,3348609.0
2020-07-29T00:00:00,47.65990486037747,47.81442979711563,47.27359471604818,47.43915557861328,3718292.0
2020-07-30T00:00:00,47.439154994505266,47.494343413024836,45.805605055525156,45.882869720458984,4993918.0
2020-07-31T00:00:00,46.04843479368056,46.54512181573136,45.617972121898866,45.68419647216797,4406084.0
2020-08-03T00:00:00,45.684198289037504,46.412674961034355,45.37514837880236,46.1588134765625,2850982.0
2020-08-04T00:00:00,46.4457905416246,46.953513547780716,46.20296496649497,46.390602111816406,2030898.0
2020-08-05T00:00:00,46.63342123525225,46.73275775814406,46.09258173000947,46.31333541870117,2432835.0
2020-08-06T00:00:00,46.357487734021625,46.523048620559976,45.92702503398908,46.114662170410156,2709699.0
2020-08-07T00:00:00,45.93805553562806,46.169845144437694,45.640045975057205,45.805606842041016,1938261.0
2020-08-10T00:00:00,46.21399253123935,47.21840682887043,46.08154383969494,46.83209228515625,3447510.0
2020-08-11T00:00:00,47.185301473230304,48.43253708721371,46.9866240121769,48.42150115966797,5110743.0
2020-08-12T00:00:00,48.344229307483346,49.0727058981854,48.1345203450378,48.78573226928711,4223209.0
2020-08-13T00:00:00,48.564978372545944,49.22723061475834,48.36630533690155,48.59809494018555,2379054.0
2020-08-14T00:00:00,48.56497874826945,48.56497874826945,47.836506550238624,48.38838195800781,2433502.0
2020-08-17T00:00:00,48.244899363953564,48.71951016816058,47.704064205209086,47.869625091552734,2892174.0
2020-08-18T00:00:00,47.604714870565715,48.28904333499865,47.3508534246641,47.715091705322266,3260811.0
2020-08-19T00:00:00,47.748209910303075,48.28904943690048,47.670949632236365,47.99103546142578,2221467.0
2020-08-20T00:00:00,47.58264981914284,47.79236319812885,47.317748014892196,47.57160949707031,3163970.0
2020-08-21T00:00:00,47.69301867820038,48.01310888357827,47.53849373613144,47.7371711730957,3251508.0
2020-08-24T00:00:00,48.11244625860591,48.58705701944539,47.858584791064615,48.4766845703125,2647998.0
2020-08-25T00:00:00,48.885077870581576,49.51421366487837,48.289054255193406,48.33320236206055,3907170.0
2020-08-26T00:00:00,48.20074985006054,48.74158499299299,47.99103647013461,48.32216262817383,2115264.0
2020-08-27T00:00:00,48.36630932120685,48.97337319407137,48.344233072639256,48.80780792236328,2860955.0
2020-08-28T00:00:00,49.11685399684966,49.4921282181087,48.542906739053095,48.78573226928711,4323879.0
2020-08-31T00:00:00,48.885072378662215,49.282422875958936,48.00207078522144,48.024147033691406,3232999.0
2020-09-01T00:00:00,48.68639494013242,48.69743526188541,47.7040612160041,48.01311111450195,5254316.0
2020-09-02T00:00:00,47.737172338728115,48.178670928267664,46.832094516629844,47.09699630737305,6441732.0
2020-09-03T00:00:00,47.483315783538075,47.63784074537194,46.01532644859994,46.24711608886719,5521291.0
2020-09-04T00:00:00,46.191921614498945,46.67756829167118,45.69523461611967,45.982208251953125,4006306.0
2020-09-07T00:00:00,46.28022524105675,47.13011027806289,46.08154779166922,47.01973342895508,2873400.0
2020-09-08T00:00:00,47.1852940512616,47.48330799844944,46.83209168496013,46.865203857421875,3939504.0
2020-09-09T00:00:00,46.74379952798883,47.681985153869206,46.55615800778019,47.615760803222656,2952194.0
2020-09-10T00:00:00,47.626792541204615,47.94687833952221,47.163217732417664,47.825469970703125,3041256.0
2020-09-11T00:00:00,47.79235385897574,48.05725121642984,47.1521779200753,47.262550354003906,2592929.0
2020-09-14T00:00:00,47.571605481142576,47.72613042181917,47.26255559978939,47.36189651489258,1993371.0
2020-09-15T00:00:00,47.196335869371616,47.69302291333956,44.72393657671954,45.1875114440918,13154725.0
2020-09-16T00:00:00,46.08154640303503,46.776910862388114,45.78353243545049,46.28022384643555,11958518.0
2020-09-17T00:00:00,45.80560898527767,45.83872116022375,43.71952438354492,43.71952438354492,19612555.0
2020-09-18T00:00:00,43.664331008953674,43.80782001413734,42.36190722201032,42.7923698425293,18133157.0
2020-09-21T00:00:00,42.648886823065794,42.78133552642003,41.313350677490234,41.313350677490234,10992241.0
2020-09-22T00:00:00,41.94248661659935,42.0859756426165,41.24712652558909,41.5009880065918,7745803.0
2020-09-23T00:00:00,41.46786999058155,42.24049464680066,41.4016456479102,41.4237174987793,5936850.0
2020-09-24T00:00:00,40.949112148091096,41.57824788098139,40.871851869856286,41.12571334838867,5491387.0
2020-09-25T00:00:00,41.52306182281084,41.62239834498762,40.761473029390714,41.02637481689453,5509680.0
2020-09-28T00:00:00,41.754844886301264,41.99767041355637,41.41268284199602,41.942481994628906,6865745.0
2020-09-29T00:00:00,42.05286529789597,42.05286529789597,41.16986364439609,41.412689208984375,5529173.0
2020-09-30T00:00:00,41.28023750245757,42.08597442008057,41.15882472897745,41.56721115112305,7315297.0
2020-10-01T00:00:00,41.942483577941616,42.05286041996323,41.42372033149825,41.66654586791992,6249074.0
2020-10-02T00:00:00,41.48995449315781,41.62240320485836,40.91600275073393,41.37957763671875,5499298.0
2020-10-05T00:00:00,41.776926738942535,42.163236933209575,41.58928960543579,41.8431510925293,6542309.0
2020-10-06T00:00:00,41.94248741908364,42.49436288966842,41.89833931525126,42.240501403808594,7740851.0
2020-10-07T00:00:00,42.16323248370006,42.33983367131645,41.87625885009765,41.876258850097656,5360146.0
2020-10-08T00:00:00,42.11908902516838,42.25153773295827,41.821075037608345,42.03078842163086,5593640.0
2020-10-09T00:00:00,42.0859758366954,42.28464889360518,41.633436902579554,41.69966125488281,3758214.0
2020-10-12T00:00:00,42.27361317438322,43.03520201968005,42.2294650709749,42.46125030517578,7322576.0
2020-10-13T00:00:00,42.737187627143555,42.737187627143555,42.09701156616211,42.09701156616211,9244932.0
2020-10-14T00:00:00,42.49436248028849,43.43254813422474,42.48332655319489,43.04623794555664,10499678.0
2020-10-15T00:00:00,43.44358255886251,43.46565441005343,42.7040700631963,42.96896743774414,7586626.0
2020-10-16T00:00:00,43.36631895642687,43.509807967841695,42.86963197195615,43.289058685302734,7172077.0
2020-10-19T00:00:00,43.355282053255486,43.81885685464717,43.16764494757543,43.54291915893555,5695797.0
2020-10-20T00:00:00,43.58707227537785,43.92923435425424,43.00208464471189,43.487735748291016,6532746.0
2020-10-21T00:00:00,43.59810932158232,44.00649572116609,42.56058284098675,42.869632720947266,10311062.0
2020-10-22T00:00:00,43.11246007174125,43.156608172868395,42.08597386896866,42.77029800415039,6888289.0
2020-10-23T00:00:00,42.94689941406249,43.189720564028,42.65992137268351,42.9468994140625,7055755.0
2020-10-26T00:00:00,42.56058318330038,42.71510812452348,41.93144749226073,42.052860260009766,5350031.0
2020-10-27T00:00:00,42.251532409767385,42.40605734773155,41.20297001679399,41.32438278198242,4886939.0
2020-10-28T00:00:00,41.11467793484879,41.11467793484879,39.97781910917264,40.286869049072266,7981022.0
2020-10-29T00:00:00,40.28686320513481,40.64006120162879,39.712911516420526,40.22063446044922,6866048.0
2020-10-30T00:00:00,40.17648655736617,40.41931210398127,39.801212310791016,39.801212310791016,5729290.0
2020-11-02T00:00:00,40.2868640408135,40.93807601928711,39.569423316280506,40.93807601928711,7486892.0
2020-11-03T00:00:00,41.36853771496511,41.77692413330078,40.96014690159695,41.77692413330078,7225260.0
2020-11-04T00:00:00,40.97118879222513,42.39502554516079,40.77251134121512,42.09701156616211,5616310.0
2020-11-05T00:00:00,42.15219758781855,42.52747182440092,41.92040797402802,42.218421936035156,5323102.0
2020-11-06T00:00:00,42.28464645922274,42.5164360739724,41.7217351020199,41.82107162475586,4349934.0
2020-11-09T00:00:00,42.28464775156065,44.87845971856856,41.964561925729036,44.70185852050781,15165804.0
2020-11-10T00:00:00,44.867420527764416,46.47889425649599,44.35969321903459,46.23606872558594,11927871.0
2020-11-11T00:00:00,46.12570371352428,46.53409017448151,45.47448728749657,46.03740310668945,7444817.0
2020-11-12T00:00:00,45.640049390075724,46.05947174949544,45.54071286245258,46.00428771972656,8006199.0
2020-11-13T00:00:00,45.71731245255146,46.24711608886719,45.27581381732126,46.24711608886719,6629302.0
2020-11-16T00:00:00,46.51200648224651,47.42812018717057,46.4126699635882,46.83209228515625,6894446.0
2020-11-17T00:00:00,46.96454939943379,47.152186526890965,46.545122646863284,47.01973342895508,5853836.0
2020-11-18T00:00:00,46.85417015884094,47.15218412019497,46.48993184941543,47.141143798828125,5343259.0
2020-11-19T00:00:00,46.63341451251326,47.24047827883541,46.56719017346572,47.05284118652344,4971932.0
2020-11-20T00:00:00,47.05284800426018,47.84754458301031,46.89832305908203,46.89832305908203,5301170.0
2020-11-23T00:00:00,47.00869790979937,47.560573370059984,46.975585733786346,47.38397216796875,4623822.0
2020-11-24T00:00:00,47.46123744839022,48.53187181154429,47.38397277335092,48.50979995727539,5308553.0
2020-11-25T00:00:00,48.99544505521531,49.028561625588125,48.024147253513796,48.79677200317383,5357442.0
2020-11-26T00:00:00,48.85196405599104,48.96233651697989,48.531873810547744,48.60913848876953,2811547.0
2020-11-27T00:00:00,48.079334277541946,49.00648395013899,48.03518178168545,48.68639373779297,5492589.0
2020-11-30T00:00:00,48.46564501739697,48.69743463580664,47.96895800084198,48.068294525146484,6822424.0
2020-12-01T00:00:00,47.90272993401686,48.66431868464981,47.41707888172732,48.63120651245117,4706901.0
2020-12-02T00:00:00,48.56498059091227,48.98440732314098,48.01310955723634,48.88507080078125,4423787.0
2020-12-03T00:00:00,48.67536063942205,48.907150268554695,48.00207239626771,48.90715026855469,4133337.0
2020-12-04T00:00:00,48.89610471346389,48.97336937991663,48.52083049220485,48.78573226928711,4549949.0
2020-12-07T00:00:00,48.74158479210402,48.75262511418053,47.99103627233904,48.134525299072266,4686964.0
2020-12-08T00:00:00,48.14555697208545,48.178669145323916,47.626793731306456,47.77028274536133,5665180.0
2020-12-09T00:00:00,48.01311332827477,48.15659796238645,47.46123785622112,47.704063415527344,5268621.0
2020-12-10T00:00:00,47.825472730150885,47.84754458301031,46.44578414997733,46.89832305908203,9229115.0
2020-12-11T00:00:00,46.74380295156172,46.90936384030397,45.77250068418614,46.07051467895508,6502091.0
2020-12-14T00:00:00,46.280221992787325,46.61134372680506,45.79457092285156,45.79457092285156,6212624.0
2020-12-15T00:00:00,45.75042184464612,46.1919248480256,45.43033601284956,46.00428771972656,7472191.0
2020-12-16T00:00:00,46.00428548667912,46.368519403617405,45.485522229784394,45.739383697509766,5528642.0
2020-12-17T00:00:00,45.805607614949785,46.048433153978266,45.27580843662964,45.375144958496094,6131726.0
2020-12-18T00:00:00,45.19855078172888,46.247113272827114,45.06609768319873,46.00428771972656,8751240.0
2020-12-21T00:00:00,45.25373722556622,45.41930250880287,44.18310282346032,44.72393798828125,6687879.0
2020-12-22T00:00:00,45.010911018622586,45.132319393033335,44.55837211478617,44.76808547973633,3456325.0
2020-12-23T00:00:00,44.76808613190046,45.92702102661133,44.679785535107094,45.92702102661133,3235999.0
2020-12-28T00:00:00,46.4899299556358,46.4899299556358,45.79456993417859,46.05946731567383,2446506.0
2020-12-29T00:00:00,46.19192281699143,46.21399466991544,45.81664418186151,45.92702102661133,2876648.0
2020-12-30T00:00:00,45.86079565134003,46.12569743579122,45.58485794067383,45.58485794067383,4279449.0
2021-01-04T00:00:00,45.78353421551857,46.26918532378813,45.44137213333756,45.606937408447266,4270784.0
2021-01-05T00:00:00,45.44136668745602,45.83871714705347,45.30891799926758,45.30891799926758,2714740.0
2021-01-07T00:00:00,46.35748220297856,47.40604461435776,45.68419401966647,47.36189651489258,8792398.0
2021-01-08T00:00:00,47.483311057243704,47.59368350754878,46.556156983492755,46.6886100769043,4569572.0
2021-01-11T00:00:00,46.68861248515216,46.99766239399945,46.25814979818397,46.56719970703125,3731138.0
2021-01-12T00:00:00,46.633420711967375,47.516422271728516,46.53408419019024,47.516422271728516,4193988.0
2021-01-13T00:00:00,47.51642386701955,47.51642386701955,47.019732451393494,47.24048614501953,3740594.0
2021-01-14T00:00:00,47.49434487801106,48.322157996242545,47.37293211153582,48.167633056640625,5156081.0
2021-01-15T00:00:00,48.01310827913159,48.388382505855716,47.4943450383526,47.77028274536133,4219190.0
2021-01-18T00:00:00,47.46122705876505,47.70405256282833,47.295661817795484,47.681976318359375,3486766.0
2021-01-19T00:00:00,48.06829372742029,48.96233122138862,47.89169692993164,47.89169692993164,5338143.0
2021-01-20T00:00:00,47.90273104701402,48.20074499875812,47.858582948067465,48.00206756591797,4192122.0
2021-01-21T00:00:00,48.123480562450204,48.46564261478072,48.03517996910164,48.167633056640625,4533865.0
2021-01-22T00:00:00,47.957926294104226,48.04622689959978,47.52746358920895,47.84754943847656,5036270.0
2021-01-25T00:00:00,47.94687842646658,47.94687842646658,46.53408214595792,46.84313201904297,4554266.0
2021-01-26T00:00:00,46.81002267092055,47.35085778393534,46.53408495365751,47.085960388183594,5368227.0
2021-01-27T00:00:00,47.185297476149096,47.58264796956336,46.37956056270969,46.489933013916016,5040582.0
2021-01-28T00:00:00,46.4457877265836,46.96455102427936,45.55175016099003,46.72172546386719,4150302.0
2021-01-29T00:00:00,46.34645262253905,46.68861472409739,45.81664898622332,46.24711608886719,5404522.0
2021-02-01T00:00:00,46.24711247066068,46.721723246649674,45.982210673227776,46.44578552246094,4696453.0
2021-02-02T00:00:00,46.854172556620604,46.854172556620604,46.26918492534242,46.41267395019531,4015489.0
2021-02-03T00:00:00,47.04181130832684,47.063887557920125,45.717311048287016,46.14777374267578,8008246.0
2021-02-04T00:00:00,46.40163604922604,46.99765958204675,46.258147030477616,46.89832305908203,6869385.0
2021-02-05T00:00:00,47.019730789620404,47.29566850186822,46.32437074337791,46.3464469909668,4438933.0
2021-02-08T00:00:00,46.42370807013754,46.76587013605401,46.31333562034357,46.51200866699219,3518555.0
2021-02-09T00:00:00,46.51200945349738,46.61134597850144,45.82768531009271,46.081546783447266,4484726.0
2021-02-10T00:00:00,46.19192504508425,46.97558573749795,46.02635976997339,46.78794860839844,4121965.0
2021-02-11T00:00:00,46.99765875181377,47.01973060428329,46.45681925572821,46.765869140625,3599480.0
2021-02-12T00:00:00,46.765869966763326,46.89832305908204,46.42370790208547,46.89832305908203,4210039.0
2021-02-15T00:00:00,47.07491889608932,47.79235958015254,46.89832210165696,47.75924301147461,4154252.0
2021-02-16T00:00:00,47.803394324369044,48.112444200774526,47.52745662079042,47.7923583984375,4544797.0
2021-02-17T00:00:00,47.53849209615234,47.91376631465469,47.22944222267603,47.43915557861328,4472086.0
2021-02-18T00:00:00,47.3508542473125,47.92480588696041,47.3067061496621,47.85858154296875,5633537.0
2021-02-19T00:00:00,47.8916983404469,48.01311111450195,47.461235667893995,48.01311111450195,5909742.0
2021-02-22T00:00:00,48.01311031793976,48.46564483642578,47.792361021965434,48.46564483642578,5188381.0
2021-02-23T00:00:00,48.53187019788237,48.95129694550378,48.024147246055726,48.80780792236328,5035811.0
2021-02-24T00:00:00,48.76365709370357,49.84533168257919,48.12348108129856,49.72391891479492,6274194.0
2021-02-25T00:00:00,49.94467303589699,51.20294893513011,49.94467303589699,50.06608581542969,6153269.0
2021-02-26T00:00:00,49.635622132351344,50.16542134380943,49.039598568840084,49.127899169921875,7151672.0
2021-03-01T00:00:00,49.470053291436905,50.09918892973347,49.45901297118289,49.944664001464844,4133631.0
2021-03-02T00:00:00,49.88947902624587,50.55173127594911,49.67977006237103,50.14334487915039,5713888.0
2021-03-03T00:00:00,50.38616109173137,50.80558776855469,50.14333997860567,50.80558776855469,6575272.0
2021-03-04T00:00:00,51.10361416519574,51.865198650277726,51.070501987367514,51.732749938964844,6476205.0
2021-03-05T00:00:00,51.76586069975906,52.30670024786994,51.50096328438456,52.19632339477539,5453626.0
2021-03-08T00:00:00,52.42810372225417,54.17203058859021,52.40603186972896,54.01750564575195,6712255.0
2021-03-09T00:00:00,54.08373159607929,54.31552121472159,53.255918435979275,53.730533599853516,4758903.0
2021-03-10T00:00:00,53.80779228153594,54.050617819572125,53.46563022203924,54.01750564575195,5119343.0
2021-03-11T00:00:00,54.08373259022065,54.23825754047842,53.32214376572428,53.49874496459961,5856860.0
2021-03-12T00:00:00,53.47666539090876,54.447967529296875,53.42148136534495,54.447967529296875,5911310.0
2021-03-15T00:00:00,54.52522957167062,54.79013136210969,53.70845674245693,53.774681091308594,4851050.0
2021-03-16T00:00:00,53.840905447445714,54.13891941235094,53.45459528074797,53.76364517211914,5863214.0
2021-03-17T00:00:00,53.84090036283008,55.08814013202662,53.708451677617006,54.83427429199219,7772931.0
2021-03-18T00:00:00,55.08814740884786,55.176443613965304,54.61353223242042,55.032958984375,5453650.0
2021-03-19T00:00:00,54.856357768746264,55.0991833203329,54.459007265698375,55.055030822753906,7897825.0
2021-03-22T00:00:00,54.80116414666126,55.628977249910875,54.425889927995826,54.91154098510742,5368507.0
2021-03-23T00:00:00,54.9115353205741,55.38063024303136,54.75701039970919,55.215065002441406,4618479.0
2021-03-24T00:00:00,54.76804961054435,55.84972412150038,54.62456500079525,55.8221321105957,6301384.0
2021-03-25T00:00:00,55.45893794217353,55.45893794217353,54.075921426837894,54.41014862060547,8892742.0
2021-03-26T00:00:00,54.61759321182278,54.95182034188647,54.22573485931556,54.65216827392578,6098928.0
2021-03-29T00:00:00,54.45624595852724,54.80199660854911,54.13354229237065,54.352516174316406,4362353.0
2021-03-30T00:00:00,54.50235373275632,55.216911315917976,54.38710043712151,55.21691131591797,4146433.0
2021-03-31T00:00:00,55.09012514976167,55.13622829585061,54.583018078009,54.6636962890625,4267854.0
2021-04-01T00:00:00,54.66369536397577,55.228429064180354,54.47929196114927,55.14775085449219,2140507.0
2021-04-06T00:00:00,55.55113520715844,56.0121391456232,54.87114820249697,55.11317825317383,6984511.0
2021-04-07T00:00:00,55.11317974925255,55.88536389120483,55.055553108079046,55.86231231689453,4461384.0
2021-04-08T00:00:00,55.896887705469084,56.13891776410898,55.19385369319692,55.35520553588867,3801540.0
2021-04-09T00:00:00,55.458931850480035,55.74706045074334,55.05554997442971,55.58570861816406,3882743.0
2021-04-12T00:00:00,55.58571178198895,55.86231231689453,55.37825679160524,55.86231231689453,3399280.0
2021-04-13T00:00:00,55.88536413452478,55.98908933556598,55.40130860712795,55.666385650634766,4609126.0
2021-04-14T00:00:00,55.643330965455114,55.65485904661824,54.709795029865006,55.37825393676758,5060784.0
2021-04-15T00:00:00,55.401307337906076,55.43588240412771,54.88267675537714,55.02097702026367,3838730.0
2021-04-16T00:00:00,55.28605327996879,55.91993713378906,55.15927650920474,55.91993713378906,5009648.0
2021-04-19T00:00:00,55.91993920153851,56.06976755140106,55.48198223375849,55.666385650634766,2772261.0
2021-04-20T00:00:00,55.64333270898625,55.78163756284738,53.68406366233492,53.9952392578125,4995916.0
2021-04-21T00:00:00,54.69827181653321,55.5626576263648,53.672534172434545,53.972190856933594,6784150.0
2021-04-22T00:00:00,54.35251865387309,54.35251865387309,53.269158919041345,53.7186393737793,4980434.0
2021-04-23T00:00:00,53.7647328038636,54.283363342285156,53.61490447017585,54.283363342285156,5439575.0
2021-04-26T00:00:00,54.28336173746388,54.76741719829375,53.98370966815126,54.75589370727539,4095681.0
2021-04-27T00:00:00,55.055553845866235,55.14775555513851,54.02981614036847,54.97488021850586,4645378.0
2021-04-28T00:00:00,55.21690392121573,55.51655602484945,54.67522176484385,55.32062911987305,4649795.0
2021-04-29T00:00:00,55.47045998283128,56.68060112301396,55.389786354394914,56.31179428100586,6821354.0
2021-04-30T00:00:00,56.32331641414135,56.818900022475056,56.08129094547044,56.57686996459961,4226594.0
2021-05-03T00:00:00,56.70364761352539,56.78432583046181,56.04671674209204,56.70364761352539,5230285.0
2021-05-04T00:00:00,56.70364886461064,56.980253999803935,55.643336063510084,55.72401428222656,5240392.0
2021-05-05T00:00:00,56.185012530110924,56.703643090229804,55.98908563358621,56.69211959838867,4019412.0
2021-05-06T00:00:00,56.64602049578545,57.06092589133571,55.908416002812274,56.79584884643555,3885087.0
2021-05-07T00:00:00,57.04939897318756,57.10702561145472,56.32331342727067,56.715171813964844,3048310.0
2021-05-10T00:00:00,56.9572059790552,57.24533462524415,56.530777051241174,57.24533462524414,3046442.0
2021-05-11T00:00:00,56.95719828442668,57.060923481632756,56.196537659840075,56.21958923339844,5324535.0
2021-05-12T00:00:00,55.83925668927093,56.06976323723271,55.286051070411865,55.758583068847656,3831880.0
2021-05-14T00:00:00,56.53076998141594,57.74090647270396,56.09281302543473,57.45277786254883,6416970.0
2021-05-17T00:00:00,57.41820481166087,57.452779878956605,56.403995188978314,56.911102294921875,4210548.0
2021-05-18T00:00:00,57.107028795656,57.24532906384518,56.49619649221437,56.99177551269531,3930854.0
2021-05-19T00:00:00,56.53076687163701,56.96871921432189,55.977561255548444,56.265689849853516,5023155.0
2021-05-20T00:00:00,56.40398830739789,56.69211689251222,55.793156074091826,56.62296676635742,3635697.0
2021-05-21T00:00:00,56.62297485435467,56.99177710959445,56.265696092052025,56.83042526245117,4496257.0
2021-05-24T00:00:00,56.88805392427466,57.14160749152665,56.41552185901369,56.588401794433594,2842759.0
2021-05-25T00:00:00,56.58839757959935,56.79584797960605,56.265693897897044,56.36941909790039,3639550.0
2021-05-26T00:00:00,56.185012915116246,56.23111606120518,54.04134053049603,54.6636962890625,8373607.0
2021-05-27T00:00:00,54.5369150074465,55.02097046609248,54.22573485931556,54.65216827392578,18968346.0
2021-05-28T00:00:00,54.940309290669546,55.17081128661517,54.52540386228546,54.76742935180664,3978921.0
2021-05-31T00:00:00,54.62912295134704,54.62912295134704,53.5803337097168,53.5803337097168,5347721.0
2021-06-01T00:00:00,53.937612644477646,54.294891357421875,53.81083588286479,54.294891357421875,4566309.0
2021-06-02T00:00:00,54.44472567582591,54.89420617444033,54.27185032605303,54.467777252197266,3303773.0
2021-06-03T00:00:00,54.44471512346422,54.66369358353787,53.937612666014346,54.59454345703125,3747604.0
2021-06-04T00:00:00,54.74437181030885,54.74437181030885,53.68406366233492,53.9952392578125,3394157.0
2021-06-07T00:00:00,53.99524220283546,54.1911691181869,53.68406659038567,53.868465423583984,2900416.0
2021-06-08T00:00:00,53.93761409066109,54.28336473232645,53.545755714766756,53.70710754394531,998665.0
2021-06-09T00:00:00,53.64948724616556,53.718637376753854,53.107805104284836,53.361358642578125,3380864.0
2021-06-10T00:00:00,53.4996571589461,54.16811604817272,53.326781838113426,53.70710754394531,4219018.0
2021-06-11T00:00:00,53.59186275825649,54.31794374777563,53.545759609877955,54.133544921875,3667808.0
2021-06-14T00:00:00,54.29490190242439,54.69827924829608,54.156597033401155,54.467777252197266,3345880.0
2021-06-15T00:00:00,54.46776623173172,54.721319752900406,54.26031126477371,54.686744689941406,3453676.0
2021-06-16T00:00:00,54.75590134818812,54.97487983252173,54.156592536728425,54.45624923706055,3716563.0
2021-06-17T00:00:00,54.951820340160076,56.208059834406875,54.73284188737866,55.26300048828125,6442567.0
2021-06-18T00:00:00,54.74437317715237,55.6663856726946,54.74437317715237,55.067081451416016,7383756.0
2021-06-21T00:00:00,54.70980363650862,55.896893295573804,54.248799636772524,55.6087646484375,3742943.0
2021-06-22T00:00:00,55.81621264702387,56.438568427384276,55.29758206518945,55.63180923461914,4547365.0
2021-06-23T00:00:00,55.908418347884364,56.403997391276214,55.700963346805274,55.747066497802734,4314171.0
2021-06-24T00:00:00,56.012135870577765,56.66906667393935,55.94298574277172,56.65754318237305,4166735.0
2021-06-28T00:00:00,56.76127203012959,56.76127203012959,56.17349131671454,56.24264144897461,2554087.0
2021-06-29T00:00:00,56.219588054708545,56.73821861906976,56.11586285967716,56.30026626586914,3151038.0
2021-06-30T00:00:00,56.05823882364709,56.20806717178319,55.02097764677809,55.643333435058594,4705808.0
2021-07-01T00:00:00,55.90841434958274,56.150439812794296,55.44740581860098,55.931461334228516,3910652.0
2021-07-02T00:00:00,56.185013049458824,56.28873824460054,55.85078589093409,55.98908615112305,2853233.0
2021-07-05T00:00:00,55.98909190402908,56.64602279663086,55.804688478693414,56.64602279663086,2831703.0
2021-07-06T00:00:00,56.646020433988454,56.7266986501596,55.608759240846666,55.770111083984375,2932064.0
2021-07-07T00:00:00,55.954514411279696,56.380943298339844,55.66638579262726,56.380943298339844,3252846.0
2021-07-08T00:00:00,56.19653965976285,56.27721787548611,55.60875893213946,55.97756576538086,2816447.0
2021-07-09T00:00:00,56.12738676362056,56.81889724731446,55.885361306770704,56.81889724731445,3606939.0
2021-07-12T00:00:00,56.93414925387322,57.74090847240667,56.41551865547348,57.510406494140625,2968636.0
2021-07-13T00:00:00,57.60261341224563,57.71210266493383,57.060931190274026,57.24533462524414,2028949.0
2021-07-14T00:00:00,57.25685042175184,57.85615921023519,57.153125224477144,57.5565071105957,2291585.0
2021-07-15T00:00:00,57.856154962799735,58.547660816402775,57.65446403454734,57.94259262084961,3796922.0
2021-07-16T00:00:00,57.29142778956686,58.11547912779474,56.20806803693719,57.10702896118164,6640292.0
2021-07-19T00:00:00,57.10703212521375,57.1992338391171,54.98640647305112,55.03250503540039,4861229.0
2021-07-20T00:00:00,55.493510817608396,55.75858786351332,54.29489777547798,54.97488021850586,3986750.0
2021-07-21T00:00:00,55.3206286457978,55.96603599529612,54.755899509588964,55.71248245239258,3639282.0
2021-07-22T00:00:00,55.82774183728398,55.85079341348839,55.18233441719977,55.2745361328125,2975963.0
2021-07-23T00:00:00,55.27453143497088,55.643333676872004,55.12470308618366,55.44740676879883,2616437.0
2021-07-26T00:00:00,55.263003637901676,56.208063037889346,54.836570199001,56.15043640136719,4133240.0
2021-07-27T00:00:00,56.23111778777126,56.41551661017613,55.63180899464332,56.12738800048828,2210162.0
2021-07-28T00:00:00,55.654860808470836,56.35789021350555,55.608757660767445,55.63180923461914,3280150.0
2021-07-29T00:00:00,55.67790889129742,56.450093033117625,55.67790889129742,56.161964416503906,3127695.0
2021-07-30T00:00:00,56.1273850561697,56.50771535171089,55.6894327130772,55.95450973510742,3056192.0
2021-08-02T00:00:00,56.185017042081604,56.56534737383256,56.0928153323355,56.10434341430664,2598311.0
2021-08-03T00:00:00,56.21959099099416,56.33484427318477,55.51655698372229,56.173492431640625,2731716.0
2021-08-04T00:00:00,56.23111795343156,56.59992018853221,56.046714541279016,56.542293548583984,2540414.0
2021-08-05T00:00:00,56.346364305558055,57.14159997190702,56.346364305558055,57.003299713134766,2212461.0
2021-08-06T00:00:00,57.0378759611529,57.418201680666975,56.71517229118656,57.22227478027344,2407857.0
2021-08-09T00:00:00,57.22227828200538,57.45278026191492,56.7958493897125,57.42973327636719,2469295.0
2021-08-10T00:00:00,57.41820772896453,57.41820772896453,56.818903472585944,57.38363265991211,2004529.0
2021-08-11T00:00:00,56.93414541207889,57.60260431638745,56.93414541207889,57.52193069458008,3082598.0
2021-08-12T00:00:00,57.521929116431984,58.08665822120272,57.36057728803976,57.68328094482422,2361767.0
2021-08-13T00:00:00,57.71209547451112,58.77816766122293,57.68328444916383,58.49004364013672,4317604.0
2021-08-16T00:00:00,58.49004443581084,58.57648210223301,57.56803195249726,57.59108352661133,2475183.0
2021-08-17T00:00:00,57.395156054512306,57.475829679310486,56.784323765537565,56.95719909667969,3225448.0
2021-08-18T00:00:00,56.95720164758906,57.1070300007588,56.32331775633782,56.611446380615234,2184895.0
2021-08-19T00:00:00,56.1273850561697,56.30026496643615,55.6779046322036,55.95450973510742,3875800.0
2021-08-20T00:00:00,55.966040036874574,56.70364914516818,55.908417982311654,56.55382537841797,3668331.0
2021-08-23T00:00:00,56.899574525679355,56.94567767513006,56.4270470736396,56.70364761352539,3016777.0
2021-08-24T00:00:00,56.749750942772316,56.78432601036758,56.30027047482925,56.519248962402344,2082108.0
2021-08-25T00:00:00,56.49619270186395,56.74974623600282,56.115862400655644,56.69211959838867,2011786.0
2021-08-26T00:00:00,56.50771817756719,57.09549888777705,56.24264114228091,57.049400329589844,2674687.0
2021-08-27T00:00:00,57.10702975190869,57.10702975190869,56.56534757349122,56.807373046875,1797446.0
2021-08-30T00:00:00,56.87652937290281,57.014829647302186,56.64602279663085,56.64602279663086,1345491.0
2021-08-31T00:00:00,56.622971836098955,56.703645460767994,55.747062511040234,55.931461334228516,5918785.0
2021-09-01T00:00:00,56.31179895581464,56.68060582843979,56.21959723765835,56.438575744628906,2853163.0
2021-09-02T00:00:00,56.47313537616585,57.164641189480555,56.40398525375476,56.934139251708984,3489118.0
2021-09-03T00:00:00,57.026351302861876,57.1070295197983,56.669072546039665,56.70364761352539,2739059.0
2021-09-06T00:00:00,56.87651898405757,57.827342375289035,56.761265716973305,57.798526763916016,3071056.0
2021-09-07T00:00:00,57.79853464724878,58.0578522389556,57.17617885203878,57.302955627441406,3771262.0
2021-09-08T00:00:00,57.014823252982865,57.014823252982865,56.380939417735746,56.3924674987793,5281723.0
2021-09-09T00:00:00,55.70096016031576,56.70364627209047,55.1592779969145,56.36941909790039,5922630.0
2021-09-10T00:00:00,56.24264021734133,56.24264021734133,54.98640060424805,54.98640060424805,4514389.0
2021-09-13T00:00:00,55.14775196731246,55.43588056909141,54.95182506880729,55.0786018371582,3960290.0
2021-09-14T00:00:00,55.14775476376538,55.32063009791726,54.122017072987006,54.23727035522461,4913191.0
2021-09-15T00:00:00,54.21421456587411,54.74436860885766,54.00676418102076,54.31793975830078,4246733.0
2021-09-16T00:00:00,54.45625009206419,55.21690616905466,54.4101469424256,54.8826789855957,3738340.0
2021-09-17T00:00:00,55.2514742698686,55.64332804636356,54.767418794927075,54.894195556640625,5055877.0
2021-09-20T00:00:00,54.37556343773366,54.73284214057555,53.776259299058715,54.14506149291992,3981615.0
2021-09-21T00:00:00,54.3640447265159,54.96334891788293,54.087439614897356,54.26031494140625,3455791.0
2021-09-22T00:00:00,55.72400780324315,56.12738508231107,54.85962201912081,55.04402542114258,6875448.0
2021-09-23T00:00:00,55.44740535018298,56.10434078033058,55.42435836573192,56.02366256713867,4723673.0
2021-09-24T00:00:00,56.058240742059674,56.09281580985823,55.654863421341666,56.012142181396484,3809270.0
2021-09-27T00:00:00,56.277220535164275,56.899576359166204,56.185018822496446,56.64602279663086,3922197.0
2021-09-28T00:00:00,56.64602100160752,57.03787941532962,56.0928153323355,56.10434341430664,3969366.0
2021-09-29T00:00:00,56.20806591000797,56.81889819210604,56.138915778329604,56.63449478149414,3716098.0
2021-09-30T00:00:00,56.87652164656162,56.92262020203094,56.39246616271515,56.65754318237305,3783976.0
2021-10-01T00:00:00,55.82773778655312,56.83042391363102,55.35520574927555,56.79584884643555,4196948.0
2021-10-04T00:00:00,56.79585220989167,56.94568056941463,56.242646512798615,56.588401794433594,3118577.0
2021-10-05T00:00:00,56.657546992965194,56.980250670566775,56.323315233817844,56.95719909667969,3590468.0
2021-10-06T00:00:00,57.003295742168696,58.201908609507015,56.4961887097242,57.798526763916016,5621263.0
2021-10-07T00:00:00,58.201913046010056,58.7781656577451,57.85615780760562,58.43241500854492,5429889.0
2021-10-08T00:00:00,59.21036375134619,59.32561703732376,58.634111089072356,59.06629943847656,3860555.0
2021-10-11T00:00:00,59.00867236320823,59.58492956564874,58.662917123903064,59.15273666381836,3532402.0
2021-10-12T00:00:00,58.63410743708374,59.930681582949404,58.403600879485566,59.786617279052734,3907389.0
2021-10-13T00:00:00,59.78661771884391,59.95949763831425,58.979858528928894,59.70018005371094,3429981.0
2021-10-14T00:00:00,59.93068330236694,60.478129508562326,59.70018132736001,60.045936584472656,3964628.0
2021-10-15T00:00:00,60.21881214157058,60.881507043122824,60.13237447427325,60.44931411743164,3667817.0
2021-10-18T00:00:00,61.08319628506392,62.06283080238393,60.93913198052824,61.22726058959961,8651419.0
2021-10-19T00:00:00,61.48657415291067,62.32214896262736,61.22726115587078,61.86114501953125,4909105.0
2021-10-20T00:00:00,59.930675985232675,60.88149938429988,57.94259153067469,58.92222595214844,12015128.0
2021-10-21T00:00:00,58.518856159737744,59.35442639739385,57.79853461561806,59.23917770385742,7630497.0
2021-10-22T00:00:00,60.302004063635415,60.69299054398373,59.574169951826285,59.76665496826172,6824154.0
2021-10-25T00:00:00,59.85086442353596,60.42230300194818,59.7546196246598,59.94710922241211,3939115.0
2021-10-26T00:00:00,59.94710754491454,60.21177155600868,59.18919583718953,60.079437255859375,3928164.0
2021-10-27T00:00:00,59.935069226526274,60.067403514699016,59.16512928356199,59.790706634521484,4013939.0
2021-10-28T00:00:00,59.79070962539984,59.971161727131474,59.225282943724636,59.55010223388672,3459207.0
2021-10-29T00:00:00,59.538081317165826,59.62229322626411,58.50347261772418,59.153106689453125,4990687.0
2021-11-01T00:00:00,59.15310234730906,60.04334836426281,58.97265023643236,59.40574264526367,3165869.0
2021-11-02T00:00:00,59.2734126106434,59.99523028452028,59.2734126106434,59.95914077758789,2671396.0
2021-11-03T00:00:00,59.814772144730746,61.08397168852388,59.46589164879044,61.05389404296875,3737354.0
2021-11-04T00:00:00,61.174194353367405,61.56518079257387,60.27192007329293,60.51252746582031,3239641.0
2021-11-05T00:00:00,60.392228624720836,61.38473129272461,60.211771925373064,61.38473129272461,1584187.0
2021-11-08T00:00:00,61.324574923380155,61.71556137229892,60.813287069811494,60.84336471557617,2713574.0
2021-11-09T00:00:00,60.63283276571138,61.20427130089801,60.27191938643113,60.422298431396484,3170514.0
2021-11-10T00:00:00,60.42229911997201,61.0839705967234,60.39222606415878,60.51252746582031,2780865.0
2021-11-11T00:00:00,60.5125222201475,61.234344335156784,60.5125222201475,61.08396530151367,2341210.0
2021-11-12T00:00:00,61.08397168852388,61.44488048916361,60.723058298679774,61.05389404296875,2077257.0
2021-11-15T00:00:00,60.96366566660779,61.77571161496331,60.81328661731216,61.71556091308594,1813423.0
2021-11-16T00:00:00,61.745642813685414,62.13662928663886,61.505035400390625,61.505035400390625,2206344.0
2021-11-17T00:00:00,61.474950400856734,61.715557785376774,60.57267615080969,61.14411926269531,3514715.0
2021-11-18T00:00:00,61.114043229714284,61.114043229714284,60.51252704715961,60.72305679321289,2736369.0
2021-11-19T00:00:00,60.87344210523341,60.96367045974568,59.17716647938084,59.92304992675781,5041514.0
2021-11-22T00:00:00,59.97116520790877,60.66290977770684,59.94710859764504,60.57268142700195,4030447.0
2021-11-23T00:00:00,60.42230065489416,60.69298569931536,59.838833793889,60.181697845458984,2640129.0
2021-11-24T00:00:00,60.6929915772821,61.053900415592416,60.07944242187019,60.21177673339844,4652037.0
2021-11-25T00:00:00,60.39222564633038,60.813285138436946,60.332074945915764,60.72305679321289,1780092.0
2021-11-26T00:00:00,59.40573683098985,59.40573683098985,57.2523078918457,57.2523078918457,8319396.0
2021-11-29T00:00:00,57.54104659838872,58.40722687653379,57.384651088627265,57.9500732421875,3550301.0
2021-11-30T00:00:00,57.31245966595214,58.1786444151054,56.50643020487109,57.64930725097656,2781070.0
2021-12-01T00:00:00,58.166618588898636,58.90046913618058,58.154590283345286,58.467376708984375,3359241.0
2021-12-02T00:00:00,58.082405655194144,58.28692355962189,57.50495062554669,58.070377349853516,3117057.0
2021-12-03T00:00:00,58.50346732051057,58.61174042086258,57.34855272035426,57.44479751586914,2616938.0
2021-12-06T00:00:00,57.92601413903497,58.96061818817132,57.73352913114861,58.8884391784668,2918442.0
2021-12-07T00:00:00,59.32153159351226,59.41777180285315,58.8884391784668,58.8884391784668,3144309.0
2021-12-08T00:00:00,58.70797841450238,58.888435104689236,57.56509675146222,57.92601013183594,5717288.0
2021-12-09T00:00:00,58.70797588745324,58.88843256987245,56.87936622314123,57.2523078918457,10092588.0
2021-12-10T00:00:00,57.16810145218877,57.24028504988508,56.747037349433754,56.927494049072266,2880063.0
2021-12-13T00:00:00,56.9395228610499,57.3004316452473,55.98912621094022,56.013187408447266,3337042.0
2021-12-14T00:00:00,56.12146050262691,56.49439759097574,55.76054712922533,56.013187408447266,3383316.0
2021-12-15T00:00:00,55.64024788171394,56.145519281281146,55.11091528370958,55.48385238647461,7350761.0
2021-12-16T00:00:00,56.001156953739624,56.63876724243164,55.78461075595055,56.63876724243164,5143441.0
2021-12-17T00:00:00,56.542523519346176,56.56658471835682,55.97709681560729,56.277854919433594,4498895.0
2021-12-20T00:00:00,55.45979414075151,56.3741013732243,54.81016010517881,55.95303726196289,3739962.0
2021-12-21T00:00:00,56.39815955755223,57.03576525377784,56.21770286391643,56.99967575073242,2917004.0
2021-12-22T00:00:00,56.99967493690749,57.08388683561402,56.60267205225876,56.80718994140625,2275817.0
2021-12-23T00:00:00,57.04779943324708,58.118502222301835,57.04779943324708,58.0342903137207,2781229.0
2021-12-27T00:00:00,57.974132234724166,58.57564846098312,57.86585913042937,58.38316345214844,1886938.0
2021-12-28T00:00:00,58.34706877360008,59.02076853938815,58.22676737469702,58.96061325073242,1845398.0
2021-12-29T00:00:00,58.94859043580613,59.03280234072091,58.52753091123222,58.78016662597656,2128385.0
2021-12-30T00:00:00,58.647833668285536,59.15310510937864,58.599711267456264,58.8643798828125,1962271.0
2022-01-03T00:00:00,59.00874265027911,59.82680510969524,58.99671434464273,59.778682708740234,2806857.0
2022-01-04T00:00:00,60.103492436415294,60.13958652597183,58.84030944283265,59.75461196899414,3940544.0
2022-01-05T00:00:00,59.94710347240726,60.4222972063637,59.62228419116314,59.82679748535156,2336089.0
2022-01-07T00:00:00,59.64635116035997,60.72306116617214,59.64635116035997,60.66291046142578,4802452.0
2022-01-10T00:00:00,60.75313568115235,61.23435047272441,60.24184783335976,60.753135681152344,3421809.0
2022-01-11T00:00:00,60.602752968117045,60.90351104736328,59.92304136113402,60.90351104736328,3273796.0
2022-01-12T00:00:00,61.20426940917968,61.324570805751954,60.69298158994136,61.20426940917969,2974274.0
2022-01-13T00:00:00,61.23435418360592,62.07647323608399,61.08397512577703,62.076473236083984,4393947.0
2022-01-14T00:00:00,61.80578640990915,62.19677283788567,61.68548501170292,62.106544494628906,2836239.0
2022-01-17T00:00:00,62.256925982346644,62.40730503061318,61.74563813608128,61.926090240478516,1780610.0
2022-01-18T00:00:00,61.92608538984624,62.2869987487793,61.44487522660883,62.2869987487793,3787786.0
2022-01-19T00:00:00,61.89602291534881,62.978749409595764,61.83587220831367,62.04640197753906,4763881.0
2022-01-20T00:00:00,62.34715515179319,62.617835606562736,60.963666053804715,62.16669845581055,4947446.0
2022-01-21T00:00:00,61.65540898519348,62.07646847916674,60.90351375366673,61.0238151550293,3011569.0
2022-01-24T00:00:00,60.51253303323318,61.20427762944128,59.249349842751506,59.622291564941406,4577144.0
2022-01-25T00:00:00,59.333557891378376,61.02381695310898,59.23731768529345,60.993743896484375,3078727.0
2022-01-26T00:00:00,61.23435520305921,61.56518638226779,60.181701780732,60.33208084106445,6233237.0
2022-01-27T00:00:00,59.87492205162452,60.93359183008796,59.814771350517304,60.10349655151367,5654703.0
2022-01-28T00:00:00,60.33207898065588,60.3922296850931,58.5395586175173,59.598228454589844,5164349.0
2022-01-31T00:00:00,59.99522346498316,60.1816966044158,59.33355657427223,59.393707275390625,4523913.0
2022-02-01T00:00:00,60.019281560106684,60.90351104736328,59.85085777000145,60.90351104736328,4823320.0
2022-02-02T00:00:00,61.05389133377629,61.20427037647032,60.57267656147372,60.933589935302734,3298160.0
2022-02-03T00:00:00,60.96366543151349,61.11404448022921,60.13959118164212,60.753135681152344,4469587.0
2022-02-04T00:00:00,60.8734351686599,60.99374115736888,58.96061354562725,59.35761642456055,3775684.0
2022-02-07T00:00:00,59.959132992153066,60.57267747636183,59.69446440446869,60.422298431396484,3042651.0
2022-02-08T00:00:00,60.42229573826121,61.29449691370716,60.211766002534276,60.963661193847656,3134009.0
2022-02-09T00:00:00,59.55010606212155,60.63283709893287,58.21473931312246,59.6463508605957,8755531.0
2022-02-10T00:00:00,59.58619145498565,59.58619145498565,58.7079783809339,59.20122146606445,5540566.0
2022-02-11T00:00:00,58.647832560831866,59.249348792225014,58.45534755035425,59.03280258178711,4365650.0
2022-02-14T00:00:00,57.745558827546546,58.70798389016472,57.071858989111476,58.26286315917969,5357995.0
2022-02-15T00:00:00,58.19067761996526,59.29746984700796,58.1064657166169,59.04483413696289,3252805.0
2022-02-16T00:00:00,59.12904825540672,59.574168988238114,58.45534841417714,58.563621520996094,2939732.0
2022-02-17T00:00:00,58.4433088707872,58.587671455718656,57.468851096791255,57.49291229248047,2855479.0
2022-02-18T00:00:00,57.50495507298355,57.7575908075173,57.16810742693854,57.30044174194336,3460900.0
2022-02-21T00:00:00,57.5891607219337,57.67337262428729,55.760550890876026,56.72298049926758,3893977.0
2022-02-22T00:00:00,55.45979305882789,56.77109858805802,54.73797543818202,56.21770477294922,3771760.0
2022-02-23T00:00:00,56.12146622659038,56.66282716349909,55.73649620562191,55.941009521484375,4162665.0
2022-02-24T00:00:00,53.91990960877749,54.701882472668544,52.35596847019959,53.017635345458984,6604655.0
2022-02-25T00:00:00,53.54696766558916,55.03872979288664,52.88530079357016,54.79812240600586,5905830.0
2022-02-28T00:00:00,53.47478655118724,54.85827094003488,52.94544940310291,54.61766815185547,7227488.0
2022-03-01T00:00:00,54.148487438372804,54.882337952008996,53.053728115021705,53.125911712646484,5334684.0
2022-03-02T00:00:00,52.331907009345194,53.65524075321018,51.44166105476396,53.426666259765625,6967503.0
2022-03-03T00:00:00,53.42667117866341,54.13646051115564,52.9574892551728,53.21012496948242,4352607.0
2022-03-04T00:00:00,52.56048942787285,53.05373258014339,51.670247928264985,52.30785369873047,7783978.0
2022-03-07T00:00:00,51.18903208428413,52.28379147843471,49.87772647245938,51.91085433959961,8086936.0
2022-03-08T00:00:00,51.04466137301812,52.74093674962656,50.92435997748155,51.16496276855469,7121186.0
2022-03-09T00:00:00,52.53642545692015,53.37854909886955,51.922880920034025,52.8973388671875,6034529.0
2022-03-10T00:00:00,53.18606215879924,53.34245765829418,52.09130284074359,52.82515335083008,4979654.0
2022-03-11T00:00:00,52.825153803843655,55.12294556097137,52.825153803843655,54.04021453857422,6116504.0
2022-03-14T00:00:00,54.52142847202566,55.519947575472756,54.32894346993042,55.26730728149414,4689397.0
2022-03-15T00:00:00,55.267308634676816,55.89288605410428,54.66579241475093,55.35152053833008,4248157.0
2022-03-16T00:00:00,56.5425172708735,57.39666908993945,56.434244181893035,57.07184982299805,6452837.0
2022-03-17T00:00:00,57.26434057584993,57.54104206717865,56.13349176857613,56.38612747192383,4323358.0
2022-03-18T00:00:00,56.229736297236414,56.95155390029646,56.21770340330292,56.89140319824219,7306473.0
2022-03-21T00:00:00,57.132004878118856,58.08239688955542,56.9274870045564,57.52900314331055,4250883.0
2022-03-22T00:00:00,57.66133607310114,58.058334328963596,56.951546862482715,57.49291229248047,4598791.0
2022-03-23T00:00:00,58.04631375787519,58.22677045498041,56.78313064575195,56.78313064575195,6826349.0
2022-03-24T00:00:00,56.65609782389657,56.79583337443437,56.03364562988281,56.03364562988281,6267707.0
2022-03-25T00:00:00,55.79228106843523,56.54176776506443,55.62714346362658,56.249595642089844,2862067.0
2022-03-28T00:00:00,56.300416942436534,56.88476126615669,56.14798034622084,56.287715911865234,3182652.0
2022-03-29T00:00:00,56.74501863266849,57.430990499006285,56.236895093281234,56.8847541809082,4682094.0
2022-03-30T00:00:00,56.84664485952948,57.02448833626458,55.74147122133902,56.21148681640625,6060414.0
2022-03-31T00:00:00,56.249596062418135,56.36392470668612,55.00468685031758,55.19523620605469,5160519.0
2022-04-01T00:00:00,55.56362904268167,55.690658715925466,54.877657177073786,55.19523620605469,4902191.0
2022-04-04T00:00:00,55.30955919466092,55.33496609588599,54.10275803876029,54.280601501464844,5515883.0
2022-04-05T00:00:00,54.14087668888409,54.217097407652865,53.696267944079274,53.7470817565918,5655031.0
2022-04-06T00:00:00,53.797883981481405,54.026541263261365,53.23894665150332,53.78518295288086,7346773.0
2022-04-07T00:00:00,53.78518752809027,55.41119069606619,53.78518752809027,55.1190185546875,8778655.0
2022-04-08T00:00:00,55.703354623478155,58.002628326416016,55.63983979269588,58.002628326416016,6842526.0
2022-04-11T00:00:00,58.24399310130289,58.77752840014524,57.81208541971488,58.52346420288086,4345325.0
2022-04-12T00:00:00,58.16777244593244,59.73026058855972,57.79937963251831,59.412681579589844,6440720.0
2022-04-13T00:00:00,59.27294769647567,59.6159336172512,58.5361668949318,58.6631965637207,2990085.0
2022-04-14T00:00:00,58.66319822851619,58.841041708216146,58.29480539435406,58.345619201660156,1508644.0
2022-04-19T00:00:00,58.39643209485544,59.285649479435826,57.824788886288545,59.17132568359375,3891822.0
2022-04-20T00:00:00,59.51430371613676,60.74651180864795,59.323759220283236,59.70485305786133,4684961.0
2022-04-21T00:00:00,59.73026618375449,60.11136006104285,59.1459219155209,59.92081069946289,3230423.0
2022-04-22T00:00:00,59.41268448750161,60.51785813596482,59.19672823097929,59.80648422241211,4308475.0
2022-04-25T00:00:00,58.72670875096179,59.84458820022554,58.53616425636738,59.438087463378906,4702390.0
2022-04-26T00:00:00,59.85729575352689,61.000582229212824,59.527015686035156,59.527015686035156,6036855.0
2022-04-27T00:00:00,60.073251804802524,63.27444907942022,59.80648657671893,62.55036926269531,9366929.0
2022-04-28T00:00:00,63.26174686928791,65.10370635986328,62.37252454495444,65.10370635986328,11582219.0
2022-04-29T00:00:00,65.73885940937133,65.73885940937133,63.27444787361104,63.50310516357422,7835303.0
2022-05-02T00:00:00,62.99497936773335,66.18347083761648,56.846648881467175,62.79172897338867,4431497.0
2022-05-03T00:00:00,63.198227656714074,64.11920491537288,62.98227623998583,63.706356048583984,3688501.0
2022-05-04T00:00:00,63.801618421418425,63.99216775755604,62.270890179031,62.308998107910156,3582364.0
2022-05-05T00:00:00,63.198230430196276,63.47770154257659,62.423336779230276,62.49955749511719,4138065.0
2022-05-06T00:00:00,62.67739705096419,63.03308401102706,61.826282737550535,62.131160736083984,4325540.0
2022-05-09T00:00:00,62.02953516943077,62.41062901600554,60.682998409270674,60.810028076171875,3692961.0
2022-05-10T00:00:00,61.038686120210926,61.61032932019107,59.857291788875706,60.02243423461914,4334134.0
2022-05-11T00:00:00,60.555966151233555,61.5214091007661,60.40352957610207,61.496002197265625,4440013.0
2022-05-12T00:00:00,60.911661245597166,61.40708377594707,60.35271903012826,61.292755126953125,4050120.0
2022-05-13T00:00:00,61.737356438188996,62.38522032002562,61.55951297129142,62.02953338623047,2695803.0
2022-05-16T00:00:00,62.05493888127245,62.956866985463826,62.04223785259203,62.2200813293457,3332389.0
2022-05-17T00:00:00,62.48684793266901,62.93146148030191,62.11845994229723,62.436038970947266,2681577.0
2022-05-18T00:00:00,62.639290276138816,62.88064859694669,61.90250459282294,62.042240142822266,3549712.0
2022-05-19T00:00:00,61.838986583765085,62.48684564632309,61.69925104093246,62.18197250366211,3656500.0
2022-05-20T00:00:00,62.74091430643822,63.0839002508114,62.10575622705193,62.321712493896484,3465488.0
2022-05-23T00:00:00,62.86794759410867,63.706356048583984,62.70280513987023,63.706356048583984,3178088.0
2022-05-24T00:00:00,63.80162289172235,64.46854076906114,63.547563553565915,63.99217224121094,3212704.0
2022-05-25T00:00:00,64.46854487229585,64.81788375330223,63.86514663696288,63.86514663696289,2558639.0
2022-05-27T00:00:00,63.8651453819703,63.960415215034864,61.43248882971131,62.537662506103516,10333067.0
2022-05-30T00:00:00,62.71550292625444,62.98227298342183,61.96601625222862,62.18197250366211,4683851.0
2022-05-31T00:00:00,62.105752448691156,62.19467418672573,61.02598571777344,61.02598571777344,11569824.0
2022-06-01T00:00:00,61.61032854822636,62.00412826902762,61.140312965630216,61.24193572998047,3771307.0
2022-06-02T00:00:00,61.546817523719234,61.864396556508424,61.064096037035654,61.67384719848633,2229540.0
2022-06-03T00:00:00,61.927914461692474,61.991429302222436,61.153020807960544,61.572227478027344,1960629.0
2022-06-07T00:00:00,61.699254102614034,61.94061242302009,61.35626816569713,61.67384719848633,2560768.0
2022-06-08T00:00:00,61.61032854822636,61.635735450781716,60.860841883392474,61.24193572998047,3362312.0
2022-06-09T00:00:00,61.229243104519085,62.804432512155074,61.14032135630762,62.14386749267578,5389740.0
2022-06-10T00:00:00,61.699253882384596,62.309005041658814,60.59408020906704,60.911659240722656,3619744.0
2022-06-13T00:00:00,60.3400134980355,60.632185613468806,59.628634752281855,60.32731246948242,3475069.0
2022-06-14T00:00:00,60.657595864110725,61.08950354682093,59.81918740306992,60.14946746826172,4320342.0
2022-06-15T00:00:00,60.886251836640014,62.042239308537745,60.70840835571289,60.70840835571289,5236830.0
2022-06-16T00:00:00,60.759221913239344,61.280051324898125,57.34206847339901,57.41828918457031,6781041.0
2022-06-17T00:00:00,57.697756484898704,58.56157184375784,56.960975646972656,56.960975646972656,10533205.0
2022-06-20T00:00:00,57.32936655282876,58.015333559216096,56.56717399058425,57.83749008178711,4395362.0
2022-06-21T00:00:00,58.09155259510239,58.37102367779196,57.265850067138665,57.26585006713867,3374238.0
2022-06-22T00:00:00,55.9320240595326,56.33852488002245,55.00469375992313,56.287715911865234,4349293.0
2022-06-23T00:00:00,56.28770482584187,56.4782493221152,55.25874710083008,55.25874710083008,2949220.0
2022-06-27T00:00:00,56.04634322785332,56.884751633880214,55.89390665744966,56.73231506347656,4101695.0
2022-06-28T00:00:00,56.77042248325449,57.291251869490914,56.38932863774243,56.5290641784668,3123060.0
2022-06-29T00:00:00,56.135266496064375,56.59258106562439,55.83039334693859,56.04634475708008,2645808.0
2022-06-30T00:00:00,55.83039834700847,56.36392882869629,55.042803654381416,55.52552032470703,5256740.0
2022-07-01T00:00:00,55.33497096985228,56.897459188787714,55.284157162926405,55.98283004760742,2689829.0
2022-07-04T00:00:00,56.224196221392674,56.45285353865222,55.6017439600866,56.287715911865234,1705261.0
2022-07-05T00:00:00,56.478255630538,56.84664848203411,55.88121032714844,55.88121032714844,4037791.0
2022-07-06T00:00:00,56.49095964363906,57.405583958676544,56.18608164137893,57.12611770629883,5471523.0
2022-07-07T00:00:00,57.79938138117218,58.10425937119029,56.98637986895224,57.73586654663086,3408486.0
2022-07-08T00:00:00,57.83749368074342,58.87915255267761,57.367478054595466,58.73942184448242,3489310.0
2022-07-11T00:00:00,58.12966091460351,58.2693964568823,57.39288011786703,57.96452331542969,2408659.0
2022-07-12T00:00:00,57.48180555053562,59.29835802521674,57.151525485080654,59.260250091552734,4214658.0
2022-07-13T00:00:00,59.222136405553215,59.222136405553215,57.100710802287864,57.12611770629883,4673131.0
2022-07-14T00:00:00,57.03719356924481,57.64694470227991,55.9320150976144,56.07175064086914,5359047.0
2022-07-15T00:00:00,55.56363069791602,55.63984656578419,51.37158351379039,53.645450592041016,16781020.0
2022-07-18T00:00:00,54.78873431019176,55.79228033827657,54.24249800390532,54.85224914550781,6797914.0
2022-07-19T00:00:00,54.85225306512223,56.80854114622492,54.623595764948064,56.47825622558594,4446837.0
2022-07-20T00:00:00,56.84664641773941,56.84664641773941,55.51281545979355,55.95742416381836,3628979.0
2022-07-21T00:00:00,55.665250263323244,56.567173517525575,55.36037711767209,56.33851623535156,3192881.0
2022-07-22T00:00:00,56.40204150807766,56.7323215895907,55.86850618148367,56.38933563232422,3535079.0
2022-07-25T00:00:00,56.465551244592994,56.89745890960091,56.36392363123993,56.51636505126953,2463471.0
2022-07-26T00:00:00,56.55447234489779,56.99908103361999,56.47825163574345,56.808536529541016,1793180.0
2022-07-27T00:00:00,57.024492298167374,57.13882094770764,56.50366286045539,56.57988357543945,2057473.0
2022-07-28T00:00:00,56.79583430557364,57.30396270751953,56.402039397643584,57.30396270751953,2801232.0
2022-07-29T00:00:00,57.07530599171606,58.05345002559358,57.07530599171606,57.875606536865234,3547882.0
2022-08-01T00:00:00,57.79938254247535,58.231290210253974,57.164224492558034,57.21503829956055,2044630.0
2022-08-02T00:00:00,56.91015638772198,57.5199074921842,56.91015638772198,57.27854919433594,2165644.0
2022-08-03T00:00:00,57.278552108754,57.939117050333024,57.176924496570486,57.6723518371582,2182615.0
2022-08-04T00:00:00,57.8628983882477,57.92641322517377,57.265853106096955,57.62154006958008,1963139.0
2022-08-05T00:00:00,57.710460275528234,58.409133154875256,57.558023701785736,58.33291244506836,2175297.0
2022-08-08T00:00:00,58.777530495236,58.94267295622498,57.9137151012698,58.04074478149414,1783167.0
2022-08-09T00:00:00,58.04074018960174,58.39643198865836,57.81208290659081,58.37102508544922,2034406.0
2022-08-10T00:00:00,58.37102685976174,58.81563556475823,58.09155576183741,58.42184066772461,2317760.0
2022-08-11T00:00:00,58.7013092433305,58.80293686327893,58.155072900786806,58.26940155029297,1797420.0
2022-08-12T00:00:00,58.28210220560164,58.92996126419569,58.231288400178634,58.45994567871094,2342542.0
2022-08-15T00:00:00,58.56157524546722,58.65049699234991,57.92641714152127,57.98993682861328,1462175.0
2022-08-16T00:00:00,57.964531512748756,59.36187744140625,57.90101666978649,59.36187744140625,2869579.0
2022-08-17T00:00:00,59.501603038991746,59.53971096921297,58.02803663802766,58.243988037109375,3540816.0
2022-08-18T00:00:00,58.243986098761,58.612378898209755,57.79937744140624,57.79937744140625,3181643.0
2022-08-19T00:00:00,57.799383667849526,58.29480618109166,57.799383667849526,58.01533508300781,2138514.0
2022-08-22T00:00:00,57.86289219743195,58.040735660145835,56.338512044944316,56.50365447998047,3191378.0
2022-08-23T00:00:00,56.5036622387544,56.74502056474084,56.109862484477134,56.440147399902344,2433077.0
2022-08-24T00:00:00,56.402038445987735,56.70691160531396,56.160675278493684,56.465553283691406,1970622.0
2022-08-25T00:00:00,56.63069725537976,57.01179113768162,56.275005432142606,56.64339828491211,2361038.0
2022-08-26T00:00:00,56.84664395504213,57.02448742894756,56.10985831072396,56.173377990722656,2575634.0
2022-08-29T00:00:00,56.08446025793639,56.08446025793639,54.4838591867697,55.24605178833008,3297869.0
2022-08-30T00:00:00,55.398487615029225,56.287709881790846,55.106315484469405,55.169830322265625,2475417.0
2022-08-31T00:00:00,55.106310667370714,55.88120422001348,54.71251095406359,55.627140045166016,4579798.0
2022-09-01T00:00:00,55.43659751295005,55.43659751295005,54.56008109021088,54.75062561035156,2962403.0
2022-09-02T00:00:00,55.03009336389495,55.36037826538086,54.68710743352329,55.36037826538086,3534829.0
2022-09-05T00:00:00,54.59818901531698,55.04280258730922,54.21709512923198,54.725223541259766,2748430.0
2022-09-06T00:00:00,54.75062446024121,55.36038048032335,54.56007994410317,54.83954620361328,2545604.0
2022-09-07T00:00:00,54.496565105390495,54.94117382225083,54.43304542080624,54.83954620361328,3177111.0
2022-09-08T00:00:00,55.10631659765925,55.6906608705831,54.71251684197321,55.5128173828125,3030451.0
2022-09-09T00:00:00,55.766878133916435,56.071751280978766,55.58902981128023,55.779579162597656,3190162.0
2022-09-12T00:00:00,56.14796911628445,57.97722244262695,56.14796911628445,57.97722244262695,4283216.0
2022-09-13T00:00:00,58.16777497918779,58.536167808645736,57.59613176897224,57.83749008178711,3014407.0
2022-09-14T00:00:00,57.41829343558143,58.193187095976405,57.39288652997664,58.05345153808594,3601102.0
2022-09-15T00:00:00,58.345618784434286,59.62863591157448,58.231290141748815,59.374576568603516,5168084.0
2022-09-16T00:00:00,59.069698586309414,59.61593489639015,58.94266891479492,58.94266891479492,6570631.0
2022-09-19T00:00:00,58.942669322828344,58.942669322828344,57.40558314998289,58.345619201660156,3108056.0
2022-09-20T00:00:00,58.95536792040991,61.17842101672382,58.95536792040991,59.88269805908203,5128581.0
2022-09-21T00:00:00,59.74296785078441,61.58492726418841,59.34917293992762,61.292755126953125,5241471.0
2022-09-22T00:00:00,60.4924484245092,61.597626867542644,59.90810420953795,61.07679748535156,3969838.0
2022-09-23T00:00:00,61.102207004265416,61.86439962832833,59.61593938303106,60.34001922607422,5554699.0
2022-09-26T00:00:00,59.76837494413019,60.04784605274592,58.79023090984675,59.133216857910156,5223558.0
2022-09-27T00:00:00,59.997029243924196,60.606780394712786,59.742965052961104,60.03513717651367,4637897.0
2022-09-28T00:00:00,59.476196521630165,59.958917972996375,58.129659776607,58.4853515625,6360714.0
2022-09-29T00:00:00,58.65049057844918,58.790226121375575,56.59257990355743,56.999080657958984,4148862.0
2022-09-30T00:00:00,57.100707504214284,58.47264632046457,57.02448679658381,58.193180084228516,4916238.0
2022-10-03T00:00:00,57.79938238910062,58.25669695916698,55.576329220289054,58.14236831665039,5627173.0
2022-10-04T00:00:00,58.12966350628752,60.00973562784269,58.00263383266391,59.78107833862305,4522507.0
2022-10-05T00:00:00,59.704852278708664,59.704852278708664,58.866443908629726,59.19672393798828,2789615.0
2022-10-06T00:00:00,59.31105459472126,59.67944741201131,58.116959252944866,58.25669479370117,3170963.0
2022-10-07T00:00:00,58.10426383547929,58.523465652357295,57.659650267786795,57.875606536865234,2019773.0
2022-10-10T00:00:00,57.73587218009862,58.231294722080605,57.32937138432511,57.35477828979492,2295744.0
2022-10-11T00:00:00,57.21503917179261,57.92641309718709,56.986381882666834,57.685054779052734,3248071.0
2022-10-12T00:00:00,57.79938087038465,58.1677736916885,56.8339427946231,57.96452331542969,4009910.0
2022-10-13T00:00:00,57.79938187792189,58.63779030033821,57.48180285661463,58.37102508544922,3271581.0
2022-10-14T00:00:00,59.06969987559802,59.311058195092116,58.35832110032441,58.815635681152344,6208755.0
2022-10-17T00:00:00,59.00618272398968,60.46704330447635,58.71401060789235,60.28919982910156,4751141.0
2022-10-18T00:00:00,60.810026955240396,61.95331331976129,60.810026955240396,61.76276397705078,4675130.0
2022-10-19T00:00:00,63.61108145474222,66.31050324269692,63.57932161300592,65.58007049560547,10807543.0
2022-10-20T00:00:00,65.64357892732272,66.78686527606004,63.833379580047804,64.56381225585938,8109649.0
2022-10-21T00:00:00,64.30974806396738,65.8658832392656,64.27798822534048,65.67533874511719,5819859.0
2022-10-24T00:00:00,65.67534517377646,66.78687179232631,65.4530408192408,66.62808227539062,4049835.0
2022-10-25T00:00:00,66.69159954690755,66.94566375245105,65.198979002413,65.77062225341797,4284675.0
2022-10-26T00:00:00,66.24699072852415,66.59632477051791,64.27799677273245,64.78612518310547,4327928.0
2022-10-27T00:00:00,64.81788728032255,65.51656023448156,64.3415186962316,65.04019165039062,3329093.0
2022-10-28T00:00:00,64.65908702551923,65.8658833616478,64.62732718683331,65.61182403564453,3484369.0
2022-10-31T00:00:00,65.7388656736785,65.77062551814981,64.91315817614344,65.19898223876953,2700149.0
2022-11-01T00:00:00,65.26248811439214,65.96116098391212,64.91314925669654,65.1672134399414,2871680.0
2022-11-02T00:00:00,65.51655578613281,66.1199540133306,64.91315271306351,65.51655578613281,3088684.0
2022-11-03T00:00:00,65.48478940509777,66.27873691206032,65.32599990370525,65.67533874511719,2885792.0
2022-11-04T00:00:00,66.40577577488963,66.62808012224133,65.83413256322002,66.31050109863281,2137236.0
2022-11-07T00:00:00,65.96116518344624,66.85038745848159,65.7388608261553,65.86589050292969,2779952.0
2022-11-08T00:00:00,65.86588849903025,66.62808107410231,65.86588849903025,66.53280639648438,3086248.0
2022-11-09T00:00:00,66.50105125616984,66.59632594052259,65.45304426590491,65.92941284179688,2626737.0
2022-11-10T00:00:00,65.86589302376171,66.88214986033736,65.61183366048952,65.99292755126953,4946007.0
2022-11-11T00:00:00,66.31049747506555,66.31049747506555,65.23072594627838,66.02467346191406,4759311.0
2022-11-14T00:00:00,66.18346537959403,66.75510858088101,65.61182702417827,66.21522521972656,3267787.0
2022-11-15T00:00:00,66.43754247860029,67.26325002385268,66.11996339902201,67.00918579101562,5377691.0
2022-11-16T00:00:00,67.10444818960192,68.24772975909542,67.10444818960192,67.6125717163086,2427397.0
2022-11-17T00:00:00,67.45377798674811,67.70784215714679,66.40577115839397,66.91389465332031,2915836.0
2022-11-18T00:00:00,67.00917388859703,67.58081709947497,66.65983502476293,67.42202758789062,3333987.0
2022-11-21T00:00:00,67.4855421329864,68.12070017659097,66.43753039186458,66.50104522705078,3213483.0
2022-11-22T00:00:00,66.50104110317986,67.19971878451545,65.96115776876955,66.85037994384766,3075850.0
2022-11-23T00:00:00,67.0091693229537,67.45377798674811,66.75510515255502,66.91389465332031,2272694.0
2022-11-24T00:00:00,66.91390108259623,67.45378446789755,66.43753253452952,66.8186264038086,2377130.0
2022-11-25T00:00:00,67.00917410892258,67.04093394969242,65.86588768340759,66.24698638916016,3375792.0
2022-11-28T00:00:00,66.05643878880169,66.15171346776752,65.48479556087815,65.70709991455078,2509639.0
2022-11-29T00:00:00,65.67534317640266,66.53280557260322,65.38951914708824,66.24698638916016,2330690.0
2022-11-30T00:00:00,67.07269419727031,67.64433745479502,66.65984046428736,67.10445404052734,9264847.0
2022-12-01T00:00:00,66.91389883841735,68.05718525378215,66.85038400331293,67.6125717163086,4933090.0
2022-12-02T00:00:00,67.45378229245765,67.51730197351515,66.21522604577724,66.50104522705078,4594009.0
2022-12-05T00:00:00,66.50104522705078,66.75510941366687,66.21522604577724,66.50104522705078,2581139.0
2022-12-06T00:00:00,66.50104582932268,66.65983534166192,64.8813957109853,65.13545989990234,4614874.0
2022-12-07T00:00:00,65.10370207537571,65.35776627216123,64.30975448909064,64.46854400634766,3712213.0
2022-12-08T00:00:00,64.7861177999465,64.91314746512735,64.4050239585328,64.65908813476562,3314521.0
2022-12-09T00:00:00,64.72261364693128,65.32601192491097,64.4685494287765,65.19898223876953,2996356.0
2022-12-12T00:00:00,65.13545832101696,65.73885651493111,64.81787930403661,65.23072814941406,2718429.0
2022-12-13T00:00:00,65.26249348851313,65.9611664155662,64.91315460205078,64.91315460205078,4200039.0
2022-12-14T00:00:00,65.04018049855101,66.15170700418001,64.62732682728604,65.8023681640625,6061479.0
2022-12-15T00:00:00,65.58007262815912,66.40578008143859,65.35776826639054,65.89765167236328,6482196.0
2022-12-16T00:00:00,65.89764832235088,66.24698719156491,65.32600510266946,65.48479461669922,6589444.0
2022-12-19T00:00:00,65.86588190395209,66.24698057626482,65.38951340943207,65.6435775756836,2921957.0
2022-12-20T00:00:00,65.35776082145324,65.8341293334961,64.97666698099319,65.8341293334961,3118753.0
2022-12-21T00:00:00,65.92941018718842,66.27874422125376,65.54831146512217,65.86589050292969,3745331.0
2022-12-22T00:00:00,66.02467813923577,67.3267540954684,65.96116330265961,66.46929168701172,4080660.0
2022-12-23T00:00:00,66.50104843649379,67.10445151456207,66.37401875999075,66.9774169921875,2539626.0
2022-12-27T00:00:00,67.07269406628666,67.51730764165838,67.00917922576832,67.16796875,1779700.0
2022-12-28T00:00:00,67.23147389978922,67.23147389978922,66.59631589441403,66.786865234375,2329825.0
2022-12-29T00:00:00,66.72335458152982,67.48554229736328,66.34225587774178,67.48554229736328,3002366.0
2022-12-30T00:00:00,67.48553672573532,67.48553672573532,66.7551040649414,66.7551040649414,3782511.0
2023-01-02T00:00:00,67.07269047727192,68.08894240880136,67.04093548164781,67.9301528930664,2442980.0
2023-01-03T00:00:00,67.80312373037356,68.47004163984057,67.45378485477245,67.67609405517578,3074688.0
2023-01-04T00:00:00,67.83488438577852,68.2159782618145,67.35851582926567,67.9619140625,3738539.0
2023-01-05T00:00:00,67.96191311958536,68.7876205444336,67.7078489237958,68.7876205444336,2180246.0
2023-01-09T00:00:00,68.78762571074856,69.96266725292173,68.72410602262688,69.64508819580078,4573656.0
2023-01-10T00:00:00,69.6133228694937,70.28024077527478,69.13695432132764,69.96266174316406,3879297.0
2023-01-11T00:00:00,69.96266068888585,71.07418728452357,69.96266068888585,70.85188293457031,3466408.0
2023-01-12T00:00:00,71.10594873932847,71.39177279740944,70.28024610079545,70.7566146850586,3291778.0
2023-01-13T00:00:00,70.88363461236422,70.9471494456824,69.26398455633026,69.32749938964844,3330886.0
2023-01-16T00:00:00,69.48629212755307,70.24847985456151,69.2639877776649,69.80387115478516,2513138.0
2023-01-17T00:00:00,69.86738177278794,69.86738177278794,68.47003607568062,69.10519409179688,3753513.0
2023-01-18T00:00:00,69.10519690746075,69.39101608801022,68.56530869506753,68.7240982055664,3255431.0
2023-01-19T00:00:00,68.72409978785045,69.35925784446967,68.21597625007792,68.62882995605469,4355377.0
2023-01-20T00:00:00,68.97815958105096,69.422773099855,68.7558552445845,69.10519409179688,3233767.0
2023-01-23T00:00:00,69.16871604216149,69.5180500794516,68.91465184039585,69.35926055908203,2834315.0
2023-01-24T00:00:00,69.67683568710817,70.1214492266986,69.20046715275,69.5815658569336,3411454.0
2023-01-25T00:00:00,69.5498045051523,69.77210884718174,68.43827794913388,68.5653076171875,4285081.0
2023-01-26T00:00:00,68.56530894605653,68.97816264403917,67.35851253854452,68.5970687866211,4603730.0
2023-01-27T00:00:00,68.78761947020949,69.13695349382722,68.501795437208,68.62882995605469,3418729.0
2023-01-30T00:00:00,68.43827503921256,69.2004627068693,67.99366637405795,69.00991821289062,4109310.0
2023-01-31T00:00:00,69.23222230142494,70.12144447447065,68.91464330004226,69.13694763183594,4088500.0
2023-02-01T00:00:00,69.20046822133925,69.7403564453125,68.47004033407454,69.7403564453125,4067867.0
2023-02-02T00:00:00,69.58156344460673,69.99441228337368,68.40651722389723,69.3910140991211,5910165.0
2023-02-03T00:00:00,69.3910226749928,71.64583587646484,69.32750783393833,71.64583587646484,5680557.0
2023-02-06T00:00:00,71.48704601099011,71.48704601099011,70.53430886208774,70.78836822509766,4624861.0
2023-02-07T00:00:00,70.9471547805696,71.70934737531455,70.75661026628701,71.23297882080078,3953144.0
2023-02-08T00:00:00,68.21598207209453,68.31125675789308,65.10370635986328,65.10370635986328,32284504.0
2023-02-09T00:00:00,65.42128110660907,66.50104788555403,65.29425143115844,65.51655578613281,11226538.0
2023-02-10T00:00:00,65.73886205412272,65.9611664155662,64.62733540103369,64.91315460205078,7735419.0
2023-02-13T00:00:00,65.35776927056784,67.10445404052734,65.13546490538371,67.10445404052734,9107981.0
2023-02-14T00:00:00,67.32675827423168,67.7713670037317,67.07269406628666,67.16796875,8882630.0
2023-02-15T00:00:00,66.94565917835219,67.4537827088497,66.46929064270813,67.35851287841797,8894532.0
2023-02-16T00:00:00,67.42202737380231,68.85113297352358,67.42202737380231,68.5970687866211,6657543.0
2023-02-17T00:00:00,68.59707522186966,68.7558647478462,68.2159813287003,68.50180053710938,4098399.0
2023-02-20T00:00:00,68.3430059230532,68.91464914318477,68.21597625007792,68.62882995605469,5224767.0
2023-02-21T00:00:00,68.66058349609375,69.07343719332005,68.02542545293679,68.66058349609375,4272606.0
2023-02-22T00:00:00,68.69234655826678,68.81937623450733,67.93015396320885,68.08894348144531,6258714.0
2023-02-23T00:00:00,67.96191705851794,69.70860184273218,67.96191705851794,69.54981231689453,4490927.0
2023-02-24T00:00:00,69.67683757960378,70.18496596840234,69.58156774684157,70.02617645263672,4974300.0
2023-02-27T00:00:00,70.12145113774028,71.64583145840513,70.12145113774028,71.07418823242188,5284912.0
2023-02-28T00:00:00,70.82012713277116,71.20122101812296,70.40727340452688,70.5660629272461,5915342.0
2023-03-01T00:00:00,71.13770429238505,71.13770429238505,68.91465103324802,69.07344055175781,6193528.0
2023-03-02T00:00:00,68.85112883332474,69.61331650232854,68.66057949313827,68.94640350341797,5265793.0
2023-03-03T00:00:00,68.7558635054902,69.64508580406579,68.7558635054902,69.45453643798828,3527693.0
2023-03-06T00:00:00,69.54981231689453,69.96266605324679,69.13695858054226,69.54981231689453,4497292.0
2023-03-07T00:00:00,69.67683783134787,69.77211251032575,68.62883090020549,68.85113525390625,5403633.0
2023-03-08T00:00:00,68.66058349609375,69.04167735281368,68.50179398530452,68.66058349609375,5341071.0
2023-03-09T00:00:00,68.72410086108259,69.48629344845129,68.66058602360306,68.7876205444336,3771379.0
2023-03-10T00:00:00,67.07269424942542,67.10445409270716,65.38952431879947,66.05644226074219,13778354.0
2023-03-13T00:00:00,66.15170850706076,66.69159185288609,63.674591269065054,64.65908813476562,14929868.0
2023-03-14T00:00:00,64.3415186962316,66.08820350456506,63.86515011214067,65.04019165039062,12698455.0
2023-03-15T00:00:00,65.04017941457109,65.10369424465999,62.131154645312876,62.308998107910156,12538843.0
2023-03-16T00:00:00,63.41418135177515,63.89690285680754,59.857297018509136,61.0640983581543,13720974.0
2023-03-17T00:00:00,61.368973467145636,62.156568104258,59.80648522193033,60.21298599243164,12648010.0
2023-03-20T00:00:00,59.234843813972326,61.49600502489943,58.14237114257604,61.08950424194336,11695923.0
2023-03-21T00:00:00,60.9624687399062,62.245485804926496,60.92435596360879,62.004127502441406,7341908.0
2023-03-22T00:00:00,62.00413106345336,62.81713259838072,61.61033132490419,62.131160736083984,8728431.0
2023-03-23T00:00:00,61.563946056951465,62.04815475764374,60.01447293725715,60.15281677246094,12970188.0
2023-03-24T00:00:00,59.83461645131892,60.069802005914745,58.28514346830825,58.893863677978516,10007793.0
2023-03-27T00:00:00,59.80695361880693,60.3603395304195,58.049959418538045,58.20214080810547,7693564.0
2023-03-28T00:00:00,58.82469621770544,59.61326767892933,58.78319412316069,59.3227424621582,7733745.0
2023-03-29T00:00:00,59.336577563263596,60.8583861913605,59.336577563263596,60.44334411621094,8339124.0
2023-03-30T00:00:00,60.87221353281541,62.988904723686005,60.73386970395961,62.69837951660156,10321617.0
2023-03-31T00:00:00,62.69838254013332,62.96123793862664,62.02049035757934,62.144996643066406,6396807.0
2023-04-03T00:00:00,62.33868540127516,62.670712717532076,61.92364333973545,62.144996643066406,4855141.0
2023-04-04T00:00:00,62.32484254573098,62.93356803618165,62.200330993364126,62.28334045410156,5498532.0
2023-04-05T00:00:00,62.38018676462811,62.43552640918139,60.51251861952602,61.176578521728516,5253796.0
2023-04-06T00:00:00,61.68845960300746,62.10349639944193,61.31492490297268,61.97898483276367,2016594.0
2023-04-11T00:00:00,62.40785661629268,62.905902862548835,61.85447072545719,62.90590286254883,4790556.0
2023-04-12T00:00:00,62.87822890354363,63.1825863737486,62.421684782018225,62.587703704833984,4559338.0
2023-04-13T00:00:00,62.435527762711345,62.75372280957237,61.7853001188115,62.643043518066406,4506080.0
2023-04-14T00:00:00,63.1134150770485,65.17477186355312,62.96123370172202,64.75973510742188,8199799.0
2023-04-17T00:00:00,64.91191501725021,65.16093814104869,64.45537614193901,64.82891082763672,6220010.0
2023-04-18T00:00:00,65.02258882226322,65.78349040192164,64.70439380813254,64.98108673095703,3513734.0
2023-04-19T00:00:00,64.98109281152836,65.46530151367188,64.63522794500325,65.46530151367188,4290150.0
2023-04-20T00:00:00,65.82499676946186,66.5305586983276,65.64514558073982,65.83882904052734,5536554.0
2023-04-21T00:00:00,65.71432096538689,66.06018581257314,65.38228838999744,65.65898132324219,4231113.0
2023-04-24T00:00:00,65.5898107090902,66.51673126220703,65.40995950729521,66.51673126220703,4672518.0
2023-04-25T00:00:00,66.40605502592359,66.97327320150418,65.60364599450371,65.82500457763672,4825873.0
2023-04-26T00:00:00,66.75191436360699,66.8902581891204,62.961233381282526,64.51071166992188,15443996.0
2023-04-27T00:00:00,65.02259349063841,65.18860714526083,63.888157175340474,64.34469604492188,6715512.0
2023-04-28T00:00:00,64.41387559729884,64.69056327264119,62.504700028057854,62.68455123901367,9092798.0
2023-05-02T00:00:00,62.684550939311215,62.864396871928044,60.5955241691023,60.70620346069336,7796214.0
2023-05-03T00:00:00,60.76153748059341,61.55011423496014,60.055975471923055,60.664695739746094,5643530.0
2023-05-04T00:00:00,60.52634527576877,60.67852664543012,59.806945795765074,59.87611770629883,5776164.0
2023-05-05T00:00:00,60.111305931558874,60.886039739947364,59.917622479461755,60.678524017333984,4902462.0
2023-05-08T00:00:00,60.80304150838851,61.31492000720345,60.7061997728689,61.107398986816406,4622024.0
2023-05-09T00:00:00,61.10739752324058,61.20424453391939,59.6824360683135,59.77927780151367,6661171.0
2023-05-10T00:00:00,59.91763042292914,60.55402050061027,58.71401690679606,59.46108627319336,5267219.0
2023-05-11T00:00:00,59.516424425014456,60.609358625023056,59.03221046524262,59.66860580444336,4847049.0
2023-05-12T00:00:00,60.00063556707832,61.13507190708229,60.00063556707832,60.13898468017578,5264675.0
2023-05-15T00:00:00,60.18048752038528,61.024398649550555,59.87612474528197,60.89988708496094,5261167.0
2023-05-16T00:00:00,60.706202668234134,60.9967278886495,60.05597503232248,60.15281677246094,5246823.0
2023-05-17T00:00:00,59.69627396797527,60.31882646292495,59.69627396797527,59.82078552246094,2525190.0
2023-05-19T00:00:00,60.58169342971367,60.84454883767665,60.028307512710384,60.3603401184082,5742289.0
2023-05-22T00:00:00,60.2081517782052,60.969053368152935,60.09747249658732,60.85837936401367,4821735.0
2023-05-23T00:00:00,60.8722161970899,62.08966199872582,60.76153690717799,61.68845748901367,5354937.0
2023-05-24T00:00:00,61.34259320315641,61.702290343806595,60.58169154900785,60.664695739746094,3855447.0
2023-05-25T00:00:00,60.3188305618962,61.010560294383446,60.18048672639036,60.415672302246094,4558613.0
2023-05-26T00:00:00,60.70619962875416,60.94138519232097,59.972962561945046,60.84454345703125,3644178.0
2023-05-29T00:00:00,61.34259107900021,61.49477246005603,60.014471298387534,60.16665267944336,2889454.0
2023-05-30T00:00:00,60.30499182521251,61.03822357426019,59.599429895795865,59.75160598754883,4246283.0
2023-05-31T00:00:00,59.37807847382607,60.78920777970409,59.239734636525505,59.30890655517578,18441736.0
2023-06-01T00:00:00,59.48875388549646,60.9137153711698,59.419581971357914,60.84454345703125,4671650.0
2023-06-02T00:00:00,61.06590029104225,62.25567628216471,60.872216809227716,62.18650436401367,6705448.0
2023-06-05T00:00:00,62.47702492094889,62.93356904611332,61.633113861083984,61.633113861083984,3786891.0
2023-06-07T00:00:00,62.117334986695575,63.47312469233324,62.117334986695575,62.91973876953125,6104634.0
2023-06-08T00:00:00,63.36244125881349,63.7913155848508,62.53236770629883,62.53236770629883,3285293.0
2023-06-09T00:00:00,62.72605287817387,63.971168518066406,62.68455078267048,63.971168518066406,5720118.0
2023-06-12T00:00:00,63.971164768953145,63.99882931268137,62.36635208129883,62.36635208129883,5677136.0
2023-06-13T00:00:00,62.532365866478855,62.79522125229638,62.24184065939442,62.69837951660156,6190179.0
2023-06-14T00:00:00,62.214172204227005,62.97507383459933,61.771465609192965,62.08966064453125,7092020.0
2023-06-15T00:00:00,61.978984832763665,62.64304476255466,61.78530134625953,61.97898483276367,5041812.0
2023-06-16T00:00:00,62.94740735041381,63.8604904107712,62.76755613743274,63.583797454833984,12184319.0
2023-06-19T00:00:00,63.55612535025471,64.04033932513461,63.168758392333984,63.168758392333984,3223645.0
2023-06-20T00:00:00,63.22410062265309,63.97117002417731,63.22410062265309,63.763648986816406,5968353.0
2023-06-21T00:00:00,63.76364970846536,64.60756086298123,63.417784827268974,64.52455139160156,4917384.0
2023-06-22T00:00:00,63.362445812298574,63.70831069694811,61.148912661533295,61.30109405517578,12933697.0
2023-06-26T00:00:00,60.7477081287448,61.41176807397438,59.72394574809128,61.30109405517578,6157675.0
2023-06-27T00:00:00,61.480934152408935,61.7576270893282,60.55401888283005,61.41176223754883,3263065.0
2023-06-28T00:00:00,61.55011334086231,61.8544708316131,61.148908833191975,61.43943405151367,3008370.0
2023-06-29T00:00:00,61.63312030105572,62.43552935246797,61.550116107791844,62.02049255371094,3003624.0
2023-06-30T00:00:00,62.241842142971386,62.836724843213766,62.10349303333916,62.49085998535156,4035293.0
2023-07-03T00:00:00,62.83672430687335,64.22018372651367,62.712218025485434,63.44544982910156,3467706.0
2023-07-04T00:00:00,63.722135275614704,64.09566990829215,63.6114560018681,63.777469635009766,2370805.0
2023-07-05T00:00:00,63.542291715964495,64.01266813084942,63.2379289541334,63.63913345336914,3488794.0
2023-07-06T00:00:00,62.94740708854838,63.79131822578053,62.809063249894876,63.12725830078125,4243836.0
2023-07-07T00:00:00,63.18259219432883,63.320941309420455,62.54620209734469,62.82289505004883,3548976.0
2023-07-10T00:00:00,62.60154069148502,62.67071260912898,61.660787834585925,61.743797302246094,4665664.0
2023-07-11T00:00:00,61.74379413707722,62.25567263437693,61.1765759975076,62.24184036254883,3011110.0
2023-07-12T00:00:00,62.18649791067213,63.1687527679299,62.11732599969934,63.05807876586914,3385211.0
2023-07-13T00:00:00,62.93357147981137,63.818984666211435,62.44935751523211,63.56996154785156,3074624.0
2023-07-14T00:00:00,63.56996303415313,63.81898615833531,62.89206557888409,63.43161392211914,3795804.0
2023-07-17T00:00:00,63.500788272496536,64.31702952575883,63.03041186760846,64.17868041992188,3707958.0
2023-07-18T00:00:00,64.78740058521835,65.11942785687482,63.50078303322322,64.59371185302734,7657507.0
2023-07-19T00:00:00,63.08574708623882,64.23402093157124,62.117329719667914,63.33477020263672,10932296.0
2023-07-20T00:00:00,63.500794089827615,63.62530565774804,62.04815737159634,62.407859802246094,6938129.0
2023-07-21T00:00:00,62.51852632924688,62.878228716800784,61.81296438055055,62.67070770263672,5426902.0
2023-07-24T00:00:00,62.46319442339016,63.14108657836914,62.158831664636196,63.14108657836914,4425653.0
2023-07-25T00:00:00,63.22409877771905,64.02650252530935,62.864396360453796,63.99883270263672,4225984.0
2023-07-26T00:00:00,63.88814890875638,63.88814890875638,63.22408909871145,63.777469635009766,3169500.0
2023-07-27T00:00:00,63.860487531991396,64.33086395263672,63.7913156154951,64.33086395263672,2968770.0
2023-07-28T00:00:00,64.33086550394587,64.38620514946898,63.763647331031756,63.846656799316406,2814219.0
2023-07-31T00:00:00,63.95732698305432,64.41387111506299,63.91582489013672,63.91582489013672,3616044.0
2023-08-01T00:00:00,63.63913592160203,64.1925218232163,63.63913592160203,63.971168518066406,2357717.0
2023-08-02T00:00:00,63.639131607308755,64.09567573681184,62.86439245306657,63.87431716918945,4403453.0
2023-08-03T00:00:00,63.87431077307921,64.85657084736854,63.86047850272728,64.53837585449219,6176548.0
2023-08-04T00:00:00,64.77356965131118,65.85266631060288,64.48304443957554,65.31311798095703,4327683.0
2023-08-07T00:00:00,65.2162817257083,65.57598416069423,64.95342631358727,65.16094207763672,2523510.0
2023-08-08T00:00:00,64.4968774489433,64.884249679831,63.95732911312996,64.20635223388672,2957310.0
2023-08-09T00:00:00,64.71822936966683,65.20244332859664,64.6905595482298,64.81507110595703,3080883.0
2023-08-10T00:00:00,64.8842516583057,66.18470166831675,64.8842516583057,66.10169219970703,4230154.0
2023-08-11T00:00:00,66.10168606558689,66.24003516709786,65.60363985510456,65.75582122802734,2567242.0
2023-08-14T00:00:00,65.465300018754,65.97717853182812,65.31311863656141,65.67282104492188,3189572.0
2023-08-15T00:00:00,65.57597752818914,65.58980980006835,64.13717848872746,64.30319213867188,4689937.0
2023-08-16T00:00:00,63.95732730703996,64.70439664821376,63.708304193315364,64.16484832763672,3507361.0
2023-08-17T00:00:00,64.16484816543426,64.57988492809984,63.80514576763968,64.04033660888672,2960521.0
2023-08-18T00:00:00,63.639131296411875,63.77747512302129,63.08574543501681,63.4869499206543,3251642.0
2023-08-21T00:00:00,63.48695329819502,63.62530240964338,62.87823304025916,62.90590286254883,2692541.0
2023-08-22T00:00:00,63.044241048884444,63.417775700114554,62.82288776787533,62.93356704711914,2824768.0
2023-08-23T00:00:00,62.87822638203377,62.892058652974406,62.08965500145698,62.25566864013672,3952683.0
2023-08-24T00:00:00,62.324848175048835,62.83672670213386,62.21417416154786,62.32484817504883,3400445.0
2023-08-25T00:00:00,62.103493391143985,63.00274413775822,62.03432147466879,62.46319580078125,2619063.0
2023-08-28T00:00:00,62.83672805704725,63.694476748200536,62.83672805704725,63.583797454833984,2549119.0
2023-08-29T00:00:00,63.61146196510807,64.23401974459865,63.23792729741372,63.8604850769043,3023000.0
2023-08-30T00:00:00,63.98500016670592,64.31703275993203,63.45928409304751,63.473121643066406,3668447.0
2023-08-31T00:00:00,63.45927794954693,63.77747296194965,63.16875275702426,63.1964225769043,6437760.0
2023-09-01T00:00:00,63.30709822387804,63.55612133179037,62.90589901888921,63.182586669921875,2375931.0
2023-09-04T00:00:00,63.9988295433856,65.07793146443329,63.708304335883014,64.42770385742188,6982770.0
2023-09-05T00:00:00,64.33086489014012,65.7281566226524,64.2063533276407,65.07793426513672,5053697.0
2023-09-06T00:00:00,64.87041042526744,65.00875953176252,63.99882952552415,64.56604766845703,4510593.0
2023-09-07T00:00:00,64.33086578920688,65.03642780157834,64.06801038802517,64.23402404785156,3970717.0
2023-09-08T00:00:00,64.28936535334448,64.48304884105534,63.05808722934326,64.15101623535156,3783653.0
2023-09-11T00:00:00,64.48304350003536,64.80123852884468,64.08183900730582,64.42770385742188,2909813.0
2023-09-12T00:00:00,64.3862014399379,64.64905682480996,64.02649904224062,64.17868041992188,4672875.0
2023-09-13T00:00:00,64.17868654075872,64.67673281431375,64.17868654075872,64.3862075805664,4233648.0
2023-09-14T00:00:00,64.40003737197053,65.93567823042706,64.28936335848955,65.85266876220703,5980640.0
2023-09-15T00:00:00,65.9218490281064,66.61357879638672,65.79733745871677,66.61357879638672,8572539.0
2023-09-18T00:00:00,66.54439061704399,66.54439061704399,65.49296386484538,65.7281494140625,4079417.0
2023-09-19T00:00:00,65.74199418820503,66.82109087846956,65.74199418820503,66.80725860595703,3990763.0
2023-09-20T00:00:00,66.82109415863691,68.32906525552085,66.82109415863691,68.23222351074219,5808949.0
2023-09-21T00:00:00,67.927859502373,68.95162185692595,67.73417601630386,68.82711029052734,5901383.0
2023-09-22T00:00:00,68.49507771586404,68.92395206196471,68.28756195676696,68.68876647949219,5138171.0
2023-09-25T00:00:00,68.68876017263732,69.24214075689851,67.85868138002749,68.35672760009766,5002891.0
2023-09-26T00:00:00,68.48124099044509,68.48124099044509,67.41597660840736,68.2598876953125,4390785.0
2023-09-27T00:00:00,68.17687574540953,68.17687574540953,67.41597415096996,67.85868072509766,3305540.0
2023-09-28T00:00:00,67.92785461403217,68.23221737165443,67.67883149915558,68.02469635009766,2735625.0
2023-09-29T00:00:00,66.64124205288013,67.84485562617317,66.55823785988007,67.48515319824219,6601635.0
2023-10-02T00:00:00,67.88635529622157,68.19071806628757,66.54439793090765,66.80725860595703,4191299.0
2023-10-03T00:00:00,66.76574747980115,67.18078951654931,64.84273978245241,65.13327026367188,6954707.0
2023-10-04T00:00:00,64.8427431000793,65.52064055430381,64.17868319577637,64.82891082763672,4823886.0
2023-10-05T00:00:00,65.11943269826772,65.64514874120027,64.96725132182839,65.27161407470703,3840319.0
2023-10-06T00:00:00,65.65898015426,66.32304001573732,65.36845495439091,66.25386810302734,3463143.0
2023-10-09T00:00:00,66.046354172203,66.36454920135895,65.65898195096543,66.29537200927734,3381159.0
2023-10-10T00:00:00,66.71041433312247,68.25988739216936,66.71041433312247,67.87252044677734,5074918.0
2023-10-11T00:00:00,67.99703837046222,68.7579400604945,67.67883803269592,68.60575866699219,4008544.0
2023-10-12T00:00:00,68.93778159593077,69.1452973308968,68.55040939119944,68.71642303466797,7425485.0
2023-10-13T00:00:00,68.67493225168036,68.8409459224859,67.8725284448874,68.52275085449219,4585763.0
2023-10-16T00:00:00,68.89627671311094,69.34590207131346,68.66109114950028,69.11763000488281,6795210.0
2023-10-17T00:00:00,69.07612710936802,69.07612710936802,68.13537431089743,68.35672760009766,9306231.0
2023-10-18T00:00:00,71.59402317072042,73.35793599751227,70.729361055132,71.80154418945312,19211187.0
2023-10-19T00:00:00,72.49327214298862,72.49327214298862,68.97928412293435,69.55342102050781,10618730.0
2023-10-20T00:00:00,69.0069596878861,69.55342681061875,68.67492709373344,68.78560638427734,6842094.0
2023-10-23T00:00:00,68.78560496043238,69.20756051130829,67.51281953291912,67.66500091552734,5104199.0
2023-10-24T00:00:00,67.52665813441175,67.7480114368861,66.83492840449452,66.94560241699219,4443937.0
2023-10-25T00:00:00,67.12545317499243,67.12545317499243,65.94950947551986,66.43372344970703,5183363.0
2023-10-26T00:00:00,66.11552496052181,66.11552496052181,64.4830424718068,65.28544616699219,8010620.0
2023-10-27T00:00:00,65.47913459888778,66.2400361978635,64.8427392769915,64.89807891845703,4190937.0
2023-10-30T00:00:00,64.953418380466,65.56213860246903,64.66289317979265,64.91191101074219,3881109.0
2023-10-31T00:00:00,64.85658155581913,66.17086911033839,64.78740963768213,65.71432495117188,4540082.0
2023-11-01T00:00:00,66.06018128933528,66.06018128933528,65.0640889088496,65.09175872802734,3241564.0
2023-11-02T00:00:00,65.23011655350899,66.12936204847723,65.00876324794214,65.96334838867188,3577653.0
2023-11-03T00:00:00,66.18469780701896,67.54048738367138,66.18469780701896,67.49898529052734,3239114.0
2023-11-06T00:00:00,67.51282489668739,67.80335013521444,66.751923200673,67.24996948242188,4094378.0
2023-11-07T00:00:00,67.15312347103966,67.58199252615556,66.68274704342812,66.80725860595703,3255478.0
2023-11-08T00:00:00,66.40605165466272,66.5720653061053,65.94950751634707,66.26770782470703,3185610.0
2023-11-09T00:00:00,66.35071018039125,66.59973328942144,65.88033378305408,66.36454772949219,3685136.0
2023-11-10T00:00:00,66.39221554437927,66.83492210761821,66.25386644494303,66.4752197265625,3254261.0
2023-11-13T00:00:00,66.7519134962251,67.08394606161296,66.62740194388948,66.95943450927734,2399996.0
2023-11-14T00:00:00,66.95944058755413,67.44364929199219,66.43372451025061,67.44364929199219,4630806.0
2023-11-15T00:00:00,67.44364052427808,68.38439326558424,67.2222872485283,68.03852844238281,6201098.0
2023-11-16T00:00:00,68.0662050997638,68.28755839775171,67.11161471423941,67.41597747802734,4255242.0
2023-11-17T00:00:00,67.69266938733948,68.30138962815141,67.59582765078937,68.1353759765625,3739130.0
2023-11-20T00:00:00,68.3982280436067,68.61958132747034,67.76183801218356,68.43973541259766,3328278.0
2023-11-21T00:00:00,68.20454623990254,68.5504110841997,67.80334175392295,68.2183837890625,4807903.0
2023-11-22T00:00:00,68.13537232341713,68.57807888890399,68.01086077203153,68.32905578613281,3856204.0
2023-11-23T00:00:00,68.45357259314218,69.44966508070337,68.3013912100449,69.3804931640625,4669564.0
2023-11-24T00:00:00,69.3804923758159,69.96846157680169,69.31131518248202,69.76094055175781,2304625.0
2023-11-27T00:00:00,69.83011860569576,70.21057209255851,69.07613568488694,69.24214935302734,3252848.0
2023-11-28T00:00:00,69.03462536282309,69.13146709749108,68.12154238061143,68.4674072265625,3593385.0
2023-11-29T00:00:00,68.14920870824275,68.86860823995218,68.03853469892992,68.64725494384766,3897879.0
2023-11-30T00:00:00,68.63342301079618,69.08996187737011,68.14920904490872,68.7579345703125,6764213.0
2023-12-01T00:00:00,69.10379358413526,69.10379358413526,68.21838047020691,68.79943084716797,3712659.0
2023-12-04T00:00:00,68.88244843533288,69.1453038353412,68.70259722612766,69.03462982177734,2746521.0
2023-12-05T00:00:00,68.96545485675773,69.83011705545067,68.91012048692559,69.5880126953125,3902118.0
2023-12-06T00:00:00,69.65718308460195,70.2797409094725,69.34590681090624,69.93387603759766,3845765.0
2023-12-07T00:00:00,69.93386777232058,70.90229035461097,69.93386777232058,70.76394653320312,5061624.0
2023-12-08T00:00:00,70.59102245139756,70.90229872505249,69.41507872068972,70.79853820800781,5995976.0
2023-12-11T00:00:00,70.79853671856118,71.90530322963589,70.79853671856118,71.87071990966797,4466062.0
2023-12-12T00:00:00,71.870720659988,72.42410128256306,71.62861630776897,71.76696014404297,5254725.0
2023-12-13T00:00:00,71.73237079735925,72.11282425935947,71.35192261283804,71.87071990966797,5194249.0
2023-12-14T00:00:00,72.38952096098019,73.80756381270803,72.35493236173932,73.66921997070312,12125735.0
2023-12-15T00:00:00,73.77296986582115,74.74139245281667,73.63462076626263,74.3609390258789,7889045.0
2023-12-18T00:00:00,74.22259906416319,75.46770936007766,73.9459061281337,75.15643310546875,7486091.0
2023-12-19T00:00:00,74.98349985140128,75.26019278437269,74.43011398545845,74.6722183227539,4911090.0
2023-12-20T00:00:00,74.77597354056087,75.53687509427576,73.87672816888994,74.81056213378906,5782233.0
2023-12-21T00:00:00,74.63763651541727,74.63763651541727,73.94590680772569,74.32635498046875,2738928.0
2023-12-22T00:00:00,74.32634821598621,75.0180778607231,74.25717630700821,74.81056213378906,2859583.0
2023-12-27T00:00:00,74.81056905154117,75.77899169921875,74.81056905154117,75.77899169921875,4554300.0
2023-12-28T00:00:00,75.77899321821714,75.88274845461903,75.22560732917188,75.4331283569336,2480532.0
2023-12-29T00:00:00,75.57146453011083,75.84815744658633,75.50229262036157,75.70980834960938,2907451.0
2024-01-02T00:00:00,75.98651048014871,76.98952176431193,75.88274996420368,76.09027099609375,5282071.0
2024-01-03T00:00:00,76.36696550230589,76.47072602036532,74.775984965339,74.87974548339844,4058326.0
2024-01-04T00:00:00,74.8797447145461,76.8165901068378,74.8797447145461,76.71282958984375,4576045.0
2024-01-05T00:00:00,76.36695934532875,76.88575661631947,76.29778743135908,76.40154266357422,1627099.0
2024-01-08T00:00:00,76.85117111639467,77.23162457477186,76.26320190774909,76.4361343383789,4417186.0
2024-01-09T00:00:00,75.74440690242758,76.29779280814017,75.294781513721,75.8481674194336,5426925.0
2024-01-10T00:00:00,75.60605768456479,76.02109444557539,75.19101564607544,75.53688049316406,4140628.0
2024-01-11T00:00:00,75.88274693354086,76.57447664224216,75.5368820791902,75.77899169921875,4161247.0
2024-01-12T00:00:00,76.09027631784258,77.05869907192918,76.09027631784258,76.53990173339844,4865826.0
2024-01-15T00:00:00,76.78200304636744,76.98952408451147,76.12486188804337,76.3669662475586,2589287.0
2024-01-16T00:00:00,76.09026786608574,76.09026786608574,73.84214631549685,74.1880111694336,6551858.0
2024-01-17T00:00:00,73.70380100668366,74.56846312418357,72.94289412130075,74.3955307006836,4291197.0
2024-01-18T00:00:00,74.60304568200479,75.57146829922979,73.98048790825453,74.63763427734375,4527858.0
2024-01-19T00:00:00,74.8797431790842,75.26019664110119,74.39553447967988,74.6030502319336,4826082.0
2024-01-22T00:00:00,75.12184453456516,76.57447585235786,75.0180840238345,76.15943908691406,4943349.0
2024-01-23T00:00:00,76.33237612882276,76.47072524399046,75.50230254773301,75.8481674194336,4554096.0
2024-01-24T00:00:00,76.47072144237566,76.9895187241354,75.60605930610944,76.6436538696289,4824577.0
2024-01-25T00:00:00,76.36695883372627,79.96395111083984,76.19402641122122,79.96395111083984,8443112.0
2024-01-26T00:00:00,79.96395416396035,80.03312608010769,78.26921846969528,79.13388061523438,4695379.0
2024-01-29T00:00:00,79.2030517509965,79.34139558192808,78.23462910203875,78.37297821044922,3901108.0
2024-01-30T00:00:00,78.47673268004732,78.9955299572027,78.02711259516236,78.61508178710938,2873323.0
2024-01-31T00:00:00,78.9263572444515,79.06470635011482,77.85417938232422,77.85417938232422,5180940.0
2024-02-01T00:00:00,76.98951793871369,78.47673257593642,76.85116883183517,77.02410125732422,5566891.0
2024-02-02T00:00:00,77.95794301071984,78.40756841696205,77.16245799676749,77.75042724609375,4351375.0
2024-02-05T00:00:00,77.81959073543386,78.2000441789097,76.8511681063416,76.98951721191406,5796390.0
2024-02-06T00:00:00,77.75042113662785,78.85718762677097,76.95493090770411,78.40756225585938,8329338.0
2024-02-07T00:00:00,81.27824325341473,84.11433409016574,80.93237838850658,82.385009765625,17688334.0
2024-02-08T00:00:00,83.14590990419923,84.04516064763463,82.24666443824276,82.592529296875,8176349.0
2024-02-09T00:00:00,81.554933211374,83.49177321737577,81.17447976292928,83.07673645019531,8556505.0
2024-02-12T00:00:00,83.00756229376941,83.52635955810547,82.55793694251575,83.52635955810547,6603266.0
2024-02-13T00:00:00,83.6992973554771,85.22110065094871,83.49177632542232,84.84065246582031,7199249.0
2024-02-14T00:00:00,84.8406524338846,84.8752357538947,83.87222975645855,84.11433410644531,4127926.0
2024-02-15T00:00:00,83.97599253654616,84.77148280294156,83.28426278793783,84.52937316894531,4773822.0
2024-02-16T00:00:00,84.87523196069732,85.39402923497416,83.9413979224948,84.90982055664062,5597278.0
2024-02-19T00:00:00,84.90982210105247,86.05117718071718,84.87523350448004,85.42861938476562,5128365.0
2024-02-20T00:00:00,85.42861711991978,86.01658630371094,85.25568469660011,86.01658630371094,3985046.0
2024-02-21T00:00:00,86.01658783330468,86.08575974836687,85.39403004278745,85.53237915039062,4642291.0
2024-02-22T00:00:00,86.05117716992181,86.25869291689371,84.25268097543763,84.42561340332031,6017842.0
2024-02-23T00:00:00,84.39102325336245,84.4947837636779,82.76545951668277,83.90681457519531,5881860.0
2024-02-26T00:00:00,83.90681379856036,84.49478298160075,83.8722252029491,84.28726196289062,3438803.0
2024-02-27T00:00:00,84.287261220075,84.49478223695625,83.94139637692534,84.39102172851562,4061744.0
2024-02-28T00:00:00,84.32185290167334,85.7053123249084,84.32185290167334,85.42861938476562,4071544.0
2024-02-29T00:00:00,85.60155032004631,85.80907134090461,84.59854436668172,85.63613891601562,5945902.0
2024-03-01T00:00:00,86.12034605392654,86.74290382788439,85.98200222748198,86.2586898803711,3956866.0
2024-03-04T00:00:00,86.4662139627876,87.12335507791323,86.32787013143869,86.43162536621094,4066456.0
2024-03-05T00:00:00,85.77448962672396,85.94742206548752,84.77148359288702,85.01358795166016,6932452.0
2024-03-06T00:00:00,85.15192256525346,85.35944358027598,84.4601928851499,84.63312530517578,4850471.0
2024-03-07T00:00:00,84.6331298781003,84.97899473683997,84.25268169997403,84.46019744873047,5564516.0
2024-03-08T00:00:00,84.66771619977291,85.60155023778022,84.56395568944347,85.04816436767578,4520352.0
2024-03-11T00:00:00,84.73688889501125,85.15192566267471,83.5263619107968,84.66771697998047,5222833.0
2024-03-12T00:00:00,85.04816444941005,85.67072223450614,84.84064870603055,85.63613891601562,4896839.0
2024-03-13T00:00:00,85.63613276928868,85.6707160852969,84.2180848759911,85.29026794433594,6388861.0
2024-03-14T00:00:00,85.42861176332568,85.73988799479177,84.90981452589656,85.29026794433594,4499238.0
2024-03-15T00:00:00,85.29027780568016,85.53238215564373,82.69629131861542,83.24967193603516,15366081.0
2024-03-18T00:00:00,83.28426053352096,83.66470871846971,82.9038070710932,83.24967193603516,4231735.0
2024-03-19T00:00:00,83.24966366159695,84.42560725200643,83.07673124631425,84.21808624267578,6246670.0
2024-03-20T00:00:00,84.32184833460916,84.80605699552403,83.63011866045728,84.59854125976562,8803494.0
2024-03-21T00:00:00,84.59854886568253,85.87564937238345,83.82454569547565,85.449951171875,12411248.0
2024-03-22T00:00:00,85.44994761086332,85.87564579363138,84.36634203669638,84.40504455566406,7049530.0
2024-03-25T00:00:00,84.36634203669638,84.5985453401519,83.90194133496063,84.40504455566406,5579032.0
2024-03-26T00:00:00,84.25023678760334,87.11405181884766,84.25023678760334,87.11405181884766,7720157.0
2024-03-27T00:00:00,87.11405463797826,88.00415351328093,83.9019404676494,83.97933959960938,11111194.0
2024-03-28T00:00:00,84.13414195886928,84.67594771931275,83.28273965551585,83.78584289550781,4422335.0
2024-04-02T00:00:00,83.70844161421239,84.28894397505273,83.08923673391254,83.63104248046875,6027529.0
2024-04-03T00:00:00,83.63103948111502,84.17283930306468,83.36013366496502,83.90193939208984,3827665.0
2024-04-04T00:00:00,83.82454401666166,83.82454401666166,83.05054086195629,83.74713897705078,4634923.0
2024-04-05T00:00:00,83.01184184774725,84.21154915027448,82.27654118179552,83.94064331054688,7374065.0
2024-04-08T00:00:00,83.97933964039154,85.72084668362548,83.55363555664205,85.68214416503906,4482485.0
2024-04-09T00:00:00,85.52734535109664,86.14655021344615,85.17904630675955,85.21774291992188,3576707.0
2024-04-10T00:00:00,85.37254653312904,85.75954809328796,84.21154185265226,84.75334167480469,4282432.0
2024-04-11T00:00:00,84.75334882992128,84.75334882992128,82.85704338712115,83.43754577636719,4927578.0
2024-04-12T00:00:00,83.4762353452452,85.21774236596036,83.4762353452452,84.75334167480469,4883536.0
2024-04-15T00:00:00,84.63723843464066,85.75954648110857,83.74713368197303,85.06294250488281,4669562.0
2024-04-16T00:00:00,84.36634332261697,84.36634332261697,82.7409378891796,83.2827377319336,5492790.0
2024-04-17T00:00:00,83.32144078506809,84.7146429204325,83.28273826526265,83.74713897705078,3810686.0
2024-04-18T00:00:00,83.90193803655332,84.71463775634766,83.01183328186659,84.71463775634766,6471504.0
2024-04-19T00:00:00,83.97933907465104,84.59854393681071,83.4762358622932,84.36634063720703,4562378.0
2024-04-22T00:00:00,84.86944442130172,85.95304998479344,84.55984198813618,85.68214416503906,4664223.0
2024-04-23T00:00:00,85.72084441921766,87.81065045382381,85.2177412167606,87.57845306396484,5518636.0
2024-04-24T00:00:00,80.49632746250785,80.80592990301412,76.93591415962432,77.01331329345703,34316891.0
2024-04-25T00:00:00,77.40031631449939,77.4777154497788,74.22690452664003,74.64486694335938,21882364.0
2024-04-26T00:00:00,74.9389817009123,75.71298481945308,74.62937927246094,74.62937927246094,9708231.0
2024-04-29T00:00:00,75.09378648370307,75.6046314207859,73.9482650756836,73.9482650756836,9035787.0
2024-04-30T00:00:00,74.30430559461166,75.07830877788886,73.70058405648355,74.4436264038086,5961434.0
2024-05-02T00:00:00,74.56745747375814,75.04734153226714,73.87085939244447,74.0256576538086,8966520.0
2024-05-03T00:00:00,74.42814937480821,75.29502916584897,74.28882856479443,74.30430603027344,7468174.0
2024-05-06T00:00:00,74.53650505084656,75.697509765625,74.3352625801692,75.697509765625,5921110.0
2024-05-07T00:00:00,75.77490997314453,75.88326994231267,75.07830595336686,75.77490997314453,5383571.0
2024-05-08T00:00:00,75.6665511109578,75.89874851749705,73.99470143903268,74.14950561523438,6794394.0
2024-05-10T00:00:00,74.36622289258221,76.45602900244609,74.28882375984193,76.08451080322266,8164939.0
2024-05-13T00:00:00,76.08451241584298,76.48699145772817,75.66655000397638,75.77490997314453,5831321.0
2024-05-14T00:00:00,75.77490464658416,76.5334243774414,75.77490464658416,76.5334243774414,7647543.0
2024-05-15T00:00:00,76.62630687527444,77.09070755408958,76.1619061964593,76.5334243774414,5729947.0
2024-05-16T00:00:00,76.53342803110112,76.62631053336831,75.96066736339169,76.33219146728516,5276031.0
2024-05-17T00:00:00,76.19287537415921,76.5953544318342,76.09999286615314,76.50247192382812,3435995.0
2024-05-20T00:00:00,76.62631064975193,77.55511205313334,76.59534981561583,76.9359130859375,4819092.0
2024-05-21T00:00:00,76.05354801668247,76.11546377818003,75.0783024347002,75.72846221923828,6024728.0
2024-05-22T00:00:00,75.66655364413204,76.06903270537963,74.84610624573484,75.86779022216797,3502516.0
2024-05-23T00:00:00,75.86778966690102,77.23003692723363,75.85231220146372,76.25479125976562,4913474.0
2024-05-24T00:00:00,74.84610636547318,75.68203123075823,74.62938641636424,75.62010955810547,4771135.0
2024-05-27T00:00:00,75.62010900223177,76.02259396634037,75.31051245159524,76.00711059570312,2675777.0
2024-05-28T00:00:00,76.02259148664538,76.59535217285156,76.02259148664538,76.59535217285156,3661913.0
2024-05-29T00:00:00,76.19287369059604,76.28575029137426,75.1092680751713,75.35694885253906,4200655.0
2024-05-30T00:00:00,75.26406441669927,75.83683099763071,75.15570444845287,75.55818939208984,3140978.0
2024-05-31T00:00:00,75.65106748121015,76.34767150878906,75.4033867053127,76.34767150878906,9591248.0
2024-06-03T00:00:00,76.6263109716349,77.43901663188903,76.53342846883645,77.04427337646484,8086362.0
2024-06-04T00:00:00,77.04427412781867,77.26099406461985,75.80587027097232,76.16191101074219,4678563.0
2024-06-05T00:00:00,76.45602534035655,76.85851025960824,76.1619062879611,76.2857437133789,3828383.0
2024-06-07T00:00:00,76.65727414567253,77.82602057789741,76.62631331046138,77.55511474609375,7148945.0
2024-06-10T00:00:00,77.32292150219664,77.32292150219664,75.94519673960066,76.3631591796875,4395576.0
2024-06-11T00:00:00,76.4250696739388,77.43901781989031,76.1309506016613,76.87399291992188,4787596.0
2024-06-12T00:00:00,76.92043163707712,78.63871959089822,76.85851587243413,78.29042053222656,6139353.0
2024-06-13T00:00:00,78.01952062205723,78.09691975675625,76.73467254638672,76.73467254638672,6345064.0
2024-06-14T00:00:00,76.7037062861369,78.13561084490279,76.7037062861369,77.59381103515625,7070626.0
2024-06-17T00:00:00,77.7873166581145,78.71611807703675,77.24551681460576,77.36935424804688,4870559.0
2024-06-18T00:00:00,78.17431583233771,78.21301835076045,76.51794961285864,76.85851287841797,4809558.0
2024-06-19T00:00:00,76.7811155885347,77.15263972528273,76.28575400965454,76.61083984375,4336473.0
2024-06-20T00:00:00,76.84302898579035,77.67121208989117,76.62630905651913,77.24551391601562,10568557.0
2024-06-24T00:00:00,77.01331467662776,77.94211610965257,76.08451324360296,77.9034194946289,6901538.0
2024-06-25T00:00:00,77.90341591890426,78.05821418224474,76.85851287841797,76.85851287841797,3671649.0
2024-06-26T00:00:00,77.01331575454745,77.86471806426613,76.81207327601103,77.27647399902344,4693387.0
2024-06-27T00:00:00,77.30743000352119,77.55511076732823,76.9823501082448,77.35387420654297,3229572.0
2024-06-28T00:00:00,77.78731344637183,78.44521491637575,77.51641353580257,78.13561248779297,5324129.0
2024-07-01T00:00:00,78.87091719549339,79.56752116762763,78.3291114815334,78.79351806640625,4049704.0
2024-07-02T00:00:00,78.79351986297206,78.87091899382398,77.74861092835829,78.13561248779297,3472838.0
2024-07-03T00:00:00,78.4839239845814,79.2192246468047,78.2130240514031,78.90962219238281,3901243.0
2024-07-04T00:00:00,79.14182035732478,80.22542592467038,79.06442122505193,79.87712097167969,3029762.0
2024-07-05T00:00:00,80.07061870417458,80.26411948007173,79.18051985918767,79.29661560058594,2101632.0
2024-07-08T00:00:00,79.29661716609704,79.68361872553172,77.90341509523726,78.13561248779297,3792986.0
2024-07-09T00:00:00,78.5613190460205,79.2192205367994,77.18359439575579,77.40031433105469,4793727.0
2024-07-10T00:00:00,77.51641684200146,78.67742156982422,76.99783614748273,78.67742156982422,3992108.0
2024-07-11T00:00:00,78.98702752114686,79.99322812019528,78.71612168181105,79.72232818603516,3884227.0
2024-07-12T00:00:00,79.68362158407585,80.10932567679563,79.37402504956187,79.91582489013672,2421816.0
2024-07-15T00:00:00,79.52881813522687,79.60621726381254,78.44521261950266,79.1805191040039,3367285.0
2024-07-16T00:00:00,78.9483198810278,79.21921979762372,78.56131831298356,78.98702239990234,3615902.0
2024-07-17T00:00:00,85.06294679672513,85.56605002189303,83.36013633501648,84.5211410522461,18747260.0
2024-07-18T00:00:00,85.14034680509626,85.6821466499676,82.97313561526,83.2440414428711,7107618.0
2024-07-19T00:00:00,83.08923500205616,83.16663413418654,82.31523187040183,82.77963256835938,4876251.0
2024-07-22T00:00:00,82.97313561526,83.59234049954905,82.97313561526,83.2440414428711,3273239.0
2024-07-23T00:00:00,83.01183727300055,83.51494049811441,82.50873404788669,82.8183364868164,3349191.0
2024-07-24T00:00:00,82.62483408041109,82.81833486280081,82.00562921469388,82.27653503417969,3049503.0
2024-07-25T00:00:00,81.73473355842356,82.58613586425781,81.50253615056452,82.58613586425781,2923444.0
2024-07-26T00:00:00,82.58613126090333,83.16663360595703,82.2765347343482,83.16663360595703,2370509.0
2024-07-29T00:00:00,83.32144625052482,84.2889502573698,83.32144625052482,83.59234619140625,3223643.0
2024-07-30T00:00:00,83.66974069637824,84.17284393310547,83.66974069637824,84.17284393310547,2283758.0
2024-07-31T00:00:00,84.36634386288526,84.63724378599704,83.51494157374444,83.74713897705078,3712487.0
2024-08-01T00:00:00,83.74713590097085,83.74713590097085,81.46382904052734,81.46382904052734,4343694.0
2024-08-02T00:00:00,80.57373273362666,80.65113187335486,78.63872471454256,79.02572631835938,4914561.0
2024-08-05T00:00:00,76.3012337194658,77.86471752056461,74.96994732566404,77.51641845703125,8543031.0
2024-08-06T00:00:00,78.17431900396332,78.21302152395626,75.49626878432979,76.48699188232422,6405535.0
2024-08-07T00:00:00,77.21455715234748,78.40652273134047,76.75015643583508,77.9034194946289,4506690.0
2024-08-08T00:00:00,77.4003157204068,78.60002297614328,76.62631256320273,78.29042053222656,3539855.0
2024-08-09T00:00:00,78.48392291910186,79.14182443508209,78.25171960514385,78.83222198486328,3270219.0
2024-08-12T00:00:00,79.02572008802115,79.3353225277009,78.60002190048992,79.06442260742188,3310347.0
2024-08-13T00:00:00,79.33532854455856,79.41272768405467,78.79352866290995,79.37403106689453,2484514.0
2024-08-14T00:00:00,79.56752722850409,79.99322542349744,79.56752722850409,79.95452880859375,1953798.0
2024-08-15T00:00:00,80.14803034605593,80.41893027360986,79.02572221022459,80.07062530517578,2955809.0
2024-08-16T00:00:00,80.0706226232226,80.4963267131024,79.9158243569983,80.30282592773438,2580072.0
2024-08-19T00:00:00,80.341527916041,81.07682853351108,80.341527916041,80.68982696533203,2824175.0
2024-08-20T00:00:00,80.68982770258619,80.88332848844371,78.98702314911014,79.10311889648438,3117545.0
2024-08-21T00:00:00,79.2192184221728,80.45762223737745,79.18052180914542,79.79972076416016,3499830.0
2024-08-22T00:00:00,79.79972922494652,80.38023162848178,79.6449309460741,80.22543334960938,1988369.0
2024-08-23T00:00:00,80.3802229365269,81.2703277067309,80.3802229365269,80.99942779541016,2460372.0
2024-08-26T00:00:00,80.99943101553791,81.57993337937812,80.65112605412854,81.23162841796875,1902544.0
2024-08-27T00:00:00,81.23162981610014,81.73473305445597,81.11553406547422,81.27033233642578,1857344.0
2024-08-28T00:00:00,81.30903485675142,81.50253564802863,80.61243082711839,81.27033233642578,2415808.0
2024-08-29T00:00:00,81.07682961495902,82.0056310289075,81.07682961495902,81.6186294555664,2115546.0
2024-08-30T00:00:00,81.61862924588416,82.04433333753586,81.61862924588416,81.96693420410156,3774648.0
2024-09-02T00:00:00,82.23784088056904,82.97314156637202,82.16044174077544,82.39263916015625,3096292.0
2024-09-03T00:00:00,82.39263706447788,82.54744124530345,81.07683400592691,81.38643646240234,3167392.0
2024-09-04T00:00:00,80.49632651547086,81.69603374387734,80.38022486350002,81.50253295898438,4369957.0
2024-09-05T00:00:00,81.38642780196508,82.35393168476264,81.03812286105293,82.16043090820312,3211102.0
2024-09-06T00:00:00,81.81213467302733,82.23783878882801,81.19293566525216,81.38643646240234,4119847.0
2024-09-09T00:00:00,81.69603674607055,82.19913408113996,81.46383343359578,82.08303833007812,2436794.0
2024-09-10T00:00:00,82.08303443568055,82.66353678415021,80.99942887083546,81.07682800292969,3090086.0
2024-09-11T00:00:00,81.11552997077175,81.38642988384973,80.18672267642194,80.6124267578125,4087395.0
2024-09-12T00:00:00,81.30903399867579,81.77343471180502,80.34153005250009,80.8446273803711,2726632.0
2024-09-13T00:00:00,80.57372909722028,80.72853327486598,79.45142685887294,79.68362426757812,4431204.0
2024-09-16T00:00:00,79.56752615912389,80.88332915167426,79.25792371817809,80.72853088378906,2795166.0
2024-09-17T00:00:00,81.11553213436328,81.81213024223695,81.11553213436328,81.6186294555664,2642073.0
2024-09-18T00:00:00,81.65733230044555,82.12173300927083,81.0768299381201,81.5799331665039,2603959.0
2024-09-19T00:00:00,81.92823413255864,83.1279414047476,81.734733340604,82.93444061279297,4018204.0
2024-09-20T00:00:00,82.93443598436025,83.20533589694317,82.3539336408932,82.66353607177734,4209309.0
2024-09-23T00:00:00,82.6635368036514,82.93443671863277,81.5412287199068,81.92823028564453,2586309.0
2024-09-24T00:00:00,81.96694093870352,82.74094414699123,81.92823841621879,82.39263916015625,4071636.0
2024-09-25T00:00:00,82.12173193772873,82.77963342541138,81.96693367186528,82.35393524169922,3419530.0
2024-09-26T00:00:00,82.66354015839752,82.93444008437285,82.1604369214859,82.47003936767578,4643054.0
2024-09-27T00:00:00,81.7347294834936,82.23783269986902,80.99942887083546,81.07682800292969,4862775.0
2024-09-30T00:00:00,81.07682853351108,81.77343253726843,80.49632618124251,80.68982696533203,4093714.0
2024-10-01T00:00:00,80.61243031371107,81.34773095381124,79.60622384340778,79.95452880859375,4874748.0
2024-10-02T00:00:00,79.91582542519825,80.41892865491496,79.33532306133482,80.3802261352539,3795117.0
2024-10-03T00:00:00,80.22542809165944,80.22542809165944,78.09691941819858,78.32911682128906,5988553.0
2024-10-04T00:00:00,78.40651865785841,79.29661752444044,78.40651865785841,78.94831848144531,4083517.0
2024-10-07T00:00:00,79.567521410982,79.6062180230564,78.6387141435706,79.29661560058594,3007371.0
2024-10-08T00:00:00,79.0257190136016,79.68362049824177,78.75481909700568,78.98702239990234,3023666.0
2024-10-09T00:00:00,78.94832471362642,79.29662378411626,78.32911980478261,78.90962219238281,3871848.0
2024-10-10T00:00:00,79.1031194332277,79.41272187373558,78.60002211072474,78.71611785888672,5850754.0
2024-10-11T00:00:00,78.67741909401154,78.71611570728268,78.05821422992098,78.56131744384766,3542707.0
2024-10-14T00:00:00,78.56132153169608,78.79352484410629,78.17431994779609,78.3678207397461,4794460.0
2024-10-15T00:00:00,78.67741909401154,78.71611570728268,78.09691674836735,78.56131744384766,4089450.0
2024-10-16T00:00:00,78.36781880384893,78.63871872485186,77.86471557617188,77.86471557617188,6054474.0
2024-10-17T00:00:00,78.9483185102804,80.49632475558002,78.9483185102804,79.79972076416016,6941306.0
2024-10-18T00:00:00,79.72232604201719,80.225429280599,79.2579253237784,79.5675277709961,3185876.0
2024-10-21T00:00:00,79.56752444258831,80.14802679239754,79.49011940514019,79.87712097167969,3845828.0
2024-10-22T00:00:00,79.87712836438273,80.45763076791799,79.10312515966903,80.22543334960938,5437478.0
2024-10-23T00:00:00,84.05674150935393,86.92055672791444,83.74713906610747,86.61095428466797,21757150.0
2024-10-24T00:00:00,86.5335534078675,86.5335534078675,84.90814208984375,84.90814208984375,7031344.0
2024-10-25T00:00:00,84.90814274655318,86.53355407714844,84.83074361299516,86.53355407714844,5319552.0
2024-10-28T00:00:00,86.84315114901584,87.23015272437719,85.79824807657529,86.99795532226562,4690532.0
2024-10-29T00:00:00,87.2688541661996,87.69455825590973,86.64964929119856,86.9205551147461,4313872.0
2024-10-30T00:00:00,86.4948520953141,87.03665193876267,85.87564721265107,86.14655303955078,3630977.0
2024-10-31T00:00:00,85.72084948210322,86.1852501944249,85.37255042415582,85.75955200195312,4133270.0
2024-11-01T00:00:00,85.75955040300065,86.9205551147461,85.75955040300065,86.9205551147461,2149282.0
2024-11-04T00:00:00,87.19145345032398,88.54595892277187,87.15275093189823,88.08155822753906,4448853.0
2024-11-05T00:00:00,88.23635456911583,88.4685578642625,87.53975058885095,88.42985534667969,3040816.0
2024-11-06T00:00:00,88.62336021236341,89.4747624918838,87.23015218756616,87.38495635986328,4180007.0
2024-11-07T00:00:00,87.92675173023241,88.77815396647199,86.14654812812692,86.7657470703125,5446075.0
2024-11-08T00:00:00,86.68835288299937,86.84315115107741,85.79824807861206,86.14655303955078,3099299.0
2024-11-11T00:00:00,86.72705432945519,87.2688541661996,86.57225015811726,86.9205551147461,3046276.0
2024-11-12T00:00:00,86.49485339047001,87.11405828240487,85.56605195774323,85.87564849853516,3509335.0
2024-11-13T00:00:00,85.87564937238345,85.91435189296402,84.83074627363926,85.449951171875,3906784.0
2024-11-14T00:00:00,85.52734815688777,86.34005382723605,85.25644823516348,86.14655303955078,2491059.0
2024-11-15T00:00:00,85.83695059821927,86.1852496539826,85.41124650324153,86.14655303955078,3503709.0
2024-11-18T00:00:00,86.30134638737955,86.99795036436652,85.95304735147361,86.7657470703125,3493816.0
2024-11-19T00:00:00,86.76575528620585,87.34625767113386,84.28894747258322,85.52735137939453,4180982.0
2024-11-20T00:00:00,85.91434724066889,86.41745045509523,85.10164159388977,85.17904663085938,2974678.0
2024-11-21T00:00:00,85.10164833264956,85.83695490585943,84.48244932408808,85.60475158691406,4244233.0
2024-11-22T00:00:00,85.72084948210322,86.14655357975043,84.63724388323567,85.75955200195312,4161733.0
2024-11-25T00:00:00,85.95305353890863,86.53355591065676,85.41124778217176,85.87564849853516,7493743.0
2024-11-26T00:00:00,85.44994977336512,85.72084969746875,85.14034732931434,85.41124725341797,3135619.0
2024-11-27T00:00:00,85.25644770532732,86.64964982489778,84.90814274655318,86.53355407714844,5868470.0
2024-11-28T00:00:00,86.64964771823968,88.3524581409936,86.61095110498917,88.08155822753906,3869005.0
2024-11-29T00:00:00,87.77195847094508,88.42985996800897,87.6558568173043,87.84935760498047,6089595.0
2024-12-02T00:00:00,87.61715482213746,89.86176515365136,87.3075582841428,89.1651611328125,5388451.0
2024-12-03T00:00:00,89.3973650686652,91.06147304535078,89.3973650686652,90.79057312011719,6287819.0
2024-12-04T00:00:00,90.75186866205145,90.98407196739336,90.21006882315412,90.28746795654297,4707504.0
2024-12-05T00:00:00,90.32616914245735,91.40977478027344,90.17137086784462,91.40977478027344,3260715.0
2024-12-06T00:00:00,91.33237765704868,91.40977679606186,89.97787205620261,90.21007537841797,3211341.0
2024-12-09T00:00:00,90.44226589785863,90.71316581633243,90.05526432713165,90.32616424560547,3724731.0
2024-12-10T00:00:00,90.09396577370815,90.67446812288775,89.9391616041551,90.24876403808594,2329160.0
2024-12-11T00:00:00,90.1713618193317,90.51966085484706,88.58465309048373,88.81685638427734,3936658.0
2024-12-12T00:00:00,88.89426154453375,89.16516146888786,87.96546011669813,88.27506256103516,5822389.0
2024-12-13T00:00:00,88.19764957638803,88.66205615364842,87.46234900435063,88.31375122070312,5072737.0
2024-12-16T00:00:00,88.23636520377214,88.54596766622404,87.88806612424862,88.15896606445312,3266169.0
2024-12-17T00:00:00,87.69455826437218,88.23635810116886,87.69455826437218,87.77195739746094,3637000.0
2024-12-18T00:00:00,87.7719533252305,88.31375313689007,87.53975003156208,87.9654541015625,5303214.0
2024-12-19T00:00:00,87.0753525256947,88.12025557496798,86.84314922355607,87.34625244140625,5576783.0
2024-12-20T00:00:00,86.84315416314203,86.8818566840916,85.33385032891847,86.72705841064453,7917318.0
2024-12-23T00:00:00,87.46235356492636,88.19765417530476,87.11405451899454,87.7332534790039,3875756.0
2024-12-27T00:00:00,88.0815589782049,88.50725715863993,87.88805819477753,88.1976547241211,2878630.0
2024-12-30T00:00:00,88.23636078672823,88.85556568063512,87.92675833977478,88.39115905761719,3147716.0
2025-01-02T00:00:00,88.62335916265653,90.05526378468622,88.35245924581447,89.86176300048828,3942029.0
2025-01-03T00:00:00,89.9391640676006,90.82926887509113,89.70696666467401,90.3648681640625,3950449.0
2025-01-07T00:00:00,91.10016771997356,92.22247582228832,90.86797031979404,91.13887023925781,5414788.0
2025-01-08T00:00:00,91.10017232587232,91.6419780973682,90.71317073416483,91.40977478027344,3489517.0
2025-01-09T00:00:00,90.98407304386356,91.37107462056196,89.51346587137456,91.21627044677734,3236255.0
2025-01-10T00:00:00,91.13886756327938,91.75807242259467,90.36486444172286,91.3710708618164,3979851.0
2025-01-13T00:00:00,91.37107248182753,92.02897396578012,91.02276752784653,91.91287231445312,3704685.0
2025-01-14T00:00:00,92.06766738541265,92.91907552882326,91.87416660830571,92.53207397460938,4863609.0
2025-01-15T00:00:00,92.88038031932209,93.61568096811317,92.76427866288783,93.42218017578125,3929429.0
2025-01-16T00:00:00,93.5769797188855,94.1187795485151,92.80297658788591,93.15127563476562,4122280.0
2025-01-17T00:00:00,93.46088460928854,94.42838859075115,93.42218208795977,93.92528533935547,6144149.0
2025-01-20T00:00:00,94.04138432211677,94.23488511290302,92.88037957739928,93.30608367919922,4877263.0
2025-01-21T00:00:00,93.65438080026912,94.62188473415621,93.5382791471676,94.50578308105469,5445165.0
2025-01-22T00:00:00,94.5831866370697,94.97018822871921,93.96398763353588,94.27359008789062,4321315.0
2025-01-23T00:00:00,95.16368648477442,96.7116928100586,94.93148907908709,96.7116928100586,7211132.0
2025-01-24T00:00:00,96.7116859752529,96.7116859752529,95.12498314707734,95.43458557128906,4381541.0
2025-01-27T00:00:00,95.4732821835811,96.05378451453743,95.12498314707734,95.43458557128906,3889678.0
2025-01-28T00:00:00,95.7441894172215,96.05379186512579,95.20238956227067,95.4732894897461,4243418.0
2025-01-29T00:00:00,95.43459179173567,96.40209573972497,94.08008626455063,96.2472915649414,5389660.0
2025-01-30T00:00:00,96.2472896252174,96.59559458257925,95.3184882159365,95.74418640136719,3901113.0
2025-01-31T00:00:00,95.86028425834043,96.01508842387484,94.73798210779768,95.0475845336914,4394080.0
2025-02-03T00:00:00,93.6543813335818,94.50578361921563,93.30608227746922,94.11878204345703,4946853.0
2025-02-04T00:00:00,94.27358353410156,94.50578092984378,93.5769795365244,94.35098266601562,4080902.0
2025-02-05T00:00:00,96.98259235490309,97.25349226323353,94.58317798209754,95.89898681640625,15355624.0
2025-02-06T00:00:00,96.32469048450453,97.64049939393504,95.5119907131148,96.59559631347656,9005399.0
2025-02-07T00:00:00,96.75038718646047,97.91139183269799,96.24728399205587,97.09868621826172,5974098.0
2025-02-10T00:00:00,97.4469985961914,98.8789032548548,97.36959946156712,97.4469985961914,7964416.0
2025-02-11T00:00:00,97.60180225510332,98.99501037597656,97.33090231637125,98.99501037597656,5725502.0
2025-02-12T00:00:00,99.30460485778556,99.76899965386225,98.4918992017131,99.03369903564453,6453457.0
2025-02-13T00:00:00,99.3046127815285,100.31081930217478,98.76280699918983,99.8464126586914,6135332.0
2025-02-14T00:00:00,99.92381039979955,100.89131432772035,99.49810630944427,100.65911102294922,7949119.0
2025-02-17T00:00:00,100.81390718415665,102.67150996283395,100.81390718415665,102.20711517333984,6886775.0
2025-02-18T00:00:00,102.20711517333984,102.71021248121274,101.93620935503878,102.20711517333984,6533121.0
2025-02-19T00:00:00,102.12971260353066,102.67151244286954,101.0461129248529,101.47181701660156,9231966.0
2025-02-20T00:00:00,101.43311257065791,102.28450892763301,101.2783143066943,101.82011413574219,4815367.0
2025-02-21T00:00:00,101.78142070735186,104.60652766063963,101.7040156632817,104.06472778320312,14335511.0
2025-02-24T00:00:00,104.60651449037623,104.99351604129934,103.90991642285466,104.21951293945312,6322829.0
2025-02-25T00:00:00,104.21951713865904,105.10962782785651,103.98732564702979,104.33562469482422,5821674.0
2025-02-26T00:00:00,104.76133285192994,105.92233759660436,104.29692622991976,105.84493255615234,6595332.0
2025-02-27T00:00:00,105.72883454587864,105.96102604156964,104.6839255738661,105.38052368164062,6896386.0
2025-02-28T00:00:00,105.26442750406504,105.41922577067736,104.06472026970593,104.37432861328125,7547363.0
2025-03-03T00:00:00,104.60651904531177,105.53533225625108,103.90992094745788,105.14833068847656,6844717.0
2025-03-04T00:00:00,104.37432628869698,104.64522029664761,102.20711517333984,102.20711517333984,8573576.0
2025-03-05T00:00:00,104.29691989624477,104.56782571102448,103.13591522207507,103.8712158203125,8088179.0
2025-03-06T00:00:00,104.49042694355352,105.0322267952647,103.29071967953881,103.83251953125,8327171.0
2025-03-07T00:00:00,103.83251330243678,104.91612475120534,103.2133202578265,103.8712158203125,7540479.0
2025-03-10T00:00:00,104.4904245663522,104.76133039122007,102.74891749024633,103.17462158203125,8025176.0
2025-03-11T00:00:00,103.60032534043151,103.67771856846562,101.8975089787715,102.3619155883789,5421246.0
2025-03-12T00:00:00,102.82631839139094,103.17461743052725,101.08481138535923,101.66531372070312,5464318.0
2025-03-13T00:00:00,101.47181561692433,102.40061701588657,101.08481404982751,101.43311309814453,4360665.0
2025-03-14T00:00:00,101.5105068803556,103.0198224485657,101.20091034912568,102.74891662597656,3943302.0
2025-03-17T00:00:00,103.29071699724301,103.4068245548202,102.20711732196,102.3619155883789,5612535.0
2025-03-18T00:00:00,102.86501666337689,103.60032912383342,102.6715158706991,103.05851745605469,4532939.0
2025-03-19T00:00:00,103.05851530986396,103.40682617771132,102.59412050331893,102.90371704101562,6131151.0
2025-03-20T00:00:00,103.13591321694565,103.44550973323173,101.27831049852905,102.51670837402344,8368245.0
2025-03-21T00:00:00,102.5167165472068,102.67151481769119,101.66532015436715,102.12971496582031,8792316.0
2025-03-24T00:00:00,102.78762237831772,102.78762237831772,101.97491669533593,102.12971496582031,7018328.0
2025-03-25T00:00:00,102.63281843691858,103.48421478271484,102.24581687691565,103.48421478271484,9322966.0
2025-03-26T00:00:00,103.90991826490922,104.14212156164947,101.93620795814257,102.16841125488281,10509681.0
2025-03-27T00:00:00,101.12053789117675,102.47404710281454,100.37828338225532,100.90222930908203,13887085.0
2025-03-28T00:00:00,100.46560912497225,100.8585618960312,99.11209329177092,100.2036361694336,8054162.0
2025-03-31T00:00:00,99.54871299229569,99.63603509229524,98.10787502443105,98.80646514892578,7713560.0
2025-04-01T00:00:00,99.1120989585507,99.767024722594,98.19520022399035,99.2867431640625,7465945.0
2025-04-02T00:00:00,99.28674180705899,99.8980098424945,98.2388632638114,99.33040618896484,9076664.0
2025-04-03T00:00:00,96.8416861670848,98.89378546007586,96.36140463240115,98.28252410888672,11119481.0
2025-04-04T00:00:00,96.92901204021004,97.36562921156234,89.55018450925594,90.33609008789062,21455477.0
2025-04-07T00:00:00,84.70373099190849,91.95157867982718,83.34148755323675,88.63328552246094,20476644.0
2025-04-08T00:00:00,90.51073893046362,92.03889899603548,88.15300226051752,91.16566467285156,11918605.0
2025-04-09T00:00:00,88.1966675509996,91.47129629670503,87.97835896795257,90.55439758300781,12079683.0
2025-04-10T00:00:00,98.67547999570567,98.67547999570567,92.51917526027744,92.65016174316406,9485810.0
2025-04-11T00:00:00,92.91213124611589,95.05155262528096,92.0825546602516,94.65859985351562,6494127.0
2025-04-14T00:00:00,97.27830655599179,97.62760162353516,96.05577715071465,97.62760162353516,6002657.0
2025-04-15T00:00:00,98.06421798702611,99.54871368408203,97.75858064152999,99.54871368408203,4739402.0
2025-04-16T00:00:00,98.67548234576374,99.9416694985751,97.7585836059697,98.71914672851562,5535273.0
2025-04-17T00:00:00,98.67547607421875,99.11209322498964,98.32618102115225,98.67547607421875,2415101.0
2025-04-22T00:00:00,98.80646255189981,99.33040180037507,97.97688596808574,98.67547607421875,3390460.0
2025-04-23T00:00:00,99.76702009642489,100.02899305479434,98.67547720696727,99.9853286743164,5396267.0
2025-04-24T00:00:00,99.98532759390106,100.64025332049867,99.81068339837464,100.2036361694336,4579981.0
2025-04-25T00:00:00,100.42194437805814,101.73179582646759,100.37827999821157,101.16419219970703,4892450.0
2025-04-28T00:00:00,101.20786325474829,102.34306392089292,101.20786325474829,101.77546691894531,4160123.0
2025-04-29T00:00:00,101.77546043825392,103.08531188964844,101.38250100548615,103.08531188964844,7546073.0
2025-04-30T00:00:00,106.88387994156557,111.25005145337585,106.01064563920352,110.3331527709961,14518814.0
2025-05-02T00:00:00,110.37682368958932,111.38104452924419,109.19795864401596,110.55146789550781,11540341.0
2025-05-05T00:00:00,111.0754078408336,111.29371643066406,110.15851576089538,111.29371643066406,4409316.0
2025-05-06T00:00:00,111.73033310699827,111.8176618723366,108.89232145198719,109.41626739501953,7423478.0
2025-05-07T00:00:00,109.67823111541881,111.0754047186106,109.59090901439106,110.81343841552734,5537412.0
2025-05-08T00:00:00,110.37681758491044,111.29370960864554,110.11484462827238,110.9007568359375,4389801.0
2025-05-09T00:00:00,111.29371535691178,111.5556883270806,109.11062947966948,109.9838638305664,4505958.0
2025-05-12T00:00:00,110.20217295853375,111.64301097702693,109.63457595746773,110.94442749023438,7397137.0
2025-05-13T00:00:00,110.9880835661487,111.16273443194613,109.54724556900422,110.2021713256836,5060970.0
2025-05-14T00:00:00,110.02752944362634,110.55146872757467,109.59091226329448,110.15851593017578,4741163.0
2025-05-15T00:00:00,109.89653930039412,111.77399444580078,109.89653930039412,111.77399444580078,4822714.0
2025-05-16T00:00:00,111.77399743657088,112.47258758544922,111.51202446517915,112.47258758544922,4312016.0
2025-05-19T00:00:00,112.55990300058744,114.17539188671913,112.55990300058744,114.00074768066406,4915787.0
2025-05-20T00:00:00,114.21905138210523,115.52890285821998,114.0880582397948,115.44157409667969,5140737.0
2025-05-21T00:00:00,114.13172312526284,114.48102484847035,112.7345562059277,113.34581756591797,5866365.0
2025-05-22T00:00:00,112.73455754036877,112.86553736031055,110.9880822149039,111.77399444580078,4425310.0
2025-05-23T00:00:00,112.03596589719673,112.99651565429454,109.28527645732885,111.42469787597656,4052650.0
2025-05-26T00:00:00,111.94863620476545,112.60356193918237,111.25005275207019,112.03596496582031,1884864.0
2025-05-27T00:00:00,112.25427218622184,112.38525200172172,111.51201769972778,112.07962799072266,3785443.0
2025-05-28T00:00:00,112.03596823399033,112.3852566394024,111.25005599731458,111.38104248046875,1662227.0
2025-05-30T00:00:00,111.33737592924594,112.4725832114634,111.16273172994285,111.81765747070312,8483824.0
2025-06-02T00:00:00,111.77399446050096,113.60779188691794,111.73033007901513,113.30215454101562,4724697.0
2025-06-03T00:00:00,113.69511088494066,113.82610403349925,112.07963531537574,112.8218765258789,3620957.0
2025-06-04T00:00:00,113.1275094986872,113.34581807999517,111.6866715296048,112.16694641113281,4318191.0
2025-06-05T00:00:00,112.12328040237699,112.55989755865494,111.73032762662648,112.03596496582031,2714462.0
2025-06-09T00:00:00,112.21061106204736,112.99651662684599,111.90497371768211,112.34159088134766,3705849.0
2025-06-10T00:00:00,112.07962918900783,112.51624634467285,111.25005259589487,111.64300537109375,3724997.0
2025-06-11T00:00:00,111.51202106332636,111.94863822749326,111.11906828047584,111.20639038085938,3332820.0
2025-06-12T00:00:00,110.59512751344347,110.85709381103516,109.59090671705253,110.85709381103516,3968108.0
2025-06-13T00:00:00,109.59091077315405,109.98386356520983,109.19795798109827,109.80921936035156,3262084.0
2025-06-16T00:00:00,109.80921894305608,110.94442625706893,109.76555456088276,110.769775390625,3069825.0
2025-06-17T00:00:00,110.33315466780932,110.5951276279213,109.24161177109129,109.72189331054688,2934702.0
2025-06-18T00:00:00,109.7218953512578,110.50780758396175,109.50358676785389,110.42047882080078,4236616.0
2025-06-19T00:00:00,110.15851360967552,110.28950009346573,108.28105844134747,108.67401123046875,8939111.0
2025-06-23T00:00:00,108.06274712434583,108.67400848358389,107.01486860500941,107.2331771850586,4543880.0
2025-06-24T00:00:00,108.93598109246007,110.07118836994647,108.80499461240407,109.72189331054688,4942800.0
2025-06-25T00:00:00,109.85288197031817,109.94020407133844,109.19795621929222,109.2852783203125,3249806.0
2025-06-26T00:00:00,109.416263292845,109.98386027276766,108.3247203895335,108.93598175048828,3129681.0
2025-06-27T00:00:00,109.76555348165213,111.16273375046892,109.02330562774901,110.98808288574219,2824938.0
2025-06-30T00:00:00,110.9007603691891,111.3810419175774,109.63457325034608,110.42047882080078,4993533.0
2025-07-01T00:00:00,110.63878905901524,110.81343992570015,109.28527981901624,109.63457489013672,2923099.0
2025-07-02T00:00:00,110.11484608846571,110.55146324715294,109.15428967180367,109.72189331054688,4322191.0
2025-07-03T00:00:00,110.02752471388433,112.12328175958756,109.85288051415878,111.99230194091797,3171486.0
2025-07-04T00:00:00,111.94864042456182,111.94864042456182,110.63878890635438,110.769775390625,3597915.0
2025-07-07T00:00:00,110.90075861653725,111.55568435639869,110.81343651700554,111.42469787597656,2824728.0
2025-07-08T00:00:00,110.46414538845946,110.50780977090406,109.2852803471985,109.9838638305664,5609114.0
2025-07-09T00:00:00,109.94020219719029,111.468362256867,109.8528800976586,111.42469787597656,3198612.0
2025-07-10T00:00:00,111.55568299934835,111.86132033736499,110.6824486901558,111.4683609008789,3535027.0
2025-07-11T00:00:00,111.2500515503985,111.38103802831685,109.11062351039624,109.19795227050781,5786959.0
2025-07-14T00:00:00,109.11063070002967,110.28950241672523,108.36838282591542,110.15851593017578,2647657.0
2025-07-15T00:00:00,110.15851155994511,110.42047786040177,109.32893495287605,109.50358581542969,4783602.0
2025-07-16T00:00:00,103.08531538775831,103.17263748836469,99.54871368408203,99.54871368408203,22324294.0
2025-07-17T00:00:00,99.67969831411844,102.2120791581481,99.67969831411844,101.6881332397461,9171096.0
2025-07-18T00:00:00,102.1684158684582,102.21208024954097,100.55293370213327,101.4698257446289,4791776.0
2025-07-21T00:00:00,101.51349352273168,102.86700943460119,101.1641984491283,102.73602294921875,4511777.0
2025-07-22T00:00:00,102.77967889897685,103.39094693281507,101.9501089429277,102.21208190917969,3021984.0
2025-07-23T00:00:00,103.04164750970234,103.4346002802211,102.51770826159434,103.08531188964844,3481656.0
2025-07-24T00:00:00,103.91488279654787,104.43882204962688,103.60925212077255,104.00220489501953,2836529.0
2025-07-25T00:00:00,103.82756301775325,104.22051580077944,103.56559005423632,103.95854949951172,2535934.0
2025-07-28T00:00:00,104.52614371204285,104.70079457050663,103.12897015557782,103.43460083007812,3036137.0
2025-07-29T00:00:00,103.3909450432239,105.00642720625491,103.25995856249183,104.35150146484375,3085601.0
2025-07-30T00:00:00,104.43882656426881,105.26840319123282,104.1331958752818,105.05009460449219,2732043.0
2025-07-31T00:00:00,104.96276309713026,105.13741395930845,104.22051525405826,104.5261459350586,3115614.0
2025-08-01T00:00:00,103.91488360784899,104.35150076586517,103.04164929181665,103.6092529296875,3070141.0
2025-08-04T00:00:00,103.91488513782615,105.48670959472656,103.91488513782615,105.48670959472656,2891259.0
2025-08-05T00:00:00,105.96698296056607,105.96698296056607,104.87544006508796,105.13741302490234,2194109.0
2025-08-06T00:00:00,105.39938368366703,106.27261803618208,105.39938368366703,105.79234313964844,2428193.0
2025-08-07T00:00:00,106.09797164725117,106.44726671351913,105.83599868198789,106.22895812988281,2338308.0
2025-08-08T00:00:00,106.22895812988281,106.70923301653316,106.09797164725117,106.22895812988281,2158896.0
2025-08-11T00:00:00,106.66557187916992,107.01486693424508,106.31627682409474,106.49092102050781,2632071.0
2025-08-12T00:00:00,106.79655787269448,107.8881007509426,106.79655787269448,107.66979217529297,2172398.0
2025-08-13T00:00:00,107.93176502023525,108.23739571224685,107.49514784243313,107.88810729980469,2306625.0
2025-08-14T00:00:00,107.93175880450285,109.54724093688607,107.84443670642113,109.37259674072266,3689967.0
2025-08-15T00:00:00,109.85288182226212,110.15851250654579,108.84866100625928,108.89231872558594,3043909.0
2025-08-18T00:00:00,108.8049970321067,109.02330561630525,107.58246762814497,107.9317626953125,2823986.0
2025-08-19T00:00:00,108.58668735443001,108.97964679937982,108.06274809007947,108.15007019042969,2914796.0
2025-08-20T00:00:00,107.88810645791315,110.07119232988833,107.66979787071564,109.80921936035156,3944124.0
2025-08-21T00:00:00,109.80921459950306,110.2458317549683,109.45991954268108,110.1148452758789,1966433.0
2025-08-22T00:00:00,110.1148470533521,110.98808137837828,109.89653847209554,110.63878631591797,2556069.0
2025-08-25T00:00:00,110.63878646649842,111.5556851739235,110.5514643663268,111.03174591064453,2577566.0
2025-08-26T00:00:00,110.85709791399991,110.85709791399991,109.59091077315405,109.80921936035156,4964327.0
2025-08-27T00:00:00,109.67822817684466,109.67822817684466,107.01486752448592,107.45148468017578,4107515.0
2025-08-28T00:00:00,107.53880771038678,108.45569974792836,106.70923111004063,106.84021759033203,3655660.0
2025-08-29T00:00:00,106.75289739816013,106.88388388079177,105.53036799734689,106.22895812988281,3829380.0
2025-09-01T00:00:00,105.44304197353193,106.66557132886327,104.87543834474428,106.14163208007812,4115971.0
2025-09-02T00:00:00,106.09796862396466,106.8838808351105,105.53036499023438,105.53036499023438,3777477.0
2025-09-03T00:00:00,105.53036949797198,106.05430877369962,104.65713515100944,105.05009460449219,2565002.0
2025-09-04T00:00:00,105.0937475629005,105.79233767371854,104.78811688776102,105.35572052001953,2742900.0
2025-09-05T00:00:00,105.57403194829841,105.92332701314146,104.00220748762926,104.13319396972656,4070832.0
2025-09-08T00:00:00,104.26417720525254,105.05008941111542,104.13319072723388,104.78811645507812,2319301.0
2025-09-09T00:00:00,104.83178083516735,105.61768637878122,103.95854653137503,104.78811645507812,2590309.0
2025-09-10T00:00:00,105.05009243028191,106.0106488596103,105.00642804893776,105.48670959472656,2999506.0
2025-09-11T00:00:00,105.48670656301158,105.66135075887044,104.61347225921926,104.78811645507812,2826678.0
2025-09-12T00:00:00,104.8317821914841,104.96276200894835,104.13319207451225,104.74445343017578,2452793.0
2025-09-15T00:00:00,105.22473757201153,105.87966332453443,104.78812040366294,104.87544250488281,4603269.0
2025-09-16T00:00:00,104.96276309713026,105.57403112138012,104.08952877298692,104.5261459350586,3224167.0
2025-09-17T00:00:00,104.83178046693969,106.18528963571408,104.70079398938113,105.74867248535156,4070914.0
2025-09-18T00:00:00,106.05430308799636,106.84021529057878,103.95854609744191,104.22051239013672,5595812.0
2025-09-19T00:00:00,104.74445213762722,106.88388018054721,104.5261435615486,106.31627655029297,8444846.0
2025-09-22T00:00:00,106.35994130597705,106.35994130597705,105.05008984488003,105.35572052001953,3578303.0
2025-09-23T00:00:00,105.39937759352942,106.35994065559268,105.09374692025884,106.14163208007812,5534685.0
2025-09-24T00:00:00,106.1416380733821,106.44726876391016,105.39938354492188,105.39938354492188,4056802.0
2025-09-25T00:00:00,105.31206144223519,105.96698720575935,104.61347795849238,105.39938354492188,4499725.0
2025-09-26T00:00:00,106.09797446511008,108.41204684556443,105.8796658756757,108.06275177001953,5338090.0
2025-09-29T00:00:00,108.28105379791879,108.76133533047046,107.32049739506446,107.84443664550781,4045641.0
2025-09-30T00:00:00,107.71345054280735,108.23738979507706,106.57824993993113,106.88388061523438,5123528.0
2025-10-01T00:00:00,107.23317963197562,107.669796802037,106.49092511307182,106.97120666503906,3971855.0
2025-10-02T00:00:00,107.23317742428272,107.58246582334131,105.8796615600586,105.8796615600586,4163986.0
2025-10-03T00:00:00,106.18529142629544,106.70923068311573,105.70501655014729,106.27261352539062,3509232.0
2025-10-06T00:00:00,106.35994746810641,107.27683954664647,105.83600152351275,106.53459167480469,4201773.0
2025-10-07T00:00:00,106.49092702816431,106.97120858876876,106.18529633607486,106.35994720458984,3588357.0
2025-10-08T00:00:00,106.40360082089565,106.9275400817327,104.35150149630516,105.8796615600586,6398123.0
2025-10-09T00:00:00,105.74867484337466,107.53880786467762,105.66135274380481,107.2331771850586,4313781.0
2025-10-10T00:00:00,107.10219556976094,109.24161708652778,107.01487346622443,108.23739624023438,4554969.0
2025-10-13T00:00:00,108.23739023061827,108.71767176677676,106.92753876354868,107.45148468017578,4333963.0
2025-10-14T00:00:00,107.14584680868448,108.2373896924822,106.70922965516539,108.01908111572266,3196763.0
2025-10-15T00:00:00,108.45570264490152,109.50358785297382,108.45570264490152,108.67401123046875,3727831.0
2025-10-16T00:00:00,109.11062676934051,110.28949844356745,108.1500703396642,108.54302978515625,6111278.0
2025-10-17T00:00:00,107.36416161892973,108.54303333167495,106.66557813008937,108.06275177001953,4494203.0
2025-10-20T00:00:00,108.71767274569372,108.71767274569372,107.71345194611499,108.36837768554688,3270275.0
2025-10-21T00:00:00,108.71767358956133,109.50358581542969,108.28105642655105,109.50358581542969,5730749.0
2025-10-22T00:00:00,110.8134364811709,111.77399290020722,109.19795432248492,109.89653778076172,10277898.0
2025-10-23T00:00:00,110.02752937847654,110.02752937847654,106.5782563207971,106.70923614501953,8610771.0
2025-10-24T00:00:00,106.88388061523438,106.97120271357116,105.35572057646907,106.88388061523438,5150381.0
2025-10-27T00:00:00,107.10218989468439,107.66979353096994,106.44726415948931,107.62612915039062,3951613.0
2025-10-28T00:00:00,107.71345260662771,107.75711698775724,107.18951334431917,107.58246612548828,2949660.0
2025-10-29T00:00:00,107.66979422750235,108.4993641658831,107.23317706788109,108.36837768554688,4589965.0
2025-10-30T00:00:00,108.36838068556223,109.28527941104949,108.10641437988681,109.06697082519531,3315537.0
2025-10-31T00:00:00,109.06696958964037,109.8092174406862,108.67401014220485,108.89231872558594,2208318.0
2025-11-03T00:00:00,108.49936431923076,109.41626302063096,107.97542505939457,108.76133728027344,3614418.0
2025-11-04T00:00:00,108.36838243229582,109.59091186523438,107.53881245757827,109.59091186523438,3692953.0
2025-11-05T00:00:00,109.32893453078076,109.416263292845,108.19373390868628,108.93598175048828,3061192.0
2025-11-06T00:00:00,109.15429009361502,110.55146367436346,109.06696799398996,110.28949737548828,4479892.0
2025-11-07T00:00:00,110.46414071655273,110.76977139399061,108.41204141118517,109.15428924560547,4180958.0
2025-11-10T00:00:00,109.85288374269082,110.02752794754909,109.32893780361728,109.80921936035156,3081194.0
2025-11-11T00:00:00,109.98386463112048,111.20639406372463,109.85288480733207,111.11907196044922,4587539.0
2025-11-12T00:00:00,111.33737673471624,112.73455698824539,111.33737673471624,112.34159088134766,3719739.0
2025-11-13T00:00:00,112.60356140136719,113.08384293587865,112.34158844395202,112.60356140136719,3124396.0
2025-11-14T00:00:00,112.34158948413543,112.3852538648586,109.89653739536739,110.85709381103516,6841706.0
2025-11-17T00:00:00,110.85709489717452,111.25005434078581,109.94020285324653,110.63878631591797,4018279.0
2025-11-18T00:00:00,109.63457654581623,109.80922075288923,107.53881274969291,108.23739624023438,5787585.0
2025-11-19T00:00:00,108.10641329139725,108.2373931117915,107.36415877716713,107.75711822509766,3325380.0
2025-11-20T00:00:00,108.7176742553711,109.1106270395872,108.19373498899988,108.7176742553711,4080070.0
2025-11-21T00:00:00,107.88810779213222,110.02752930822572,106.9712090496639,109.76555633544922,5144455.0
2025-11-24T00:00:00,110.50781097132395,112.34159513342816,110.42048220548611,111.68667602539062,8600404.0
2025-11-25T00:00:00,111.81765505351339,113.34581508225274,111.77399067350694,112.99651336669922,6613321.0
2025-11-26T00:00:00,113.38948547508646,114.78665243789557,113.1275125056539,114.3936996459961,6688770.0
2025-11-27T00:00:00,114.39369773763246,115.13595225122566,113.86975180750804,115.00495910644531,3292044.0
2025-11-28T00:00:00,115.0922848413043,115.26692903858434,114.30636596679688,114.30636596679688,5862900.0
2025-12-01T00:00:00,114.48102568732268,115.39791107177734,114.17538834283886,115.39791107177734,4174050.0
2025-12-02T00:00:00,115.79087965321236,116.09650367972878,115.26693371561463,115.7472152709961,3462014.0
2025-12-03T00:00:00,116.1401644883707,116.40213744910878,115.35425893065472,115.61621856689453,3753524.0
2025-12-04T00:00:00,115.92185700676345,115.92185700676345,113.5641269867798,114.48102569580078,5016368.0
2025-12-05T00:00:00,114.87398037534304,115.83453015701397,114.56834302578947,114.78665161132812,3019425.0
2025-12-08T00:00:00,114.78665270382739,114.78665270382739,113.82610291301428,114.56834411621094,3457622.0
2025-12-09T00:00:00,114.56833896684923,115.31059346118344,114.48102353042636,114.91764068603516,2544353.0
2025-12-10T00:00:00,114.78665052297654,115.00495910644531,114.21905353575715,115.00495910644531,2490490.0
2025-12-11T00:00:00,114.65567286318138,116.27114841659197,114.21905568801657,116.09650421142578,4076216.0
2025-12-12T00:00:00,116.31480642900985,116.75142358026326,113.6077880859375,113.6077880859375,5915563.0
2025-12-15T00:00:00,114.04440988005754,114.4810270490861,112.64722960936675,112.9092025756836,7230895.0
2025-12-16T00:00:00,112.99651662684599,113.47679817177779,112.16694668078112,112.34159088134766,5329798.0
2025-12-17T00:00:00,112.42891805872121,113.73876953125,112.42891805872121,113.73876953125,3889822.0
2025-12-18T00:00:00,113.69510976574516,114.56834411621094,113.38948573778138,114.56834411621094,4701190.0
2025-12-19T00:00:00,114.61200795586682,115.79087965321236,114.61200795586682,115.7472152709961,6583809.0
2025-12-22T00:00:00,115.74721035251851,115.79087473287932,114.96129147951818,115.65988159179688,2997451.0
2025-12-23T00:00:00,116.05283900469425,116.75142914489568,115.57257077502327,116.48945617675781,3171158.0
2025-12-29T00:00:00,116.79509272241954,116.83875710422483,115.74721418158539,115.96552276611328,2716418.0
2025-12-30T00:00:00,116.00918688689319,117.66832679577257,115.834529360065,117.31903839111328,4312636.0
