timestamp,open,high,low,close,volume
2018-01-02T00:00:00,104.33785839953886,105.36698590892618,104.33785839953886,104.91839599609375,3183396.0
2018-01-03T00:00:00,105.07671398237132,105.26142461401571,103.57259913050424,104.12674713134766,2424883.0
2018-01-04T00:00:00,104.49619879128322,105.65726605615056,104.1531589356259,105.07673645019531,2847575.0
2018-01-05T00:00:00,105.3933828574873,106.07947059631347,105.07673255315282,105.55171203613281,1735577.0
2018-01-08T00:00:00,105.86837039342382,106.13224967351415,105.44616193468798,105.55171203613281,3736574.0
2018-01-09T00:00:00,105.6044773363213,108.45436996832127,105.5516982660061,108.19049072265625,4177313.0
2018-01-10T00:00:00,108.19049942885557,108.5071577703176,106.97665319052597,108.24327850341797,3367988.0
2018-01-11T00:00:00,108.71827077749582,108.98215007549945,106.97666580008044,108.45439147949219,3276507.0
2018-01-12T00:00:00,108.82382118281257,108.82382118281257,106.81833690192563,107.82108306884766,2580146.0
2018-01-15T00:00:00,106.66001075043165,106.81833187985633,104.2059285559114,105.34061431884766,5926454.0
2018-01-16T00:00:00,105.23504505490493,105.49892431337054,103.3087296892883,103.5726089477539,4995188.0
2018-01-17T00:00:00,103.70455872282938,105.2086738644195,103.15041061524582,104.65452575683594,3716976.0
2018-01-18T00:00:00,105.60448863144983,106.81832684897287,105.28783028160082,105.76280975341797,3802879.0
2018-01-19T00:00:00,105.97391800430276,106.2377972781915,105.39338038056503,105.76280975341797,3148362.0
2018-01-22T00:00:00,105.81557434715468,107.13497053602194,105.55169510938123,107.08219146728516,2640516.0
2018-01-23T00:00:00,107.76830369409133,108.66549169671225,107.71553266626486,108.45439147949219,3484069.0
2018-01-24T00:00:00,108.61270851536187,108.8238087089603,107.45164134465819,107.6099624633789,2593813.0
2018-01-25T00:00:00,107.02943761522998,107.39886699676514,105.44616193468798,105.55171203613281,3668431.0
2018-01-26T00:00:00,105.97392131600952,106.60722998254222,105.05034382853701,106.23780059814453,2528825.0
2018-01-29T00:00:00,106.60722211672936,107.7155182411055,106.34334285406419,106.87110137939453,2549685.0
2018-01-30T00:00:00,106.34334953761915,106.81832901908595,105.55171169987013,105.86837005615234,2766529.0
2018-01-31T00:00:00,106.02668622381127,107.39886163293292,105.81558603146462,106.29056549072266,2546680.0
2018-02-01T00:00:00,107.18777323091817,107.87385295798954,106.9766649623941,107.45165252685547,2426822.0
2018-02-02T00:00:00,107.29331512748028,107.29331512748028,105.47254973544851,106.13224792480469,2576438.0
2018-02-05T00:00:00,105.55169794582864,105.65724803318338,103.88926192436402,103.99481201171875,4197276.0
2018-02-06T00:00:00,101.09215766100272,106.02669555473811,100.43245943566723,102.807373046875,7248965.0
2018-02-07T00:00:00,104.68090914625843,106.71277468409168,103.28234418995004,106.66000366210938,5247434.0
2018-02-08T00:00:00,106.5544515077111,107.39886843650262,104.97117580594447,105.28783416748047,3399661.0
2018-02-09T00:00:00,105.02396385497312,105.28784316114138,103.22958779421178,103.38790893554688,4254745.0
2018-02-12T00:00:00,104.78646266754986,105.8155902388325,104.65452302884808,105.49893188476562,4304464.0
2018-02-13T00:00:00,105.65726497747595,106.13225252617937,104.70729793302584,105.02395629882812,2373435.0
2018-02-14T00:00:00,105.76281116909614,107.82107436475269,105.12950251387738,107.76829528808594,4672139.0
2018-02-15T00:00:00,107.92661662566206,109.35156300963953,107.92661662566206,108.40159606933594,4000809.0
2018-02-16T00:00:00,109.14047532799178,109.45712564239972,108.03217909517201,108.92936706542969,2393717.0
2018-02-19T00:00:00,108.92935168571576,109.45711018817165,108.29604309335981,108.61270141601562,1946207.0
2018-02-20T00:00:00,108.61271675102176,109.08769624911206,107.97940806924909,108.92936706542969,2825577.0
2018-02-21T00:00:00,108.34883537646476,110.24876138520293,108.19050619583075,109.8265609741211,3451583.0
2018-02-22T00:00:00,109.24601862777126,109.66822707363895,108.34883071340016,109.61544799804688,2646834.0
2018-02-23T00:00:00,109.66823727323755,110.03766667787161,108.7182701949235,109.72100830078125,2178606.0
2018-02-26T00:00:00,109.98487574105663,110.67096344882113,109.87932564439043,110.51263427734375,1823631.0
2018-02-27T00:00:00,110.67095936033188,110.82928852596014,110.14320084354159,110.35430908203125,2009288.0
2018-02-28T00:00:00,110.03764967484906,111.09316669810902,109.93209958311424,110.30152893066406,2421386.0
2018-03-01T00:00:00,109.98487736832247,110.6709650862379,109.03491843131559,109.61544799804688,2469084.0
2018-03-02T00:00:00,108.82382003395527,108.98214922210906,107.45165252685547,107.45165252685547,3328241.0
2018-03-05T00:00:00,107.24052608844801,108.66547243448781,107.13497599854796,108.61270141601562,2218601.0
2018-03-06T00:00:00,109.77377941396882,110.51263816961104,109.5099001365314,110.03765869140625,2958268.0
2018-03-07T00:00:00,110.03766066671267,111.2515069753061,109.56268117998144,111.09317779541016,3379119.0
2018-03-08T00:00:00,110.56541816190474,111.25150589951504,109.7737803230367,111.04039764404297,3434624.0
2018-03-09T00:00:00,111.04039871779263,111.46260717986294,110.56541923106141,111.09317779541016,2936640.0
2018-03-12T00:00:00,111.62093245711984,111.83203265429593,111.14595298699548,111.56815338134766,1969368.0
2018-03-13T00:00:00,111.83202539320865,111.83202539320865,109.93209958311424,110.30152893066406,3235809.0
2018-03-14T00:00:00,110.72373941946958,112.09590674357344,110.565410252431,111.35704803466797,3542836.0
2018-03-15T00:00:00,111.51539026291582,111.77926955456826,110.40709401679277,110.93485260009766,2724522.0
2018-03-16T00:00:00,111.25150041343565,111.67370885060315,110.88207105077265,111.14595031738281,3564287.0
2018-03-19T00:00:00,110.8292922021059,111.14595054386581,108.5071578723871,108.55992889404297,3912924.0
2018-03-20T00:00:00,109.0349226496692,109.72100234117144,108.45438500752172,108.82381439208984,3477513.0
2018-03-21T00:00:00,109.0876774567774,109.24600661318469,107.76828124164231,108.13771057128906,2835152.0
2018-03-22T00:00:00,108.1905045419369,108.24328361899363,104.39064452959188,104.89201354980469,6013409.0
2018-03-23T00:00:00,104.15792346929136,105.25907628176527,103.56499238055733,104.72261810302734,6160803.0
2018-03-26T00:00:00,104.86378130373993,105.51318523770716,104.15791308196387,104.21438598632812,4774020.0
2018-03-27T00:00:00,105.7390443194191,105.936690839535,103.81908648066813,104.1296615600586,4614956.0
2018-03-28T00:00:00,103.3108757724854,105.23084259033203,102.52030677584938,105.23084259033203,5930105.0
2018-03-29T00:00:00,105.03319055893841,106.44492699118221,105.03319055893841,105.59788513183594,2145170.0
2018-04-03T00:00:00,104.7508302224649,105.14611465093694,103.84731557176802,104.4684829711914,4920113.0
2018-04-04T00:00:00,104.75083855385724,105.08965872895531,102.83088053911473,104.60966491699219,4082483.0
2018-04-05T00:00:00,106.16259061982366,107.00963256625843,105.45672233112802,106.33200073242188,4236056.0
2018-04-06T00:00:00,105.82375543391096,105.9084647865125,104.60966559561757,104.75083923339844,2648518.0
2018-04-09T00:00:00,105.59788684977434,105.93670704564715,103.64969226489441,104.2708511352539,2613415.0
2018-04-10T00:00:00,105.0331935517279,105.25906794070077,104.32732531549318,104.58143615722656,3774331.0
2018-04-11T00:00:00,104.46849431453984,104.46849431453984,101.58854859221961,102.0967788696289,4903363.0
2018-04-12T00:00:00,102.43557663958042,103.28261837127448,102.26617518648486,102.32263946533203,3475234.0
2018-04-13T00:00:00,102.20970985149515,103.53674544259776,100.03563246604311,102.35088348388672,3822108.0
2018-04-16T00:00:00,102.29441477495413,103.96027059866272,102.06854040049623,103.1414566040039,2914852.0
2018-04-17T00:00:00,102.74616770742601,104.18614047799377,102.71793125769828,103.96026611328125,2436821.0
2018-04-18T00:00:00,104.5814188799277,104.5814188799277,103.62143996055222,104.1296615600586,1075888.0
2018-04-19T00:00:00,104.32732531549318,104.89201990448096,103.98850511547826,104.58143615722656,4716965.0
2018-04-20T00:00:00,104.8637923534363,105.23084903737058,104.32733417166997,104.89202880859375,2985785.0
2018-04-23T00:00:00,105.31555068808258,106.95316170256157,104.75085604632343,106.72728729248047,3965216.0
2018-04-24T00:00:00,108.87312542074403,108.87312542074403,105.06143670208391,105.9649429321289,4952905.0
2018-04-25T00:00:00,104.89202167920936,106.81197986763047,104.32732708066719,106.52963256835938,5260029.0
2018-04-26T00:00:00,106.52962384580464,108.25194395364733,106.33198592243075,108.05430603027344,4206627.0
2018-04-27T00:00:00,108.25194732944775,109.43780937289196,107.91313575743177,108.76017761230469,3488871.0
2018-04-30T00:00:00,108.73192957924361,109.18368691036933,107.4613669322644,107.82841491699219,1744838.0
2018-05-02T00:00:00,107.51783403775543,108.13900146144039,106.61432796832369,106.84020233154297,4109063.0
2018-05-03T00:00:00,106.10609700567882,106.10609700567882,104.77907005180684,105.20259094238281,4664717.0
2018-05-04T00:00:00,105.31554124312107,106.33199323044087,105.17436759534209,106.27552032470703,2674487.0
2018-05-07T00:00:00,106.19081539020765,107.20726733739754,105.65435727313822,106.9531478881836,1904562.0
2018-05-08T00:00:00,106.89669301572262,107.46138763427736,106.24728903445103,107.46138763427734,2554189.0
2018-05-09T00:00:00,107.23550406406244,110.56720746629222,107.23550406406244,110.51073455810547,3089771.0
2018-05-11T00:00:00,110.36955120003819,110.51072484153646,108.81664114355719,110.11544036865234,4102535.0
2018-05-14T00:00:00,109.9177948409039,110.59543521960941,108.44959412567107,108.64723205566406,3032505.0
2018-05-15T00:00:00,108.47784063727723,109.32488257265453,107.71549944881518,109.29664611816406,2862108.0
2018-05-16T00:00:00,108.98607390947363,109.35312200710551,107.74374732915373,108.36490631103516,3604406.0
2018-05-17T00:00:00,108.53430571474591,109.38134765625,108.2519584009112,109.38134765625,2434909.0
2018-05-18T00:00:00,109.32488329793296,109.9742786727413,109.15547318642237,109.40958404541016,2643935.0
2018-05-21T00:00:00,109.69192809649358,109.94603894792331,108.67547607421875,108.67547607421875,2859845.0
2018-05-22T00:00:00,109.21193496220228,109.26840787025634,107.96960853401703,108.78841400146484,3168210.0
2018-05-23T00:00:00,108.5907594999978,108.5907594999978,106.47315501917318,106.98137664794922,2809100.0
2018-05-24T00:00:00,107.06609644349628,107.51784521690533,105.484949886898,106.04964447021484,2544921.0
2018-05-25T00:00:00,106.30375049707902,106.33198694827772,104.80731336565455,105.08966064453125,2642278.0
2018-05-28T00:00:00,106.0496315178708,106.1908051464578,104.29907507677012,104.83553314208984,1311801.0
2018-05-29T00:00:00,104.41202046627559,104.44025691752412,102.23795158502071,103.53675079345703,2812078.0
2018-05-30T00:00:00,103.7343965560771,104.18615396051787,102.68971671339834,103.4520492553711,2849100.0
2018-05-31T00:00:00,104.12967324936152,105.51318181237332,103.28263141072824,103.50851440429688,5000011.0
2018-06-01T00:00:00,104.46849183482165,105.14612357206083,103.67792291080177,104.80731201171875,2116771.0
2018-06-04T00:00:00,105.23083224210878,105.8519910736517,104.49672760796263,104.6661376953125,2260427.0
2018-06-05T00:00:00,104.49673211277943,104.8920165892664,103.76262744698629,103.84732818603516,2543240.0
2018-06-06T00:00:00,103.84732818603516,103.84732818603516,103.84732818603516,103.84732818603516,0.0
2018-06-07T00:00:00,105.45671449346875,106.07788198797756,104.24262457376726,104.58143615722656,3052511.0
2018-06-08T00:00:00,104.15791983696224,105.56965637207031,103.8191082384699,105.56965637207031,3241505.0
2018-06-11T00:00:00,105.82377241904325,106.75552374787972,105.4002514377239,106.72728729248047,2174972.0
2018-06-12T00:00:00,107.09432066681849,107.46137730352588,106.64257190864822,106.89668273925781,2097683.0
2018-06-13T00:00:00,106.89667658809263,106.95314087133717,105.4002309089592,105.62611389160156,3063832.0
2018-06-14T00:00:00,105.59789236572568,107.23550329268942,105.3720179677155,107.17903900146484,3689616.0
2018-06-15T00:00:00,107.0096165880244,107.20726312596992,105.68258095680157,106.1625747680664,6477701.0
2018-06-18T00:00:00,106.02140051297823,107.00961596383155,105.71081679082764,105.9931640625,2552726.0
2018-06-19T00:00:00,105.03319579572546,106.7555160522461,104.6661477516638,106.7555160522461,2660404.0
2018-06-20T00:00:00,107.23548957317396,108.84487245690184,107.00961520406173,107.37666320800781,3560394.0
2018-06-21T00:00:00,107.12256221138092,107.43314595980581,106.19081958266189,106.27552032470703,2513009.0
2018-06-22T00:00:00,106.27552032470702,106.27552032470703,106.27552032470702,106.27552032470703,0.0
2018-06-25T00:00:00,106.13433961130335,107.37666590574254,105.5131807723613,106.47315979003906,2632905.0
2018-06-26T00:00:00,106.64257190864822,107.68725168261102,106.61433545712377,106.89668273925781,2478816.0
2018-06-27T00:00:00,106.89668475728018,107.99783745507972,105.6543584157485,107.32020568847656,2524578.0
2018-06-28T00:00:00,106.84019952489723,107.99782499323364,106.303741463928,107.82841491699219,2276390.0
2018-06-29T00:00:00,108.90135695608407,109.69192594873189,107.85666850042621,108.30842590332031,3855865.0
2018-07-02T00:00:00,107.74373494355471,107.8284356897155,106.27552548868998,107.46138763427734,1950183.0
2018-07-03T00:00:00,107.74373130384164,109.01429415266865,106.67080639489869,108.30842590332031,2675431.0
2018-07-04T00:00:00,108.13900885724821,109.24016153222247,108.11077240577602,108.44959259033203,2050136.0
2018-07-05T00:00:00,108.53430367921723,110.0025131302443,108.44960293327783,108.9860610961914,2882967.0
2018-07-06T00:00:00,108.98606807248602,109.26841539909869,107.94137951739656,108.84489440917969,2221023.0
2018-07-09T00:00:00,108.98604226704113,110.20013203738375,108.67545855799513,109.86132049560547,1768675.0
2018-07-10T00:00:00,110.20014446255436,111.72482673040692,109.88956933504528,110.8213119506836,2293370.0
2018-07-11T00:00:00,110.42602131982633,110.62365924300903,109.24015931450995,109.5789794921875,2113602.0
2018-07-12T00:00:00,109.86132602518894,109.88956247589698,108.33665246905986,109.4660415649414,2009903.0
2018-07-13T00:00:00,109.60722216984938,109.74839581580923,108.70370738908413,109.32487487792969,2223815.0
2018-07-16T00:00:00,109.46604852388954,109.72015936330615,108.61900664813044,109.32487487792969,1657306.0
2018-07-17T00:00:00,110.39779335670657,111.24483524946902,109.49427855780434,109.66368865966797,3434522.0
2018-07-18T00:00:00,107.29196364857474,108.42135273961236,104.75083819374007,107.74372100830078,5014401.0
2018-07-19T00:00:00,107.91314140699639,109.04253060595374,107.26373744766245,108.30842590332031,2518422.0
2018-07-20T00:00:00,108.3084079241033,111.13188045279968,107.7154769697662,110.79306030273438,3911393.0
2018-07-23T00:00:00,110.76483424985565,112.34598073763335,110.22837614236549,111.32952880859375,2755530.0
2018-07-24T00:00:00,111.80950803827618,114.85885481088027,111.69657086457862,114.57650756835938,3925364.0
2018-07-25T00:00:00,114.63298323179515,116.3835396243211,114.57651033530557,115.14120483398438,2896215.0
2018-07-26T00:00:00,115.93178621043674,116.21413346929482,115.25415451248827,116.1011962890625,1840100.0
2018-07-27T00:00:00,116.32706876887761,117.90821511623147,116.04472151458421,117.11763763427734,2267565.0
2018-07-30T00:00:00,117.11765129598764,117.23059710412358,116.32708233836847,116.94824981689453,1466311.0
2018-07-31T00:00:00,116.49648839440678,117.96468906715356,116.21414111696836,117.56940460205078,2171353.0
2018-08-01T00:00:00,118.02116283546434,118.19057292648178,115.98825897636537,116.15766906738281,1789681.0
2018-08-02T00:00:00,116.10120206290995,116.21413924875877,114.85886716890803,115.59297180175781,1605599.0
2018-08-03T00:00:00,116.27060278693287,116.38354858861152,115.36709668938798,115.48003387451172,1388180.0
2018-08-06T00:00:00,115.70589933266317,115.98824658200256,114.85885758464497,115.14120483398438,1117397.0
2018-08-07T00:00:00,115.87531895153576,115.98825613726459,115.25416012174978,115.64944458007812,1388186.0
2018-08-08T00:00:00,115.64944679813185,116.10120416626638,115.31062661789217,115.9882583618164,1232083.0
2018-08-09T00:00:00,116.15767102760992,116.66590130923892,115.59297645905902,116.60942840576172,1743260.0
2018-08-10T00:00:00,115.9882701106733,116.32709032523327,114.97182670010537,115.36711120605469,1385680.0
2018-08-13T00:00:00,115.08474805791047,115.53650540962025,114.68946360637246,115.19768524169922,1616953.0
2018-08-14T00:00:00,115.25416724480067,115.93179901760821,114.85887414548708,115.42356872558594,1330504.0
2018-08-15T00:00:00,115.64945851266933,116.83531203051723,115.08476389944003,115.36711120605469,2357427.0
2018-08-16T00:00:00,116.10120246580055,117.56940312004005,115.64944510428263,117.3435287475586,2369503.0
2018-08-17T00:00:00,117.45647709684182,118.30351899898251,117.00471969238896,117.9646987915039,2054035.0
2018-08-20T00:00:00,118.02117036233474,118.41645485554817,117.40000286117385,117.6823501586914,1680048.0
2018-08-21T00:00:00,117.68235063371888,118.07764374508362,116.94825455045462,117.90823364257812,1549409.0
2018-08-22T00:00:00,117.51293456213054,118.2470305542792,117.51293456213054,118.07762908935547,1611178.0
2018-08-23T00:00:00,117.96468832437174,118.24703560003232,117.11764649738997,117.45646667480469,1823234.0
2018-08-24T00:00:00,117.28705989179493,118.52938621640507,117.28705989179493,118.1905746459961,1393588.0
2018-08-27T00:00:00,118.247044281035,119.43290637249052,118.247044281035,119.3199691772461,1397139.0
2018-08-28T00:00:00,119.54584356773492,119.65878076297933,118.64233738922395,119.3199691772461,1594920.0
2018-08-29T00:00:00,119.26350169327627,120.61877394748932,119.03762729251879,120.39289093017578,1805468.0
2018-08-30T00:00:00,120.27994549981818,120.56229278972386,119.48937653470448,120.22347259521484,1409869.0
2018-08-31T00:00:00,119.82817203844165,121.01403394359156,119.82817203844165,120.1669921875,2668309.0
2018-09-03T00:00:00,120.1670011765556,120.78816000755575,119.99759108935376,120.44934844970703,1426161.0
2018-09-04T00:00:00,120.44934844970703,120.61875853690887,119.26348645584908,120.44934844970703,2620611.0
2018-09-05T00:00:00,120.22347246899112,120.95757714528622,120.1105352764585,120.27994537353516,3155229.0
2018-09-06T00:00:00,120.05407098846995,121.69168182158134,119.99759808392591,120.27994537353516,2044145.0
2018-09-07T00:00:00,120.73171470967165,120.78817900324877,118.92469360063326,119.60232543945312,2334184.0
2018-09-10T00:00:00,119.43289654305092,121.57873754231271,118.98113918269765,120.44934844970703,1680758.0
2018-09-11T00:00:00,120.44934571757602,120.44934571757602,119.3764209340046,119.88465118408203,2171438.0
2018-09-12T00:00:00,119.88466584137618,120.22347743296336,119.0376239375745,119.71525573730469,1811915.0
2018-09-13T00:00:00,119.82819631172602,121.2964057663178,119.65878620287988,120.39289093017578,1434278.0
2018-09-14T00:00:00,120.78818354711737,120.95759366733436,119.48939273075258,120.61878204345703,1485883.0
2018-09-17T00:00:00,120.27995918884108,121.40934847699921,119.82820175026654,120.05408477783203,1797602.0
2018-09-18T00:00:00,120.11052861462912,120.61875887767046,118.30350778466598,118.81172943115234,2987016.0
2018-09-19T00:00:00,119.03761797880418,119.77172264866242,118.3599862129948,118.41645050048828,2802493.0
2018-09-20T00:00:00,118.30351434627049,120.78816704820959,118.30351434627049,120.27994537353516,2507022.0
2018-09-21T00:00:00,120.84464037859881,121.97402954101562,120.73170318566822,121.97402954101562,3415986.0
2018-09-24T00:00:00,121.80461809988806,121.97402819569317,121.12698633322307,121.69168090820312,1318207.0
2018-09-25T00:00:00,121.63522147444054,123.32930538699016,121.40934706605647,122.99049377441406,1966059.0
2018-09-26T00:00:00,123.32929156164884,123.49870165722403,122.53872260437183,123.21635437011719,2043045.0
2018-09-27T00:00:00,122.76460433341235,125.19279287114004,122.42579273854359,124.74103546142578,2734355.0
2018-09-28T00:00:00,124.06339386560376,124.9669086137382,123.04694192809131,124.40221405029297,3149539.0
2018-10-01T00:00:00,124.34573991809158,125.02337166421599,123.61163526955883,124.06339263916016,2507850.0
2018-10-02T00:00:00,123.7245774953733,123.89397896458773,122.76458988153203,123.44223022460938,2911857.0
2018-10-03T00:00:00,124.00692926283398,125.07984548402065,112.37421783891696,116.32707977294922,15964344.0
2018-10-04T00:00:00,115.76238472473445,118.47292033428317,113.05184911518573,114.63299560546875,12001817.0
2018-10-05T00:00:00,114.06831583084448,114.35066314725746,112.48716913562053,112.99539947509766,6343635.0
2018-10-08T00:00:00,112.82597096945686,113.5600755957708,111.83775552310674,112.17656707763672,2996685.0
2018-10-09T00:00:00,111.2448294203976,112.2330449101727,109.0989883478606,111.61187744140625,5394498.0
2018-10-10T00:00:00,111.80952024392624,114.18123561669854,111.69658305789994,112.54362487792969,3828631.0
2018-10-11T00:00:00,111.04718165398825,112.06363358416986,109.77661889540003,109.80485534667969,4098553.0
2018-10-12T00:00:00,110.313098229883,111.10366725675203,109.2684097290039,109.2684097290039,3268124.0
2018-10-15T00:00:00,109.55074433248916,111.01895363098994,108.70370249486682,109.88956451416016,2989897.0
2018-10-16T00:00:00,110.11544095434438,111.97893475534434,110.05896805082259,111.7530517578125,3046588.0
2018-10-17T00:00:00,110.00249969081231,111.01895160068133,109.2401586042718,110.93424224853516,3275053.0
2018-10-18T00:00:00,110.68012176347793,111.13187908582339,108.95780181884766,108.95780181884766,3378213.0
2018-10-19T00:00:00,108.9578202253512,110.34132025780177,108.59077218575098,109.74839782714844,4005536.0
2018-10-22T00:00:00,110.65189937912653,111.38600404417359,108.13901026341821,108.70370483398438,3470172.0
2018-10-23T00:00:00,109.72015180476639,112.23304080642954,107.94135881827869,110.76483154296875,5385197.0
2018-10-24T00:00:00,112.09186265094145,114.80239808067313,111.35775804880825,113.10831451416016,5418936.0
2018-10-25T00:00:00,112.71302796191331,116.04472213372951,112.68479151302245,115.76237487792969,5827043.0
2018-10-26T00:00:00,115.53651034750338,115.59297463353356,113.10832201777109,114.63299560546875,4418769.0
2018-10-29T00:00:00,114.97181075256879,115.98825402214767,114.80240066878739,115.25415802001953,2686877.0
2018-10-30T00:00:00,115.36710698177941,116.04473876953125,114.35065499187385,116.04473876953125,2241074.0
2018-10-31T00:00:00,116.32707202281487,117.17411380938877,115.98825186156347,116.383544921875,2889150.0
2018-11-01T00:00:00,116.38354240747215,116.77882684268913,115.02827040830104,115.70590209960938,2600307.0
2018-11-02T00:00:00,116.66590553127901,116.77884272576523,115.25416905881221,115.93180084228516,1071125.0
2018-11-05T00:00:00,115.59296605318525,116.66589080677865,115.08474443386253,116.1011962890625,2532125.0
2018-11-06T00:00:00,116.21414258385934,116.72236424304141,115.98825958912438,116.32707977294922,1654396.0
2018-11-07T00:00:00,116.89176953136119,117.56940125460883,116.6658951624636,116.83529663085938,2023007.0
2018-11-08T00:00:00,117.73881395046529,117.90822403917264,117.06118221219087,117.45646667480469,1894309.0
2018-11-09T00:00:00,117.230592177761,118.02116110215822,116.83529909900734,117.512939453125,1776508.0
2018-11-12T00:00:00,117.51295072078673,118.13410961621402,116.66590881347656,116.66590881347656,1638772.0
2018-11-13T00:00:00,116.8917832088036,117.45647781367705,116.15767849915694,116.66590881347656,1660345.0
2018-11-14T00:00:00,116.32707915840025,116.89177371742161,115.64944741088566,116.15766906738281,2033048.0
2018-11-15T00:00:00,116.49648577373527,116.66589585969835,115.02827651746182,115.48003387451172,2762603.0
2018-11-16T00:00:00,115.76238667724333,116.66590143451711,115.76238667724333,116.5529556274414,2532853.0
2018-11-19T00:00:00,116.60941928500617,117.11764091032866,116.27059912375476,116.383544921875,1866447.0
2018-11-20T00:00:00,115.9317835498514,116.10119362458926,113.6730055308248,113.95535278320312,2609862.0
2018-11-21T00:00:00,114.46358428371558,114.7459315604966,112.93891071240907,114.29417419433594,2765356.0
2018-11-22T00:00:00,114.18122511521383,114.46357236258902,112.9106625020255,113.50359344482422,1420572.0
2018-11-23T00:00:00,113.78595510571827,115.08475433147674,113.16478763618655,114.91534423828125,1935859.0
2018-11-26T00:00:00,115.36710074085244,116.38355267577177,115.02828055702759,116.32707977294922,2107006.0
2018-11-27T00:00:00,116.60942813442169,118.58585911975088,116.44001804093956,118.1905746459961,2884764.0
2018-11-28T00:00:00,118.58586883544922,118.81174323422768,117.51295251641754,118.58586883544922,2058158.0
2018-11-29T00:00:00,118.98115539550781,119.43291281741921,117.73882894766858,118.98115539550781,1874834.0
2018-11-30T00:00:00,118.98114210365385,119.71524675518062,117.90822588596063,119.43289947509766,2788867.0
2018-12-03T00:00:00,121.12699015082372,121.12699015082372,119.3199691772461,119.3199691772461,2187109.0
2018-12-04T00:00:00,119.88465572366793,119.94112000922256,117.3999945122767,117.56940460205078,2839670.0
2018-12-05T00:00:00,117.17412371401144,117.28706090512352,116.32708185583787,116.72236633300781,1933455.0
2018-12-06T00:00:00,116.04471867120088,116.4400030942153,113.50359344482422,113.50359344482422,2995460.0
2018-12-07T00:00:00,113.9553649361093,117.39999661254915,113.9553649361093,116.49649047851562,2226470.0
2018-12-10T00:00:00,116.15767296672107,116.21414587114103,113.72948455810547,113.72948455810547,2854135.0
2018-12-11T00:00:00,113.89889217189945,115.42356577589166,113.56008060243188,114.97181701660156,2864609.0
2018-12-12T00:00:00,115.08476019146339,117.6823501586914,115.08476019146339,117.6823501586914,2682274.0
2018-12-13T00:00:00,117.73881330295562,117.85175048928774,114.85886766043399,115.81885528564453,2659439.0
2018-12-14T00:00:00,115.5365005199116,116.49647946632012,115.02827028953925,115.76237487792969,2277749.0
2018-12-17T00:00:00,115.76238472473445,116.49648937556819,114.63299560546875,114.63299560546875,1967504.0
2018-12-18T00:00:00,114.6329900169129,114.74592720002256,113.10831650354571,113.56007385253906,3791999.0
2018-12-19T00:00:00,113.95536127677187,114.85886738179198,113.3341938286196,114.01182556152344,3106738.0
2018-12-20T00:00:00,113.22125884097623,114.57652233309902,112.17657046240501,112.88243865966797,4251070.0
2018-12-21T00:00:00,112.85422641134804,113.0518643639444,110.20015472984072,111.35778045654297,5775282.0
2018-12-27T00:00:00,111.52718180233671,112.03540348797826,109.07075688310601,109.55075073242188,3150585.0
2018-12-28T00:00:00,109.83309288362486,111.9789339537625,109.83309288362486,111.66835021972656,2631579.0
2019-01-02T00:00:00,110.20014150801948,112.23304539961578,108.81664153961201,111.83776092529297,1924197.0
2019-01-03T00:00:00,111.04716901388119,112.88242612294111,110.99070473430416,111.92244720458984,1643869.0
2019-01-04T00:00:00,112.65656585074117,115.19769139624661,112.0918712850733,114.97181701660156,2334581.0
2019-01-07T00:00:00,115.76237222915273,115.98824658200256,114.01181583662678,115.14120483398438,2227192.0
2019-01-08T00:00:00,114.8024165928254,116.2141531258986,114.8024165928254,115.36711120605469,2204809.0
2019-01-09T00:00:00,115.87532866845437,116.5529604562062,114.97182249030384,116.04473876953125,1910385.0
2019-01-10T00:00:00,116.32708657722945,118.13410755803062,116.27061367110366,117.6823501586914,3037678.0
2019-01-11T00:00:00,118.58585998435646,119.65877622330707,118.13410260396213,118.24703979492188,2691158.0
2019-01-14T00:00:00,118.58585419577875,119.2070216405691,118.13409683743623,118.75526428222656,2032110.0
2019-01-15T00:00:00,119.20702720679824,119.9411232547583,117.85175506848788,118.3599853515625,1870330.0
2019-01-16T00:00:00,118.86822069049981,119.77173555329716,118.19058885167996,119.60232543945312,4086066.0
2019-01-17T00:00:00,118.98112902919699,121.07049694890598,118.69878178014025,119.82817077636719,2766595.0
2019-01-18T00:00:00,121.0705032348633,121.18344903359349,119.82817699782316,121.07050323486328,3281158.0
2019-01-21T00:00:00,121.1269747612916,121.29638484091203,120.39287016063953,120.78815460205078,1187153.0
2019-01-22T00:00:00,119.82818406869158,120.05406706292631,118.19057328912702,119.37642669677734,2394989.0
2019-01-23T00:00:00,119.09406841433109,119.15054131181152,116.44000594728408,117.11763763427734,4773366.0
2019-01-24T00:00:00,117.34353558631751,119.15055652114704,117.17412548880573,118.69879913330078,2828262.0
2019-01-25T00:00:00,119.15055084228516,119.99759267291752,118.86820356540771,119.15055084228516,2666888.0
2019-01-28T00:00:00,119.26349087712411,119.48937387395205,117.79529017224131,118.1905746459961,2473222.0
2019-01-29T00:00:00,113.2777428604175,115.59298560472399,113.22126995247218,115.36711120605469,6122703.0
2019-01-30T00:00:00,115.36708486050296,116.5529381075461,113.89887575476878,116.21412658691406,3658507.0
2019-01-31T00:00:00,116.21413974608446,116.66589710796795,114.57652038632618,115.81885528564453,4930746.0
2019-02-01T00:00:00,115.81884789528947,116.10119515138081,115.14120758742669,115.70590209960938,2298437.0
2019-02-04T00:00:00,115.64944863104685,116.6094276682004,115.19769125575246,116.49649047851562,2427427.0
2019-02-05T00:00:00,116.1011982440682,118.2470305542792,115.98825244537947,118.07762908935547,2779221.0
2019-02-06T00:00:00,118.02117668973662,118.19058680064077,117.34354486267615,117.40000915527344,2657747.0
2019-02-07T00:00:00,117.39999735511086,118.41644930181354,116.6094284057617,116.60942840576172,2038684.0
2019-02-08T00:00:00,116.66590130923892,117.39999735511086,115.9882609337336,116.60942840576172,1989717.0
2019-02-11T00:00:00,117.00470931043674,118.19057131483324,116.60942484782292,117.45646667480469,2032017.0
2019-02-12T00:00:00,117.68234587044574,118.1341032533233,116.55295672152954,116.94824981689453,3076309.0
2019-02-13T00:00:00,117.51294254473886,117.51294254473886,116.04473322759728,116.44001770019531,2669283.0
2019-02-14T00:00:00,116.83530701473053,116.89177992025145,115.42357054226373,115.93180084228516,2196908.0
2019-02-15T00:00:00,115.87532407293781,118.35998535156251,115.59297678785924,118.3599853515625,3337109.0
2019-02-18T00:00:00,118.19055875234137,118.75525324364109,117.11763404893944,118.02114868164062,1840786.0
2019-02-19T00:00:00,118.30352344109721,119.37643977747277,118.02117612978194,119.03762817382812,2423649.0
2019-02-20T00:00:00,111.95069265513739,113.33419255606391,102.01206529562556,102.80264282226562,27236384.0
2019-02-21T00:00:00,98.8215520938562,98.84978854633698,91.87580699480549,93.20284271240234,26122675.0
2019-02-22T00:00:00,93.767532196378,98.08744207778345,93.73929574543283,96.78864288330078,17670956.0
2019-02-25T00:00:00,98.42626004106725,98.82154449573923,97.29687096111594,97.91802978515625,6819487.0
2019-02-26T00:00:00,97.97449845204812,98.14390853003115,93.51341522563717,94.07810974121094,9209755.0
2019-02-27T00:00:00,91.76287271914498,96.28042952993366,91.39582467489073,95.48986053466797,10253050.0
2019-02-28T00:00:00,95.48985511536452,96.22395116221112,94.21929233443802,95.82866668701172,7082072.0
2019-03-01T00:00:00,96.28041987921182,97.52274615434227,96.05454550793534,96.50629425048828,4934298.0
2019-03-04T00:00:00,97.12746771493023,98.20038396981018,95.54632116835283,97.80509948730469,5839235.0
2019-03-05T00:00:00,98.22862103201989,98.53920477611531,96.95805821972041,97.9745101928711,4396425.0
2019-03-06T00:00:00,97.97449637442568,98.65212805543362,97.29686469341776,98.22860717773438,3889272.0
2019-03-07T00:00:00,97.86157171907004,99.13213451474492,97.15570349925066,97.66392517089844,4016414.0
2019-03-08T00:00:00,97.12746710976285,98.14391907026912,96.9015927258972,97.63568878173828,2607853.0
2019-03-11T00:00:00,97.74863077614353,98.82154698247408,97.69215787410295,98.59567260742188,2595141.0
2019-03-12T00:00:00,98.82153812982418,99.10388538162368,97.80508630003513,98.22860717773438,3471870.0
2019-03-13T00:00:00,97.77684295448094,98.87800405206782,97.46626789265255,98.3697738647461,2808136.0
2019-03-14T00:00:00,98.45449635888603,99.7815233561101,98.05920328819113,99.47093963623047,3218325.0
2019-03-15T00:00:00,98.08744095802989,100.20504550641807,96.90158758086548,99.80976104736328,9525866.0
2019-03-18T00:00:00,99.8944671028487,101.2497392559291,99.2733082388395,100.96739196777344,3548579.0
2019-03-19T00:00:00,101.13680132662451,101.81443308994662,100.5721067544302,100.85445404052734,3653059.0
2019-03-20T00:00:00,100.40270233154297,102.06854969031438,100.14859148301103,100.40270233154297,3467450.0
2019-03-21T00:00:00,101.080322265625,102.26618424162018,100.91091218097499,101.080322265625,4193787.0
2019-03-22T00:00:00,102.06853790055514,102.09677435080955,99.30153810671943,99.49917602539062,5023288.0
2019-03-25T00:00:00,99.49916279227833,100.14856659554158,98.31330958830172,98.3697738647461,3436865.0
2019-03-26T00:00:00,98.36977589945708,99.44270057273764,97.72038069931524,98.821533203125,4203193.0
2019-03-27T00:00:00,95.82867114110667,95.82867114110667,85.26888392767879,87.04766845703125,26627207.0
2019-03-28T00:00:00,84.36536752713438,85.1277086632785,79.1137147814502,80.27133178710938,20008281.0
2019-03-29T00:00:00,82.46711154262852,84.16099480367657,79.80081080323654,82.40438079833984,17752034.0
2019-04-01T00:00:00,83.1258341839179,86.26265811538651,83.03800349674987,85.120849609375,12889309.0
2019-04-02T00:00:00,86.57634894053142,90.9679028722975,85.63530166943869,90.34053802490234,13735860.0
2019-04-03T00:00:00,91.53251816825625,92.66177669416705,88.96032829722115,91.1561050415039,12225495.0
2019-04-04T00:00:00,91.28158027846067,92.34809854584284,90.40327336951707,91.94031524658203,5169240.0
2019-04-05T00:00:00,92.22263705030085,92.34810811131382,90.0896002945953,91.8462142944336,4471074.0
2019-04-08T00:00:00,92.22263152884258,92.41084289550781,91.46979563500942,92.41084289550781,3604875.0
2019-04-09T00:00:00,92.53631597114213,93.57146415117965,91.90895111710049,92.63041687011719,4537259.0
2019-04-10T00:00:00,92.2226333618164,92.75589731582883,91.25021592540853,92.2226333618164,4520548.0
2019-04-11T00:00:00,92.22263367225045,93.477363382077,92.22263367225045,92.94409942626953,4017706.0
2019-04-12T00:00:00,92.94407905035507,94.01060672815763,92.56766596362407,93.91649627685547,4869150.0
2019-04-15T00:00:00,94.10473653022817,95.67314880573197,93.94789530267778,94.73210144042969,3389537.0
2019-04-16T00:00:00,95.0457749230118,96.61418705045423,95.01440476589737,96.17503356933594,4192004.0
2019-04-17T00:00:00,96.61418172532758,97.42975790121076,96.42597036584263,97.02196502685547,3907871.0
2019-04-18T00:00:00,97.17880626127871,97.3670176208224,96.45734055132658,97.14744567871094,2089726.0
2019-04-23T00:00:00,97.24155413680091,97.42976551098616,96.55144895573108,96.92787170410156,4025492.0
2019-04-24T00:00:00,96.9906120197727,97.36702519531504,96.33187699653841,96.92787170410156,3680939.0
2019-04-25T00:00:00,94.73210169654492,95.57904815673828,93.2264297371221,95.57904815673828,8098635.0
2019-04-26T00:00:00,95.70450468597927,97.8061710778727,95.51629332643559,97.14744567871094,4282299.0
2019-04-29T00:00:00,98.30806942289351,99.40595790305021,97.39839231104354,98.74722290039062,7275993.0
2019-04-30T00:00:00,98.90404560875086,99.02952621269884,96.64553833007812,96.64553833007812,3601086.0
2019-05-02T00:00:00,96.64554960218516,98.0571204058018,95.89271375482171,96.26912689208984,5406756.0
2019-05-03T00:00:00,96.55144346015781,97.36701965332031,96.2064004620904,97.36701965332031,3864124.0
2019-05-06T00:00:00,96.17502376146767,96.52007630888235,94.88892403355493,95.61038970947266,4170270.0
2019-05-07T00:00:00,95.61039811699723,95.98682085142806,92.91273695394482,93.0382080078125,3911950.0
2019-05-08T00:00:00,92.66178314022638,93.44598917488102,91.72073589864081,92.47357177734375,3527121.0
2019-05-09T00:00:00,91.59526758493031,91.75210879654834,89.77591335929229,90.02685546875,4795443.0
2019-05-10T00:00:00,90.3405312368703,92.15988532848198,90.3405312368703,92.00304412841797,3680741.0
2019-05-13T00:00:00,92.00305104136837,92.00305104136837,90.34053802490234,90.34053802490234,3227441.0
2019-05-14T00:00:00,90.52875161230602,91.09337615966797,90.24643933862505,91.09337615966797,2634559.0
2019-05-15T00:00:00,91.43842844380163,91.53252934377208,89.61907417696699,90.37191009521484,3706333.0
2019-05-16T00:00:00,90.49737197176361,91.06199645996094,89.68179582105752,91.06199645996094,3498163.0
2019-05-17T00:00:00,90.34053802490234,90.74832134657805,89.74454333444253,90.34053802490234,3601439.0
2019-05-20T00:00:00,90.34053789198606,90.77969136995098,89.58770199078508,90.02685546875,2858655.0
2019-05-21T00:00:00,90.46600894671492,90.52874926049327,89.49359152011755,90.02685546875,2792673.0
2019-05-22T00:00:00,89.96411224102911,90.0582227086484,87.70560461057936,87.7997055053711,4375317.0
2019-05-23T00:00:00,87.83107170493537,89.05443114626011,86.73318330862368,87.54875946044922,3875580.0
2019-05-24T00:00:00,87.54876363080645,88.67802223537005,87.54876363080645,88.33296966552734,3127037.0
2019-05-27T00:00:00,89.02307094262179,89.11718141652139,87.67424030551437,88.20750427246094,1700094.0
2019-05-28T00:00:00,88.14475000376522,88.33296134894357,86.0430741994558,87.07823181152344,5938519.0
2019-05-29T00:00:00,86.89001966141703,86.89001966141703,85.60391998291016,85.60391998291016,2557152.0
2019-05-31T00:00:00,85.41572947360933,86.23130577887333,84.38058119147009,85.2588882446289,5039956.0
2019-06-03T00:00:00,85.1334093259321,85.16477948340136,84.09826113924296,84.75699615478516,2858390.0
2019-06-04T00:00:00,85.07069251647184,87.76835418973884,84.72563987345431,86.92141723632812,5076770.0
2019-06-05T00:00:00,87.2037083285108,87.26644863845358,85.13340254715335,86.51360321044922,4815408.0
2019-06-07T00:00:00,86.57633831728762,87.76832755194569,86.38812697159774,87.48601531982422,4092454.0
2019-06-11T00:00:00,89.39948124362736,90.74831169290925,89.39948124362736,90.21505737304688,3721006.0
2019-06-12T00:00:00,90.05822104973755,90.24643240868166,88.33296780960016,88.39569854736328,4067901.0
2019-06-13T00:00:00,88.39570999866457,89.8386511737266,87.5801432922991,88.45845031738281,4541716.0
2019-06-14T00:00:00,88.45844249681832,88.67802402009046,87.48602507962816,88.0506591796875,2742723.0
2019-06-18T00:00:00,87.86243970629286,88.0192809019225,86.01171551242841,87.10960388183594,4481236.0
2019-06-19T00:00:00,87.42329444870198,88.83486534137536,87.42329444870198,88.23886108398438,3360901.0
2019-06-20T00:00:00,89.08580540030611,89.83864127785586,87.98791695347136,88.019287109375,4638026.0
2019-06-24T00:00:00,88.01929019939897,89.05443837076656,86.2312965512245,86.29403686523438,3948834.0
2019-06-25T00:00:00,85.94898011845879,86.26266252765025,84.91383199725796,85.50982666015625,3195531.0
2019-06-26T00:00:00,85.60393394688587,87.14097595214844,85.07067955513216,87.14097595214844,2911452.0
2019-06-27T00:00:00,87.32918744964198,88.27023474882525,87.14097607523969,87.45465850830078,2284239.0
2019-06-28T00:00:00,87.5487556259964,88.11338009023935,87.26644339387495,87.48601531982422,2884817.0
2019-07-01T00:00:00,88.39569907674105,90.08959174455484,88.36433849408537,89.55632781982422,4205837.0
2019-07-02T00:00:00,89.61907588544726,89.8700180053711,88.23886550738139,89.8700180053711,3298150.0
2019-07-03T00:00:00,90.12095033862715,90.4660028956727,89.43085479736328,89.43085479736328,3066976.0
2019-07-04T00:00:00,89.65043286363652,90.4660090798158,89.58770212259374,90.34053802490234,2506945.0
2019-07-05T00:00:00,90.49737243693431,92.50493788318823,89.87000763667828,92.00304412841797,3668794.0
2019-07-08T00:00:00,92.0344181131592,93.66557049083886,91.12474102949568,92.06578826904297,4323585.0
2019-07-09T00:00:00,91.59526040090878,91.97168310839953,90.59147289615154,91.1874771118164,2779068.0
2019-07-10T00:00:00,91.34431639129353,92.00304175631683,91.03063399925313,91.1561050415039,2750328.0
2019-07-11T00:00:00,91.28158765766064,91.87758236354021,90.56012189362137,91.40705871582031,1647815.0
2019-07-12T00:00:00,92.03441876010012,93.85378251304367,92.03441876010012,93.54010009765625,3593516.0
2019-07-15T00:00:00,94.04199946330482,94.07336962446585,92.06580375693831,92.91275024414062,3118703.0
2019-07-16T00:00:00,91.06200403545918,91.78347935576136,89.77591375281617,90.96790313720703,5765488.0
2019-07-17T00:00:00,87.4546573091167,87.83108005275973,84.53741455078125,84.53741455078125,12422785.0
2019-07-18T00:00:00,84.53741449807087,85.22751967004348,82.43573839755906,84.44331359863281,6789807.0
2019-07-19T00:00:00,84.81972320651381,85.44708803729102,84.28646884404975,85.0079345703125,3563810.0
2019-07-22T00:00:00,85.32162056948155,85.6039328406238,83.8786794835203,84.44331359863281,4057902.0
2019-07-23T00:00:00,84.9765627353998,86.01172042942805,84.06688566331006,85.50982666015625,3955910.0
2019-07-24T00:00:00,85.1647831941626,85.38436473318684,84.09826480353435,84.38057708740234,3500333.0
2019-07-25T00:00:00,84.50603654895993,85.3843530116535,83.62772965909349,84.12962341308594,3145965.0
2019-07-26T00:00:00,84.06689633495435,84.2551077189267,82.96900776341577,83.78458404541016,2499543.0
2019-07-29T00:00:00,83.78458409193449,84.3492086713364,83.31406041815667,83.8786849975586,1788067.0
2019-07-30T00:00:00,83.75319991053433,84.09825246143528,82.24752823565555,82.56121063232422,2548840.0
2019-07-31T00:00:00,82.59257712411387,83.2199419623459,82.46710607103302,82.93762969970703,2333292.0
2019-08-01T00:00:00,82.6866894476157,83.84730868067268,82.18479565121066,82.8749008178711,2194703.0
2019-08-02T00:00:00,81.93384893546045,81.96520951805087,80.1144852223279,81.02416229248047,3727624.0
2019-08-06T00:00:00,79.48712152463403,80.6791204375056,78.85975669875242,79.39302062988281,3059251.0
2019-08-07T00:00:00,79.64397049759239,80.93007043062933,79.14208145979362,79.70671081542969,3279918.0
2019-08-08T00:00:00,80.80459397928371,80.86732472010931,79.86354671144926,80.67912292480469,2698009.0
2019-08-09T00:00:00,80.3654362379819,80.8045896917708,79.48711975757675,79.67533111572266,2415730.0
2019-08-12T00:00:00,80.11448620542946,80.42816861780219,78.76565566135774,79.07933807373047,2332003.0
2019-08-13T00:00:00,78.70292103969093,79.298920538136,77.38545576976021,79.0479736328125,4257363.0
2019-08-14T00:00:00,79.26754747627092,79.36165316062164,76.72672271728516,76.72672271728516,3760688.0
2019-08-15T00:00:00,77.04040060652403,77.51092421417036,75.75430083105861,77.22860717773438,4149940.0
2019-08-16T00:00:00,77.57365762126251,78.70291137695312,77.38544626877398,78.70291137695312,3945063.0
2019-08-19T00:00:00,79.1107052765059,79.80080564243619,78.35786938392992,78.89112854003906,2557235.0
2019-08-20T00:00:00,78.79702805590517,78.92250390388934,77.29135138499454,77.51093292236328,2270896.0
2019-08-21T00:00:00,77.66776664409377,78.29513146420305,77.44818512792455,77.8246078491211,1793064.0
2019-08-22T00:00:00,77.82461490046349,79.42439246484264,77.57366799239985,78.79702758789062,3230007.0
2019-08-23T00:00:00,79.36164593595115,79.95764057189288,77.9814453125,77.9814453125,2881981.0
2019-08-26T00:00:00,77.54229454382728,78.26376507899258,77.16587659091051,77.66777038574219,1925871.0
2019-08-27T00:00:00,77.8246106670736,78.10692293177954,77.25998135124783,77.69913482666016,2139049.0
2019-08-28T00:00:00,77.6991307853807,77.73050094045591,76.85218924890005,77.22860717773438,1909667.0
2019-08-29T00:00:00,77.9187154495615,77.9187154495615,76.41304358083528,77.8559799194336,4521118.0
2019-08-30T00:00:00,78.07554207911967,79.39301189769775,77.79322985308909,79.1106948852539,3498457.0
2019-09-02T00:00:00,79.04797674050884,79.04797674050884,76.88356976813206,77.00904083251953,3717249.0
2019-09-03T00:00:00,77.1658706665039,77.76186531399684,76.63261154194493,77.1658706665039,3021962.0
2019-09-04T00:00:00,77.79323593200928,78.73428314086424,77.57365920722586,78.10691833496094,2872263.0
2019-09-05T00:00:00,78.35786663559044,81.14964294433594,78.32649648016094,81.14964294433594,4918911.0
2019-09-06T00:00:00,81.43195887944724,81.96521325454984,80.39680114043423,80.77322387695312,3181578.0
2019-09-09T00:00:00,81.05553617335623,85.35298919677734,81.05553617335623,85.35298919677734,4884317.0
2019-09-10T00:00:00,85.5412009612554,87.3605551936069,83.03174156610692,86.29403686523438,9255897.0
2019-09-11T00:00:00,86.57634701595633,87.14097153692933,85.66666992202087,85.8548812866211,4620821.0
2019-09-12T00:00:00,86.16855481145916,88.01927896458854,85.57255062292326,87.07823181152344,5598518.0
2019-09-13T00:00:00,87.42330046899168,90.0268609100822,87.42330046899168,89.2740249633789,4356402.0
2019-09-16T00:00:00,89.08580568726263,89.27401705046321,88.08201813207795,88.64665222167969,2707124.0
2019-09-17T00:00:00,88.20749952740955,88.20749952740955,85.57255956521591,86.04308319091797,4789818.0
2019-09-18T00:00:00,85.76078234161021,86.92141126857592,85.69805159353275,86.1058349609375,2129824.0
2019-09-19T00:00:00,86.16855881965137,88.05065321332856,85.76076595732505,87.54875946044922,2971333.0
2019-09-20T00:00:00,87.67423445470627,88.64665184980697,87.51739324816833,87.7997055053711,4620410.0
2019-09-23T00:00:00,88.7721323728246,89.14855513781252,86.76456662948898,87.29782104492188,3881564.0
2019-09-24T00:00:00,87.76833291981659,88.42706788360574,86.73318481445312,86.73318481445312,3591053.0
2019-09-25T00:00:00,86.57634726854916,86.92139984251834,85.07067549300982,86.35676574707031,3697441.0
2019-09-26T00:00:00,86.356754571638,87.26644112333261,86.23128353538489,86.82727813720703,2460367.0
2019-09-27T00:00:00,87.01549760545251,88.39569827880369,86.95276686787999,87.89381408691406,2604992.0
2019-09-30T00:00:00,87.89382023972767,89.24265085230084,87.89382023972767,88.89759826660156,3988984.0
2019-10-01T00:00:00,88.8975996876782,89.49359439641624,87.67424011230469,87.67424011230469,3764408.0
2019-10-02T00:00:00,87.4546618384281,87.86245476063247,85.94898993153265,86.16857147216797,3035106.0
2019-10-03T00:00:00,86.01173550016257,86.51361978454571,83.65911701900747,84.56879425048828,3579404.0
2019-10-04T00:00:00,84.7883583394733,85.1020407744293,83.69046981712734,83.94142150878906,3752980.0
2019-10-07T00:00:00,84.06688740710223,85.25887675762412,83.50226288797663,85.2275161743164,2945718.0
2019-10-08T00:00:00,85.6039307636131,85.76077197408979,83.03174065549202,84.09825897216797,3623538.0
2019-10-09T00:00:00,83.9414196487208,84.60015466209703,83.34542495007678,84.004150390625,2528506.0
2019-10-10T00:00:00,84.06688557613967,85.29024505615234,83.75320316727348,85.29024505615234,2980470.0
2019-10-11T00:00:00,85.79214192510571,88.0506591796875,85.44708934831853,88.0506591796875,3828256.0
2019-10-14T00:00:00,87.67423622924368,87.76833712594004,86.5449776047487,87.51739501953125,2588719.0
2019-10-15T00:00:00,87.5487618216934,88.83486160662515,87.36055046268409,88.52117919921875,3195900.0
2019-10-16T00:00:00,88.52118694989404,89.17991240486181,87.64287038855666,88.83486938476562,3301765.0
2019-10-17T00:00:00,88.77212179688354,90.27779353179865,88.36433849408537,89.55632781982422,4189859.0
2019-10-18T00:00:00,89.52496702232291,89.93275994057483,88.89760213839237,89.054443359375,2740365.0
2019-10-21T00:00:00,89.14855810116403,90.52875899728419,88.80350548392677,90.46601867675781,3390650.0
2019-10-22T00:00:00,90.56011477773734,92.50493995846543,90.52874462245533,92.34809875488281,6281968.0
2019-10-23T00:00:00,89.65043581063978,91.12474707961333,86.07445797750286,88.20750427246094,10730724.0
2019-10-24T00:00:00,88.1447567753423,90.49737483874112,87.14096923916118,89.14854431152344,4809152.0
2019-10-25T00:00:00,89.39949008685541,90.21506629695017,88.14476040142586,88.77212524414062,3434540.0
2019-10-28T00:00:00,88.77211937489702,89.46222448538751,87.76833186378852,88.48980712890625,3221175.0
2019-10-29T00:00:00,87.51738442431534,87.51738442431534,84.53740180054834,85.60391998291016,8118107.0
2019-10-30T00:00:00,85.3216109883221,86.38812921111074,83.72182886772568,84.50603485107422,5510889.0
2019-10-31T00:00:00,84.63151361418963,84.97656619290512,83.4395242398937,84.72562408447266,4394925.0
2019-11-01T00:00:00,84.94519754457167,84.94519754457167,83.34542482245782,83.69046783447266,2375639.0
2019-11-04T00:00:00,84.22373267336002,85.88624572753906,84.22373267336002,85.88624572753906,4230330.0
2019-11-05T00:00:00,86.26266105638008,86.54497330527188,85.22751295283443,86.41950225830078,3185203.0
2019-11-06T00:00:00,86.51360154887185,87.92517234002852,86.41950065859224,87.01549530029297,3438075.0
2019-11-07T00:00:00,87.20371260010641,88.08201954536487,87.10961170341005,87.51739501953125,3581920.0
2019-11-08T00:00:00,87.23507492377428,87.58012746872487,86.57633998756438,87.10960388183594,2285616.0
2019-11-11T00:00:00,87.14096811103212,87.20370842104148,85.72939729126706,86.73318481445312,2684408.0
2019-11-12T00:00:00,86.85865212417718,87.17233451507188,86.35675838418028,86.89002227783203,2376806.0
2019-11-13T00:00:00,85.32163191008877,85.66668454193808,82.81217214802734,83.53363800048828,7251430.0
2019-11-14T00:00:00,83.31405073901922,84.06688661503613,82.56121486300232,83.43952178955078,3342725.0
2019-11-15T00:00:00,83.75320778195896,84.00414989374751,81.3378492714754,82.8749008178711,5370642.0
2019-11-18T00:00:00,83.03174123129347,84.12962971224387,80.27133016406435,80.99280548095703,5541440.0
2019-11-19T00:00:00,81.21237207307598,82.43573152796516,79.51848901455041,81.74563598632812,4716763.0
2019-11-20T00:00:00,79.67532997281847,80.93005957868962,78.20102364320257,79.29891204833984,9971669.0
2019-11-21T00:00:00,78.64018550996359,79.61260297318684,78.64018550996359,79.0479736328125,3685213.0
2019-11-22T00:00:00,79.04797954757298,80.11449799198239,79.01660938715499,79.64397430419922,3177188.0
2019-11-25T00:00:00,79.98902397304525,80.74185993116703,79.26755338777022,79.45576477050781,2559680.0
2019-11-26T00:00:00,79.58122862835334,79.6125987847737,77.98145116560669,78.26376342773438,5160692.0
2019-11-27T00:00:00,78.42060504573406,79.612599199712,78.3264993623964,79.2048110961914,3844528.0
2019-11-28T00:00:00,79.17345027738418,79.17345027738418,78.10693183754175,78.60882568359375,2120976.0
2019-11-29T00:00:00,78.60881407960173,78.67154960449378,77.7932378967637,78.23239135742188,2344206.0
2019-12-02T00:00:00,78.48335031971571,78.76566740479102,77.07177925358265,77.1031494140625,3926697.0
2019-12-03T00:00:00,77.3540999592772,77.7932535080633,76.13073543951933,76.3189468383789,3940048.0
2019-12-04T00:00:00,76.3189350002443,77.85597696899359,76.22482931541161,77.66777038574219,3716095.0
2019-12-05T00:00:00,77.82460776103788,78.13829017073749,77.3854495156102,77.60502624511719,2668816.0
2019-12-06T00:00:00,77.79323853633353,78.07555079387568,76.69535008924818,77.57366180419922,4319972.0
2019-12-09T00:00:00,77.54229480328041,78.67155345222314,77.44818911813285,78.29513549804688,3162883.0
2019-12-10T00:00:00,78.29512677741573,78.32649214469542,76.72671482102851,78.01280975341797,4496145.0
2019-12-11T00:00:00,78.04418379799046,78.29513068080603,77.51092466351595,78.1696548461914,3597328.0
2019-12-12T00:00:00,78.29512774685686,79.98901076616316,77.88733967586431,79.89490509033203,4420648.0
2019-12-13T00:00:00,81.18100535794856,82.18479291736807,80.80459220278696,80.96143341064453,6127688.0
2019-12-16T00:00:00,81.27510504685274,82.15341186523438,81.118263859797,82.15341186523438,3433990.0
2019-12-17T00:00:00,82.18478830341117,83.5336187861302,81.74563486063012,83.28267669677734,5647910.0
2019-12-18T00:00:00,83.28268086732324,84.06688690185547,82.43573452089738,84.06688690185547,5344962.0
2019-12-19T00:00:00,84.06687994564281,85.44708053764771,83.84729844501229,85.32160949707031,4130618.0
2019-12-20T00:00:00,85.25889434645448,86.92141723632814,84.88248111365958,86.92141723632812,6812964.0
2019-12-23T00:00:00,87.04686165852259,87.48601508205431,86.63907838799172,87.07823181152344,2694106.0
2019-12-27T00:00:00,87.29782295532746,88.05066850177842,87.17235188852857,87.32919311523438,2899297.0
2019-12-30T00:00:00,87.32917412722044,88.01927920380776,87.10960220127116,87.48601531982422,4219072.0
2020-01-02T00:00:00,88.01929501676226,89.71317828662943,87.92518454059672,88.74076080322266,3534025.0
2020-01-03T00:00:00,88.52117276111535,88.52117276111535,86.9213906851286,87.17233276367188,3652167.0
2020-01-07T00:00:00,86.79592563399599,88.1761263068588,86.5136038101238,87.7683334350586,3540502.0
2020-01-08T00:00:00,87.39191601782892,87.61148794775909,86.51359957962764,86.89002227783203,3545117.0
2020-01-09T00:00:00,87.14096755392626,87.79970251350402,85.32161344921361,85.57255554199219,6308117.0
2020-01-10T00:00:00,85.63530731201172,85.94898975637807,84.75700029691735,85.63530731201172,3908377.0
2020-01-13T00:00:00,85.63530742338973,86.13720124959436,85.29025481957228,85.94898986816406,3035644.0
2020-01-14T00:00:00,85.98035205742643,86.1371932652755,85.00793465419666,85.2275161743164,3271022.0
2020-01-15T00:00:00,85.10204474293806,85.19615522151038,83.94142542317542,84.19236755371094,4113656.0
2020-01-16T00:00:00,84.3492000529561,86.07445334719698,84.25509915694677,86.04308319091797,4354231.0
2020-01-17T00:00:00,86.26267069735533,87.48603029449761,85.41572428319542,86.76456451416016,3653471.0
2020-01-20T00:00:00,86.85866140001163,86.85866140001163,85.88624396982601,86.29403686523438,2943851.0
2020-01-21T00:00:00,86.19992639421957,86.98413245520346,85.29024927804382,86.29403686523438,2270717.0
2020-01-22T00:00:00,86.85865927644282,86.85865927644282,85.44708840118267,85.8548812866211,2326658.0
2020-01-23T00:00:00,85.63530299804583,85.88624511176603,83.81594874150426,84.44331359863281,3029262.0
2020-01-24T00:00:00,84.69425576516117,86.19992759407727,84.34920317895973,84.53741455078125,3452487.0
2020-01-27T00:00:00,83.69045595752111,83.91003745475767,82.78077896136196,82.90625,5119031.0
2020-01-28T00:00:00,82.90626402573487,89.65043640136719,82.37300962810275,89.65043640136719,13835876.0
2020-01-29T00:00:00,89.77590281302697,92.59904429050799,88.64664430746923,91.65799713134766,7916182.0
2020-01-30T00:00:00,91.46979660987456,92.06579129997664,90.21506691583741,90.2464370727539,4866370.0
2020-01-31T00:00:00,90.84242919112538,94.51250769858818,90.77968887906854,93.0068359375,8702636.0
2020-02-03T00:00:00,93.0068316379585,93.1636728380225,91.2188381280979,92.00304412841797,3764251.0
2020-02-04T00:00:00,92.28537380562747,92.72452728863868,91.53252832294773,92.53631591796875,3631360.0
2020-02-05T00:00:00,92.84999340174188,94.41840545244699,92.15988827030066,94.23019409179688,5187861.0
2020-02-06T00:00:00,95.07714500380051,96.77102818551295,95.07714500380051,95.95545196533203,5080714.0
2020-02-07T00:00:00,95.48493612900076,96.58282470703125,95.20262383778723,96.58282470703125,4702820.0
2020-02-10T00:00:00,96.582810210091,98.5276449426739,96.26912780630842,98.1512222290039,5466913.0
2020-02-11T00:00:00,98.18259458996,99.12364182245163,98.08849369584183,98.8099594116211,4846988.0
2020-02-12T00:00:00,98.93543031541809,99.24911272578582,98.43353654426421,98.49627685546875,4067287.0
2020-02-13T00:00:00,98.02576838238942,98.80997452944854,97.178821914434,98.40219116210938,3940208.0
2020-02-14T00:00:00,98.40217404799903,98.6531161422825,97.93165044159704,98.46490478515625,2310653.0
2020-02-17T00:00:00,98.59037760305797,99.09227137346662,98.02575309436541,98.1825942993164,2047139.0
2020-02-18T00:00:00,97.77481304083415,99.24911465451646,97.55523152017857,98.52764892578125,2972296.0
2020-02-19T00:00:00,99.2804727583662,101.5076195594541,98.74720888598372,100.94298553466797,4466630.0
2020-02-20T00:00:00,101.19396033865226,102.07226736999023,100.59796559789945,101.57037353515625,4394609.0
2020-02-21T00:00:00,101.31942366398141,101.7272069889158,100.44111669974062,101.25668334960938,3987821.0
2020-02-24T00:00:00,99.12363968822636,99.8764755434449,97.80616976197345,98.37080383300781,6801900.0
2020-02-25T00:00:00,98.24533949212555,99.09227629724771,96.17503356933594,96.17503356933594,5565449.0
2020-02-26T00:00:00,95.42220150611861,96.67693125861022,93.13231396412444,96.33187866210938,6088380.0
2020-02-27T00:00:00,94.79482967377555,95.45355508723335,92.50494229981457,93.32051849365234,5773152.0
2020-02-28T00:00:00,89.83864065512633,92.50494115038603,89.713169605209,90.8110580444336,8046729.0
2020-03-02T00:00:00,92.63041674054689,94.01062707577026,90.40327917007674,92.31673431396484,6671798.0
2020-03-03T00:00:00,94.01062723036415,95.42219815230459,92.63041689287112,92.75589752197266,6310262.0
2020-03-04T00:00:00,93.94788591650104,96.04956198483272,93.82241486156211,94.92030334472656,5888341.0
2020-03-05T00:00:00,96.39461651355832,97.02198143606199,93.69695500505573,94.54389190673828,6493272.0
2020-03-06T00:00:00,93.16368010948445,93.50873269112219,90.49737950029044,90.96790313720703,6837986.0
2020-03-09T00:00:00,86.23129716873336,87.0468733925626,83.18858337402344,83.18858337402344,11591532.0
2020-03-10T00:00:00,84.06689212747074,87.14097614479175,82.3730089021545,82.78079223632812,7823921.0
2020-03-11T00:00:00,84.53742005541325,86.8900384243023,82.96900780948722,83.8786849975586,10010565.0
2020-03-12T00:00:00,80.20859472328574,81.40058888974397,72.14695739746094,72.14695739746094,15156292.0
2020-03-13T00:00:00,73.21347405744396,79.36165133212683,72.27242680844641,74.87599182128906,13166205.0
2020-03-16T00:00:00,71.5195823833459,73.37030650413912,68.91601768140636,70.86084747314453,11792467.0
2020-03-17T00:00:00,72.24105835704779,79.33027779190692,69.8570701800498,78.10691833496094,11453901.0
2020-03-18T00:00:00,76.5385114803125,79.23618224213499,74.53094588064036,77.0404052734375,9353865.0
2020-03-19T00:00:00,77.51092606822563,79.1734390258789,75.18967334313137,79.1734390258789,9825434.0
2020-03-20T00:00:00,78.82839056633209,80.52227845166567,75.03283149191982,75.69156646728516,10730043.0
2020-03-23T00:00:00,72.146957590026,75.12694062091839,69.88844509231669,70.32759857177734,8763181.0
2020-03-24T00:00:00,73.0879954102532,73.40167779398818,69.88843605343894,71.1431655883789,8608412.0
2020-03-25T00:00:00,72.77432002642804,72.77432002642804,69.48065468040436,71.48822021484375,11763623.0
2020-03-26T00:00:00,70.35897779491941,71.95875549316406,69.85708393679488,71.95875549316406,6812176.0
2020-03-27T00:00:00,69.85706778870161,70.60990840186248,69.19833763690097,69.35517883300781,7324279.0
2020-03-30T00:00:00,69.38654820115403,69.63749508667706,66.53204113926911,67.69266510009766,6167812.0
2020-03-31T00:00:00,68.47687010218692,69.54338836669922,67.41034705126097,69.54338836669922,8876631.0
2020-04-01T00:00:00,68.38276745150455,68.97249193182134,67.78049778042977,68.28238677978516,5263305.0
2020-04-02T00:00:00,68.38277127182383,69.3489137522358,67.5671950209887,68.80937957763672,4765664.0
2020-04-03T00:00:00,68.80938108813959,69.01013766078712,67.50446097272346,67.68012237548828,3926812.0
2020-04-06T00:00:00,69.13560375317451,69.42419579286992,67.83068851799155,69.22343444824219,5914442.0
2020-04-07T00:00:00,70.26485797071537,71.28119067518641,69.51202212130886,71.24354553222656,9623986.0
2020-04-08T00:00:00,68.69645196652687,69.32381682466867,66.2246328937957,66.86454772949219,13397950.0
2020-04-09T00:00:00,67.7428493344633,67.91851070258757,67.02764909987931,67.3413314819336,6423052.0
2020-04-14T00:00:00,67.75541108000209,69.68769617435643,67.75541108000209,69.39910888671875,7245548.0
2020-04-15T00:00:00,69.31126936793295,69.31126936793295,64.90716552734375,64.90716552734375,6690345.0
2020-04-16T00:00:00,65.48433997986807,66.01132893201941,63.614795445516854,63.91592788696289,5877038.0
2020-04-17T00:00:00,65.8733103529563,67.81814046323696,65.30868102121958,67.49191284179688,8183783.0
2020-04-20T00:00:00,67.75539883762585,67.88086988387082,66.09915613784142,67.14057922363281,3835352.0
2020-04-21T00:00:00,66.27482345555975,66.57596069450949,65.0451889038086,65.0451889038086,4718359.0
2020-04-22T00:00:00,65.97368779236072,67.75540161132812,65.67255056806607,67.75540161132812,4684343.0
2020-04-23T00:00:00,67.44171935854139,68.53333282470703,65.9987783321187,68.53333282470703,5222222.0
2020-04-24T00:00:00,67.37898331055716,70.56599777730982,66.63869262397152,69.87589263916016,5992863.0
2020-04-27T00:00:00,71.03025339609202,71.51959724298086,69.39910564432442,70.4405288696289,4777184.0
2020-04-28T00:00:00,70.50325318118765,71.63251171461523,69.63749149650215,71.28118896484375,5094382.0
2020-04-29T00:00:00,71.43174839988158,73.64007013910602,71.26863223020752,73.61497497558594,6727617.0
2020-04-30T00:00:00,73.71537077627104,73.85339181078477,72.34771519509303,72.37281036376953,3889882.0
2020-05-04T00:00:00,70.16448026003006,70.20212540457551,67.75540161132812,67.75540161132812,5801506.0
2020-05-05T00:00:00,68.90975076616962,69.90098834827168,68.06908418978364,68.53333282470703,4293344.0
2020-05-06T00:00:00,68.45805265996802,68.45805265996802,67.1907730102539,67.1907730102539,3773050.0
2020-05-07T00:00:00,67.25351505923673,67.40408608076952,66.57596460799644,67.27861022949219,4158299.0
2020-05-08T00:00:00,67.6173863547135,67.94361877441406,66.93983113202546,67.94361877441406,3981493.0
2020-05-11T00:00:00,68.34512324160154,68.98503323530554,66.46302883064278,66.67633056640625,3744281.0
2020-05-12T00:00:00,66.50067373112296,67.16567893678173,66.12425578049373,66.6386947631836,4219756.0
2020-05-13T00:00:00,66.03642741563702,66.22463400438738,63.865745544433594,63.865745544433594,6433794.0
2020-05-14T00:00:00,63.86574789373229,63.966123787475325,62.196954984224135,63.47677993774414,8086186.0
2020-05-15T00:00:00,64.01631126917033,64.84443269783468,63.22583020067717,64.0037612915039,4792047.0
2020-05-18T00:00:00,64.76914143240745,67.61737823486328,64.6311204088326,67.61737823486328,5635328.0
2020-05-19T00:00:00,67.96870233589043,68.13181852936924,66.42538545227515,67.2284164428711,5300923.0
2020-05-20T00:00:00,67.1280439124917,67.32880048787624,66.32501761095361,66.50067901611328,2737768.0
2020-05-22T00:00:00,66.14934695390862,67.78049449907151,65.1204690506637,67.0025634765625,3705384.0
2020-05-25T00:00:00,67.50445226577637,67.80558947911312,66.9523729588082,67.7679443359375,3551609.0
2020-05-26T00:00:00,68.19456140249154,70.90477752685547,68.13182587098225,70.90477752685547,6212352.0
2020-05-27T00:00:00,71.16826240539194,75.30886900952218,70.79183970704185,74.27999114990234,6788412.0
2020-05-28T00:00:00,74.6564198041312,76.46322891325656,74.40547289792693,76.30011749267578,6791583.0
2020-05-29T00:00:00,75.25867951710035,75.64764740940487,74.02904510498047,74.02904510498047,7734009.0
2020-06-01T00:00:00,75.25868338289156,76.09935473230294,74.91990580504641,75.63510131835938,4228646.0
2020-06-02T00:00:00,76.2875573489017,79.09815370830938,76.02406528638603,78.746826171875,5355944.0
2020-06-03T00:00:00,79.70043415286091,80.84223803187706,78.68410133405632,80.30270385742188,5896395.0
2020-06-04T00:00:00,79.76316368871964,81.14336439298056,79.0981585040284,80.41561889648438,4687581.0
2020-06-05T00:00:00,81.26884712876482,82.44829623592311,80.81715319556841,82.03423309326172,4966517.0
2020-06-08T00:00:00,82.18479879249219,84.44331617622635,81.92130669319458,84.15472412109375,5453956.0
2020-06-09T00:00:00,84.16726832897888,84.44331038727009,80.40307932935902,82.29771423339844,4907669.0
2020-06-10T00:00:00,82.58631048474948,84.00415163410197,81.4068614746866,82.37300872802734,4385225.0
2020-06-11T00:00:00,80.30269802465611,80.503459364675,77.51719665527344,77.51719665527344,7401937.0
2020-06-12T00:00:00,76.32521398624112,79.08561564314095,76.24992847714934,77.30390167236328,5411892.0
2020-06-15T00:00:00,75.34651667953699,76.75181258752158,75.07047940340586,76.4004898071289,6245964.0
2020-06-16T00:00:00,77.7179555591845,78.28258487902835,76.23737413666683,77.65522003173828,8196876.0
2020-06-17T00:00:00,77.21606402478882,78.29513229262027,76.22482644978888,76.27501678466797,6963708.0
2020-06-18T00:00:00,75.8484131505189,76.3001166192329,74.78189000796324,75.49708557128906,11595085.0
2020-06-22T00:00:00,75.30887493396045,76.24992218103965,74.83207632191113,75.3967056274414,5384063.0
2020-06-23T00:00:00,76.03661060176894,77.70540323995245,75.78566851500425,76.77690124511719,6583542.0
2020-06-24T00:00:00,76.45068032383664,77.41682275861187,74.58113098144531,74.58113098144531,4530638.0
2020-06-25T00:00:00,74.07924250111898,75.88605154270215,73.64008423507461,75.83586120605469,4055435.0
2020-06-26T00:00:00,76.22482124937382,76.6388843042563,73.23856353759766,73.23856353759766,5762201.0
2020-06-29T00:00:00,73.23857242709569,76.1997353325623,72.93743997464276,75.91114807128906,5005818.0
2020-06-30T00:00:00,76.14953585571625,76.21227616332686,74.656409391005,74.90735626220703,4309682.0
2020-07-01T00:00:00,75.37161487843122,77.24116429158515,75.34651970933493,76.4381332397461,6510241.0
2020-07-02T00:00:00,77.16587999186424,79.08561498683858,76.86474274441035,78.6464614868164,5727154.0
2020-07-03T00:00:00,78.73428749015025,78.77192784893134,77.51719816781342,78.37041473388672,3880936.0
2020-07-06T00:00:00,79.8635527907488,81.88366851196636,79.57496072793404,80.75440979003906,4220697.0
2020-07-07T00:00:00,80.35289454977855,81.77073572478419,80.0643072808903,81.2437515258789,3939961.0
2020-07-08T00:00:00,80.95515159023945,83.36423975741072,80.86732089897153,82.28517150878906,5012376.0
2020-07-09T00:00:00,83.12584838343808,83.85359395733045,81.99658966064453,81.99658966064453,4841876.0
2020-07-10T00:00:00,81.39431006252354,83.85357885317016,80.95514705794317,83.67791748046875,3135815.0
2020-07-13T00:00:00,83.94140993597853,85.84859466552734,83.89121960456582,85.84859466552734,4899127.0
2020-07-14T00:00:00,85.0079304199627,87.07823617501431,84.39311559620992,86.60143280029297,5194057.0
2020-07-15T00:00:00,86.82730130516555,87.0406126538224,85.12086795288484,86.52616882324219,5112862.0
2020-07-16T00:00:00,86.57635471617031,87.41702137028328,86.35050297312804,86.87748718261719,3797645.0
2020-07-17T00:00:00,90.9679071780317,92.22263693221144,88.9728914638435,91.53253173828125,9835639.0
2020-07-20T00:00:00,91.532535450792,93.97926431437752,90.76714950387243,93.57775115966797,6863227.0
2020-07-21T00:00:00,94.10472586503477,95.58530726822443,93.27659968246515,93.76595306396484,6546912.0
2020-07-22T00:00:00,93.79103835957163,94.0670804054595,92.54885872590337,93.47735595703125,3577087.0
2020-07-23T00:00:00,93.72830531083173,93.97925699600097,92.17244315409432,92.53631591796875,2649057.0
2020-07-24T00:00:00,91.59525792067124,92.14734199062097,90.67930112942071,91.5701675415039,3404920.0
2020-07-27T00:00:00,91.46980722427419,91.9340511383302,90.30290809049643,90.80480194091797,2322899.0
2020-07-28T00:00:00,90.96789968535855,91.28158209806668,90.56638658000523,90.91770935058594,2597344.0
2020-07-29T00:00:00,91.959133886766,92.62413904567381,91.30666913147091,91.92149353027344,2744738.0
2020-07-30T00:00:00,91.94658167425798,91.94658167425798,89.26146115104692,89.81354522705078,3593009.0
2020-07-31T00:00:00,90.22762375736647,90.95535975992242,88.96034398958699,89.0732650756836,3194380.0
2020-08-03T00:00:00,88.96033475810927,90.6291275024414,88.23258925824341,90.6291275024414,2573713.0
2020-08-04T00:00:00,91.16866731872875,91.6705515554498,89.71317622831877,90.37818145751953,2265450.0
2020-08-05T00:00:00,90.96790558703277,91.11847660111911,90.10213900848566,90.36563110351562,2401935.0
2020-08-06T00:00:00,90.36560969782298,90.99297441533108,89.75079495505629,90.90514373779297,3121111.0
2020-08-07T00:00:00,90.34053061501785,90.82987439002302,89.68807543928664,90.03939819335938,1587352.0
2020-08-10T00:00:00,90.65422990034031,91.70819835889506,90.45346853328482,91.20631408691406,1646757.0
2020-08-11T00:00:00,91.97169382390776,93.61538672094593,91.63291143312955,92.98802185058594,2777998.0
2020-08-12T00:00:00,92.84999872257293,93.71576528748027,92.27282420357739,92.54886627197266,2228306.0
2020-08-13T00:00:00,92.08461232837385,93.47736306741935,91.74583951990535,92.2226333618164,1648668.0
2020-08-14T00:00:00,92.00931801487681,92.08459872278524,90.7294885434742,91.7207260131836,2124534.0
2020-08-17T00:00:00,91.62035430765425,92.21007877143838,91.14356048959543,91.33177185058594,1638000.0
2020-08-18T00:00:00,90.41581604352609,91.31922292845242,89.8135511687936,90.31544494628906,1862581.0
2020-08-19T00:00:00,90.13976633160767,91.0055327849363,89.81354354084547,90.93025207519531,1497882.0
2020-08-20T00:00:00,89.86374960066689,90.39073380674668,89.26147509884109,89.58770751953125,2345631.0
2020-08-21T00:00:00,89.82609091114055,90.35308463868336,88.96033396348757,89.67552947998047,1936051.0
2020-08-24T00:00:00,90.25270966422624,91.40705871582031,89.85119653441838,91.40705871582031,2350332.0
2020-08-25T00:00:00,91.59527417033487,92.38575048750441,90.66677681119197,91.0431900024414,2381231.0
2020-08-26T00:00:00,90.65422683296842,91.04319000244142,90.30290402533751,91.0431900024414,1601853.0
2020-08-27T00:00:00,92.19754396344085,93.13859125268347,90.86752395178821,92.74961853027344,4231318.0
2020-08-28T00:00:00,93.1385877130869,95.02068222004587,92.95037634782547,93.4397201538086,4660118.0
2020-08-31T00:00:00,94.04198595678376,94.41840869099525,91.9842300415039,91.9842300415039,2796880.0
2020-09-01T00:00:00,92.57394811018968,93.06329188706232,91.4948798912328,92.21007537841797,2240816.0
2020-09-02T00:00:00,92.47356828729706,93.21386373394186,92.12224552868348,93.1636734008789,3057304.0
2020-09-03T00:00:00,93.47736581469313,94.16747100218792,90.91771599129638,91.31922912597656,4254863.0
2020-09-04T00:00:00,90.9679043718173,92.66178757314071,90.71696225785385,91.19375610351562,3708337.0
2020-09-07T00:00:00,91.77092760277081,93.23895902406792,91.26903381853835,93.01310729980469,2235620.0
2020-09-08T00:00:00,93.4522675391454,93.69065966055922,91.74583446766859,91.93403625488281,3320310.0
2020-09-09T00:00:00,92.36064966678691,95.43473345900294,92.22262864041043,95.15869140625,4504920.0
2020-09-10T00:00:00,94.9203007607127,95.79860769420299,94.53132805631478,95.08341217041016,3370031.0
2020-09-11T00:00:00,95.03321799323989,95.10850827937209,93.10093324485192,93.47735595703125,2796617.0
2020-09-14T00:00:00,94.18002068875829,94.40587244757569,92.76217938624468,93.41463470458984,3420654.0
2020-09-15T00:00:00,93.2515064985901,93.99180196435177,92.1473478611734,92.5614013671875,4001007.0
2020-09-16T00:00:00,92.8500033314147,94.73209799353798,92.56141127117793,94.6819076538086,4118256.0
2020-09-17T00:00:00,94.01688862220097,94.21764037886027,93.16367211753804,93.67811584472656,3540123.0
2020-09-18T00:00:00,93.35189451167855,93.6404769909127,88.5462773130312,88.70938873291016,11297780.0
2020-09-21T00:00:00,87.85617653665274,87.88127649348041,85.48473797635738,86.0619125366211,5624877.0
2020-09-22T00:00:00,86.57634480056733,87.39192097774685,86.32540270274012,86.86493682861328,3032289.0
2020-09-23T00:00:00,86.66418357554421,89.16109310128128,86.31286077668612,88.11967468261719,3153640.0
2020-09-24T00:00:00,87.25389789855376,88.52117748025847,86.70181380893445,87.35427856445312,2214763.0
2020-09-25T00:00:00,87.74325830258657,88.09458112696865,86.23758632014075,86.52616882324219,2493036.0
2020-09-28T00:00:00,87.46720789999995,88.96033933467203,87.46720789999995,88.92269897460938,2900034.0
2020-09-29T00:00:00,88.73449117538956,88.93524296141861,87.89382452403774,88.23259735107422,1966050.0
2020-09-30T00:00:00,87.83108800886255,89.08581783756058,87.4421248252714,88.29534149169922,2536536.0
2020-10-01T00:00:00,89.17363227162167,89.87627778417936,88.45843678267482,89.62533569335938,2674795.0
2020-10-02T00:00:00,88.74703902664426,89.71317671771368,88.27023559719879,89.65043640136719,2431629.0
2020-10-05T00:00:00,90.02685305393885,91.31922307135343,89.81355130933845,90.6291275024414,2550218.0
2020-10-06T00:00:00,90.96789457102885,91.65799966931918,90.22760871361467,91.3694076538086,2940942.0
2020-10-07T00:00:00,90.84243789704198,91.15612034173284,89.95158090285932,90.22762298583984,2484070.0
2020-10-08T00:00:00,90.65422747345639,91.28159236946647,89.98922221533829,90.75460815429688,2913971.0
2020-10-09T00:00:00,90.76713221355283,91.24393557526342,89.62533328631162,90.10212707519531,2193316.0
2020-10-12T00:00:00,90.03941475661618,91.15612353298384,89.8637533472659,90.4534683227539,2358995.0
2020-10-13T00:00:00,90.50365290380192,90.5663932200745,88.40825653076172,88.40825653076172,2904455.0
2020-10-14T00:00:00,88.40824954091784,90.95534918581957,88.40824954091784,90.59147644042969,2556886.0
2020-10-15T00:00:00,90.01429638848445,90.27778844861704,89.32420087084965,90.10212707519531,2700311.0
2020-10-16T00:00:00,90.96791273896417,92.39830398034364,90.55384959729409,92.33556365966797,4235889.0
2020-10-19T00:00:00,92.31046407087966,93.30170168718047,92.08461234092722,93.15113067626953,3718119.0
2020-10-20T00:00:00,94.16746076016774,95.08340801177168,91.33176917019394,92.84999084472656,6875861.0
2020-10-21T00:00:00,94.10473055400048,95.0457778595405,92.97547187278683,92.98802185058594,4990482.0
2020-10-22T00:00:00,92.92527273415449,93.75339887956156,91.35686070678717,93.69065856933594,3422077.0
2020-10-23T00:00:00,93.97926515899053,95.42220636235588,93.4146309979369,93.79105377197266,3867498.0
2020-10-26T00:00:00,92.84998854031704,94.00433745171819,92.04696237822694,92.09715270996094,3465023.0
2020-10-27T00:00:00,92.0971603065001,92.78725588590379,90.69185962051418,91.16866302490234,3022732.0
2020-10-28T00:00:00,89.8888347513642,89.93902508799701,87.32918502005829,88.05693054199219,4463195.0
2020-10-29T00:00:00,87.83108621314325,88.64666249968819,86.89003886085958,87.42957305908203,3233199.0
2020-10-30T00:00:00,87.02805121105472,87.81852746178734,86.63908807427279,87.51739501953125,1473531.0
2020-11-02T00:00:00,87.95655329706503,90.089599609375,87.27899808535444,90.089599609375,3010598.0
2020-11-03T00:00:00,91.05573101825647,93.2264175415039,90.854979250582,93.2264175415039,3417879.0
2020-11-04T00:00:00,91.34433726777829,93.75341629175811,90.49112058351513,93.20133209228516,2502414.0
2020-11-05T00:00:00,93.60282684914588,94.31802234284561,93.00056199804465,93.1636734008789,2855929.0
2020-11-06T00:00:00,92.53629757471113,93.31423328528541,91.64544080781576,91.88384246826172,2337892.0
2020-11-09T00:00:00,92.88763199819084,97.15371460979082,92.69942064110916,96.08719635009766,7696677.0
2020-11-10T00:00:00,96.61418686231312,99.29930765343948,95.8989913165052,98.4586410522461,7718505.0
2020-11-11T00:00:00,97.88145917592404,99.87647465311026,97.1160733509737,98.15750122070312,4475624.0
2020-11-12T00:00:00,96.91530840563678,98.63429134677752,96.78983736436834,97.66814422607422,4087742.0
2020-11-13T00:00:00,97.47995375426434,97.54268449575935,95.92408202907254,97.4172134399414,4347410.0
2020-11-16T00:00:00,97.89400668105185,100.01450293083886,97.75599522147775,97.8312759399414,3739608.0
2020-11-17T00:00:00,97.81872365715034,99.17383399452586,97.69325260505876,98.62174987792969,3712998.0
2020-11-18T00:00:00,98.47120442215443,99.71338431322006,98.0195009030707,98.5213851928711,3348711.0
2020-11-19T00:00:00,96.8651202877766,98.05711913912909,96.5012571316325,97.61796569824219,4111618.0
2020-11-20T00:00:00,97.30427366702266,98.72211451373651,97.1913430375037,97.98181915283203,3103356.0
2020-11-23T00:00:00,98.45863908266068,99.1989249956057,98.23278735835365,98.33316802978516,2430444.0
2020-11-24T00:00:00,97.49249040504867,98.43353764669133,96.43852208936613,98.408447265625,4178373.0
2020-11-25T00:00:00,98.74721561745424,99.81374343492304,98.24533143608909,99.50006103515625,3960209.0
2020-11-26T00:00:00,99.50006425003565,99.6631756569668,97.79363117434274,98.1825942993164,2949919.0
2020-11-27T00:00:00,97.90655827045961,98.87270551318137,97.90655827045961,98.0696792602539,2519131.0
2020-11-30T00:00:00,97.86891381055077,98.47118826142908,96.80239551051413,97.37957000732422,3722358.0
2020-12-01T00:00:00,97.2415472139978,98.62174790505036,96.73965344284395,98.49627685546875,2292100.0
2020-12-02T00:00:00,98.34570919117965,99.34949676756668,98.08221710626431,99.16128540039062,2636416.0
2020-12-03T00:00:00,98.99817274663013,99.12364379889864,98.37080791245988,98.93543243408203,2468468.0
2020-12-04T00:00:00,98.8852337548213,99.68825990897486,98.74721273712363,99.03580474853516,2880249.0
2020-12-07T00:00:00,99.12363548224697,99.2992968552501,97.83126556394085,98.42098999023438,2388221.0
2020-12-08T00:00:00,98.42100991055555,98.78488270623156,97.90656609061848,98.69705200195312,2323709.0
2020-12-09T00:00:00,98.860147352314,99.82628494223412,98.860147352314,99.4122314453125,2720443.0
2020-12-10T00:00:00,99.41223917159127,99.81375229602453,98.0947691464797,98.67194366455078,2302825.0
2020-12-11T00:00:00,98.42100289110458,98.54647394929239,96.61418902015002,97.22900390625,2912595.0
2020-12-14T00:00:00,97.7434303772541,99.2240115764184,97.55521903689416,97.84381103515625,2781964.0
2020-12-15T00:00:00,97.20390541917753,97.42975713421602,88.4584384157806,93.07584381103516,11654024.0
2020-12-16T00:00:00,92.84999595506045,94.21764670592769,90.34053660492368,91.46979522705078,6957472.0
2020-12-17T00:00:00,91.82110709728138,91.92148775684161,89.67552075652112,89.76335144042969,4895372.0
2020-12-18T00:00:00,89.71317272011139,91.26903485332713,88.58391408599198,91.06828308105469,6943662.0
2020-12-21T00:00:00,89.6378926599819,91.31922585981101,88.8975971605263,88.98542785644531,4541770.0
2020-12-22T00:00:00,89.33675570812093,89.93903020918063,88.27023731922223,89.2740249633789,2772044.0
2020-12-23T00:00:00,89.27401969889615,90.35308800224206,88.7093855925438,90.34053802490234,1712556.0
2020-12-28T00:00:00,91.4697955782594,91.58271665449182,90.03940450901551,91.35686492919922,2057068.0
2020-12-29T00:00:00,91.46980039821563,91.59527145825032,90.49111272798548,91.01809692382812,2137032.0
2020-12-30T00:00:00,90.94280332539932,91.63289884429074,90.41580963134766,90.41580963134766,2759536.0
2021-01-04T00:00:00,91.0055481843945,91.2439499026844,89.85119909984155,90.18997192382812,2616922.0
2021-01-05T00:00:00,90.07704087123638,91.15610911388869,90.05194091796875,90.05194091796875,1429098.0
2021-01-07T00:00:00,91.59526435438379,93.94161224365234,90.9302591722304,93.94161224365234,4535846.0
2021-01-08T00:00:00,93.94161927046477,94.05454035233615,92.08461503945567,92.37320709228516,2767713.0
2021-01-11T00:00:00,92.34809425210716,93.20131074090797,91.54506809474485,91.77091979980469,1927999.0
2021-01-12T00:00:00,91.77092621935185,94.35566624586745,91.72073588440243,94.14236450195312,3304946.0
2021-01-13T00:00:00,94.11727484752464,94.23019592241195,92.9378258991764,94.04198455810547,2367528.0
2021-01-14T00:00:00,94.292938647134,96.46361566222986,94.16746759199555,96.16248321533203,3603387.0
2021-01-15T00:00:00,95.98681896247233,97.36701967351098,94.73208930283216,95.69822692871094,4033039.0
2021-01-18T00:00:00,95.48492154687403,96.23775739941586,95.04576809729356,96.07464599609375,1800027.0
2021-01-19T00:00:00,97.04078668084534,99.3620441950711,96.99060591885869,97.78108215332031,3771846.0
2021-01-20T00:00:00,97.81872372439223,99.71336820260888,97.81872372439223,99.67572784423828,3419362.0
2021-01-21T00:00:00,99.81374580463125,103.2767926878383,99.46241346737656,102.85018920898438,6014606.0
2021-01-22T00:00:00,102.17264663613228,103.38973605757512,101.84641421208516,103.01331329345703,2921143.0
2021-01-25T00:00:00,103.13877867377141,104.07982595938184,101.26923408008388,101.28178405761719,3456867.0
2021-01-26T00:00:00,101.36959726624974,102.86272843179255,101.08100526973989,102.68705749511719,2775807.0
2021-01-27T00:00:00,102.80000109562177,103.42736592360119,100.0019497507894,101.0057373046875,3591024.0
2021-01-28T00:00:00,100.3407328956598,100.65441531207848,97.86891392262818,99.36204528808594,3881697.0
2021-01-29T00:00:00,98.97306861476319,100.27798856349511,97.73088897593105,98.9856185913086,4931699.0
2021-02-01T00:00:00,95.56021730020325,95.97427082045196,92.92527730631843,94.70700073242188,13931325.0
2021-02-02T00:00:00,95.61040114589858,95.64805107879663,92.59905746636484,92.76216888427734,8681934.0
2021-02-03T00:00:00,93.47736175235896,93.90396525130498,92.34810311863738,93.66557312011719,4614123.0
2021-02-04T00:00:00,93.97925934780793,94.87011631358926,93.51500589824799,94.53133392333984,4435461.0
2021-02-05T00:00:00,94.68190334303966,94.98303579487717,93.48991394042969,93.48991394042969,3416898.0
2021-02-08T00:00:00,93.55264282226562,94.94539354695698,93.20132003997013,93.55264282226562,3712230.0
2021-02-09T00:00:00,93.56518626891337,94.34312207028916,93.21386351113951,93.46480560302734,2891616.0
2021-02-10T00:00:00,93.92906006588088,94.90774763727477,93.60282768447382,94.11727142333984,3846192.0
2021-02-11T00:00:00,94.12981202243333,94.54387509513685,93.31424542646417,93.69065856933594,2674341.0
2021-02-12T00:00:00,93.69065367742688,94.11726670446608,93.11347923023123,93.84122467041016,2888370.0
2021-02-15T00:00:00,94.29293175469265,95.89898411785549,94.19255108878816,95.87389373779297,3974208.0
2021-02-16T00:00:00,95.57040282512078,97.00395965576172,94.8342528191134,97.00395965576172,4759965.0
2021-02-17T00:00:00,96.52609602043502,96.6810785862682,94.48554643011842,94.82132720947266,4561589.0
2021-02-18T00:00:00,94.8213264104537,95.53165084791101,93.65898180975107,94.42096710205078,4017986.0
2021-02-19T00:00:00,94.66634396190456,94.9762992057766,93.99476277133233,94.27889251708984,3977609.0
2021-02-22T00:00:00,94.27890649654722,94.6146971416236,93.32320527180788,94.5113754272461,3493201.0
2021-02-23T00:00:00,94.6663445289853,95.092529296875,93.1423839453111,95.092529296875,3612558.0
2021-02-24T00:00:00,95.15711564783395,96.40986426285401,94.93756440794188,96.2677993774414,3241825.0
2021-02-25T00:00:00,96.43567814747621,98.34709010524148,96.42277032548468,97.404296875,4517930.0
2021-02-26T00:00:00,96.11281951426137,96.96520885067419,95.42833042166964,95.58331298828125,3679137.0
2021-03-01T00:00:00,96.29362521865235,97.52054833762193,96.21613886389865,97.30098724365234,2663507.0
2021-03-02T00:00:00,97.4301492233095,98.47625447848365,96.939376009632,97.93383026123047,3408312.0
2021-03-03T00:00:00,98.23087020376975,99.09617726037061,98.02423662465844,99.08325958251953,3089815.0
2021-03-04T00:00:00,98.73453074495566,101.03339411317978,98.42457551402062,100.6201171875,3745070.0
2021-03-05T00:00:00,100.4393140560106,101.96327479091575,99.7677426480713,101.25296020507812,2944397.0
2021-03-08T00:00:00,101.96328574515452,103.78429412841797,101.70499129588246,103.78429412841797,3444784.0
2021-03-09T00:00:00,103.93927018353777,105.03703630396693,103.2547712146739,103.77136993408203,3818778.0
2021-03-10T00:00:00,103.34517271490601,104.6108390537244,102.86732704015581,104.21047973632812,2844143.0
2021-03-11T00:00:00,104.21046766976127,104.61082694079981,103.30641757434248,104.33961486816406,2867746.0
2021-03-12T00:00:00,104.22339278739265,105.02412131564435,103.99092385037129,104.50752258300781,3695916.0
2021-03-15T00:00:00,104.50752534788828,105.45031879889035,103.59056725351725,103.79721069335938,3153807.0
2021-03-16T00:00:00,103.79719447091695,104.66249157009035,103.22893495346578,103.66803741455078,3679635.0
2021-03-17T00:00:00,103.39682688101642,104.05549043581078,102.73817317952222,102.97064208984375,4429910.0
2021-03-18T00:00:00,103.31935213930548,103.88761172912805,102.62194532996901,103.50016021728516,3325072.0
2021-03-19T00:00:00,102.82858910286335,104.58501888328668,102.77692824422722,103.11270904541016,4656839.0
2021-03-22T00:00:00,102.67359243832436,103.6034680595768,102.14407609993897,103.0739517211914,2073218.0
2021-03-23T00:00:00,102.50570552628706,103.25476326579798,101.8341242867666,102.78982543945312,2561995.0
2021-03-24T00:00:00,102.02785739226927,104.57209794427553,102.02785739226927,104.35254669189453,3421103.0
2021-03-25T00:00:00,102.81564836897444,103.60345904323552,100.55553804029408,101.66622161865234,6295496.0
2021-03-26T00:00:00,102.29778417638701,102.54777554286885,101.31098883063407,101.46887969970703,3238513.0
2021-03-29T00:00:00,100.65312765152727,101.57413264743708,100.16630498900261,100.3241958618164,2954224.0
2021-03-30T00:00:00,100.62682346189938,102.33726284638676,100.53472295687469,102.23200225830078,3027058.0
2021-03-31T00:00:00,102.20568635600551,102.600408519926,101.20573090208812,101.24520111083984,2592201.0
2021-04-01T00:00:00,101.31097570334443,101.60043724003742,100.71890258789062,100.71890258789062,1741249.0
2021-04-06T00:00:00,101.29782593457855,104.08717098150386,101.19257539632183,103.06090545654297,4869644.0
2021-04-07T00:00:00,102.95564440538477,104.57399313680823,102.95564440538477,104.36347198486328,3508841.0
2021-04-08T00:00:00,104.54767062410123,104.94239275602648,103.33720414222499,103.7977066040039,3274125.0
2021-04-09T00:00:00,103.9029778001324,103.94244800972001,102.7714516136793,103.52141571044922,3218170.0
2021-04-12T00:00:00,103.48193894980886,104.35031362036803,103.2187875055476,104.06085205078125,3049401.0
2021-04-13T00:00:00,104.33715417305643,104.41609458011943,103.08720751142393,103.50823974609375,3626164.0
2021-04-14T00:00:00,103.48193772417311,103.94244019842465,102.25831112790411,103.06090545654297,3553331.0
2021-04-15T00:00:00,103.19248142246411,103.42931271247578,102.20568605378246,102.3240966796875,3045093.0
2021-04-16T00:00:00,102.63987692424199,104.45557676231222,102.63987692424199,104.40294647216797,4791660.0
2021-04-19T00:00:00,104.27137503919877,104.33716541097093,103.02143828113876,103.07405853271484,3657907.0
2021-04-20T00:00:00,102.82408131807536,103.27142374178007,99.74527449121852,100.192626953125,4423570.0
2021-04-21T00:00:00,100.74522283678724,102.06094992622586,99.60053665522325,100.03472900390625,2469603.0
2021-04-22T00:00:00,100.29789658850017,100.45577744019637,99.15321022268934,99.65318298339844,2280393.0
2021-04-23T00:00:00,99.40319474142572,100.12683868408203,99.03478269049661,100.12683868408203,2262939.0
2021-04-26T00:00:00,100.52156133527,101.3241557402876,99.67949671987482,100.82417297363281,2951388.0
2021-04-27T00:00:00,100.83732599818512,100.83732599818512,94.82445344196694,97.81114959716797,14529644.0
2021-04-28T00:00:00,98.02166826943422,99.11372416402033,96.04807763313688,96.78488159179688,6773160.0
2021-04-29T00:00:00,97.33750436006856,99.27161494550506,97.0480427649387,97.74537658691406,5503114.0
2021-04-30T00:00:00,97.89010955470864,98.75848432114809,97.62695808139192,97.85063934326172,2126909.0
2021-05-03T00:00:00,98.04798723513011,98.19271803123127,96.73226002563013,97.4953842163086,3412418.0
2021-05-04T00:00:00,97.7190502517131,98.40323398577094,96.28491248773273,96.52174377441406,3762278.0
2021-05-05T00:00:00,97.31117838882741,97.85063133633258,97.0348768931058,97.61380004882812,3277871.0
2021-05-06T00:00:00,97.49537848552379,98.67953491210938,97.03487599690754,98.67953491210938,3419208.0
2021-05-07T00:00:00,99.33739667173498,99.79789915197696,98.36376142233749,98.81110382080078,3364366.0
2021-05-10T00:00:00,99.33739923904484,99.66633102460459,98.17956296762704,99.1531982421875,2440700.0
2021-05-11T00:00:00,98.46901501539452,98.8768972575722,96.82435607910156,96.82435607910156,3497439.0
2021-05-12T00:00:00,97.3638190145086,98.39008468990048,96.66648516011169,97.5611801147461,2041955.0
2021-05-14T00:00:00,98.53480144088117,101.58728790283203,98.45586102732591,101.58728790283203,5403362.0
2021-05-17T00:00:00,101.61360186736643,101.63991199087947,99.8636825268343,100.53470611572266,2285471.0
2021-05-18T00:00:00,101.03469110834251,101.49519361256979,100.06105580823315,100.81101989746094,2182710.0
2021-05-19T00:00:00,99.53476751167044,101.29783719135587,99.08741503111303,99.77159881591797,3835609.0
2021-05-20T00:00:00,100.11366418229915,101.50834165015583,99.3505501393593,101.4557113647461,2743773.0
2021-05-21T00:00:00,101.48202708899098,101.87674923224786,100.67943275904946,101.81095886230469,2833421.0
2021-05-24T00:00:00,101.60045649426173,102.4162009378603,100.98206310108091,101.37678527832031,2086610.0
2021-05-25T00:00:00,101.31097601969698,101.86357893427277,100.46891156752433,100.78468322753906,2272036.0
2021-05-26T00:00:00,100.27156205735558,100.46892313190688,96.82435340822349,97.90325927734375,6664197.0
2021-05-27T00:00:00,97.811159393261,98.5611335658595,97.27171643816312,97.91641998291016,4891287.0
2021-05-28T00:00:00,98.46902384851673,101.04785812557463,97.67958949592054,100.33736419677734,4899678.0
2021-05-31T00:00:00,100.1531539733136,100.1531539733136,98.07430267333984,98.07430267333984,3559372.0
2021-06-01T00:00:00,98.74532974575911,99.81106555874022,98.35060757299479,99.3505630493164,3289945.0
2021-06-02T00:00:00,99.35056247615205,101.17942245888564,99.21899176539026,100.65312957763672,3019776.0
2021-06-03T00:00:00,100.65313031494132,101.16626311741233,99.99526671811165,101.12679290771484,2298429.0
2021-06-04T00:00:00,101.02153848915513,102.02149402806755,100.71892683753588,101.49520111083984,2570260.0
2021-06-07T00:00:00,101.42939948529231,101.49518985697681,100.2320930186049,100.61365509033203,1837264.0
2021-06-08T00:00:00,100.6531285817464,100.6531285817464,100.06105537007564,100.40313720703125,469060.0
2021-06-09T00:00:00,99.9952684865028,100.31104020786887,99.40319525416616,99.67949676513672,1995251.0
2021-06-10T00:00:00,99.6794942721574,101.16626237634893,99.62686398021232,100.65312957763672,2734610.0
2021-06-11T00:00:00,100.08736274298735,101.31098937988281,100.08736274298735,101.31098937988281,1930995.0
2021-06-14T00:00:00,101.3109955688697,102.74513341507907,101.3109955688697,101.67939758300781,2019477.0
2021-06-15T00:00:00,101.77149020939196,102.11358206955731,101.11362665272077,101.90306091308594,2040690.0
2021-06-16T00:00:00,101.96885850597747,102.40305089330042,100.99522318384275,101.37678527832031,2045379.0
2021-06-17T00:00:00,101.94253671254931,103.37667438520877,101.32414339013623,101.40308380126953,4566684.0
2021-06-18T00:00:00,100.73207199616262,101.48203610441485,99.69264629556706,100.12683868408203,4611211.0
2021-06-21T00:00:00,99.37687556498047,101.83728908618646,98.77164224687569,101.69255828857422,3348078.0
2021-06-22T00:00:00,101.96885359330486,103.13984994764282,101.65308188964781,102.46882629394531,2904235.0
2021-06-23T00:00:00,103.87666362006017,105.95551510920137,103.75825298447484,104.2845458984375,5751437.0
2021-06-24T00:00:00,104.60031499513242,106.48180533934024,104.56084478426547,106.1134033203125,3442035.0
2021-06-28T00:00:00,106.11339430373832,106.19233471876457,104.8766075979202,105.62657165527344,2960547.0
2021-06-29T00:00:00,105.6265783594898,107.04756614936143,105.32396672388127,105.54763793945312,2293677.0
2021-06-30T00:00:00,105.4555353978348,105.91603790281539,103.83718655095817,104.7582015991211,2512472.0
2021-07-01T00:00:00,105.2713389538615,106.04761320469666,104.78451626283125,105.88973236083984,1729926.0
2021-07-02T00:00:00,105.88972664194677,106.19233826846367,104.82398081246119,105.1923828125,2145142.0
2021-07-05T00:00:00,105.21869163570219,105.94233547543378,104.8371295944471,105.85023498535156,1650013.0
2021-07-06T00:00:00,105.87657902454822,105.94235936761288,104.10034915055726,104.32402038574219,2132508.0
2021-07-07T00:00:00,105.58710080267039,106.46863555908203,105.02133774263582,106.46863555908203,2982590.0
2021-07-08T00:00:00,106.57390036500692,107.62648611228765,105.731835782463,106.21865844726562,3344492.0
2021-07-09T00:00:00,106.42916939550469,108.10014851364839,105.75814573178232,107.758056640625,3422777.0
2021-07-12T00:00:00,108.27119935495891,108.60013117580705,106.88968169211569,108.3238296508789,1908366.0
2021-07-13T00:00:00,108.40277338487331,109.00800674912557,107.56070870085253,108.11331176757812,2398796.0
2021-07-14T00:00:00,108.07382654597863,108.23171741663259,107.5475336820002,107.8896255493164,2062653.0
2021-07-15T00:00:00,108.15275970920477,109.27113573448331,107.6396269617432,108.12644958496094,3351496.0
2021-07-16T00:00:00,108.8764257747228,112.41573515412571,108.8764257747228,111.25788879394531,7945498.0
2021-07-19T00:00:00,111.83681104511678,111.99470192152137,106.1133997816247,106.54759216308594,5986568.0
2021-07-20T00:00:00,107.35016616030626,108.15276047110802,105.12659425170867,106.88966369628906,3308228.0
2021-07-21T00:00:00,107.28440011590148,107.98173394544033,106.03445321775634,107.66596221923828,3165084.0
2021-07-22T00:00:00,108.13961043955004,108.61327298493288,107.28438584159765,107.74488830566406,3115029.0
2021-07-23T00:00:00,108.20540309400887,108.48170460391864,107.49490919501143,108.02120208740234,3185701.0
2021-07-26T00:00:00,107.56068273792094,109.69216410134199,107.20544086311764,109.17903137207031,3153741.0
2021-07-27T00:00:00,109.20535903429669,109.98163327415533,108.57380555319307,109.74481201171875,2583683.0
2021-07-28T00:00:00,109.81058812326158,111.0736849986526,109.78427799673749,109.99478912353516,2747865.0
2021-07-29T00:00:00,109.96848262928555,111.79734264826772,109.96848262928555,111.04737854003906,2589319.0
2021-07-30T00:00:00,110.78421432511892,110.98157539156028,109.53427763465841,110.3631820678711,2004916.0
2021-08-02T00:00:00,110.36318697147266,110.90263990783433,109.99478498478726,110.41581726074219,2183164.0
2021-08-03T00:00:00,110.42897655597794,110.9552694067229,109.83690337276559,110.79737854003906,2773463.0
2021-08-04T00:00:00,111.17894137346603,111.33683224123997,110.53423789690797,111.27104187011719,2458988.0
2021-08-05T00:00:00,111.08684318035101,111.94206783167525,110.86317197501742,111.83680725097656,2150418.0
2021-08-06T00:00:00,111.81049774811135,112.21836995284029,111.31051500610651,111.84996795654297,1876218.0
2021-08-09T00:00:00,111.75786738616678,111.92890830199525,110.81054223160577,111.67891693115234,2141781.0
2021-08-10T00:00:00,111.40261772138,112.29731260370141,110.54739304827541,112.24468231201172,2504246.0
2021-08-11T00:00:00,112.1657396157051,112.8236031911638,111.41577554121028,112.70519256591797,2082864.0
2021-08-12T00:00:00,112.88939592469379,112.96833634317511,111.90260054087024,112.41573333740234,1835725.0
2021-08-13T00:00:00,112.12627385300341,112.88939803996108,112.04733343304294,112.34994506835938,2345188.0
2021-08-16T00:00:00,111.90259036923297,112.20520197137265,111.17893647159316,111.2184066772461,1990288.0
2021-08-17T00:00:00,110.9552762358127,111.7578706240017,110.61318435604318,111.17894744873047,2511749.0
2021-08-18T00:00:00,111.11316062446433,111.44209243216044,110.33688637663853,110.74475860595703,1825560.0
2021-08-19T00:00:00,109.49480415767295,110.38949893236921,108.87641085245927,109.71847534179688,2939809.0
2021-08-20T00:00:00,109.69217157739513,111.65260213920484,109.45534029865159,111.4026107788086,2964908.0
2021-08-23T00:00:00,111.67892699330991,112.16574969665531,110.91581280622574,111.56051635742188,2205358.0
2021-08-24T00:00:00,111.56051098075365,111.7315519037494,110.46845499080653,110.810546875,1577652.0
2021-08-25T00:00:00,110.79737751939757,111.4026107788086,110.20530434163928,111.4026107788086,1296004.0
2021-08-26T00:00:00,110.95527978121956,111.10001057966201,110.54739751369893,110.74475860595703,1360190.0
2021-08-27T00:00:00,110.58687559502732,110.96842765085788,110.46845492671285,110.63949584960938,1297341.0
2021-08-30T00:00:00,110.83685071439167,110.8500107963992,110.16583710502826,110.27108764648438,1309448.0
2021-08-31T00:00:00,110.27107608201429,110.58685778786976,109.36323128273071,109.61321258544922,3573090.0
2021-09-01T00:00:00,110.27110295542329,111.08685750371801,110.1263721478516,110.44215393066406,1914332.0
2021-09-02T00:00:00,110.53423465099566,111.82364156624749,110.38950386933664,111.48155975341797,2156795.0
2021-09-03T00:00:00,111.5078806879391,111.74471198650352,110.810546875,110.810546875,1884464.0
2021-09-06T00:00:00,111.62627879751601,113.13936692206128,111.5736585488056,112.75780487060547,2921488.0
2021-09-07T00:00:00,112.84991824348165,113.29727071418611,111.52104099055225,111.73155212402344,2332494.0
2021-09-08T00:00:00,111.50787199540947,111.50787199540947,110.45528629757648,110.560546875,2706007.0
2021-09-09T00:00:00,109.86323605056836,112.81046256625795,109.53430420610557,112.11312866210938,3208273.0
2021-09-10T00:00:00,111.83680716015044,111.83680716015044,110.42897951860367,110.52108001708984,2110363.0
2021-09-13T00:00:00,110.88948574482326,111.92891142742408,110.60002415749116,110.71844482421875,2483642.0
2021-09-14T00:00:00,110.77107437319549,111.10000616782956,109.75795882432956,110.24478149414062,1981858.0
2021-09-15T00:00:00,110.12636782782707,110.88949204905063,109.74481575541768,110.23162841796875,2621896.0
2021-09-16T00:00:00,110.57372570938979,111.6526217154526,110.41583481647712,111.44210052490234,2073450.0
2021-09-17T00:00:00,111.83680645660203,113.42883508510596,111.83680645660203,112.21836853027344,4624691.0
2021-09-20T00:00:00,111.04736307421847,111.54733573067124,109.24481343367464,109.73163604736328,3578897.0
2021-09-21T00:00:00,109.73164695702042,111.28420540459486,109.52112579345703,109.52112579345703,2327892.0
2021-09-22T00:00:00,110.57371866050498,111.74471510323379,110.57371866050498,110.9947509765625,3273522.0
2021-09-23T00:00:00,111.50787555339726,113.58672685193868,111.31051447398103,113.15253448486328,4138874.0
2021-09-24T00:00:00,113.28410224292064,113.36305269555291,112.0736357100388,112.5736083984375,2911933.0
2021-09-27T00:00:00,113.15251875337322,114.95506830540572,112.86305721556651,114.84980773925781,2540408.0
2021-09-28T00:00:00,114.88928204765408,116.29710954604161,114.33667911293011,114.42877960205078,3608981.0
2021-09-29T00:00:00,114.79720477852175,116.52080429706903,114.79720477852175,115.81031036376953,2622303.0
2021-09-30T00:00:00,116.16555098614597,116.71815397858884,115.50768741279926,116.63921356201172,2726031.0
2021-10-01T00:00:00,115.78399993616875,115.84979031504984,113.29727619514134,115.7445297241211,4922432.0
2021-10-04T00:00:00,116.27081043239285,117.36285632445825,115.17875450212604,115.92871856689453,2999775.0
2021-10-05T00:00:00,116.49449724202432,117.63918361557597,115.77084320618086,117.48129272460938,3217986.0
2021-10-06T00:00:00,117.23128944129242,118.28387519797766,115.9418824294648,117.44181060791016,3434758.0
2021-10-07T00:00:00,118.13914179351555,119.02067657328342,117.69178934344433,117.95494079589844,3709229.0
2021-10-08T00:00:00,118.48124439397927,119.83644187270929,117.8496908890883,119.45487976074219,3378299.0
2021-10-11T00:00:00,119.5996058714429,120.32324981689455,119.27067406763707,120.32324981689453,2934933.0
2021-10-12T00:00:00,117.92862861718359,119.50750732421875,117.36286550384804,119.50750732421875,4087877.0
2021-10-13T00:00:00,119.49434616118694,120.27063044372547,118.63912145738087,120.11273956298828,3011153.0
2021-10-14T00:00:00,120.38903764608834,121.84949562714621,120.19167656033963,121.00743103027344,3338635.0
2021-10-15T00:00:00,121.77055997329965,122.58630443695367,121.1916367759693,121.7442398071289,3398999.0
2021-10-18T00:00:00,121.74422517240284,123.84938649390587,121.7310650908994,121.75738525390625,3305664.0
2021-10-19T00:00:00,121.70475938094508,123.12574708883146,121.38898768081522,122.25736236572266,3466309.0
2021-10-20T00:00:00,122.44157097791162,122.91523357667431,119.91537714331197,120.94164276123047,5408632.0
2021-10-21T00:00:00,122.36260973328925,125.38878581724211,121.12582315386847,124.98090362548828,6147524.0
2021-10-22T00:00:00,125.03354224856132,127.96761804068198,124.99407204244955,126.99397277832031,5818329.0
2021-10-25T00:00:00,126.99399293910474,129.27020555551738,126.99399293910474,128.5334014892578,4570932.0
2021-10-26T00:00:00,128.36234153935638,129.40176722481135,126.46770121032876,128.04656982421875,5179892.0
2021-10-27T00:00:00,128.04657763385558,128.08604784587985,127.20451298332931,127.3624038696289,2710000.0
2021-10-28T00:00:00,127.36238696585484,128.40180253854936,126.90187445148504,127.95446014404297,5082719.0
2021-10-29T00:00:00,128.05014165818994,128.32355486411825,126.69678018519889,127.29827880859375,3846452.0
2021-11-01T00:00:00,127.61271458727127,128.46028003811412,126.68313037428693,127.44867706298828,2511524.0
2021-11-02T00:00:00,127.47599796549478,128.15951538085938,126.88817257109532,128.15951538085938,1722480.0
2021-11-03T00:00:00,128.2278974539939,129.6222686767578,127.48969724324236,129.6222686767578,2318699.0
2021-11-04T00:00:00,129.663264853631,131.37205856659307,129.663264853631,130.07337951660156,4831704.0
2021-11-05T00:00:00,129.8819748183802,131.53608561815054,129.82729217669595,131.23533630371094,1291102.0
2021-11-08T00:00:00,131.11232132956053,131.11232132956053,129.81363192603936,130.41513061523438,2233616.0
2021-11-09T00:00:00,130.55182227722312,130.79788895629278,129.6769208471193,129.9913330078125,1921064.0
2021-11-10T00:00:00,130.0050242739361,131.6181259645673,130.0050242739361,130.5928497314453,2186655.0
2021-11-11T00:00:00,131.09865775887022,132.1922794941813,131.0303018374417,131.57711791992188,1558548.0
2021-11-12T00:00:00,131.57710130426054,132.4109933780672,130.68852658614634,131.95986938476562,2045347.0
2021-11-15T00:00:00,131.60444296643996,132.86212297930336,131.4404054562414,132.53402709960938,1577352.0
2021-11-16T00:00:00,132.9304788861485,133.49096823566114,131.94621202920385,132.4246826171875,1410486.0
2021-11-17T00:00:00,132.4246861054836,133.12186645614332,131.63180329098682,132.17861938476562,2064647.0
2021-11-18T00:00:00,131.78216415753067,131.98722147489957,131.0029546952476,131.8505096435547,2167640.0
2021-11-19T00:00:00,131.85050541591923,132.13759190881962,129.66325176996241,130.89358520507812,3654647.0
2021-11-22T00:00:00,130.74321814848858,132.58871319374728,130.74321814848858,132.23329162597656,2492234.0
2021-11-23T00:00:00,131.68649426028844,132.6434146626007,130.98930343594654,131.98724365234375,2153318.0
2021-11-24T00:00:00,131.98721247531634,133.16286322311097,131.68646315430175,132.2059326171875,2483054.0
2021-11-25T00:00:00,132.2196253115935,133.01250810537155,131.97355859730544,132.11026000976562,1458347.0
2021-11-26T00:00:00,129.78629789315164,129.78629789315164,125.19305975409225,125.42545318603516,6389986.0
2021-11-29T00:00:00,125.28875039969884,126.60110264929997,124.68725170751344,125.46646118164062,3079658.0
2021-11-30T00:00:00,124.74193365363905,124.98800035090888,122.8690921005493,124.632568359375,2898644.0
2021-12-01T00:00:00,125.07001364249547,126.49173111686785,125.07001364249547,126.45072174072266,2637560.0
2021-12-02T00:00:00,125.67152747947893,126.68313045525127,124.55055920101516,126.47807312011719,1968319.0
2021-12-03T00:00:00,127.13423981526036,127.65370929854187,125.08368756017552,125.60315704345703,2557802.0
2021-12-06T00:00:00,126.3140286566704,128.37825430556316,126.10897133280115,128.3372344970703,2284090.0
2021-12-07T00:00:00,129.2121353035327,129.59491383982822,128.26888830633834,128.50128173828125,2217289.0
2021-12-08T00:00:00,128.21418950999848,128.47392944807316,125.98592663857858,126.64209747314453,2113799.0
2021-12-09T00:00:00,127.14792079766934,127.14792079766934,124.75560968826828,125.23406982421875,2261695.0
2021-12-10T00:00:00,125.17938439486008,125.38444171418288,124.27714679134763,124.94699096679688,1323187.0
2021-12-13T00:00:00,125.08368810540351,125.50746556914753,122.99212646484375,122.99212646484375,2068937.0
2021-12-14T00:00:00,123.47058234704576,123.83967715288938,121.95317288924284,122.404296875,2372437.0
2021-12-15T00:00:00,122.58201321696555,123.33388656074462,121.84381314206837,122.95111846923828,3042835.0
2021-12-16T00:00:00,124.2908201112127,124.823962928618,123.10150633222365,123.21086120605469,2512769.0
2021-12-17T00:00:00,122.89644843464819,123.03314984855005,120.25807047070998,120.98259735107422,3744907.0
2021-12-20T00:00:00,118.9457222894283,121.10562973587717,117.94778211666261,120.2033920288086,1876698.0
2021-12-21T00:00:00,121.10562338167222,121.52941131591797,120.6271632265391,121.52941131591797,2007107.0
2021-12-22T00:00:00,121.80280507787968,121.80280507787968,120.16236740241501,120.54513549804688,1692653.0
2021-12-23T00:00:00,120.9415748998821,123.21084732843394,120.9005655231083,123.16983795166016,1752585.0
2021-12-27T00:00:00,123.16984006046216,124.3728374245473,122.99212928151705,123.99005889892578,1462111.0
2021-12-28T00:00:00,124.26347489737195,124.9059829711914,123.78501476675598,124.9059829711914,1248909.0
2021-12-29T00:00:00,124.90598368552833,124.96066633357555,123.9900623677983,124.76927185058594,999011.0
2021-12-30T00:00:00,124.60523778603167,124.90598714379385,124.2087963989496,124.46853637695312,1315121.0
2022-01-03T00:00:00,124.53687226596571,126.53274188766552,124.50953615811696,126.43704986572266,1385937.0
2022-01-04T00:00:00,126.7241273161276,127.2709433459105,125.4527844794829,126.39604187011719,2349275.0
2022-01-05T00:00:00,126.90186869931435,128.5012972362668,126.42340850830078,126.42340850830078,1516652.0
2022-01-07T00:00:00,126.42339326092042,127.18892947421409,125.35709726857021,126.10897064208984,3818973.0
2022-01-10T00:00:00,126.17732655955479,127.18892947421409,125.0290118099656,125.42545318603516,2089758.0
2022-01-11T00:00:00,125.42545179176443,125.821893163427,124.20879156788378,125.43912506103516,1957897.0
2022-01-12T00:00:00,125.75354207199572,127.01122215194685,124.71460301982384,126.86084747314453,2360469.0
2022-01-13T00:00:00,126.86084052999855,127.17525271054171,125.78088172754711,126.6694564819336,2620324.0
2022-01-14T00:00:00,125.9039133193437,126.32770123425871,125.23406913271174,125.7672119140625,2309057.0
2022-01-17T00:00:00,125.76722797609435,126.32771736787198,124.72827838990285,124.89232635498047,1311330.0
2022-01-18T00:00:00,124.89230479925045,125.04267946720525,123.10149248225025,123.5115966796875,2851071.0
2022-01-19T00:00:00,122.65037398319691,126.69679607148282,122.51367257791571,125.7672119140625,2541692.0
2022-01-20T00:00:00,125.86290048529145,126.77881134814368,124.4411829641716,126.35503387451172,2302825.0
2022-01-21T00:00:00,124.79663010891342,126.92920143477829,124.74194745573102,125.30243682861328,2359032.0
2022-01-24T00:00:00,125.08370158946717,125.09737485966944,120.8185486658411,121.4884033203125,2869963.0
2022-01-25T00:00:00,121.46105461338617,124.45486452567974,121.3243532027495,124.14044189453125,2881743.0
2022-01-26T00:00:00,124.33182038288392,125.49380839533875,124.03108146482182,124.56422424316406,2301686.0
2022-01-27T00:00:00,124.05840852098703,125.3297513064872,123.55260188859738,123.57994842529297,1578149.0
2022-01-28T00:00:00,123.70298138336908,123.83968278324302,120.64082622167014,122.95111846923828,2782881.0
2022-01-31T00:00:00,123.37487807215103,125.04266202619118,122.75971664697408,124.08573150634766,2506459.0
2022-02-01T00:00:00,125.28875665184535,125.65785150341947,124.34549918832947,124.79662322998047,2310901.0
2022-02-02T00:00:00,123.22452614316717,123.22452614316717,118.24851989746094,118.24851989746094,13420307.0
2022-02-03T00:00:00,118.86368000559942,118.93203592224174,114.87194061339385,115.86988067626953,7448715.0
2022-02-04T00:00:00,116.19796683279141,116.93616693246345,113.96970369408314,115.36407470703125,4960530.0
2022-02-07T00:00:00,116.26632969461185,116.37568456692405,114.92663081970731,116.23898315429688,2982085.0
2022-02-08T00:00:00,116.3620307615831,118.11183401023622,116.06128137266145,116.2253189086914,2743957.0
2022-02-09T00:00:00,116.32099977138462,118.18016815185547,116.03392368126546,118.18016815185547,3255743.0
2022-02-10T00:00:00,118.18014859664592,118.68595520295976,116.77210448920026,117.22322845458984,4003020.0
2022-02-11T00:00:00,116.33465379145358,117.22322845458984,115.59645378344716,117.22322845458984,3108435.0
2022-02-14T00:00:00,115.84253412948061,116.29365814813117,113.80565505539732,115.18636322021484,4262435.0
2022-02-15T00:00:00,114.4481679140072,116.38935504381398,114.33880261467046,116.26632690429688,3129498.0
2022-02-16T00:00:00,116.81313186134194,117.41463057454182,115.44609691654146,116.1432876586914,3142017.0
2022-02-17T00:00:00,116.06125840326797,116.06125840326797,114.01070617151288,114.5165023803711,2663043.0
2022-02-18T00:00:00,114.31146520424205,115.11801081096498,113.39554386977767,113.60060119628906,2237357.0
2022-02-21T00:00:00,113.66894726777329,114.24309938854684,110.47008036840309,111.75509643554688,3413411.0
2022-02-22T00:00:00,109.69088048482236,112.76670909476165,109.48582315822996,111.20829010009766,2747408.0
2022-02-23T00:00:00,111.27664115400279,112.83506008053513,110.3880663973821,110.81184387207031,2457897.0
2022-02-24T00:00:00,106.43733627821211,108.7202820179839,103.85364119698087,104.66018676757812,5407969.0
2022-02-25T00:00:00,106.7654168972516,106.91579156117722,104.6191726562609,106.60137939453125,6951419.0
2022-02-28T00:00:00,104.00400967251973,105.09763125037148,101.91244810560107,104.93359375,6108134.0
2022-03-01T00:00:00,104.64652741003341,106.05457171039895,102.70532989501953,102.70532989501953,4651930.0
2022-03-02T00:00:00,101.21526199789365,102.021807556767,98.71358570809797,101.28360748291016,5287501.0
2022-03-03T00:00:00,101.42032276304198,102.65064583168324,99.32876103077352,99.64317321777344,3681562.0
2022-03-04T00:00:00,97.94806566173565,98.3991897416837,94.7218620354739,95.2550048828125,4864748.0
2022-03-07T00:00:00,91.74171241006223,94.06566755393332,89.40408399697351,92.9720458984375,6247613.0
2022-03-08T00:00:00,90.77112300399224,94.51679585651418,90.2926628561672,91.16756439208984,5519653.0
2022-03-09T00:00:00,94.43477289130284,98.2488014935127,92.95837270406383,97.44224548339844,6460846.0
2022-03-10T00:00:00,98.97332191532445,99.11002330982222,95.92482971274968,96.71771240234375,5171199.0
2022-03-11T00:00:00,96.92276910593951,99.6431654292181,96.74504790751497,97.90703582763672,5292140.0
2022-03-14T00:00:00,99.45178985595703,100.84616087726317,98.18044697050937,98.426513671875,7290948.0
2022-03-15T00:00:00,98.85028839111327,98.90497103762536,97.11415869036016,98.85028839111328,5238931.0
2022-03-16T00:00:00,101.16059303735467,104.08604719081971,100.16265286834572,103.00608825683594,6695013.0
2022-03-17T00:00:00,103.89465960556241,105.31637725172277,102.73268194590375,103.25215148925781,5088257.0
2022-03-18T00:00:00,103.25214044993498,104.52348327636719,102.93772827534804,104.52348327636719,6264814.0
2022-03-21T00:00:00,104.52348327954435,105.63077816949864,104.35943534302778,104.83790588378906,2219235.0
2022-03-22T00:00:00,105.3026969157082,107.1208558399237,104.50981416880462,106.45101165771484,4224150.0
2022-03-23T00:00:00,106.69707623898611,107.17553635963547,104.7422159492058,104.974609375,2703804.0
2022-03-24T00:00:00,105.26169379307281,105.52143377758243,102.52762382442157,105.15232849121094,3882733.0
2022-03-25T00:00:00,104.7558781149845,107.12085302419821,104.15438986559964,105.82217407226562,2714986.0
2022-03-28T00:00:00,105.95888514283763,108.03677374148714,105.74015453790122,107.0114974975586,3173792.0
2022-03-29T00:00:00,108.0367715617714,109.93694932780964,106.65606332750255,108.92534637451172,4193579.0
2022-03-30T00:00:00,109.1714019906817,109.48581415992042,107.2848976863053,109.19873809814453,5243625.0
2022-03-31T00:00:00,108.75020876180558,109.11785654155437,102.41196462924671,103.67667388916016,8743476.0
2022-04-01T00:00:00,104.00756641171175,104.81639610653707,103.08844685837438,104.08110046386719,3383559.0
2022-04-04T00:00:00,105.00020955117904,105.80902794566329,102.94137971297553,105.69873809814453,2989264.0
2022-04-05T00:00:00,106.61786337829813,107.86786367051336,106.1399257200078,107.27962493896484,4100616.0
2022-04-06T00:00:00,107.27962680154019,107.90463256835938,106.32375146836372,107.90463256835938,4685089.0
2022-04-07T00:00:00,108.52963389875379,111.8384640637192,108.52963389875379,110.55169677734375,4061697.0
2022-04-08T00:00:00,112.46345685435672,114.33846282958984,112.1693431098857,114.33846282958984,5698030.0
2022-04-11T00:00:00,114.63257018140189,116.02963843902997,114.00757570432472,114.15463256835938,2782499.0
2022-04-12T00:00:00,113.23552045888172,116.13993578514925,112.42669082485874,115.4046401977539,2512390.0
2022-04-13T00:00:00,115.62523750594745,116.581124066316,114.0443563935955,114.48552703857422,1954382.0
2022-04-14T00:00:00,115.07375490288204,115.22081177063505,113.75022065366531,114.74287414550781,1079864.0
2022-04-19T00:00:00,115.25757012748932,115.25757012748932,112.75756990447762,114.08109283447266,2535506.0
2022-04-20T00:00:00,114.55906827962255,117.35319408541268,114.08111935957912,115.33113098144531,3025871.0
2022-04-21T00:00:00,115.88259569729998,118.01494853496551,115.5884707136669,117.64730072021484,3014338.0
2022-04-22T00:00:00,117.61052661205603,117.90465157797632,115.95611154531016,116.25023651123047,2086463.0
2022-04-25T00:00:00,114.48551438974317,116.10316234871583,113.4928721334216,115.22080993652344,2552559.0
2022-04-26T00:00:00,116.43406716288032,118.49288594517104,115.44141357735232,115.58847045898438,3338341.0
2022-04-27T00:00:00,116.21347675954385,119.00760240215479,115.80906191842422,118.60318756103516,3944759.0
2022-04-28T00:00:00,115.44139918802978,121.69141124598045,111.58109762282497,115.14728546142578,8107798.0
2022-04-29T00:00:00,116.17670280846306,117.05905526939341,114.19140696643971,115.4046401977539,3769906.0
2022-05-02T00:00:00,114.74288244548245,115.91934869232652,103.52962436747246,113.75022888183594,3791485.0
2022-05-03T00:00:00,114.96347180894735,116.06641521145191,114.63257981241959,115.18405151367188,2415052.0
2022-05-04T00:00:00,115.36787372955862,115.66199869776416,114.00758361816406,114.00758361816406,2022882.0
2022-05-05T00:00:00,115.95611150714059,116.17670242657815,113.16198604027885,113.34580993652344,3529524.0
2022-05-06T00:00:00,112.94140366079365,113.639932206005,111.21345458920561,112.20610809326172,3057119.0
2022-05-09T00:00:00,111.83846863540083,112.57376425767245,107.90463256835938,107.90463256835938,2519628.0
2022-05-10T00:00:00,108.419337579117,108.82375241650087,106.65463256835938,106.65463256835938,3733390.0
2022-05-11T00:00:00,107.35315863090197,109.22816467285156,107.05904487596581,109.22816467285156,3460902.0
2022-05-12T00:00:00,107.97816629831847,110.73552487366143,107.20610365327829,110.25757598876953,3236702.0
2022-05-13T00:00:00,111.02964751490128,112.13259103326124,110.6252326475583,111.17670440673828,2033999.0
2022-05-16T00:00:00,111.17669393778235,112.38993842556609,110.91934720623108,111.69139862060547,2388639.0
2022-05-17T00:00:00,112.13257145904414,112.5369862557912,110.44138944883265,110.77227020263672,2910185.0
2022-05-18T00:00:00,110.03697737753679,110.91934103582871,109.00756806915619,109.15462493896484,3535261.0
2022-05-19T00:00:00,108.05168758503241,109.6693356821822,107.50021587784131,109.48551177978516,2774814.0
2022-05-20T00:00:00,110.6619911386834,110.88258206928273,108.52963832223828,109.00757598876953,2614137.0
2022-05-23T00:00:00,110.29435183599466,111.28700549040728,109.63259021286736,111.17670440673828,1983681.0
2022-05-24T00:00:00,111.25021999506532,112.31639630855113,110.6252142838565,111.43404388427734,2299116.0
2022-05-25T00:00:00,112.2796208725795,112.57374580510904,110.62520599365234,110.62520599365234,1415614.0
2022-05-27T00:00:00,112.57375846107905,112.61051426452339,109.26492833123348,111.13992309570312,4509687.0
2022-05-30T00:00:00,111.76492658703752,112.7943358966617,110.66198323256017,111.36051177978516,3212861.0
2022-05-31T00:00:00,111.3605069973184,111.3605069973184,108.49285888671875,108.49285888671875,6161859.0
2022-06-01T00:00:00,109.08110936583756,110.51493357630528,108.6031604825345,108.89728546142578,2647279.0
2022-06-02T00:00:00,109.33845199212809,109.92669070808867,108.71345747244271,109.59580993652344,2012621.0
2022-06-03T00:00:00,110.03697894539721,110.25756986311329,108.63992183272903,108.82374572753906,1609281.0
2022-06-07T00:00:00,109.41198520417146,111.50757088790819,109.3016841346778,111.13992309570312,3162964.0
2022-06-08T00:00:00,111.13991060093034,112.0590299781121,110.2943252618107,110.62520599365234,1932107.0
2022-06-09T00:00:00,110.36787760598331,115.95611761430753,110.1840537000571,114.37523651123047,6499775.0
2022-06-10T00:00:00,113.45611704411219,113.60317392499002,109.92669580444017,109.96346282958984,3914674.0
2022-06-13T00:00:00,109.55903682748635,110.44138924255573,108.19873557361962,109.26492309570312,3003581.0
2022-06-14T00:00:00,109.7796342160313,111.7649300720513,109.08110564702505,109.85315704345703,4614839.0
2022-06-15T00:00:00,111.32375171156194,112.86787699217706,110.99287092849318,111.25022888183594,4233057.0
2022-06-16T00:00:00,111.25022298590957,111.61787077421747,100.84578384496442,101.10314178466797,7459357.0
2022-06-17T00:00:00,101.91196612853084,102.57372762532252,99.6325454711914,99.6325454711914,5849745.0
2022-06-20T00:00:00,100.00020250287872,102.90461790515792,99.70608874811141,102.61050415039062,2498638.0
2022-06-21T00:00:00,102.94137845771294,103.75020806205434,101.25019642482083,101.32373046875,3256825.0
2022-06-22T00:00:00,99.92666321285166,100.03696427989418,96.3972534618907,97.8310775756836,3922306.0
2022-06-23T00:00:00,97.8310726062576,98.75019201965777,96.21342468261719,96.21342468261719,3100712.0
2022-06-27T00:00:00,96.47078603142066,99.00755375355882,96.47078603142066,97.6104965209961,3202362.0
2022-06-28T00:00:00,98.23549341352408,99.37519258022357,97.9781354741093,98.89725494384766,2560646.0
2022-06-29T00:00:00,97.90459876799088,98.63989432379921,96.54430872157734,97.05901336669922,2391991.0
2022-06-30T00:00:00,96.25018906152678,96.32372310904016,94.41195007089624,95.07372283935547,3313761.0
2022-07-01T00:00:00,94.85313569557864,98.49284679809273,94.44872085758355,96.72814178466797,3061979.0
2022-07-04T00:00:00,96.72814081206224,97.20607847597384,95.44137348029328,96.76490783691406,1606066.0
2022-07-05T00:00:00,97.57372498836865,98.23549776774495,94.74284362792969,94.74284362792969,2254494.0
2022-07-06T00:00:00,96.06636898984306,97.38990335977203,95.2207835083522,96.72814178466797,3012310.0
2022-07-07T00:00:00,98.16196313291957,98.71343483591349,96.50754802393777,97.24284362792969,2912631.0
2022-07-08T00:00:00,96.94872893070004,98.60314402358078,96.54431410849621,98.38255310058594,2175037.0
2022-07-11T00:00:00,97.20607592864216,98.30901932696953,96.87519515308804,97.13255310058594,3127216.0
2022-07-12T00:00:00,96.6546064532072,100.22079467773438,96.4340155245225,100.22079467773438,3452295.0
2022-07-13T00:00:00,99.74284388916762,100.29431559047828,97.09578645470872,97.38990020751953,2915438.0
2022-07-14T00:00:00,97.1693057388425,99.30166963796563,95.9928395507898,96.69136810302734,2853601.0
2022-07-15T00:00:00,96.50754349761293,96.69136738998934,93.0516565648805,94.77959442138672,3923875.0
2022-07-18T00:00:00,95.55165669027332,97.09578186890279,95.11048608189344,95.62519073486328,4243691.0
2022-07-19T00:00:00,93.30900778516731,98.19872438633747,91.54429731731929,97.86784362792969,5301728.0
2022-07-20T00:00:00,99.55900864935607,100.33107118720025,97.38988911519895,97.79430389404297,3010086.0
2022-07-21T00:00:00,98.12519240098396,100.14725523555535,96.91195918812917,100.00019836425781,3515654.0
2022-07-22T00:00:00,100.00020092595233,101.02961027112545,98.56637675956105,100.7354965209961,2848989.0
2022-07-25T00:00:00,101.02960359130408,102.24284797474189,100.66195581809015,100.69872283935547,3177480.0
2022-07-26T00:00:00,100.69873137070734,102.3163794659544,100.69873137070734,101.36050415039062,2799320.0
2022-07-27T00:00:00,101.61785253065216,102.13255722116689,101.21343769534745,101.43402862548828,2395911.0
2022-07-28T00:00:00,102.20608835494303,103.01491800247464,101.47079275526718,102.64727020263672,2506878.0
2022-07-29T00:00:00,102.206079909257,103.1251993329014,101.80166511890957,103.08843231201172,4093289.0
2022-08-01T00:00:00,103.16197782191712,104.00756329778268,100.5884431496227,101.43402862548828,2311932.0
2022-08-02T00:00:00,100.8825422896991,101.7648946626676,100.6619513915272,101.13990020751953,1806370.0
2022-08-03T00:00:00,101.32372958872206,102.75755367512873,101.25019554543155,102.46343994140625,1618048.0
2022-08-04T00:00:00,102.79432195976851,102.8678447842426,101.61784457098413,102.27961730957031,2258248.0
2022-08-05T00:00:00,102.31637820700622,102.68402600684415,101.80167353117722,102.64727020263672,1544410.0
2022-08-08T00:00:00,103.49285148243987,103.56638552733139,101.72814660224364,102.24285125732422,2257468.0
2022-08-09T00:00:00,102.24284903125451,102.57372978662225,101.91196827588678,102.46343994140625,2026913.0
2022-08-10T00:00:00,102.46344319935989,103.52961954265399,102.13255121375127,103.30902862548828,2341004.0
2022-08-11T00:00:00,103.67666847595926,104.00754921651315,103.1251968351297,103.4560775756836,1415061.0
2022-08-12T00:00:00,103.67667291983116,104.74284922719043,103.45608201010033,103.71343994140625,1720523.0
2022-08-15T00:00:00,103.7502104598197,104.0443242028939,102.72078991961978,103.30902862548828,1377859.0
2022-08-16T00:00:00,103.52962155522998,105.4413833618164,103.45608750817189,105.4413833618164,2285606.0
2022-08-17T00:00:00,105.6987395511828,105.73550657410115,102.0590286766687,103.16197204589844,3057627.0
2022-08-18T00:00:00,103.16197428439295,104.08109377869488,102.50020151666332,102.9413833618164,1951251.0
2022-08-19T00:00:00,102.79431965089978,104.26491074398928,102.79431965089978,104.15460968017578,2811237.0
2022-08-22T00:00:00,103.6766870091439,103.71345403571551,101.103152225229,101.69139099121094,2346917.0
2022-08-23T00:00:00,101.43402765310991,102.27962434059009,101.13991389555547,101.47079467773438,1492692.0
2022-08-24T00:00:00,101.69138146643517,102.0957962814014,100.69872794058351,101.06637573242188,1780440.0
2022-08-25T00:00:00,101.43402765310991,102.5002040488956,100.80903311337656,101.47079467773438,1596518.0
2022-08-26T00:00:00,101.72814874262524,102.05902951215883,99.77960870920253,99.81637573242188,1486332.0
2022-08-29T00:00:00,99.26490237868718,99.33843642389274,96.3972541311909,97.94136810302734,2892214.0
2022-08-30T00:00:00,98.38255976306937,101.9487369173933,98.38255976306937,99.92667388916016,2993139.0
2022-08-31T00:00:00,100.33108954611026,102.61051055689484,99.22814606728959,101.69139099121094,3783444.0
2022-09-01T00:00:00,101.06637021258025,101.47078500545898,98.89725060314662,100.44137573242188,3384709.0
2022-09-02T00:00:00,101.21343422464062,102.9413833618164,100.51490565291523,102.9413833618164,2160774.0
2022-09-05T00:00:00,101.69138367911403,102.83109410255568,99.52226390401437,102.64727020263672,2667209.0
2022-09-06T00:00:00,102.6472708771925,104.19138491482678,102.13255497826053,102.75756072998047,1961842.0
2022-09-07T00:00:00,101.87520766056949,103.34579886109817,101.76490658869756,103.05167388916016,2094303.0
2022-09-08T00:00:00,103.75020485495327,105.03697204589844,102.68401734953737,105.03697204589844,2481068.0
2022-09-09T00:00:00,105.14727207655508,105.95610173426299,105.11050505216463,105.77227783203125,1832168.0
2022-09-12T00:00:00,106.17668277087347,109.30168914794922,106.13992696574329,109.30168914794922,2348242.0
2022-09-13T00:00:00,109.81639544319582,110.80903770895128,108.89727600098533,109.37521362304688,4107238.0
2022-09-14T00:00:00,108.82374385798066,111.0296305578046,108.63991996632866,110.0002212524414,4195553.0
2022-09-15T00:00:00,110.55169097937963,113.30904930557247,110.51492395775311,112.83110046386719,3801383.0
2022-09-16T00:00:00,112.42669423027297,113.49288184006734,111.69139862060547,111.69139862060547,3748229.0
2022-09-19T00:00:00,111.5811061415442,111.69139599251096,107.02227571281891,108.75021362304688,3439666.0
2022-09-20T00:00:00,110.40463122731491,113.34581366395037,110.40463122731491,111.28699493408203,3785191.0
2022-09-21T00:00:00,110.51493021646095,114.85316974080068,109.9634585199913,114.11787414550781,4358306.0
2022-09-22T00:00:00,112.83110996155408,115.40464461596426,111.5811096590704,113.45611572265625,4021877.0
2022-09-23T00:00:00,113.34580629296475,113.89727796397118,110.36786824530598,111.5443344116211,3580171.0
2022-09-26T00:00:00,110.3678703405058,110.77227393114507,108.23550644030206,109.11785888671875,3153140.0
2022-09-27T00:00:00,110.25757020847445,110.95609876699655,108.86051309143024,109.77963256835938,2606952.0
2022-09-28T00:00:00,108.52963638646003,109.85315950700759,106.80168721725984,109.08110809326172,3142431.0
2022-09-29T00:00:00,109.19138630020342,109.48550002457209,105.58844268794978,106.72814178466797,2799758.0
2022-09-30T00:00:00,107.13256799064325,108.45610233082799,107.13256799064325,107.97816467285156,2621503.0
2022-10-03T00:00:00,107.05904868705647,107.24287259536548,101.58108724367116,106.47080993652344,3708130.0
2022-10-04T00:00:00,107.68403475882663,109.48550667436903,107.09579605464214,109.11785888671875,2878647.0
2022-10-05T00:00:00,109.1178501439778,109.1913841835042,107.53696927163293,108.05167388916016,2303100.0
2022-10-06T00:00:00,108.05168430289552,108.45609911982878,105.95609861105642,106.43403625488281,2228366.0
2022-10-07T00:00:00,106.4340365122921,107.27962195179006,105.0369793810206,105.18403625488281,1603962.0
2022-10-10T00:00:00,104.6325649098256,106.1031560927614,104.08109321622469,104.33843994140625,1609769.0
2022-10-11T00:00:00,103.86050445844573,105.22080581888704,103.12520885166028,104.81639099121094,1845174.0
2022-10-12T00:00:00,105.00020417692242,105.95609061213293,103.75020401690229,105.47814178466797,1941411.0
2022-10-13T00:00:00,105.25755729050495,107.35315417146613,104.6693298050675,106.7649154663086,2576321.0
2022-10-14T00:00:00,108.08844409683432,109.22815442479246,107.05903483141894,108.49285888671875,2855138.0
2022-10-17T00:00:00,108.49287098843834,110.80904770383812,107.83109819852356,110.25757598876953,2051204.0
2022-10-18T00:00:00,111.39728170255336,114.15464016053735,111.10316795492318,113.05169677734375,3105987.0
2022-10-19T00:00:00,115.0737566890833,119.33847323843742,115.0737566890833,117.02228546142578,4438608.0
2022-10-20T00:00:00,117.02229656014563,118.38259798136025,114.9267107190163,116.2134780883789,3369232.0
2022-10-21T00:00:00,115.25757895547763,117.86788043573385,115.18404491163723,116.94876098632812,2538275.0
2022-10-24T00:00:00,116.985529723637,118.45612086424981,116.69140476368244,118.12522888183594,1870862.0
2022-10-25T00:00:00,118.75023874988487,118.86052860139289,116.94876678369138,118.52964782714844,2363580.0
2022-10-26T00:00:00,118.52964315751979,119.37523979140936,115.14729028112141,115.66199493408203,2689390.0
2022-10-27T00:00:00,116.28698833083472,120.4781819987808,115.95610757276525,118.05170440673828,4388388.0
2022-10-28T00:00:00,118.45611802680128,122.79435729980469,118.45611802680128,122.79435729980469,5246757.0
2022-10-31T00:00:00,122.9414121221347,123.08846898628418,120.36787773050028,121.06640625,2983404.0
2022-11-01T00:00:00,121.10318788674594,121.76496068486641,119.63259662832833,119.85318756103516,2307977.0
2022-11-02T00:00:00,120.88260906841683,121.50761490376829,119.1914379275308,120.11055755615234,2364002.0
2022-11-03T00:00:00,119.85318501790366,121.87524795532227,119.70612813912643,121.32377624511719,2454742.0
2022-11-04T00:00:00,121.98552895388725,123.27229618428574,121.36053445952562,122.61053466796875,1632554.0
2022-11-07T00:00:00,119.11787755565032,122.75758823701796,118.97082069150083,121.06640625,3269860.0
2022-11-08T00:00:00,121.06641829246655,122.05907185872397,120.25759984933151,121.32377624511719,2715008.0
2022-11-09T00:00:00,121.54436460985282,121.65465446167963,119.92671653797719,120.5884780883789,3252085.0
2022-11-10T00:00:00,120.22082999450515,121.83847806241374,119.88994922011574,120.73553466796875,2994767.0
2022-11-11T00:00:00,121.61788586502183,121.69141991176903,119.96347079069265,120.91935729980469,3566202.0
2022-11-14T00:00:00,121.50759562918002,122.3899480887459,120.1472943067141,120.6620101928711,2339697.0
2022-11-15T00:00:00,120.99289546293828,121.91201497994675,120.29436687395598,121.32377624511719,2474356.0
2022-11-16T00:00:00,121.32375961214615,123.34582227234858,121.32375961214615,122.75758361816406,1946598.0
2022-11-17T00:00:00,122.75759690246703,122.9414208005599,120.95612494510108,121.72818756103516,2598789.0
2022-11-18T00:00:00,121.9487845454048,122.72083598000127,121.4340686293793,122.05907440185547,2327189.0
2022-11-21T00:00:00,122.05906262799238,122.68406834018026,121.36053409183639,121.65464782714844,2158219.0
2022-11-22T00:00:00,121.98554002933385,123.7502562659363,121.80171612258697,123.30907440185547,3093569.0
2022-11-23T00:00:00,123.4561233520508,124.11789610565742,122.7943618181643,123.45612335205078,1695675.0
2022-11-24T00:00:00,123.30906262731897,124.11789222766001,122.2796533357211,122.90464782714844,2752073.0
2022-11-25T00:00:00,123.41937645194443,123.45613225780724,122.2796659771734,123.27230834960938,2378282.0
2022-11-28T00:00:00,123.27229647470296,123.27229647470296,121.9487734389509,122.4634780883789,2246483.0
2022-11-29T00:00:00,122.24290682716234,123.71349818748911,121.21349736282228,123.12525939941406,3656296.0
2022-11-30T00:00:00,123.89731312740159,125.3679043811393,123.34584140724995,124.41201782226562,4610446.0
2022-12-01T00:00:00,124.41201587470617,126.58113569606947,123.56643040493222,125.58849334716797,3140153.0
2022-12-02T00:00:00,125.55172019909352,125.62525424493127,124.1546630859375,124.1546630859375,2560876.0
2022-12-05T00:00:00,124.26495684224213,125.6620139993259,123.82377499278384,125.11054229736328,2327838.0
2022-12-06T00:00:00,125.40466132960437,125.44142835193759,121.61788242368179,122.42671203613281,4239726.0
2022-12-07T00:00:00,123.01494762228485,125.44142517853318,123.01494762228485,123.7870101928711,4384971.0
2022-12-08T00:00:00,124.26495555617792,125.29436490129953,123.82377371128558,124.19142150878906,3489729.0
2022-12-09T00:00:00,124.26494915926415,124.70613098144531,122.8678920885568,124.70613098144531,4294742.0
2022-12-12T00:00:00,124.48553728400965,126.2870091147743,124.44877026303087,125.22083282470703,2451761.0
2022-12-13T00:00:00,125.29435162239973,127.42671535376078,125.29435162239973,125.91935729980469,3125411.0
2022-12-14T00:00:00,126.06644045438239,128.3090944931934,125.9929176191705,127.72085571289062,3722005.0
2022-12-15T00:00:00,127.42671564176487,129.30172145849835,127.31641458212218,128.125244140625,5409569.0
2022-12-16T00:00:00,128.125250920566,129.191427235215,125.80907440185547,125.80907440185547,4745913.0
2022-12-19T00:00:00,126.10319521247996,128.08849108558366,126.10319521247996,127.20613861083984,2175880.0
2022-12-20T00:00:00,126.83848607178987,128.05171927676247,126.17672454539029,127.79437255859375,2406738.0
2022-12-21T00:00:00,128.08849615634685,129.85321239541645,128.0517291310019,129.77967834472656,2797989.0
2022-12-22T00:00:00,129.9267144041933,131.54436228263714,129.9267144041933,130.80906677246094,2452528.0
2022-12-23T00:00:00,130.9193786364688,131.43408329213034,130.29437291334548,131.25025939941406,1490298.0
2022-12-27T00:00:00,131.617914835612,133.23556294160275,131.617914835612,132.35321044921875,1864389.0
2022-12-28T00:00:00,132.4634896872818,132.4634896872818,130.18408019961308,130.66201782226562,1643692.0
2022-12-29T00:00:00,130.51496859984684,131.7649688720703,129.55908207883346,131.7649688720703,1401038.0
2022-12-30T00:00:00,131.72819471340526,131.7649617352452,130.36790466308594,130.36790466308594,2020006.0
2023-01-02T00:00:00,131.2502670288086,132.46350030337152,131.06644312540692,132.35321044921875,1356394.0
2023-01-03T00:00:00,132.3531946272144,133.45613791577452,132.05908090481944,132.64730834960938,1773567.0
2023-01-04T00:00:00,133.1252762108421,134.08116277490208,132.24292369775628,133.8973388671875,2864341.0
2023-01-05T00:00:00,133.8973126775346,134.7061309814453,133.01494911731382,134.7061309814453,1563420.0
2023-01-09T00:00:00,136.17676161548232,140.62530285159482,135.84588079389357,138.7870635986328,4406205.0
2023-01-10T00:00:00,138.34587335559596,140.00028858359403,136.91204906860852,139.7797088623047,2553780.0
2023-01-11T00:00:00,140.11056876413684,141.83850656824026,140.11056876413684,140.80909729003906,2807988.0
2023-01-12T00:00:00,141.80174968225253,142.27968729639392,139.19144826568743,139.742919921875,3521173.0
2023-01-13T00:00:00,139.41204767075075,139.5591045440882,136.54438815192933,137.50027465820312,2956382.0
2023-01-16T00:00:00,137.50027818165242,138.4929317366274,136.21351087246583,138.1988067626953,2238126.0
2023-01-17T00:00:00,138.3458619648361,138.75027678677117,136.80174794433924,137.0223388671875,2016694.0
2023-01-18T00:00:00,137.1694055312709,139.96353124073025,137.1694055312709,139.0076446533203,3593171.0
2023-01-19T00:00:00,138.34585823748708,139.41204579924135,137.35321594099463,137.97821044921875,2455513.0
2023-01-20T00:00:00,138.9341020038412,140.18410228554535,138.56645420217995,139.04440307617188,2047819.0
2023-01-23T00:00:00,139.19145935925835,139.6693970114914,138.19880581111832,139.33851623535156,1639790.0
2023-01-24T00:00:00,139.70616629181407,142.5738146909683,139.70616629181407,142.4267578125,4079107.0
2023-01-25T00:00:00,142.79441486320724,143.3458866079568,141.21353368281373,142.09588623046875,2955245.0
2023-01-26T00:00:00,141.87527970978516,142.68410933449158,139.1914553345941,141.13998413085938,3579722.0
2023-01-27T00:00:00,141.47085757817166,144.7061646898925,141.47085757817166,144.4488067626953,2727501.0
2023-01-30T00:00:00,144.11793014603822,145.66205531406231,143.4194016061111,144.8532257080078,3066866.0
2023-01-31T00:00:00,149.779703299489,152.13264684709625,146.21352656600106,147.3532257080078,6788936.0
2023-02-01T00:00:00,148.8973747736785,152.57385316315205,145.95619206209966,152.2797393798828,5110262.0
2023-02-02T00:00:00,152.3532286285772,153.2355810035862,149.63263746408316,152.94146728515625,4928177.0
2023-02-03T00:00:00,152.57384042438636,153.97089760785389,151.39736295009317,151.91207885742188,3017668.0
2023-02-06T00:00:00,151.91207597305666,152.05913284962094,149.04441639131073,149.11795043945312,2938391.0
2023-02-07T00:00:00,150.14736144786468,150.2944183260477,148.08853149414062,148.08853149414062,2346422.0
2023-02-08T00:00:00,149.04441639131073,149.3385413641598,146.39735895399198,149.11795043945312,3467271.0
2023-02-09T00:00:00,149.77972192236072,150.441494740348,148.67677844543653,148.89736938476562,2103922.0
2023-02-10T00:00:00,148.75030172886358,150.07383604929237,147.64735833179301,148.4561767578125,1795776.0
2023-02-13T00:00:00,149.11794323963338,151.61794367968102,148.89735232557743,151.17677307128906,2456857.0
2023-02-14T00:00:00,151.2503060795152,151.98560169606094,149.41206703815084,149.70619201660156,2702746.0
2023-02-15T00:00:00,149.70618351294107,150.2944109969884,147.72087648526107,150.14735412597656,2688654.0
2023-02-16T00:00:00,150.95618172497578,154.33853459184203,150.95618172497578,153.67677307128906,3492916.0
2023-02-17T00:00:00,153.60323960664627,154.55912608861274,152.7944212139977,153.38265991210938,3102942.0
2023-02-20T00:00:00,153.82384012259234,155.2209085202776,153.67678324381512,154.41207885742188,2010546.0
2023-02-21T00:00:00,154.4120662913603,157.35324850643383,153.75030478085665,156.25030517578125,3405898.0
2023-02-22T00:00:00,155.14735678387996,155.73559545164895,153.4561748214388,153.5297088623047,2624038.0
2023-02-23T00:00:00,153.5297138707822,157.9414871933925,153.45617982751745,156.25030517578125,2895763.0
2023-02-24T00:00:00,156.39737477021603,157.05914755429453,155.73561320585821,156.6179656982422,2325846.0
2023-02-27T00:00:00,157.35326321307306,161.69150289788163,157.35326321307306,160.95620727539062,2714595.0
2023-02-28T00:00:00,160.36798071500937,161.10327634191043,156.39737759791112,157.20620727539062,5018320.0
2023-03-01T00:00:00,157.20621449945165,157.50032827583905,153.60325903023815,154.19149780273438,2834346.0
2023-03-02T00:00:00,154.19149015740274,155.66208140586576,153.45619453317124,155.29443359375,2297059.0
2023-03-03T00:00:00,155.29442157367336,156.91206957782956,155.29442157367336,156.8385467529297,1407006.0
2023-03-06T00:00:00,156.9120743837943,158.0150177685531,156.39736971485092,157.35325622558594,1837718.0
2023-03-07T00:00:00,158.01501197852986,158.38265975997803,156.0297162026538,156.17677307128906,2269987.0
2023-03-08T00:00:00,156.02973643932182,158.60327124324,155.73562266390545,157.6473846435547,2841221.0
2023-03-09T00:00:00,157.3532635855424,158.0885592097739,155.29443359375,155.29443359375,3251918.0
2023-03-10T00:00:00,150.36793891976976,150.36793891976976,143.27234139995207,146.36058044433594,9669847.0
2023-03-13T00:00:00,146.80175261765066,147.94146296834936,140.22085966452687,141.87527465820312,7557631.0
2023-03-14T00:00:00,140.80910032446607,146.21352720078653,139.706156979888,143.6032257080078,6143196.0
2023-03-15T00:00:00,143.3826396156531,144.3752931470342,136.06645076125997,136.25027465820312,6453889.0
2023-03-16T00:00:00,139.70615596561643,140.62527541275864,130.77231942728204,133.82379150390625,8256816.0
2023-03-17T00:00:00,135.14733767413696,135.40468441020747,126.98555177561131,128.7135009765625,9032012.0
2023-03-20T00:00:00,125.4046642711959,131.72819957064118,122.83112972358299,130.8826141357422,7397566.0
2023-03-21T00:00:00,131.6179101351922,135.11056417509255,131.6179101351922,134.0443878173828,4043419.0
2023-03-22T00:00:00,134.04439358139197,136.65469527266436,132.31644438893426,133.4193878173828,3784608.0
2023-03-23T00:00:00,132.3532033207435,133.01496484945918,128.4561345345776,129.1546630859375,4060833.0
2023-03-24T00:00:00,127.86790331773796,129.19143767237864,125.00025489911708,127.64732360839844,5588637.0
2023-03-27T00:00:00,129.41203584726793,130.7723373028692,125.3679097270408,125.73555755615234,4523614.0
2023-03-28T00:00:00,127.20613790667765,128.01496754888572,125.22084204456375,125.99290466308594,4212310.0
2023-03-29T00:00:00,125.99289941107283,128.27230892821592,125.91936536676631,127.97819519042969,3725287.0
2023-03-30T00:00:00,128.7870141800342,131.8384975174721,127.35319006712722,131.54437255859375,5564828.0
2023-03-31T00:00:00,131.27219267097516,132.59424434689421,129.9501409950561,132.32205200195312,6332841.0
2023-04-03T00:00:00,132.55535886197748,133.52745743366467,130.9222403814056,131.6221466064453,3472545.0
2023-04-04T00:00:00,132.2054066059981,133.37192489958042,131.38884142720292,131.85545349121094,3765620.0
2023-04-05T00:00:00,131.62215437087337,132.78867272571125,130.06679656442287,131.8165740966797,3178967.0
2023-04-06T00:00:00,132.9830934541635,135.54943622744383,132.43872059108912,135.2383575439453,1722297.0
2023-04-11T00:00:00,137.1436701646084,138.81567494822207,136.56041102617053,138.50460815429688,4292989.0
2023-04-12T00:00:00,138.5045991717605,139.28227797257568,136.7159355565982,137.6880340576172,3355142.0
2023-04-13T00:00:00,137.68804984101774,140.3321533203125,136.98813172018927,140.3321533203125,4231937.0
2023-04-14T00:00:00,140.91540841557858,143.67617076844934,139.28228991371597,143.3262176513672,4233171.0
2023-04-17T00:00:00,142.47076940892038,143.24844829419442,139.82666594556378,140.09884643554688,2987128.0
2023-04-18T00:00:00,141.8486328125,142.58743729293792,141.18761283847505,141.8486328125,1910105.0
2023-04-19T00:00:00,141.8486218058273,144.53162341304443,141.10982924915444,143.9483642578125,3126790.0
2023-04-20T00:00:00,144.4538566144221,146.47582651414683,143.28733825683594,143.28733825683594,2665606.0
2023-04-21T00:00:00,143.32622427477784,144.37608367454052,142.74296509720804,143.8317108154297,2214755.0
2023-04-24T00:00:00,143.287330230576,144.6482682381934,142.93737711619048,144.57049560546875,1537571.0
2023-04-25T00:00:00,143.3262165072336,143.90947565319377,141.77085878467315,142.70407104492188,2322684.0
2023-04-26T00:00:00,144.14278312430991,144.9982227603982,138.93232520854934,143.71505737304688,5156799.0
2023-04-27T00:00:00,138.34907810365985,145.73702800291358,136.59930049594186,142.62631225585938,4472317.0
2023-04-28T00:00:00,142.7818561143116,143.75395477558433,137.76581752899344,138.42684936523438,4896964.0
2023-05-02T00:00:00,138.50461790492946,138.81568472075355,134.34403101126148,134.46067810058594,3825405.0
2023-05-03T00:00:00,135.54944560730928,135.54944560730928,133.37194213789257,133.64413452148438,3538893.0
2023-05-04T00:00:00,132.86644651530267,132.9053209676505,131.23331605778594,131.50550842285156,3401061.0
2023-05-05T00:00:00,132.28317927579994,134.6939766300149,131.81656721166146,133.7218780517578,2457277.0
2023-05-08T00:00:00,133.994069249491,134.77174810541788,132.3220525893856,133.0997314453125,2275635.0
2023-05-09T00:00:00,132.9830987521376,133.02198507242895,129.01693141120003,129.67796325683594,3075899.0
2023-05-10T00:00:00,129.7946026153206,131.1555406793309,125.90620814671978,127.61711120605469,3777467.0
2023-05-11T00:00:00,128.1225971556142,130.6500535486688,125.6729133981519,128.7058563232422,4035979.0
2023-05-12T00:00:00,130.1445742772328,131.66104582437995,128.31702403679984,129.05581665039062,2457925.0
2023-05-15T00:00:00,129.56131715615314,131.31109478473388,128.90028530544706,131.2333221435547,2196935.0
2023-05-16T00:00:00,130.49452869363503,132.7497928763146,130.1834499973227,131.00001525878906,2371648.0
2023-05-17T00:00:00,130.22232088861324,131.97209829882092,130.22232088861324,131.54437255859375,1054245.0
2023-05-19T00:00:00,132.9053184118127,133.17751077164388,130.61116804480048,130.8055877685547,3175904.0
2023-05-22T00:00:00,130.37785568811066,132.2054057494576,130.37785568811066,131.6221466064453,2037937.0
2023-05-23T00:00:00,131.81658143731133,133.79966512425779,131.58327538006367,133.48858642578125,1778612.0
2023-05-24T00:00:00,132.3998324283723,133.33304473299387,130.72782754369356,131.58326721191406,2245775.0
2023-05-25T00:00:00,131.42772518001573,132.4775963703364,130.30009322483562,131.15553283691406,2217099.0
2023-05-26T00:00:00,131.69992811215346,132.7109012016732,130.4556371099836,132.438720703125,1988495.0
2023-05-29T00:00:00,132.98309387411823,133.44970596762036,131.2722026420079,131.89434814453125,1209994.0
2023-05-30T00:00:00,131.89435265225774,133.33305156792218,130.2223358154297,130.2223358154297,2193151.0
2023-05-31T00:00:00,129.13357543945312,130.92223916806842,128.78362233017648,129.13357543945312,6497632.0
2023-06-01T00:00:00,130.33898236914186,132.86643867745536,129.71683690457715,132.24429321289062,2697333.0
2023-06-02T00:00:00,132.82756086801425,135.74385679515257,132.82756086801425,135.47166442871094,2734657.0
2023-06-05T00:00:00,135.74385679515257,137.72694039889433,134.92729156226613,135.47166442871094,2232365.0
2023-06-07T00:00:00,136.94925645196557,139.94331304059648,136.94925645196557,139.16563415527344,2925918.0
2023-06-08T00:00:00,139.74888602868185,140.48767855790894,137.84357523232646,137.88246154785156,1928874.0
2023-06-09T00:00:00,138.42683555442463,139.94330694142437,138.38794923856565,139.4378204345703,2433821.0
2023-06-12T00:00:00,139.7877869686838,140.52657957520273,137.29921677841222,137.649169921875,1971317.0
2023-06-13T00:00:00,138.15465037555097,138.77679586225094,136.91037126858922,137.92135620117188,1935430.0
2023-06-14T00:00:00,136.67706412206752,137.84358245027863,134.305141148084,136.36599731445312,2362626.0
2023-06-15T00:00:00,138.31019646981935,139.94331503237873,137.8435843854091,139.08787536621094,3176912.0
2023-06-16T00:00:00,139.63224468547372,144.84269078610228,139.63224468547372,144.72604370117188,6923880.0
2023-06-19T00:00:00,144.57050959776825,144.8038156520851,142.62631225585938,142.62631225585938,2895225.0
2023-06-20T00:00:00,142.31522477786177,144.41495522916574,142.31522477786177,143.67616271972656,2776248.0
2023-06-21T00:00:00,143.67618670948048,145.77591751137857,143.63730038850403,145.42596435546875,2709594.0
2023-06-22T00:00:00,143.05403747876616,143.55953590552716,138.5434972900834,138.66015625,3646526.0
2023-06-26T00:00:00,137.53251699339367,140.33215388873316,134.65509559572953,140.17662048339844,2650768.0
2023-06-27T00:00:00,140.48768032906887,141.18759841803234,137.065898115595,139.28228759765625,2116042.0
2023-06-28T00:00:00,139.59336775876162,140.5265801002957,137.96023726124798,138.42684936523438,2363170.0
2023-06-29T00:00:00,138.50461588087356,140.9931859704144,138.50461588087356,140.56546020507812,1826475.0
2023-06-30T00:00:00,140.75988188011098,142.04304732747033,140.3710424274035,141.42091369628906,1779237.0
2023-07-03T00:00:00,141.8874992941529,144.68714781163916,141.8874992941529,143.1317901611328,1637074.0
2023-07-04T00:00:00,143.20956755620836,144.84269802548724,143.20956755620836,144.14279174804688,1808812.0
2023-07-05T00:00:00,143.7150571100056,146.0092073962057,143.17068427595711,145.19264221191406,2575751.0
2023-07-06T00:00:00,144.64826790231174,144.64826790231174,141.73197217847482,142.3152313232422,2207933.0
2023-07-07T00:00:00,142.3541345546214,143.55953930365936,140.9543100675592,142.7818603515625,1595153.0
2023-07-10T00:00:00,142.4707722512499,143.17069038182296,140.9931870863262,141.18760681152344,1404740.0
2023-07-11T00:00:00,140.7987670145776,143.59840393066406,140.6821080598834,143.59840393066406,1454090.0
2023-07-12T00:00:00,143.09291080238805,144.95933532714844,143.09291080238805,144.95933532714844,1659677.0
2023-07-13T00:00:00,144.8426981972825,146.86466812674612,143.3651130025165,146.39805603027344,1615903.0
2023-07-14T00:00:00,146.98129903240846,147.56455815555293,145.30929429263585,146.16473388671875,1855448.0
2023-07-17T00:00:00,146.6702505830601,147.83676897518487,145.27042613922268,147.64234924316406,2604548.0
2023-07-18T00:00:00,151.53074570103783,151.6473927950739,145.62038103014146,150.36422729492188,5305285.0
2023-07-19T00:00:00,150.79194707943287,151.6862850120861,145.97033985333314,147.44793701171875,4382033.0
2023-07-20T00:00:00,147.75898686131598,148.4588931051365,145.97032306812824,147.91452026367188,2293805.0
2023-07-21T00:00:00,148.3811428764675,149.1977081298828,146.90354578304004,149.1977081298828,2167749.0
2023-07-24T00:00:00,149.19769204850763,150.0142453474714,148.03117377405937,149.89759826660156,1277721.0
2023-07-25T00:00:00,150.09201863011467,152.69724753425905,149.70317920361177,152.5417022705078,2643158.0
2023-07-26T00:00:00,152.19176593336218,152.9694448720778,149.78096834320704,150.75306701660156,2324620.0
2023-07-27T00:00:00,151.2974309467933,152.5417100552399,150.44197941825527,151.80291748046875,2308309.0
2023-07-28T00:00:00,151.72514683184613,152.23063333260805,148.65330591257205,148.88661193847656,2483786.0
2023-07-31T00:00:00,148.8866279735854,150.71417819582112,148.84774165400702,150.0531463623047,1815978.0
2023-08-01T00:00:00,149.50876688038227,150.55863813040887,149.04215479893975,149.5476531982422,1190625.0
2023-08-02T00:00:00,147.75900385220027,148.6533299184142,145.30931985070006,147.44793701171875,1988792.0
2023-08-03T00:00:00,147.44793724895123,148.38114963833664,146.5535993148591,147.83677673339844,1584683.0
2023-08-04T00:00:00,148.45891135836467,150.014269306033,148.26449161490612,149.3921356201172,1116593.0
2023-08-07T00:00:00,148.53667483025734,150.09203268188307,148.07006272819416,150.0531463623047,1078529.0
2023-08-08T00:00:00,148.2644834072158,149.70319417573998,147.17573765069503,148.42002868652344,1622033.0
2023-08-09T00:00:00,149.5087729152417,150.71417761892542,149.27546686510314,150.20867919921875,1714585.0
2023-08-10T00:00:00,150.71416521815496,153.24162150941308,150.36421210496061,153.16384887695312,2699293.0
2023-08-11T00:00:00,152.93055032737553,153.70822922426822,152.30841670301197,152.9694366455078,1668291.0
2023-08-14T00:00:00,152.50284513659287,153.04721802221897,150.9474872539818,151.53074645996094,1760656.0
2023-08-15T00:00:00,151.53074317921198,152.03622973354086,149.3921261369243,149.664306640625,1874240.0
2023-08-16T00:00:00,149.04215505557644,152.07510985729894,148.80886088089164,150.8697052001953,2275272.0
2023-08-17T00:00:00,151.14189700481913,151.76403062361405,149.78095894743848,150.09202575683594,2189184.0
2023-08-18T00:00:00,148.92549855381336,149.5476440019993,147.2534937865988,149.27545166015625,1920120.0
2023-08-21T00:00:00,149.31436250442155,149.9753943766679,148.34226379020006,148.6144561767578,1836550.0
2023-08-22T00:00:00,148.9255149871204,149.43100154467874,147.99230264508415,148.03118896484375,1259627.0
2023-08-23T00:00:00,147.75899633580104,148.42002817124722,146.6313642633682,147.64234924316406,2039507.0
2023-08-24T00:00:00,147.75898827254235,149.08104000485116,147.6423411862708,147.99229431152344,1304648.0
2023-08-25T00:00:00,147.75898855023033,149.31434632444328,147.13684306725753,148.38113403320312,1383511.0
2023-08-28T00:00:00,149.2365813736133,151.02524527934727,149.2365813736133,150.44198608398438,1241159.0
2023-08-29T00:00:00,150.4419783047207,151.53073586629566,150.130911496521,151.18077087402344,1498143.0
2023-08-30T00:00:00,151.49184403105946,152.15286394101773,151.14189091797124,151.29742431640625,1689810.0
2023-08-31T00:00:00,151.2974373326482,152.03622993860174,150.9474841894532,150.98635864257812,2852668.0
2023-09-01T00:00:00,150.98635369989918,151.60849919323414,150.28644743642133,150.94747924804688,1627641.0
2023-09-04T00:00:00,151.5307291945022,153.59157340757307,150.67527770996094,150.67527770996094,1684322.0
2023-09-05T00:00:00,150.5586383720222,153.3193889479333,149.89760656665752,151.80291748046875,2196540.0
2023-09-06T00:00:00,151.5307431230655,151.5307431230655,149.081047392035,150.59751892089844,1940100.0
2023-09-07T00:00:00,150.63639106558426,150.86969709417204,148.61443317284449,149.3532257080078,2321026.0
2023-09-08T00:00:00,148.96439290936434,149.27545971702784,147.52568222443492,148.92550659179688,2224184.0
2023-09-11T00:00:00,149.39211866060356,150.40309171866724,149.11992630408605,149.8587188720703,2169247.0
2023-09-12T00:00:00,150.32532400718677,150.79192419710355,149.5476451575546,149.89759826660156,3002891.0
2023-09-13T00:00:00,150.13091348653757,151.4140789204174,149.93649376222618,150.1697998046875,2947973.0
2023-09-14T00:00:00,150.09202254003358,155.30246861761762,149.58653601898686,155.18582153320312,3694832.0
2023-09-15T00:00:00,155.18582731657673,156.3134593515465,154.75810154705349,155.4580078125,4095055.0
2023-09-18T00:00:00,155.146941633702,155.146941633702,153.00832464376373,153.43605041503906,1749366.0
2023-09-19T00:00:00,153.66934898799047,155.49688720703125,153.51380372131652,155.49688720703125,1749759.0
2023-09-20T00:00:00,155.3802366961188,158.64648549478272,155.10804435188118,158.33541870117188,2713004.0
2023-09-21T00:00:00,156.85783517829384,159.34640533929002,156.85783517829384,158.80203247070312,2295218.0
2023-09-22T00:00:00,157.94657901404298,159.65747010894074,157.09112753337533,158.87979125976562,2287407.0
2023-09-25T00:00:00,158.10212566535648,160.27962899888908,157.09114070338362,158.02435302734375,2158261.0
2023-09-26T00:00:00,158.0243519213303,158.25765796729704,156.15792728647315,157.40220642089844,2053338.0
2023-09-27T00:00:00,157.40220761062707,157.40220761062707,155.69131637133648,156.15792846679688,1638281.0
2023-09-28T00:00:00,156.39122009277344,156.93559290965175,155.5357686187951,156.39122009277344,1416238.0
2023-09-29T00:00:00,155.92462268229193,157.01336841828615,155.06917112798325,156.54676818847656,1972538.0
2023-10-02T00:00:00,156.85783447742625,158.3354315329183,155.1080569220762,155.7690887451172,1835167.0
2023-10-03T00:00:00,155.53577087255215,156.3134497269149,148.6144338152986,151.99732971191406,3189064.0
2023-10-04T00:00:00,151.76403114498788,154.17484045863384,149.85872023139706,152.7361297607422,2051247.0
2023-10-05T00:00:00,153.20273490010948,154.21371978796626,152.50282867505967,152.77500915527344,1869247.0
2023-10-06T00:00:00,153.70821635001278,156.08013916015625,153.35826324900998,156.08013916015625,1542959.0
2023-10-09T00:00:00,155.76908594833998,155.9246193549575,153.51381001985166,154.68032836914062,1643399.0
2023-10-10T00:00:00,157.86880586435996,160.82398785481283,157.71327246832297,159.96853637695312,3524454.0
2023-10-11T00:00:00,159.73523348530472,161.5238972409356,159.0353272561802,161.44613647460938,2496872.0
2023-10-12T00:00:00,161.44615134515473,163.46810945244127,161.21284529181122,162.92373657226562,3490720.0
2023-10-13T00:00:00,162.534896337069,163.00150844154996,160.27963218710144,161.75721740722656,1537920.0
2023-10-16T00:00:00,162.53489768118172,163.70141608559211,161.834991385111,162.76820373535156,1886449.0
2023-10-17T00:00:00,162.84594607539114,162.84594607539114,161.29058837890625,161.29058837890625,2302294.0
2023-10-18T00:00:00,162.37936426721478,166.57882577651665,162.37936426721478,162.76820373535156,3123817.0
2023-10-19T00:00:00,162.76818557561205,163.00149160375238,158.7242579314505,160.7462158203125,2478432.0
2023-10-20T00:00:00,159.50193727476864,160.12407086315227,158.10211296803038,158.72425842285156,1913087.0
2023-10-23T00:00:00,158.95756407821858,159.1908701239497,153.4749372689486,154.21372985839844,2913598.0
2023-10-24T00:00:00,154.36926047891703,154.44703311490233,151.02523886099792,152.19175720214844,2511892.0
2023-10-25T00:00:00,152.1917725662703,152.5806120525747,146.8646787237631,149.0032958984375,3653481.0
2023-10-26T00:00:00,141.53756593136077,143.17069643868277,135.2772481418782,138.66015625,9849996.0
2023-10-27T00:00:00,139.20452133209528,141.77086404279024,137.53251646490514,138.46572875976562,3034753.0
2023-10-30T00:00:00,138.46572762666517,141.57644316170314,137.80469582889438,138.77679443359375,2953944.0
2023-10-31T00:00:00,138.81568376408066,143.32622376107514,138.81568376408066,142.12081909179688,2628951.0
2023-11-01T00:00:00,142.74294654512235,143.44285272066506,140.4876708984375,140.4876708984375,2022953.0
2023-11-02T00:00:00,140.68210670801335,141.96528399868924,139.59336100662608,141.65420532226562,2666289.0
2023-11-03T00:00:00,142.78184311587648,142.8984901980345,141.3431324815933,142.85960388183594,1088540.0
2023-11-06T00:00:00,142.19859313964844,143.05403281897807,140.60434900422896,142.19859313964844,1783887.0
2023-11-07T00:00:00,141.8486239274135,142.97626780421135,139.8655522631151,140.09884643554688,2134585.0
2023-11-08T00:00:00,138.66015643619465,140.83765982673503,137.80470486141274,139.98220825195312,1727062.0
2023-11-09T00:00:00,139.36005386782412,140.25439170575214,139.12674782895428,140.09884643554688,2255198.0
2023-11-10T00:00:00,139.67113451645108,140.8765273125171,139.5155892440467,140.02108764648438,1371748.0
2023-11-13T00:00:00,140.05997308804243,141.69309164012336,139.94331413446926,141.65420532226562,1228451.0
2023-11-14T00:00:00,141.65420867639824,142.58743286132812,140.7598826766853,142.58743286132812,1943508.0
2023-11-15T00:00:00,142.58743145026386,143.3651103523838,141.61533282261396,142.50965881347656,3497381.0
2023-11-16T00:00:00,142.58744036757165,143.05404061816142,141.61534167912745,142.3930206298828,2767910.0
2023-11-17T00:00:00,142.39301366379982,143.90948517029688,142.1597076166991,143.3651123046875,2937229.0
2023-11-20T00:00:00,143.36510340519106,143.87058992049882,142.54853822424664,143.48175048828125,2055009.0
2023-11-21T00:00:00,143.1707003175428,143.7539595336114,142.74297451913804,143.55953979492188,2513056.0
2023-11-22T00:00:00,143.55951631840156,145.85366648648406,143.4428573744018,145.38705444335938,3029209.0
2023-11-23T00:00:00,145.89255581025844,149.27545166015625,145.4648300729783,149.27545166015625,2846834.0
2023-11-24T00:00:00,149.3143474146263,151.06412492339146,149.3143474146263,150.8697052001953,3511936.0
2023-11-27T00:00:00,150.86970549432436,151.49185098305253,149.50876742929825,150.32533264160156,2139012.0
2023-11-28T00:00:00,149.93649236656915,150.63639862099987,149.0810408409866,149.1588134765625,1627504.0
2023-11-29T00:00:00,148.80885291763644,150.48085770107335,148.73108028594459,150.28643798828125,2060298.0
2023-11-30T00:00:00,150.86971334737444,151.41408622843286,149.5865478515625,149.5865478515625,4017484.0
2023-12-01T00:00:00,150.130911496521,151.68626927039548,148.84773421321174,151.18077087402344,2152150.0
2023-12-04T00:00:00,150.90857805029486,152.3472767536867,150.86969173583842,152.26951599121094,1611036.0
2023-12-05T00:00:00,151.88068321588338,153.20273490010948,151.25853775670709,152.77500915527344,2196827.0
2023-12-06T00:00:00,152.77500826951254,153.28050664372898,151.60848999023438,151.60848999023438,2675170.0
2023-12-07T00:00:00,151.37518486308866,154.68032000740448,151.25853778104081,153.70822143554688,2615718.0
2023-12-08T00:00:00,153.7859966202417,154.64144812424925,152.58059199784475,154.40814208984375,1985986.0
2023-12-11T00:00:00,154.4081344184556,156.39121781272104,153.8637616095138,156.08013916015625,2261161.0
2023-12-12T00:00:00,156.0801385454903,157.63549620287725,155.30245971679688,155.30245971679688,1896069.0
2023-12-13T00:00:00,155.30247660820365,157.9465920332098,154.91363715156496,156.70230102539062,3627314.0
2023-12-14T00:00:00,158.02435307128997,158.7242712142836,156.1579284228507,157.0911407470703,3763571.0
2023-12-15T00:00:00,157.86881988134098,159.57971112253088,157.6355138333518,158.41319274902344,4044094.0
2023-12-18T00:00:00,158.1798731410437,159.6574700740157,157.40219429203867,157.9465789794922,2391474.0
2023-12-19T00:00:00,157.79104479317115,157.79104479317115,155.69131412674804,155.8468475341797,3111404.0
2023-12-20T00:00:00,156.2356861944814,157.63551058715134,152.34729169619726,153.7471160888672,5058246.0
2023-12-21T00:00:00,153.2027512853741,153.74712417046072,151.84181313943802,153.3971710205078,1925201.0
2023-12-22T00:00:00,153.39715830991253,155.5357752191762,153.04720518895698,155.03028869628906,1698965.0
2023-12-27T00:00:00,154.99140865930437,157.01336669921875,154.68032997639864,157.01336669921875,1528946.0
2023-12-28T00:00:00,157.0911246272396,157.47996404463373,156.39121842250503,156.85781860351562,1087615.0
2023-12-29T00:00:00,157.0911269429906,158.25764521236923,157.01335431179035,158.10211181640625,1501650.0
2024-01-02T00:00:00,157.8688201436344,159.81301743604368,157.7910475053626,158.80203247070312,1723851.0
2024-01-03T00:00:00,159.96853569369475,160.0463083245998,156.7800595560238,157.32443237304688,1861324.0
2024-01-04T00:00:00,157.4021946841808,161.52389496746343,157.4021946841808,161.1350555419922,2190650.0
2024-01-05T00:00:00,160.59069772242339,161.2906040070837,159.57971274846182,159.81301879882812,920238.0
2024-01-08T00:00:00,160.27963027272344,161.7572154752003,160.2018576340926,160.90176391601562,1767571.0
2024-01-09T00:00:00,160.90174974657344,161.13505577548176,158.1021129989863,159.657470703125,1906723.0
2024-01-10T00:00:00,159.42417959565097,160.51292534387505,158.2576612083657,160.2018585205078,1264543.0
2024-01-11T00:00:00,160.74623139461985,161.75721637022147,159.8130190580794,160.2018585205078,1643908.0
2024-01-12T00:00:00,160.20184554901283,162.06827007096993,160.20184554901283,161.44613647460938,1872484.0
2024-01-15T00:00:00,162.30158834630026,162.61266703438497,160.35739104491566,160.90176391601562,855307.0
2024-01-16T00:00:00,160.4351533353905,160.4351533353905,154.40814208984375,154.40814208984375,4402847.0
2024-01-17T00:00:00,153.4360503822809,154.71921582939456,151.9195788902998,154.3692626953125,2618174.0
2024-01-18T00:00:00,154.5636838334441,155.26359010800127,153.00832600870504,154.44703674316406,2681677.0
2024-01-19T00:00:00,155.0302852580525,155.76907780067117,152.73612313129885,153.16384887695312,2328907.0
2024-01-22T00:00:00,154.52479747348292,155.84684925087217,153.94153828936072,155.3802490234375,2109715.0
2024-01-23T00:00:00,156.08015556393735,156.23568897334744,154.52479773695953,155.7690887451172,2620428.0
2024-01-24T00:00:00,153.20273045329802,157.7132700683577,152.23063190981262,156.85781860351562,6764360.0
2024-01-25T00:00:00,157.16890549798796,165.95666729870683,156.78006606020614,165.33453369140625,6747789.0
2024-01-26T00:00:00,165.8789056782061,167.12318475284818,164.09024190031792,165.10122680664062,2851413.0
2024-01-29T00:00:00,165.25675993010472,167.12318447215196,164.55685369344647,165.64559936523438,2295392.0
2024-01-30T00:00:00,166.11221257270162,167.9008644934094,165.72337313490638,167.20095825195312,2226872.0
2024-01-31T00:00:00,167.90086391447545,168.44524861866205,165.33453312702608,165.4900665283203,2829864.0
2024-02-01T00:00:00,165.4900659551766,166.8121176612556,163.70140218039305,164.71238708496094,2104534.0
2024-02-02T00:00:00,166.11221256985183,167.74533108870108,165.10122765831397,166.2677459716797,1738399.0
2024-02-05T00:00:00,166.81211852129172,168.52300967129946,164.71238793417143,164.94569396972656,2860219.0
2024-02-06T00:00:00,166.1899719019687,166.1899719019687,164.16801396279692,164.32354736328125,2492204.0
2024-02-07T00:00:00,164.40132274657037,168.13418402225693,164.40132274657037,165.4123077392578,3035149.0
2024-02-08T00:00:00,165.7233711183667,167.04542281749607,163.54586791992188,163.54586791992188,2552186.0
2024-02-09T00:00:00,163.62362867237576,164.0124681054056,162.06827094025644,162.61265563964844,2052274.0
2024-02-12T00:00:00,162.92372332837365,166.73434504628077,162.92372332837365,166.5788116455078,2310107.0
2024-02-13T00:00:00,166.42329240631395,167.51203817080776,165.41230741560466,165.95668029785156,2806544.0
2024-02-14T00:00:00,165.95668055069976,166.7343594883627,165.1790016130368,166.34552001953125,1528835.0
2024-02-15T00:00:00,165.8011344630116,168.4452497688191,165.4122950239021,167.9786376953125,2742311.0
2024-02-16T00:00:00,168.6785436572602,170.15614064327,168.5230102551639,169.4562225341797,2076780.0
2024-02-19T00:00:00,169.92283489025618,171.71149868344122,169.53399545114806,169.84506225585938,1825185.0
2024-02-20T00:00:00,169.53399658203125,170.1561420620419,168.9118511020206,169.53399658203125,1552123.0
2024-02-21T00:00:00,169.53399601607137,170.6227417026269,168.83408976991967,169.6895294189453,1776836.0
2024-02-22T00:00:00,170.3894500220958,173.96676580623742,170.0783713453629,173.1890869140625,2965766.0
2024-02-23T00:00:00,172.95579479952016,173.18910085924605,169.7673182047299,172.17811584472656,2770752.0
2024-02-26T00:00:00,172.1781036802745,172.8780218100027,171.7115034602273,172.7224884033203,1421458.0
2024-02-27T00:00:00,172.64471519776055,173.11132728270817,171.71150289430355,172.87802124023438,1694816.0
2024-02-28T00:00:00,172.87802232264045,176.1442713384094,172.87802232264045,174.43338012695312,2351754.0
2024-02-29T00:00:00,174.51114054434348,177.77740141994448,171.94480966556884,176.84417724609375,5265249.0
2024-03-01T00:00:00,178.01069923039373,179.9548965215358,177.31079295215798,178.16624450683594,2383619.0
2024-03-04T00:00:00,178.1662272728486,178.63282745772543,177.07746977526122,178.24398803710938,1398396.0
2024-03-05T00:00:00,178.08847182268852,179.48829624523754,176.9219534483041,179.09945678710938,2116580.0
2024-03-06T00:00:00,179.0994398108897,180.73255826036709,178.47729436356798,178.63282775878906,2008296.0
2024-03-07T00:00:00,178.16624358635832,179.87713482043648,177.5440980831194,179.7993621826172,2591251.0
2024-03-08T00:00:00,179.7216033935547,181.8213341070123,179.41052470528481,179.7216033935547,1999784.0
2024-03-11T00:00:00,179.2549731632291,179.2549731632291,177.46630945252113,177.69961547851562,2227156.0
2024-03-12T00:00:00,178.24400431694298,180.8881197384936,177.69963145164795,180.73257446289062,2071539.0
2024-03-13T00:00:00,180.81034934564505,181.35472221769905,179.33276414057866,181.0436553955078,2694356.0
2024-03-14T00:00:00,181.12141564391922,181.7435611529407,180.11044254150272,180.26597595214844,2460282.0
2024-03-15T00:00:00,180.0326815010961,181.12142731219438,176.22205929581278,177.6218719482422,4594511.0
2024-03-18T00:00:00,178.01069565218768,178.32177433238053,174.58891323513453,174.97775268554688,2446097.0
2024-03-19T00:00:00,175.36657805589854,176.76640233827965,174.27783242873397,176.53309631347656,2694923.0
2024-03-20T00:00:00,176.53311130279474,176.53311130279474,174.58891404175074,176.14427185058594,1855597.0
2024-03-21T00:00:00,176.84418081010304,179.1772175588719,175.44436825399256,179.09945678710938,3337347.0
2024-03-22T00:00:00,179.09945267541167,180.03266498020716,174.0445398357946,174.2000732421875,4725123.0
2024-03-25T00:00:00,174.58890032213148,176.84416422114305,174.51112769122594,176.22203063964844,2588988.0
2024-03-26T00:00:00,176.22204626492737,181.12141391902114,176.06650098932437,180.73257446289062,4620121.0
2024-03-27T00:00:00,180.69098385592852,182.10522936903115,174.4516542152269,174.9508056640625,8811733.0
2024-03-28T00:00:00,175.94909300048522,177.03057932603912,174.11889220782777,176.6146240234375,2331181.0
2024-04-02T00:00:00,177.446533203125,178.69439910090514,176.6146226046049,177.446533203125,3455064.0
2024-04-03T00:00:00,177.5297197191045,180.4414068643172,177.5297197191045,178.6112060546875,2930236.0
2024-04-04T00:00:00,178.61120902760044,179.44311965436518,176.53143246068856,178.36163330078125,2576802.0
2024-04-05T00:00:00,176.6978078058644,181.93884716746808,176.11547291989694,180.85736083984375,3244370.0
2024-04-08T00:00:00,180.94055761366545,184.93373107910156,180.94055761366545,184.93373107910156,2990486.0
2024-04-09T00:00:00,184.93372897692012,185.26648813944536,181.68927001953125,181.68927001953125,2141161.0
2024-04-10T00:00:00,182.02204535896416,185.34968782368398,182.02204535896416,184.10182189941406,2346155.0
2024-04-11T00:00:00,183.85224022986432,184.26819552450203,178.8607766942119,180.108642578125,2394296.0
2024-04-12T00:00:00,180.94055459007035,182.68757191886414,179.2767333984375,179.2767333984375,2125585.0
2024-04-15T00:00:00,180.1918461055604,181.35651590073792,178.61120830473516,178.777587890625,1763175.0
2024-04-16T00:00:00,176.19867304846466,176.44824877494517,173.7861246177514,174.118896484375,3034656.0
2024-04-17T00:00:00,174.9508116660578,177.5297270563195,174.78443207538754,175.86590576171875,2267614.0
2024-04-18T00:00:00,176.6146203580474,177.4465309459855,175.03398262459612,177.2801513671875,2849444.0
2024-04-19T00:00:00,176.19866520682012,178.77758041514852,175.61633033358132,178.69439697265625,1706273.0
2024-04-22T00:00:00,178.86077220344393,180.3582137653321,177.61290635086175,179.77587890625,1748756.0
2024-04-23T00:00:00,180.27502090454414,183.7690428164329,179.60948989895863,182.35479736328125,2189022.0
2024-04-24T00:00:00,174.70123584453876,176.9473920523216,171.87274472273063,173.03741455078125,6440888.0
2024-04-25T00:00:00,175.28356781440033,177.4465405375342,172.0391214236484,174.70123291015625,4047888.0
2024-04-26T00:00:00,175.4499533943203,175.4499533943203,173.45337288473755,174.20208740234375,1748646.0
2024-04-29T00:00:00,174.9508109377921,176.2818603515625,174.03570415199135,176.2818603515625,2002840.0
2024-04-30T00:00:00,176.44825190444823,176.94739067231328,175.03399366062484,176.69781494140625,1439822.0
2024-05-02T00:00:00,176.61461817594144,176.6978016173386,173.28697586530268,174.0356903076172,2573535.0
2024-05-03T00:00:00,174.61802872427052,176.53142563058879,174.53484528118173,176.4482421875,1778635.0
2024-05-06T00:00:00,177.19695924752128,180.85736083984375,176.6978078058644,180.85736083984375,2011943.0
2024-05-07T00:00:00,181.19012537831227,182.18841552734375,179.27672852119898,182.18841552734375,1651945.0
2024-05-08T00:00:00,181.8556680074091,182.18842718038738,176.9473876953125,176.9473876953125,1867709.0
2024-05-10T00:00:00,176.61463636470253,182.604390601921,176.03230143915826,182.5211944580078,2654192.0
2024-05-13T00:00:00,182.4379977281398,184.3513946533203,181.35651140573793,184.3513946533203,2047527.0
2024-05-14T00:00:00,184.26819495499913,185.43286469880584,181.10693218673322,181.9388427734375,1906794.0
2024-05-15T00:00:00,182.27160920992054,182.85394406452505,179.44310568278073,180.6077880859375,1905294.0
2024-05-16T00:00:00,180.6077955606331,181.10693430211688,178.86077823056914,180.69097900390625,1761906.0
2024-05-17T00:00:00,180.19184109421926,182.02204187600486,179.94226537535113,181.68927001953125,1405407.0
2024-05-20T00:00:00,181.77246024075163,183.02032610052797,181.43970108905714,182.18841552734375,1108818.0
2024-05-21T00:00:00,181.52288733241213,181.52288733241213,178.11206154606825,180.52459716796875,1967532.0
2024-05-22T00:00:00,180.27501763091414,180.3582137653321,176.44823663269756,179.77587890625,1745165.0
2024-05-23T00:00:00,179.6926844965675,181.8556570727165,179.110349631896,181.7724609375,1791008.0
2024-05-24T00:00:00,178.77757745643527,179.3599250139846,177.03057286563129,178.9439697265625,2208545.0
2024-05-27T00:00:00,179.02715542638674,179.85906601172678,178.61120013371672,179.1103515625,1485923.0
2024-05-28T00:00:00,179.6926888269904,181.10693430211688,179.60949268976896,180.69097900390625,1523864.0
2024-05-29T00:00:00,179.9422681129356,180.52460300318842,177.8624915806408,178.6112060546875,1270949.0
2024-05-30T00:00:00,178.27844475614725,180.10864554390068,177.94567289858855,179.85906982421875,1104457.0
2024-05-31T00:00:00,179.85907471937452,181.52289597060638,179.35993596037423,181.43971252441406,3632512.0
2024-06-03T00:00:00,182.52117328934202,184.43457013188691,182.27161027444527,183.02032470703125,1971088.0
2024-06-04T00:00:00,183.02033788824332,183.02033788824332,178.36163330078125,178.36163330078125,2249271.0
2024-06-05T00:00:00,179.02715613052177,179.60949100376058,177.69610680511144,178.69439697265625,1513875.0
2024-06-07T00:00:00,179.11034979266142,183.8522375434541,179.11034979266142,183.18670654296875,2825248.0
2024-06-10T00:00:00,181.7724598964922,181.7724598964922,177.77928661398104,179.35992431640625,3171870.0
2024-06-11T00:00:00,179.69268798828125,180.27502286426844,177.77929108665342,179.69268798828125,1952806.0
2024-06-12T00:00:00,180.02544227257744,183.26990111198506,180.02544227257744,182.6043701171875,2537633.0
2024-06-13T00:00:00,182.1052190475565,182.1052190475565,179.19353204692618,179.35992431640625,3222846.0
2024-06-14T00:00:00,179.4431091562542,181.10693031244375,175.6995115548277,178.52801513671875,2445387.0
2024-06-17T00:00:00,178.36163167802195,180.02545291641377,175.03398920123834,176.36505126953125,2662963.0
2024-06-18T00:00:00,176.69781116244712,176.69781116244712,174.7844268856284,175.9490966796875,1702419.0
2024-06-19T00:00:00,176.19867690354818,177.44654286930427,174.9508109377921,176.2818603515625,1390681.0
2024-06-20T00:00:00,176.61462931907104,178.36163402601116,176.36505359123709,177.9456787109375,8107929.0
2024-06-24T00:00:00,177.44652916243675,181.35650634765625,176.61461858286034,181.35650634765625,2081791.0
2024-06-25T00:00:00,181.35650531603142,181.6892644683899,178.61119788025604,178.9439697265625,1457263.0
2024-06-26T00:00:00,179.11035226696225,181.77246361173115,177.7792902476037,178.69439697265625,2290334.0
2024-06-27T00:00:00,178.8607766942119,180.85735703089358,178.4448213995742,180.108642578125,1534426.0
2024-06-28T00:00:00,181.19013679793952,182.52118618255577,180.77418148513155,181.43971252441406,1768235.0
2024-07-01T00:00:00,182.93713506760812,185.1833038330078,182.27161674565832,185.1833038330078,1655692.0
2024-07-02T00:00:00,184.85052647265465,185.0169060481868,178.77757676112185,179.35992431640625,2596379.0
2024-07-03T00:00:00,180.60779627030757,181.02375157015263,179.0271585145273,180.2750244140625,1710208.0
2024-07-04T00:00:00,181.43970965883486,184.26820066367756,181.35651352000772,183.10353088378906,1884556.0
2024-07-05T00:00:00,183.10354282339162,183.85225734586288,181.77248067905447,182.10523986816406,1287751.0
2024-07-08T00:00:00,181.93885722664766,182.02205336950644,179.2767456765056,179.5263214111328,1822267.0
2024-07-09T00:00:00,178.77759302727006,178.77759302727006,175.36676698970797,175.86590576171875,2926704.0
2024-07-10T00:00:00,176.36504255609313,178.61119857815942,175.36675240116898,178.52801513671875,1781167.0
2024-07-11T00:00:00,179.02716559528002,182.27162467876306,178.86078600755116,182.0220489501953,2411044.0
2024-07-12T00:00:00,181.93885806026026,183.51949592417526,180.60780862606518,183.3531036376953,1976481.0
2024-07-15T00:00:00,182.27160990904983,182.6043690575437,179.52630250515824,180.19183349609375,1733294.0
2024-07-16T00:00:00,179.6926885636234,179.7758847007229,176.86419761751606,177.86248779296875,2948074.0
2024-07-17T00:00:00,177.86248862845173,178.94397494608407,176.94738189185168,178.86077880859375,1679165.0
2024-07-18T00:00:00,179.6926817602041,183.436279296875,179.27672647835178,183.436279296875,3465342.0
2024-07-19T00:00:00,182.1884263714261,184.60096209967827,181.93885064582616,183.26991271972656,1706037.0
2024-07-22T00:00:00,184.35139923775367,186.18160007059018,183.26991288845747,186.09840393066406,1688595.0
2024-07-23T00:00:00,186.84712670030072,187.8454168861204,185.93201995849608,187.1798858642578,1645078.0
2024-07-24T00:00:00,186.43117507485235,187.01350997023528,185.10011300487827,186.5143585205078,1350920.0
2024-07-25T00:00:00,184.9337327070323,186.93031311035156,183.8522463660891,186.93031311035156,1145119.0
2024-07-26T00:00:00,186.43117222048173,188.1781768798828,186.0984003611088,188.1781768798828,1486664.0
2024-07-29T00:00:00,188.8437049309939,190.42432998279295,188.2613700536968,188.42774963378906,1542702.0
2024-07-30T00:00:00,188.6773232399872,190.34114441019176,188.6773232399872,189.6756134033203,1084682.0
2024-07-31T00:00:00,190.75709970274292,190.92347928097374,189.01008239644887,189.6756134033203,1323460.0
2024-08-01T00:00:00,189.01008872156353,189.09328486043714,184.10182118278695,184.5177764892578,1751655.0
2024-08-02T00:00:00,183.02033180414244,183.10352794163276,178.36162737154856,178.86077880859375,2823976.0
2024-08-05T00:00:00,172.28869290468185,173.78612185183485,166.21574289540519,171.29039001464844,4677518.0
2024-08-06T00:00:00,172.62144955024286,173.86931545060605,165.67499096064168,168.29551696777344,3170904.0
2024-08-07T00:00:00,170.3753015260346,173.20379262304795,169.37701129732102,172.455078125,1880161.0
2024-08-08T00:00:00,171.04081451662452,173.61972961066957,168.79464587175133,172.7046356201172,1524686.0
2024-08-09T00:00:00,173.45335839456206,174.78442041905404,172.70464393950294,173.78611755371094,1015811.0
2024-08-12T00:00:00,174.70121656236512,174.95079226767234,172.03910532496624,172.28868103027344,1531853.0
2024-08-13T00:00:00,173.28697726394637,174.03569171230396,172.2886871014869,173.2037811279297,1015143.0
2024-08-14T00:00:00,174.03570780887006,175.03399806366144,173.37017674102606,174.20208740234375,1288774.0
2024-08-15T00:00:00,174.95080575568795,177.44653761327567,172.6214534831497,176.36505126953125,2093260.0
2024-08-16T00:00:00,176.53142717458962,177.86248921513507,176.36504759300854,177.03057861328125,1492546.0
2024-08-19T00:00:00,177.03058015149463,178.27844606511803,176.6146248469535,177.6129150390625,1548788.0
2024-08-20T00:00:00,177.69611552888594,177.945678562563,174.2852768705463,175.1171875,1579087.0
2024-08-21T00:00:00,175.1171738106868,176.6977988055082,174.95079423659212,175.6995086669922,1343814.0
2024-08-22T00:00:00,175.6995232660828,177.8624959908814,175.61633981909753,177.52972412109375,1301933.0
2024-08-23T00:00:00,178.028870558331,180.85736155504281,177.945674419743,180.44140625,1714680.0
2024-08-26T00:00:00,180.0254405373852,181.190122940542,179.60948525638946,180.6077880859375,934560.0
2024-08-27T00:00:00,180.60779485421853,181.27331317359383,180.19183955763484,181.10693359375,1150431.0
2024-08-28T00:00:00,180.8573656536236,181.68927628256196,179.60949971021603,181.0237579345703,1416048.0
2024-08-29T00:00:00,180.52459731482983,183.18670865349392,180.44140117858015,181.9388427734375,1592251.0
2024-08-30T00:00:00,181.93885953246354,183.18672552746528,181.85567608249968,182.5211944580078,2030166.0
2024-09-02T00:00:00,182.8539566901374,184.85053709919688,182.8539566901374,183.6858673095703,1741818.0
2024-09-03T00:00:00,182.9371359199235,183.43628735765975,181.2733147194005,181.68927001953125,1458978.0
2024-09-04T00:00:00,179.44310637106088,182.10521764085507,179.27672679681396,180.19183349609375,2210576.0
2024-09-05T00:00:00,180.1086461983118,184.35139536647497,179.85907047772307,183.93544006347656,1368679.0
2024-09-06T00:00:00,183.35310055642447,183.43629669826632,180.02545798593437,180.77418518066406,1639658.0
2024-09-09T00:00:00,182.10522951627863,183.6858673095703,181.68927420656217,183.6858673095703,1358624.0
2024-09-10T00:00:00,183.6858599336629,185.3496811057179,180.44140103178674,180.52459716796875,1559932.0
2024-09-11T00:00:00,181.10694436013347,182.2716268761744,179.52631921673026,180.77418518066406,1433875.0
2024-09-12T00:00:00,182.60438458466703,184.5177815860752,180.27503226529836,181.60609436035156,1295654.0
2024-09-13T00:00:00,181.60608276283776,182.52117678754288,180.60779260227392,180.9405517578125,882732.0
2024-09-16T00:00:00,180.44140103178674,181.0237485971645,179.52630700352537,180.52459716796875,994337.0
2024-09-17T00:00:00,180.85735941926976,182.68757289500374,180.85735941926976,181.68927001953125,1148944.0
2024-09-18T00:00:00,181.85566216984276,182.60437663198454,179.35993037077236,180.2750244140625,1448256.0
2024-09-19T00:00:00,181.35652313942808,183.9354512524767,180.7741882185959,183.3531036376953,2129973.0
2024-09-20T00:00:00,183.02032470703125,184.6009497064674,181.35650357333097,183.02032470703125,3021441.0
2024-09-23T00:00:00,183.02034063809901,183.51949209923703,179.60950193953667,181.1901397705078,2342669.0
2024-09-24T00:00:00,182.18841692723265,183.02032750680905,181.02374719340492,181.35650634765625,2199764.0
2024-09-25T00:00:00,180.52460300318842,181.7724689225653,178.44482647089362,178.6112060546875,4561144.0
2024-09-26T00:00:00,180.1918366138285,181.77246163744445,179.69268518850345,181.35650634765625,1762941.0
2024-09-27T00:00:00,180.94055697810273,182.02204330572707,180.10864637130686,180.85736083984375,1806584.0
2024-09-30T00:00:00,180.6077931549017,181.43970374024175,178.77757971199512,179.1103515625,2036377.0
2024-10-01T00:00:00,179.1103594962629,179.69269439300604,173.37016858678376,174.53485107421875,3168075.0
2024-10-02T00:00:00,174.70121852847618,175.94908437510813,173.86930796405485,175.6995086669922,1652418.0
2024-10-03T00:00:00,175.03398692806732,175.03398692806732,169.46018839063157,170.29209899902344,2859300.0
2024-10-04T00:00:00,170.45849086730402,172.37188794329853,169.876155938249,170.54168701171875,2003173.0
2024-10-07T00:00:00,171.7895339611482,172.12229311400222,170.04251667379464,171.2071990966797,1562411.0
2024-10-08T00:00:00,170.37530447115697,173.37017520906736,170.0425325932008,172.20550537109375,1497561.0
2024-10-09T00:00:00,170.54168553028293,171.53997578484106,169.54339527572478,171.37359619140625,2199628.0
2024-10-10T00:00:00,171.5399743091306,173.03741602506037,170.70806365516395,172.20550537109375,3569447.0
2024-10-11T00:00:00,172.12230849310933,172.9542191435235,170.79125906881617,172.6214599609375,1398692.0
2024-10-14T00:00:00,172.62146218309124,172.8710379202181,171.1240204542794,171.37359619140625,1412489.0
2024-10-15T00:00:00,171.5399728030666,172.03912426864386,170.04253110028384,171.6231689453125,2170387.0
2024-10-16T00:00:00,170.4584792987131,171.04082688219503,169.62656868682294,169.8761444091797,2291533.0
2024-10-17T00:00:00,171.20721216562075,174.45165858242717,171.20721216562075,172.455078125,2027833.0
2024-10-18T00:00:00,171.95591665266537,174.20207270999052,171.29038564095282,172.3718719482422,1226891.0
2024-10-21T00:00:00,171.37359619140625,173.0374175136529,171.1240204542794,171.37359619140625,1514973.0
2024-10-22T00:00:00,171.2072014989292,173.78611670460324,170.79124620505132,172.78782653808594,2240499.0
2024-10-23T00:00:00,183.02032750680905,183.6858585092598,180.52459576807985,181.35650634765625,7107368.0
2024-10-24T00:00:00,180.94056353884656,181.1069431274488,177.11376953125,177.11376953125,3308389.0
2024-10-25T00:00:00,177.19696278374852,180.27502955153093,177.19696278374852,178.777587890625,2090492.0
2024-10-28T00:00:00,179.27673212957663,182.0220396151301,179.27673212957663,181.52288818359375,2662818.0
2024-10-29T00:00:00,182.02205493826398,183.5194966649837,182.02205493826398,182.93714904785156,2424096.0
2024-10-30T00:00:00,182.1884314732227,182.93714597703985,179.60950339305407,180.3582305908203,1431960.0
2024-10-31T00:00:00,179.52631066060846,181.0237522847516,178.94397577731627,179.85906982421875,2365417.0
2024-11-01T00:00:00,180.02546320135568,182.93715053488742,180.02546320135568,182.10523986816406,1466848.0
2024-11-04T00:00:00,183.02033494782927,186.18159781753604,182.93713880890994,185.93202209472656,2851992.0
2024-11-05T00:00:00,186.34798484270658,186.34798484270658,183.60267717007332,184.60096740722656,1817508.0
2024-11-06T00:00:00,185.2664923161919,186.68073782973025,181.8556663945933,182.27162170410156,2668112.0
2024-11-07T00:00:00,183.76903913961723,186.68072612359273,181.6892627224919,183.02032470703125,2361789.0
2024-11-08T00:00:00,182.7707562131329,182.7707562131329,179.44311381437237,180.2750244140625,1860006.0
2024-11-11T00:00:00,181.43972148994487,182.43801175122303,180.69099427352424,182.10523986816406,1262746.0
2024-11-12T00:00:00,181.2733098892731,181.60608173687984,178.2784394245007,178.52801513671875,1862951.0
2024-11-13T00:00:00,178.44481970184,179.19353414748525,177.11375769408386,178.112060546875,1759718.0
2024-11-14T00:00:00,178.44482657229344,180.27502738296315,178.44482657229344,180.02545166015625,1339886.0
2024-11-15T00:00:00,179.11035760179567,180.8573622735469,178.77758574007026,180.02545166015625,1747974.0
2024-11-18T00:00:00,180.52460799486445,183.18671949102196,180.19184881807558,181.60609436035156,1997291.0
2024-11-19T00:00:00,181.60608475040976,182.6875710586685,176.44824161942367,178.2784423828125,2053246.0
2024-11-20T00:00:00,179.27673028320055,180.77417186843917,178.112060546875,178.112060546875,1321859.0
2024-11-21T00:00:00,178.11206209941744,179.4431114248278,176.44824092219338,178.69439697265625,1285655.0
2024-11-22T00:00:00,179.69269758340624,180.02545676061075,175.86590357580968,177.11376953125,1917898.0
2024-11-25T00:00:00,177.28015793538083,178.02887241468557,174.5348503546824,174.9508056640625,5317391.0
2024-11-26T00:00:00,173.61975247821124,175.4499533943203,173.2037971475524,174.20208740234375,1337816.0
2024-11-27T00:00:00,173.45337141648707,175.07559465353486,172.87103649728388,175.03399658203125,1305202.0
2024-11-28T00:00:00,175.53313628773913,177.94567194586804,175.44994015030778,177.446533203125,1710085.0
2024-11-29T00:00:00,176.36504618281558,178.36162653372094,176.36504618281558,177.86248779296875,2509242.0
2024-12-02T00:00:00,176.7810002210234,181.2733123255313,176.36504492638568,180.108642578125,2068731.0
2024-12-03T00:00:00,180.1918444467272,182.6875762939453,180.1918444467272,182.6875762939453,2052508.0
2024-12-04T00:00:00,182.60437747290078,183.02033277466137,181.10693584777295,181.2733154296875,1583288.0
2024-12-05T00:00:00,180.69098038472538,184.3513946533203,180.52460080295933,184.3513946533203,1739768.0
2024-12-06T00:00:00,183.9354321067826,184.3513873917876,182.35479440739493,182.6043701171875,1330479.0
2024-12-09T00:00:00,183.103532414757,184.35139834390634,183.103532414757,183.6858673095703,1716702.0
2024-12-10T00:00:00,183.76905293051885,184.93373542788106,182.2716239529727,182.43800354003906,1679904.0
2024-12-11T00:00:00,182.10523912634056,184.26821192858998,182.10523912634056,182.5211944580078,1507673.0
2024-12-12T00:00:00,182.5211847346476,183.18671576865057,181.77247025511218,182.27162170410156,1800178.0
2024-12-13T00:00:00,181.77247025511218,182.93714004415585,180.6078004660685,182.27162170410156,1761228.0
2024-12-16T00:00:00,181.7724668693796,183.02033277466137,181.0237524037899,181.2733154296875,1965952.0
2024-12-17T00:00:00,180.6909804271929,181.6060871680438,179.7758863802904,179.85906982421875,1699309.0
2024-12-18T00:00:00,180.19184250956582,182.02204330572707,179.52631148533942,180.85736083984375,1930188.0
2024-12-19T00:00:00,179.19353880304976,180.44140470751097,178.19524861827048,179.85906982421875,2634439.0
2024-12-20T00:00:00,178.36163249396847,178.52802477372776,174.53485124453022,177.36334228515625,3681230.0
2024-12-23T00:00:00,177.77929402182826,179.7758870932534,177.4465348568983,179.443115234375,1414865.0
2024-12-27T00:00:00,179.69269585068938,181.60609283603742,179.52631626369146,181.0237579345703,1141348.0
2024-12-30T00:00:00,180.8573671716533,182.0220496783121,180.60780413603612,181.60609436035156,1638497.0
2025-01-02T00:00:00,181.6060899546944,183.35309463137793,179.1103581074763,182.6875762939453,1753711.0
2025-01-03T00:00:00,182.77075561484926,187.26308045483978,182.77075561484926,186.59754943847656,2668058.0
2025-01-07T00:00:00,188.3445620763091,190.67391438555333,187.76222717248524,189.34286499023438,2516984.0
2025-01-08T00:00:00,189.34285494987495,190.17476553806605,187.76221721594294,189.25965881347656,1768508.0
2025-01-09T00:00:00,188.59412469021845,189.7588071108246,186.34796867797883,188.09498596191406,2273640.0
2025-01-10T00:00:00,188.0117987300649,188.92690548287916,186.51435708634546,187.3462677001953,2027113.0
2025-01-13T00:00:00,187.4294694991007,190.2579605940247,187.4294694991007,189.92520141601562,1829813.0
2025-01-14T00:00:00,190.1747816628083,192.5873174955399,189.59243404653927,191.67221069335938,3367277.0
2025-01-15T00:00:00,192.42092539268967,194.9166572066183,191.92177395232454,194.50070190429688,2672217.0
2025-01-16T00:00:00,194.91664695086314,194.91664695086314,192.58729484163482,193.0032501220703,2238194.0
2025-01-17T00:00:00,193.33602383077067,194.75028204593048,192.83688507302196,193.41921997070312,3082609.0
2025-01-20T00:00:00,194.08475028546607,195.08304049119417,193.00326394011535,193.83517456054688,3195871.0
2025-01-21T00:00:00,196.83005071033435,198.90982718574384,196.33089927865677,197.99472045898438,3646590.0
2025-01-22T00:00:00,198.24431067868997,199.90813198074537,196.8300651107327,196.99644470214844,3162004.0
2025-01-23T00:00:00,207.14574252874445,208.31041230875638,202.07108271451708,205.2323455810547,8533885.0
2025-01-24T00:00:00,205.2323462001166,205.2323462001166,202.40385518644237,203.4021453857422,4147299.0
2025-01-27T00:00:00,203.48534449909891,204.73321043995043,202.73661731821875,203.15257263183594,3701181.0
2025-01-28T00:00:00,203.40214828019288,203.98448318024214,200.74003681286152,201.7383270263672,2511582.0
2025-01-29T00:00:00,201.32236650352468,202.73661199389198,198.66025510507768,201.82151794433594,2972583.0
2025-01-30T00:00:00,202.07109551804285,203.6517333984375,200.49047033159755,203.6517333984375,2691019.0
2025-01-31T00:00:00,203.65171000676318,203.98446915707288,200.82320645333925,200.90640258789062,2183452.0
2025-02-03T00:00:00,196.33090374660887,198.90983171238526,195.66537272054254,198.32748413085938,2984404.0
2025-02-04T00:00:00,198.74344505548308,199.49217224121094,196.49728888619723,199.49217224121094,2374671.0
2025-02-05T00:00:00,200.32408591225757,202.07109065088932,199.82493444753476,200.65684509277344,2277894.0
2025-02-06T00:00:00,201.48874186792617,204.40042892582667,200.740027416331,204.31724548339844,3105295.0
2025-02-07T00:00:00,204.4836311073254,206.14745233245588,203.98447966220684,205.2323455810547,2239607.0
2025-02-10T00:00:00,206.06425773125753,207.97765469322493,205.56511897636298,205.81468200683594,2708309.0
2025-02-11T00:00:00,205.98108361671285,207.8944679714081,204.8995972245269,207.72808837890625,3172621.0
2025-02-12T00:00:00,207.8112823193208,209.47510361460127,207.31213085315702,208.9759521484375,2889691.0
2025-02-13T00:00:00,209.64146874674677,211.13891034801318,208.47679899795523,209.97422790527344,3313976.0
2025-02-14T00:00:00,210.2238099789472,211.38849245691046,209.22551977922768,210.72296142578125,2862380.0
2025-02-17T00:00:00,210.72295869227338,214.13378455489874,210.72295869227338,213.801025390625,2180922.0
2025-02-18T00:00:00,214.05057941088359,216.13035583496094,213.96740866423713,216.13035583496094,2265679.0
2025-02-19T00:00:00,213.80102443459913,214.96569419829774,210.80614119373357,211.38848876953125,5011390.0
2025-02-20T00:00:00,210.8893417299326,212.4699668270548,209.9742349722627,210.3070068359375,2709465.0
2025-02-21T00:00:00,210.30700398136804,212.71953966400812,209.97423212221008,211.9708251953125,3480798.0
2025-02-24T00:00:00,212.4699632292049,213.13550694528453,210.47338285675966,212.38677978515625,2051092.0
2025-02-25T00:00:00,212.38678437236507,215.38165499571724,211.55487375022025,214.1337890625,2487090.0
2025-02-26T00:00:00,214.5497441429717,217.54462745705362,214.38337725145996,217.2118682861328,2628709.0
2025-02-27T00:00:00,216.29674740987465,217.8773724095215,215.54803297718885,216.5463104248047,2045362.0
2025-02-28T00:00:00,216.29675020268255,216.87909776223282,213.88421460492415,214.8824920654297,3662331.0
2025-03-03T00:00:00,215.29845862451782,217.96058276767897,213.0523151798794,217.2118682861328,2782632.0
2025-03-04T00:00:00,215.13209169790773,215.5480470084652,209.47509693553627,209.89105224609375,3783376.0
2025-03-05T00:00:00,213.2186742937892,216.79590506741852,212.8859151350065,215.88079833984375,3418150.0
2025-03-06T00:00:00,218.293341215614,218.6261003854327,215.21528715991937,217.62782287597656,3184706.0
2025-03-07T00:00:00,217.12866551362524,219.29163814038245,214.79932600043847,218.12696838378906,2990138.0
2025-03-10T00:00:00,218.79249500368758,220.6227085391056,216.96228146826957,219.2084503173828,3633412.0
2025-03-11T00:00:00,219.62439945225222,219.87396247828923,215.46484643232318,216.8791046142578,3654695.0
2025-03-12T00:00:00,218.04378404099367,218.7093023985042,213.13551633763416,214.30018615722656,2614455.0
2025-03-13T00:00:00,214.71613449616,217.62782164441663,214.30017918926623,215.38165283203125,2067889.0
2025-03-14T00:00:00,215.4648494794139,218.95888422072545,214.54974272450877,218.0437774658203,2069750.0
2025-03-17T00:00:00,218.79249500368758,219.54120949075948,217.5446290626019,219.2084503173828,2421098.0
2025-03-18T00:00:00,220.04034627894964,221.95373043926043,219.62439099297808,221.8705596923828,2275044.0
2025-03-19T00:00:00,221.53777906076868,221.87056360573226,219.29163570964238,219.54119873046875,2908921.0
2025-03-20T00:00:00,219.62439627952523,221.12182518990886,216.46314618520583,218.70928955078125,2646720.0
2025-03-21T00:00:00,219.2084452790691,219.2084452790691,216.13036587331237,216.21356201171875,6445179.0
2025-03-24T00:00:00,217.62782724247478,217.96058641897,215.0488991958158,215.13209533691406,2688515.0
2025-03-25T00:00:00,216.29675836776266,219.12524936114633,216.21356222927258,219.04205322265625,3209887.0
2025-03-26T00:00:00,219.04206458759336,219.20845687320673,212.55317165504488,212.63636779785156,5028700.0
2025-03-27T00:00:00,210.4545345225233,214.99998883186504,208.54543816394946,213.6363525390625,6181479.0
2025-03-28T00:00:00,211.8181818181818,212.90908813476562,209.0909090909091,210.81817626953125,3739942.0
2025-03-31T00:00:00,208.63635944565937,208.63635944565937,204.99999588233632,207.1818084716797,4375829.0
2025-04-01T00:00:00,206.0909063165838,207.72727272727272,204.0909090909091,207.09091186523438,4039526.0
2025-04-02T00:00:00,206.27271064142886,206.9999861039517,203.2727218999138,206.54544067382812,3915479.0
2025-04-03T00:00:00,202.0909076887162,204.0909048730579,200.54545594952606,201.36363220214844,4669745.0
2025-04-04T00:00:00,199.0908941259525,199.3636241525049,182.8181736250385,184.54544067382812,8984187.0
2025-04-07T00:00:00,169.45453728284528,187.09090896918482,169.45453728284528,179.22726440429688,8643814.0
2025-04-08T00:00:00,183.27273282137784,185.09091463955966,178.50000554865056,182.90908813476562,5355946.0
2025-04-09T00:00:00,176.68181831419432,181.0,176.31817363872983,181.0,6199669.0
2025-04-10T00:00:00,196.8181731300221,196.8181731300221,187.63634980486728,188.54544067382812,4899878.0
2025-04-11T00:00:00,189.63636369947608,192.54545175009164,187.09090645332773,191.81817626953125,4992545.0
2025-04-14T00:00:00,196.36363082780025,197.3636363482589,193.54544354041752,196.81817626953125,3746245.0
2025-04-15T00:00:00,197.54544644272252,201.54544067382812,197.27271641068677,201.54544067382812,3071193.0
2025-04-16T00:00:00,199.99999722693528,201.9999944248794,198.09090079566403,200.09091186523438,2903168.0
2025-04-17T00:00:00,199.99998887235043,200.7272643334841,197.99999175795205,199.45452880859375,2268269.0
2025-04-22T00:00:00,199.4545357670445,200.90908674005735,198.72727415216417,200.5454559326172,2057683.0
2025-04-23T00:00:00,203.09088957056684,204.54544047369666,199.3636254226881,201.6363525390625,3680362.0
2025-04-24T00:00:00,201.9999875720159,203.72726853971704,201.54544213919334,203.1818084716797,1832493.0
2025-04-25T00:00:00,204.54544900173167,205.72726992584464,203.6363581172795,204.72726440429688,2600343.0
2025-04-28T00:00:00,204.99998894192942,207.72726152208813,204.99998894192942,205.72726440429688,3081900.0
2025-04-29T00:00:00,209.5454477250408,214.36363216072266,206.90908972313753,213.0908966064453,5124935.0
2025-04-30T00:00:00,214.5454477223951,218.272725879782,213.45454144050473,218.0908966064453,3471245.0
2025-05-02T00:00:00,219.3636266844634,220.90907836785578,217.54544496950163,219.90907287597656,3186650.0
2025-05-05T00:00:00,220.09090361511687,221.8181707072195,219.27271351494267,221.54544067382812,1676599.0
2025-05-06T00:00:00,221.54544896222578,221.90909364422745,218.00000001037338,218.81817626953125,2271903.0
2025-05-07T00:00:00,219.72726039310857,223.90908394163557,219.45453035792187,223.1818084716797,3112882.0
2025-05-08T00:00:00,223.72727410935622,224.63636500151674,221.7272630493021,223.4545440673828,2204814.0
2025-05-09T00:00:00,224.45453014038313,225.7272656807124,221.7272575317679,223.1818084716797,2155995.0
2025-05-12T00:00:00,224.4545385375751,228.27273142978157,224.09090772480607,227.5454559326172,3055191.0
2025-05-13T00:00:00,227.363636330157,228.18181257960075,224.7272644355445,226.0,2042280.0
2025-05-14T00:00:00,225.9999986267591,227.63635111570366,225.54545318613538,226.4545440673828,1883204.0
2025-05-15T00:00:00,225.72726735577635,231.36362801441533,225.72726735577635,230.6363525390625,2120541.0
2025-05-16T00:00:00,230.27271761168222,232.99997632004894,229.99998757935785,231.1818084716797,2614174.0
2025-05-19T00:00:00,231.3636308646814,234.09090352713343,230.63635538036897,233.45452880859375,2740901.0
2025-05-20T00:00:00,233.90907292681845,236.81817484758284,233.63635675941956,235.63636779785156,2264718.0
2025-05-21T00:00:00,235.5454559181117,236.00000136459852,233.18181404772986,234.72727966308594,1890771.0
2025-05-22T00:00:00,233.72726282482108,233.90906434866912,228.63634852180854,230.8181610107422,2727434.0
2025-05-23T00:00:00,230.81817210312062,233.18181397274236,224.3636350880594,230.5454559326172,2220159.0
2025-05-26T00:00:00,232.27272312422858,233.54544482557387,231.18181682712887,232.99998474121094,1125970.0
2025-05-27T00:00:00,232.9999750256594,233.8181789897128,231.9090826456735,232.90908813476562,2556965.0
2025-05-28T00:00:00,232.72726303606237,234.72727405007922,232.36363223621885,233.1818084716797,1191706.0
2025-05-30T00:00:00,232.99998616258506,236.45454822245605,232.6363553518756,235.90908813476562,5964846.0
2025-06-02T00:00:00,234.54544086995034,238.72726435659197,234.4545262356916,237.90908813476562,2828168.0
2025-06-03T00:00:00,238.09089514877672,238.36363905784057,234.36361700425215,236.09091186523438,2103554.0
2025-06-04T00:00:00,237.0908895145767,237.63634958917464,232.72726440429688,232.72726440429688,3349748.0
2025-06-05T00:00:00,233.6363481363289,233.99997892719048,228.4545330726109,229.99998474121094,3469420.0
2025-06-09T00:00:00,229.36362941240375,230.45453568273055,227.45453303561246,228.99998474121094,2469884.0
2025-06-10T00:00:00,228.63635113201252,229.63635662597179,227.45453024050403,228.27272033691406,2339331.0
2025-06-11T00:00:00,228.0908909977975,229.36362652350314,226.90908397827704,226.99998474121094,1747055.0
2025-06-12T00:00:00,225.99999589674962,227.36363220214844,224.09089952054092,227.36363220214844,2302807.0
2025-06-13T00:00:00,223.45453442463665,224.99998610029334,222.5454435717062,224.54544067382812,2292258.0
2025-06-16T00:00:00,224.5454504173922,226.90909228622576,224.09090497120317,226.36363220214844,1858847.0
2025-06-17T00:00:00,225.4545356813539,225.8181664805767,223.09089387152807,223.99998474121094,1750988.0
2025-06-18T00:00:00,223.99998755193744,225.8181693141175,223.6363567481518,225.1818084716797,2378641.0
2025-06-19T00:00:00,224.090903537753,224.81817902132852,222.90908261089604,223.90908813476562,4334350.0
2025-06-23T00:00:00,223.09088821476487,224.63635375133913,221.63635118312948,222.0908966064453,1333169.0
2025-06-24T00:00:00,225.90907713171597,228.54543505864714,225.4545317048916,227.45452880859375,2153733.0
2025-06-25T00:00:00,227.454532876037,227.90907831098977,225.09090493725813,225.27272033691406,1427825.0
2025-06-26T00:00:00,225.63634692301957,226.72725317221105,223.36361979069338,224.54544067382812,1168018.0
2025-06-27T00:00:00,225.7272618119128,228.81816516671725,224.7272563239096,228.72726440429688,1618062.0
2025-06-30T00:00:00,229.5454461560278,229.90907695772358,226.27271345426178,227.72726440429688,2286644.0
2025-07-01T00:00:00,228.45454543340975,229.09090628766134,225.5454573342409,226.72726440429688,1230192.0
2025-07-02T00:00:00,226.45454411714118,229.36363216344694,226.18181407838185,228.0908966064453,1239900.0
2025-07-03T00:00:00,228.72726315535806,231.4545357023379,228.27271773086144,230.8181610107422,1664270.0
2025-07-04T00:00:00,230.8181720649879,230.8181720649879,228.0908993873947,228.4545440673828,960563.0
2025-07-07T00:00:00,228.45454408223338,230.363626633697,228.27272867804058,229.27272033691406,896819.0
2025-07-08T00:00:00,228.81816793773064,229.18181260669266,226.99998620779775,228.6363525390625,1058840.0
2025-07-09T00:00:00,229.54544079904312,231.6363525390625,229.36362540243832,231.6363525390625,953615.0
2025-07-10T00:00:00,231.81817355676145,234.1818153848141,230.90908268006825,233.54544067382812,1188272.0
2025-07-11T00:00:00,233.5454390226558,233.90906982211183,226.9090867670155,227.36363220214844,1718429.0
2025-07-14T00:00:00,226.36362129248053,229.8181692913495,225.36361581040975,229.1818084716797,873103.0
2025-07-15T00:00:00,229.63635937781316,230.4545356124021,227.09090216674352,227.36363220214844,1086354.0
2025-07-16T00:00:00,224.54544612359882,226.27271323743767,221.45454269726847,221.90908813476562,2883258.0
2025-07-17T00:00:00,224.54543917465136,228.09088792875883,220.63634575882423,222.90907287597656,2601602.0
2025-07-18T00:00:00,223.63636088994906,226.0000027732088,222.45453994831922,225.90908813476562,1805446.0
2025-07-21T00:00:00,225.45453447238017,227.81817626953125,223.72726737789532,227.81817626953125,1078427.0
2025-07-22T00:00:00,227.5454518041832,229.6363636187348,227.27272176374146,228.90908813476562,995711.0
2025-07-23T00:00:00,231.36362808942795,232.99998056996992,229.90907713825072,232.72726440429688,1792508.0
2025-07-24T00:00:00,234.72726853024378,235.3636154791927,233.36363225545907,234.1818084716797,1325830.0
2025-07-25T00:00:00,233.54543513596906,235.6363607487342,232.9090881833241,233.72726440429688,1079096.0
2025-07-28T00:00:00,234.9999902141489,236.54545579254844,232.9999792001321,233.1818084716797,1350009.0
2025-07-29T00:00:00,233.45452753304224,237.27272033691406,233.45452753304224,237.27272033691406,922998.0
2025-07-30T00:00:00,236.09090917150849,238.63635250088396,235.09090366952114,237.81817626953125,1234225.0
2025-07-31T00:00:00,238.9090700384301,239.18181394595157,237.36363220214844,237.36363220214844,1402547.0
2025-08-01T00:00:00,236.1818056833319,236.3636349613725,231.9999958492988,233.8181915283203,1910682.0
2025-08-04T00:00:00,235.72724793266588,238.90906592959948,235.63636104164019,238.72726440429688,1439455.0
2025-08-05T00:00:00,239.8181679200119,239.8181679200119,236.8181790523503,237.54544067382812,1120972.0
2025-08-06T00:00:00,239.09090077741592,240.54545173003538,238.90907150461905,239.36361694335938,1177522.0
2025-08-07T00:00:00,239.99999035198928,242.09088826154306,239.9090757160844,241.5454559326172,958593.0
2025-08-08T00:00:00,241.45454411407084,243.54544204802178,241.27271484013943,243.0908966064453,800881.0
2025-08-11T00:00:00,243.6363525390625,244.9999888405871,242.81817630679805,243.6363525390625,728942.0
2025-08-12T00:00:00,244.27273147271896,245.99999860256983,243.8181860310081,245.63636779785156,1033335.0
2025-08-13T00:00:00,245.7272574929721,247.7272685566016,245.45454132213735,247.1818084716797,1242021.0
2025-08-14T00:00:00,247.63634297318927,250.09089937522162,247.5454283391786,249.99998474121094,1264642.0
2025-08-15T00:00:00,251.81816782022,252.45454251851024,249.18180987905566,249.54544067382812,1397691.0
2025-08-18T00:00:00,249.3636182486538,249.72727679665823,245.45453854687477,246.4545440673828,1092395.0
2025-08-19T00:00:00,247.5454281331211,248.90906441239264,246.63633728027344,246.63633728027344,1094422.0
2025-08-20T00:00:00,246.27270659374847,248.36363220214844,245.99999043507725,248.36363220214844,817731.0
2025-08-21T00:00:00,248.18180717722922,250.36361971365343,247.54543247178182,250.272705078125,1107140.0
2025-08-22T00:00:00,249.9090743552171,252.45454543452865,248.99998348615975,252.0,1266621.0
2025-08-25T00:00:00,251.36363497143867,252.3636405145506,249.9999986153549,250.4545440673828,1008319.0
2025-08-26T00:00:00,248.5454448261631,248.81818874026538,246.54546150567492,247.99998474121094,1897277.0
2025-08-27T00:00:00,248.45452729217627,248.7272712030995,243.45452743435658,243.90907287597656,1652795.0
2025-08-28T00:00:00,245.27271196082623,246.18180285429594,241.81817766294228,242.1818084716797,1313530.0
2025-08-29T00:00:00,241.3636252955172,242.54543232584058,238.99998349161888,242.0,1674316.0
2025-09-01T00:00:00,242.72726997050003,246.00000275470785,242.45455379817128,244.27273559570312,970802.0
2025-09-02T00:00:00,244.5454489151755,245.18182363418876,241.0,241.0,1025488.0
2025-09-03T00:00:00,241.090917411791,242.54544065498376,239.4545371483203,240.90908813476562,1105408.0
2025-09-04T00:00:00,241.5454642587183,242.90910061454116,240.1818279028955,242.0908966064453,784854.0
2025-09-05T00:00:00,242.90909362064866,243.7272698619347,241.09091186523438,241.09091186523438,776744.0
2025-09-08T00:00:00,247.18179728973288,248.5454335687236,245.63635948616076,245.8181610107422,2051578.0
2025-09-09T00:00:00,246.36363497133607,248.90907840510414,243.5454476204304,245.4545440673828,978504.0
2025-09-10T00:00:00,245.6363733546678,248.72727687957405,244.7272824506805,247.0908966064453,1066555.0
2025-09-11T00:00:00,247.27271753394575,248.54543920789658,246.45454129663818,246.5454559326172,1204853.0
2025-09-12T00:00:00,246.9090827326638,249.54544067382812,246.3636226688795,249.54544067382812,1140489.0
2025-09-15T00:00:00,250.1818140590431,252.9090866203993,250.09089942501433,250.8181610107422,1320374.0
2025-09-16T00:00:00,251.2727133097734,251.63634411258238,248.27272450753435,248.54544067382812,1232881.0
2025-09-17T00:00:00,249.09090219786327,251.09091323981846,248.54544211885258,250.63636779785156,1230536.0
2025-09-18T00:00:00,251.27270913026024,253.54543628907817,248.36363501292416,249.0908966064453,1053519.0
2025-09-19T00:00:00,249.54545044078876,254.18181954954133,248.54544490858686,252.99998474121094,2364744.0
2025-09-22T00:00:00,252.36363773424327,252.36363773424327,250.3636266700536,251.36363220214844,1033844.0
2025-09-23T00:00:00,252.27272038161286,254.63636222933425,249.09090228670965,253.90907287597656,1368151.0
2025-09-24T00:00:00,253.9090728309878,254.54544754715653,252.00000416898578,252.27272033691406,978963.0
2025-09-25T00:00:00,252.0000013696163,252.27271753451507,249.45453027647014,251.5454559326172,1067607.0
2025-09-26T00:00:00,253.27271910727077,256.9090825467341,253.18180447263393,256.1817932128906,1316730.0
2025-09-29T00:00:00,256.3636143175709,258.2727106111391,255.45452348665754,258.09088134765625,1520718.0
2025-09-30T00:00:00,257.99999168290174,259.72728662339,256.5454684072846,257.4545593261719,2094170.0
2025-10-01T00:00:00,257.63634706817857,260.72725047823405,257.5454324325075,259.45452880859375,1451566.0
2025-10-02T00:00:00,260.09090900224106,260.54545444693446,256.0,256.0,1661017.0
2025-10-03T00:00:00,257.090889691183,259.5454461637628,257.00000279781125,257.7272644042969,781805.0
2025-10-06T00:00:00,257.7272507803963,263.636341186296,256.27269990106316,260.6363525390625,1672015.0
2025-10-07T00:00:00,260.4545315343319,261.6363385556863,258.63634981332433,259.5454406738281,1474174.0
2025-10-08T00:00:00,259.90907424369755,261.9090852554549,253.81818205925774,259.45452880859375,2621249.0
2025-10-09T00:00:00,259.6363719564285,261.18180987242766,259.1818264970311,259.9090881347656,1106374.0
2025-10-10T00:00:00,259.7272783373826,265.5454544839947,259.7272783373826,262.6363525390625,1256631.0
2025-10-13T00:00:00,262.63634140711804,264.36360847603777,260.54544354630747,262.09088134765625,1700208.0
2025-10-14T00:00:00,260.54545458962843,263.1818126216438,259.63636369974364,262.6363525390625,1323994.0
2025-10-15T00:00:00,263.6363468922561,264.99998316928503,261.5454490314455,262.09088134765625,1538903.0
2025-10-16T00:00:00,262.999974934507,265.7272475169315,258.99998069560127,261.1817932128906,1673134.0
2025-10-17T00:00:00,257.1817932744767,259.8181511637448,255.63635549130268,257.9999694824219,1919565.0
2025-10-20T00:00:00,260.1818071232241,260.99998332308314,258.6363416120732,260.6363525390625,1140275.0
2025-10-21T00:00:00,260.7272394276298,261.99998878657783,259.27271629154717,260.6363525390625,1002236.0
2025-10-22T00:00:00,260.90909365850854,263.2727355957031,260.45454819917313,263.2727355957031,1576069.0
2025-10-23T00:00:00,264.545448956471,265.4545398463558,258.18181272727753,262.6363525390625,2995277.0
2025-10-24T00:00:00,262.9999889026989,262.9999889026989,258.1818181818182,260.81817626953125,2208566.0
2025-10-27T00:00:00,261.45452887783125,262.272705078125,258.18179633340554,262.272705078125,1875679.0
2025-10-28T00:00:00,262.2727079061523,263.4545149034031,261.36361706418984,262.9999694824219,1333156.0
2025-10-29T00:00:00,263.6363664145208,264.0909118738562,262.09090075547925,263.2727355957031,1792548.0
2025-10-30T00:00:00,263.63636086871895,265.09091185664516,262.99998614173484,264.2727355957031,1716871.0
2025-10-31T00:00:00,264.27272999809355,264.90907696834654,262.5454351309378,262.7272644042969,1073391.0
2025-11-03T00:00:00,262.454548263322,264.0909007507072,261.2727134728754,263.5454406738281,1819461.0
2025-11-04T00:00:00,262.00001383271206,265.7272644042969,260.27271889280325,265.7272644042969,1756829.0
2025-11-05T00:00:00,264.7272810540542,265.54545731502276,262.7272699776843,265.0909118652344,2028404.0
2025-11-06T00:00:00,265.9090909090909,267.7272727272727,265.2727161754261,266.6363525390625,3496627.0
2025-11-07T00:00:00,267.0000139109039,268.18182100787465,261.8181845771793,263.2727355957031,1964586.0
2025-11-10T00:00:00,264.27272459789,266.2727078477124,263.45452062774524,266.1817932128906,1528871.0
2025-11-11T00:00:00,266.363641874669,268.6363691944187,265.81818176927834,268.18182373046875,2886527.0
2025-11-12T00:00:00,268.63635815266383,272.1818070770942,267.6363526244265,271.81817626953125,3745533.0
2025-11-13T00:00:00,271.81816508830093,272.27271051486997,270.18181264995275,270.45452880859375,3166126.0
2025-11-14T00:00:00,269.0908866767087,269.1818013086955,262.8181654751247,266.45452880859375,2930111.0
2025-11-17T00:00:00,265.72725884037675,266.8181790171345,263.72727550732424,264.2727355957031,1986550.0
2025-11-18T00:00:00,261.1818098812315,262.00001390277686,257.6363608464631,259.0909118652344,2214373.0
2025-11-19T00:00:00,258.63634700210633,259.4545232190164,256.81816530086127,258.81817626953125,1853065.0
2025-11-20T00:00:00,261.0000027820343,262.09089521542813,259.5454517942566,261.7272644042969,2316013.0
2025-11-21T00:00:00,259.5454324437501,261.81815952294227,257.36361999637563,260.6363525390625,2109212.0
2025-11-24T00:00:00,261.72726443101914,265.72725884037675,261.6363497924139,264.2727355957031,3622431.0
2025-11-25T00:00:00,264.272721849105,267.27271056426054,263.3636309968456,266.272705078125,2373956.0
2025-11-26T00:00:00,266.9999919893092,272.909082475513,266.8181627232026,271.3636169433594,2634697.0
2025-11-27T00:00:00,271.5454462678823,272.72725326807694,270.81815694655023,272.1817932128906,1243750.0
2025-11-28T00:00:00,272.45453717036975,273.09088411551414,271.9090771150668,272.9999694824219,2074467.0
2025-12-01T00:00:00,272.8181681956967,276.3636169433594,272.5454242961837,276.3636169433594,1675704.0
2025-12-02T00:00:00,276.363639110851,279.3636280433715,275.9090936517871,279.0909118652344,1916344.0
2025-12-03T00:00:00,279.090889420751,279.2727186870551,275.5454406738281,275.5454406738281,1570302.0
2025-12-04T00:00:00,273.63636087670767,275.36362803791013,270.18182655430275,275.0909118652344,2211503.0
2025-12-05T00:00:00,275.45452604067606,278.3636278420364,274.9999806181667,275.5454406738281,1280005.0
2025-12-08T00:00:00,275.72725610318787,276.81817626953125,274.2727328723997,276.81817626953125,1220144.0
2025-12-09T00:00:00,277.8181901447937,278.09090632294675,276.54546840799077,277.4545593261719,1407950.0
2025-12-10T00:00:00,277.4545455339659,280.2727050456347,276.181796117178,279.45452880859375,1934093.0
2025-12-11T00:00:00,279.45453446867754,286.0909146218719,278.81818749064666,285.18182373046875,1775042.0
2025-12-12T00:00:00,286.09091453903403,286.63634687911616,280.7272560867067,281.0,1517977.0
2025-12-15T00:00:00,281.81815689748834,283.99996933772206,281.81815689748834,282.3636169433594,2466268.0
2025-12-16T00:00:00,282.72727552136337,284.1818265389342,280.4545482261756,280.7272644042969,1877111.0
2025-12-17T00:00:00,281.5454490289895,282.81817067796396,280.09089811162534,282.09088134765625,1760997.0
2025-12-18T00:00:00,282.1817988371001,283.7272644042969,280.7272479050181,283.7272644042969,1599292.0
2025-12-19T00:00:00,284.1818127421372,287.54543232976226,284.1818127421372,287.0,2936891.0
2025-12-22T00:00:00,287.1817904455894,287.272705078125,285.72723955477153,287.272705078125,845870.0
2025-12-23T00:00:00,287.9999695982016,289.7272644042969,286.5454464357544,289.7272644042969,1292593.0
2025-12-29T00:00:00,290.9090937008648,291.0000083412969,288.81819568719106,289.0909118652344,1452730.0
2025-12-30T00:00:00,289.63636092683885,292.99998054861925,289.1818154852535,291.9090881347656,1543931.0
