timestamp,open,high,low,close,volume
2018-01-02T00:00:00,90.5056537607345,92.19707451890345,89.46706429134902,91.87065887451172,5738651.0
2018-01-03T00:00:00,92.28609968978161,93.88849317870499,92.16740555278399,93.38404083251953,4373407.0
2018-01-04T00:00:00,94.00718688964844,94.86773975449097,93.68078027832985,94.00718688964844,4707102.0
2018-01-05T00:00:00,94.60066115670755,95.28316824949817,94.18522717523328,94.83805847167969,2910478.0
2018-01-08T00:00:00,95.01610089978139,95.22381335542637,93.7401141474709,94.24457550048828,4735177.0
2018-01-09T00:00:00,94.18521518727002,95.28315612178818,93.85879958059324,94.30390930175781,5855492.0
2018-01-10T00:00:00,94.18522282689963,94.60065678919418,93.68077053546382,94.3929443359375,4740561.0
2018-01-11T00:00:00,94.24457550048828,94.54131534207937,93.71043835215553,94.24457550048828,4640316.0
2018-01-12T00:00:00,94.48197104565146,94.54132264086427,93.44338151990138,93.91816711425781,4499834.0
2018-01-15T00:00:00,93.85880650003469,95.37218147471911,93.65109404831321,94.86772918701172,4401645.0
2018-01-16T00:00:00,94.95675512042828,96.08436296517063,94.68969105780845,95.90632629394531,4200749.0
2018-01-17T00:00:00,95.55023156765057,97.18230074038995,95.13479758938232,96.26240539550781,4678571.0
2018-01-18T00:00:00,96.6778553314772,97.30101092962879,95.99535718708165,96.82622528076172,4223290.0
2018-01-19T00:00:00,96.82620895753873,98.57698130857253,96.64817229303765,98.1021957397461,4906149.0
2018-01-22T00:00:00,98.517634463333,98.57698605821405,97.53839653826927,97.74610900878906,4243148.0
2018-01-23T00:00:00,98.36927572838347,99.49688371321314,98.2209057800752,98.666015625,5049170.0
2018-01-24T00:00:00,98.90338347873933,98.99241086279399,97.56805421994925,97.6570816040039,3930620.0
2018-01-25T00:00:00,97.44938281528187,98.04286262421267,96.05471069776439,96.29209899902344,5866938.0
2018-01-26T00:00:00,96.67783065542055,96.94490374059136,95.43152883300661,96.49979400634766,3373594.0
2018-01-29T00:00:00,96.44044635912793,97.33066586398141,95.22381122467193,95.57990264892578,3923576.0
2018-01-30T00:00:00,95.01610055281635,96.20305991484639,94.66000912189484,94.95674896240234,5420629.0
2018-01-31T00:00:00,98.2802328428021,99.22979484141571,95.28315882413706,95.4612045288086,9348105.0
2018-02-01T00:00:00,96.05469476569735,96.91523853475668,95.28316933089936,95.72827911376953,6073303.0
2018-02-02T00:00:00,95.72827022167348,96.14370416927342,93.59173984004394,93.71043395996094,6685963.0
2018-02-05T00:00:00,93.47306224754695,93.47306224754695,91.09914320633942,91.48490142822266,9113984.0
2018-02-06T00:00:00,88.16142247012145,91.57393117957314,87.89435838227743,90.23860168457031,10573581.0
2018-02-07T00:00:00,91.57391471304975,92.7608740507282,90.20890966356329,92.4641342163086,6543615.0
2018-02-08T00:00:00,92.16739645909931,92.49381209547366,89.70445034443954,90.00119018554688,5842945.0
2018-02-09T00:00:00,89.61543235010764,90.4759760813862,88.25042726474445,88.3394546508789,6662280.0
2018-02-12T00:00:00,89.76380410661831,90.38695959917594,89.1406486140607,89.70445251464844,4059733.0
2018-02-13T00:00:00,89.73413526011296,90.38696659921419,89.08131297679395,89.14065551757812,4080540.0
2018-02-14T00:00:00,89.61544282293185,90.80240233052035,88.13174343844622,90.68370819091797,6498556.0
2018-02-15T00:00:00,91.4255538525362,91.66294212127535,90.00119707275535,90.47598266601562,4420503.0
2018-02-16T00:00:00,91.01012662291947,92.07838296747556,90.83208088023257,91.98936462402344,4154914.0
2018-02-19T00:00:00,92.10806242711456,92.43447812571348,91.51458263176487,91.78164672851562,2810305.0
2018-02-20T00:00:00,91.8113172349859,94.09621793763276,91.78164143577312,93.88849639892578,3823892.0
2018-02-21T00:00:00,94.36328601649181,94.48198016258868,92.4641525115932,94.09622192382812,6950515.0
2018-02-22T00:00:00,93.17630849957952,94.92707172074023,92.70152295084581,94.86772918701172,4799217.0
2018-02-23T00:00:00,94.98642692256722,95.25349097395473,93.14663624717512,93.62142181396484,4822048.0
2018-02-26T00:00:00,93.59175005000593,94.06653563724936,91.78163509251762,92.79055786132812,6659760.0
2018-02-27T00:00:00,93.11696405968712,93.4433797154904,92.40479020979568,93.41370391845703,4366962.0
2018-02-28T00:00:00,93.05761863033796,93.79946825421536,92.87957290945107,93.14663696289062,6393075.0
2018-03-01T00:00:00,92.79055129641607,93.74011334793975,92.49381145735593,92.55315399169922,5292071.0
2018-03-02T00:00:00,91.24751528833863,91.36620943202873,88.0723948738785,88.87359619140625,10053490.0
2018-03-05T00:00:00,88.51749277074248,89.88249787860696,88.33945610710137,89.4670639038086,5216457.0
2018-03-06T00:00:00,90.20891352158478,90.65402329225049,89.43738810794125,89.4670639038086,5442427.0
2018-03-07T00:00:00,89.34837123634559,89.34837123634559,87.65695045786032,88.60652160644531,7118893.0
2018-03-08T00:00:00,88.75488828636477,90.00119018554689,88.48782424052442,90.00119018554688,4629447.0
2018-03-09T00:00:00,90.06054901920892,90.98044441178064,89.79348495188991,90.80239868164062,4655984.0
2018-03-12T00:00:00,91.33651471890245,91.66293033829558,90.06053709083393,90.3572769165039,4345716.0
2018-03-13T00:00:00,90.44630616796803,91.54424727789247,89.64511397534217,89.91217803955078,5023568.0
2018-03-14T00:00:00,90.0308634511723,91.42554428750232,90.0308634511723,90.06053924560547,4769124.0
2018-03-15T00:00:00,90.32761018840262,91.69261533463771,90.11989772305532,91.57392120361328,5954470.0
2018-03-16T00:00:00,91.69260613201874,91.69260613201874,90.35727691650389,90.3572769165039,8619655.0
2018-03-19T00:00:00,90.3276028243711,90.3572786186533,88.39879392118145,88.6955337524414,3668819.0
2018-03-20T00:00:00,89.2593420321961,90.44630141589967,88.84390805905613,90.17923736572266,3760992.0
2018-03-21T00:00:00,90.23858749190153,90.32760582192122,89.31869217331248,90.00119018554688,3507385.0
2018-03-22T00:00:00,89.61542789207617,90.17923175308869,87.21183347851662,87.89434051513672,5471884.0
2018-03-23T00:00:00,86.76673519116655,88.3988044576261,85.93586718691813,87.92401885986328,5404753.0
2018-03-26T00:00:00,87.8053270073949,88.19109427751218,86.35130343426307,86.58869171142578,4111978.0
2018-03-27T00:00:00,88.93294668414164,89.43739905249095,88.07239377758931,89.02196502685547,5847623.0
2018-03-28T00:00:00,88.1317345792015,88.42847442626953,86.73705367566923,88.42847442626953,5502861.0
2018-03-29T00:00:00,89.14064182010088,90.59466515472755,89.02194770098906,90.3572769165039,3265050.0
2018-04-03T00:00:00,89.17031815089035,89.40770639054378,87.4492307739509,87.89434051513672,8047817.0
2018-04-04T00:00:00,88.04272323231784,88.96260958658328,86.17325661400515,86.82608795166016,6894305.0
2018-04-05T00:00:00,88.42847659702903,89.4670660872626,87.47890544078854,89.17032623291016,5933853.0
2018-04-06T00:00:00,89.0176314179114,89.0176314179114,87.5823519863327,88.19310760498047,6191377.0
2018-04-09T00:00:00,88.55957875854578,89.07872484454259,87.76559446441823,88.59011840820312,4728241.0
2018-04-10T00:00:00,90.66667514581826,91.58280862857033,90.02537984401347,91.5522689819336,6293749.0
2018-04-11T00:00:00,91.67444244457543,92.52949677280445,90.72776916156909,91.1552963256836,6342582.0
2018-04-12T00:00:00,91.49120824476411,92.43788146972656,91.15529073663,92.43788146972656,4447753.0
2018-04-13T00:00:00,93.17078748724438,94.91143570764802,92.9570192562544,94.6671371459961,7634217.0
2018-04-16T00:00:00,94.66712767375265,95.186273714559,93.81207347413354,94.81981658935547,5660116.0
2018-04-17T00:00:00,95.0946573523143,96.71316549322964,95.03358737605218,96.49939727783203,6277398.0
2018-04-18T00:00:00,96.49939694631512,97.90413686700697,96.49939694631512,97.69036865234375,3403710.0
2018-04-19T00:00:00,98.05681577273604,98.69811103184503,97.62928870646041,98.42326354980469,6211795.0
2018-04-20T00:00:00,98.45381431187856,98.94242072253495,97.50714113861785,98.3316650390625,5533489.0
2018-04-23T00:00:00,98.33166755081206,99.27834074825425,97.90414042533918,99.18672180175781,5426844.0
2018-04-24T00:00:00,97.140699690141,97.32392827107631,94.6671371459961,94.6671371459961,13495211.0
2018-04-25T00:00:00,94.05638270873018,94.27015094264354,91.94927729764045,92.68218231201172,7948794.0
2018-04-26T00:00:00,92.83485827628127,93.99529027697815,92.46840116059194,92.92646789550781,4987472.0
2018-04-27T00:00:00,93.26239839341427,93.35401734483123,92.07142658013684,92.68218231201172,4160764.0
2018-04-30T00:00:00,92.68216936315316,92.80431862858377,91.12474060058594,91.12474060058594,3194252.0
2018-05-02T00:00:00,92.74326342125573,93.68992736860544,92.10196802640462,93.35401916503906,6932563.0
2018-05-03T00:00:00,93.56777978809255,93.84261801392269,92.56003652025093,92.590576171875,4375305.0
2018-05-04T00:00:00,93.04862648033196,93.38453463042367,92.13249301050024,92.92646789550781,4089674.0
2018-05-07T00:00:00,92.89594521027855,94.81982192742592,92.59056736188106,94.57552337646484,4213278.0
2018-05-08T00:00:00,94.66714218624594,96.34672051535676,93.90369749119557,96.22457122802734,5878556.0
2018-05-09T00:00:00,95.91917203020968,97.1101436258943,95.3389560548137,96.43830871582031,2807092.0
2018-05-11T00:00:00,97.17123891192955,97.232308892377,95.24735279967706,95.85810852050781,6791506.0
2018-05-14T00:00:00,96.16348326401844,96.16348326401844,95.03359080873989,95.58326721191406,3811073.0
2018-05-15T00:00:00,95.2778830906347,97.07961042622668,95.2778830906347,96.83531188964844,4965727.0
2018-05-16T00:00:00,96.74369009597301,97.65982356021289,96.40778194793161,97.17122650146484,4695420.0
2018-05-17T00:00:00,97.17124031909626,97.72091674804688,96.52994493905862,97.72091674804688,3949664.0
2018-05-18T00:00:00,97.69037133236888,98.42327630084739,97.44607278267348,98.39274597167969,17629262.0
2018-05-21T00:00:00,98.54542569881421,99.82800694411286,98.48434640739414,99.15618133544922,3687082.0
2018-05-22T00:00:00,99.55316731569144,99.70585622261734,98.36219570554762,98.88133239746094,3618034.0
2018-05-23T00:00:00,98.36220027251606,98.5759591605024,96.5299333043328,97.6292953491211,5358289.0
2018-05-24T00:00:00,97.44608787875403,98.08738332029257,96.2856462894477,96.95748138427734,4696247.0
2018-05-25T00:00:00,97.72090312966235,99.12564297602955,97.44606495348849,97.781982421875,5688098.0
2018-05-28T00:00:00,98.33167836123097,98.42328799840642,96.74370964130466,97.04908752441406,2322363.0
2018-05-29T00:00:00,96.34670359513359,96.52993215364607,94.97250338537732,96.1634750366211,4076855.0
2018-05-30T00:00:00,96.31616693035602,96.68262405872495,94.1479824461889,94.85035705566406,3854479.0
2018-05-31T00:00:00,95.33897347342456,95.369503804504,92.31572514512965,92.68218231201172,7840990.0
2018-06-01T00:00:00,93.20133000256263,94.75874968991027,92.95702211400726,94.33122253417969,3318682.0
2018-06-04T00:00:00,94.69766596931936,95.12519306302767,92.89593865479685,93.56776428222656,3437106.0
2018-06-05T00:00:00,93.50669512743522,94.91142568772364,93.44561583377408,93.59830474853516,5693738.0
2018-06-06T00:00:00,93.59830474853516,93.59830474853516,93.59830474853516,93.59830474853516,0.0
2018-06-07T00:00:00,92.59056832521979,93.04863510258191,91.33851726988485,91.97981262207031,7773016.0
2018-06-08T00:00:00,91.39957213374015,92.19355628041114,90.66666727504034,90.9415054321289,5297983.0
2018-06-11T00:00:00,90.94151576693477,91.67443002831557,90.33076009537875,91.64389038085938,5008749.0
2018-06-12T00:00:00,91.73550310435891,92.01034130196985,90.94151884062221,91.09420776367188,4376853.0
2018-06-13T00:00:00,91.00260325574035,91.52174935106378,90.17807929714263,91.06368255615234,4578420.0
2018-06-14T00:00:00,90.26969274740149,91.79658197073579,89.68947670641292,91.52174377441406,5617237.0
2018-06-15T00:00:00,91.24690456035559,91.88819995637958,90.11701202392578,90.11701202392578,5714595.0
2018-06-18T00:00:00,89.96430839878232,89.99484804491959,88.52902890485446,89.53678131103516,4512525.0
2018-06-19T00:00:00,87.97935348744194,88.92602661141416,87.27697889638246,88.5290298461914,4971427.0
2018-06-20T00:00:00,88.71227036761198,89.50625468572736,88.16259393474365,88.46797180175781,4166584.0
2018-06-21T00:00:00,88.25419944440814,89.04818372543357,86.66623088235731,86.72731018066406,4504321.0
2018-06-22T00:00:00,86.72731018066406,86.72731018066406,86.72731018066406,86.72731018066406,0.0
2018-06-25T00:00:00,86.81891998499326,86.87999928342401,84.92558288574219,84.92558288574219,4812430.0
2018-06-26T00:00:00,84.86450254944982,85.32256932390105,84.00944829823118,84.28428649902344,7323748.0
2018-06-27T00:00:00,83.97890259376481,86.26923630086749,83.06276911092375,85.32256317138672,5474905.0
2018-06-28T00:00:00,85.01718303747906,85.99439578709033,84.28427813496634,85.07826232910156,4821658.0
2018-06-29T00:00:00,85.87224601857822,87.73504325002816,85.68901746417897,87.460205078125,6225572.0
2018-07-02T00:00:00,86.54407801585323,86.54407801585323,85.04772846332133,85.23095703125,4241817.0
2018-07-03T00:00:00,85.71956096726434,86.29977698281265,84.8950370950592,85.13933563232422,3731021.0
2018-07-04T00:00:00,85.07826232910156,85.3531005026199,84.46750669044238,85.07826232910156,4742133.0
2018-07-05T00:00:00,85.41418651496254,87.91827923886203,85.20041829685513,86.84945678710938,6579391.0
2018-07-06T00:00:00,87.03268967232368,87.58236608986552,86.14709574655402,86.78839111328125,5268852.0
2018-07-09T00:00:00,87.09376753968247,88.16259002685547,86.69677073852557,88.16259002685547,4192971.0
2018-07-10T00:00:00,88.34580623907641,88.65118408203125,87.67398057621108,88.65118408203125,4039972.0
2018-07-11T00:00:00,87.94880960700613,87.94880960700613,86.91052691302387,87.6128921508789,4303157.0
2018-07-12T00:00:00,88.00989420832077,89.44516441564008,87.06322107279165,89.17032623291016,4083233.0
2018-07-13T00:00:00,89.44517697677816,90.26970096015087,89.17033875545162,90.11701202392578,3618029.0
2018-07-16T00:00:00,90.23915720053715,91.49120828445697,89.5062522039037,90.78883361816406,4756429.0
2018-07-17T00:00:00,90.88044840149678,91.12474694937865,89.32301953042123,89.87269592285156,3900650.0
2018-07-18T00:00:00,90.5750713912607,91.55227491118171,89.93377604792337,90.7277603149414,4603219.0
2018-07-19T00:00:00,93.44561904223997,93.84260650649264,90.0559231542803,92.07141876220703,8418443.0
2018-07-20T00:00:00,92.07142036673004,92.74325535421102,89.78108652676164,90.48345184326172,7466202.0
2018-07-23T00:00:00,90.48344225104957,92.89593442891348,90.2086040832676,92.65162658691406,5455904.0
2018-07-24T00:00:00,92.83487202678431,95.27789497485759,92.71272274325925,94.3006820678711,5495577.0
2018-07-25T00:00:00,94.23961171444857,94.51444993114521,93.07917022705078,93.07917022705078,4279664.0
2018-07-26T00:00:00,94.05638018612163,94.63659625196269,93.72046267872125,94.23960876464844,3482100.0
2018-07-27T00:00:00,94.54499059206323,94.57553024299874,93.2318601569804,93.72046661376953,3037593.0
2018-07-30T00:00:00,94.45336767343586,95.15574233788989,94.05638018612163,94.23960876464844,2941273.0
2018-07-31T00:00:00,94.27014596115676,94.60605414042334,93.68992059102197,94.14798736572266,3541489.0
2018-08-01T00:00:00,94.23960752164706,94.57552502461677,92.98755645751953,92.98755645751953,3912740.0
2018-08-02T00:00:00,92.40733551157894,92.46840548745709,89.53678570232984,90.23915100097656,7653101.0
2018-08-03T00:00:00,90.81936649650196,92.10195713452639,90.81936649650196,91.64389038085938,3838332.0
2018-08-06T00:00:00,91.6133556905483,92.28519069336932,91.24689854002912,91.76604461669922,2214224.0
2018-08-07T00:00:00,92.04087833290328,93.26238968256196,92.04087833290328,92.86540222167969,3524742.0
2018-08-08T00:00:00,92.86540614409,92.89594579299978,91.94927259315072,92.34626007080078,2657573.0
2018-08-09T00:00:00,92.25465169123018,92.98755667801584,92.25465169123018,92.77378845214844,2521360.0
2018-08-10T00:00:00,92.25465313604253,92.31572311625212,91.03314169913867,91.39958953857422,2797972.0
2018-08-13T00:00:00,91.24688323320306,91.24688323320306,90.26967986140029,90.9415054321289,2418043.0
2018-08-14T00:00:00,91.18581326462278,92.31570553696262,90.42236876193738,90.9415054321289,3273193.0
2018-08-15T00:00:00,90.97205733487469,91.643892315526,88.5595742451776,88.86495208740234,4007685.0
2018-08-16T00:00:00,89.53678131103516,90.42237513266676,89.23140348844552,89.53678131103516,3203111.0
2018-08-17T00:00:00,89.96431650707852,90.91098970630635,89.29248150907362,90.75830078125,3432215.0
2018-08-20T00:00:00,90.75829916274692,91.67443269674749,90.63614056936639,91.52174377441406,2303726.0
2018-08-21T00:00:00,91.52173843398265,94.14798028935867,91.36904952055885,93.56776428222656,4839096.0
2018-08-22T00:00:00,93.35400672732507,95.52218187337175,93.17077816472332,94.81981658935547,6264845.0
2018-08-23T00:00:00,95.27788957893559,96.56048028179362,95.2168102809357,95.36949920654297,5122552.0
2018-08-24T00:00:00,95.55272734226806,95.67487661831434,94.51444451678604,94.9725112915039,3297103.0
2018-08-27T00:00:00,95.15573688454593,97.44607068639127,94.91142902071384,97.11015319824219,3373632.0
2018-08-28T00:00:00,97.17122880857566,97.65982587892434,96.68262241883524,97.41552734375,3434792.0
2018-08-29T00:00:00,97.4155215468474,97.69035971241169,96.6520770206182,97.26283264160156,3384778.0
2018-08-30T00:00:00,97.11014403344689,98.17896637343766,96.49938841059502,97.87358856201172,3889325.0
2018-08-31T00:00:00,97.41554226345487,97.59877085259392,96.19403076171875,96.19403076171875,3680695.0
2018-09-03T00:00:00,96.16348036903277,96.65208677902952,95.67487395903602,95.91918182373047,2251039.0
2018-09-04T00:00:00,96.19402291129641,96.2551022091558,94.39229545715379,94.75874328613281,3202516.0
2018-09-05T00:00:00,94.66712972546414,95.21680610579067,93.99529475449435,94.45336151123047,3777839.0
2018-09-06T00:00:00,94.45336151123047,95.98025070035085,94.1174533451376,94.45336151123047,5312665.0
2018-09-07T00:00:00,94.60604572172628,94.60604572172628,93.04862628184777,93.1402359008789,4556938.0
2018-09-10T00:00:00,93.17077198882137,94.30066429775134,92.80431488790877,94.27013397216797,3390534.0
2018-09-11T00:00:00,94.63658111831464,94.63658111831464,92.92646352452263,94.02582550048828,2611116.0
2018-09-12T00:00:00,93.90367860684808,95.76648515203293,92.46839914103563,93.29292297363281,5334690.0
2018-09-13T00:00:00,93.29293002559446,94.48390173651086,93.29293002559446,93.8731460571289,3548697.0
2018-09-14T00:00:00,94.14797770454035,94.72820301513414,93.75099026829437,94.51443481445312,2948185.0
2018-09-17T00:00:00,94.05638350082096,94.69767888856877,93.44562776380263,94.3006820678711,2924891.0
2018-09-18T00:00:00,94.05637355596272,94.7892784990139,92.4684050798585,93.23184967041016,4294805.0
2018-09-19T00:00:00,93.53723166612176,94.72821273585743,93.47616168779709,94.14798736572266,3440526.0
2018-09-20T00:00:00,94.14799606585439,96.6520983933769,94.14799606585439,96.22457122802734,3914135.0
2018-09-21T00:00:00,97.11014403344689,99.06456016269462,96.86584551206263,97.87358856201172,7693088.0
2018-09-24T00:00:00,97.41552503083885,97.62929323358476,96.83530903403191,97.17122650146484,3226985.0
2018-09-25T00:00:00,97.23230119436651,97.87359651434514,96.40778662815853,96.68262481689453,3248889.0
2018-09-26T00:00:00,96.80476910972642,96.95745801999412,95.8275563562565,96.56047058105469,2809511.0
2018-09-27T00:00:00,96.16347876753278,97.01854230063495,95.49165311944392,96.68262481689453,3382634.0
2018-09-28T00:00:00,96.49941402755674,96.56049333381267,95.46113105696176,95.94973754882812,3470719.0
2018-10-01T00:00:00,95.88865288628472,96.46886898573074,95.33897643826074,96.19403076171875,2455762.0
2018-10-02T00:00:00,95.70541069471538,95.8886392578125,94.42282939181925,95.43057250976562,3647643.0
2018-10-03T00:00:00,96.1329367949372,98.51488945161994,95.98024788051106,98.24005126953125,4950250.0
2018-10-04T00:00:00,97.93467685117687,97.93467685117687,96.22455908617232,96.49939727783203,3435926.0
2018-10-05T00:00:00,96.285630659369,96.37724960436984,94.6060525143351,94.91143035888672,4797418.0
2018-10-08T00:00:00,94.72820691356198,94.85035618209601,93.78153377348762,93.99529266357422,2594066.0
2018-10-09T00:00:00,94.08690773248252,95.33895865206115,93.6899109768451,94.51443481445312,4318699.0
2018-10-10T00:00:00,94.72821266792432,94.91143192215928,91.55227557676328,91.73550415039062,5062485.0
2018-10-11T00:00:00,89.59786685492851,89.78109544420349,87.46022172530462,88.49850463867188,10185853.0
2018-10-12T00:00:00,89.17033028182361,89.59785739874845,87.52129179117517,87.67398071289062,6395237.0
2018-10-15T00:00:00,87.52129758521548,87.55183723545878,86.36085611171977,87.00215148925781,4435861.0
2018-10-16T00:00:00,79.39824599519783,84.28429190259462,78.94017919137937,83.21546936035156,21672483.0
2018-10-17T00:00:00,84.28428770832282,84.62020521161855,82.42148093494879,83.12385559082031,7787599.0
2018-10-18T00:00:00,83.18492762680461,84.46751837314052,82.54363225363666,83.58192443847656,7174787.0
2018-10-19T00:00:00,85.81117047047684,86.02493867983262,78.48210252993789,81.74964904785156,18047467.0
2018-10-22T00:00:00,83.12385621381628,84.10105976235484,81.44427800414206,81.7191162109375,11622226.0
2018-10-23T00:00:00,80.92511730947304,81.68856181239259,79.88683464938062,81.13888549804688,7330030.0
2018-10-24T00:00:00,81.56642287431238,81.81072141839512,79.64253689194058,80.19222259521484,5990245.0
2018-10-25T00:00:00,79.39823845875966,82.23824864510462,79.36769881085866,81.78018188476562,7015913.0
2018-10-26T00:00:00,81.32212003691923,81.59696756523925,79.48985288487997,80.31437683105469,8431824.0
2018-10-29T00:00:00,80.86405630739182,83.12386000255918,80.65029738987126,81.41374206542969,5136612.0
2018-10-30T00:00:00,81.53587472715819,81.99394143910851,80.40597310992426,81.9634017944336,4180073.0
2018-10-31T00:00:00,82.63525794215806,84.19268702702429,82.51310865144951,83.5513916015625,7347972.0
2018-11-01T00:00:00,83.52085204539313,83.79569027965283,82.02450226385163,82.72686767578125,5325663.0
2018-11-02T00:00:00,83.73460351893961,85.90277862548828,83.55137495967575,85.90277862548828,4115078.0
2018-11-05T00:00:00,85.29202250856432,85.29202250856432,83.70406341552734,83.70406341552734,5174488.0
2018-11-06T00:00:00,84.10105748597606,84.2537464099954,83.18492394185999,83.88729858398438,3532284.0
2018-11-07T00:00:00,84.10105317400327,84.80342778011598,83.58191645058973,83.9483642578125,3781985.0
2018-11-08T00:00:00,84.40643368744358,84.74235117761164,83.45976051311254,83.82621765136719,3287948.0
2018-11-09T00:00:00,83.64298004666892,83.70405933624397,82.23824026096332,82.57415771484375,3344615.0
2018-11-12T00:00:00,82.87953521833425,83.49029083426802,81.81071289045015,81.9634017944336,2896929.0
2018-11-13T00:00:00,81.96341832152665,82.60471371144604,80.1311511042672,80.80298614501953,9114858.0
2018-11-14T00:00:00,79.3982389239458,80.28383280191137,78.11565291942128,79.61200714111328,5987882.0
2018-11-15T00:00:00,79.64253511630105,80.58920826245158,78.20726489287838,78.54318237304688,5279328.0
2018-11-16T00:00:00,79.09286747962037,79.85631214641207,77.7186670793953,78.3599624633789,4631236.0
2018-11-19T00:00:00,78.42103156828627,79.06232694509976,76.4055404663086,76.4055404663086,6694943.0
2018-11-20T00:00:00,76.00854290269531,76.2528461078899,73.90143765974626,75.06187438964844,8847444.0
2018-11-21T00:00:00,75.73371528534301,76.64984893798828,74.93973092250508,76.64984893798828,5360066.0
2018-11-22T00:00:00,76.46660907771455,76.49714872551532,75.24509772082008,75.64208984375,3105680.0
2018-11-23T00:00:00,75.48939564937513,76.16122591678425,74.72595110466118,75.39778137207031,2913398.0
2018-11-26T00:00:00,75.64209811448626,77.168987477555,75.61156312304281,76.98576354980469,3498500.0
2018-11-27T00:00:00,77.16898730055118,77.19952695162112,75.91694082152458,76.37500762939453,4853471.0
2018-11-28T00:00:00,76.61929536303147,77.35220494778714,76.25284290050156,76.58876037597656,4473932.0
2018-11-29T00:00:00,77.4438297197472,78.29888402825354,77.29114078470015,77.56597900390625,5515608.0
2018-11-30T00:00:00,77.65758803042804,77.77973730630337,76.25284805938068,77.32167053222656,7241555.0
2018-12-03T00:00:00,79.12341072252356,81.29159553853027,79.06233141864995,80.46707153320312,8644347.0
2018-12-04T00:00:00,80.13114258217948,80.22276152493441,76.802526022041,77.04682922363281,7044866.0
2018-12-05T00:00:00,75.82532622500649,75.94747550940507,74.20682257839438,74.32897186279297,5765458.0
2018-12-06T00:00:00,73.29068697415866,73.38230126481562,71.45841979980469,71.45841979980469,7043714.0
2018-12-07T00:00:00,72.37455421328332,73.04638458627747,71.27519203224095,71.48896026611328,5966099.0
2018-12-10T00:00:00,70.84767244926454,70.96982174478104,69.9620784075275,70.0536880493164,4845841.0
2018-12-11T00:00:00,70.66443854389027,72.19132792175908,70.48121461436396,71.73326110839844,4639332.0
2018-12-12T00:00:00,72.06918081678302,72.95477481887328,71.30573610474083,72.80208587646484,4674237.0
2018-12-13T00:00:00,72.92422643217142,73.04637569978425,71.8859390186789,72.16078186035156,4960936.0
2018-12-14T00:00:00,71.7637926122937,72.61885149876237,70.51174160071143,71.82486724853516,4016411.0
2018-12-17T00:00:00,71.64164309977491,71.82486700788542,70.78658421617112,71.214111328125,3969337.0
2018-12-18T00:00:00,70.90873819910429,72.46616714984039,70.5422856988418,71.55003356933594,5028779.0
2018-12-19T00:00:00,71.42787535870542,72.83261529536661,71.3362657338895,72.43562316894531,5533118.0
2018-12-20T00:00:00,71.33626897654167,71.4278786055218,70.54228468760783,70.90873718261719,5169704.0
2018-12-21T00:00:00,70.72551574741763,70.87820468067225,69.74830284683092,70.17583465576172,7150345.0
2018-12-27T00:00:00,70.45066495544413,71.30572381752927,69.22915362666417,69.56507110595703,5155006.0
2018-12-28T00:00:00,70.08421841769446,71.183580570478,70.08421841769446,70.81712341308594,4174087.0
2019-01-02T00:00:00,70.51175142319036,70.72551966935808,68.9237873612243,70.48121643066406,3435741.0
2019-01-03T00:00:00,69.62615255961332,70.5117464958351,69.47346362856153,69.53453826904297,3143939.0
2019-01-04T00:00:00,69.71776857561976,72.71047263024005,69.71776857561976,72.61885833740234,5896522.0
2019-01-07T00:00:00,72.52725344199821,72.83263135122768,71.36681645498682,71.85542297363281,4762419.0
2019-01-08T00:00:00,71.76378695544766,75.03132866360762,71.61109804703182,74.29842376708984,6443797.0
2019-01-09T00:00:00,74.72595614604464,75.42832610650596,73.87089726633938,74.54273223876953,4074105.0
2019-01-10T00:00:00,73.96250367374442,74.05411794747423,72.98529562658284,73.93196868896484,3611206.0
2019-01-11T00:00:00,73.96251998808164,74.29843751262096,72.86316243991908,73.7487564086914,3470357.0
2019-01-14T00:00:00,73.41282451220111,74.11519441529242,73.1379863438894,73.77928161621094,2716065.0
2019-01-15T00:00:00,73.38229132147335,74.60380260552719,73.38229132147335,74.11519622802734,4967359.0
2019-01-16T00:00:00,74.35951046865495,74.97026620145705,74.11520724359482,74.51219940185547,5095006.0
2019-01-17T00:00:00,74.05413127345093,74.90919021597026,73.8098280527745,74.57327270507812,3899718.0
2019-01-18T00:00:00,75.33671122944965,76.5276875859864,75.12294767613156,76.43607330322266,7595323.0
2019-01-21T00:00:00,75.64208984375,76.283385169998,75.03133416530277,75.64208984375,4142148.0
2019-01-22T00:00:00,75.42833694146604,75.79478946835164,74.32897470111256,74.81758117675781,3426071.0
2019-01-23T00:00:00,74.51219203776553,74.69542060337614,73.56551888160405,73.80982208251953,3986630.0
2019-01-24T00:00:00,73.56552515288365,74.39004910872403,72.92423443797006,73.87090301513672,4613774.0
2019-01-25T00:00:00,74.45113013110763,76.74146429433061,74.39005548536105,76.46662139892578,5058742.0
2019-01-28T00:00:00,76.52769949522438,77.01630131317393,75.67264048919179,76.03909301757812,4274024.0
2019-01-29T00:00:00,76.52769224169819,77.99350221630962,75.85585723368897,77.2605972290039,5861889.0
2019-01-30T00:00:00,76.3444649859988,78.02404321569077,75.09241389634988,77.19952392578125,10083434.0
2019-01-31T00:00:00,79.30663032753911,80.77244026046358,78.5431857126009,79.42877960205078,10593026.0
2019-02-01T00:00:00,79.70360729557021,80.25328361812807,78.81801352283097,79.76468658447266,6272831.0
2019-02-04T00:00:00,80.22276513211173,80.5892129614326,79.24555228180456,79.85630798339844,5411165.0
2019-02-05T00:00:00,80.13114084321128,80.68082652963585,79.61200412310075,80.10060119628906,4789335.0
2019-02-06T00:00:00,79.76469329480892,80.92512532645034,79.45931546338835,80.71135711669922,4035085.0
2019-02-07T00:00:00,81.04728057460453,81.50534735553039,79.06232452392578,79.06232452392578,5111099.0
2019-02-08T00:00:00,78.81803260178376,79.42878836108561,78.29888647861985,78.42103576660156,3998791.0
2019-02-11T00:00:00,79.06232185679004,79.88684576239861,78.60425509131686,79.1844711303711,3091837.0
2019-02-12T00:00:00,80.00900262748611,81.16943481570006,79.55093581855013,80.83352661132812,4203471.0
2019-02-13T00:00:00,80.92512696812419,81.38319372454754,80.37545058817298,80.7724380493164,3853502.0
2019-02-14T00:00:00,81.3832018291259,81.93287826381685,80.55867785769652,81.16943359375,3871319.0
2019-02-15T00:00:00,81.16944122688015,82.84901965897386,80.43653613857258,82.60472106933594,5676957.0
2019-02-18T00:00:00,82.63525788979537,83.032245414195,81.93288315972761,82.1161117553711,3641135.0
2019-02-19T00:00:00,81.90233182447489,82.11609069841704,81.35264617849982,81.9634017944336,3339229.0
2019-02-20T00:00:00,81.96341118011809,84.55912284507326,81.96341118011809,84.43697357177734,6480006.0
2019-02-21T00:00:00,84.77288544812535,85.07826327083517,83.55137415728605,84.07051086425781,5142394.0
2019-02-22T00:00:00,84.28428280826941,85.13933702204578,84.13159389013848,84.58966064453125,3658953.0
2019-02-25T00:00:00,85.20041631705494,85.38364488269045,84.16213353764306,84.58966064453125,3404845.0
2019-02-26T00:00:00,84.37588747156326,84.95611278186723,83.9483603898062,84.4675064086914,3713231.0
2019-02-27T00:00:00,84.16212952540094,84.31481843625276,83.33760567904451,83.45975494384766,3120638.0
2019-02-28T00:00:00,83.30706555701909,83.30706555701909,82.08555427718366,83.0627670288086,4253792.0
2019-03-01T00:00:00,83.58192466453721,83.88730252692953,83.18492785179151,83.36815643310547,3746320.0
2019-03-04T00:00:00,83.7040686126096,84.86450068800917,83.67352896443758,84.43697357177734,3376467.0
2019-03-05T00:00:00,84.43698143351627,84.46752108453178,83.21546994804045,84.22321319580078,3642087.0
2019-03-06T00:00:00,84.31483155339444,84.31483155339444,82.84901218953961,83.21546936035156,4144099.0
2019-03-07T00:00:00,83.15439281430874,83.24601176974427,81.74966202489681,82.268798828125,3374045.0
2019-03-08T00:00:00,81.35265824217436,81.6885757446289,80.43652468242152,81.6885757446289,3769056.0
2019-03-11T00:00:00,81.84125594294146,82.8489990234375,81.71910667854671,82.8489990234375,3116605.0
2019-03-12T00:00:00,83.49030614591382,83.55138544646523,81.902346844898,82.17718505859375,3310450.0
2019-03-13T00:00:00,82.08555427718366,83.0627670288086,81.81071610309898,83.0627670288086,4463958.0
2019-03-14T00:00:00,83.06277938361646,83.76514474623548,82.60471258554504,83.39869689941406,3984617.0
2019-03-15T00:00:00,83.67352791329716,84.16213431973497,82.72685474820992,83.7956771850586,6005904.0
2019-03-18T00:00:00,84.16213349733546,84.498050980941,83.18492069400878,83.76513671875,4636912.0
2019-03-19T00:00:00,84.03999603992487,86.20817152560352,83.73461816088357,86.11656188964844,6802736.0
2019-03-20T00:00:00,85.99440080541066,86.17762937157926,85.10880694155311,85.2004165649414,4004082.0
2019-03-21T00:00:00,85.2309522592017,85.59740005514966,84.55911732087641,84.89503479003906,3586845.0
2019-03-22T00:00:00,85.44471983394217,85.47525948322514,82.26879201575609,82.29933166503906,4489713.0
2019-03-25T00:00:00,82.1161007849785,82.1161007849785,80.89458940306913,81.23050689697266,4234292.0
2019-03-26T00:00:00,81.8107262500127,83.15438696060646,81.19997053434349,82.94062805175781,6725760.0
2019-03-27T00:00:00,83.61245900126963,85.81118344359592,83.49030971433888,85.10881805419922,9157782.0
2019-03-28T00:00:00,85.10880763322866,86.63569683138927,84.89503941772935,86.20816040039062,6790979.0
2019-03-29T00:00:00,86.75784272774197,88.55957004759047,86.57461416721344,87.94881439208984,7686613.0
2019-04-01T00:00:00,89.35355604845668,90.69721665351933,89.21918905601123,90.67279052734375,8593251.0
2019-04-02T00:00:00,91.6438882763511,92.22410428712688,90.84990405768293,91.18582153320312,9862571.0
2019-04-03T00:00:00,92.0408775647275,93.65938568115234,91.55227116506354,93.65938568115234,8816500.0
2019-04-04T00:00:00,93.10402368419261,93.8880555739477,92.22198157727665,93.75738525390625,8700328.0
2019-04-05T00:00:00,93.75738300888872,95.58679735418289,93.75738300888872,95.26011657714844,5226952.0
2019-04-08T00:00:00,95.19478181069542,95.26012195759529,94.28007957113753,94.93344116210938,5116372.0
2019-04-09T00:00:00,94.54141985574724,95.39079191464195,93.46337722259676,93.59404754638672,5094559.0
2019-04-10T00:00:00,93.757373594579,94.99875643485848,93.56136315413877,94.44340515136719,5343555.0
2019-04-11T00:00:00,94.57409197326736,95.45613412455135,94.28008124600832,94.80277252197266,3572596.0
2019-04-12T00:00:00,94.80277384689292,96.59951827909484,94.70476362343224,96.1094970703125,4350081.0
2019-04-15T00:00:00,96.10950450566453,96.33817510574947,95.52147302792945,95.71748352050781,3617481.0
2019-04-16T00:00:00,95.78280999160485,96.501501735714,95.7174698469102,96.14215087890625,3724861.0
2019-04-17T00:00:00,96.04415244929281,97.28553546593683,95.94615219990227,96.95885467529297,4839722.0
2019-04-18T00:00:00,96.92619172431372,98.82093626658121,96.53417079925536,98.00423431396484,3426730.0
2019-04-23T00:00:00,98.00424333756345,98.00424333756345,96.46883953747209,96.5341796875,5654242.0
2019-04-24T00:00:00,98.52694210877617,100.97704837821105,96.8281977741648,99.31097412109375,10608069.0
2019-04-25T00:00:00,99.67031422462863,101.27104815314799,99.47430375043085,99.96432495117188,6739953.0
2019-04-26T00:00:00,100.61767658171107,100.61767658171107,99.11494305444667,99.63763427734375,3865616.0
2019-04-29T00:00:00,99.63763060469641,100.32366218636756,99.11493940106577,99.8336410522461,3715599.0
2019-04-30T00:00:00,99.60498487952434,100.06233605591727,98.98429328516909,99.31097412109375,2295323.0
2019-05-02T00:00:00,99.31098339354654,99.5723240988839,96.92621705643926,97.8409194946289,5880342.0
2019-05-03T00:00:00,97.84089139154219,98.26557240811042,97.25286998867755,97.28553009033203,4135719.0
2019-05-06T00:00:00,94.73743493152656,95.22745614668963,93.49605184091632,95.19478607177734,5177819.0
2019-05-07T00:00:00,95.06411248065055,95.12945262823379,91.73196434404153,92.12398529052734,8042238.0
2019-05-08T00:00:00,91.92797933368023,93.72472381591797,91.86264915239414,93.72472381591797,5543699.0
2019-05-09T00:00:00,92.7446799965858,92.7446799965858,91.1766160958563,91.47062683105469,4127228.0
2019-05-10T00:00:00,92.38532809432074,92.90801937864434,90.78459413630416,91.5032958984375,4119310.0
2019-05-13T00:00:00,91.50329548136546,91.73196606317866,89.05318944367897,89.2165298461914,4333878.0
2019-05-14T00:00:00,90.098560120959,91.89530451036504,89.90255961772012,91.73196411132812,4848584.0
2019-05-15T00:00:00,92.54865927440615,92.58132934570312,90.71925491584801,92.58132934570312,4938555.0
2019-05-16T00:00:00,92.77734723211118,93.46337890625,91.76463475785931,93.46337890625,4005617.0
2019-05-17T00:00:00,93.30002401700624,93.52869455986949,91.50327989541282,92.48332214355469,4418324.0
2019-05-20T00:00:00,92.31998978023573,92.31998978023573,89.51053309786148,90.16389465332031,3972824.0
2019-05-21T00:00:00,90.52324915544074,91.89530249556454,90.45790900945583,91.79730224609375,5380906.0
2019-05-22T00:00:00,91.82997661212895,92.05864719475329,90.13123243217109,90.55592346191406,3382460.0
2019-05-23T00:00:00,89.70654353962337,89.77187371345188,88.33448028564453,88.33448028564453,5207930.0
2019-05-24T00:00:00,88.9551721992368,90.09855492657664,88.92251209691777,89.67387390136719,4572260.0
2019-05-27T00:00:00,90.1638925144625,90.55591342624079,88.36714827957286,88.95516967773438,2528834.0
2019-05-28T00:00:00,89.28185256564842,90.16389465332031,88.72650122521209,90.16389465332031,9345176.0
2019-05-29T00:00:00,89.37986674359861,89.37986674359861,88.3344842207118,88.5304946899414,1999004.0
2019-05-31T00:00:00,87.55045136130238,88.5304937272871,85.81904716919861,86.73374938964844,7036782.0
2019-06-03T00:00:00,86.2437251295999,87.3871078491211,85.55769350398593,87.3871078491211,5381859.0
2019-06-04T00:00:00,87.35443976756578,89.28185440190929,86.37439741422098,89.15118408203125,5429024.0
2019-06-05T00:00:00,88.85718415235311,88.92252430497406,87.71380126803975,88.49783325195312,5123383.0
2019-06-07T00:00:00,88.79182974991095,90.84992459308471,88.66115943514737,90.29456329345703,4995152.0
2019-06-11T00:00:00,91.8299707909376,93.39803457341527,91.8299707909376,92.8753433227539,4446871.0
2019-06-12T00:00:00,92.28732669852951,92.94068830347486,91.43795461819919,92.09131622314453,4681606.0
2019-06-13T00:00:00,91.89530474349282,92.38532594184669,91.40528354513894,92.12398529052734,4805761.0
2019-06-14T00:00:00,92.12398629729317,92.15665637144183,90.71926283446345,92.09131622314453,4020832.0
2019-06-18T00:00:00,92.05862973677064,94.54140538683473,90.84991696481538,94.44340515136719,5857632.0
2019-06-19T00:00:00,94.77010132548277,95.84814396916651,94.67209110455268,95.39079284667969,4358571.0
2019-06-20T00:00:00,96.37082916639228,98.00423305056842,95.97880824638756,97.64488220214844,7907311.0
2019-06-24T00:00:00,97.35088060985943,97.84090182098288,95.61947631835938,95.61947631835938,4582874.0
2019-06-25T00:00:00,95.42345955851923,96.30549169877521,95.32544934104207,95.65213012695312,3248958.0
2019-06-26T00:00:00,95.39079083553617,96.33816313417955,94.73742925447084,95.45613098144531,3175464.0
2019-06-27T00:00:00,96.04414702644101,96.66483849971749,94.77009400876697,95.78280639648438,3786731.0
2019-06-28T00:00:00,95.7828059922076,96.2728271484375,95.09677437958455,96.2728271484375,4410526.0
2019-07-01T00:00:00,97.6448906085162,98.91894375395717,97.54689035483113,98.4942626953125,5824204.0
2019-07-02T00:00:00,98.39626143594842,99.08228314374631,97.90624023351741,98.52693176269531,3238901.0
2019-07-03T00:00:00,98.26557059106473,99.18028271911405,98.00422996562538,98.2982406616211,2492250.0
2019-07-04T00:00:00,98.00424249021012,98.95161484038073,98.00424249021012,98.46159362792969,1722378.0
2019-07-05T00:00:00,98.23291656521758,98.33091681344169,95.2274493392633,96.04415130615234,5355667.0
2019-07-08T00:00:00,95.68480658624559,96.99152981711136,95.68480658624559,96.56684875488281,3089280.0
2019-07-09T00:00:00,96.04416435163581,96.24017484421418,95.03145178123742,95.71748352050781,3284780.0
2019-07-10T00:00:00,95.71747634913868,96.14215740998392,95.09678481040062,95.22745513916016,2554886.0
2019-07-11T00:00:00,95.55413913232675,95.88081994987317,93.9860751959069,94.5740966796875,3358388.0
2019-07-12T00:00:00,94.47608067014995,96.56683555995222,94.31274028861063,95.9461441040039,4089542.0
2019-07-15T00:00:00,96.20748238630881,96.99151420472398,95.26011019032774,96.17481231689453,3584145.0
2019-07-16T00:00:00,95.782819278574,96.24017042726148,95.42346838692407,96.01148986816406,3603095.0
2019-07-17T00:00:00,95.97881202559911,98.0369069824032,95.0641098022461,95.0641098022461,6131119.0
2019-07-18T00:00:00,93.20202974329239,95.68480585691452,92.18932722269611,92.94068908691406,7101633.0
2019-07-19T00:00:00,93.75738953338606,98.06958007812501,93.59404913350211,98.069580078125,7565160.0
2019-07-22T00:00:00,97.2202103703157,98.2329228681381,96.37083827635153,96.56684875488281,5493689.0
2019-07-23T00:00:00,97.05687127293793,98.06958378439242,96.82819071665533,97.87357330322266,4173116.0
2019-07-24T00:00:00,97.93890156988962,99.31096494175617,96.95885915270124,97.61222076416016,3663147.0
2019-07-25T00:00:00,97.90622697946077,98.29823790663296,94.80275978419633,96.07681274414062,4121549.0
2019-07-26T00:00:00,96.6321821143301,96.86086267505901,95.84815014391407,95.91349029541016,2625958.0
2019-07-29T00:00:00,95.8808179868474,96.20749879770548,95.03144588471496,95.58680725097656,2953048.0
2019-07-30T00:00:00,95.71746110646514,95.71746110646514,93.72470650932365,94.34539794921875,3415751.0
2019-07-31T00:00:00,94.28008371013809,94.96611540467741,94.18207348548553,94.2474136352539,2681545.0
2019-08-01T00:00:00,93.75740590017085,94.73744847055592,93.10404418658081,94.37809753417969,2111543.0
2019-08-02T00:00:00,92.12398415927902,92.22198440994366,90.5559203316046,91.20928192138672,4547000.0
2019-08-06T00:00:00,89.21652610380713,89.44519667602825,87.84446279245414,88.13847351074219,3404746.0
2019-08-07T00:00:00,88.69383767887595,88.8245080056801,86.57041246741115,87.41978454589844,4573754.0
2019-08-08T00:00:00,88.53049512873775,88.628495379085,87.38711235032233,88.04047393798828,3179097.0
2019-08-09T00:00:00,87.90980266209755,88.0731430572447,85.98238799326249,86.24372863769531,3088554.0
2019-08-12T00:00:00,86.66841835802626,87.45246030886783,85.65571578228636,86.21106719970703,2409309.0
2019-08-13T00:00:00,85.52502591445452,87.32177024013218,83.82629180642675,86.27639770507812,4797601.0
2019-08-14T00:00:00,86.37439739085677,86.53773778303672,83.79362118831482,83.98963165283203,4339888.0
2019-08-15T00:00:00,84.02231458875283,84.51233584031358,82.02955950517088,83.27094268798828,3887311.0
2019-08-16T00:00:00,83.40160524403358,84.3489825095292,83.2709299394377,83.98963165283203,3363942.0
2019-08-19T00:00:00,84.54498483437052,85.32902670940861,84.4796546577884,84.80633544921875,2892670.0
2019-08-20T00:00:00,84.8063313227707,85.0350018839415,83.40160299101987,83.66294860839844,2851576.0
2019-08-21T00:00:00,83.92429798776917,85.26369130095767,83.7936276578377,84.5776596069336,2777270.0
2019-08-22T00:00:00,84.51232718493743,85.32902918722904,83.82629550911112,84.2509765625,3503722.0
2019-08-23T00:00:00,84.93701260900785,85.45970391127246,83.00959777832031,83.00959777832031,4096247.0
2019-08-26T00:00:00,82.19289694913864,83.14026934065124,81.86621612658206,82.25823211669922,4064902.0
2019-08-27T00:00:00,82.51956604414515,83.2055926831647,82.12754512498762,82.7809066772461,3548983.0
2019-08-28T00:00:00,82.97693193095341,83.46695318251416,81.96421935049295,83.27094268798828,3618795.0
2019-08-29T00:00:00,83.95695894087312,85.98238372802734,83.95695894087312,85.98238372802734,5163643.0
2019-08-30T00:00:00,86.43973961367436,89.37986674359861,86.11305882146056,88.5304946899414,6573057.0
2019-09-02T00:00:00,88.59583571934273,88.88984644136465,87.28911253746162,87.55045318603516,3278547.0
2019-09-03T00:00:00,87.55044992003847,88.23648155883556,86.89708835347102,87.25643920898438,2485937.0
2019-09-04T00:00:00,88.26916064563854,88.62850156834361,87.81179952672781,88.56317138671875,3548001.0
2019-09-05T00:00:00,89.51053351174721,90.03322475243237,88.79183180961682,89.67387390136719,5586445.0
2019-09-06T00:00:00,89.77187615988338,90.26189733972882,89.1838547318714,89.60853576660156,3094649.0
2019-09-09T00:00:00,89.60854222561964,91.5686270862851,89.3798716402463,91.47062683105469,3246779.0
2019-09-10T00:00:00,91.37262679391793,92.28732907660888,91.14394623849161,91.8626480102539,3668457.0
2019-09-11T00:00:00,92.22198565496592,94.0187300511233,92.22198565496592,93.07135772705078,3501443.0
2019-09-12T00:00:00,93.69204485869062,94.57408696324885,92.54866211474805,93.36536407470703,4499005.0
2019-09-13T00:00:00,93.36536110473479,95.4887861330815,93.36536110473479,95.29278564453125,3835473.0
2019-09-16T00:00:00,94.63942383498551,95.32544548202165,93.98606228961316,94.90076446533203,3115891.0
2019-09-17T00:00:00,94.63943044007338,94.93344116210938,93.59404790671576,94.93344116210938,3379711.0
2019-09-18T00:00:00,94.8681074215778,95.45613887486579,94.5740966796875,94.5740966796875,2698693.0
2019-09-19T00:00:00,94.5414172977351,95.3907893336483,93.98606594427727,94.70475769042969,3892014.0
2019-09-20T00:00:00,94.54142585329876,95.06411715112392,93.46338315175903,93.72472381591797,5617827.0
2019-09-23T00:00:00,93.43071445198946,93.43071445198946,90.75192774213644,91.30728912353516,3740463.0
2019-09-24T00:00:00,91.27460961818363,91.40527993868763,88.39982268907013,88.66116333007812,5618122.0
2019-09-25T00:00:00,88.20381453730293,88.33448486123464,86.04771929915641,87.15843200683594,5360875.0
2019-09-26T00:00:00,87.15843024204051,88.23648282403855,87.09310006615081,87.61579132080078,2786181.0
2019-09-27T00:00:00,88.00780544541064,89.90256006537759,87.68112464571016,89.73921966552734,3897187.0
2019-09-30T00:00:00,89.80454113808752,90.98059389690378,89.41253019815267,90.32723236083984,5719698.0
2019-10-01T00:00:00,90.32723787313199,90.7845889823858,87.51778110270652,87.61579132080078,5491722.0
2019-10-02T00:00:00,87.19110560962837,87.22377568431043,85.00235017902969,85.06768035888672,4913898.0
2019-10-03T00:00:00,84.93700495025992,85.00234509571655,83.00959029336686,83.95696258544922,5168446.0
2019-10-04T00:00:00,84.38164092743571,84.6103214597239,83.33626842006173,84.12030029296875,4574602.0
2019-10-07T00:00:00,84.34897959889943,85.65570269124795,82.51956527571029,85.59036254882812,4222470.0
2019-10-08T00:00:00,85.72104437001798,86.04772518695366,84.28365076940251,84.8390121459961,3592252.0
2019-10-09T00:00:00,84.28364969928528,87.45245757113106,83.95696888649735,86.37440490722656,5050849.0
2019-10-10T00:00:00,86.43973937757424,88.39982412550333,86.24372890888002,88.13847351074219,3934318.0
2019-10-11T00:00:00,88.39982044748267,90.4252352877014,88.30181023246016,90.16389465332031,5660206.0
2019-10-14T00:00:00,90.0005505934764,90.35990142822266,88.56315722399717,90.35990142822266,4450417.0
2019-10-15T00:00:00,90.62125083462712,91.66663336983893,90.29457003856176,91.27461242675781,5084113.0
2019-10-16T00:00:00,91.14394210223303,91.53596304531413,90.26189996505389,91.27461242675781,4332361.0
2019-10-17T00:00:00,90.9805960299486,92.41798944908787,90.9805960299486,91.53595733642578,4613995.0
2019-10-18T00:00:00,88.04047962964913,94.14941485706035,86.9624369281094,93.72472381591797,16770933.0
2019-10-21T00:00:00,93.20201558922417,94.73741912841797,92.87533483360893,94.73741912841797,7929620.0
2019-10-22T00:00:00,94.73742575344806,97.08953134616372,94.50874522072348,94.77009582519531,7849432.0
2019-10-23T00:00:00,94.24739960208764,95.81546326797697,93.82271860034844,95.16210174560547,3917027.0
2019-10-24T00:00:00,95.16211499002686,96.04415715579103,94.28008279376975,95.22745513916016,3817709.0
2019-10-25T00:00:00,95.12944525773534,96.14214768026511,94.80276448414354,95.29278564453125,2982156.0
2019-10-28T00:00:00,95.39078111178492,97.15485520693737,95.39078111178492,96.63216400146484,3392660.0
2019-10-29T00:00:00,96.501501735714,96.99152291240468,95.61946959937463,96.14215087890625,4786899.0
2019-10-30T00:00:00,95.7174798104293,96.73019234157424,95.52146932544845,95.91349029541016,3902065.0
2019-10-31T00:00:00,96.04414186109472,96.1094819998228,93.95338702536652,94.34539794921875,4151779.0
2019-11-01T00:00:00,94.41075134277344,94.73743214326747,94.08407054227942,94.41075134277344,744586.0
2019-11-04T00:00:00,95.39078467681733,99.14761352539062,95.39078467681733,99.14761352539062,8286522.0
2019-11-05T00:00:00,99.6703016750199,100.29099312390517,99.04961022613465,99.80097198486328,4751582.0
2019-11-06T00:00:00,99.63763805246442,100.78102078421402,98.4615852487636,98.88627624511719,4676787.0
2019-11-07T00:00:00,99.34363975085547,100.87903362925516,98.49426762157718,98.65760803222656,4426358.0
2019-11-08T00:00:00,98.46157903655109,98.85359993621975,97.28552630705066,98.36357879638672,3734779.0
2019-11-11T00:00:00,98.2655810169877,99.80098477049029,97.67755956260753,99.08228302001953,4607535.0
2019-11-12T00:00:00,99.04960720966442,100.68301095672679,98.75558655958895,100.45433044433594,4196356.0
2019-11-13T00:00:00,99.96431815270151,100.06231839838208,97.8408930939023,98.9842758178711,3729311.0
2019-11-14T00:00:00,98.886279367273,99.04961976268012,97.41621580860892,98.23291778564453,2589544.0
2019-11-15T00:00:00,99.21295886168558,99.96432068293777,98.16757635693726,99.7029800415039,3116959.0
2019-11-18T00:00:00,99.70297776527252,100.1929989339036,97.41621231166083,97.54688262939453,3680102.0
2019-11-19T00:00:00,97.74289122272539,98.42891287009297,96.59950851777141,96.73017883300781,3598956.0
2019-11-20T00:00:00,96.37083209290797,96.59951263143948,95.48878998086522,96.04415130615234,3258589.0
2019-11-21T00:00:00,95.32544212619834,95.45612240627716,94.44341005270023,95.16210174560547,5103943.0
2019-11-22T00:00:00,95.26011874256686,97.08953312944662,94.99876813329469,96.14215087890625,3601419.0
2019-11-25T00:00:00,96.82818217463478,98.0042349883968,96.69751185521818,97.90623474121094,3100738.0
2019-11-26T00:00:00,98.00423096613096,98.26557159423828,96.99151858557975,98.26557159423828,3623236.0
2019-11-27T00:00:00,98.52693492745043,98.78827558933865,97.54689249110876,97.87357330322266,3818749.0
2019-11-28T00:00:00,97.67756260475717,97.93890326606402,96.73019024563588,97.48155212402344,2068083.0
2019-11-29T00:00:00,96.795509005873,97.3835403786958,96.20748760255621,96.73017883300781,2997751.0
2019-12-02T00:00:00,97.02418926880233,97.87356126977048,96.24015741002633,96.3381576538086,3694162.0
2019-12-03T00:00:00,96.66484367786714,97.1548648624148,94.93343948026802,95.0641098022461,3905559.0
2019-12-04T00:00:00,94.83543273216262,96.17482601284269,94.83543273216262,95.7501449584961,4068492.0
2019-12-05T00:00:00,95.91348501894733,96.14215559758904,94.2800810164772,94.41075134277344,4795775.0
2019-12-06T00:00:00,94.4760883685915,95.16211005135301,93.92072703830155,95.0641098022461,4608344.0
2019-12-09T00:00:00,95.06410499616675,95.88080692912351,94.01872253417969,94.01872253417969,4661903.0
2019-12-10T00:00:00,93.88804994280531,93.9860601540878,92.54865681132414,93.6920394897461,5085753.0
2019-12-11T00:00:00,93.43070695043089,94.83543037482002,93.20202640715515,94.47608947753906,3608221.0
2019-12-12T00:00:00,94.50874215296737,95.78280512321085,93.52869984939908,95.42345428466797,5801977.0
2019-12-13T00:00:00,97.31820057062602,98.88627426736734,96.76284923658712,96.7955093383789,8299259.0
2019-12-16T00:00:00,97.35086882853574,97.8735600510465,96.50149683814399,97.80821990966797,3703990.0
2019-12-17T00:00:00,97.57955887847316,98.75560178203213,97.35087833083291,98.069580078125,7733702.0
2019-12-18T00:00:00,102.74110868773332,103.72115105995336,100.81369401626857,101.56505584716797,9316514.0
2019-12-19T00:00:00,101.5323794174429,102.12041078566331,100.9443580187284,101.92440032958984,4261305.0
2019-12-20T00:00:00,101.82641658468667,103.39448054832748,101.7284063560169,103.23114013671875,5487225.0
2019-12-23T00:00:00,103.10045707216226,104.11316949300462,102.70843614489867,103.9498291015625,2865190.0
2019-12-27T00:00:00,104.14583510114318,104.6685263752902,103.98249470106641,104.57052612304688,3044809.0
2019-12-30T00:00:00,104.34184270818662,104.79919382193377,102.51242828369139,102.5124282836914,3819644.0
2020-01-02T00:00:00,102.83909750635364,105.15853285669853,102.83909750635364,105.02786254882812,3251859.0
2020-01-03T00:00:00,104.21117637888933,104.21117637888933,102.08775115486807,102.70844268798828,4346445.0
2020-01-07T00:00:00,102.61044221019797,104.37451655239337,102.54510206179901,103.59048461914062,4889908.0
2020-01-08T00:00:00,102.7084328350932,104.30916662574059,101.82640073143331,104.21116638183594,4038628.0
2020-01-09T00:00:00,105.19121442150166,105.4198949623945,102.18574716451327,102.44709777832031,6003067.0
2020-01-10T00:00:00,102.83909379096616,102.87176385912981,101.66305109311546,101.95706176757812,2780611.0
2020-01-13T00:00:00,102.0877500450761,102.54510117137669,101.10770764464338,101.79373931884766,3251236.0
2020-01-14T00:00:00,101.79373227935075,102.44709383445634,100.38899895417006,102.25108337402344,3897243.0
2020-01-15T00:00:00,102.12042044687738,102.28376084747396,101.20570822183247,101.85906982421875,2951410.0
2020-01-16T00:00:00,101.79373385982743,102.9044465268509,101.5323832520237,102.67576599121094,5299236.0
2020-01-17T00:00:00,103.2964652022949,104.96252918176248,103.2964652022949,104.17849731445312,5008844.0
2020-01-20T00:00:00,104.01516242716745,105.28921552510711,103.62315145753573,104.7991943359375,2185922.0
2020-01-21T00:00:00,104.53786471649038,105.61590745857612,103.23114140753424,105.48523712158203,3732440.0
2020-01-22T00:00:00,105.9752315060983,106.75926329888038,103.13311501107515,103.29645538330078,4466640.0
2020-01-23T00:00:00,102.90445955324584,103.10047004153449,100.84637434998396,101.40172576904297,3916180.0
2020-01-24T00:00:00,102.34908924212817,103.72115257102791,102.28375906473234,102.3164291381836,3581901.0
2020-01-27T00:00:00,99.73563274245592,100.06231350475615,97.7428880680291,97.93888854980469,7149736.0
2020-01-28T00:00:00,98.29823948558388,100.16032382045516,97.28552712748731,99.76830291748047,5921211.0
2020-01-29T00:00:00,100.4870162258637,100.87902720475242,99.53964389833239,99.96432495117188,4707796.0
2020-01-30T00:00:00,105.19122326337006,108.8500524081598,103.65581943290302,107.08596801757812,17396853.0
2020-01-31T00:00:00,108.49070790073289,110.6794635257001,107.08597432071623,108.00068664550781,7869935.0
2020-02-03T00:00:00,108.06600436979804,109.24205724062612,107.05330186804991,108.78470611572266,5970358.0
2020-02-04T00:00:00,109.50340940422797,111.98617553710938,109.3073989280776,111.98617553710938,6664616.0
2020-02-05T00:00:00,112.24752593628843,113.75025962441269,111.59416433010458,112.86821746826172,4986121.0
2020-02-06T00:00:00,113.84826229514213,114.40362365999447,110.90813500488022,111.36548614501953,4258061.0
2020-02-07T00:00:00,111.3328160701152,111.85550736006319,110.74479459986567,111.36548614501953,4192985.0
2020-02-10T00:00:00,111.23480527039828,113.16221987295916,110.67944395819146,112.9662094116211,4242261.0
2020-02-11T00:00:00,113.97894083826708,114.37096182635284,112.34553667042287,113.09690856933594,5024327.0
2020-02-12T00:00:00,113.19491577148438,114.3056286798137,112.90090499714844,113.19491577148438,3968956.0
2020-02-13T00:00:00,112.96620908016686,113.29288985826973,111.10413462668426,112.90087890625,3723100.0
2020-02-14T00:00:00,113.0315352550634,113.97890740058347,112.93353502154595,113.26021575927734,2937169.0
2020-02-17T00:00:00,113.26022472590532,113.97891642410907,112.96620406306597,113.29288482666016,2521492.0
2020-02-18T00:00:00,112.80287406507317,113.39090547537597,111.6594912872421,112.57420349121094,3113163.0
2020-02-19T00:00:00,112.96620653852277,113.16221699487565,111.7574936684409,112.18217468261719,3385414.0
2020-02-20T00:00:00,112.21485641078965,113.5869197782877,111.92084568047063,113.32556915283203,3437501.0
2020-02-21T00:00:00,112.60686877812374,113.19489019392607,110.87545466358362,111.52881622314453,4873967.0
2020-02-24T00:00:00,108.29468490530051,108.62136570441153,105.77923876434299,106.00791931152344,7381732.0
2020-02-25T00:00:00,106.46527779702186,107.18397959255738,103.52515040175241,103.72116088867188,6475680.0
2020-02-26T00:00:00,103.19845458241318,105.02786891195022,100.65034853129426,104.66851806640625,8094628.0
2020-02-27T00:00:00,102.77376888895182,102.9044391987952,98.16756818805702,99.80097198486328,9024971.0
2020-02-28T00:00:00,96.04416188795516,98.39626779954483,95.4888005014803,97.22021484375,10517582.0
2020-03-02T00:00:00,100.3236802082783,100.38901038952696,94.83543653851945,97.44888305664062,8455266.0
2020-03-03T00:00:00,99.18028359623592,101.4343789114787,98.5595921281989,99.14761352539062,6770565.0
2020-03-04T00:00:00,99.27829658665276,99.67031754812021,97.12220123759614,97.48155212402344,7024221.0
2020-03-05T00:00:00,98.52692991245448,99.01695110568335,93.85538855530181,94.93344116210938,7300054.0
2020-03-06T00:00:00,92.25465448333411,93.36536719206237,90.58858043548835,91.20928192138672,8522109.0
2020-03-09T00:00:00,85.98239181267738,88.07314696953281,83.36894038947786,85.49237060546875,13007530.0
2020-03-10T00:00:00,86.30906762629687,89.6738757334091,84.87166419266988,85.32902526855469,9422554.0
2020-03-11T00:00:00,86.40706531421557,87.41977771444598,84.12029988056904,84.61032104492188,6847334.0
2020-03-12T00:00:00,79.25276130878946,80.75548994550752,75.69193772217378,76.96599578857422,14936506.0
2020-03-13T00:00:00,78.9260750330662,83.82628652142495,76.57396953085167,77.29267120361328,13838976.0
2020-03-16T00:00:00,73.47050841122835,75.00591212737297,69.2889982452486,73.4378433227539,13594937.0
2020-03-17T00:00:00,73.43784682498487,75.78994765170785,67.55759226580064,70.23637390136719,13794285.0
2020-03-18T00:00:00,67.49225479223976,68.50496227416048,62.565907765226456,63.67662048339844,14808292.0
2020-03-19T00:00:00,64.23850372091626,67.19823057550175,63.49367199531539,67.16556549072266,13490635.0
2020-03-20T00:00:00,69.58300533810177,70.88972844304264,66.28352750422484,66.47953796386719,12156572.0
2020-03-23T00:00:00,62.57896406630031,67.29623492355039,62.06934289065327,65.16627502441406,10411009.0
2020-03-24T00:00:00,68.60295744477664,71.51041412353516,67.03488884908835,71.51041412353516,9972389.0
2020-03-25T00:00:00,75.03857476247389,75.65927124023438,69.68101192200614,75.65927124023438,10536445.0
2020-03-26T00:00:00,73.63384775702941,76.96599578857422,72.45779990891353,76.96599578857422,8318936.0
2020-03-27T00:00:00,75.98595130014102,75.98595130014102,73.40517015142461,74.09120178222656,8242834.0
2020-03-30T00:00:00,74.64655074234847,74.87522626845984,72.26178029060956,74.31986999511719,7290271.0
2020-03-31T00:00:00,75.43059700805885,78.07671356201172,74.74457029815692,78.07671356201172,9764647.0
2020-04-01T00:00:00,75.78994738523372,76.05129302834041,73.24183608826222,73.73185729980469,7669453.0
2020-04-02T00:00:00,74.35255051705094,75.72460885137106,73.0458273444121,75.10391235351562,8284853.0
2020-04-03T00:00:00,75.00590809817238,75.07124325636487,73.17649376026455,73.24182891845703,3922249.0
2020-04-06T00:00:00,75.78993969121255,79.87344937285116,75.43058884532714,79.05674743652344,7492310.0
2020-04-07T00:00:00,81.34351627928739,83.95696258544922,80.5268143086118,83.95696258544922,11647423.0
2020-04-08T00:00:00,82.97691185459693,83.23825745581392,81.08216247671464,82.38888549804688,9545960.0
2020-04-09T00:00:00,82.02954123734393,84.51231701957707,81.96420109721716,82.97691345214844,4607067.0
2020-04-14T00:00:00,84.93700876855138,85.23101949731037,81.60486557535121,82.09488677978516,6511973.0
2020-04-15T00:00:00,82.09488214350333,82.09488214350333,76.60664396683886,76.83531951904297,9448244.0
2020-04-16T00:00:00,77.75002318862926,79.25275672315101,77.22733196320789,77.97869873046875,5774078.0
2020-04-17T00:00:00,81.0168373498354,82.55223609298241,79.77544932897597,81.27818298339844,8724536.0
2020-04-20T00:00:00,82.1928790986042,82.1928790986042,79.64476823910721,81.7028579711914,4662611.0
2020-04-21T00:00:00,80.78816812810238,81.04951378216968,78.82808319972831,78.86074829101562,5013916.0
2020-04-22T00:00:00,79.710115484526,82.78091302158587,79.2854294460594,82.58490753173828,6476311.0
2020-04-23T00:00:00,83.07492915507713,84.05496657879547,75.7899462551527,78.20738220214844,16240664.0
2020-04-24T00:00:00,76.80265830030523,77.45601990223125,75.43059494845782,75.92061614990234,9274655.0
2020-04-27T00:00:00,76.99865552346002,77.78269235244915,76.4432992183966,77.29267120361328,4970143.0
2020-04-28T00:00:00,77.4560214155307,80.7554945788686,77.22734086258599,80.39614868164062,6972423.0
2020-04-29T00:00:00,80.59215258918432,85.00234838631239,80.13480146180241,84.2509765625,7686280.0
2020-04-30T00:00:00,84.34898960492775,85.39436222111189,82.19289425288137,82.42156982421875,5538537.0
2020-05-04T00:00:00,79.3834239277721,79.84077499353718,78.24004127860667,78.6320571899414,7296347.0
2020-05-05T00:00:00,80.6901523474491,81.83353507302024,79.84078032883788,80.8534927368164,6619512.0
2020-05-06T00:00:00,80.8861575392566,81.04949791798309,79.38342406107182,80.46147155761719,5213615.0
2020-05-07T00:00:00,80.46147763771043,80.75548834773399,79.12208443704053,79.87345123291016,4112513.0
2020-05-08T00:00:00,81.04950612543074,83.10759111799344,80.78816049605274,82.74824523925781,4882285.0
2020-05-11T00:00:00,83.10759520529044,83.49961616101398,80.49414875248567,81.1148452758789,4321553.0
2020-05-12T00:00:00,80.6901609672765,81.73553857395041,80.46148539468433,80.82083129882812,5547542.0
2020-05-13T00:00:00,79.57944879015344,79.6121138809089,76.90066211052265,77.55402374267578,7347166.0
2020-05-14T00:00:00,77.09666857374353,77.39067929897934,74.28721170808711,76.41063690185547,7454726.0
2020-05-15T00:00:00,77.29267210495027,78.99141111044032,76.99865642136838,77.97869873046875,6667207.0
2020-05-18T00:00:00,79.44875678978721,82.38888351709248,79.41609170589095,82.29087829589844,5080878.0
2020-05-19T00:00:00,82.9769279686354,83.46694919679663,81.37619395054352,83.23827362060547,6836708.0
2020-05-20T00:00:00,82.6502422475242,84.28364624451085,81.80087017518979,83.0749282836914,3242071.0
2020-05-22T00:00:00,81.89887434214705,82.94425188961246,81.14750751639731,81.99687957763672,5312654.0
2020-05-25T00:00:00,83.20560240599397,85.81905390517069,82.81358642578124,84.93701171875,5093146.0
2020-05-26T00:00:00,86.14572932155966,88.31815460664765,85.94971885135854,88.04047393798828,6281485.0
2020-05-27T00:00:00,88.26915385084706,89.73921741259281,87.71379251749605,89.41253662109375,6213654.0
2020-05-28T00:00:00,90.1638900868214,90.62124115857804,88.75916680153186,89.51052856445312,6765741.0
2020-05-29T00:00:00,88.530488262928,89.18384979992378,86.50506351043873,87.0604248046875,8290693.0
2020-06-01T00:00:00,88.13848014890257,90.75192667630675,87.77913922699037,90.39258575439453,5766065.0
2020-06-02T00:00:00,90.91526410670751,93.3653701459056,90.91526410670751,92.94068908691406,7692465.0
2020-06-03T00:00:00,94.67207884938726,96.17481231689453,94.31273799434668,96.17481231689453,7747385.0
2020-06-04T00:00:00,95.91349672466043,97.2855502724828,94.57410328526797,96.50151824951172,7325364.0
2020-06-05T00:00:00,97.35087854721968,100.42167607796215,97.35087854721968,99.96432495117188,9367146.0
2020-06-08T00:00:00,99.63765155412375,100.87903470043766,98.8209494922047,99.57231140136719,6475203.0
2020-06-09T00:00:00,100.29100047145938,100.87902189358724,95.9788101441674,97.90623474121094,9524063.0
2020-06-10T00:00:00,98.26557305110168,99.37629566078989,95.26011590528564,95.35811614990234,6513151.0
2020-06-11T00:00:00,92.38532464137211,92.38532464137211,88.95517630117997,88.98784637451172,10750688.0
2020-06-12T00:00:00,87.55045310683104,90.8826012054161,87.41978278266248,89.37986755371094,6840737.0
2020-06-15T00:00:00,87.28912354337781,89.70655974076085,86.04773038236472,89.18386840820312,7446320.0
2020-06-16T00:00:00,94.41074889524691,95.75014213645105,92.7446748620177,94.96611022949219,10173124.0
2020-06-17T00:00:00,95.65214675682667,97.4815614698879,95.19479557093841,96.40351867675781,9677790.0
2020-06-18T00:00:00,95.16211308833573,96.73018691063531,94.47609138368067,96.24016571044922,6713392.0
2020-06-22T00:00:00,94.4107451562544,97.54688262939455,93.59404320853594,97.54688262939453,6491896.0
2020-06-23T00:00:00,98.0042444295443,99.34363776398285,96.86086157786627,97.44888305664062,4847201.0
2020-06-24T00:00:00,96.99152233263534,97.71022404195482,93.82272472401442,93.85538482666016,5171665.0
2020-06-25T00:00:00,93.49604394150673,94.90076731848731,92.90801255128908,93.85538482666016,4711825.0
2020-06-26T00:00:00,95.12943973593408,97.12218436357013,94.18205757190397,94.34539794921875,4336496.0
2020-06-29T00:00:00,94.3454233859984,96.73019951946489,94.3454233859984,96.40351867675781,3895783.0
2020-06-30T00:00:00,96.95885873349934,97.22020935865717,94.18207189680437,95.32545471191406,4082367.0
2020-07-01T00:00:00,95.16210852552491,97.51421416144265,94.57408710129866,96.14215087890625,5163182.0
2020-07-02T00:00:00,96.73019360962778,97.77556626071733,95.78282121755966,97.22021484375,4371758.0
2020-07-03T00:00:00,98.00424682444404,99.40897037445806,97.05687443237592,97.22021484375,2986396.0
2020-07-06T00:00:00,98.98427790059768,100.51968157860752,98.65759711544719,100.19300079345703,4755643.0
2020-07-07T00:00:00,99.63765131346027,102.41443831727801,99.53965105406972,101.40172576904297,7827146.0
2020-07-08T00:00:00,100.6176905002046,101.49973268395085,99.63764806026754,100.16033935546875,5000892.0
2020-07-09T00:00:00,100.61768098724815,100.97703184181815,98.95160700297363,99.3436279296875,3389705.0
2020-07-10T00:00:00,98.65760562033049,100.25833961165957,98.03691406893846,100.16033935546875,3694986.0
2020-07-13T00:00:00,101.17305493825174,103.29648028916526,101.10771478580523,103.23114013671875,5057656.0
2020-07-14T00:00:00,102.54509199520183,103.59047444992083,101.79373020990788,102.87177276611328,5357477.0
2020-07-15T00:00:00,103.75382621151029,105.7792412315352,103.59048580814503,105.45256042480469,4429346.0
2020-07-16T00:00:00,104.53786294291339,105.09322432760061,102.90445883443037,103.72116088867188,6522083.0
2020-07-17T00:00:00,107.2166415665103,109.43806699837613,104.0805039213122,104.60319519042969,8011954.0
2020-07-20T00:00:00,104.60319394494701,105.32188570810787,103.78649196214607,104.24384307861328,5459901.0
2020-07-21T00:00:00,104.76653601390824,104.92987641307585,101.95707915432398,102.839111328125,4650838.0
2020-07-22T00:00:00,102.5777702611645,104.83186576663269,102.12041913925174,104.60319519042969,4390386.0
2020-07-23T00:00:00,105.22387877004337,105.64855978630489,103.78648536557442,104.21116638183594,3114205.0
2020-07-24T00:00:00,102.57777559464756,103.16579707203691,101.10771193166694,103.00245666503906,2952002.0
2020-07-27T00:00:00,102.96978874482893,104.276511901644,102.15308677181953,103.88449096679688,2630681.0
2020-07-28T00:00:00,103.88448495131273,103.88448495131273,101.49971931601893,101.92440032958984,3982928.0
2020-07-29T00:00:00,101.27105539632923,103.68849149898526,101.27105539632923,103.62316131591797,4527251.0
2020-07-30T00:00:00,103.6231547150675,104.30917642586567,100.06232598622367,100.8136978149414,4308504.0
2020-07-31T00:00:00,100.81368990685677,101.59772177877242,98.55959453653442,98.59225463867188,4064232.0
2020-08-03T00:00:00,98.59227315972761,101.89175162543194,98.26559232093527,101.49974060058594,3083636.0
2020-08-04T00:00:00,102.25108807433976,102.44709854378296,101.17304544666216,102.02240753173828,3777605.0
2020-08-05T00:00:00,103.10045682133928,104.14582934232183,102.64310572031528,103.55780792236328,2804515.0
2020-08-06T00:00:00,103.55780624568112,104.57051864766315,102.93711476366187,103.6884765625,2832194.0
2020-08-07T00:00:00,103.16579998427224,103.94984193560019,102.28376774328962,103.23114013671875,3272936.0
2020-08-10T00:00:00,103.98250329111615,104.79920535896817,103.59049228025178,104.5378646850586,2452593.0
2020-08-11T00:00:00,105.2565597751726,107.70666582236464,104.73386849120357,107.28197479248047,5120789.0
2020-08-12T00:00:00,107.02063088896934,107.57598226111638,105.9099181751685,106.98796081542969,3902390.0
2020-08-13T00:00:00,106.43260552604703,107.57598837840575,106.07326460519725,106.56328582763672,2831823.0
2020-08-14T00:00:00,106.04058343089686,106.17125374930245,103.91715835591081,104.0478286743164,3930777.0
2020-08-17T00:00:00,104.1458288358117,106.4325942993164,104.1458288358117,106.4325942993164,3537155.0
2020-08-18T00:00:00,105.74656997451532,107.11862323638354,105.06053835882823,106.59593200683594,4882637.0
2020-08-19T00:00:00,106.4979263305664,107.80464935302734,106.3672560222214,107.80464935302734,2297621.0
2020-08-20T00:00:00,106.49794967992456,106.66129009354408,105.12588621771756,105.48523712158203,3077322.0
2020-08-21T00:00:00,106.13857076982292,106.75926218389691,103.72113528003185,104.76651763916016,3634067.0
2020-08-24T00:00:00,105.84457858322907,107.67399304647019,105.84457858322907,107.4453125,3237635.0
2020-08-25T00:00:00,107.57597500159395,108.4253470087731,106.49793243408203,106.49793243408203,3050655.0
2020-08-26T00:00:00,106.20391564441378,107.80464935302734,105.84456481933593,107.80464935302734,2796721.0
2020-08-27T00:00:00,107.80466616826506,109.43807020111757,107.34731503296777,108.2293472290039,4288008.0
2020-08-28T00:00:00,108.65404831914124,108.98072915595796,107.02064413505767,108.00068664550781,3852367.0
2020-08-31T00:00:00,108.45803782314962,110.05877192964994,108.00068664550781,108.00068664550781,4091848.0
2020-09-01T00:00:00,108.55603345975211,109.30740533411199,106.56328841570696,107.90267181396484,2968433.0
2020-09-02T00:00:00,108.45800972840178,110.02607335113073,108.45800972840178,109.27471160888672,3366240.0
2020-09-03T00:00:00,110.74477860204654,112.93354370086271,109.274715169276,109.96074676513672,5618938.0
2020-09-04T00:00:00,109.83007786744699,112.77020477082831,109.50339710040461,111.82282257080078,5305202.0
2020-09-07T00:00:00,111.72484418788525,112.8682270962408,111.39816335692652,111.85551452636719,4176242.0
2020-09-08T00:00:00,111.88816987071236,112.57420151929539,109.66674450049788,110.81012725830078,4495419.0
2020-09-09T00:00:00,110.5487708288531,112.18217468261719,109.27471781681828,112.18217468261719,4227293.0
2020-09-10T00:00:00,112.18217554202134,113.32555824841543,111.8554947687659,113.03154754638672,4177117.0
2020-09-11T00:00:00,112.96622096392974,113.75026288946079,112.37819948928868,113.1622314453125,3822515.0
2020-09-14T00:00:00,114.07693245860321,114.63228380336099,112.37818841338903,112.47618865966797,2855831.0
2020-09-15T00:00:00,112.47619516982276,112.73754579087074,111.0061315735134,111.56149291992188,3821107.0
2020-09-16T00:00:00,111.65949272661966,112.47619472131262,111.2674817508711,112.051513671875,3476564.0
2020-09-17T00:00:00,111.03879672593554,111.65948822296599,110.05875437183283,111.39814758300781,3147513.0
2020-09-18T00:00:00,111.23480944047894,113.48890490660494,111.0061288987605,111.7248306274414,6720474.0
2020-09-21T00:00:00,110.81011732281854,110.87544749284575,107.18395890787178,107.77198028564453,5585644.0
2020-09-22T00:00:00,108.52335644676123,110.12409023566828,108.52335644676123,109.30738830566406,4202095.0
2020-09-23T00:00:00,110.32011176698069,111.8555055678117,109.63408008301037,110.54878234863281,3264399.0
2020-09-24T00:00:00,109.11139117557408,110.09143361128284,107.87000807814589,109.04605102539062,4325262.0
2020-09-25T00:00:00,109.1440629449387,109.6994143520902,107.31464837598243,108.9153823852539,3022624.0
2020-09-28T00:00:00,112.50887063436276,115.12231715302164,112.21485989491511,114.95897674560547,6467101.0
2020-09-29T00:00:00,114.27295737131628,115.318340079386,113.45625524610816,113.7829360961914,3520635.0
2020-09-30T00:00:00,113.16221685707366,114.04425892483455,112.4435251439962,113.06421661376953,3830442.0
2020-10-01T00:00:00,113.68491220915226,114.46894409255549,112.50885939929425,114.20760345458984,3098831.0
2020-10-02T00:00:00,113.1622341479284,113.48891496819928,111.39815971236719,112.99889373779297,3303102.0
2020-10-05T00:00:00,114.46895771899403,117.86643626451638,114.46895771899403,117.50709533691406,4757927.0
2020-10-06T00:00:00,117.70309585396716,120.02253167766762,117.0824042877816,117.50709533691406,5010473.0
2020-10-07T00:00:00,117.47440388043616,118.9117972377607,117.47440388043616,118.81379699707031,3846389.0
2020-10-08T00:00:00,120.08786526813357,120.51254632455415,118.78114205513867,119.3691635131836,3807129.0
2020-10-09T00:00:00,119.23847710019628,120.05517899814282,117.73574361407351,117.96442413330078,3131315.0
2020-10-12T00:00:00,118.02977964240854,119.89186435728666,117.70309881309714,119.63052368164062,3392430.0
2020-10-13T00:00:00,120.21853995165294,120.21853995165294,117.83377398932797,118.1277847290039,3889119.0
2020-10-14T00:00:00,118.61780324415288,119.27116485941177,117.86643140490091,118.29112243652344,3245916.0
2020-10-15T00:00:00,118.12778242742355,118.22578268223702,114.79563419066628,115.57966613769531,4693648.0
2020-10-16T00:00:00,119.49981756159902,120.21851921864314,115.64498859619475,119.40181732177734,12060147.0
2020-10-19T00:00:00,120.8065520034281,123.19132774915576,119.76117945843666,121.03523254394531,5854888.0
2020-10-20T00:00:00,122.14593590952477,122.30927629185082,120.51253208626419,120.61054229736328,4668824.0
2020-10-21T00:00:00,121.36190174543759,121.39457181517867,117.3437324049252,117.57240295410156,4458638.0
2020-10-22T00:00:00,117.60508862170545,119.00981208132862,116.78838661738804,118.91181182861328,3937597.0
2020-10-23T00:00:00,118.25845032916814,120.2512052153566,118.02976977995539,119.85918426513672,2875963.0
2020-10-26T00:00:00,118.22578234926944,118.9444841142344,115.35099522842374,115.51433563232422,3587322.0
2020-10-27T00:00:00,115.64501766268555,116.06969876799387,113.0315709358452,113.48892211914062,4547319.0
2020-10-28T00:00:00,110.77745963776347,110.81012971118231,108.19668334978185,110.25476837158203,6163447.0
2020-10-29T00:00:00,110.05874710649026,113.55423525984372,109.89540672492245,111.7901611328125,5349595.0
2020-10-30T00:00:00,111.92083424697273,114.37094003184733,111.3654729479321,113.12954711914062,3395099.0
2020-11-02T00:00:00,114.14226019282913,118.12776961474175,113.48889864625369,117.2457275390625,5348060.0
2020-11-03T00:00:00,118.87913268652886,120.87188741895888,117.50707940563896,117.6050796508789,5095601.0
2020-11-04T00:00:00,116.29836290717066,121.10057457681437,115.18765019914959,120.02252197265625,6060115.0
2020-11-05T00:00:00,121.19858511936062,123.77936162260991,120.67589380958046,123.5833511352539,5225349.0
2020-11-06T00:00:00,123.94269091697217,125.47809463245301,122.66863781769372,124.17137145996094,5421091.0
2020-11-09T00:00:00,126.6867921971999,130.9989821304431,125.73942000611773,129.267578125,9465516.0
2020-11-10T00:00:00,128.71223231045877,130.05162555429126,126.26212636546273,126.55613708496094,6199468.0
2020-11-11T00:00:00,126.6541531614377,127.56885543539958,125.47810025955309,125.73944091796875,4850698.0
2020-11-12T00:00:00,124.5960548687708,127.50351198886467,123.81202294429143,125.44542694091797,4085854.0
2020-11-13T00:00:00,124.62872627100994,127.1115023662473,124.40004572124201,126.75215148925781,4527733.0
2020-11-16T00:00:00,127.60151660609986,130.54164367089706,127.2748358211224,129.9862823486328,4989990.0
2020-11-17T00:00:00,129.82294344948585,130.73765563964844,128.74490083446213,130.73765563964844,3546712.0
2020-11-18T00:00:00,129.95362167812098,131.9790466793193,129.56161068949064,130.80299377441406,4319897.0
2020-11-19T00:00:00,129.496257759011,131.12966164085904,129.20224705417957,130.57431030273438,3701637.0
2020-11-20T00:00:00,130.11696262408205,131.65236641875373,129.88829203880587,131.26034545898438,3180645.0
2020-11-23T00:00:00,131.32567014927145,132.30571246381825,130.2149575200196,130.31295776367188,3138095.0
2020-11-24T00:00:00,130.80298997463177,132.95908524273972,130.7376597965114,132.8284149169922,3246441.0
2020-11-25T00:00:00,135.1151925209293,135.83388436117696,130.80300160141257,131.1950225830078,4420572.0
2020-11-26T00:00:00,131.32569784877074,131.9790595296104,129.85563406688152,130.41099548339844,2681706.0
2020-11-27T00:00:00,129.33292624872118,131.32568111526714,129.03891552370777,130.6069793701172,3214629.0
2020-11-30T00:00:00,129.95361008922916,130.63964172003782,127.2748336791992,127.27483367919922,13082047.0
2020-12-01T00:00:00,130.99900121839588,131.32568201943926,128.8429059376082,129.62693786621094,4829641.0
2020-12-02T00:00:00,129.36559540599654,129.36559540599654,127.2095001553286,127.30751037597656,5213392.0
2020-12-03T00:00:00,129.30025661337635,129.30025661337635,126.5561398881016,127.34017181396484,3917399.0
2020-12-04T00:00:00,127.34016150536182,127.9281928792863,126.68679995844974,127.50350189208984,2502821.0
2020-12-07T00:00:00,127.43816254583395,127.79751336466997,125.96809917110004,126.19676971435547,3652252.0
2020-12-08T00:00:00,125.77210541443554,127.04615851434278,124.7920630345828,126.94815826416016,4664532.0
2020-12-09T00:00:00,127.50350365275489,127.66684404173843,126.26212068428238,126.8174819946289,3990095.0
2020-12-10T00:00:00,127.30750646780342,127.3401665708434,124.69406017619447,125.2820816040039,3692741.0
2020-12-11T00:00:00,124.69405917600952,126.29479302287905,123.7466769272952,125.31475067138672,4692531.0
2020-12-14T00:00:00,126.26211755528017,127.17681972311762,125.2820752456661,125.64142608642578,3662665.0
2020-12-15T00:00:00,125.6414230717938,128.67955017089844,124.92272140751892,128.67955017089844,5479091.0
2020-12-16T00:00:00,128.90826468045307,129.59429645550466,126.94817959145331,128.41824340820312,5297418.0
2020-12-17T00:00:00,129.16958404258577,129.43093465966962,127.86286086568657,128.2875518798828,3600008.0
2020-12-18T00:00:00,128.28754568502902,129.85560943378547,127.96086490657925,129.59426879882812,7401977.0
2020-12-21T00:00:00,127.34016098208593,127.99352252631317,125.57608680657358,126.49079895019531,3637907.0
2020-12-22T00:00:00,126.62147479212003,127.8301877199967,126.52346457450425,127.11149597167969,1588574.0
2020-12-23T00:00:00,127.4055240034606,127.56886441884966,126.55615184953598,127.04617309570312,1353578.0
2020-12-28T00:00:00,127.73219893032534,128.12421989694255,126.81749663422823,127.86286926269531,1834874.0
2020-12-29T00:00:00,128.058884187651,129.16959700558112,127.86287369754388,128.5162353515625,2034488.0
2020-12-30T00:00:00,128.5162197992867,128.61423001723347,126.62147521972656,126.62147521972656,2886433.0
2021-01-04T00:00:00,127.37284898796605,130.86833772956737,127.14417839699209,129.10426330566406,3238421.0
2021-01-05T00:00:00,128.5488850967579,131.1296612280521,128.38554470908733,131.0643310546875,2562518.0
2021-01-07T00:00:00,133.93912525206514,138.1859755649355,133.3511038119319,137.6632843017578,8105176.0
2021-01-08T00:00:00,139.03534955961499,139.03534955961499,137.33660542298307,137.9246368408203,4884731.0
2021-01-11T00:00:00,138.25131909877072,138.77400040524827,136.42190461757866,137.40194702148438,3347564.0
2021-01-12T00:00:00,137.46728472883115,141.3874545591534,137.46728472883115,141.12611389160156,4476559.0
2021-01-13T00:00:00,141.19144956999307,142.75951346463935,140.47274780273438,140.47274780273438,3196521.0
2021-01-14T00:00:00,140.4727379147545,141.45278027229932,139.68870602261995,140.14605712890625,3216778.0
2021-01-15T00:00:00,139.68871661992128,140.60341890188656,136.94459980451828,137.59796142578125,3035845.0
2021-01-18T00:00:00,137.92463461257304,139.81937922169996,137.92463461257304,139.10067749023438,1892560.0
2021-01-19T00:00:00,139.81938261144302,140.0807232640355,138.57799955736846,138.83934020996094,2697050.0
2021-01-20T00:00:00,140.14607583322834,142.36750148567222,140.08073567953562,141.77947998046875,3702319.0
2021-01-21T00:00:00,142.62884275656268,143.54354503109482,140.9954387166788,141.91014099121094,3043058.0
2021-01-22T00:00:00,141.71412121540814,142.3674827884981,140.73407885577322,142.04080200195312,2409720.0
2021-01-25T00:00:00,143.28220514072547,144.26224756991033,138.83934413451942,139.0353546142578,4092962.0
2021-01-26T00:00:00,139.03534979161603,140.93009443451524,138.51265852027964,139.8193817138672,3002637.0
2021-01-27T00:00:00,139.49269847127937,139.55803861761655,133.939124995842,135.76853942871094,6316044.0
2021-01-28T00:00:00,134.59248714309803,136.87925270135455,131.52168967305488,136.22589111328125,4601086.0
2021-01-29T00:00:00,134.13511584637996,137.00990241362373,133.48175435659684,135.1151580810547,3818725.0
2021-02-01T00:00:00,136.22589559259166,137.46727866294677,135.63787413179332,136.87925720214844,2910194.0
2021-02-02T00:00:00,138.0552956362869,139.5580291748047,137.46726426755947,139.5580291748047,4600021.0
2021-02-03T00:00:00,143.73953089467796,143.73953089467796,137.98994766498976,139.16600036621094,12076720.0
2021-02-04T00:00:00,141.38744070883575,142.17148257370138,139.0353450227582,140.60340881347656,8259325.0
2021-02-05T00:00:00,140.79940910049876,140.86474924101591,136.48721903351648,136.944580078125,6903286.0
2021-02-08T00:00:00,138.05529844194305,138.9046704565847,137.8592879817171,138.5126495361328,3611298.0
2021-02-09T00:00:00,138.51265996410748,139.6233726963334,137.79395821234004,139.29669189453125,4871549.0
2021-02-10T00:00:00,139.95005689369415,139.95005689369415,137.59796104535482,139.0353546142578,5643107.0
2021-02-11T00:00:00,139.23134840423586,140.21139071594234,138.51264672118208,139.5580291748047,3122780.0
2021-02-12T00:00:00,139.2966937232642,139.2966937232642,137.33660888671875,137.33660888671875,5071506.0
2021-02-15T00:00:00,138.25131032295272,139.0353422024077,137.9246295423876,137.98995971679688,3144644.0
2021-02-16T00:00:00,137.98996903320167,138.5780004596236,136.87925629819173,137.8592987060547,3536182.0
2021-02-17T00:00:00,137.85930116330817,140.01539649293906,137.5979605043559,138.5780029296875,4731450.0
2021-02-18T00:00:00,138.51265578497024,139.1660173688616,136.68324135617308,137.2059326171875,4825776.0
2021-02-19T00:00:00,137.6632899548708,141.45278930664062,137.27127896851965,141.45278930664062,5965841.0
2021-02-22T00:00:00,140.99544355782564,141.77947552998862,140.146071434021,141.12611389160156,3737072.0
2021-02-23T00:00:00,141.58343995964162,141.77945041033124,138.38197248656545,139.3620147705078,4662564.0
2021-02-24T00:00:00,139.36202629856896,144.98092987626563,139.36202629856896,144.71958923339844,8776323.0
2021-02-25T00:00:00,145.1116194489411,145.895651397198,142.30216249563898,142.36749267578125,4421489.0
2021-02-26T00:00:00,140.79942177443982,143.08618732530078,139.8193793954994,141.32211303710938,4908301.0
2021-03-01T00:00:00,142.4981613851238,144.00088500976562,142.30215092162513,144.00088500976562,3589207.0
2021-03-02T00:00:00,143.87023825322336,146.2223442614155,143.34754692145754,144.85028076171875,3978975.0
2021-03-03T00:00:00,145.69964077143155,148.11707676342382,145.69964077143155,147.9210662841797,5430337.0
2021-03-04T00:00:00,146.94100550816685,147.92104781249745,146.61432474005665,147.07168579101562,4731237.0
2021-03-05T00:00:00,146.35299145670936,148.37841630842172,145.83030020760555,146.67967224121094,3831499.0
2021-03-08T00:00:00,147.65973006620715,151.12254873865243,146.61434745846643,150.79586791992188,5472389.0
2021-03-09T00:00:00,150.92652828055225,153.8013153076172,150.79585795559598,153.8013153076172,4690779.0
2021-03-10T00:00:00,153.8013242210453,155.63073878497553,152.88662192383384,155.10804748535156,5200426.0
2021-03-11T00:00:00,155.50004860350447,155.50004860350447,152.69059194996012,154.4546661376953,5804710.0
2021-03-12T00:00:00,154.19332802220393,155.17337036132812,153.14794553933567,155.17337036132812,4599421.0
2021-03-15T00:00:00,154.97737010227766,157.3294758588251,153.6053167188807,154.0626678466797,4834242.0
2021-03-16T00:00:00,154.84670682029324,156.21877023561777,154.781366669275,155.10804748535156,4444078.0
2021-03-17T00:00:00,155.10802962921673,155.76139118615447,153.93198680233377,154.7160186767578,4879189.0
2021-03-18T00:00:00,155.82672514250322,156.41474653259715,154.7813427051076,156.02273559570312,5206128.0
2021-03-19T00:00:00,154.8466912698644,155.8267336196737,152.23324500370637,153.21328735351562,7994832.0
2021-03-22T00:00:00,152.55992778895063,153.80131079386328,151.84122606852344,153.14794921875,3436673.0
2021-03-23T00:00:00,142.4328328254306,143.73955606236117,141.19144973814943,142.36749267578125,14403167.0
2021-03-24T00:00:00,141.77945207000306,147.26768493652344,141.1914306805565,147.26768493652344,8103925.0
2021-03-25T00:00:00,147.00634966469337,147.52904090184683,144.9155946855856,146.94100952148438,4833407.0
2021-03-26T00:00:00,148.0517290950092,150.01181371690515,147.7250483246932,149.4237823486328,4212302.0
2021-03-29T00:00:00,150.33850653111585,150.4038367087092,146.28765667907177,146.35299682617188,5588226.0
2021-03-30T00:00:00,145.04624607020992,146.0916284080674,142.432800195071,145.30758666992188,7928538.0
2021-03-31T00:00:00,145.30760273634345,146.02630441927425,143.8702093399878,144.3275604248047,5626391.0
2021-04-01T00:00:00,144.60796516668245,149.37449250500353,144.04719535703387,147.4468536376953,5375745.0
2021-04-06T00:00:00,150.35581353738743,150.35581353738743,148.3230352550594,148.8487548828125,5752892.0
2021-04-07T00:00:00,149.19926205812067,149.51469175359122,145.79960356212797,147.20152282714844,6099571.0
2021-04-08T00:00:00,149.1641951837343,150.91659406818655,147.97256608146557,148.2178955078125,6800975.0
2021-04-09T00:00:00,148.3580925816223,148.6034327158389,146.57065418813815,148.3931427001953,4368091.0
2021-04-12T00:00:00,148.39313252740018,148.5333222962873,144.5028049399684,144.95843505859375,6297912.0
2021-04-13T00:00:00,144.9584561962259,146.18513557049994,144.2574965537836,146.15008544921875,4752053.0
2021-04-14T00:00:00,146.15007555362556,146.4304551133003,142.85556759637183,143.0308074951172,6948144.0
2021-04-15T00:00:00,143.6967260080217,147.06133441468566,143.6967260080217,146.8159942626953,6048944.0
2021-04-16T00:00:00,147.02627422517773,151.82785170226774,146.53560465059348,151.75775146484375,7910926.0
2021-04-19T00:00:00,152.1082231704553,152.59889271894312,148.0777057362151,148.2178955078125,4265951.0
2021-04-20T00:00:00,148.21790563668733,150.1104944220722,142.5050891612897,143.27613830566406,7636495.0
2021-04-21T00:00:00,143.4163227902803,144.9233814875285,141.278394104389,142.99574279785156,7339263.0
2021-04-22T00:00:00,150.14555185998302,151.40728134367265,146.53561401367188,146.53561401367188,11201439.0
2021-04-23T00:00:00,148.11275585306294,149.97029439226475,146.07996672962196,148.2178955078125,6986980.0
2021-04-26T00:00:00,149.23430148311004,149.2693516038946,146.11503325759855,147.20152282714844,4287703.0
2021-04-27T00:00:00,147.5870276034294,148.4281768798828,146.43043798948676,148.4281768798828,6164178.0
2021-04-28T00:00:00,148.60345010176633,148.67355034711375,146.22019150109404,147.6571502685547,3737246.0
2021-04-29T00:00:00,147.90245621429517,148.11274620589123,144.6079486652681,144.74813842773438,5126365.0
2021-04-30T00:00:00,145.09862414929577,146.74588333945312,144.9934844970703,144.9934844970703,3313001.0
2021-05-03T00:00:00,145.23882517730846,147.41180418864292,144.15233567164123,147.09637451171875,4088785.0
2021-05-04T00:00:00,147.5519973669667,149.02401682091707,145.0285385018503,145.34397888183594,5409185.0
2021-05-05T00:00:00,146.5706450874138,149.5847625732422,146.2552047356372,149.5847625732422,5219248.0
2021-05-06T00:00:00,149.79506446077824,150.39088439941406,148.60343527930127,150.39088439941406,4188326.0
2021-05-07T00:00:00,152.00310684152817,153.5452159573336,151.6175768886279,152.3886260986328,4721249.0
2021-05-10T00:00:00,153.33490388415717,154.70177288819426,152.24841442604776,154.63168334960938,3566370.0
2021-05-11T00:00:00,153.01948961111225,153.08957915674645,150.2857406322947,150.91661071777344,4865779.0
2021-05-12T00:00:00,150.7063120782513,153.36996066344443,150.25069262237906,151.75775146484375,2652509.0
2021-05-14T00:00:00,153.86060976870522,154.98214924351416,151.86287092163712,154.8769989013672,5092368.0
2021-05-17T00:00:00,155.61303183330432,155.61303183330432,153.05453356120978,153.7554931640625,3389905.0
2021-05-18T00:00:00,154.63167871895646,156.4541671044977,152.87927986990118,154.0008087158203,4586504.0
2021-05-19T00:00:00,152.10821229656446,152.42364193405768,147.83235504585528,148.8487548828125,6182854.0
2021-05-20T00:00:00,149.654884672614,150.60118447462315,148.28801549977496,149.79507446289062,3984066.0
2021-05-21T00:00:00,150.11050416496187,150.8114638121404,148.88382478239947,149.79507446289062,4012633.0
2021-05-24T00:00:00,149.7950685407867,150.2506987109168,148.91886901645384,149.2342987060547,2154752.0
2021-05-25T00:00:00,149.23430008002143,150.7764198136812,148.53334045410156,148.53334045410156,3612543.0
2021-05-26T00:00:00,148.60342477926838,149.54972445122752,147.6220856864021,148.88380432128906,3503721.0
2021-05-27T00:00:00,148.91886549209735,154.77188245443966,148.25295600852297,154.0709228515625,10943715.0
2021-05-28T00:00:00,154.9821598220241,155.1924391290847,153.0545210714805,153.6152801513672,3184853.0
2021-05-31T00:00:00,153.61528805364543,154.0358680809898,152.17832946777344,152.17832946777344,2618181.0
2021-06-01T00:00:00,153.33489014534973,155.40271852472267,153.01946051049507,154.8769989013672,2892977.0
2021-06-02T00:00:00,158.206575420009,160.6949840737228,157.19018616589895,160.23936462402344,7562452.0
2021-06-03T00:00:00,160.48468013345396,160.65992001363807,159.04771097678554,160.16925048828125,4815740.0
2021-06-04T00:00:00,160.5898464488993,161.22070580198053,159.6435467234829,159.81878662109375,3073288.0
2021-06-07T00:00:00,159.9940138840862,160.51973353540302,159.04771423339844,159.04771423339844,2536254.0
2021-06-08T00:00:00,159.0477215125564,159.3982012961414,158.24162228862858,158.90753173828125,626183.0
2021-06-09T00:00:00,159.047728114518,159.3982079126512,157.7159091599298,158.48696899414062,2870657.0
2021-06-10T00:00:00,158.66221298572006,158.66221298572006,157.40048354073681,157.64581298828125,2140390.0
2021-06-11T00:00:00,157.71591186523438,158.62716149517024,156.7345726919464,157.71591186523438,2377953.0
2021-06-14T00:00:00,158.5921020292635,159.99402116322383,157.33037266954037,158.27667236328125,2489153.0
2021-06-15T00:00:00,159.18793935962302,159.99403867154487,157.47057967595373,157.85610961914062,2579677.0
2021-06-16T00:00:00,157.92617928259926,158.55703856144618,156.69950014366887,157.5406494140625,3399488.0
2021-06-17T00:00:00,157.01494834850186,158.45191764888588,156.41912841796875,156.41912841796875,2899390.0
2021-06-18T00:00:00,156.3841004449696,157.61077981875553,154.2461713972122,154.4915008544922,5292921.0
2021-06-21T00:00:00,152.73908333445834,155.47283202678483,151.44231457027513,154.98216247558594,3653870.0
2021-06-22T00:00:00,155.2625534022661,155.542932967564,151.61756557441927,153.05453491210938,5295578.0
2021-06-23T00:00:00,153.05452492183218,153.5101443596505,150.5661163330078,150.5661163330078,4595970.0
2021-06-24T00:00:00,150.7063127354432,152.00309226287996,150.4259331761137,151.0918426513672,3142418.0
2021-06-28T00:00:00,152.10823065725017,152.10823065725017,148.3931427001953,148.3931427001953,4732467.0
2021-06-29T00:00:00,148.5333343766112,151.33717276556695,147.97257525545578,150.74136352539062,4370561.0
2021-06-30T00:00:00,152.2447460630035,153.4181092262833,149.78799840623833,150.99803161621094,7576583.0
2021-07-01T00:00:00,152.02471475406372,152.79474086156225,150.99800954735719,152.4647216796875,4040761.0
2021-07-02T00:00:00,152.79476577336632,153.34478291266552,151.14471435546875,151.14471435546875,3652003.0
2021-07-05T00:00:00,152.68475260579442,153.96812590539423,150.66802313499468,153.8214569091797,3730867.0
2021-07-06T00:00:00,154.00478458166577,155.36149787426908,152.61141243531077,152.6480712890625,3448529.0
2021-07-07T00:00:00,153.74811300956316,155.61817343784998,153.38143493304128,155.25149536132812,3903754.0
2021-07-08T00:00:00,154.59148312696502,154.73815212317956,152.648082559209,153.8214569091797,4346953.0
2021-07-09T00:00:00,154.44480564923876,156.13151579826925,152.97809338738512,155.43482971191406,3792639.0
2021-07-12T00:00:00,156.20484968008986,156.27818976631872,153.60143328072982,155.76483154296875,3129498.0
2021-07-13T00:00:00,156.13152393165598,157.78157531219776,155.61817685129063,156.64488220214844,3885395.0
2021-07-14T00:00:00,156.20485213812094,157.74490445215292,155.32482704015678,156.8648681640625,2517853.0
2021-07-15T00:00:00,157.04820623675573,157.6348933618706,155.32482609500565,155.6181640625,3102044.0
2021-07-16T00:00:00,155.6915129573884,157.04821512146032,152.72141831044442,153.30810546875,4573983.0
2021-07-19T00:00:00,152.61141199704088,152.79475102577825,147.58791813358633,147.88125610351562,5523548.0
2021-07-20T00:00:00,143.00444105118794,144.76449123422904,140.92171239022656,144.19247436523438,10977717.0
2021-07-21T00:00:00,145.9378682717939,151.07136112557558,145.21918240549982,150.81468200683594,7158725.0
2021-07-22T00:00:00,151.0713636902059,153.19809200396887,150.70468562299666,150.96136474609375,4358740.0
2021-07-23T00:00:00,151.80471115477349,153.63810138611132,151.21802404272017,153.27142333984375,2534645.0
2021-07-26T00:00:00,152.61141967773438,153.45477477632053,152.13473146495048,152.61141967773438,2363662.0
2021-07-27T00:00:00,152.17138808252705,152.57473616848182,149.82465084168916,149.89797973632812,3409369.0
2021-07-28T00:00:00,149.89798106444158,150.6680072007912,148.57794904798615,149.49464416503906,3167765.0
2021-07-29T00:00:00,150.26467140859296,150.8513585695452,149.27464731522997,149.78799438476562,2380606.0
2021-07-30T00:00:00,148.94463688937626,149.67799303124391,147.91793157668548,148.68795776367188,3990545.0
2021-08-02T00:00:00,149.53130301762042,152.17138943078317,149.31130514162848,149.49464416503906,3889755.0
2021-08-03T00:00:00,149.49464974161154,149.71464762581002,147.91792736738878,148.4312744140625,4144005.0
2021-08-04T00:00:00,149.42131781795058,150.26467292712994,149.05463973741573,149.64132690429688,2932957.0
2021-08-05T00:00:00,149.64131233128086,150.044660418614,148.24792904686873,148.50460815429688,2662131.0
2021-08-06T00:00:00,148.5046064801025,149.0912935832342,147.69791031453065,148.3946075439453,2312745.0
2021-08-09T00:00:00,148.1012713817197,148.17461147233823,146.52456014456192,147.55125427246094,2283760.0
2021-08-10T00:00:00,147.5512483706727,147.91792642884542,147.00123128341363,147.1845703125,1954077.0
2021-08-11T00:00:00,148.1746033181018,148.72462039709242,147.33123708290714,148.4679412841797,3028351.0
2021-08-12T00:00:00,148.46793177170588,149.45796692650703,148.10125374253886,148.57794189453125,2765728.0
2021-08-13T00:00:00,148.72462947309208,149.53131452409772,148.17461236053637,148.79795837402344,2149271.0
2021-08-16T00:00:00,148.21128030647097,148.2479391613539,146.81789692699272,147.00123596191406,3145493.0
2021-08-17T00:00:00,146.6712273987127,147.00123542233447,145.8645311719691,146.0698699951172,2794871.0
2021-08-18T00:00:00,145.95253811874326,145.98186743988427,142.7697640538156,144.28048706054688,5253811.0
2021-08-19T00:00:00,142.47642860561578,142.9311058271765,139.68967306255064,140.17369079589844,5262451.0
2021-08-20T00:00:00,140.1443647065046,141.50840759277344,138.98566064697502,141.50840759277344,4277237.0
2021-08-23T00:00:00,142.63779156678535,143.51781683457017,141.52308692618945,143.2684783935547,3304711.0
2021-08-24T00:00:00,144.28049775568675,144.61783532938293,143.44447216461617,143.70848083496094,2637340.0
2021-08-25T00:00:00,143.73779254225545,144.30980939287682,142.44708986215804,144.1778106689453,1843035.0
2021-08-26T00:00:00,143.13643850003,144.632491213357,142.7844307045932,144.39781188964844,2447072.0
2021-08-27T00:00:00,144.47115110729817,145.48318610198658,144.03113297305296,145.27784729003906,2415494.0
2021-08-30T00:00:00,145.4245186431548,146.39254288810548,143.70846803383802,144.80850219726562,2174696.0
2021-08-31T00:00:00,145.26317005236672,145.48317910891396,142.59375443523646,143.1071014404297,3740201.0
2021-09-01T00:00:00,143.37114237720536,145.395201535261,142.60845682478856,143.01913452148438,3132421.0
2021-09-02T00:00:00,142.65244850139106,142.93111624291618,140.80438777856176,141.05372619628906,4471918.0
2021-09-03T00:00:00,141.53772185674737,144.0311280248056,141.00970458984375,141.00970458984375,4928822.0
2021-09-06T00:00:00,141.53772713828087,142.32975306819102,141.288388750196,141.7577362060547,2115899.0
2021-09-07T00:00:00,141.7577447525785,143.92847267050007,141.22972743413774,142.72576904296875,3549001.0
2021-09-08T00:00:00,142.27110775124058,142.27110775124058,139.58702128019988,139.70436096191406,4092163.0
2021-09-09T00:00:00,138.67764917135278,139.8363420137219,137.19626665004483,138.60430908203125,4637236.0
2021-09-10T00:00:00,139.11766872502596,140.4230418641554,138.2963133629115,139.57235717773438,2725945.0
2021-09-13T00:00:00,139.41100376042334,140.36435777028794,138.73630627849022,139.30833435058594,2930999.0
2021-09-14T00:00:00,139.46966921312838,141.09772078442091,139.20567173790718,140.36436462402344,4122768.0
2021-09-15T00:00:00,140.36433939882795,140.76035792074427,139.14697689583963,139.60165405273438,3284061.0
2021-09-16T00:00:00,140.0123342038884,142.0510631055558,139.51365746655978,140.70169067382812,3516632.0
2021-09-17T00:00:00,141.3910473286344,142.7697490801913,139.95366456069718,140.2030029296875,6106950.0
2021-09-20T00:00:00,138.88298612810775,138.88298612810775,135.56821331954418,136.11090087890625,4566823.0
2021-09-21T00:00:00,136.18422003867425,137.18158474204833,134.23349020573113,134.2921600341797,3301513.0
2021-09-22T00:00:00,134.2921735675961,140.0856938218242,133.47081826679482,139.6456756591797,5427121.0
2021-09-23T00:00:00,141.53774299711836,143.72314128425273,141.14173558285495,142.94578552246094,5133765.0
2021-09-24T00:00:00,141.80174234322857,142.82843645351366,140.81904781050903,141.74307250976562,3925142.0
2021-09-27T00:00:00,142.65244272238527,145.80587643395242,142.57910263067077,145.453857421875,4965750.0
2021-09-28T00:00:00,145.45385590796602,146.74456989189545,143.97248454386775,144.03114318847656,5697034.0
2021-09-29T00:00:00,144.54449303219343,145.30717845911323,142.9604411569068,143.1217803955078,3874076.0
2021-09-30T00:00:00,143.94313511197066,145.0431692673139,143.3271186706087,144.51515197753906,3486473.0
2021-10-01T00:00:00,141.72840594924904,143.1217893525398,140.5843721422089,142.6377716064453,2980788.0
2021-10-04T00:00:00,142.2710894389656,144.99917514197443,141.17105524227256,143.1951141357422,3170179.0
2021-10-05T00:00:00,142.63776181967137,143.4444580078125,139.95367580108484,143.4444580078125,3808384.0
2021-10-06T00:00:00,143.7378082582745,144.94051192058558,141.44974060561609,142.16842651367188,5368509.0
2021-10-07T00:00:00,143.7378008740331,146.74456547040782,143.28312365619038,145.08717346191406,3973976.0
2021-10-08T00:00:00,145.46850157016945,146.02584812073815,144.25112788300964,144.4564666748047,2579763.0
2021-10-11T00:00:00,143.73778703694452,143.9724663462242,143.0191012349949,143.37110900878906,3680076.0
2021-10-12T00:00:00,141.90441699383751,143.62046772301625,141.2884005049211,143.5031280517578,5409002.0
2021-10-13T00:00:00,143.44447279437065,145.8645392280074,142.41776743179918,144.89651489257812,4168677.0
2021-10-14T00:00:00,145.8645383934045,146.09921774012167,143.4444719736148,144.66183471679688,4179835.0
2021-10-15T00:00:00,145.5418805201241,147.7712785079526,144.9258527900851,147.2946014404297,4304812.0
2021-10-18T00:00:00,146.89124003967058,148.6512903350824,146.37789296935273,146.70790100097656,3837122.0
2021-10-19T00:00:00,147.6245895185237,148.9446327754506,146.89123339691167,147.47792053222656,3273249.0
2021-10-20T00:00:00,146.8545561425598,147.77125124956706,145.0578359708508,147.5145721435547,4438347.0
2021-10-21T00:00:00,147.51458302166853,148.76129741123503,143.91381288030942,147.00123596191406,6281900.0
2021-10-22T00:00:00,148.13792378348063,149.934643888374,146.85455068139603,148.57794189453125,4472560.0
2021-10-25T00:00:00,148.65128959472878,149.05463771587213,145.0285084177579,145.71786499023438,4204522.0
2021-10-26T00:00:00,146.45120645379336,147.40457159266657,145.27784344374803,145.89385986328125,3058346.0
2021-10-27T00:00:00,145.62987370273322,146.0845509601599,144.69117867377838,145.49786376953125,3114853.0
2021-10-28T00:00:00,145.32185190394782,147.73458862304688,144.5004854375539,147.73458862304688,3182492.0
2021-10-29T00:00:00,147.1478956429929,148.1379308449875,145.4685151130096,146.612548828125,3342647.0
2021-11-01T00:00:00,147.0379058506054,147.77126198951115,146.45121870145545,146.74456787109375,1940777.0
2021-11-02T00:00:00,146.52456597622756,148.0646072293696,145.8792089615049,147.91793823242188,2027988.0
2021-11-03T00:00:00,147.91793544973228,149.64132690429688,147.07458034055293,149.64132690429688,3084705.0
2021-11-04T00:00:00,150.59468273566685,152.09805381975872,149.71464644530656,150.00799560546875,2760519.0
2021-11-05T00:00:00,150.00798752256188,151.21802057141744,149.64130948471163,150.9246826171875,1328713.0
2021-11-08T00:00:00,150.8880293430364,151.80472453953115,150.00800419242682,150.7780303955078,2145579.0
2021-11-09T00:00:00,150.26466942975352,151.65805281743144,150.0446715386546,150.3746795654297,2511023.0
2021-11-10T00:00:00,150.26466596632395,151.291371258337,149.38464085183168,151.1080322265625,2535401.0
2021-11-11T00:00:00,150.70468427834575,152.28139547722677,150.4846752019579,151.3647003173828,2984505.0
2021-11-12T00:00:00,151.36470257395092,152.90475494149868,151.2180335842146,152.20806884765625,2221510.0
2021-11-15T00:00:00,152.17138372927164,152.86806975410346,151.91470463006362,152.4647216796875,1368791.0
2021-11-16T00:00:00,152.53807626448184,156.16818689909684,152.20806824135803,155.72817993164062,2531303.0
2021-11-17T00:00:00,155.43481233912405,156.7181854248047,154.4447883871027,156.7181854248047,2446772.0
2021-11-18T00:00:00,156.57151689147204,156.938194916979,154.92146577669072,155.32481384277344,2005451.0
2021-11-19T00:00:00,155.4714943906566,157.56156376771352,152.4280710283994,153.67477416992188,3318931.0
2021-11-22T00:00:00,154.0047956194891,155.17816996692653,153.6381175346808,154.5181427001953,2429939.0
2021-11-23T00:00:00,153.30809834357555,154.15145340123172,151.6213770381369,152.3914031982422,2647830.0
2021-11-24T00:00:00,152.39140865098327,153.67478190037056,149.9713311426848,151.0713653564453,2617357.0
2021-11-25T00:00:00,151.51138275381385,153.01475388626923,150.88802555977625,152.20806884765625,1894724.0
2021-11-26T00:00:00,147.40458853901742,147.88126556819233,144.82317171594437,145.74720764160156,6572105.0
2021-11-29T00:00:00,146.6125722066688,147.3312581594599,144.7058527741435,145.439208984375,4051410.0
2021-11-30T00:00:00,142.56442783444726,145.3805238907557,140.83370691229086,143.3124542236328,8750819.0
2021-12-01T00:00:00,145.1751702314662,149.0546188563982,144.0897952082415,148.57794189453125,4020987.0
2021-12-02T00:00:00,147.25792324411043,147.331252148065,145.54187246781748,146.64190673828125,3866620.0
2021-12-03T00:00:00,147.9179377046539,148.3212858374164,144.55916509293695,144.60316467285156,2803035.0
2021-12-06T00:00:00,145.717866897951,147.8446064781285,144.67650249253734,147.25791931152344,3345278.0
2021-12-07T00:00:00,148.57797017307018,150.74136871888578,148.21129207411408,150.11801147460938,3511627.0
2021-12-08T00:00:00,150.33801976095867,151.21804495568026,148.0646110836444,148.87130737304688,3594844.0
2021-12-09T00:00:00,150.3380060356155,151.2180311499938,147.9912686672312,148.98129272460938,6746113.0
2021-12-10T00:00:00,148.13794005896403,148.8712961978698,146.4365484454419,146.74456787109375,4129629.0
2021-12-13T00:00:00,147.40459934540453,148.5779737664937,145.8205472339725,146.18722534179688,3390634.0
2021-12-14T00:00:00,146.70789916123138,147.14790613450313,144.14848218471283,144.41249084472656,4646301.0
2021-12-15T00:00:00,144.76451416104928,145.76187907342876,144.32450714066678,144.47117614746094,4591118.0
2021-12-16T00:00:00,146.6712208126822,147.8812539083364,145.98186428444242,146.08453369140625,4016079.0
2021-12-17T00:00:00,145.67385951412479,146.23120613796945,144.42715634571158,145.35118103027344,5136436.0
2021-12-20T00:00:00,144.9111656738046,144.9111656738046,142.1977392296408,143.88446044921875,4313433.0
2021-12-21T00:00:00,145.20450625648365,147.11123657226562,145.05783727606794,147.11123657226562,3735886.0
2021-12-22T00:00:00,147.62459524798066,148.79795837402344,146.46589118804806,148.79795837402344,2187714.0
2021-12-23T00:00:00,149.60464771840353,152.3914031982422,149.56797767456493,152.3914031982422,3178446.0
2021-12-27T00:00:00,152.1347509689691,153.63813351104073,151.65807388520093,153.12478637695312,2136498.0
2021-12-28T00:00:00,153.23475603050164,154.15145116252202,153.1980859871956,153.67477416992188,1949638.0
2021-12-29T00:00:00,153.45477882357974,153.93145585880882,152.97810178835064,153.8214569091797,1473917.0
2021-12-30T00:00:00,153.82144799907886,154.188126063439,153.12476191481989,153.74810791015625,1854840.0
2022-01-03T00:00:00,153.74810599815126,157.3415576982685,153.5647669682512,156.46153259277344,3226339.0
2022-01-04T00:00:00,157.30488967895508,161.88836548545143,157.08488060221796,161.33834838867188,5021640.0
2022-01-05T00:00:00,158.80826957564102,160.23831176757812,158.51492041439346,160.23831176757812,2415201.0
2022-01-07T00:00:00,158.58827143270625,160.67834098891066,158.58827143270625,159.9816436767578,3803570.0
2022-01-10T00:00:00,160.60500429682637,161.92504766605862,155.98485809957714,156.60821533203125,4316984.0
2022-01-11T00:00:00,157.19489249948077,160.4949951171875,156.2048572381181,160.4949951171875,4706662.0
2022-01-12T00:00:00,161.33835625543338,161.66836429156683,159.24828670970993,161.11834716796875,3368360.0
2022-01-13T00:00:00,161.04500164447663,163.46506778643698,160.56831347247999,163.39173889160156,3649182.0
2022-01-14T00:00:00,161.63169178916922,164.1617794713751,160.64166769581317,162.14505004882812,3383926.0
2022-01-17T00:00:00,162.145039906924,163.0983938949413,161.228344772195,161.5216827392578,2455972.0
2022-01-18T00:00:00,160.78832192263278,160.93499090186887,157.59821847115052,158.6249237060547,3737612.0
2022-01-19T00:00:00,157.67157309236288,162.58505708558786,157.26822496968262,160.018310546875,4708084.0
2022-01-20T00:00:00,160.89831612706337,161.30166420069335,157.7448940007983,158.80825805664062,4203215.0
2022-01-21T00:00:00,157.6715634774829,157.92824259175254,155.94817214481807,157.74490356445312,3409483.0
2022-01-24T00:00:00,156.57152518722654,157.63488927951275,150.26465833829494,151.58470153808594,5087378.0
2022-01-25T00:00:00,153.41810520149835,154.44481053132654,150.96136879931058,152.17140197753906,4882708.0
2022-01-26T00:00:00,153.30810023251732,158.7349310837054,152.97809221415645,157.0115509033203,4425557.0
2022-01-27T00:00:00,154.51814539193245,160.20165580546913,153.67479025823278,157.30490112304688,4477988.0
2022-01-28T00:00:00,155.28816611179937,155.32483615764335,150.11800297135042,151.73138427734375,8945455.0
2022-01-31T00:00:00,154.00479356781776,154.00479356781776,151.51138710038958,152.72142028808594,4384573.0
2022-02-01T00:00:00,154.51814856143895,155.76485185905224,153.1614463102615,154.88482666015625,3487135.0
2022-02-02T00:00:00,156.93822372484686,157.30490181766191,155.5081814008936,155.91152954101562,3348033.0
2022-02-03T00:00:00,155.47149958657968,155.47149958657968,151.8047189359528,153.05142211914062,3055688.0
2022-02-04T00:00:00,153.82145013004083,154.18812819948073,149.67799242142053,150.08132934570312,3741069.0
2022-02-07T00:00:00,151.14468530408092,152.0613803600491,149.71463206467044,151.9513702392578,2231794.0
2022-02-08T00:00:00,151.76804408841775,153.5281054590939,151.2180270082301,152.97808837890625,2985586.0
2022-02-09T00:00:00,154.00479254321516,157.41489418776416,153.71145455727884,156.93821716308594,3165453.0
2022-02-10T00:00:00,157.34156836744106,159.32162778660242,156.90155018979317,159.02828979492188,3098527.0
2022-02-11T00:00:00,157.34156836744106,159.6516358247748,156.64488224460447,159.02828979492188,3096530.0
2022-02-14T00:00:00,154.73813500693336,155.5814900344753,150.81467544895366,154.664794921875,6548709.0
2022-02-15T00:00:00,154.4448002973909,157.41488357262347,154.1881211844104,156.75486755371094,2913698.0
2022-02-16T00:00:00,157.8915746660573,160.34831095074557,156.86486938533383,157.41488647460938,3221551.0
2022-02-17T00:00:00,157.59822416335828,158.62492943534548,153.27142757392477,153.52810668945312,3875491.0
2022-02-18T00:00:00,153.27144654585052,153.6014545994309,150.0813425842758,150.66802978515625,4292739.0
2022-02-21T00:00:00,150.8513551027541,151.62138128442461,144.98450600831444,146.62722778320312,4212600.0
2022-02-22T00:00:00,142.53509858332026,147.7345908852502,141.65507346096865,146.4512176513672,4185436.0
2022-02-23T00:00:00,146.61255660801078,148.6879558049718,142.87244704783095,143.2537841796875,4359725.0
2022-02-24T00:00:00,135.77354238494976,139.44032273583434,134.57083887746464,135.80287170410156,7369649.0
2022-02-25T00:00:00,137.13758715134827,139.2643153102654,134.0428235942201,138.8536376953125,5635491.0
2022-02-28T00:00:00,135.6708794253436,136.85891273460626,130.97740482938215,134.77618408203125,7515737.0
2022-03-01T00:00:00,132.97213980949815,135.80288374892896,128.80667114257812,128.80667114257812,6016235.0
2022-03-02T00:00:00,127.06127243225082,129.76002866884318,124.0838484900701,129.08534240722656,7158420.0
2022-03-03T00:00:00,128.1319694547527,129.90668974606135,125.78523234187035,126.00524139404297,4465416.0
2022-03-04T00:00:00,124.23052470227219,124.23052470227219,119.17037185051629,120.40240478515625,7394428.0
2022-03-07T00:00:00,114.38889636674114,122.08913642796537,111.91016003250995,118.36368560791016,12119996.0
2022-03-08T00:00:00,115.78227069614516,123.49716921420335,115.16624303547427,120.57841491699219,7508397.0
2022-03-09T00:00:00,125.3452266439273,126.50393065593889,123.21849837271857,126.07858276367188,6343661.0
2022-03-10T00:00:00,126.87061283870615,127.31063100090263,122.76381395862799,123.95185852050781,5808511.0
2022-03-11T00:00:00,123.95185132516332,128.2053189490197,123.95185132516332,126.59192657470703,5653288.0
2022-03-14T00:00:00,129.01200803341925,131.5200846355036,128.131982922357,128.83599853515625,5404308.0
2022-03-15T00:00:00,127.19329004267058,128.67467257091033,124.347864653604,127.57463836669922,5006114.0
2022-03-16T00:00:00,133.06014575767082,135.67089194191655,130.31738964348037,135.12820434570312,6719893.0
2022-03-17T00:00:00,136.4629113267234,136.53624022635333,133.9108351029941,135.1428680419922,4863192.0
2022-03-18T00:00:00,135.67088245690294,135.90556178700797,133.0307959438532,134.48284912109375,5394451.0
2022-03-21T00:00:00,134.6148531143988,135.8175567528904,133.7494982285901,134.67352294921875,3608437.0
2022-03-22T00:00:00,135.02553907658003,135.4508870126025,134.20418371881388,134.57086181640625,3709061.0
2022-03-23T00:00:00,134.98153651316255,135.7295629489607,131.97478289340924,133.29481506347656,2658732.0
2022-03-24T00:00:00,133.48549462449506,134.67352805176247,132.1654512663495,133.23614501953125,3550578.0
2022-03-25T00:00:00,133.23613324610412,133.617481558121,129.7453621764724,129.98004150390625,3534430.0
2022-03-28T00:00:00,131.03605547820965,133.76414091763294,130.78671710334714,131.857421875,2761285.0
2022-03-29T00:00:00,134.20417628369376,138.01762604935803,132.92813254632117,136.4775848388672,4877261.0
2022-03-30T00:00:00,136.47759645764546,136.917603473762,131.68144053206788,131.76943969726562,5078064.0
2022-03-31T00:00:00,132.64944410863168,133.32413032268073,128.77732511227416,129.51068115234375,4566663.0
2022-04-01T00:00:00,129.80404847778433,129.87738857444432,127.70664928076418,128.14666748046875,4037851.0
2022-04-04T00:00:00,128.1466563741783,128.5133344454434,125.00789297935904,127.03195190429688,4986363.0
2022-04-05T00:00:00,126.225252997273,127.67730618561109,124.2011941152166,124.30386352539062,6006252.0
2022-04-06T00:00:00,125.46257324526543,126.76794631537186,124.1278596622763,124.89055633544922,11072259.0
2022-04-07T00:00:00,124.01719455957792,126.46260553133571,123.47730476688224,123.68373107910156,8051309.0
2022-04-08T00:00:00,123.3820125686589,126.93898035201073,121.00012034057721,126.27204132080078,7344308.0
2022-04-11T00:00:00,126.09738283245073,126.24029055376,123.27086049005126,123.2867431640625,4733565.0
2022-04-12T00:00:00,122.19106338688475,124.44593051353837,121.30182752083716,123.62020111083984,4649402.0
2022-04-13T00:00:00,123.63609041811233,123.731362233178,121.66706284552721,122.1275634765625,4918301.0
2022-04-14T00:00:00,122.39749848136391,122.57217153817007,120.79368773929362,121.09539794921875,2468697.0
2022-04-19T00:00:00,121.47651393921296,125.68452632218505,120.41260489464915,125.28754425048828,5581495.0
2022-04-20T00:00:00,125.28753584016209,128.0505274815162,124.20774419303407,127.59002685546875,4516648.0
2022-04-21T00:00:00,127.8282421442977,132.67142883548956,127.51066129550239,130.35304260253906,6234849.0
2022-04-22T00:00:00,132.98897585254505,133.35420463918678,129.05090890867075,129.4161376953125,8655759.0
2022-04-25T00:00:00,129.13032048670362,131.52809545619195,126.17677307128905,126.17677307128906,6259804.0
2022-04-26T00:00:00,128.2251930380071,128.2251930380071,124.27125549316406,124.27125549316406,5435066.0
2022-04-27T00:00:00,124.65237093800526,126.70079988874005,122.00053359760831,125.1922607421875,5437745.0
2022-04-28T00:00:00,126.43085449417251,126.93899106110119,123.49317747309308,125.00171661376953,3665633.0
2022-04-29T00:00:00,126.31968875097392,126.76430669308037,125.16049587482757,125.79566955566406,3797407.0
2022-05-02T00:00:00,125.28755010912602,125.843322612504,117.69725448173887,124.98583984375,3686293.0
2022-05-03T00:00:00,125.66863219955857,126.78017705308264,124.90643347569359,125.63687896728516,3277344.0
2022-05-04T00:00:00,125.95445957543632,126.51023200142923,124.44593268846552,125.06522369384766,2927591.0
2022-05-05T00:00:00,127.1930508853846,127.36772396274289,123.08032251742195,123.52494049072266,3438132.0
2022-05-06T00:00:00,123.46141519028859,125.73215295748533,122.41337678315294,125.14461517333984,5223507.0
2022-05-09T00:00:00,124.27126043489035,124.82703286451031,121.01600288079713,121.52413940429688,3829266.0
2022-05-10T00:00:00,123.54082284569975,125.90683254888657,122.19107413961902,122.79449462890625,4248773.0
2022-05-11T00:00:00,123.38203089065195,125.9544792403587,122.98504879368726,125.60513305664062,4650027.0
2022-05-12T00:00:00,124.11248125130933,126.38320708097622,122.96917094145124,125.763916015625,4408419.0
2022-05-13T00:00:00,127.1136728346682,130.14660976861248,127.08190748241391,129.32089233398438,3906511.0
2022-05-16T00:00:00,129.70198411210498,129.87665719441196,128.01878398979935,128.6221923828125,3309414.0
2022-05-17T00:00:00,131.2740193814088,133.78294880667215,129.87664694812656,132.43321228027344,4077582.0
2022-05-18T00:00:00,132.59200494027826,135.29147803919784,132.14738698186144,132.22677612304688,4742053.0
2022-05-19T00:00:00,131.79804083883946,132.84607926790542,130.57534145319326,132.22677612304688,4152846.0
2022-05-20T00:00:00,133.8146987902017,133.90998271658552,129.49554443359375,129.49554443359375,5025072.0
2022-05-23T00:00:00,131.70276267841615,132.13149794196846,129.40025962621263,131.22637939453125,3338833.0
2022-05-24T00:00:00,130.6547203441903,132.71903169195312,130.2101024206549,131.41693115234375,3733100.0
2022-05-25T00:00:00,132.9413354300835,133.54474371475342,131.03581454203808,132.19500732421875,1930593.0
2022-05-27T00:00:00,134.97390233442925,137.86393128805156,134.38636451583358,137.7210235595703,4670450.0
2022-05-30T00:00:00,138.34030319389126,138.9278288490599,136.95880135794926,137.24462890625,2450581.0
2022-05-31T00:00:00,137.11759130180343,137.64161049113747,135.81549072265625,135.81549072265625,14611957.0
2022-06-01T00:00:00,137.8162809865318,140.4998833471247,137.8162809865318,139.4677276611328,4503302.0
2022-06-02T00:00:00,140.02349771474314,142.08780905197372,139.6423983700757,141.75433349609375,3205437.0
2022-06-03T00:00:00,142.9135472814464,143.23112809609924,141.02390872394696,142.1195831298828,3470986.0
2022-06-07T00:00:00,142.9135488509345,143.94570468228866,139.8647293830315,141.27798461914062,3079229.0
2022-06-08T00:00:00,142.2942461126379,142.89765446362208,140.21406405996686,141.0556640625,2533360.0
2022-06-09T00:00:00,140.59516327180424,141.2620902034299,138.9595991759425,139.37245178222656,2910510.0
2022-06-10T00:00:00,138.94371107028462,139.2771745230617,135.6884535649516,135.81549072265625,3173882.0
2022-06-13T00:00:00,134.68805756051148,134.83097738567056,130.68648418000208,131.14697265625,4522086.0
2022-06-14T00:00:00,132.49674028559122,132.79843842229013,130.4483113393813,130.63885498046875,2914836.0
2022-06-15T00:00:00,133.71943109152227,135.70434132405572,132.19502148672825,134.46575927734375,3520016.0
2022-06-16T00:00:00,134.418133521876,134.91038741994322,130.4006768462049,130.62298583984375,3560143.0
2022-06-17T00:00:00,131.00407620539315,133.78295054914392,130.28951336297237,131.33753967285156,5318066.0
2022-06-20T00:00:00,131.7980386527159,131.94094637343773,129.63845536342876,131.60748291015625,2432875.0
2022-06-21T00:00:00,132.59200283533653,134.7992220331016,132.1156195360637,133.00486755371094,2804122.0
2022-06-22T00:00:00,131.79803762369602,131.79803762369602,127.87585311987907,130.11483764648438,4314085.0
2022-06-23T00:00:00,130.210103670123,130.4482953071397,124.68410857404129,124.87466430664062,3252647.0
2022-06-27T00:00:00,127.43124666352516,131.8933213303546,127.25657358052393,131.19464111328125,4372061.0
2022-06-28T00:00:00,132.0679966034217,133.70356084870866,130.4165496826172,130.4165496826172,3003108.0
2022-06-29T00:00:00,128.7968430908791,131.32164283573616,128.49513288931905,130.46417236328125,2960521.0
2022-06-30T00:00:00,128.62217763472782,129.30498721047235,124.41416569653158,125.74803161621094,4814756.0
2022-07-01T00:00:00,125.16050385410736,129.05092321049253,124.25538523856426,126.81195068359375,2588600.0
2022-07-04T00:00:00,127.30419899204372,128.54278103122388,126.44671632301197,127.55827331542969,1463854.0
2022-07-05T00:00:00,128.3363511507512,128.8286049949208,123.0644302368164,123.0644302368164,3752280.0
2022-07-06T00:00:00,124.57296784790955,126.52612494920557,123.9378062323013,126.00210571289062,3423894.0
2022-07-07T00:00:00,127.43124147350994,131.75040823193564,126.49436962550712,131.6868896484375,3795270.0
2022-07-08T00:00:00,131.79803406281815,134.7039454322683,131.09934181269546,134.3863525390625,3056558.0
2022-07-11T00:00:00,131.84568306895926,131.84568306895926,128.76509833087502,129.71786499023438,4031099.0
2022-07-12T00:00:00,128.653930373911,134.03701782226562,128.4792694272313,134.03701782226562,3659942.0
2022-07-13T00:00:00,133.70354714118452,133.70354714118452,129.9560356887396,131.0040740966797,3246171.0
2022-07-14T00:00:00,129.92428619494916,131.36930668719233,128.00289450669428,129.95603942871094,3252140.0
2022-07-15T00:00:00,130.19422548633446,132.21090101902712,129.41614408585156,131.52809143066406,4123915.0
2022-07-18T00:00:00,132.401436774928,134.60865580068997,132.0362201068857,134.56101989746094,3837319.0
2022-07-19T00:00:00,137.4669481406057,139.6582847645924,131.95683517380672,139.16603088378906,8642564.0
2022-07-20T00:00:00,140.61104555655055,140.84922509223549,137.30815202583898,139.05487060546875,5052896.0
2022-07-21T00:00:00,139.08661858177288,141.21444856793795,137.40341864691956,140.65867614746094,4678681.0
2022-07-22T00:00:00,140.65868185900945,141.5002818606099,139.02311776307945,140.4840087890625,2753695.0
2022-07-25T00:00:00,140.05525186381112,140.89686392307536,138.49908912917422,140.309326171875,1989973.0
2022-07-26T00:00:00,140.43637819403978,140.89687883996183,137.87981274439764,138.59437561035156,2470373.0
2022-07-27T00:00:00,140.05525556519405,140.83334906800576,139.26129150390625,139.26129150390625,2371865.0
2022-07-28T00:00:00,138.1497587855066,142.58008009000596,138.1497587855066,142.34188842773438,4262011.0
2022-07-29T00:00:00,142.91353285514168,144.45382509208036,142.56418672532914,144.15211486816406,3033202.0
2022-08-01T00:00:00,144.4697266700578,144.8825793184683,141.80200655641744,143.35816955566406,2648584.0
2022-08-02T00:00:00,142.51657294497286,143.56461149711726,140.38875471839918,141.70672607421875,2669044.0
2022-08-03T00:00:00,141.18270583866405,143.83454309573295,140.00763021660666,143.43756103515625,2744456.0
2022-08-04T00:00:00,144.0409683355947,145.75593373212683,143.72338753546546,144.882568359375,3029251.0
2022-08-05T00:00:00,144.914327105689,145.04135215099453,142.46891628833387,143.02468872070312,2103278.0
2022-08-08T00:00:00,144.48557261158155,145.3430552286002,143.67573801350545,144.3267822265625,1941286.0
2022-08-09T00:00:00,144.10447267213837,144.10447267213837,141.51615427367193,142.61181640625,1782981.0
2022-08-10T00:00:00,141.84964520382863,146.29583740234375,141.65908943670416,146.29583740234375,3137184.0
2022-08-11T00:00:00,146.80396766915854,147.1215606006705,144.19976620541834,145.00961303710938,2290565.0
2022-08-12T00:00:00,145.45422318427916,146.35934178915943,144.59674048782452,144.85081481933594,1783919.0
2022-08-15T00:00:00,144.85081082424307,145.23191019606827,143.34227178109526,143.9298095703125,1884992.0
2022-08-16T00:00:00,144.50148069071454,146.69281746508832,144.1838998648396,146.24819946289062,2244257.0
2022-08-17T00:00:00,146.3434710124487,146.70868771979067,143.4057941046297,143.9933319091797,2771081.0
2022-08-18T00:00:00,143.7075044865851,145.6765320951046,143.58046732089198,144.5649871826172,2285104.0
2022-08-19T00:00:00,143.78689891636208,144.24738741900487,141.83374196009888,141.84962463378906,3344854.0
2022-08-22T00:00:00,141.32561563274137,141.45265280156778,137.46694946289062,137.46694946289062,3598838.0
2022-08-23T00:00:00,137.3557782941707,139.57888001902765,137.133469333178,138.30853271484375,2329003.0
2022-08-24T00:00:00,137.6098561601684,138.19738180873236,136.0219280463327,137.80039978027344,2722891.0
2022-08-25T00:00:00,138.89608124323894,139.3883351072237,137.1493626506159,137.60986328125,2910290.0
2022-08-26T00:00:00,138.32441602357062,138.76903394759978,135.73609761444104,136.00604248046875,2608090.0
2022-08-29T00:00:00,135.08504281333325,135.95840811321213,132.75078657086596,135.4502716064453,2175423.0
2022-08-30T00:00:00,135.79961593990913,138.80081141914886,135.67259088975382,136.26011657714844,1947241.0
2022-08-31T00:00:00,136.92706452886694,137.22876267187632,133.97351688091987,134.40225219726562,3605359.0
2022-09-01T00:00:00,133.33833435843354,133.5447606653281,130.2418670654297,130.2418670654297,2827887.0
2022-09-02T00:00:00,131.32166208634752,134.91038334149127,130.5276979573734,134.60867309570312,2087983.0
2022-09-05T00:00:00,131.0040854116215,132.09975982093314,130.01956549927394,131.48046875,2875486.0
2022-09-06T00:00:00,131.41694468631778,132.97310757895318,130.09896133801257,131.40106201171875,2830267.0
2022-09-07T00:00:00,129.81313959122846,132.41734105542372,129.81313959122846,132.08387756347656,2654465.0
2022-09-08T00:00:00,132.2585429630366,133.89410709205697,130.5753429257816,132.49673461914062,2017231.0
2022-09-09T00:00:00,132.49673905524975,135.3867680292433,132.35381921082987,134.30697631835938,2144338.0
2022-09-12T00:00:00,134.97388749402782,137.6098539355481,134.95800482096578,137.1811065673828,1967360.0
2022-09-13T00:00:00,137.64163180960836,137.81630489977374,135.49793092977097,135.92666625976562,3951632.0
2022-09-14T00:00:00,134.95801623921582,135.21209056998475,132.25854310691574,133.06838989257812,3520209.0
2022-09-15T00:00:00,133.06839504902138,137.593988235566,133.06839504902138,135.5137939453125,3595849.0
2022-09-16T00:00:00,133.62417921954273,133.89412414387118,131.05173081288575,131.6551513671875,4760297.0
2022-09-19T00:00:00,131.65512388483648,133.7353058079777,130.4641778161807,132.90957641601562,2044425.0
2022-09-20T00:00:00,133.5447584265909,134.8627417325708,130.734130859375,130.734130859375,2281291.0
2022-09-21T00:00:00,130.7341277462753,132.60788345144408,129.24147140565245,131.84567260742188,2825022.0
2022-09-22T00:00:00,130.4324276818656,131.0040828306849,128.86038208007812,128.86038208007812,3023483.0
2022-09-23T00:00:00,129.3367467121449,129.41614796791345,125.68451913047507,125.89094543457031,3228059.0
2022-09-26T00:00:00,125.50984220124147,127.35183255212347,124.79526726608448,125.95446014404297,3243420.0
2022-09-27T00:00:00,127.3359659080291,127.97112749445466,125.52572873386868,125.89094543457031,2855820.0
2022-09-28T00:00:00,125.04934015655645,126.52611380109775,122.7468492155189,126.38319396972656,4053201.0
2022-09-29T00:00:00,126.3990809490805,126.95485339016754,122.46102583943755,123.2867431640625,3608795.0
2022-09-30T00:00:00,124.31889581129266,125.68451498392879,122.7309676677558,125.50984191894531,4286463.0
2022-10-03T00:00:00,124.39828368088591,126.923095703125,122.61981193181703,126.923095703125,3317223.0
2022-10-04T00:00:00,128.6221821571549,132.30617503804655,127.8599713026912,132.1473846435547,4075761.0
2022-10-05T00:00:00,132.35380682012823,132.84607277712135,130.05131588442646,130.9405517578125,2930262.0
2022-10-06T00:00:00,131.24227708081074,132.79844003830834,130.7976590929543,131.48046875,2979875.0
2022-10-07T00:00:00,131.4169400708296,131.79803944330436,128.36810874623964,129.30499267578125,2399687.0
2022-10-10T00:00:00,128.30461198604738,130.84529485296355,127.9235004698113,129.22560119628906,2023543.0
2022-10-11T00:00:00,128.62219274444553,129.622583215527,127.08190034973411,128.9397735595703,3220177.0
2022-10-12T00:00:00,129.95603747408782,130.9246746408195,128.4792758852252,130.19422912597656,2966262.0
2022-10-13T00:00:00,130.36891828551305,134.5292950251623,129.55907141511847,133.6559295654297,3887206.0
2022-10-14T00:00:00,134.17994666542066,135.13270126017687,132.06799903517413,132.7508087158203,3397944.0
2022-10-17T00:00:00,132.75080351393962,135.6725978869569,131.73453037069837,135.4979248046875,3254759.0
2022-10-18T00:00:00,137.2922808752154,140.86511958953724,135.87902564185595,139.84884643554688,5823437.0
2022-10-19T00:00:00,140.2934583155076,141.3097314252337,139.0389935455482,139.7059326171875,4100585.0
2022-10-20T00:00:00,132.7190479822083,136.05369493295635,131.43281784275752,134.02114868164062,8240973.0
2022-10-21T00:00:00,133.27480086005284,135.97427368164062,132.33791701684237,135.97427368164062,3145441.0
2022-10-24T00:00:00,137.06997522695906,138.16564966955022,135.3550096946247,137.9115753173828,2541720.0
2022-10-25T00:00:00,138.4673541291883,139.7694549560547,136.68888204269714,139.7694549560547,4418351.0
2022-10-26T00:00:00,139.97586898340305,141.02389526367188,138.48321264415463,141.02389526367188,4159940.0
2022-10-27T00:00:00,140.67455696801989,142.86590569280045,140.57928515039674,142.580078125,3514009.0
2022-10-28T00:00:00,141.3891305192052,144.2156408195453,140.05526451127685,143.70750427246094,3173917.0
2022-10-31T00:00:00,143.88218480401005,144.37443870218829,142.32600973325566,143.54872131347656,2725729.0
2022-11-01T00:00:00,144.5014703915862,146.66105377542416,144.37443322431784,144.86669921875,3122611.0
2022-11-02T00:00:00,145.374842294936,146.15292377823292,144.67614995854515,145.61302185058594,2558164.0
2022-11-03T00:00:00,144.42208449741537,145.0096223723375,142.50069256906872,143.75515747070312,3097417.0
2022-11-04T00:00:00,143.97744479778828,147.6296844482422,143.96157423877966,147.6296844482422,1735137.0
2022-11-07T00:00:00,146.59752344314077,149.2334899355174,145.83531261554688,148.12193298339844,2905312.0
2022-11-08T00:00:00,148.12194640673036,149.99570224131946,147.6455751968776,148.93179321289062,3753968.0
2022-11-09T00:00:00,148.59832277354167,150.66262214944058,148.59832277354167,149.69398498535156,2476574.0
2022-11-10T00:00:00,148.94766633206308,154.01314892696615,148.5824375245022,153.63204956054688,5349321.0
2022-11-11T00:00:00,154.74360346066953,155.1405855240524,150.72614691762388,152.6316680908203,4819628.0
2022-11-14T00:00:00,152.63166088198977,154.5054166172562,151.34543081922507,152.536376953125,2763414.0
2022-11-15T00:00:00,153.10803530710638,153.33034428761172,149.8845429748479,151.71066284179688,3617577.0
2022-11-16T00:00:00,151.64715170877142,152.59990625987166,149.50345094006303,150.1544952392578,2952697.0
2022-11-17T00:00:00,150.3609217640465,151.7582941873457,147.91551093707506,149.90042114257812,3031589.0
2022-11-18T00:00:00,151.05960466731608,153.42562639808415,150.91669694508573,152.5205078125,2938459.0
2022-11-21T00:00:00,152.12354300461755,153.34624252146034,151.77419682411042,152.5681610107422,1560353.0
2022-11-22T00:00:00,152.63165698671477,153.52089286722165,152.01236598208604,153.01275634765625,2732323.0
2022-11-23T00:00:00,153.7908588385548,153.83849475084043,152.5046407471157,152.83810424804688,2246200.0
2022-11-24T00:00:00,152.83809253503387,153.53678483482906,151.66302903395817,152.04412841796875,2148940.0
2022-11-25T00:00:00,153.10804243179246,155.1088354643758,152.52051671951605,155.02943420410156,2922198.0
2022-11-28T00:00:00,154.17195625168014,154.42603060048313,151.18665534283542,151.39308166503906,3637868.0
2022-11-29T00:00:00,152.12353936038178,152.7428304419244,151.25017393003617,151.39308166503906,2797744.0
2022-11-30T00:00:00,152.44111460854623,153.72733263627782,151.50424274018158,152.42523193359375,6484283.0
2022-12-01T00:00:00,153.63205927499092,154.10844259933546,151.7900566767853,153.26683044433594,2922453.0
2022-12-02T00:00:00,153.266820752986,153.96551302053004,152.04412139971433,153.63204956054688,2714240.0
2022-12-05T00:00:00,153.23506729706725,154.41013074219066,152.36170196390972,153.88612365722656,2299817.0
2022-12-06T00:00:00,154.02903694955867,154.48953758598307,152.74281897139693,153.13980102539062,3145614.0
2022-12-07T00:00:00,152.80633756720064,152.96512796582587,151.0596068375308,152.0282440185547,2496662.0
2022-12-08T00:00:00,152.09175304179973,152.88571709995483,151.39306079384562,151.8535614013672,2205766.0
2022-12-09T00:00:00,152.4411150385604,154.426025390625,152.4411150385604,154.426025390625,2929538.0
2022-12-12T00:00:00,153.75908867548466,153.75908867548466,152.0123700993518,153.39385986328125,2555643.0
2022-12-13T00:00:00,153.7908415322587,158.09412543849504,153.7908415322587,157.12548828125,5215621.0
2022-12-14T00:00:00,157.20488851050263,157.4113148108081,154.9817866540347,155.63284301757812,3694915.0
2022-12-15T00:00:00,154.6165823385902,154.99768173694582,151.5677508069509,151.8694610595703,3922973.0
2022-12-16T00:00:00,151.64713994948238,152.9492405618336,150.15448359571496,150.75790405273438,4559148.0
2022-12-19T00:00:00,151.01197032963512,151.64714403654398,150.1544876425478,150.85317993164062,2562580.0
2022-12-20T00:00:00,149.32876228844543,150.21799816142752,148.07429761624275,149.83689880371094,3457801.0
2022-12-21T00:00:00,150.05921233012415,151.6630231768383,149.40815596410724,151.6471405029297,2110109.0
2022-12-22T00:00:00,151.86945065340169,152.5205070244578,149.43992246859347,149.6622314453125,1824945.0
2022-12-23T00:00:00,149.66222794263533,151.0754830251008,149.4240362974594,150.45619201660156,990662.0
2022-12-27T00:00:00,151.39306242667524,152.37758223078077,151.25015470983246,151.5836181640625,959778.0
2022-12-28T00:00:00,151.86945666127576,152.04412973774077,149.8845463513836,150.3450469970703,1336930.0
2022-12-29T00:00:00,149.88454477233,150.91670054558625,149.05882742268358,150.90081787109375,1533024.0
2022-12-30T00:00:00,150.64674954453022,151.1548860733051,149.50343932605415,149.64634704589844,2297679.0
2023-01-02T00:00:00,150.3609150780708,152.3458251953125,150.17035934544083,152.3458251953125,1244821.0
2023-01-03T00:00:00,152.34582183873428,154.6800780235695,152.04411163078342,153.4256134033203,1876402.0
2023-01-04T00:00:00,151.86946698179977,153.9020133388652,151.45660221710463,152.83810424804688,2336073.0
2023-01-05T00:00:00,153.52090447534775,153.52090447534775,151.47247556863846,153.23507690429688,1395938.0
2023-01-09T00:00:00,154.9500300298521,159.46768750383072,154.8229928717074,156.71263122558594,4424953.0
2023-01-10T00:00:00,156.80791208253137,156.82379475694822,153.50501846981714,154.8865203857422,2555862.0
2023-01-11T00:00:00,155.2199772514539,158.1100060108224,155.15645867142126,157.90357971191406,3657640.0
2023-01-12T00:00:00,158.1100209217265,160.42045951421719,157.60188434847475,159.62649536132812,3189950.0
2023-01-13T00:00:00,159.62648487862464,159.90436504492843,157.9988560491025,158.60226440429688,2915702.0
2023-01-16T00:00:00,159.18981265425285,160.3013576223249,158.3323299153409,159.62649536132812,3078406.0
2023-01-17T00:00:00,159.86465921657899,160.4601322276441,158.44345684580983,159.66616821289062,5331127.0
2023-01-18T00:00:00,160.3013415635588,162.68323378361129,160.0631620334978,161.92897033691406,3951926.0
2023-01-19T00:00:00,158.9913164016296,160.34105299428768,157.53836059570312,157.53836059570312,5905327.0
2023-01-20T00:00:00,158.39584496496596,160.4204559326172,158.31644370547718,160.4204559326172,3522345.0
2023-01-23T00:00:00,160.97623180363288,162.56416010749118,160.65865098883384,162.20687866210938,2875754.0
2023-01-24T00:00:00,162.44507021339817,164.15208829284086,161.57170480093404,163.6757049560547,3530175.0
2023-01-25T00:00:00,164.35056951349432,166.49427017111896,163.0008329597996,163.75509643554688,4689190.0
2023-01-26T00:00:00,159.07071466551966,161.33350511548153,155.69636718993652,160.6189422607422,7710520.0
2023-01-27T00:00:00,161.57169670976566,164.74755315614928,161.45260693899866,163.19932556152344,3287621.0
2023-01-30T00:00:00,163.19933413838953,164.50937014539875,162.56416039274538,163.63601684570312,2844062.0
2023-01-31T00:00:00,163.5566015118483,164.42996685133036,162.64354766006016,164.23147583007812,3761316.0
2023-02-01T00:00:00,164.6284746469218,166.01791193726015,164.35058234288144,165.14454650878906,3304795.0
2023-02-02T00:00:00,165.93849687512423,169.78922760551924,165.93849687512423,169.74952697753906,4447848.0
2023-02-03T00:00:00,166.6530648031225,167.3676397837733,165.30332821513463,167.28823852539062,4242014.0
2023-02-06T00:00:00,167.20884114886178,167.20884114886178,164.07267332113193,164.23147583007812,3409038.0
2023-02-07T00:00:00,164.3902674003765,165.77970455908422,164.1123751226627,164.8269500732422,3109269.0
2023-02-08T00:00:00,163.75508780850924,164.46965061842886,162.68323147869967,163.3184051513672,4143368.0
2023-02-09T00:00:00,164.11236652590566,165.8193965004278,163.19931271541307,164.3902587890625,2659410.0
2023-02-10T00:00:00,163.87419218930853,164.39027614466713,160.97622795011253,161.5717010498047,2267565.0
2023-02-13T00:00:00,162.2862548964271,163.8741830739457,162.24656638393358,163.39781188964844,1514802.0
2023-02-14T00:00:00,163.79480611998977,164.66815941364214,162.76265030482654,163.04054260253906,2219474.0
2023-02-15T00:00:00,162.3259543810895,165.62091259520267,161.3334992771272,165.38272094726562,2765758.0
2023-02-16T00:00:00,165.8194169400621,167.16915356692,164.3505784222003,165.6209259033203,2950851.0
2023-02-17T00:00:00,164.35057954242146,166.97066366825797,163.71540579753207,166.21640014648438,2889082.0
2023-02-20T00:00:00,166.73245071896517,167.05003149341024,164.39025919137524,164.7078399658203,1974436.0
2023-02-21T00:00:00,164.46965534461523,165.6209129596895,163.1199188232422,163.1199188232422,2637022.0
2023-02-22T00:00:00,163.0802119707813,164.15206829047588,161.49228386156267,163.87417602539062,2549809.0
2023-02-23T00:00:00,163.95358432749998,165.7400035271943,163.95358432749998,164.86663818359375,2029044.0
2023-02-24T00:00:00,165.54150096962468,166.17667461935258,162.28624358660022,162.92141723632812,2170489.0
2023-02-27T00:00:00,163.15962373663646,165.06513274452266,163.0802224800867,164.0726776123047,1912525.0
2023-02-28T00:00:00,163.55660345178822,166.57366943359375,163.3581124281817,166.57366943359375,6265320.0
2023-03-01T00:00:00,167.12943013763405,169.27313061902632,166.653046868467,167.24851989746094,3865891.0
2023-03-02T00:00:00,167.3279425691989,169.23345165995747,166.57367905889578,169.0746612548828,3022835.0
2023-03-03T00:00:00,169.3525460483749,173.0841749195253,169.3525460483749,172.92538452148438,3340018.0
2023-03-06T00:00:00,173.08417918584118,174.1560356001663,172.5681073507549,173.87814331054688,3225084.0
2023-03-07T00:00:00,174.07663123591908,174.47361329118914,172.25051135869066,172.4093017578125,3043692.0
2023-03-08T00:00:00,172.09172450864438,173.28267069901563,171.57565267212263,171.61534118652344,3413736.0
2023-03-09T00:00:00,171.6550406636133,172.52840604332883,169.90832201911329,171.01986694335938,2779882.0
2023-03-10T00:00:00,168.32039867971704,169.27315323038954,165.50182354299022,166.7721710205078,3590728.0
2023-03-13T00:00:00,166.73247365425138,166.97066532531522,159.66619747392483,160.53955078125,5266333.0
2023-03-14T00:00:00,160.4998395306323,165.10483377842334,159.78527667965216,164.03298950195312,3810414.0
2023-03-15T00:00:00,163.63600234542122,163.6756908576252,155.34701538085938,155.34701538085938,7400655.0
2023-03-16T00:00:00,158.15766121243243,158.95162538730904,153.83849416271462,157.71304321289062,4509440.0
2023-03-17T00:00:00,158.31644308469427,160.53954507741906,154.21959737066666,155.80752563476562,6535348.0
2023-03-20T00:00:00,154.72772485152603,158.71341583779306,151.31367686105523,157.06198120117188,3502101.0
2023-03-21T00:00:00,159.26919757245867,162.36565260501746,158.4752335010405,161.61138916015625,3567096.0
2023-03-22T00:00:00,161.69077595279828,162.76263227963622,160.77772212988455,161.88926696777344,2072538.0
2023-03-23T00:00:00,161.37319708047747,161.37319708047747,158.83251448177825,160.1822509765625,2483408.0
2023-03-24T00:00:00,159.34858967623674,159.34858967623674,155.87103521685788,156.52207946777344,3100820.0
2023-03-27T00:00:00,158.79283922243587,159.7852944675761,156.99848450059795,158.95162963867188,2139452.0
2023-03-28T00:00:00,160.73801990925838,161.53198396128232,160.4998282706652,160.97621154785156,2435897.0
2023-03-29T00:00:00,162.12746254050055,162.56414520702197,161.53198948113416,162.52444458007812,2713449.0
2023-03-30T00:00:00,163.8741853928236,167.68521549578173,163.51690397081236,167.1691436767578,4125290.0
2023-03-31T00:00:00,167.1691463517864,170.42439194489424,166.21639183953363,169.7892303466797,4116147.0
2023-04-03T00:00:00,169.86862616886503,170.90078197894832,168.32039851120578,169.35255432128906,4497117.0
2023-04-04T00:00:00,171.09926390499578,173.4414555818692,170.6625812261036,171.1786651611328,6008486.0
2023-04-05T00:00:00,171.00885051342735,171.05130813339957,160.4460502504117,161.53289794921875,9417057.0
2023-04-06T00:00:00,162.6027502355879,163.8084714240997,161.61779051891773,162.77256774902344,3628580.0
2023-04-11T00:00:00,165.52365355082745,166.57652987888017,164.19905884376405,165.0311737060547,4907323.0
2023-04-12T00:00:00,179.79704233979513,180.85841803247396,176.1459073657307,177.16482543945312,12395683.0
2023-04-13T00:00:00,177.97147649473825,178.90547930516755,176.18836019699322,178.2261962890625,5683775.0
2023-04-14T00:00:00,179.16021460140354,179.41494735559314,177.37709827832242,178.7781219482422,4230841.0
2023-04-17T00:00:00,179.4574028375406,180.9008711524356,179.20267008638362,180.22158813476562,3809414.0
2023-04-18T00:00:00,180.47632580588456,181.28296874299994,179.1602173525667,179.8819580078125,2690915.0
2023-04-19T00:00:00,180.39139969434376,180.56121720409308,176.95254005787623,177.5469207763672,3995964.0
2023-04-20T00:00:00,181.7075164637062,181.7075164637062,177.63183126018694,179.3300323486328,5887395.0
2023-04-21T00:00:00,179.7545697036771,182.34432876870756,178.7781093304871,179.2451171875,5207024.0
2023-04-24T00:00:00,180.00931340712822,183.1509827951544,179.75458065539723,182.21697998046875,4426217.0
2023-04-25T00:00:00,183.3632495244067,183.3632495244067,179.33002216830872,179.62721252441406,4526179.0
2023-04-26T00:00:00,178.8205797958467,179.3300323486328,176.74027309750366,179.3300323486328,5195236.0
2023-04-27T00:00:00,179.75458215462058,180.05177252682637,176.57045512204138,177.4195556640625,5225211.0
2023-04-28T00:00:00,179.16021974393175,179.62722764730978,176.8251931832881,178.9904022216797,4356586.0
2023-05-02T00:00:00,180.00931717324232,180.13667707364942,176.40063982425045,176.6978302001953,3557527.0
2023-05-03T00:00:00,176.10344847413205,176.10344847413205,171.2211203230924,172.15513610839844,6040317.0
2023-05-04T00:00:00,171.51829773012284,173.42877381870093,170.07482949889064,171.34848022460938,4392646.0
2023-05-05T00:00:00,172.11266886856706,174.36279296875,170.41446786748352,174.36279296875,2904933.0
2023-05-08T00:00:00,174.065613158985,176.61291481497017,173.34387250729074,176.06100463867188,3402081.0
2023-05-09T00:00:00,175.80626155921541,175.80626155921541,172.57967705983654,174.8297882080078,3578255.0
2023-05-10T00:00:00,175.5515284432347,176.18835381848223,171.68811857548394,173.55613708496094,3305440.0
2023-05-11T00:00:00,173.55612963530044,175.381703406397,171.7730264348919,174.23541259765625,3644871.0
2023-05-12T00:00:00,175.42416381835938,175.9336163310669,173.8957803677466,175.42416381835938,2754593.0
2023-05-15T00:00:00,175.7637939453125,176.57043678521353,174.87223587752936,175.7637939453125,2710848.0
2023-05-16T00:00:00,175.50907348105588,175.8911661207334,173.513695048853,174.0231475830078,2920079.0
2023-05-17T00:00:00,173.2165019249491,173.72596740722656,171.2635681845462,173.72596740722656,2223617.0
2023-05-19T00:00:00,176.14588942487362,177.63181524327908,175.6364369180244,176.8676300048828,4015274.0
2023-05-22T00:00:00,177.07991290737237,178.0988309221139,176.61290503837756,177.5469207763672,2803469.0
2023-05-23T00:00:00,177.0374600874578,177.71674310110487,176.14590194181133,176.4855499267578,1716720.0
2023-05-24T00:00:00,175.1269928954293,175.63645842089645,170.4993973713812,171.17868041992188,3590931.0
2023-05-25T00:00:00,171.17867782042018,172.11268066126422,168.63137614426063,170.711669921875,4059870.0
2023-05-26T00:00:00,171.68813094667124,173.72598006805015,171.17867838351128,173.25897216796875,2129432.0
2023-05-29T00:00:00,174.06561264355588,175.29680584905375,172.494771444518,173.4287872314453,1527255.0
2023-05-30T00:00:00,173.42877655595134,174.74488491788205,171.43338520500038,171.73057556152344,2343594.0
2023-05-31T00:00:00,170.58428930595852,171.6456649560858,168.88608826575486,170.03237915039062,7426237.0
2023-06-01T00:00:00,170.41447731837602,172.57968630608536,170.41447731837602,172.24005126953125,2366346.0
2023-06-02T00:00:00,173.47124046111787,176.9101001907565,173.47124046111787,176.4855499267578,3408423.0
2023-06-05T00:00:00,176.61291533039974,179.41494975141015,176.52800009245394,177.88656616210938,2371693.0
2023-06-07T00:00:00,178.56583709211097,180.68858833439415,177.67427897910295,180.2640380859375,3842905.0
2023-06-08T00:00:00,180.22158091553163,182.8113400287707,180.00930579077837,181.45277404785156,3207683.0
2023-06-09T00:00:00,181.7074988996479,182.13204913072184,180.26403070524546,180.8583984375,2110335.0
2023-06-12T00:00:00,181.79241699321358,182.72641974254822,180.47630866489493,181.9622344970703,2413668.0
2023-06-13T00:00:00,183.32079608871285,185.10391235351562,182.5990684243846,185.10391235351562,4226083.0
2023-06-14T00:00:00,185.57091788731245,186.33510315901904,183.9576191546884,185.99546813964844,2736657.0
2023-06-15T00:00:00,185.95301346363777,187.56629926552722,185.35864569221775,186.92947387695312,3700084.0
2023-06-16T00:00:00,187.4814092712437,188.37296746491145,185.35865783691406,185.35865783691406,8320523.0
2023-06-19T00:00:00,185.103906814487,185.31618193698068,183.61798095703125,183.61798095703125,3091182.0
2023-06-20T00:00:00,182.7688873474309,183.36325512153925,180.8584111730675,181.11314392089844,3933796.0
2023-06-21T00:00:00,181.70749683191883,183.32078250914358,180.6036636524386,182.38677978515625,2492604.0
2023-06-22T00:00:00,181.19803588443838,181.28295111429674,179.20265754521773,180.68858337402344,2629749.0
2023-06-26T00:00:00,180.6886015290549,182.76889530715536,178.39603261122485,181.6226043701172,2632570.0
2023-06-27T00:00:00,182.85379523903765,183.5755228799553,179.96684580663143,182.4292449951172,2491428.0
2023-06-28T00:00:00,182.68396568874266,185.6982750268795,182.59906341328173,184.8067169189453,3084677.0
2023-06-29T00:00:00,184.80673495012232,187.01440162742827,184.38218466265937,186.63230895996094,2641444.0
2023-06-30T00:00:00,186.802124570838,190.41080197732012,186.71720933171633,189.34942626953125,3775482.0
2023-07-03T00:00:00,189.90133925839842,192.0240907053121,189.90133925839842,190.36834716796875,2462153.0
2023-07-04T00:00:00,190.19851605413177,190.8353414427059,186.42002133984124,186.92947387695312,2972767.0
2023-07-05T00:00:00,185.86809536201653,187.09930145926302,185.18882532301288,185.91055297851562,2369518.0
2023-07-06T00:00:00,184.97653927131773,185.61336461245438,182.72641529222147,183.5755157470703,2497962.0
2023-07-07T00:00:00,183.83026165287635,185.57092030134672,182.64152611336988,185.0189971923828,1757074.0
2023-07-10T00:00:00,184.04254683910634,185.91056548451698,182.8538112346395,185.61338806152344,1962933.0
2023-07-11T00:00:00,187.65121728894897,188.11822517209373,184.97655579968176,188.03330993652344,2626605.0
2023-07-12T00:00:00,188.500313199539,189.85887919788976,187.3540223286652,189.73150634765625,2121801.0
2023-07-13T00:00:00,189.94378365655083,190.02869889101507,188.0757651045494,188.203125,2188850.0
2023-07-14T00:00:00,188.20311913360416,188.50030948871964,185.5709153784548,186.2501983642578,2480729.0
2023-07-17T00:00:00,185.74072580882125,187.56628661713003,184.9340829622719,187.39646911621094,1836342.0
2023-07-18T00:00:00,187.65122012303934,190.15606413524247,187.3540297503008,189.85888671875,3351223.0
2023-07-19T00:00:00,190.11360144024675,190.19851667483204,182.72642949992877,189.5616912841797,6875663.0
2023-07-20T00:00:00,190.19851510220533,194.35910243756783,187.69367117759953,192.91563415527344,4646558.0
2023-07-21T00:00:00,192.74581357085876,192.83072880338815,190.62306232007836,191.2598876953125,2679180.0
2023-07-24T00:00:00,191.090060962628,194.18927245667098,189.85886788785385,194.0194549560547,3423305.0
2023-07-25T00:00:00,194.86858083442687,195.12331359670156,192.91564693198288,193.89212036132812,3066922.0
2023-07-26T00:00:00,193.89210028870096,194.40155280426293,192.19389932433745,194.14682006835938,1885524.0
2023-07-27T00:00:00,194.44401107188497,197.1186724172316,193.34017785009686,196.86395263671875,3151936.0
2023-07-28T00:00:00,196.26957232397456,198.56215400312811,195.33556956232425,198.13760375976562,2120118.0
2023-07-31T00:00:00,198.13761625257382,198.22251853285238,196.90641010419748,197.03378295898438,2337275.0
2023-08-01T00:00:00,196.6516899930376,197.20360016082785,194.35910817299563,195.7601318359375,2196266.0
2023-08-02T00:00:00,194.0194681138698,196.0148595111059,192.83073257269447,195.4629364013672,2921892.0
2023-08-03T00:00:00,194.5289380121095,195.29312331213688,192.91563921969646,193.21282958984375,2787729.0
2023-08-04T00:00:00,194.01948047621283,195.92995676098954,193.08546466560117,194.44403076171875,1911352.0
2023-08-07T00:00:00,194.23173562711534,195.5903015833987,193.34017752806972,195.50538635253906,2380965.0
2023-08-08T00:00:00,194.953475487342,195.7601183524937,192.3637164308065,192.8731689453125,2328587.0
2023-08-09T00:00:00,194.35909978733633,195.2931155223326,192.36372138074674,192.44862365722656,2602614.0
2023-08-10T00:00:00,192.74582943196373,194.019480287241,192.70337181220518,193.08546447753906,1691113.0
2023-08-11T00:00:00,192.8307340840799,192.95809398011633,190.92025790605896,192.19390869140625,1749081.0
2023-08-14T00:00:00,191.47216569758137,192.8731763616508,190.41079005624223,192.27880859375,1732518.0
2023-08-15T00:00:00,192.40617829325157,192.44862295321346,189.64660167096582,190.70797729492188,2133095.0
2023-08-16T00:00:00,189.81642985757375,193.38264956343284,189.64661233943684,192.23635864257812,2016838.0
2023-08-17T00:00:00,191.38725263813222,191.59952776881173,190.36833460211983,190.75042724609375,2375711.0
2023-08-18T00:00:00,190.36833173008714,190.45324696357613,188.0333053278406,189.73150634765625,2965846.0
2023-08-21T00:00:00,190.02869652864507,191.72689754685234,188.79750338169387,189.0946807861328,1944411.0
2023-08-22T00:00:00,189.77396910576059,190.92026000768973,188.96732619074368,189.94378662109375,2265106.0
2023-08-23T00:00:00,189.8164161594834,190.28342401784283,188.67012532135072,188.96731567382812,2046233.0
2023-08-24T00:00:00,189.47676962539114,190.4957005808847,184.3821666729048,184.8067169189453,3010953.0
2023-08-25T00:00:00,184.4246317915661,186.58984072570746,183.83026401417823,184.93409729003906,1751726.0
2023-08-28T00:00:00,186.54737908094782,189.0522229891661,186.42001918720194,188.45785522460938,1783119.0
2023-08-29T00:00:00,188.83994522299005,190.1985111997723,187.35401935424184,187.9908447265625,2828272.0
2023-08-30T00:00:00,188.16068009323783,189.39187325388656,187.22666434033425,187.65121459960938,2412988.0
2023-08-31T00:00:00,187.56631215768743,189.4767884547242,187.35403701357225,187.821044921875,3394429.0
2023-09-01T00:00:00,187.8210267666611,188.41539452148137,186.20774100982817,186.80210876464844,2779889.0
2023-09-04T00:00:00,187.65120899552718,187.905941734734,186.2501983642578,186.2501983642578,1801716.0
2023-09-05T00:00:00,186.1652860848217,187.77857186497417,184.7642754313338,187.1842041015625,2548796.0
2023-09-06T00:00:00,186.71719926044406,189.47677595184726,186.33510661749892,188.83995056152344,2154840.0
2023-09-07T00:00:00,188.2880266865293,189.39185987391124,185.61336542455115,186.20773315429688,2045884.0
2023-09-08T00:00:00,187.1417591443529,187.9059574257875,184.12746250680772,186.7172088623047,2020787.0
2023-09-11T00:00:00,187.22666485178777,190.19851667483204,187.22666485178777,189.5616912841797,3524380.0
2023-09-12T00:00:00,189.56168639404478,190.45324450920762,188.58522600273264,189.9013214111328,2163934.0
2023-09-13T00:00:00,188.92486562420876,190.2409740209299,186.37756406523064,188.203125,2524353.0
2023-09-14T00:00:00,189.05223114176985,191.5995327765006,187.60876280667165,191.13253784179688,3189060.0
2023-09-15T00:00:00,192.57599680246898,195.25065820623772,192.36372167657478,193.80718994140625,4976263.0
2023-09-18T00:00:00,194.69874341494406,197.0762273594698,194.44401067870112,195.59030151367188,2746366.0
2023-09-19T00:00:00,195.59031952546283,197.5432404519301,194.91103648500857,195.8874969482422,2292551.0
2023-09-20T00:00:00,196.05729950451178,198.0951484703284,195.76012210441556,197.2460479736328,2750725.0
2023-09-21T00:00:00,196.56677255112368,198.5197063599434,195.76012963946326,197.28851318359375,2843956.0
2023-09-22T00:00:00,196.77904964901452,196.86396488529888,193.9345576646857,194.4015655517578,2399503.0
2023-09-25T00:00:00,194.40155280426293,195.4629284069901,192.91562696044485,194.14682006835938,1727772.0
2023-09-26T00:00:00,194.14681650384622,194.23173173300341,190.7079699791431,191.21742248535156,2979264.0
2023-09-27T00:00:00,191.42970275878906,192.7033534929876,189.60414188893594,191.42970275878906,2375067.0
2023-09-28T00:00:00,191.51461614951705,193.89210008841914,190.9202484038528,193.50999450683594,2122145.0
2023-09-29T00:00:00,193.6373768195339,194.9534852211485,191.1325328684746,191.5570831298828,4588841.0
2023-10-02T00:00:00,191.89671570450363,193.51000149474237,190.7079801702483,191.72689819335938,2727422.0
2023-10-03T00:00:00,191.04761999248578,192.53354592576068,190.15606184127168,190.66552734375,2098800.0
2023-10-04T00:00:00,189.81642132885005,190.83533934813605,187.73612767359,189.17959594726562,2199063.0
2023-10-05T00:00:00,189.26450581937232,190.58061425204326,188.75505326740836,189.22206115722656,2846858.0
2023-10-06T00:00:00,189.77395428339352,191.38723998742105,188.96731143137976,191.21742248535156,1913167.0
2023-10-09T00:00:00,190.92025447240937,190.92025447240937,187.9484026933803,188.45785522460938,1810698.0
2023-10-10T00:00:00,189.81642246222236,193.04300700609818,189.51923209987692,192.91563415527344,2505585.0
2023-10-11T00:00:00,192.61845172860964,194.31665271204463,191.4721608822929,193.4250946044922,2891551.0
2023-10-12T00:00:00,194.52893336010032,197.6281450603967,193.7647351221022,194.91102600097656,4154366.0
2023-10-13T00:00:00,195.16576589368486,195.7601336852846,192.83073938963543,193.0430145263672,2528728.0
2023-10-16T00:00:00,193.50998899483972,194.0619120657137,191.344793194183,192.83071899414062,2761015.0
2023-10-17T00:00:00,191.93917609046642,193.3826443903859,190.41079255562695,192.02407836914062,3618379.0
2023-10-18T00:00:00,193.5949176826724,200.0480867879264,189.9013252549126,194.82611083984375,8452739.0
2023-10-19T00:00:00,194.27420679595102,194.44402431327234,188.6276804122328,189.22206115722656,5794965.0
2023-10-20T00:00:00,188.33050221455005,188.41540449473538,185.27373509046515,186.03793334960938,4569001.0
2023-10-23T00:00:00,186.46248834054907,187.09931376117083,183.23590361814956,184.33973693847656,3675901.0
2023-10-24T00:00:00,183.19343340784815,184.55199939429792,181.19804204454607,184.0000762939453,2831778.0
2023-10-25T00:00:00,184.00008937369856,186.88703906106346,183.70291195045638,185.4435577392578,2336904.0
2023-10-26T00:00:00,184.00007919334794,186.25020333409665,182.30187816164886,185.82565307617188,2472037.0
2023-10-27T00:00:00,185.95301297105104,188.41539928451647,184.55200230239757,185.82565307617188,2232691.0
2023-10-30T00:00:00,185.9105581198327,187.14175129488208,184.89164007690374,186.12283325195312,1632537.0
2023-10-31T00:00:00,186.2077463820132,189.30695809343325,186.2077463820132,187.56629943847656,2449583.0
2023-11-01T00:00:00,188.5003141618548,188.92486441897609,183.8727189504818,184.552001953125,2829535.0
2023-11-02T00:00:00,185.91055604342318,189.3918733538144,185.61337863552123,188.37295532226562,3771511.0
2023-11-03T00:00:00,188.5003136566363,192.74581621647047,188.5003136566363,191.72689819335938,1786627.0
2023-11-06T00:00:00,191.85427034866368,192.49109577333698,188.24559294218156,189.34942626953125,2540660.0
2023-11-07T00:00:00,188.0757592421234,188.24557674951282,185.6133729943635,186.2501983642578,2817690.0
2023-11-08T00:00:00,185.4435427911347,187.9059419985977,184.63689991271823,186.80210876464844,2169600.0
2023-11-09T00:00:00,186.92946404868027,189.4767654690461,186.2926386935888,188.58522033691406,4083545.0
2023-11-10T00:00:00,187.09931460181215,188.1606903076172,185.44355813575916,188.1606903076172,2672726.0
2023-11-13T00:00:00,188.54277315311978,189.60414880365946,187.9484053800667,188.83995056152344,2802648.0
2023-11-14T00:00:00,189.47678435152474,192.7882843017578,188.54278151139206,192.7882843017578,4372413.0
2023-11-15T00:00:00,192.78826315020004,198.05268344142405,192.4486151904871,197.8404083251953,6019168.0
2023-11-16T00:00:00,197.84043600957983,198.26498630144587,195.29313425838353,196.0997772216797,4322916.0
2023-11-17T00:00:00,196.14222503048643,198.22251876531814,195.88749227685997,197.585693359375,3371238.0
2023-11-20T00:00:00,197.58569603248753,199.3688123757503,196.99132823681538,198.77444458007812,2329170.0
2023-11-21T00:00:00,198.09515642345954,199.92071738214958,197.92533890855165,198.56216430664062,3311244.0
2023-11-22T00:00:00,199.41126312944897,202.46801724034714,198.98671286769266,201.19436645507812,4173319.0
2023-11-23T00:00:00,202.04346469702347,202.93502282789305,201.36418169463494,202.00100708007812,2113343.0
2023-11-24T00:00:00,202.08593770679929,203.14731343004928,201.9161201823286,202.63784790039062,2144394.0
2023-11-27T00:00:00,202.5104626498175,204.84548894871477,202.38310276146655,202.85009765625,3427189.0
2023-11-28T00:00:00,202.8501178282928,203.27466810667454,201.0670144328373,202.51048278808594,2347382.0
2023-11-29T00:00:00,202.1708409930749,205.90687813550952,202.08592575773716,205.6521453857422,3783433.0
2023-11-30T00:00:00,205.65215822892264,207.7324520621548,205.397425463247,206.54371643066406,7279245.0
2023-12-01T00:00:00,207.18052439298447,208.96364064607803,206.67105890460184,208.07208251953125,2711490.0
2023-12-04T00:00:00,208.07210278649075,209.34575367525983,207.3503621003562,207.64755249023438,2169184.0
2023-12-05T00:00:00,207.8598110150523,212.48740628291148,207.81735339757276,212.36004638671875,3799239.0
2023-12-06T00:00:00,210.83165835393666,215.07716088641124,209.98255784744174,213.97332763671875,3273476.0
2023-12-07T00:00:00,213.9733322009738,215.50171573651562,212.10531363808747,212.36004638671875,3224667.0
2023-12-08T00:00:00,212.23267676881397,215.62907891900502,211.93549935441985,214.5677032470703,2640583.0
2023-12-11T00:00:00,214.73751370242368,216.5206299551407,213.6336934049037,216.4357147216797,2836514.0
2023-12-12T00:00:00,216.52063509814604,217.4546508634207,215.88380970079857,216.6479949951172,3072161.0
2023-12-13T00:00:00,216.64799442342684,217.66692542149076,214.8224334716797,214.8224334716797,4930559.0
2023-12-14T00:00:00,216.77536849778795,219.19529724121094,216.64799564418934,219.19529724121094,4198227.0
2023-12-15T00:00:00,219.91703334530652,222.76152525254136,219.8745886845607,221.615234375,5298272.0
2023-12-18T00:00:00,221.31804897288956,222.37942464023746,220.21422864384445,220.384033203125,2561103.0
2023-12-19T00:00:00,220.38402776728552,221.53031864224604,219.91703285016777,220.51141357421875,2368684.0
2023-12-20T00:00:00,220.89349872905072,222.5492551352834,219.66231850229352,221.99734497070312,2920512.0
2023-12-21T00:00:00,221.44539346901794,221.6152239289787,219.40755751193916,220.46893310546875,2007782.0
2023-12-22T00:00:00,220.17174268805414,221.7425837484856,220.00193814063647,220.55384826660156,1608410.0
2023-12-27T00:00:00,220.93596968607793,223.1436103482243,220.76613921399348,222.37942504882812,2151781.0
2023-12-28T00:00:00,222.46433521148782,222.84644080871783,221.40295956639483,222.0822296142578,1740901.0
2023-12-29T00:00:00,222.03979476842207,222.80398008417055,221.57279982893482,222.20962524414062,1950418.0
2024-01-02T00:00:00,222.42189005256688,224.8842763611698,220.51141389567803,220.97840881347656,3149576.0
2024-01-03T00:00:00,220.97841030654305,221.19068543652054,215.50171454437356,216.90272521972656,3598078.0
2024-01-04T00:00:00,216.4357083816904,216.52062361266402,210.61937783486204,212.40248107910156,5208497.0
2024-01-05T00:00:00,211.38357265124947,212.6572234360004,210.2797393798828,210.2797393798828,1777789.0
2024-01-08T00:00:00,210.74674768951257,212.95441423675697,210.23729514831865,212.27513122558594,3640623.0
2024-01-09T00:00:00,213.12422628437318,213.20914151718387,209.00608366171878,210.70428466796875,2479703.0
2024-01-10T00:00:00,211.34110990163927,212.48740076257693,209.94009925493364,210.87411499023438,1853314.0
2024-01-11T00:00:00,212.27512278831713,213.59123114085378,208.92117843951078,209.77027893066406,2756734.0
2024-01-12T00:00:00,210.57691510629925,212.65720865218913,209.64289941324915,212.19020080566406,2605473.0
2024-01-15T00:00:00,213.97332671473754,214.52523685908292,206.92578994994747,210.78919982910156,3422547.0
2024-01-16T00:00:00,209.94011193187424,211.08640286202908,208.53910120057054,210.32220458984375,2376447.0
2024-01-17T00:00:00,208.28435564146656,209.98255664472967,207.5626150325816,209.43063354492188,2472581.0
2024-01-18T00:00:00,209.51553610640997,211.34109689201253,208.32680065851685,209.9825439453125,2428259.0
2024-01-19T00:00:00,210.57691381221392,211.51092949952408,207.94469720706334,208.36924743652344,2669349.0
2024-01-22T00:00:00,209.26082068625666,210.661844318831,207.52016202798018,208.53909301757812,3710984.0
2024-01-23T00:00:00,209.77027893066406,210.9165568199738,207.77488759395575,209.77027893066406,3024903.0
2024-01-24T00:00:00,211.80812327197668,213.08177405888725,210.15237984024213,212.36004638671875,2552169.0
2024-01-25T00:00:00,212.06286900869068,213.081787109375,209.89765994708236,213.081787109375,3656843.0
2024-01-26T00:00:00,202.76520395247283,215.9262618297717,200.8122701923342,215.1620635986328,9320555.0
2024-01-29T00:00:00,215.3743476231864,215.4592628600139,209.8127494296292,209.85519409179688,5904982.0
2024-01-30T00:00:00,210.91656747969495,211.93549848557188,209.64291667859476,211.46849060058594,4785622.0
2024-01-31T00:00:00,211.42601557043756,213.29403400029284,211.29865568331476,212.19020080566406,4663224.0
2024-02-01T00:00:00,212.19020667034852,216.39326444899652,211.6382965359024,215.03469848632812,3566787.0
2024-02-02T00:00:00,217.36973085595667,219.28020700605785,216.81782070620346,218.51602172851562,3079512.0
2024-02-05T00:00:00,219.4075712137171,219.49248644900035,214.73751831054688,214.73751831054688,2394147.0
2024-02-06T00:00:00,216.60554596987075,219.06793227417523,215.58661498964554,218.89810180664062,4037276.0
2024-02-07T00:00:00,219.06793728261232,220.42650331647573,218.09147685319206,220.0868682861328,2656694.0
2024-02-08T00:00:00,220.42648372644095,222.54923486804287,220.3840131561152,221.53030395507812,2273808.0
2024-02-09T00:00:00,222.03977961517046,224.6295257619381,220.34157862384984,221.23312377929688,3038379.0
2024-02-12T00:00:00,222.46434533652703,223.56816569266545,221.99735039642826,223.4832763671875,2011150.0
2024-02-13T00:00:00,223.73800187892775,224.62954711914062,223.14362111045705,224.62954711914062,2589919.0
2024-02-14T00:00:00,224.12009733923153,226.3277380077339,223.90782220476075,225.73338317871094,2396912.0
2024-02-15T00:00:00,227.00704489354678,230.19117206361008,226.83721441281276,228.62033081054688,3035780.0
2024-02-16T00:00:00,229.72413603573762,230.44587666248142,228.32312535587698,229.25714111328125,3118134.0
2024-02-19T00:00:00,228.83260613012894,230.23361690352903,228.6203309852958,229.97889709472656,1778723.0
2024-02-20T00:00:00,229.46942215244266,232.9507395674111,229.2995916785448,232.65354919433594,2519462.0
2024-02-21T00:00:00,232.73844449572215,234.5215606689453,231.3798785583859,234.5215606689453,2491658.0
2024-02-22T00:00:00,236.09238185904115,237.87549807793735,235.3281965973687,236.30465698242188,3004067.0
2024-02-23T00:00:00,237.06887384816957,239.48878958281495,236.8565987196925,238.4274139404297,2625224.0
2024-02-26T00:00:00,238.42741876894377,239.95581527242567,237.32359844350557,238.17269897460938,2253278.0
2024-02-27T00:00:00,238.17268385037133,240.55015482149307,237.66321838156236,238.89442443847656,2655582.0
2024-02-28T00:00:00,238.89442049798475,243.0974522432283,238.89442049798475,242.5880126953125,2416571.0
2024-02-29T00:00:00,242.84276811019126,243.2673184040902,240.80493188197508,242.07858276367188,3960848.0
2024-03-01T00:00:00,244.96551013874,250.9941292622612,244.92306547598332,246.19671630859375,4529340.0
2024-03-04T00:00:00,246.23915068249931,247.17316643655192,244.83814000766614,245.77215576171875,2037980.0
2024-03-05T00:00:00,246.66370193950144,249.76291366605366,246.4089821475898,248.7864532470703,3225755.0
2024-03-06T00:00:00,248.44679820344362,250.18744377041278,247.64014240656167,249.93272399902344,2408935.0
2024-03-07T00:00:00,248.78645351046927,252.0130251363934,248.23454335241533,250.14501953125,1987322.0
2024-03-08T00:00:00,250.48465037505898,253.37158692569702,249.635549865313,253.03195190429688,2409770.0
2024-03-11T00:00:00,252.0555011989428,253.4140672493082,250.5695752497133,251.63095092773438,2056873.0
2024-03-12T00:00:00,252.69230806732432,257.8293556070769,251.50357257764912,256.9802551269531,4423798.0
2024-03-13T00:00:00,256.85291074002095,258.6784716999723,255.36698481012,258.3388366699219,2609873.0
2024-03-14T00:00:00,258.3388063256107,260.5889172869514,257.65953634529643,259.060546875,3019222.0
2024-03-15T00:00:00,258.8482978139977,264.32498060166176,258.80582724064897,261.3955993652344,5926881.0
2024-03-18T00:00:00,262.41450918501795,263.0513345843466,258.9756623936401,259.61248779296875,2951188.0
2024-03-19T00:00:00,259.5700481143027,260.7587837000379,257.19255103034,259.9945983886719,4363161.0
2024-03-20T00:00:00,259.9946038910344,261.73524968778895,258.3812920842946,260.5889587402344,3121634.0
2024-03-21T00:00:00,262.3720759810974,265.13165283203125,262.0324409357887,265.13165283203125,3749917.0
2024-03-22T00:00:00,265.13164303552946,268.6129604244191,264.6646481045469,267.4242248535156,2847501.0
2024-03-25T00:00:00,267.5091295210451,269.0375261248652,265.5986532006401,267.3393249511719,2584962.0
2024-03-26T00:00:00,267.5515906186657,270.77816236936985,267.21195557845886,270.01397705078125,3423456.0
2024-03-27T00:00:00,270.26869155866154,272.64618861852324,269.2073158834979,269.9715270996094,4056798.0
2024-03-28T00:00:00,270.0165274615593,271.2316073286366,261.1059875488281,261.1059875488281,6086699.0
2024-04-02T00:00:00,261.9160148717881,265.87625152755226,259.9358828101561,263.17608642578125,4711601.0
2024-04-03T00:00:00,261.0159615631324,261.0159615631324,255.16560380395873,258.8558349609375,4375661.0
2024-04-04T00:00:00,259.57585194014115,262.2760168926409,259.03581345614157,261.4659729003906,2346966.0
2024-04-05T00:00:00,259.3058621589705,261.73599428311053,257.6857466087106,261.5559997558594,2702154.0
2024-04-08T00:00:00,264.25618040358415,266.1463015895612,263.3561253119285,264.34619140625,2699464.0
2024-04-09T00:00:00,264.6161967508372,265.78625738212264,261.55601493497414,262.00604248046875,2991085.0
2024-04-10T00:00:00,263.62611404555264,264.16615255961744,258.315794836832,262.2760314941406,2182384.0
2024-04-11T00:00:00,258.3157963297814,258.7658238495197,250.12528997704442,254.715576171875,4883259.0
2024-04-12T00:00:00,257.14573500099726,259.7558891142197,254.80558641181514,255.97564697265625,3340538.0
2024-04-15T00:00:00,255.975647306206,261.46598853134526,255.88563630890866,258.3157958984375,2814699.0
2024-04-16T00:00:00,256.15568515507385,256.15568515507385,252.55546478035043,254.26556396484375,4054978.0
2024-04-17T00:00:00,262.1860066449786,263.6261001172327,254.71556124218932,259.30584716796875,4797897.0
2024-04-18T00:00:00,264.5261837159096,265.8762663420209,257.3257430433159,263.0860900878906,4049958.0
2024-04-19T00:00:00,247.51512237417597,253.63548532224712,247.51512237417597,252.19541931152344,11952420.0
2024-04-22T00:00:00,253.2754984595842,254.71559210633592,250.9353497170504,254.35557556152344,3657773.0
2024-04-23T00:00:00,255.25563065730552,257.41575739368227,252.28543236072355,254.35557556152344,5794591.0
2024-04-24T00:00:00,255.07557865307794,256.24566662048795,252.73543018575643,254.445556640625,3563861.0
2024-04-25T00:00:00,253.8155224006838,255.2556159645423,247.69515908866026,249.40525817871094,3455729.0
2024-04-26T00:00:00,251.38537565977376,254.17555193238255,250.48532056973878,253.18548583984375,2883612.0
2024-04-29T00:00:00,253.54550033877808,257.0557092878483,253.54550033877808,256.0656433105469,2616132.0
2024-04-30T00:00:00,256.5156855939906,257.32572963394534,254.71557551964685,255.07559204101562,1746439.0
2024-05-02T00:00:00,252.9154512422579,253.0054622344203,248.77519281027284,249.7652587890625,3981479.0
2024-05-03T00:00:00,247.5151371121626,247.78514263837582,242.29482884370614,244.3649444580078,5955017.0
2024-05-06T00:00:00,245.62503203967515,248.7752248992065,244.54498239690838,247.24514770507812,2525634.0
2024-05-07T00:00:00,248.32516651815698,249.94528198242188,244.8149575468308,249.94528198242188,2901931.0
2024-05-08T00:00:00,250.12529062616238,251.92540070978714,249.31524658203125,249.31524658203125,2000400.0
2024-05-10T00:00:00,252.28543236072355,256.15568575308765,250.48532216915936,254.35557556152344,3290108.0
2024-05-13T00:00:00,254.35555964958436,254.985581696718,253.36549361266012,254.715576171875,2134243.0
2024-05-14T00:00:00,254.7155608593578,256.1556543294475,254.1755223746369,255.61561584472656,2204068.0
2024-05-15T00:00:00,256.5156700693395,258.94582950962723,254.98556561175113,258.22576904296875,2904537.0
2024-05-16T00:00:00,258.85584958833806,259.66589367649755,255.2556292254057,255.525634765625,2483410.0
2024-05-17T00:00:00,254.715562063538,256.4256610503235,253.63548508899004,255.79563903808594,2264780.0
2024-05-20T00:00:00,256.33566318125,258.6758117675781,255.61563013968748,258.6758117675781,1944781.0
2024-05-21T00:00:00,258.31581275692594,258.49583476326944,254.89561437641333,256.2456970214844,2215533.0
2024-05-22T00:00:00,256.5156695415731,258.13575752009956,255.16558707030165,256.7856750488281,2273581.0
2024-05-23T00:00:00,257.2357183207976,259.7558889022837,256.60569627605105,257.7757568359375,2496784.0
2024-05-24T00:00:00,257.4157403150109,258.3157953510774,255.07559172773807,257.7757568359375,1609181.0
2024-05-27T00:00:00,258.4057917118255,258.4057917118255,256.51567074964424,256.9656982421875,1371352.0
2024-05-28T00:00:00,257.59574777251254,258.49580275778686,254.53553884858118,256.0656433105469,2217942.0
2024-05-29T00:00:00,255.43560811808774,259.575866775377,253.36549252319304,253.635498046875,2140456.0
2024-05-30T00:00:00,253.81552167463593,255.88563728285456,253.0954886285164,255.255615234375,1795962.0
2024-05-31T00:00:00,255.88563684491004,255.97564784239594,252.9154662003754,253.81552124023438,16500827.0
2024-06-03T00:00:00,256.42567623513884,260.2959294002059,255.7056431878008,256.6957092285156,3030906.0
2024-06-04T00:00:00,256.60571397286293,256.60571397286293,249.04525664199764,250.75535583496094,2958827.0
2024-06-05T00:00:00,253.09550218819234,258.1357887160641,252.55546364091995,257.32574462890625,3006324.0
2024-06-07T00:00:00,257.9557660631493,257.9557660631493,245.44500717452016,247.6951446533203,5455027.0
2024-06-10T00:00:00,245.80502201097116,246.4350440202643,243.64489553946925,245.1749725341797,3462313.0
2024-06-11T00:00:00,246.25505080551687,248.05516078586788,242.65483084481488,244.00491333007812,2815815.0
2024-06-12T00:00:00,244.8149722953616,248.05517595159435,244.63495029932082,246.70509338378906,2855099.0
2024-06-13T00:00:00,246.5250570805937,246.5250570805937,241.84478759765625,241.84478759765625,5249990.0
2024-06-14T00:00:00,242.2948303735343,242.65484689992508,235.90443402697184,237.2545166015625,4486521.0
2024-06-17T00:00:00,238.51457341348453,239.6846339187022,236.98446893666272,237.79454040527344,2769785.0
2024-06-18T00:00:00,239.8646705742059,241.3947751446062,236.80448890090557,238.60459899902344,2798872.0
2024-06-19T00:00:00,238.24458127725578,240.0446913663397,237.3445262327138,238.42457580566406,1986998.0
2024-06-20T00:00:00,238.784591994564,242.56483416333023,238.784591994564,241.12474060058594,4118337.0
2024-06-24T00:00:00,238.33456350705274,244.27493226211143,238.06455798216368,244.18492126464844,2465314.0
2024-06-25T00:00:00,243.01486355325824,243.46489107835686,240.9447479248047,240.9447479248047,1991965.0
2024-06-26T00:00:00,241.57478273178697,243.28488192393505,240.0447055461815,241.48477172851562,2719631.0
2024-06-27T00:00:00,241.39475958717264,242.6548310811459,239.95466610798957,240.40469360351562,2097349.0
2024-06-28T00:00:00,242.56481985229763,245.35499581534137,241.84478684715663,244.00491333007812,3004837.0
2024-07-01T00:00:00,246.4350745286353,247.78515717389993,244.90499734450313,246.07505798339844,2015109.0
2024-07-02T00:00:00,244.54496702680095,244.90498355176217,239.14463674988227,239.8646697998047,2827335.0
2024-07-03T00:00:00,240.76471071118974,242.02478220832805,238.06454573125117,240.4947052001953,3038087.0
2024-07-04T00:00:00,241.8447869935483,244.27491898799403,241.39475949818814,241.75477600097656,1533077.0
2024-07-05T00:00:00,242.1148068107813,244.90498294039068,239.23461968328124,239.774658203125,1786401.0
2024-07-08T00:00:00,240.31469732288124,241.124741370919,237.7945541806526,239.8646697998047,2772579.0
2024-07-09T00:00:00,239.68464942031673,239.86467141776174,236.35446220758723,236.89450073242188,1863898.0
2024-07-10T00:00:00,237.3445260650782,239.774658203125,236.35446002328132,239.774658203125,1849846.0
2024-07-11T00:00:00,241.21476779077983,242.6548614501953,239.77467413136432,242.6548614501953,2396118.0
2024-07-12T00:00:00,242.65485919882,248.3251953125,242.38482618971514,248.3251953125,2740091.0
2024-07-15T00:00:00,246.70509409835753,246.79510509663862,244.81497300445545,245.89505004882812,2009251.0
2024-07-16T00:00:00,244.8149715361275,248.14518618005278,244.0049274914565,247.9651641845703,2059086.0
2024-07-17T00:00:00,243.73488095579768,245.08496344440255,237.97453449791666,244.0949249267578,4628296.0
2024-07-18T00:00:00,248.4151916327435,263.2660998281792,244.54496593850874,258.4958190917969,7284469.0
2024-07-19T00:00:00,258.49580230488914,260.8359232885037,253.0954724027048,253.2754669189453,2992961.0
2024-07-22T00:00:00,254.8056006992877,259.84591468149307,254.71558969706055,257.6857604980469,2771376.0
2024-07-23T00:00:00,257.8657851925153,259.935900927828,250.57533341608521,253.0054931640625,3387608.0
2024-07-24T00:00:00,249.49526992458465,250.48530850192412,243.1048735997107,243.55490112304688,5150628.0
2024-07-25T00:00:00,241.21475132179827,243.3748779296875,239.68464676298086,243.3748779296875,2078694.0
2024-07-26T00:00:00,243.37486256334503,246.075027519597,243.28485157130365,245.1749725341797,1574295.0
2024-07-29T00:00:00,245.98501782796515,247.42511130574565,243.19486933241987,244.00491333007812,1639639.0
2024-07-30T00:00:00,244.72496141040511,247.60514854338717,244.18492288953348,245.80503845214844,2496087.0
2024-07-31T00:00:00,247.51515103466096,249.04525568260317,245.44503530391717,245.98504638671875,2481811.0
2024-08-01T00:00:00,241.84480068042384,243.28486677307612,237.79455299296419,239.6846466064453,3551987.0
2024-08-02T00:00:00,237.61453299990967,237.70454399833395,231.94419717668467,233.5642852783203,4113298.0
2024-08-05T00:00:00,219.9734349058709,227.17387485347714,219.34339915720523,226.63385009765625,5611547.0
2024-08-06T00:00:00,228.88400257062142,229.96406588674455,223.21365299378726,225.1937713623047,3104037.0
2024-08-07T00:00:00,226.90388464269262,230.68409938958865,226.36384611670735,228.70399475097656,2182590.0
2024-08-08T00:00:00,226.9938654218324,230.9541156126837,225.46377468766795,230.7740936279297,2191837.0
2024-08-09T00:00:00,230.95413154158814,233.11425817012787,229.69404623014816,230.41409301757812,1663717.0
2024-08-12T00:00:00,231.67414896399723,232.48419296160768,229.6040334737152,230.14405822753906,1332604.0
2024-08-13T00:00:00,231.22412169782865,232.03416569624096,229.60403370100403,231.3141326904297,1197718.0
2024-08-14T00:00:00,232.3942241058178,234.28431773038278,232.3942241058178,233.47427368164062,1286300.0
2024-08-15T00:00:00,234.2843184569629,238.33456618073484,233.56428540418133,237.2545166015625,1755964.0
2024-08-16T00:00:00,237.6145318154416,239.5046529029281,235.7244107279551,237.97454833984375,1995657.0
2024-08-19T00:00:00,237.97454959523375,238.87460464473727,237.16450554418063,237.7045440673828,1808769.0
2024-08-20T00:00:00,238.51457341348453,238.9646009104911,236.8944854112603,237.79454040527344,2391546.0
2024-08-21T00:00:00,237.6145337872011,239.14463836298248,235.81442368275262,236.89450073242188,1816367.0
2024-08-22T00:00:00,237.0744938913025,238.96461498354242,236.71447736599495,238.06455993652344,1647882.0
2024-08-23T00:00:00,238.42457606267783,241.84480171612424,238.33456506462656,241.21475219726562,1745228.0
2024-08-26T00:00:00,240.7647094158265,242.56481939276728,239.86465442735613,241.66476440429688,1322140.0
2024-08-27T00:00:00,241.6647811573338,242.20481968135306,239.1446380019111,239.59466552734375,1632865.0
2024-08-28T00:00:00,240.04469299316406,241.5747700987549,238.96461594539377,240.04469299316406,1502985.0
2024-08-29T00:00:00,240.31471209977244,243.554915958663,240.13469009247223,242.56484985351562,1670739.0
2024-08-30T00:00:00,247.15510570724587,247.15510570724587,243.9149022502739,245.35499572753906,4259831.0
2024-09-02T00:00:00,245.35501199719016,246.07504504981938,240.94474774796066,242.29483032226562,2129499.0
2024-09-03T00:00:00,242.11480686756852,244.45495547577366,238.60459768901086,239.3246307373047,2312983.0
2024-09-04T00:00:00,234.91435181259095,237.61451677595406,233.65428032318783,234.8243408203125,2510863.0
2024-09-05T00:00:00,234.19433443278805,235.63440053531846,231.58415282007618,231.67416381835938,1949026.0
2024-09-06T00:00:00,231.13412591998517,233.2042690160853,228.79399102955708,229.2440185546875,2120947.0
2024-09-09T00:00:00,229.6940457506992,231.2241365872002,227.80393838810977,229.4240264892578,1757206.0
2024-09-10T00:00:00,229.15402201851728,229.15402201851728,223.84368896484375,223.84368896484375,2922670.0
2024-09-11T00:00:00,224.11369257453205,227.7139125355687,223.66366507940248,224.92373657226562,1846046.0
2024-09-12T00:00:00,228.2539668689031,230.5941154995327,225.37377971312816,226.81387329101562,1712604.0
2024-09-13T00:00:00,227.26390078361786,230.05407694020394,227.26390078361786,229.3340301513672,1463299.0
2024-09-16T00:00:00,228.88400268554688,229.9640660022123,227.62391737131202,228.88400268554688,1193922.0
2024-09-17T00:00:00,229.5140380270562,235.90443438327037,229.33402976358892,234.55435180664062,2732451.0
2024-09-18T00:00:00,234.46432549446115,235.4543914794922,232.7542265025886,235.4543914794922,2146312.0
2024-09-19T00:00:00,237.16450364101922,239.23461925126526,234.01431099303605,238.33456420898438,4393297.0
2024-09-20T00:00:00,237.52452176412385,237.7945547591268,232.3042134707366,235.36439514160156,5124474.0
2024-09-23T00:00:00,235.18437183654737,236.5344544015505,232.39422317620762,236.0844268798828,1998099.0
2024-09-24T00:00:00,237.70454323938452,241.12474142858423,237.3445267143372,239.41464233398438,2159350.0
2024-09-25T00:00:00,239.41464347071468,241.3047645705625,238.15457189331624,240.04469299316406,1898128.0
2024-09-26T00:00:00,242.4748226144761,246.16505377702845,240.94474552488126,245.62501525878906,2625298.0
2024-09-27T00:00:00,245.62500063241416,247.24511609065834,242.56481916795084,245.26498413085938,3175890.0
2024-09-30T00:00:00,243.914933961648,244.5449835234575,240.67473008341722,241.39479064941406,3140151.0
2024-10-01T00:00:00,242.11480686756852,244.45495547577366,236.2644490808057,239.3246307373047,3881452.0
2024-10-02T00:00:00,239.77465957579994,241.48475867551187,236.9844834302172,238.60459899902344,1886217.0
2024-10-03T00:00:00,241.66477868509227,245.62501537488615,238.06455851846147,239.6846466064453,3146647.0
2024-10-04T00:00:00,239.59464743881017,246.7950873021253,239.14461994735296,246.43504333496094,3085331.0
2024-10-07T00:00:00,246.61508189889537,247.06510942060868,244.36494429032882,245.71502685546875,1920726.0
2024-10-08T00:00:00,243.19488519528488,244.72496229788644,242.38481367728963,243.64491271972656,1931625.0
2024-10-09T00:00:00,243.1048577377466,245.35499520761192,239.59464877825644,243.91490173339844,2415185.0
2024-10-10T00:00:00,243.91491661573784,245.08497718445906,241.30476248493662,242.02479553222656,1913164.0
2024-10-11T00:00:00,241.21475345286373,241.84480297500193,237.1645057269761,240.9447479248047,2235792.0
2024-10-14T00:00:00,240.76473906167394,242.47483825683594,240.674728058244,242.47483825683594,1758541.0
2024-10-15T00:00:00,242.11479259301493,243.014847584067,239.59464960506844,240.40469360351562,2024597.0
2024-10-16T00:00:00,238.60459811520528,242.11480730003288,238.60459811520528,240.7647247314453,2048778.0
2024-10-17T00:00:00,240.8547360175272,241.57476906796813,238.33456540598343,238.51458740234375,2918772.0
2024-10-18T00:00:00,232.03417792516123,248.6851961364684,231.314144881402,246.8850860595703,8540393.0
2024-10-21T00:00:00,245.71504287770102,246.43507597239315,241.84481692560246,244.90499877929688,2773628.0
2024-10-22T00:00:00,245.17497205945196,248.6851810022831,240.85471912481336,242.83482360839844,2912210.0
2024-10-23T00:00:00,241.75480491505198,246.1650694035531,241.57478290837773,243.82492065429688,3353840.0
2024-10-24T00:00:00,243.82490495955858,246.3450755532685,242.294827871324,242.3848114013672,1970567.0
2024-10-25T00:00:00,242.2048332211189,249.58526857029622,241.9348002102637,249.4952850341797,3004334.0
2024-10-28T00:00:00,250.57533180864533,252.8254695358557,248.59522708920113,251.8354034423828,2620307.0
2024-10-29T00:00:00,252.01542544756026,255.2556292682435,251.20538135926486,251.8354034423828,2780118.0
2024-10-30T00:00:00,251.11534187656937,251.655380363352,247.24511641170767,249.8552703857422,2108418.0
2024-10-31T00:00:00,247.96516526696098,250.57531940785,246.79510469371766,249.0452423095703,2647634.0
2024-11-01T00:00:00,250.21528581005856,250.6653133025227,247.42510986328125,247.42510986328125,1158076.0
2024-11-04T00:00:00,247.78512696909974,249.67524793556638,246.61506647283383,247.51512145996094,1916196.0
2024-11-05T00:00:00,247.51512004858293,250.93531799316406,245.98501559219238,250.93531799316406,2460688.0
2024-11-06T00:00:00,251.56538341928643,257.6857466979435,250.5753173828125,250.5753173828125,3283114.0
2024-11-07T00:00:00,250.5753323288566,263.53612017099545,250.5753323288566,262.54608154296875,4221281.0
2024-11-08T00:00:00,261.55600052417094,261.55600052417094,254.3555601929756,255.255615234375,3359665.0
2024-11-11T00:00:00,257.05572471369675,257.50575223333993,254.17553760098025,255.1656036376953,2238510.0
2024-11-12T00:00:00,252.4654392283746,254.6255658352243,248.86521906112506,249.31524658203125,2762377.0
2024-11-13T00:00:00,248.59519973547995,248.95521623871954,243.7348808055007,246.34506225585938,2826908.0
2024-11-14T00:00:00,246.97508417960515,249.31523265105702,244.8149576934567,247.6951446533203,1936720.0
2024-11-15T00:00:00,245.44500672002408,248.59519918451102,244.00491324275893,245.35499572753906,3431172.0
2024-11-18T00:00:00,245.6250019333442,246.97508442194905,242.2048039492113,244.0949249267578,2502288.0
2024-11-19T00:00:00,244.27493525068024,244.81497377456537,235.99444526527603,240.04469299316406,3395572.0
2024-11-20T00:00:00,241.48475752089,241.66477951684118,237.97454833984375,237.97454833984375,1825665.0
2024-11-21T00:00:00,237.97456276035606,242.65486026369587,235.90444701897604,242.47483825683594,2735782.0
2024-11-22T00:00:00,243.01486189194148,244.72496098212548,239.23461971995565,244.3649444580078,2379183.0
2024-11-25T00:00:00,245.2649855219728,246.70507900385837,242.74484252929688,242.74484252929688,8932594.0
2024-11-26T00:00:00,240.6747143315325,241.84480237438322,237.34452713457335,240.854736328125,2606764.0
2024-11-27T00:00:00,241.7548051643999,242.92486580648392,238.78460685622207,242.47483825683594,2623608.0
2024-11-28T00:00:00,243.9149010480951,246.2550495036798,243.55488454742783,245.1749725341797,1839182.0
2024-11-29T00:00:00,244.5449670528124,245.1749891046865,242.6548459621898,244.4549560546875,2572668.0
2024-12-02T00:00:00,243.1048735102193,251.11535792915467,240.9447468925008,249.0452423095703,2881185.0
2024-12-03T00:00:00,249.49525319812585,253.3654786523525,249.49525319812585,251.11534118652344,2522631.0
2024-12-04T00:00:00,254.71557595771657,259.1258401539438,253.63549892425274,256.51568603515625,3044442.0
2024-12-05T00:00:00,256.3356638278955,258.675812420127,255.16560326552974,258.3157958984375,2011586.0
2024-12-06T00:00:00,258.4958166925955,259.4858552557689,256.96571214814605,258.1357727050781,1674034.0
2024-12-09T00:00:00,259.21583496636123,260.6559284318962,257.8657524925781,259.1258239746094,2319960.0
2024-12-10T00:00:00,257.6857613300099,260.0259100579643,256.4256896972656,256.4256896972656,2403042.0
2024-12-11T00:00:00,255.79563782879964,257.95576430018497,254.7155608593578,255.61561584472656,1873029.0
2024-12-12T00:00:00,255.88563673619458,257.5957632852001,254.26554865213672,254.715576171875,2142559.0
2024-12-13T00:00:00,254.35555931735587,256.4256749184481,251.29537768063253,252.37542724609375,2786083.0
2024-12-16T00:00:00,251.38534630346598,251.9253847879226,246.4350438863605,247.42510986328125,2635785.0
2024-12-17T00:00:00,246.79510480779405,249.49526994806533,246.07504428988824,248.1451873779297,1884602.0
2024-12-18T00:00:00,248.1451867792086,250.12529139679648,247.15512073666454,248.05517578125,1989492.0
2024-12-19T00:00:00,244.81495616900023,246.70507713292233,242.6548296963028,242.92483520507812,3338258.0
2024-12-20T00:00:00,241.21475345286373,241.66478097796235,236.98448372993653,240.9447479248047,5105675.0
2024-12-23T00:00:00,241.03473163472796,241.48475916016062,237.974549955286,239.59466552734375,1881639.0
2024-12-27T00:00:00,240.31468132041059,242.3847968017144,239.5946483184349,241.5747528076172,1787730.0
2024-12-30T00:00:00,240.94473200282798,242.7448419842686,240.04467701210766,241.75477600097656,1774074.0
2025-01-02T00:00:00,242.1147906084581,243.8248895839401,239.41462565743439,242.83482360839844,2580692.0
2025-01-03T00:00:00,242.65483159782826,243.91490309448457,240.5846886335014,241.84478759765625,1699576.0
2025-01-07T00:00:00,246.97511239415667,256.605712890625,246.0750572998139,256.605712890625,4350974.0
2025-01-08T00:00:00,255.16558895540837,258.315781411648,253.63548448966407,255.70562744140625,2724772.0
2025-01-09T00:00:00,258.04578982725735,259.21585038714386,256.1556687580178,257.7757568359375,2358340.0
2025-01-10T00:00:00,256.51568791449307,256.60569891252453,250.66533011995202,251.29537963867188,3768237.0
2025-01-13T00:00:00,250.75534019793534,251.92540076555042,247.96516407419932,248.86521911621094,2165680.0
2025-01-14T00:00:00,252.0154264490597,252.73545953762778,249.67527770996094,249.67527770996094,2366370.0
2025-01-15T00:00:00,250.035278339353,256.06565807540466,249.40525629383262,255.07559204101562,2653085.0
2025-01-16T00:00:00,256.5156875700893,257.23572061837376,253.0954893894882,253.99554443359375,3095218.0
2025-01-17T00:00:00,254.71557564205594,260.8359389107662,254.53555364753507,259.2158508300781,3241224.0
2025-01-20T00:00:00,260.0258801703466,260.74594064022284,257.685731711371,259.30584716796875,2108567.0
2025-01-21T00:00:00,258.49583343571373,261.2859822471965,258.0458058896679,260.2059326171875,2499060.0
2025-01-22T00:00:00,260.2059334558957,262.4560711933775,257.9557957184139,258.94586181640625,3346385.0
2025-01-23T00:00:00,259.57586703656875,261.916015625,257.95577895784703,261.916015625,1998155.0
2025-01-24T00:00:00,262.7260430241451,266.326262942167,262.6360320326949,263.9861145019531,2504079.0
2025-01-27T00:00:00,261.8260045233725,263.80613658990876,260.20591644529725,262.8160705566406,2866350.0
2025-01-28T00:00:00,262.8160716428781,264.5261707251366,258.8558349609375,258.8558349609375,3827932.0
2025-01-29T00:00:00,264.61620666685974,279.28709421274925,262.81609641742534,278.8370666503906,10152646.0
2025-01-30T00:00:00,279.9171279694734,282.2572766550014,277.5769792839455,281.98724365234375,4648783.0
2025-01-31T00:00:00,282.70730765213875,282.7973186541263,275.86688351360294,276.0469055175781,3703729.0
2025-02-03T00:00:00,268.576400915291,277.48693973629213,267.6763459340283,276.76690673828125,4750796.0
2025-02-04T00:00:00,277.2169654676369,278.6570590934366,274.15678368000096,276.40692138671875,2593941.0
2025-02-05T00:00:00,274.60679686426516,275.9568794177104,273.526719834509,274.6968078613281,2412954.0
2025-02-06T00:00:00,276.13687224290186,279.7370923632395,274.42677317924137,279.0170593261719,2918686.0
2025-02-07T00:00:00,279.46710257133395,281.53721827004705,278.56704749058895,280.00714111328125,1739064.0
2025-02-10T00:00:00,280.72717337368726,281.98724498956204,280.72717337368726,281.2672119140625,2052174.0
2025-02-11T00:00:00,281.3572231427131,283.6973718412292,280.7271736005161,283.60736083984375,2227582.0
2025-02-12T00:00:00,285.3174738698055,286.667556553732,283.7873691743544,284.7774353027344,2316269.0
2025-02-13T00:00:00,287.11756805560555,292.9679260253906,286.84756252092353,292.9679260253906,5061550.0
2025-02-14T00:00:00,292.9678960402067,295.0380115075622,291.3478080629283,294.4079895019531,3005937.0
2025-02-17T00:00:00,294.407989310243,298.36822572684326,293.77793983754606,298.0082092285156,3223352.0
2025-02-18T00:00:00,298.2782289519812,302.7785040643149,297.468184925261,302.4184875488281,4598951.0
2025-02-19T00:00:00,301.8784484644018,302.2384649792,294.58799730286677,295.9380798339844,3971430.0
2025-02-20T00:00:00,295.9380669702761,298.54824839097813,294.6779954895051,296.7481384277344,2409023.0
2025-02-21T00:00:00,297.0181740964086,297.4682016329183,293.68795933923633,295.3080749511719,4073182.0
2025-02-24T00:00:00,298.7282872017641,300.79843044695093,294.94807219892675,296.4781494140625,3487826.0
2025-02-25T00:00:00,295.8480963273977,302.4184869923143,295.1280358302497,301.8784484863281,4014591.0
2025-02-26T00:00:00,308.5388642008259,309.1689137310919,303.8585943599241,308.0888366699219,5222393.0
2025-02-27T00:00:00,307.5488278706454,309.9789600749147,303.4085690623522,305.20867919921875,4662587.0
2025-02-28T00:00:00,301.51843280047626,302.5985098154181,299.71832275390625,299.71832275390625,11125356.0
2025-03-03T00:00:00,300.6183767741509,307.45880042179306,299.8983437449251,303.6785583496094,4161140.0
2025-03-04T00:00:00,299.44833565125464,300.25837972853236,287.2975920895852,287.74761962890625,4953190.0
2025-03-05T00:00:00,291.52783345851105,296.2981418391218,290.3577728473713,294.0480041503906,5249216.0
2025-03-06T00:00:00,295.6680894798439,301.5184474147571,292.8779132789236,300.52838134765625,3778300.0
2025-03-07T00:00:00,297.46817002875514,300.9783789470926,294.1379556253977,300.1683349609375,4316158.0
2025-03-10T00:00:00,298.63823074343384,298.99827470866853,293.2379008748907,295.6680603027344,3834469.0
2025-03-11T00:00:00,294.58801717283336,294.58801717283336,281.0871909510262,282.3472900390625,5947199.0
2025-03-12T00:00:00,284.14739990234375,287.6576092228119,281.62722919642977,284.14739990234375,3658434.0
2025-03-13T00:00:00,274.51678308741054,279.5570967294006,270.01650795483005,277.9369812011719,8697117.0
2025-03-14T00:00:00,279.0170582976025,283.15731691422815,278.65704178039584,282.977294921875,3363232.0
2025-03-17T00:00:00,283.87733447952706,287.1175378928202,282.61726300421805,286.1274719238281,3118836.0
2025-03-18T00:00:00,287.2975748695309,291.07778949274865,285.4074538241722,289.2776794433594,3743575.0
2025-03-19T00:00:00,288.7376258657178,289.63768084343826,284.59739494220224,286.1274719238281,3560777.0
2025-03-20T00:00:00,281.3572217234974,283.5173484083465,276.4069188147802,281.0871887207031,5305563.0
2025-03-21T00:00:00,278.29701051328027,280.27711498672,275.9568620742168,278.0269775390625,4482944.0
2025-03-24T00:00:00,280.54718047927753,281.267213558988,277.5769822235938,278.7470703125,2503566.0
2025-03-25T00:00:00,276.3169092740414,279.46710205078125,273.1667164973015,279.46710205078125,3506907.0
2025-03-26T00:00:00,280.99720682091225,281.17720135632055,277.12695349836855,278.5670471191406,2855260.0
2025-03-27T00:00:00,272.7166750492128,277.4869557379912,271.8166200160471,275.9568786621094,3271550.0
2025-03-28T00:00:00,273.97676191457657,274.8768169980459,270.0165250408116,271.3666076660156,3236181.0
2025-03-31T00:00:00,269.0264459284921,269.7465064409011,262.5460661218113,263.8961486816406,5075169.0
2025-04-01T00:00:00,263.8961316580431,264.7061756481858,260.83592274584004,262.7260437011719,4531896.0
2025-04-02T00:00:00,261.10595692259676,262.90606689453125,257.05570948574416,262.90606689453125,5859567.0
2025-04-03T00:00:00,253.4891009094821,258.966322427276,244.64870972389414,245.8018035888672,10256262.0
2025-04-04T00:00:00,242.53469548425682,244.2643436719975,229.85063321146595,235.52003479003906,9234244.0
2025-04-07T00:00:00,214.47600743410965,239.26759221003607,212.16981963920765,224.8538818359375,12533136.0
2025-04-08T00:00:00,229.75455408913822,232.5411989554689,222.93205850276357,227.54444885253906,6823075.0
2025-04-09T00:00:00,219.56885329199403,225.3343374046941,217.45484538314756,220.4336700439453,7494794.0
2025-04-10T00:00:00,249.83765029907227,249.83765029907227,230.61936950683594,230.61936950683594,7040028.0
2025-04-11T00:00:00,231.96463729181391,233.598202846769,224.85387944773663,232.25291442871094,4756749.0
2025-04-14T00:00:00,239.4597767907845,239.5558740601217,235.61612061545125,238.78713989257812,4161229.0
2025-04-15T00:00:00,241.6698775066627,246.76271011387368,240.51678360809385,246.090087890625,4099412.0
2025-04-16T00:00:00,242.15032517316706,243.20733642578125,239.55586033593133,243.20733642578125,4753055.0
2025-04-17T00:00:00,243.11124452604585,244.26433840555026,240.6128622351328,241.5737762451172,1654740.0
2025-04-22T00:00:00,240.22849793924343,241.5737716627496,237.63403309397637,241.381591796875,6046875.0
2025-04-23T00:00:00,238.1144891891135,248.49236319330808,234.7512902306864,241.95814514160156,7324429.0
2025-04-24T00:00:00,240.70896505784307,249.3571913473464,239.45977388354902,248.68453979492188,4668895.0
2025-04-25T00:00:00,252.81647903559212,254.7383070338486,251.18291350716692,253.29693603515625,5309226.0
2025-04-28T00:00:00,253.58521181071833,258.4858793283662,253.58521181071833,256.3718566894531,2847958.0
2025-04-29T00:00:00,257.4288576068549,258.0054118782404,252.14383054789653,254.06565856933594,4437063.0
2025-04-30T00:00:00,255.50703360812645,255.60313087566504,250.51029826857626,252.33602905273438,3538682.0
2025-05-02T00:00:00,256.66014849917923,258.00542230359224,251.37512122666615,256.3718566894531,4157330.0
2025-05-05T00:00:00,255.6031346520339,255.6992319209923,251.85557576081135,254.3539581298828,2855357.0
2025-05-06T00:00:00,254.06566064581006,254.16175791262108,245.22525460741312,249.1649932861328,4302796.0
2025-05-07T00:00:00,249.26108962336454,251.18291765334385,247.1470963852484,249.74154663085938,2895124.0
2025-05-08T00:00:00,250.99075923641942,254.83441540037825,250.6063701602081,252.5281982421875,2485628.0
2025-05-09T00:00:00,253.68130399324693,256.5640460840793,252.62429269498793,254.2578582763672,1890759.0
2025-05-12T00:00:00,257.8132252646573,268.6715715141539,257.3327682445407,265.02008056640625,4597997.0
2025-05-13T00:00:00,265.21226832881524,268.86372985850744,264.0591597800869,268.4793701171875,5610527.0
2025-05-14T00:00:00,267.99891616910963,269.7285790119499,264.15526006248984,267.3262939453125,2977826.0
2025-05-15T00:00:00,265.30836091694164,267.5184513841354,263.290435654635,267.0379943847656,2827218.0
2025-05-16T00:00:00,266.84584070266476,269.2481258032477,263.0982524859399,265.02008056640625,2921073.0
2025-05-19T00:00:00,263.963106296265,265.3083801269531,262.42563792200565,265.3083801269531,2557675.0
2025-05-20T00:00:00,265.6927119231355,267.13408287389393,262.80997002161865,265.4044494628906,1914037.0
2025-05-21T00:00:00,264.92400792628007,265.69272741493296,260.4077002873303,263.5787048339844,3272869.0
2025-05-22T00:00:00,262.233414590534,262.233414590534,256.1796683546307,257.9093017578125,3584967.0
2025-05-23T00:00:00,258.48586794295403,261.17641543327073,248.97282513640118,254.6422119140625,3226078.0
2025-05-26T00:00:00,258.4858776132367,260.59990023812264,258.1015178609219,260.0233459472656,1891330.0
2025-05-27T00:00:00,259.5428939382708,262.5217333945883,257.6210658148105,257.7171630859375,4509129.0
2025-05-28T00:00:00,257.7171395599496,258.77412147154905,255.8913795495128,256.7562255859375,2678780.0
2025-05-30T00:00:00,255.60313156955732,257.0445026122428,254.06566325907235,255.5070343017578,5666490.0
2025-06-02T00:00:00,252.33602667260743,254.7383117145691,246.7627077803952,248.49237060546875,4397282.0
2025-06-03T00:00:00,248.87673339318417,250.51029897161845,246.5705455896297,249.26109313964844,3552453.0
2025-06-04T00:00:00,249.8376495191726,251.85557486101206,248.97283275117545,250.6063690185547,3061356.0
2025-06-05T00:00:00,252.52819074534537,254.25785356263967,249.64544870795663,252.8164825439453,2692266.0
2025-06-09T00:00:00,252.81648465910212,255.02657517634987,252.52819285809022,254.16175842285156,2722976.0
2025-06-10T00:00:00,255.50704517829772,259.06243896484375,254.35396588992592,259.06243896484375,5133635.0
2025-06-11T00:00:00,258.87023340135727,259.35069041558575,254.54612027330083,255.5070343017578,3032220.0
2025-06-12T00:00:00,253.39304103401383,255.98749131598632,251.95166999132834,255.5070343017578,4912938.0
2025-06-13T00:00:00,250.22200761929432,254.35395554434874,250.02984240810022,254.2578582763672,5902605.0
2025-06-16T00:00:00,253.10473983330408,256.7562306007289,252.3360203689872,252.62428283691406,2407257.0
2025-06-17T00:00:00,250.7985621620913,254.25785853962566,250.5102996826172,250.5102996826172,2278675.0
2025-06-18T00:00:00,250.70246466950346,251.18292168470938,247.14710035184092,248.0119171142578,3347222.0
2025-06-19T00:00:00,245.22525599566373,249.0689267541005,245.22525599566373,247.33926391601562,4828904.0
2025-06-23T00:00:00,247.33926485283442,248.78063589431338,244.4565227698765,246.76271057128906,2429603.0
2025-06-24T00:00:00,253.20083753601358,255.60312252212378,250.51029008147734,251.37510681152344,3490440.0
2025-06-25T00:00:00,252.52818661923826,253.10474088224925,247.7236166354265,248.3001708984375,3598265.0
2025-06-26T00:00:00,248.39627944999336,248.8767364702061,245.9939943489296,248.10801696777344,1777742.0
2025-06-27T00:00:00,251.2790177536092,258.87023269268417,250.8946580082324,258.58197021484375,4248838.0
2025-06-30T00:00:00,259.44679126746496,260.0233455574577,254.35395857619653,255.02658081054688,3581268.0
2025-07-01T00:00:00,255.02657986741295,256.0835911743623,251.37511825224533,255.60313415527344,2293428.0
2025-07-02T00:00:00,257.33275047107344,261.94515514048464,254.35394061190655,260.5037841796875,2991675.0
2025-07-03T00:00:00,261.36862674098785,261.46472401283194,256.27579390572225,256.5640563964844,2820913.0
2025-07-04T00:00:00,254.64221162661602,255.98748537025583,251.08681807399748,252.14382934570312,3162113.0
2025-07-07T00:00:00,252.1438335847652,252.91258239746094,249.64545126184927,252.91258239746094,2576887.0
2025-07-08T00:00:00,252.91257106679066,256.852294921875,250.79854858254805,256.852294921875,3912511.0
2025-07-09T00:00:00,257.1405987027805,262.42562583509755,255.69922766669401,259.8311462402344,2838819.0
2025-07-10T00:00:00,260.7920628037835,266.1731872558594,260.11944057525466,266.1731872558594,2864179.0
2025-07-11T00:00:00,265.1161736159657,266.07708764090563,261.752974528676,262.32952880859375,2074672.0
2025-07-14T00:00:00,259.7350560380348,260.5038048730533,258.38978223271454,258.8702392578125,1628111.0
2025-07-15T00:00:00,258.8702186942105,261.94515514048464,258.8702186942105,260.5037841796875,1553139.0
2025-07-16T00:00:00,258.1015171707368,262.23343581541906,257.8132253636945,258.7741394042969,2626171.0
2025-07-17T00:00:00,264.251361995667,267.0380068572129,251.66338215928317,253.77740478515625,5603348.0
2025-07-18T00:00:00,252.72038332335265,255.50702807299112,248.58846483162338,249.64544677734375,3575200.0
2025-07-21T00:00:00,249.6454482550716,255.1226698460813,248.97282604242886,254.06565856933594,2422375.0
2025-07-22T00:00:00,253.68131366407277,258.9663410320743,252.43213710699862,257.813232421875,2099937.0
2025-07-23T00:00:00,263.29042735150125,276.2627659253891,262.3295133830651,275.39794921875,6918646.0
2025-07-24T00:00:00,277.8963340159555,278.5689562053283,273.9565808433506,275.4940490722656,3526256.0
2025-07-25T00:00:00,272.22693616199103,277.70415792713993,270.59339988669296,276.2627868652344,3215468.0
2025-07-28T00:00:00,282.0282546909768,282.41261442015065,272.3230175743065,273.0917663574219,2444821.0
2025-07-29T00:00:00,273.2839449631764,276.5510468085448,269.9207458496094,269.9207458496094,1354955.0
2025-07-30T00:00:00,271.7464794427538,275.59013561209844,270.30510837924965,272.5152282714844,1628495.0
2025-07-31T00:00:00,272.4191360183157,273.0917875902442,269.8246563263286,270.20904541015625,1969745.0
2025-08-01T00:00:00,266.65364858711314,267.71065990592587,260.4077072688564,262.6177978515625,2650836.0
2025-08-04T00:00:00,263.2904407059538,263.7708977145413,259.35068737058253,260.9842529296875,1882724.0
2025-08-05T00:00:00,262.3295262215782,264.44354878550564,260.599892723651,262.2334289550781,1952048.0
2025-08-06T00:00:00,263.4826487347496,267.90282998033933,263.4826487347496,266.55755615234375,2307401.0
2025-08-07T00:00:00,266.36538880503093,274.82142079179357,266.07709699255525,273.95660400390625,3387795.0
2025-08-08T00:00:00,274.9175151382732,278.0885197683862,274.9175151382732,277.6080627441406,1863930.0
2025-08-11T00:00:00,278.95331290006885,279.3377019466961,276.0705709989668,276.6471252441406,2221089.0
2025-08-12T00:00:00,277.7041606961793,279.4337942578048,275.78233259447563,278.8572692871094,1968965.0
2025-08-13T00:00:00,279.6259862063916,280.2986377656618,277.992420605175,278.76116943359375,1911630.0
2025-08-14T00:00:00,278.3767956787271,282.1243543888525,278.0885038857833,280.6829833984375,2207228.0
2025-08-15T00:00:00,282.79698134283126,284.71880936235374,281.1634451210981,282.1243591308594,2024855.0
2025-08-18T00:00:00,281.3556190488041,282.5087276261656,277.511962890625,277.511962890625,1881944.0
2025-08-19T00:00:00,278.8572482425706,285.8719085545053,278.8572482425706,285.487548828125,2568769.0
2025-08-20T00:00:00,283.85399944109065,286.0641193115239,282.9891826764729,284.9110107421875,1708542.0
2025-08-21T00:00:00,284.14228441631167,285.48755816502376,281.5478048600489,282.1243591308594,2780559.0
2025-08-22T00:00:00,282.22045396013186,288.2742004394531,281.8360648997314,288.2742004394531,3099014.0
2025-08-25T00:00:00,288.0820060580992,288.0820060580992,284.5266418457031,284.5266418457031,1580179.0
2025-08-26T00:00:00,283.4696232483221,285.19925667721844,281.54779529409615,282.9891662597656,2842928.0
2025-08-27T00:00:00,284.04620401515155,284.7188262670592,279.43379889958265,280.29864501953125,2735019.0
2025-08-28T00:00:00,281.1634443849252,283.18136966509394,280.1064331120017,280.8751525878906,2128970.0
2025-08-29T00:00:00,279.62597397392904,280.7790825037288,277.31978623909765,279.5298767089844,2182994.0
2025-09-01T00:00:00,279.91424136479714,280.9712526482341,276.8393341058888,277.22369384765625,1655586.0
2025-09-02T00:00:00,276.8393216540528,277.4158759031557,267.90280410487577,267.9989013671875,3251102.0
2025-09-03T00:00:00,266.8458362164677,268.76766426462444,264.34745388891025,266.07708740234375,2669735.0
2025-09-04T00:00:00,266.1731898401467,268.1911151948634,264.5396242375738,266.269287109375,2241800.0
2025-09-05T00:00:00,267.2301959611453,270.88165752273557,264.8279109009494,266.07708740234375,1969875.0
2025-09-08T00:00:00,265.02007186442864,265.11616913025046,259.73504481668084,263.38653564453125,4018120.0
2025-09-09T00:00:00,263.38653564453125,265.5966261345912,260.79205609118407,263.38653564453125,2009915.0
2025-09-10T00:00:00,263.86699050231374,265.02006970849015,261.08034576476064,262.041259765625,2467379.0
2025-09-11T00:00:00,262.4256358857175,265.1161835262165,259.15853394374875,263.9631042480469,2336948.0
2025-09-12T00:00:00,264.34743784315833,265.2122545473812,261.94515292877986,262.90606689453125,1730453.0
2025-09-15T00:00:00,263.6747973760849,265.8849171847009,261.46470689223713,262.1373291015625,1710991.0
2025-09-16T00:00:00,263.0982529816772,267.23020095732704,263.0021850372883,263.7709045410156,2309348.0
2025-09-17T00:00:00,264.0591482487863,265.8849082586711,263.3865260620415,264.2513427734375,2323142.0
2025-09-18T00:00:00,265.0200604162081,267.80673438082135,265.0200604162081,265.4044494628906,2009438.0
2025-09-19T00:00:00,265.6927229426038,267.7106482223114,264.34744919772146,264.6357116699219,4057698.0
2025-09-22T00:00:00,264.2513516446268,264.3474489101785,261.17641509558206,262.1373291015625,2072196.0
2025-09-23T00:00:00,262.6177866705325,268.5754652503583,262.521718729542,267.13409423828125,2260410.0
2025-09-24T00:00:00,265.98097845071226,266.17317297699253,260.88814607672737,261.84906005859375,2582872.0
2025-09-25T00:00:00,262.3295408098885,262.80999784433885,256.5640563964844,256.5640563964844,2841796.0
2025-09-26T00:00:00,262.2334408257022,266.4614568201798,259.6389904613674,265.2122802734375,4339835.0
2025-09-29T00:00:00,265.21225863665006,265.30835589966034,257.62104405511974,259.3506774902344,3618942.0
2025-09-30T00:00:00,260.0233504420426,260.599904742866,256.7562485037368,258.9663391113281,3164747.0
2025-10-01T00:00:00,258.48586335358794,260.31159406994226,257.42885209945615,259.44677734375,3005303.0
2025-10-02T00:00:00,260.5037975546041,264.2513563801322,260.5037975546041,263.5787048339844,3338328.0
2025-10-03T00:00:00,265.88492666243155,269.3441937474556,263.194349754917,265.02008056640625,2541041.0
2025-10-06T00:00:00,264.92401123046875,266.36538228324656,262.71389135468127,264.92401123046875,2513154.0
2025-10-07T00:00:00,264.2513690744424,264.2513690744424,256.0835994848687,259.06243896484375,4305835.0
2025-10-08T00:00:00,255.79533444395452,260.0233504420426,255.21878014313117,258.9663391113281,4370593.0
2025-10-09T00:00:00,259.44679146382344,260.59990004468153,257.2367008960764,257.52496337890625,2782688.0
2025-10-10T00:00:00,258.29368999059756,259.8311583657927,256.5640563964844,256.5640563964844,2741679.0
2025-10-13T00:00:00,257.5249556134079,259.4467836403736,250.7985575190278,255.3148651123047,3507053.0
2025-10-14T00:00:00,253.39303238205923,255.31486037335353,252.14382659285718,253.8734893798828,3123809.0
2025-10-15T00:00:00,256.0835881259469,256.6601424069441,253.48910852384404,254.83441162109375,3409174.0
2025-10-16T00:00:00,254.834420900747,257.7171630859375,254.25786659875493,257.7171630859375,3555755.0
2025-10-17T00:00:00,240.99723419614511,247.24316053541116,235.3278327972169,237.73011779785156,16454887.0
2025-10-20T00:00:00,240.22850141514988,246.37834518642407,239.45976727814457,245.89788818359375,4597145.0
2025-10-21T00:00:00,245.70570603965595,249.4532794244595,244.36043230914225,248.3001708984375,4115975.0
2025-10-22T00:00:00,248.10800445520192,249.93373517498134,245.60962221114005,246.3783416748047,3484069.0
2025-10-23T00:00:00,246.3783489631637,249.74154803453035,245.70571208136724,247.9158172607422,2156651.0
2025-10-24T00:00:00,248.87672895845205,250.8946542473932,248.30017468664482,250.31809997558594,2158601.0
2025-10-27T00:00:00,251.66337279670273,252.23992706637955,249.9337393124406,250.8946533203125,2085260.0
2025-10-28T00:00:00,250.22200787837406,250.70246489401023,248.97283136762758,250.5102996826172,1677919.0
2025-10-29T00:00:00,250.51029055796695,253.77739228033752,249.26108476795284,252.0477294921875,1852489.0
2025-10-30T00:00:00,252.04773912803444,252.72039068104752,250.60636807852276,251.18292236328125,1758877.0
2025-10-31T00:00:00,251.1829214254021,251.7594757080078,249.74155038127228,251.7594757080078,1365368.0
2025-11-03T00:00:00,250.22201026184797,252.91258716990095,248.10801696777344,248.10801696777344,2360198.0
2025-11-04T00:00:00,245.60962296351244,250.4141929380539,245.0330687016139,247.62754821777344,2572236.0
2025-11-05T00:00:00,246.85879798727976,254.54610990171287,245.99398126185957,253.20083618164062,2936358.0
2025-11-06T00:00:00,254.2578549693236,255.41093419579744,250.89465590709648,250.99075317382812,2733164.0
2025-11-07T00:00:00,251.75947006244357,254.3539496136051,248.01191129669675,250.8946533203125,2512494.0
2025-11-10T00:00:00,253.29694776334597,255.5070383337656,253.20085049403002,253.77740478515625,1953103.0
2025-11-11T00:00:00,254.45002160240023,258.19760975253246,254.06566185809066,257.332763671875,2381404.0
2025-11-12T00:00:00,258.4858560004621,259.6389644857613,256.8522905337494,257.9093017578125,2667611.0
2025-11-13T00:00:00,257.90931655364346,259.254590313824,257.2366943359375,257.2366943359375,2274151.0
2025-11-14T00:00:00,255.6992279014622,256.0835876464844,251.9516690691503,256.0835876464844,2463954.0
2025-11-17T00:00:00,255.50703312619683,256.27578194028683,253.585205078125,253.585205078125,2580651.0
2025-11-18T00:00:00,249.9337367335891,251.37510773052472,245.51352647803296,250.79855346679688,4163550.0
2025-11-19T00:00:00,250.70246277703674,259.06242650842114,250.70246277703674,257.332763671875,4174980.0
2025-11-20T00:00:00,258.1976009903805,259.3506801841785,254.06565323615985,255.69921875,2557765.0
2025-11-21T00:00:00,252.14384090644143,259.0624337977595,250.5103046159702,258.8702392578125,2858381.0
2025-11-24T00:00:00,260.69595882536225,266.5575401432726,260.69595882536225,263.38653564453125,5601908.0
2025-11-25T00:00:00,266.3653706727271,271.93866010396124,264.34744542184313,270.6894836425781,4523054.0
2025-11-26T00:00:00,271.55429993621846,274.052682179747,271.0738429403387,271.93865966796875,3329049.0
2025-11-27T00:00:00,271.9386643877348,275.1096688856703,271.36211011771877,273.3800354003906,1979976.0
2025-11-28T00:00:00,273.3800254457045,273.7643851701299,270.5933807876613,271.7464599609375,3774348.0
2025-12-01T00:00:00,270.5933833669716,272.8995710602739,269.24810965627586,271.8425598144531,1985990.0
2025-12-02T00:00:00,272.7074005749822,272.8995951183539,270.4973099500585,271.5543212890625,1734037.0
2025-12-03T00:00:00,269.72858112678057,271.7464771387623,266.9419069678169,268.67156982421875,2581408.0
2025-12-04T00:00:00,270.97775273843695,278.08851059782523,269.72857624650055,277.22369384765625,3228454.0
2025-12-05T00:00:00,282.3165336844353,286.06412190638804,281.1634544294085,285.0071105957031,3484316.0
2025-12-08T00:00:00,283.9500901618215,285.7758209171976,282.70091367781896,284.62274169921875,1938222.0
2025-12-09T00:00:00,282.31653117570255,282.8930854604772,277.0315039940114,278.6650695800781,3865407.0
2025-12-10T00:00:00,277.5119610105288,278.8572641165927,276.9354360505232,278.6650695800781,1833714.0
2025-12-11T00:00:00,280.01033175843645,286.1601754500707,277.9924065077275,284.4305419921875,2446342.0
2025-12-12T00:00:00,285.5836597028412,288.1781099731445,284.33445387660436,284.8149108886719,2234877.0
2025-12-15T00:00:00,284.430554214496,285.5836627858138,282.60482341388376,283.6618347167969,2756908.0
2025-12-16T00:00:00,282.50871151440765,285.19925894178067,280.2986210794061,280.5868835449219,2588429.0
2025-12-17T00:00:00,281.1634396341454,282.50871335660423,279.1455143880732,279.43377685546875,1663326.0
2025-12-18T00:00:00,278.6650508106284,283.46962065219094,278.6650508106284,282.89306640625,2671576.0
2025-12-19T00:00:00,282.2204707051356,284.3344640389271,281.54781913429247,282.700927734375,4335808.0
2025-12-22T00:00:00,282.700924464014,284.14229553505805,280.87516431420926,281.3556213378906,1631500.0
2025-12-23T00:00:00,281.45169766727594,281.83605739267034,280.2986184910927,280.49078369140625,1354086.0
2025-12-29T00:00:00,281.25954635448,284.43055090151506,280.8751572853386,282.3165283203125,1997249.0
2025-12-30T00:00:00,282.02825444090587,285.3914533865385,281.83605991410553,284.3344421386719,2316483.0
